timestamp_ms,height
16916.773,0
16920.761,100
16926.323,200
16930.188,300
16934.127,400
16938.331,500
16941.879,600
16945.513,700
16949.307,800
16952.965,900
16956.811,1000
16961.037,1100
16964.857,1200
16968.454,1300
16972.284,1400
16975.964,1500
16980.247,1600
16984.048,1700
16988.052,1800
16991.682,1900
16995.691,2000
16999.650,2100
17003.514,2200
17007.109,2300
17010.516,2400
17014.285,2500
17017.970,2600
17022.068,2700
17025.840,2800
17030.061,2900
17033.954,3000
17037.693,3100
17041.596,3200
17045.174,3300
17049.015,3400
17052.808,3500
17056.701,3600
17060.343,3700
17064.201,3800
17068.128,3900
17072.195,4000
17075.960,4100
17079.698,4200
17083.337,4300
17087.288,4400
17091.352,4500
17095.243,4600
17098.956,4700
17102.406,4800
17106.181,4900
17109.937,5000
17113.773,5100
17117.250,5200
17121.267,5300
17124.787,5400
17128.812,5500
17132.673,5600
17136.657,5700
17140.365,5800
17144.266,5900
17148.068,6000
17151.841,6100
17155.769,6200
17159.535,6300
17163.724,6400
17167.624,6500
17171.419,6600
17175.221,6700
17179.109,6800
17182.804,6900
17186.590,7000
17190.260,7100
17194.029,7200
17197.741,7300
17201.576,7400
17205.381,7500
17208.979,7600
17212.985,7700
17216.628,7800
17220.547,7900
17224.245,8000
17228.135,8100
17232.228,8200
17235.700,8300
17239.518,8400
17243.453,8500
17247.134,8600
17250.664,8700
17254.528,8800
17258.141,8900
17262.109,9000
17265.993,9100
17269.638,9200
17273.187,9300
17276.631,9400
17280.441,9500
17283.766,9600
17287.235,9700
17291.155,9800
17295.032,9900
17298.178,10000
17301.243,10100
17304.569,10200
17308.163,10300
17311.895,10400
17315.636,10500
17319.499,10600
17323.445,10700
17327.413,10800
17331.273,10900
17335.194,11000
17338.942,11100
17342.375,11200
17345.830,11300
17349.113,11400
17353.062,11500
17356.994,11600
17360.869,11700
17364.687,11800
17368.364,11900
17372.106,12000
17375.625,12100
17379.314,12200
17383.062,12300
17386.967,12400
17390.647,12500
17394.935,12600
17398.641,12700
17402.403,12800
17406.173,12900
17409.950,13000
17413.801,13100
17417.441,13200
17421.362,13300
17424.996,13400
17428.839,13500
17432.375,13600
17436.027,13700
17439.846,13800
17443.582,13900
17447.409,14000
17451.042,14100
17454.972,14200
17458.476,14300
17462.337,14400
17465.888,14500
17469.663,14600
17473.448,14700
17477.275,14800
17481.106,14900
17484.767,15000
17488.532,15100
17491.990,15200
17495.581,15300
17499.160,15400
17503.030,15500
17506.653,15600
17510.379,15700
17514.292,15800
17517.841,15900
17522.115,16000
17525.743,16100
17529.729,16200
17533.934,16300
17538.548,16400
17541.666,16500
17545.158,16600
17548.718,16700
17552.446,16800
17556.222,16900
17560.120,17000
17563.960,17100
17567.624,17200
17571.436,17300
17575.032,17400
17578.887,17500
17582.485,17600
17586.258,17700
17589.978,17800
17593.753,17900
17597.654,18000
17601.467,18100
17605.257,18200
17609.092,18300
17613.009,18400
17616.771,18500
17620.800,18600
17624.513,18700
17628.392,18800
17632.133,18900
17635.795,19000
17639.454,19100
17642.891,19200
17646.785,19300
17650.359,19400
17654.024,19500
17657.958,19600
17661.806,19700
17665.615,19800
17669.769,19900
17673.541,20000
17677.422,20100
17681.265,20200
17685.125,20300
17689.023,20400
17692.435,20500
17696.392,20600
17699.883,20700
17703.774,20800
17707.455,20900
17711.080,21000
17714.988,21100
17718.836,21200
17722.707,21300
17726.664,21400
17730.544,21500
17734.333,21600
17737.837,21700
17741.778,21800
17745.306,21900
17748.854,22000
17752.229,22100
17755.912,22200
17759.149,22300
17762.811,22400
17766.541,22500
17770.403,22600
17774.058,22700
17777.944,22800
17781.679,22900
17784.698,23000
17787.886,23100
17791.105,23200
17794.704,23300
17798.487,23400
17802.141,23500
17806.045,23600
17809.629,23700
17812.986,23800
17816.605,23900
17820.688,24000
17824.267,24100
17827.787,24200
17831.571,24300
17834.860,24400
17838.823,24500
17841.983,24600
17845.916,24700
17849.441,24800
17853.273,24900
17857.054,25000
17861.201,25100
17864.739,25200
17868.167,25300
17872.233,25400
17875.475,25500
17879.396,25600
17882.915,25700
17886.791,25800
17890.447,25900
17894.079,26000
17897.810,26100
17901.441,26200
17905.197,26300
17908.384,26400
17912.123,26500
17915.645,26600
17919.545,26700
17923.252,26800
17927.109,26900
17931.079,27000
17934.739,27100
17938.625,27200
17941.797,27300
17945.441,27400
17948.854,27500
17952.642,27600
17956.537,27700
17959.919,27800
17963.900,27900
17967.137,28000
17970.984,28100
17974.568,28200
17978.255,28300
17981.719,28400
17985.250,28500
17989.182,28600
17992.937,28700
17996.915,28800
18000.266,28900
18004.034,29000
18007.830,29100
18012.075,29200
18015.755,29300
18019.524,29400
18023.318,29500
18026.772,29600
18030.785,29700
18033.821,29800
18037.999,29900
18041.535,30000
18045.295,30100
18048.998,30200
18052.848,30300
18056.557,30400
18060.497,30500
18064.308,30600
18067.406,30700
18071.307,30800
18074.424,30900
18078.240,31000
18081.973,31100
18085.596,31200
18089.430,31300
18092.966,31400
18097.108,31500
18100.616,31600
18104.655,31700
18108.168,31800
18112.128,31900
18115.558,32000
18119.214,32100
18122.990,32200
18126.560,32300
18130.471,32400
18133.648,32500
18138.054,32600
18141.700,32700
18146.696,32800
18150.149,32900
18154.161,33000
18157.698,33100
18161.585,33200
18165.284,33300
18169.035,33400
18173.014,33500
18176.496,33600
18180.475,33700
18183.584,33800
18187.296,33900
18190.885,34000
18194.581,34100
18198.269,34200
18201.874,34300
18205.853,34400
18209.525,34500
18213.668,34600
18217.278,34700
18221.005,34800
18224.469,34900
18228.694,35000
18232.389,35100
18236.000,35200
18239.588,35300
18243.115,35400
18247.026,35500
18250.552,35600
18255.182,35700
18258.720,35800
18262.368,35900
18265.721,36000
18269.479,36100
18273.163,36200
18277.141,36300
18281.060,36400
18284.784,36500
18289.069,36600
18292.766,36700
18296.743,36800
18300.475,36900
18304.622,37000
18308.249,37100
18312.412,37200
18316.221,37300
18320.142,37400
18323.867,37500
18327.982,37600
18332.062,37700
18335.899,37800
18339.694,37900
18343.292,38000
18347.204,38100
18350.894,38200
18355.156,38300
18359.280,38400
18363.447,38500
18367.358,38600
18371.549,38700
18374.930,38800
18378.793,38900
18383.016,39000
18387.213,39100
18391.183,39200
18395.172,39300
18399.512,39400
18403.935,39500
18407.745,39600
18411.601,39700
18415.580,39800
18419.729,39900
18423.551,40000
18427.559,40100
18431.458,40200
18435.610,40300
18439.621,40400
18443.606,40500
18447.526,40600
18451.484,40700
18455.324,40800
18459.158,40900
18463.388,41000
18467.384,41100
18471.289,41200
18475.177,41300
18479.276,41400
18483.127,41500
18486.941,41600
18490.636,41700
18494.903,41800
18498.941,41900
18502.653,42000
18506.626,42100
18510.611,42200
18514.543,42300
18518.777,42400
18522.586,42500
18526.463,42600
18530.371,42700
18534.074,42800
18538.222,42900
18541.897,43000
18546.244,43100
18549.862,43200
18553.934,43300
18557.854,43400
18562.051,43500
18565.893,43600
18570.171,43700
18574.426,43800
18578.554,43900
18582.298,44000
18586.407,44100
18590.062,44200
18594.383,44300
18598.210,44400
18602.599,44500
18606.618,44600
18610.707,44700
18615.159,44800
18619.303,44900
18622.957,45000
18625.749,45100
18628.272,45200
18631.290,45300
18634.730,45400
18638.563,45500
18642.036,45600
18645.774,45700
18649.808,45800
18654.620,45900
18658.958,46000
18663.234,46100
18667.261,46200
18671.765,46300
18676.006,46400
18680.420,46500
18684.586,46600
18688.946,46700
18692.933,46800
18697.272,46900
18701.012,47000
18705.823,47100
18710.487,47200
18714.703,47300
18717.721,47400
18721.856,47500
18725.630,47600
18730.144,47700
18734.047,47800
18738.272,47900
18741.801,48000
18745.648,48100
18749.492,48200
18753.577,48300
18757.565,48400
18761.845,48500
18765.821,48600
18770.172,48700
18774.166,48800
18778.416,48900
18782.605,49000
18787.597,49100
18792.070,49200
18796.765,49300
18800.688,49400
18804.781,49500
18809.074,49600
18813.383,49700
18817.759,49800
18822.864,49900
18827.597,50000
18831.907,50100
18836.087,50200
18840.673,50300
18845.390,50400
18849.863,50500
18854.074,50600
18858.672,50700
18863.709,50800
18868.437,50900
18872.747,51000
18877.897,51100
18882.483,51200
18887.376,51300
18891.604,51400
18896.036,51500
18900.423,51600
18905.594,51700
18914.814,51800
18919.474,51900
18923.880,52000
18928.515,52100
18933.218,52200
18937.424,52300
18941.762,52400
18946.284,52500
18951.194,52600
18956.018,52700
18960.638,52800
18965.118,52900
18970.146,53000
18975.269,53100
18980.409,53200
18985.631,53300
18990.211,53400
18994.725,53500
18999.909,53600
19004.576,53700
19008.965,53800
19013.628,53900
19017.971,54000
19022.445,54100
19026.702,54200
19031.336,54300
19036.073,54400
19040.876,54500
19045.743,54600
19049.992,54700
19055.410,54800
19059.834,54900
19064.177,55000
19068.627,55100
19073.474,55200
19078.156,55300
19082.665,55400
19087.360,55500
19092.312,55600
19096.883,55700
19101.261,55800
19107.036,55900
19111.793,56000
19116.136,56100
19120.784,56200
19125.995,56300
19130.836,56400
19135.725,56500
19139.876,56600
19144.589,56700
19149.252,56800
19154.511,56900
19158.993,57000
19163.836,57100
19168.544,57200
19173.418,57300
19178.398,57400
19183.601,57500
19188.207,57600
19193.364,57700
19197.840,57800
19202.863,57900
19208.138,58000
19213.284,58100
19217.807,58200
19222.669,58300
19227.092,58400
19231.966,58500
19237.060,58600
19241.868,58700
19247.302,58800
19252.435,58900
19257.586,59000
19262.973,59100
19268.113,59200
19273.446,59300
19279.298,59400
19284.072,59500
19289.271,59600
19294.361,59700
19299.081,59800
19304.597,59900
19310.200,60000
19315.109,60100
19320.215,60200
19325.561,60300
19330.872,60400
19337.122,60500
19342.706,60600
19347.616,60700
19353.408,60800
19358.742,60900
19364.160,61000
19369.519,61100
19374.562,61200
19380.185,61300
19385.419,61400
19389.963,61500
19395.171,61600
19400.630,61700
19405.531,61800
19410.504,61900
19415.721,62000
19421.542,62100
19427.124,62200
19432.296,62300
19437.457,62400
19442.100,62500
19447.930,62600
19453.434,62700
19458.120,62800
19462.969,62900
19468.186,63000
19473.284,63100
19478.901,63200
19484.352,63300
19490.280,63400
19495.684,63500
19500.943,63600
19505.767,63700
19510.943,63800
19515.607,63900
19522.192,64000
19526.873,64100
19531.831,64200
19536.932,64300
19542.381,64400
19548.215,64500
19552.991,64600
19558.063,64700
19563.424,64800
19569.027,64900
19574.234,65000
19579.863,65100
19584.761,65200
19589.421,65300
19594.147,65400
19599.104,65500
19610.143,65600
19618.957,65700
19626.699,65800
19634.210,65900
19642.718,66000
19649.985,66100
19658.027,66200
19664.864,66300
19671.349,66400
19677.683,66500
19684.130,66600
19691.361,66700
19697.823,66800
19705.470,66900
19713.496,67000
19720.272,67100
19726.264,67200
19738.833,67300
19751.175,67400
19757.388,67500
19763.375,67600
19769.829,67700
19776.533,67800
19783.524,67900
19791.317,68000
19798.673,68100
19805.018,68200
19811.585,68300
19817.999,68400
19825.211,68500
19833.635,68600
19839.630,68700
19847.766,68800
19854.061,68900
19861.718,69000
19869.618,69100
19875.929,69200
19884.652,69300
19891.449,69400
19898.991,69500
19906.519,69600
19913.831,69700
19920.535,69800
19927.343,69900
19934.341,70000
19942.108,70100
19950.025,70200
19956.805,70300
19963.146,70400
19969.700,70500
19976.835,70600
19984.784,70700
19991.300,70800
20002.201,70900
20008.260,71000
20014.916,71100
20021.271,71200
20027.526,71300
20033.148,71400
20038.517,71500
20044.340,71600
20049.655,71700
20055.438,71800
20062.369,71900
20068.004,72000
20075.133,72100
20081.556,72200
20086.706,72300
20093.746,72400
20100.176,72500
20107.267,72600
20113.987,72700
20121.081,72800
20127.858,72900
20133.269,73000
20139.623,73100
20145.975,73200
20154.304,73300
20160.393,73400
20166.589,73500
20172.084,73600
20178.846,73700
20184.877,73800
20191.456,73900
20198.600,74000
20204.392,74100
20210.399,74200
20215.421,74300
20221.173,74400
20227.130,74500
20232.782,74600
20239.310,74700
20247.048,74800
20253.762,74900
20261.896,75000
20269.622,75100
20276.517,75200
20282.962,75300
20289.587,75400
20296.238,75500
20302.543,75600
20308.650,75700
20314.599,75800
20320.976,75900
20327.132,76000
20333.011,76100
20339.717,76200
20345.513,76300
20351.665,76400
20357.566,76500
20363.960,76600
20370.132,76700
20376.450,76800
20383.087,76900
20389.095,77000
20395.052,77100
20401.434,77200
20409.109,77300
20415.872,77400
20422.341,77500
20429.469,77600
20436.177,77700
20442.647,77800
20448.449,77900
20453.686,78000
20459.433,78100
20465.736,78200
20472.011,78300
20478.556,78400
20484.909,78500
20490.924,78600
20497.656,78700
20504.341,78800
20511.927,78900
20518.550,79000
20524.891,79100
20531.685,79200
20537.546,79300
20544.721,79400
20552.244,79500
20559.164,79600
20565.551,79700
20572.760,79800
20578.132,79900
20584.677,80000
20590.725,80100
20596.421,80200
20601.761,80300
20608.391,80400
20614.778,80500
20620.710,80600
20626.718,80700
20632.927,80800
20639.645,80900
20646.840,81000
20655.170,81100
20664.556,81200
20673.288,81300
20682.891,81400
20689.744,81500
20697.463,81600
20704.582,81700
20711.915,81800
20718.147,81900
20725.932,82000
20732.888,82100
20739.326,82200
20747.294,82300
20754.888,82400
20761.102,82500
20767.792,82600
20775.447,82700
20786.417,82800
20793.886,82900
20801.241,83000
20808.417,83100
20817.420,83200
20825.366,83300
20833.081,83400
20840.497,83500
20848.303,83600
20855.789,83700
20863.239,83800
20870.733,83900
20877.344,84000
20884.669,84100
20891.597,84200
20899.830,84300
20906.213,84400
20913.584,84500
20920.739,84600
20927.354,84700
20934.439,84800
20941.391,84900
20948.107,85000
20954.580,85100
20960.542,85200
20967.012,85300
20973.126,85400
20978.955,85500
20985.379,85600
20990.915,85700
20997.563,85800
21003.529,85900
21010.049,86000
21018.114,86100
21026.559,86200
21036.837,86300
21044.263,86400
21053.109,86500
21060.313,86600
21067.299,86700
21075.730,86800
21084.768,86900
21092.734,87000
21100.813,87100
21107.085,87200
21115.108,87300
21121.671,87400
21129.309,87500
21136.060,87600
21143.490,87700
21150.305,87800
21158.056,87900
21165.967,88000
21172.725,88100
21180.077,88200
21186.488,88300
21192.935,88400
21199.177,88500
21205.965,88600
21211.591,88700
21216.983,88800
21224.098,88900
21230.718,89000
21236.900,89100
21243.438,89200
21249.305,89300
21255.779,89400
21261.341,89500
21267.615,89600
21273.771,89700
21280.566,89800
21287.796,89900
21293.965,90000
21300.456,90100
21307.133,90200
21313.426,90300
21319.860,90400
21326.738,90500
21333.743,90600
21340.069,90700
21346.968,90800
21353.179,90900
21360.036,91000
21366.445,91100
21372.918,91200
21379.224,91300
21385.699,91400
21391.491,91500
21397.074,91600
21402.638,91700
21408.928,91800
21414.990,91900
21421.199,92000
21439.596,92100
21453.833,92200
21460.588,92300
21466.416,92400
21473.093,92500
21478.349,92600
21484.041,92700
21493.657,92800
21509.625,92900
21526.836,93000
21542.577,93100
21553.330,93200
21560.245,93300
21567.613,93400
21574.797,93500
21582.014,93600
21597.117,93700
21612.564,93800
21622.573,93900
21632.087,94000
21639.851,94100
21647.830,94200
21655.229,94300
21662.526,94400
21669.153,94500
21677.062,94600
21683.999,94700
21691.000,94800
21699.339,94900
21706.889,95000
21713.785,95100
21721.483,95200
21728.261,95300
21735.382,95400
21741.085,95500
21748.060,95600
21754.295,95700
21761.406,95800
21767.210,95900
21774.044,96000
21780.773,96100
21788.325,96200
21795.987,96300
21803.583,96400
21811.039,96500
21817.558,96600
21824.300,96700
21832.015,96800
21839.530,96900
21847.928,97000
21856.455,97100
21864.490,97200
21874.369,97300
21884.281,97400
21892.469,97500
21901.989,97600
21910.995,97700
21918.974,97800
21927.122,97900
21935.522,98000
21943.219,98100
21951.071,98200
21959.937,98300
21967.262,98400
21975.593,98500
21986.041,98600
21993.768,98700
22001.489,98800
22010.686,98900
22019.742,99000
22028.099,99100
22036.724,99200
22045.051,99300
22053.597,99400
22062.904,99500
22071.180,99600
22079.755,99700
22087.866,99800
22096.984,99900
22104.525,100000
22112.932,100100
22120.959,100200
22129.091,100300
22137.562,100400
22144.702,100500
22153.235,100600
22160.782,100700
22169.170,100800
22179.175,100900
22190.593,101000
22200.452,101100
22210.774,101200
22219.951,101300
22228.310,101400
22237.661,101500
22247.076,101600
22257.859,101700
22268.070,101800
22278.672,101900
22289.586,102000
22299.291,102100
22312.094,102200
22321.872,102300
22331.447,102400
22341.819,102500
22352.193,102600
22362.192,102700
22371.460,102800
22381.880,102900
22390.817,103000
22399.855,103100
22408.450,103200
22418.569,103300
22429.284,103400
22438.097,103500
22447.199,103600
22456.432,103700
22465.715,103800
22476.139,103900
22487.991,104000
22499.806,104100
22510.248,104200
22521.549,104300
22532.794,104400
22543.106,104500
22553.348,104600
22562.302,104700
22571.680,104800
22581.618,104900
22591.464,105000
22603.010,105100
22613.880,105200
22625.126,105300
22640.961,105400
22652.740,105500
22663.024,105600
22672.125,105700
22682.627,105800
22692.278,105900
22701.302,106000
22710.132,106100
22718.495,106200
22727.506,106300
22736.508,106400
22744.205,106500
22753.632,106600
22761.298,106700
22770.035,106800
22778.886,106900
22788.029,107000
22797.529,107100
22809.199,107200
22823.762,107300
22837.197,107400
22849.836,107500
22863.655,107600
22875.604,107700
22887.940,107800
22898.794,107900
22910.680,108000
22923.714,108100
22936.561,108200
22948.755,108300
22959.275,108400
22970.068,108500
22981.354,108600
22992.798,108700
23005.188,108800
23017.352,108900
23029.161,109000
23042.815,109100
23055.395,109200
23066.274,109300
23079.705,109400
23091.490,109500
23103.890,109600
23115.504,109700
23127.822,109800
23140.646,109900
23152.317,110000
23164.871,110100
23176.122,110200
23189.453,110300
23201.242,110400
23213.910,110500
23224.518,110600
23236.231,110700
23247.178,110800
23258.591,110900
23273.915,111000
23287.685,111100
23301.433,111200
23315.728,111300
23328.477,111400
23342.759,111500
23356.700,111600
23369.615,111700
23381.581,111800
23393.639,111900
23404.603,112000
23415.544,112100
23426.787,112200
23437.609,112300
23450.113,112400
23461.024,112500
23473.403,112600
23486.939,112700
23498.633,112800
23510.670,112900
23523.821,113000
23536.993,113100
23550.938,113200
23564.728,113300
23578.431,113400
23593.449,113500
23608.320,113600
23622.939,113700
23637.190,113800
23651.295,113900
23665.155,114000
23680.823,114100
23696.301,114200
23710.507,114300
23727.939,114400
23742.094,114500
23755.686,114600
23771.557,114700
23785.980,114800
23799.847,114900
23812.484,115000
23825.975,115100
23841.239,115200
23854.781,115300
23870.004,115400
23882.536,115500
23897.060,115600
23911.453,115700
23923.436,115800
23936.380,115900
23948.753,116000
23961.293,116100
23973.701,116200
23985.210,116300
23998.223,116400
24010.184,116500
24023.926,116600
24037.389,116700
24052.345,116800
24063.603,116900
24077.085,117000
24089.895,117100
24102.972,117200
24116.154,117300
24129.007,117400
24141.972,117500
24154.917,117600
24167.769,117700
24181.287,117800
24194.085,117900
24207.998,118000
24221.877,118100
24234.799,118200
24249.305,118300
24262.781,118400
24276.951,118500
24290.287,118600
24303.235,118700
24316.348,118800
24329.417,118900
24343.632,119000
24359.669,119100
24374.135,119200
24390.076,119300
24403.514,119400
24416.582,119500
24428.978,119600
24442.199,119700
24456.023,119800
24470.631,119900
24495.262,120000
24508.911,120100
24523.253,120200
24535.887,120300
24550.999,120400
24566.320,120500
24581.876,120600
24596.235,120700
24609.965,120800
24623.448,120900
24637.815,121000
24652.981,121100
24673.821,121200
24688.801,121300
24702.094,121400
24716.163,121500
24728.192,121600
24742.482,121700
24756.883,121800
24770.459,121900
24783.563,122000
24798.281,122100
24813.178,122200
24826.996,122300
24840.924,122400
24854.917,122500
24867.974,122600
24881.062,122700
24894.142,122800
24907.683,122900
24921.661,123000
24936.268,123100
24951.131,123200
24964.912,123300
24979.002,123400
24994.280,123500
25010.745,123600
25024.764,123700
25039.868,123800
25053.452,123900
25069.146,124000
25083.701,124100
25099.180,124200
25113.841,124300
25129.563,124400
25144.508,124500
25158.499,124600
25173.564,124700
25187.904,124800
25201.624,124900
25218.195,125000
25238.665,125100
25255.061,125200
25269.052,125300
25285.750,125400
25301.843,125500
25317.179,125600
25332.220,125700
25347.597,125800
25363.762,125900
25378.010,126000
25392.692,126100
25407.058,126200
25422.356,126300
25437.453,126400
25453.159,126500
25468.541,126600
25483.884,126700
25502.711,126800
25517.972,126900
25533.788,127000
25550.621,127100
25567.255,127200
25584.678,127300
25601.113,127400
25617.671,127500
25635.523,127600
25653.271,127700
25671.766,127800
25690.667,127900
25707.461,128000
25725.515,128100
25743.775,128200
25763.059,128300
25783.814,128400
25802.228,128500
25821.103,128600
25840.657,128700
25857.977,128800
25876.664,128900
25894.013,129000
25915.771,129100
25935.037,129200
25956.128,129300
25977.602,129400
26003.607,129500
26024.710,129600
26047.288,129700
26065.572,129800
26087.293,129900
26105.704,130000
26124.971,130100
26143.957,130200
26163.886,130300
26186.777,130400
26209.991,130500
26230.494,130600
26252.027,130700
26273.283,130800
26294.323,130900
26313.161,131000
26336.792,131100
26357.434,131200
26380.889,131300
26403.482,131400
26426.413,131500
26447.556,131600
26470.950,131700
26490.971,131800
26511.519,131900
26531.654,132000
26551.536,132100
26571.459,132200
26588.896,132300
26609.239,132400
26626.312,132500
26645.229,132600
26665.071,132700
26683.734,132800
26704.082,132900
26722.264,133000
26743.666,133100
26766.126,133200
26789.678,133300
26811.215,133400
26836.848,133500
26860.763,133600
26883.229,133700
26905.010,133800
26926.629,133900
26947.994,134000
26974.387,134100
26996.154,134200
27025.362,134300
27048.502,134400
27068.789,134500
27089.459,134600
27111.451,134700
27133.739,134800
27155.644,134900
27180.259,135000
27205.187,135100
27229.972,135200
27252.316,135300
27275.217,135400
27296.527,135500
27320.490,135600
27344.716,135700
27367.228,135800
27391.533,135900
27415.808,136000
27436.622,136100
27458.163,136200
27479.939,136300
27501.253,136400
27522.983,136500
27556.217,136600
27578.388,136700
27600.364,136800
27622.877,136900
27644.056,137000
27668.250,137100
27692.079,137200
27714.750,137300
27737.364,137400
27759.320,137500
27781.991,137600
27804.617,137700
27825.580,137800
27848.690,137900
27871.435,138000
27894.487,138100
27915.599,138200
27934.328,138300
27956.291,138400
27978.220,138500
28000.560,138600
28022.277,138700
28042.178,138800
28061.575,138900
28082.632,139000
28102.716,139100
28133.516,139200
28155.242,139300
28177.466,139400
28199.113,139500
28220.232,139600
28243.026,139700
28265.817,139800
28288.079,139900
28309.499,140000
28335.755,140100
28359.313,140200
28383.318,140300
28402.866,140400
28425.795,140500
28447.159,140600
28467.582,140700
28488.622,140800
28511.650,140900
28534.994,141000
28557.656,141100
28582.077,141200
28603.803,141300
28625.423,141400
28646.516,141500
28668.652,141600
28691.728,141700
28712.820,141800
28733.328,141900
28753.812,142000
28775.693,142100
28796.625,142200
28817.414,142300
28839.363,142400
28862.186,142500
28896.655,142600
28917.766,142700
28940.368,142800
28962.621,142900
28984.569,143000
29006.489,143100
29026.819,143200
29048.432,143300
29068.575,143400
29089.374,143500
29108.338,143600
29128.579,143700
29147.966,143800
29172.557,143900
29193.727,144000
29213.546,144100
29233.976,144200
29265.556,144300
29287.489,144400
29307.683,144500
29329.690,144600
29350.140,144700
29370.311,144800
29388.302,144900
29411.358,145000
29431.925,145100
29452.068,145200
29471.763,145300
29491.549,145400
29509.688,145500
29531.467,145600
29552.261,145700
29570.048,145800
29587.543,145900
29607.131,146000
29630.497,146100
29655.459,146200
29676.565,146300
29697.188,146400
29717.160,146500
29737.204,146600
29759.704,146700
29780.274,146800
29801.194,146900
29821.774,147000
29842.370,147100
29862.354,147200
29881.470,147300
29900.610,147400
29920.339,147500
29940.828,147600
29958.371,147700
29977.061,147800
29995.946,147900
30015.962,148000
30036.290,148100
30054.543,148200
30074.254,148300
30097.320,148400
30116.937,148500
30136.767,148600
30155.558,148700
30175.733,148800
30197.162,148900
30219.829,149000
30241.538,149100
30261.326,149200
30281.146,149300
30299.455,149400
30317.667,149500
30337.877,149600
30358.724,149700
30377.420,149800
30395.424,149900
30415.210,150000
30433.241,150100
30453.495,150200
30474.964,150300
30495.589,150400
30515.813,150500
30534.263,150600
30554.484,150700
30574.087,150800
30594.315,150900
30613.807,151000
30635.275,151100
30653.912,151200
30671.767,151300
30690.238,151400
30709.577,151500
30726.996,151600
30746.804,151700
30766.936,151800
30786.913,151900
30805.307,152000
30828.807,152100
30847.795,152200
30866.186,152300
30885.737,152400
30905.050,152500
30922.396,152600
30950.696,152700
30971.904,152800
30990.963,152900
31008.331,153000
31024.665,153100
31044.165,153200
31063.286,153300
31081.877,153400
31101.186,153500
31121.168,153600
31139.198,153700
31158.842,153800
31177.543,153900
31195.638,154000
31214.061,154100
31232.498,154200
31250.338,154300
31268.755,154400
31287.003,154500
31306.062,154600
31325.310,154700
31344.665,154800
31363.143,154900
31382.269,155000
31402.129,155100
31422.190,155200
31443.304,155300
31462.669,155400
31482.466,155500
31501.645,155600
31519.931,155700
31540.276,155800
31558.492,155900
31576.130,156000
31595.214,156100
31613.390,156200
31631.337,156300
31652.714,156400
31679.043,156500
31697.185,156600
31715.675,156700
31733.861,156800
31753.452,156900
31771.536,157000
31789.429,157100
31809.065,157200
31829.882,157300
31848.478,157400
31865.957,157500
31883.926,157600
31902.447,157700
31921.925,157800
31938.047,157900
31956.019,158000
31974.378,158100
31991.914,158200
32014.111,158300
32034.133,158400
32051.830,158500
32070.563,158600
32090.446,158700
32108.671,158800
32126.848,158900
32145.070,159000
32162.191,159100
32178.557,159200
32196.394,159300
32213.767,159400
32243.044,159500
32259.900,159600
32278.196,159700
32297.090,159800
32314.927,159900
32333.378,160000
32349.564,160100
32368.942,160200
32388.216,160300
32407.032,160400
32425.080,160500
32442.734,160600
32463.504,160700
32484.167,160800
32501.789,160900
32521.410,161000
32538.929,161100
32558.544,161200
32576.655,161300
32595.621,161400
32626.330,161500
32648.220,161600
32670.383,161700
32690.724,161800
32709.759,161900
32730.833,162000
32750.333,162100
32768.607,162200
32788.511,162300
32808.926,162400
32827.519,162500
32845.771,162600
32866.063,162700
32886.467,162800
32906.482,162900
32927.418,163000
32946.145,163100
32964.643,163200
32983.273,163300
33001.045,163400
33018.059,163500
33037.399,163600
33069.120,163700
33090.617,163800
33111.931,163900
33132.380,164000
33152.889,164100
33174.800,164200
33195.147,164300
33213.357,164400
33231.825,164500
33250.022,164600
33270.113,164700
33290.441,164800
33310.002,164900
33330.412,165000
33350.480,165100
33370.339,165200
33390.585,165300
33410.572,165400
33430.339,165500
33449.092,165600
33469.456,165700
33489.392,165800
33509.340,165900
33530.555,166000
33550.633,166100
33572.178,166200
33594.814,166300
33614.737,166400
33633.365,166500
33653.201,166600
33675.168,166700
33699.435,166800
33722.311,166900
33746.100,167000
33769.963,167100
33790.893,167200
33810.589,167300
33828.678,167400
33847.674,167500
33866.471,167600
33885.949,167700
33905.636,167800
33927.041,167900
33946.026,168000
33965.650,168100
33988.019,168200
34007.769,168300
34026.483,168400
34045.498,168500
34063.910,168600
34083.431,168700
34104.402,168800
34124.128,168900
34142.772,169000
34161.196,169100
34181.237,169200
34202.253,169300
34223.934,169400
34244.678,169500
34264.316,169600
34285.692,169700
34306.738,169800
34336.597,169900
34355.840,170000
34373.233,170100
34392.914,170200
34412.120,170300
34429.161,170400
34447.346,170500
34464.915,170600
34483.038,170700
34499.976,170800
34517.884,170900
34535.691,171000
34557.728,171100
34578.506,171200
34599.246,171300
34618.558,171400
34638.503,171500
34657.137,171600
34674.267,171700
34692.351,171800
34710.968,171900
34729.046,172000
34748.497,172100
34767.190,172200
34786.678,172300
34805.084,172400
34824.102,172500
34842.014,172600
34859.092,172700
34876.627,172800
34896.183,172900
34914.720,173000
34933.716,173100
34951.997,173200
34971.317,173300
34990.858,173400
35011.070,173500
35029.599,173600
35047.452,173700
35064.282,173800
35081.918,173900
35100.802,174000
35122.589,174100
35143.717,174200
35163.285,174300
35185.951,174400
35208.401,174500
35230.361,174600
35250.341,174700
35269.804,174800
35289.209,174900
35310.579,175000
35332.400,175100
35354.667,175200
35376.989,175300
35399.157,175400
35421.514,175500
35444.740,175600
35467.344,175700
35490.262,175800
35511.181,175900
35534.938,176000
35564.615,176100
35588.715,176200
35609.746,176300
35631.818,176400
35653.656,176500
35676.081,176600
35696.222,176700
35716.066,176800
35736.298,176900
35758.302,177000
35781.575,177100
35803.618,177200
35826.613,177300
35848.830,177400
35870.849,177500
35890.196,177600
35911.058,177700
35930.735,177800
35950.531,177900
35972.483,178000
35994.085,178100
36016.122,178200
36040.744,178300
36066.235,178400
36091.967,178500
36115.606,178600
36140.062,178700
36163.957,178800
36188.507,178900
36211.162,179000
36238.395,179100
36264.489,179200
36289.344,179300
36317.585,179400
36346.921,179500
36370.641,179600
36398.243,179700
36429.917,179800
36460.647,179900
36487.334,180000
36523.135,180100
36557.059,180200
36591.994,180300
36625.354,180400
36656.874,180500
36690.289,180600
36727.857,180700
36774.461,180800
36813.540,180900
36870.055,181000
36909.833,181100
36947.065,181200
36985.362,181300
37019.360,181400
37057.216,181500
37094.184,181600
37127.359,181700
37154.693,181800
37190.827,181900
37228.340,182000
37266.593,182100
37318.612,182200
37353.359,182300
37385.398,182400
37424.965,182500
37460.410,182600
37483.325,182700
37509.629,182800
37573.705,182900
37616.333,183000
37662.363,183100
37704.119,183200
37725.755,183300
37764.767,183400
37803.780,183500
37835.567,183600
37869.852,183700
37918.125,183800
37956.686,183900
37994.384,184000
38033.186,184100
38063.831,184200
38099.674,184300
38150.301,184400
38202.587,184500
38251.085,184600
38302.079,184700
38352.264,184800
38435.707,184900
38476.643,185000
38520.499,185100
38556.489,185200
38590.328,185300
38643.827,185400
38679.836,185500
38716.714,185600
38753.507,185700
38783.648,185800
38816.668,185900
38846.616,186000
38881.353,186100
38914.776,186200
38955.352,186300
38990.718,186400
39027.195,186500
39064.207,186600
39098.770,186700
39131.349,186800
39166.152,186900
39199.059,187000
39228.011,187100
39257.594,187200
39295.958,187300
39326.622,187400
39357.287,187500
39390.151,187600
39423.757,187700
39454.623,187800
39487.944,187900
39516.691,188000
39548.914,188100
39577.916,188200
39608.683,188300
39647.226,188400
39686.880,188500
39723.875,188600
39760.388,188700
39794.188,188800
39822.693,188900
39858.888,189000
39887.646,189100
39920.865,189200
39956.205,189300
39995.467,189400
40032.136,189500
40084.912,189600
40122.002,189700
40160.981,189800
40202.348,189900
40241.102,190000
40281.152,190100
40319.200,190200
40357.804,190300
40398.065,190400
40437.039,190500
40469.325,190600
40503.174,190700
40534.510,190800
40567.793,190900
40600.607,191000
40629.201,191100
40665.583,191200
40705.076,191300
40739.659,191400
40775.223,191500
40834.330,191600
40878.227,191700
40923.969,191800
40962.224,191900
40996.584,192000
41031.444,192100
41065.886,192200
41098.866,192300
41137.155,192400
41175.101,192500
41214.432,192600
41251.463,192700
41292.820,192800
41332.593,192900
41370.330,193000
41403.714,193100
41436.740,193200
41471.198,193300
41503.185,193400
41540.376,193500
41574.305,193600
41620.804,193700
41662.571,193800
41698.481,193900
41742.378,194000
41791.485,194100
41837.493,194200
41883.236,194300
41927.891,194400
41969.603,194500
42013.610,194600
42050.020,194700
42090.294,194800
42126.231,194900
42163.695,195000
42209.214,195100
42248.856,195200
42283.868,195300
42319.748,195400
42356.493,195500
42396.954,195600
42432.660,195700
42465.768,195800
42510.858,195900
42548.080,196000
42585.344,196100
42619.928,196200
42656.409,196300
42690.722,196400
42734.507,196500
42777.375,196600
42818.440,196700
42859.167,196800
42897.408,196900
42936.533,197000
44104.739,197100
44155.208,197200
44192.081,197300
44232.843,197400
44276.552,197500
44321.702,197600
44357.582,197700
44398.285,197800
44436.634,197900
44475.182,198000
44513.720,198100
44552.560,198200
44592.041,198300
44637.554,198400
44671.659,198500
44709.609,198600
44765.002,198700
44803.643,198800
44839.164,198900
44876.811,199000
44911.616,199100
44943.825,199200
44976.857,199300
45011.935,199400
45056.771,199500
45097.646,199600
45136.761,199700
45173.297,199800
45209.173,199900
45242.856,200000
45276.515,200100
45309.732,200200
45345.845,200300
45380.236,200400
45418.803,200500
45458.974,200600
45501.541,200700
45536.247,200800
45571.833,200900
45613.958,201000
45644.462,201100
45677.039,201200
45709.277,201300
45744.660,201400
45786.864,201500
45831.776,201600
45878.728,201700
45919.465,201800
45973.448,201900
46020.915,202000
46060.640,202100
46107.995,202200
46154.439,202300
46193.988,202400
46238.101,202500
46280.679,202600
46319.625,202700
46359.524,202800
46398.748,202900
46435.166,203000
46478.781,203100
46519.159,203200
46565.537,203300
46600.374,203400
46639.414,203500
46682.078,203600
46722.636,203700
46767.240,203800
46804.364,203900
46846.105,204000
46887.635,204100
46924.296,204200
46966.763,204300
47007.129,204400
47043.426,204500
47091.495,204600
47131.904,204700
47169.517,204800
47208.061,204900
47245.967,205000
47279.257,205100
47305.626,205200
47335.254,205300
47363.507,205400
47393.972,205500
47428.354,205600
47465.036,205700
47507.045,205800
47543.684,205900
47579.265,206000
47614.780,206100
47662.052,206200
47697.828,206300
47728.886,206400
47779.660,206500
47820.667,206600
47861.366,206700
47906.924,206800
47946.783,206900
47985.486,207000
48023.738,207100
48059.606,207200
48098.014,207300
48130.187,207400
48164.281,207500
48211.130,207600
48247.140,207700
48283.637,207800
48328.648,207900
48369.058,208000
48413.236,208100
48455.657,208200
48498.954,208300
48545.043,208400
48581.397,208500
48625.685,208600
48670.842,208700
48711.393,208800
48756.517,208900
48800.289,209000
48840.701,209100
48881.843,209200
48920.168,209300
48955.458,209400
48994.608,209500
49039.718,209600
49077.612,209700
49117.879,209800
49156.639,209900
49202.078,210000
49256.598,210100
49295.505,210200
49335.534,210300
49379.525,210400
49413.402,210500
49444.745,210600
49478.767,210700
49511.994,210800
49559.688,210900
49605.202,211000
49650.930,211100
49696.942,211200
49739.851,211300
49779.861,211400
49823.427,211500
49872.185,211600
49911.539,211700
49955.038,211800
49998.852,211900
50050.834,212000
50100.407,212100
50157.898,212200
50203.137,212300
50247.415,212400
50298.261,212500
50346.040,212600
50399.882,212700
50452.745,212800
50501.570,212900
50572.322,213000
50625.813,213100
50673.402,213200
50717.493,213300
50764.202,213400
50810.347,213500
50850.342,213600
50894.580,213700
50954.050,213800
50999.271,213900
51063.352,214000
51128.330,214100
51171.850,214200
51217.204,214300
51255.242,214400
51293.324,214500
51326.895,214600
51373.861,214700
51415.732,214800
51460.761,214900
51499.584,215000
51548.264,215100
51595.411,215200
51641.055,215300
51683.750,215400
51725.875,215500
51767.382,215600
51811.214,215700
51879.499,215800
51928.014,215900
51979.382,216000
52039.413,216100
52099.002,216200
52152.446,216300
52206.562,216400
52251.092,216500
52299.832,216600
52351.856,216700
52412.361,216800
52468.379,216900
52530.410,217000
52590.664,217100
52641.034,217200
52690.665,217300
52737.533,217400
52784.419,217500
52830.599,217600
52886.868,217700
52943.421,217800
52989.383,217900
53043.282,218000
53098.794,218100
53147.739,218200
53200.572,218300
53253.567,218400
53308.045,218500
53359.595,218600
53410.325,218700
53456.857,218800
53503.832,218900
53548.876,219000
53606.313,219100
53661.753,219200
53715.919,219300
53767.782,219400
53814.617,219500
53864.946,219600
53917.770,219700
53966.402,219800
54011.036,219900
54065.097,220000
54118.114,220100
54178.631,220200
54230.819,220300
54287.124,220400
54360.756,220500
54417.281,220600
54468.667,220700
54524.512,220800
54581.394,220900
54631.763,221000
54683.233,221100
54739.058,221200
54787.187,221300
54834.233,221400
54876.021,221500
54924.445,221600
54966.596,221700
55013.428,221800
55060.874,221900
55110.540,222000
55163.278,222100
56379.569,222200
56435.279,222300
56482.722,222400
56544.399,222500
56597.751,222600
56650.243,222700
56706.859,222800
56758.705,222900
56811.365,223000
56859.279,223100
56915.185,223200
56968.697,223300
57016.808,223400
57074.170,223500
57127.264,223600
57193.637,223700
57250.944,223800
57309.864,223900
57366.012,224000
57414.060,224100
57466.040,224200
57521.050,224300
57578.294,224400
57640.828,224500
57703.910,224600
57768.380,224700
57845.573,224800
57895.987,224900
57941.356,225000
58000.318,225100
58051.868,225200
58111.849,225300
58163.680,225400
58221.417,225500
58276.347,225600
58330.144,225700
58382.734,225800
58433.798,225900
58486.105,226000
58541.565,226100
58580.909,226200
58620.429,226300
58664.707,226400
58706.587,226500
58750.227,226600
58799.912,226700
58845.133,226800
58889.643,226900
58931.981,227000
58978.963,227100
59023.828,227200
59074.597,227300
59117.222,227400
59178.356,227500
59226.215,227600
59275.092,227700
59332.050,227800
59399.888,227900
59464.095,228000
59518.676,228100
59582.490,228200
59646.589,228300
59700.700,228400
59764.045,228500
59831.912,228600
59890.213,228700
59946.646,228800
60016.164,228900
60067.235,229000
60108.902,229100
60167.238,229200
60224.574,229300
60290.444,229400
60351.377,229500
60422.391,229600
60485.654,229700
60550.779,229800
60612.591,229900
60664.640,230000
60723.710,230100
60786.821,230200
60849.702,230300
60914.861,230400
60968.289,230500
61032.660,230600
61100.559,230700
61170.769,230800
61251.685,230900
61305.132,231000
61365.755,231100
61419.355,231200
61471.245,231300
61529.985,231400
61585.233,231500
61642.127,231600
61700.922,231700
61753.097,231800
61819.462,231900
61870.603,232000
61941.295,232100
62001.625,232200
62055.320,232300
62102.837,232400
62153.524,232500
62207.891,232600
62289.622,232700
62352.420,232800
62411.390,232900
62480.453,233000
62556.035,233100
62619.742,233200
62671.506,233300
62721.920,233400
62778.726,233500
62832.269,233600
62883.974,233700
62936.528,233800
62998.181,233900
63054.273,234000
63114.618,234100
63176.018,234200
63240.297,234300
63300.277,234400
63352.550,234500
63411.248,234600
63484.929,234700
63539.156,234800
63598.040,234900
63655.809,235000
63716.166,235100
63773.885,235200
63833.286,235300
63893.731,235400
63955.564,235500
64013.210,235600
64076.742,235700
64132.516,235800
64189.347,235900
64244.027,236000
64303.154,236100
64366.004,236200
64430.918,236300
64495.482,236400
64557.791,236500
64612.692,236600
64671.467,236700
64729.935,236800
64780.189,236900
64832.619,237000
64891.591,237100
64947.946,237200
65006.145,237300
65056.807,237400
65111.356,237500
65171.800,237600
65222.269,237700
65279.841,237800
65331.278,237900
65377.005,238000
65446.802,238100
65496.489,238200
65551.015,238300
65609.687,238400
65663.131,238500
65719.362,238600
65771.485,238700
65825.804,238800
65872.406,238900
65922.648,239000
65967.735,239100
66011.675,239200
66056.893,239300
66102.425,239400
66146.190,239500
66196.890,239600
66257.863,239700
66307.203,239800
67609.843,239900
67673.965,240000
67723.528,240100
67787.739,240200
67846.467,240300
67894.403,240400
67940.836,240500
67999.791,240600
68045.570,240700
68094.327,240800
68144.658,240900
68192.967,241000
68239.609,241100
68286.087,241200
68326.946,241300
68379.172,241400
68434.064,241500
68487.279,241600
68533.889,241700
68578.435,241800
68625.120,241900
68681.279,242000
68735.355,242100
68790.019,242200
68855.210,242300
68907.284,242400
68970.447,242500
69022.195,242600
69068.775,242700
69113.021,242800
69156.993,242900
69198.245,243000
69245.589,243100
69304.468,243200
69358.317,243300
69400.261,243400
69453.323,243500
69509.208,243600
69560.414,243700
69610.367,243800
69658.588,243900
69701.948,244000
69740.065,244100
69783.209,244200
69831.135,244300
69880.878,244400
69923.414,244500
69967.556,244600
70008.151,244700
70054.655,244800
70090.022,244900
70136.960,245000
70175.773,245100
70213.668,245200
70248.057,245300
70289.300,245400
70328.043,245500
70371.982,245600
70413.439,245700
70458.378,245800
70503.390,245900
70544.556,246000
70592.090,246100
70644.866,246200
70706.219,246300
70749.321,246400
70791.257,246500
70834.454,246600
70877.068,246700
70918.323,246800
70965.738,246900
71010.927,247000
71068.812,247100
71122.743,247200
71171.662,247300
71218.913,247400
71260.600,247500
71297.731,247600
71336.288,247700
71376.728,247800
71411.924,247900
71463.674,248000
71511.240,248100
71562.330,248200
71623.705,248300
71674.950,248400
71723.345,248500
71767.943,248600
71809.497,248700
71851.101,248800
71887.563,248900
71937.583,249000
71982.930,249100
72027.652,249200
72082.661,249300
72134.460,249400
72185.047,249500
72230.297,249600
72290.929,249700
72337.874,249800
72389.334,249900
72432.019,250000
72481.415,250100
72527.230,250200
72571.705,250300
72621.219,250400
72669.317,250500
72718.070,250600
72767.454,250700
72817.707,250800
72860.654,250900
72916.116,251000
72956.547,251100
73002.865,251200
73050.732,251300
73091.985,251400
73127.138,251500
73167.262,251600
73202.931,251700
73249.888,251800
73311.140,251900
73357.911,252000
73413.010,252100
73469.344,252200
73525.761,252300
73582.268,252400
73648.847,252500
73697.860,252600
73748.819,252700
73792.658,252800
73842.448,252900
73897.861,253000
73961.461,253100
74013.011,253200
74066.550,253300
74119.879,253400
74175.487,253500
74221.574,253600
74273.526,253700
74321.895,253800
74403.722,253900
74463.777,254000
74515.377,254100
74566.306,254200
74631.083,254300
74687.127,254400
74741.156,254500
74800.223,254600
74854.658,254700
74903.477,254800
74955.894,254900
75007.649,255000
75062.110,255100
75110.118,255200
75150.929,255300
75190.401,255400
75232.275,255500
75271.209,255600
75312.329,255700
75378.017,255800
75429.453,255900
75476.198,256000
75525.118,256100
75584.653,256200
75640.020,256300
75691.962,256400
75743.650,256500
75799.463,256600
75850.072,256700
75898.222,256800
75941.579,256900
75992.044,257000
76037.726,257100
76108.534,257200
76150.799,257300
76196.981,257400
76242.633,257500
76293.177,257600
76334.138,257700
76378.013,257800
76417.820,257900
76458.276,258000
76498.779,258100
76551.373,258200
76600.947,258300
76661.546,258400
76710.577,258500
76775.225,258600
76831.974,258700
76877.714,258800
76933.913,258900
76985.140,259000
77037.130,259100
77083.082,259200
77131.523,259300
77174.869,259400
77221.036,259500
77267.018,259600
77320.893,259700
77377.796,259800
77429.950,259900
77472.664,260000
77527.078,260100
77575.502,260200
77638.483,260300
77680.408,260400
77735.288,260500
77781.767,260600
77827.082,260700
77874.786,260800
77920.223,260900
77976.180,261000
78023.303,261100
78085.413,261200
78137.473,261300
78195.005,261400
78248.591,261500
78300.850,261600
78353.912,261700
78398.744,261800
78440.437,261900
78478.131,262000
78527.124,262100
78577.472,262200
78634.720,262300
78682.928,262400
78734.247,262500
78782.384,262600
78836.879,262700
78884.876,262800
78937.950,262900
78989.269,263000
80252.141,263100
80302.308,263200
80347.412,263300
80395.171,263400
80442.136,263500
80488.106,263600
80541.090,263700
80593.455,263800
80639.881,263900
80689.741,264000
80736.360,264100
80798.429,264200
80849.187,264300
80905.759,264400
80961.435,264500
81006.471,264600
81061.535,264700
81117.272,264800
81162.845,264900
81219.718,265000
81271.175,265100
81327.007,265200
81376.998,265300
81447.407,265400
81496.220,265500
81552.131,265600
81610.762,265700
81669.441,265800
81716.999,265900
81766.046,266000
81812.670,266100
81860.102,266200
81912.357,266300
81961.819,266400
82012.752,266500
82072.314,266600
82123.865,266700
82180.890,266800
82227.478,266900
82283.201,267000
82339.833,267100
82397.940,267200
82444.513,267300
82486.565,267400
82530.952,267500
82574.702,267600
82614.385,267700
82662.281,267800
82707.105,267900
82765.120,268000
82818.877,268100
82885.713,268200
82949.856,268300
83016.922,268400
83092.306,268500
83169.145,268600
83245.644,268700
83314.121,268800
83373.924,268900
83422.629,269000
83489.102,269100
83543.927,269200
83623.938,269300
83677.254,269400
83750.613,269500
83814.352,269600
83890.619,269700
83965.018,269800
84009.445,269900
84065.453,270000
84110.620,270100
84170.439,270200
84247.304,270300
84362.623,270400
84463.361,270500
84539.888,270600
84614.300,270700
84696.324,270800
84777.257,270900
84855.559,271000
84926.638,271100
84990.388,271200
85054.969,271300
85115.535,271400
85184.704,271500
85262.539,271600
85354.007,271700
85432.448,271800
85521.961,271900
85604.289,272000
85674.523,272100
85763.340,272200
85839.642,272300
85902.217,272400
85966.432,272500
86039.104,272600
86115.251,272700
86185.747,272800
86252.650,272900
86329.346,273000
86415.262,273100
86536.173,273200
86623.966,273300
86675.806,273400
86747.941,273500
86810.049,273600
86867.935,273700
86922.470,273800
86971.215,273900
87033.579,274000
87121.011,274100
87177.364,274200
87257.263,274300
87323.696,274400
87378.895,274500
87444.920,274600
87507.603,274700
87567.704,274800
87625.242,274900
87684.178,275000
87744.952,275100
87803.342,275200
87871.039,275300
87940.993,275400
87997.685,275500
88080.868,275600
88150.705,275700
88202.634,275800
88263.698,275900
88320.708,276000
88381.698,276100
88451.100,276200
88514.055,276300
88568.357,276400
88625.052,276500
88690.243,276600
88748.571,276700
88811.123,276800
88873.710,276900
88932.034,277000
88988.056,277100
89048.761,277200
89104.454,277300
89157.042,277400
89225.271,277500
89280.719,277600
89341.327,277700
89399.611,277800
89456.429,277900
89509.171,278000
89547.791,278100
89596.127,278200
89659.315,278300
89724.871,278400
89791.777,278500
89851.232,278600
89914.724,278700
89970.748,278800
90035.098,278900
90109.129,279000
90163.614,279100
90234.072,279200
90289.092,279300
90351.541,279400
90404.891,279500
90459.103,279600
90511.757,279700
90568.888,279800
90619.101,279900
90676.299,280000
90727.791,280100
90776.153,280200
90830.612,280300
90896.866,280400
92226.734,280500
92319.114,280600
92422.712,280700
92484.340,280800
92562.191,280900
92634.264,281000
92728.899,281100
92793.061,281200
92851.358,281300
92917.132,281400
92986.264,281500
93075.095,281600
93169.615,281700
93256.303,281800
93327.541,281900
93400.355,282000
93470.911,282100
93540.566,282200
93610.228,282300
93674.762,282400
93739.744,282500
93807.600,282600
93885.652,282700
93975.514,282800
94061.685,282900
94139.937,283000
94216.783,283100
94285.799,283200
94350.699,283300
94408.092,283400
94475.909,283500
94528.564,283600
94591.497,283700
94682.066,283800
94736.879,283900
94806.838,284000
94873.416,284100
94952.363,284200
95018.987,284300
95096.866,284400
95166.100,284500
95237.482,284600
95311.514,284700
95378.685,284800
95453.019,284900
95520.606,285000
95590.224,285100
95671.316,285200
95732.843,285300
95811.845,285400
95893.204,285500
95967.222,285600
96033.811,285700
96102.555,285800
96172.362,285900
96231.197,286000
96286.408,286100
96338.292,286200
96408.583,286300
96476.637,286400
96548.653,286500
96613.417,286600
96673.873,286700
96744.883,286800
96811.445,286900
96887.248,287000
96965.170,287100
97023.473,287200
97082.698,287300
97157.223,287400
97224.389,287500
97291.815,287600
97386.982,287700
97469.385,287800
97548.047,287900
97614.816,288000
97684.445,288100
97757.776,288200
97824.343,288300
97913.033,288400
98005.821,288500
98103.738,288600
98188.677,288700
98323.623,288800
98437.714,288900
98521.060,289000
98606.407,289100
98686.766,289200
98758.563,289300
98836.194,289400
98906.049,289500
98972.965,289600
99040.527,289700
99116.177,289800
99197.808,289900
99274.003,290000
99371.863,290100
99442.931,290200
99517.702,290300
99590.027,290400
99672.154,290500
99771.886,290600
99832.624,290700
99900.004,290800
99973.060,290900
100033.930,291000
100114.078,291100
100174.693,291200
100244.506,291300
100334.081,291400
100399.337,291500
100476.724,291600
100542.044,291700
100616.973,291800
100695.248,291900
100752.738,292000
100808.177,292100
100872.609,292200
100934.887,292300
101008.033,292400
101084.279,292500
101154.385,292600
101239.772,292700
101306.457,292800
101372.910,292900
101440.416,293000
101500.021,293100
101563.301,293200
101639.483,293300
101701.790,293400
101769.032,293500
101831.876,293600
101903.797,293700
101963.749,293800
102021.926,293900
102082.415,294000
102145.333,294100
102210.928,294200
103568.515,294300
103640.928,294400
103707.745,294500
103783.351,294600
103865.331,294700
103943.794,294800
104024.982,294900
104111.671,295000
104187.259,295100
104278.245,295200
104355.066,295300
104424.217,295400
104481.631,295500
104531.885,295600
104606.911,295700
104674.052,295800
104758.054,295900
104827.407,296000
104917.057,296100
104998.606,296200
105065.940,296300
105137.848,296400
105197.786,296500
105263.717,296600
105331.211,296700
105452.991,296800
105514.718,296900
105577.111,297000
105650.609,297100
105730.433,297200
105792.813,297300
105872.191,297400
105941.187,297500
106019.373,297600
106101.443,297700
106160.336,297800
106266.832,297900
106327.005,298000
106386.032,298100
106466.121,298200
106534.406,298300
106615.905,298400
106694.377,298500
106764.453,298600
106827.033,298700
106886.491,298800
106952.825,298900
107018.033,299000
107088.899,299100
107174.363,299200
107254.822,299300
107316.601,299400
107388.792,299500
107458.936,299600
107536.962,299700
107617.834,299800
107689.046,299900
107752.273,300000
107809.478,300100
107864.251,300200
107944.773,300300
108017.297,300400
108090.596,300500
108158.822,300600
108230.741,300700
108308.306,300800
108382.324,300900
108445.453,301000
108521.119,301100
108577.602,301200
108650.105,301300
108713.359,301400
108798.613,301500
108898.692,301600
108965.635,301700
109048.104,301800
109116.957,301900
109197.790,302000
109264.124,302100
109339.746,302200
109417.498,302300
109474.208,302400
109540.662,302500
109615.393,302600
109689.500,302700
109765.485,302800
109853.379,302900
109924.754,303000
110006.346,303100
110086.174,303200
110149.948,303300
110221.911,303400
110289.132,303500
110352.724,303600
110438.179,303700
110503.542,303800
110573.785,303900
110643.464,304000
110717.942,304100
110778.657,304200
110859.661,304300
110935.461,304400
111013.732,304500
111092.944,304600
111156.026,304700
111215.996,304800
111290.665,304900
111365.002,305000
111451.620,305100
111527.987,305200
111598.523,305300
111669.802,305400
111741.590,305500
111819.191,305600
111881.792,305700
111947.205,305800
111998.744,305900
112064.031,306000
112128.037,306100
112194.598,306200
112264.929,306300
112338.767,306400
112402.903,306500
112478.402,306600
112551.344,306700
112617.337,306800
112678.503,306900
112736.288,307000
112792.406,307100
112842.459,307200
112913.867,307300
112976.158,307400
114356.445,307500
114431.122,307600
114509.662,307700
114588.804,307800
114663.190,307900
114740.946,308000
114801.706,308100
114876.221,308200
114935.465,308300
115002.626,308400
115075.422,308500
115157.772,308600
115277.081,308700
115375.463,308800
115460.928,308900
115550.766,309000
115641.099,309100
115714.625,309200
115771.433,309300
115845.206,309400
115918.356,309500
115985.847,309600
116078.304,309700
116169.743,309800
116251.196,309900
116335.047,310000
116417.711,310100
116489.840,310200
116569.616,310300
116634.997,310400
116704.552,310500
116777.557,310600
116855.980,310700
116948.922,310800
117050.607,310900
117113.400,311000
117209.202,311100
117282.964,311200
117357.969,311300
117439.524,311400
117497.295,311500
117567.590,311600
117633.935,311700
117708.992,311800
117788.831,311900
117868.500,312000
117958.879,312100
118041.008,312200
118120.878,312300
118191.561,312400
118271.576,312500
118343.233,312600
118402.158,312700
118489.610,312800
118567.529,312900
118635.260,313000
118717.040,313100
118780.869,313200
118858.364,313300
118939.913,313400
119007.536,313500
119083.073,313600
119144.359,313700
119206.528,313800
119281.771,313900
119386.967,314000
119472.948,314100
119560.326,314200
119677.023,314300
119745.372,314400
119822.870,314500
119901.028,314600
119970.514,314700
120033.737,314800
120105.345,314900
120179.914,315000
120253.634,315100
120323.130,315200
120406.939,315300
120481.430,315400
120572.038,315500
120650.086,315600
120726.747,315700
120799.952,315800
120897.941,315900
120969.295,316000
121034.868,316100
121105.217,316200
121175.373,316300
121237.423,316400
121311.299,316500
121407.057,316600
121484.753,316700
121559.003,316800
121628.645,316900
121709.717,317000
121777.360,317100
121842.593,317200
121914.331,317300
121993.174,317400
122077.184,317500
122149.951,317600
122220.677,317700
122322.832,317800
122382.980,317900
122460.934,318000
122527.008,318100
122596.678,318200
122661.072,318300
122715.920,318400
122783.525,318500
122851.900,318600
122940.116,318700
123026.225,318800
123093.515,318900
123166.570,319000
123241.623,319100
123315.240,319200
123405.888,319300
123464.022,319400
123533.077,319500
123621.501,319600
124980.278,319700
125082.614,319800
125193.885,319900
125297.932,320000
125380.069,320100
125450.710,320200
125518.565,320300
125605.559,320400
125662.097,320500
125727.810,320600
125811.336,320700
125910.229,320800
125992.799,320900
126085.347,321000
126162.104,321100
126240.456,321200
126320.459,321300
126400.681,321400
126468.801,321500
126545.177,321600
126615.844,321700
126684.294,321800
126759.420,321900
126836.421,322000
126920.368,322100
127003.587,322200
127092.573,322300
127179.806,322400
127260.815,322500
127354.172,322600
127447.800,322700
127548.161,322800
127631.395,322900
127727.187,323000
127819.988,323100
127902.933,323200
127990.901,323300
128074.509,323400
128153.349,323500
128241.045,323600
128327.086,323700
128407.567,323800
128473.933,323900
128559.133,324000
128636.550,324100
128736.887,324200
128824.656,324300
128912.518,324400
129010.099,324500
129098.309,324600
129172.034,324700
129249.189,324800
129328.865,324900
129400.542,325000
129491.635,325100
129585.715,325200
129696.634,325300
129782.459,325400
129907.324,325500
129980.820,325600
130068.369,325700
130159.111,325800
130228.079,325900
130297.327,326000
130394.774,326100
130482.146,326200
130569.069,326300
130653.022,326400
130735.200,326500
130821.531,326600
130944.620,326700
131025.409,326800
131104.994,326900
131182.267,327000
131272.786,327100
131348.715,327200
131457.664,327300
131545.113,327400
131629.452,327500
131718.721,327600
131797.651,327700
131880.341,327800
131953.407,327900
132027.051,328000
132101.717,328100
132177.890,328200
132285.472,328300
132376.331,328400
132459.890,328500
132554.041,328600
132639.086,328700
132724.205,328800
132823.936,328900
132919.675,329000
132995.086,329100
133081.904,329200
133173.715,329300
133253.351,329400
133356.355,329500
133449.768,329600
133537.870,329700
135001.731,329800
135166.692,329900
135299.534,330000
135413.637,330100
135518.997,330200
135641.082,330300
135757.801,330400
135910.997,330500
136015.583,330600
136138.054,330700
136260.890,330800
136378.367,330900
136509.528,331000
136603.237,331100
136696.185,331200
136803.516,331300
136907.787,331400
137028.801,331500
137137.449,331600
137236.019,331700
137337.689,331800
137441.489,331900
137526.307,332000
137645.139,332100
137747.388,332200
137845.812,332300
137961.802,332400
138094.685,332500
138197.258,332600
138340.344,332700
138466.569,332800
138582.486,332900
138685.380,333000
138791.076,333100
138898.706,333200
139010.562,333300
139113.550,333400
139226.597,333500
139330.223,333600
139422.391,333700
139537.801,333800
139629.786,333900
139727.074,334000
139836.128,334100
139920.429,334200
140032.820,334300
140168.537,334400
140328.293,334500
140443.281,334600
140576.068,334700
140714.786,334800
140863.467,334900
140977.878,335000
141082.466,335100
141184.979,335200
141315.423,335300
141423.524,335400
141532.156,335500
141636.938,335600
141764.343,335700
141840.957,335800
141922.103,335900
142007.833,336000
142105.753,336100
142200.823,336200
142276.923,336300
142380.671,336400
142468.616,336500
142581.292,336600
142679.423,336700
142795.503,336800
142873.622,336900
142953.987,337000
143043.213,337100
143146.751,337200
143242.403,337300
143354.253,337400
143459.129,337500
143557.381,337600
143687.852,337700
143779.959,337800
143889.389,337900
144006.101,338000
144123.506,338100
144263.604,338200
144381.016,338300
145889.455,338400
145997.929,338500
146149.906,338600
146280.822,338700
146450.629,338800
146613.970,338900
146760.358,339000
146917.496,339100
147030.120,339200
147174.150,339300
147321.597,339400
147418.936,339500
147533.986,339600
147659.656,339700
147810.634,339800
147927.747,339900
148032.721,340000
148152.296,340100
148282.664,340200
148416.552,340300
148561.492,340400
148713.422,340500
148873.764,340600
148990.624,340700
149094.089,340800
149183.540,340900
149280.983,341000
149379.128,341100
149480.812,341200
149579.720,341300
149701.761,341400
149786.046,341500
149900.057,341600
150010.359,341700
150120.543,341800
150208.562,341900
150311.140,342000
150399.691,342100
150482.763,342200
150567.693,342300
150667.097,342400
150759.786,342500
150886.741,342600
150995.386,342700
151100.419,342800
151231.079,342900
151338.067,343000
151454.194,343100
151571.545,343200
151702.698,343300
151822.750,343400
151931.923,343500
152070.169,343600
152179.694,343700
152290.552,343800
152409.945,343900
152541.994,344000
152648.963,344100
152747.473,344200
152846.739,344300
152933.448,344400
153052.539,344500
153175.752,344600
153270.310,344700
153373.734,344800
153523.111,344900
153640.070,345000
153742.432,345100
153855.032,345200
153966.021,345300
154074.113,345400
154186.651,345500
154322.893,345600
154432.644,345700
154550.668,345800
154663.215,345900
154768.311,346000
156212.433,346100
156354.840,346200
156521.004,346300
156675.530,346400
156811.738,346500
156954.221,346600
157072.465,346700
157198.460,346800
157334.251,346900
157465.588,347000
157594.041,347100
157723.722,347200
157866.877,347300
158014.148,347400
158153.567,347500
158277.921,347600
158376.652,347700
158497.944,347800
158660.993,347900
158775.176,348000
158938.986,348100
159071.890,348200
159202.528,348300
159346.523,348400
159484.507,348500
159599.707,348600
159720.095,348700
159852.109,348800
159984.192,348900
160066.132,349000
160185.697,349100
160287.143,349200
160405.101,349300
160530.477,349400
160620.611,349500
160738.581,349600
160850.158,349700
160941.232,349800
161058.885,349900
161178.202,350000
161286.450,350100
161424.643,350200
161607.778,350300
161751.685,350400
161869.280,350500
161987.608,350600
162091.190,350700
162190.289,350800
162309.416,350900
162428.933,351000
162556.007,351100
162687.475,351200
162822.262,351300
162952.914,351400
163100.242,351500
163217.327,351600
163343.263,351700
163471.427,351800
163599.989,351900
163737.851,352000
163876.479,352100
164004.074,352200
164145.550,352300
164262.772,352400
164385.471,352500
164501.272,352600
164622.339,352700
164745.929,352800
164860.859,352900
164978.873,353000
165100.169,353100
165228.704,353200
165351.365,353300
165490.381,353400
166990.037,353500
167125.182,353600
167253.553,353700
167355.583,353800
167488.362,353900
167634.876,354000
167751.792,354100
167885.809,354200
168042.601,354300
168186.575,354400
168290.421,354500
168400.217,354600
168525.182,354700
168636.339,354800
168753.960,354900
168879.283,355000
168989.264,355100
169112.350,355200
169228.116,355300
169351.409,355400
169503.806,355500
169635.829,355600
169747.361,355700
169861.354,355800
169965.926,355900
170108.012,356000
170235.916,356100
170349.331,356200
170483.935,356300
170586.702,356400
170703.253,356500
170820.965,356600
170935.920,356700
171025.320,356800
171129.761,356900
171237.030,357000
171355.951,357100
171493.912,357200
171610.923,357300
171698.907,357400
171808.844,357500
171966.751,357600
172097.007,357700
172207.194,357800
172326.766,357900
172452.962,358000
172559.035,358100
172689.603,358200
172824.998,358300
172940.111,358400
173071.701,358500
173216.394,358600
173359.678,358700
173464.790,358800
173577.652,358900
173723.888,359000
173887.399,359100
174012.974,359200
174155.781,359300
174285.877,359400
174385.729,359500
174506.330,359600
174608.514,359700
174686.411,359800
174792.196,359900
174904.369,360000
175012.307,360100
175129.175,360200
175247.793,360300
175367.060,360400
176883.181,360500
177085.511,360600
177293.794,360700
177475.945,360800
177636.940,360900
177847.348,361000
178089.809,361100
178350.639,361200
178629.812,361300
178818.151,361400
178998.868,361500
179181.653,361600
179382.756,361700
179541.761,361800
179681.087,361900
179860.092,362000
180082.863,362100
180298.955,362200
180431.850,362300
180586.929,362400
180725.747,362500
180865.034,362600
181039.195,362700
181253.487,362800
181388.201,362900
181566.086,363000
181757.915,363100
181930.375,363200
182171.049,363300
182377.984,363400
182555.898,363500
182720.086,363600
182871.114,363700
183019.022,363800
183159.357,363900
183331.134,364000
183453.822,364100
183643.983,364200
183818.712,364300
183997.432,364400
184187.730,364500
184400.662,364600
184558.832,364700
184729.271,364800
184919.908,364900
185104.347,365000
185315.380,365100
185479.267,365200
185621.343,365300
187126.134,365400
187327.939,365500
187538.496,365600
187719.150,365700
187930.868,365800
188119.885,365900
188316.323,366000
188504.037,366100
188662.983,366200
188803.760,366300
189009.396,366400
189163.052,366500
189288.138,366600
189441.248,366700
189564.604,366800
189694.011,366900
189814.411,367000
189965.660,367100
190120.951,367200
190268.030,367300
190469.395,367400
190654.734,367500
190885.131,367600
191075.989,367700
191257.804,367800
191471.302,367900
191676.885,368000
191779.794,368100
191925.057,368200
192066.668,368300
192259.727,368400
192450.130,368500
192660.202,368600
192844.764,368700
193010.321,368800
193126.193,368900
193236.875,369000
193351.560,369100
193473.738,369200
193613.500,369300
193714.513,369400
193848.846,369500
193991.316,369600
194207.776,369700
194357.919,369800
194506.180,369900
194628.608,370000
196120.230,370100
196268.051,370200
196422.162,370300
196561.031,370400
196717.860,370500
196872.652,370600
196988.918,370700
197138.240,370800
197270.656,370900
197423.440,371000
197577.741,371100
197720.046,371200
197846.465,371300
198005.780,371400
198166.736,371500
198297.697,371600
198448.991,371700
198590.904,371800
198734.704,371900
198854.517,372000
198989.514,372100
199105.372,372200
199253.382,372300
199382.211,372400
199557.092,372500
199692.620,372600
199872.584,372700
200045.657,372800
200187.292,372900
200311.073,373000
200439.156,373100
200587.284,373200
200704.981,373300
200850.230,373400
200989.864,373500
201198.150,373600
201366.634,373700
201595.778,373800
201794.504,373900
201954.374,374000
202152.711,374100
202321.090,374200
202500.204,374300
202660.841,374400
202833.468,374500
203027.206,374600
203242.597,374700
203413.106,374800
203608.407,374900
203823.110,375000
203985.272,375100
204124.044,375200
204256.170,375300
204412.329,375400
204583.808,375500
204726.569,375600
206274.231,375700
206450.070,375800
206629.806,375900
206828.018,376000
207005.358,376100
207183.063,376200
207384.163,376300
207531.370,376400
207735.552,376500
207937.198,376600
208111.979,376700
208336.178,376800
208604.496,376900
208776.784,377000
208964.722,377100
209147.348,377200
209291.988,377300
209428.919,377400
209587.780,377500
209730.278,377600
209874.119,377700
210062.344,377800
210273.290,377900
210445.533,378000
210626.492,378100
210830.062,378200
211033.631,378300
211192.149,378400
211352.756,378500
211520.815,378600
211687.276,378700
211853.089,378800
212022.553,378900
212194.564,379000
212350.176,379100
212547.095,379200
212768.306,379300
212934.778,379400
213115.672,379500
213268.010,379600
213450.866,379700
213674.288,379800
213823.159,379900
213977.417,380000
214138.386,380100
214274.881,380200
214465.869,380300
214632.036,380400
214783.002,380500
214960.907,380600
215109.744,380700
215271.508,380800
215423.713,380900
215590.468,381000
215746.818,381100
215921.876,381200
216074.895,381300
217665.976,381400
217853.693,381500
218067.022,381600
218281.029,381700
218545.925,381800
218794.305,381900
219081.304,382000
219423.208,382100
219684.928,382200
219951.543,382300
220166.190,382400
220372.843,382500
220565.743,382600
220776.114,382700
220996.017,382800
221158.015,382900
221419.298,383000
221622.429,383100
221813.900,383200
222005.895,383300
222176.206,383400
222365.964,383500
222549.828,383600
222700.299,383700
222864.703,383800
223033.741,383900
223196.467,384000
223407.150,384100
223606.556,384200
223770.005,384300
224005.134,384400
224170.011,384500
224324.515,384600
224482.173,384700
224614.350,384800
224817.044,384900
224990.148,385000
225159.949,385100
225334.142,385200
225502.851,385300
225657.521,385400
225880.631,385500
226032.560,385600
226208.443,385700
226368.984,385800
226505.311,385900
226676.036,386000
226840.076,386100
226981.708,386200
227167.709,386300
227348.642,386400
227525.478,386500
229334.609,386600
229567.270,386700
229796.716,386800
230024.430,386900
230209.397,387000
230412.145,387100
230643.751,387200
230891.478,387300
231076.829,387400
231301.597,387500
231502.098,387600
231677.941,387700
231874.603,387800
232112.791,387900
232374.556,388000
232619.417,388100
232832.089,388200
233049.245,388300
233258.605,388400
233450.230,388500
233641.777,388600
233836.839,388700
234035.430,388800
234239.774,388900
234413.791,389000
234597.522,389100
234846.512,389200
235043.323,389300
235231.070,389400
235451.610,389500
235687.677,389600
235896.529,389700
236063.070,389800
236287.126,389900
236491.155,390000
236664.198,390100
236807.875,390200
236956.893,390300
237141.203,390400
237283.076,390500
237421.761,390600
237602.187,390700
237759.126,390800
237949.542,390900
238100.467,391000
238266.412,391100
239760.493,391200
239994.974,391300
240268.095,391400
240483.011,391500
240711.705,391600
240883.092,391700
241097.060,391800
241335.392,391900
241603.784,392000
241841.580,392100
242098.980,392200
242289.850,392300
242536.261,392400
242746.686,392500
242940.655,392600
243160.091,392700
243357.206,392800
243623.628,392900
243801.238,393000
244016.961,393100
244216.222,393200
244430.183,393300
244678.001,393400
244969.143,393500
245170.612,393600
245398.826,393700
245600.845,393800
245801.930,393900
246018.707,394000
246267.699,394100
246515.455,394200
246757.659,394300
247019.611,394400
247218.550,394500
247418.597,394600
247592.486,394700
247772.456,394800
247953.341,394900
248130.775,395000
248334.276,395100
248532.610,395200
248751.760,395300
248957.949,395400
249168.361,395500
249350.070,395600
250975.909,395700
251211.077,395800
251424.922,395900
251666.983,396000
251933.062,396100
252242.429,396200
252561.877,396300
252830.528,396400
253049.260,396500
253253.383,396600
253473.014,396700
253682.973,396800
253898.017,396900
254135.142,397000
254334.420,397100
254550.555,397200
254790.487,397300
255017.544,397400
255231.163,397500
255418.296,397600
255610.212,397700
255821.786,397800
255993.826,397900
256192.199,398000
256370.386,398100
256580.501,398200
256765.176,398300
256987.213,398400
257213.548,398500
257465.096,398600
257682.204,398700
257912.245,398800
258125.882,398900
258312.709,399000
258479.480,399100
258684.108,399200
258888.655,399300
259091.682,399400
259343.543,399500
259559.494,399600
259795.925,399700
260008.545,399800
261741.629,399900
262017.145,400000
262261.823,400100
262556.546,400200
262785.257,400300
263042.622,400400
263375.917,400500
263681.485,400600
263994.681,400700
264293.372,400800
264584.093,400900
264907.055,401000
265169.747,401100
265425.362,401200
265705.327,401300
265914.138,401400
266135.163,401500
266342.644,401600
266586.309,401700
266786.152,401800
267036.724,401900
267236.988,402000
267433.777,402100
267592.689,402200
267804.148,402300
268000.230,402400
268166.622,402500
268359.540,402600
268581.809,402700
268781.741,402800
268981.961,402900
269180.676,403000
269372.840,403100
269544.531,403200
269781.965,403300
269958.042,403400
270115.782,403500
270310.013,403600
270533.597,403700
270717.748,403800
272327.609,403900
272560.798,404000
272769.973,404100
272985.016,404200
273196.568,404300
273405.087,404400
273668.375,404500
273903.008,404600
274165.659,404700
274350.678,404800
274650.849,404900
274884.357,405000
275156.494,405100
275418.082,405200
275668.050,405300
275905.710,405400
276169.278,405500
276393.388,405600
276586.876,405700
276807.389,405800
277030.054,405900
277218.845,406000
277447.516,406100
277680.264,406200
277879.117,406300
278110.553,406400
278292.782,406500
278514.717,406600
278753.060,406700
278977.445,406800
279201.029,406900
279444.694,407000
279630.405,407100
279849.438,407200
280065.332,407300
280248.359,407400
280483.208,407500
280697.769,407600
280865.578,407700
281065.203,407800
281284.527,407900
281451.329,408000
282971.826,408100
283241.483,408200
283473.951,408300
283772.784,408400
284103.015,408500
284336.070,408600
284577.462,408700
284886.659,408800
285198.074,408900
285452.250,409000
285709.866,409100
285974.463,409200
286245.854,409300
286533.914,409400
286778.481,409500
287001.412,409600
287209.021,409700
287410.603,409800
287628.909,409900
287865.732,410000
288076.628,410100
288260.871,410200
288457.786,410300
288679.202,410400
288871.569,410500
289088.055,410600
289258.579,410700
289440.264,410800
289644.281,410900
289817.929,411000
290046.989,411100
290268.391,411200
290490.213,411300
290704.001,411400
290929.939,411500
291122.730,411600
291325.491,411700
291542.216,411800
291740.433,411900
291936.955,412000
293393.576,412100
293693.585,412200
293990.838,412300
294287.418,412400
294579.770,412500
294833.498,412600
295095.893,412700
295336.429,412800
295501.951,412900
295779.445,413000
295944.425,413100
296196.404,413200
296466.878,413300
296757.537,413400
297002.199,413500
297240.373,413600
297491.817,413700
297726.819,413800
297920.583,413900
298157.374,414000
298393.653,414100
298607.112,414200
298879.927,414300
299127.608,414400
299368.486,414500
299589.751,414600
299862.683,414700
300112.127,414800
300277.447,414900
300465.681,415000
300675.925,415100
300912.558,415200
301123.340,415300
301351.245,415400
301543.622,415500
301763.308,415600
301993.022,415700
302198.584,415800
303996.891,415900
304621.610,416000
305211.943,416100
305835.071,416200
306238.843,416300
306602.853,416400
307005.521,416500
307396.133,416600
307754.517,416700
308073.149,416800
308375.168,416900
308687.518,417000
308932.196,417100
309201.682,417200
309518.444,417300
309808.285,417400
310056.996,417500
310328.781,417600
310582.668,417700
310850.406,417800
311074.326,417900
311343.608,418000
311593.769,418100
311793.521,418200
312041.027,418300
312282.270,418400
312572.206,418500
312808.422,418600
313084.580,418700
313275.735,418800
313506.853,418900
313702.444,419000
313875.343,419100
314083.964,419200
314294.648,419300
314552.835,419400
314751.867,419500
314946.521,419600
316444.036,419700
316729.038,419800
316980.108,419900
317199.290,420000
317373.260,420100
317585.431,420200
317804.013,420300
318041.228,420400
318293.799,420500
318558.171,420600
318791.831,420700
319022.455,420800
319261.524,420900
319453.482,421000
319664.114,421100
319916.421,421200
320122.685,421300
320342.144,421400
320563.796,421500
320794.080,421600
321042.203,421700
321266.691,421800
321513.236,421900
321741.667,422000
321958.941,422100
322188.561,422200
322435.120,422300
322725.910,422400
322966.309,422500
323266.089,422600
323496.726,422700
323717.399,422800
323925.619,422900
324149.850,423000
324356.193,423100
324585.113,423200
324777.572,423300
325018.465,423400
325240.516,423500
326782.819,423600
327099.262,423700
327405.389,423800
327719.554,423900
327981.499,424000
328295.397,424100
328655.755,424200
328982.130,424300
329266.567,424400
329591.462,424500
329888.228,424600
330198.070,424700
330506.012,424800
330781.055,424900
331019.698,425000
331284.345,425100
331497.421,425200
331750.903,425300
332002.724,425400
332281.112,425500
332551.701,425600
332809.020,425700
333047.474,425800
333312.464,425900
333535.244,426000
333761.633,426100
333952.114,426200
334179.447,426300
334463.608,426400
334719.416,426500
335009.607,426600
335267.990,426700
335481.431,426800
335755.362,426900
335998.563,427000
336210.186,427100
336401.496,427200
336599.944,427300
336825.385,427400
337036.448,427500
337254.878,427600
338757.886,427700
339095.407,427800
339446.040,427900
339725.258,428000
340009.988,428100
340312.071,428200
340568.044,428300
340879.841,428400
341246.476,428500
341521.884,428600
341824.013,428700
342069.144,428800
342369.068,428900
342639.935,429000
342888.286,429100
343119.516,429200
343339.913,429300
343574.253,429400
343786.366,429500
344030.909,429600
344262.290,429700
344504.796,429800
344750.294,429900
345022.347,430000
345239.875,430100
345502.423,430200
345761.655,430300
345991.874,430400
346258.414,430500
346559.839,430600
346809.062,430700
347060.746,430800
347277.654,430900
347513.944,431000
347745.585,431100
348023.786,431200
348267.254,431300
348415.082,431400
348619.627,431500
348847.903,431600
349123.117,431700
349409.098,431800
351305.111,431900
351789.205,432000
352207.811,432100
352628.127,432200
353017.637,432300
353405.804,432400
353776.539,432500
354151.010,432600
354504.767,432700
354823.525,432800
355208.404,432900
355510.418,433000
355833.102,433100
356170.788,433200
356464.294,433300
356777.425,433400
357074.273,433500
357343.890,433600
357673.961,433700
357973.131,433800
358310.324,433900
358670.159,434000
358977.641,434100
359281.491,434200
359595.143,434300
359939.490,434400
360207.346,434500
360467.740,434600
360755.201,434700
361040.951,434800
361320.195,434900
361586.444,435000
361874.037,435100
362146.611,435200
362404.285,435300
362626.046,435400
362961.303,435500
364746.697,435600
365168.889,435700
365617.605,435800
365994.171,435900
366492.441,436000
366885.471,436100
367190.640,436200
367457.353,436300
367715.153,436400
367986.692,436500
368221.115,436600
368458.434,436700
368746.233,436800
369031.219,436900
369517.073,437000
369831.267,437100
370077.083,437200
370376.254,437300
370658.430,437400
370911.837,437500
371171.269,437600
371427.914,437700
371701.085,437800
371966.640,437900
372304.064,438000
372623.608,438100
372898.204,438200
373153.725,438300
373373.705,438400
373620.826,438500
373855.038,438600
374079.046,438700
374324.650,438800
374573.558,438900
374839.766,439000
375111.696,439100
375358.789,439200
376981.124,439300
377333.660,439400
377802.652,439500
378197.039,439600
378545.806,439700
378928.404,439800
379314.796,439900
379667.855,440000
380002.509,440100
380387.737,440200
380725.430,440300
381059.144,440400
381367.151,440500
381689.369,440600
381987.411,440700
382266.906,440800
382559.097,440900
382841.510,441000
383198.683,441100
383527.519,441200
383815.686,441300
384091.796,441400
384397.573,441500
384779.184,441600
385054.884,441700
385322.091,441800
385592.378,441900
385885.001,442000
386154.058,442100
386488.960,442200
386800.200,442300
387093.901,442400
387395.963,442500
389223.221,442600
389776.993,442700
390251.695,442800
390605.582,442900
390960.908,443000
391277.048,443100
391628.075,443200
391940.049,443300
392266.151,443400
392664.628,443500
393040.949,443600
393375.611,443700
393726.594,443800
393987.747,443900
394227.484,444000
394548.486,444100
394832.794,444200
395144.910,444300
395445.848,444400
395764.580,444500
396093.135,444600
396386.524,444700
396794.916,444800
397129.974,444900
397370.615,445000
397614.157,445100
397884.052,445200
398174.810,445300
398495.787,445400
398769.271,445500
399085.259,445600
399386.037,445700
399659.555,445800
399960.989,445900
400229.042,446000
402328.787,446100
402823.509,446200
403320.130,446300
403772.899,446400
404277.750,446500
404731.931,446600
405157.022,446700
405571.360,446800
405986.786,446900
406424.864,447000
406879.364,447100
407245.926,447200
407592.253,447300
407962.655,447400
408343.274,447500
408703.293,447600
409072.203,447700
409375.262,447800
409674.529,447900
410033.550,448000
410356.244,448100
410618.794,448200
410944.834,448300
411253.427,448400
411587.349,448500
411878.180,448600
412257.466,448700
412548.548,448800
412847.089,448900
413107.286,449000
413386.363,449100
413621.068,449200
413836.059,449300
414062.558,449400
414262.776,449500
414487.247,449600
416134.917,449700
416567.944,449800
417092.341,449900
417461.951,450000
417863.461,450100
418258.835,450200
418532.969,450300
418854.924,450400
419245.768,450500
419555.995,450600
419921.405,450700
420279.745,450800
420598.974,450900
420914.730,451000
421211.441,451100
421504.301,451200
421843.356,451300
422151.713,451400
422503.946,451500
422840.701,451600
423165.369,451700
423480.578,451800
423821.916,451900
424178.999,452000
424499.269,452100
424837.110,452200
425153.201,452300
425485.271,452400
425788.911,452500
426075.852,452600
426323.581,452700
426586.440,452800
426856.613,452900
428536.465,453000
429132.453,453100
429514.878,453200
429892.879,453300
430303.363,453400
430668.361,453500
431047.152,453600
431433.897,453700
431756.875,453800
432125.964,453900
432467.336,454000
432849.049,454100
433281.696,454200
433639.500,454300
434004.624,454400
434377.821,454500
434721.212,454600
435099.902,454700
435500.226,454800
435820.959,454900
436110.865,455000
436456.681,455100
436764.257,455200
437085.531,455300
437575.484,455400
437880.654,455500
438189.491,455600
438487.906,455700
438789.369,455800
439089.036,455900
439392.454,456000
439692.704,456100
441301.395,456200
441758.598,456300
442244.251,456400
442669.281,456500
443070.962,456600
443503.099,456700
443894.415,456800
444270.101,456900
444645.252,457000
445035.889,457100
445433.735,457200
445799.476,457300
446145.043,457400
446482.980,457500
446824.034,457600
447142.513,457700
447483.157,457800
447826.822,457900
448144.226,458000
448487.250,458100
448810.616,458200
449143.498,458300
449507.922,458400
449817.817,458500
450120.953,458600
450428.948,458700
450712.134,458800
451014.244,458900
451313.485,459000
451587.620,459100
451894.718,459200
452207.442,459300
452615.053,459400
455048.412,459500
455837.596,459600
456741.829,459700
457271.340,459800
457764.726,459900
458295.987,460000
458879.580,460100
459476.342,460200
459924.520,460300
460432.747,460400
460897.888,460500
461381.495,460600
461824.541,460700
462286.388,460800
462779.844,460900
463181.907,461000
463576.799,461100
464074.820,461200
464531.474,461300
464966.649,461400
465472.842,461500
465838.162,461600
466235.972,461700
466633.098,461800
467000.426,461900
467342.827,462000
467728.689,462100
468060.985,462200
468409.043,462300
468783.964,462400
469179.619,462500
469525.950,462600
471235.311,462700
471704.411,462800
472262.493,462900
472704.659,463000
473156.304,463100
473571.803,463200
473994.542,463300
474407.971,463400
474810.744,463500
475213.013,463600
475644.595,463700
476026.611,463800
476443.565,463900
476876.650,464000
477283.594,464100
477646.934,464200
478055.107,464300
478462.203,464400
478912.684,464500
479315.584,464600
479704.087,464700
480096.349,464800
480508.732,464900
480914.180,465000
481292.603,465100
481656.907,465200
482055.826,465300
482402.871,465400
482757.030,465500
483229.526,465600
483671.460,465700
485521.124,465800
486037.310,465900
486626.235,466000
487193.806,466100
487652.646,466200
488117.648,466300
488600.914,466400
489193.283,466500
489689.432,466600
490143.244,466700
490598.062,466800
491060.439,466900
491491.497,467000
491956.085,467100
492400.128,467200
492881.044,467300
493363.832,467400
493847.615,467500
494278.772,467600
494699.956,467700
495184.570,467800
495624.078,467900
496028.266,468000
496516.251,468100
496936.547,468200
497347.543,468300
497736.501,468400
498107.695,468500
498497.678,468600
498896.023,468700
500692.139,468800
501209.839,468900
501791.053,469000
502396.459,469100
502911.693,469200
503410.260,469300
503844.900,469400
504270.612,469500
504659.223,469600
505022.420,469700
505446.341,469800
505819.277,469900
506184.229,470000
506526.677,470100
506865.180,470200
507245.008,470300
507620.481,470400
508002.782,470500
508378.019,470600
508772.389,470700
509118.384,470800
509509.320,470900
509868.570,471000
510213.783,471100
510531.502,471200
510836.963,471300
511158.470,471400
511517.953,471500
511852.915,471600
512189.434,471700
512527.043,471800
512881.302,471900
515328.492,472000
516068.892,472100
516670.107,472200
517165.944,472300
517634.288,472400
518143.475,472500
518589.823,472600
519095.247,472700
519568.435,472800
520004.446,472900
520373.365,473000
520778.989,473100
521137.414,473200
521451.289,473300
521792.239,473400
522126.689,473500
522484.641,473600
522775.478,473700
523054.454,473800
523293.347,473900
523560.288,474000
523844.713,474100
524101.735,474200
524430.078,474300
524715.719,474400
525013.434,474500
525322.387,474600
525643.739,474700
525904.220,474800
526157.266,474900
526458.088,475000
526733.144,475100
527112.448,475200
527363.051,475300
527647.908,475400
529536.066,475500
530007.807,475600
530364.537,475700
530730.145,475800
531117.171,475900
531529.637,476000
531842.366,476100
532177.354,476200
532523.313,476300
532844.194,476400
533153.224,476500
533470.296,476600
533736.395,476700
534052.082,476800
534351.095,476900
534669.026,477000
534947.550,477100
535160.731,477200
535455.287,477300
535757.352,477400
536078.094,477500
536405.014,477600
536730.921,477700
537015.923,477800
537334.792,477900
537639.425,478000
537938.003,478100
538276.536,478200
538616.824,478300
538953.207,478400
539266.226,478500
539501.411,478600
539793.451,478700
540115.582,478800
540395.510,478900
540759.444,479000
541091.266,479100
543143.938,479200
543704.466,479300
544170.561,479400
544570.360,479500
544939.447,479600
545335.990,479700
545691.154,479800
545999.834,479900
546322.167,480000
546610.200,480100
546914.832,480200
547253.139,480300
547571.076,480400
547882.642,480500
548212.994,480600
548519.788,480700
548822.719,480800
549153.324,480900
549484.918,481000
549761.779,481100
550102.056,481200
550456.885,481300
550752.146,481400
551088.106,481500
551374.260,481600
551660.178,481700
551966.579,481800
552279.072,481900
552569.770,482000
552888.463,482100
553172.227,482200
553517.027,482300
555321.042,482400
555987.223,482500
556487.898,482600
556995.861,482700
557530.568,482800
557989.711,482900
558426.725,483000
558869.427,483100
559233.230,483200
559550.109,483300
559866.068,483400
560172.931,483500
560497.501,483600
560765.712,483700
561029.689,483800
561339.165,483900
561591.933,484000
561923.149,484100
562222.246,484200
562476.714,484300
562741.444,484400
562974.192,484500
563262.367,484600
563538.675,484700
563800.149,484800
564102.834,484900
564351.767,485000
564628.805,485100
564841.312,485200
565160.693,485300
565407.131,485400
565718.434,485500
565961.347,485600
566153.240,485700
566397.992,485800
566685.385,485900
566986.217,486000
567305.091,486100
569416.855,486200
569854.943,486300
570292.629,486400
570657.104,486500
571001.133,486600
571314.215,486700
571610.423,486800
572005.585,486900
572410.676,487000
572817.917,487100
573163.935,487200
573522.465,487300
573853.802,487400
574158.692,487500
574416.925,487600
574695.326,487700
575025.881,487800
575372.185,487900
575738.082,488000
576019.671,488100
576339.428,488200
576634.650,488300
577022.738,488400
577339.085,488500
577683.794,488600
577962.734,488700
578201.913,488800
578416.640,488900
578712.522,489000
579003.454,489100
579308.627,489200
579613.906,489300
579947.506,489400
580230.120,489500
580554.293,489600
582230.072,489700
582751.405,489800
583234.237,489900
583590.441,490000
583899.989,490100
584330.997,490200
584693.622,490300
585087.756,490400
585489.790,490500
585896.382,490600
586302.247,490700
586807.836,490800
587184.429,490900
587519.327,491000
587968.100,491100
588276.397,491200
588613.559,491300
588972.028,491400
589340.601,491500
589705.177,491600
590031.037,491700
590335.111,491800
590615.059,491900
591007.048,492000
591402.571,492100
591756.134,492200
592112.942,492300
592456.089,492400
592768.038,492500
593140.014,492600
593509.543,492700
595539.350,492800
596164.982,492900
596775.329,493000
597384.900,493100
597924.058,493200
598482.271,493300
598967.243,493400
599425.220,493500
599904.551,493600
600353.836,493700
600743.731,493800
601159.382,493900
601579.360,494000
602035.397,494100
602437.389,494200
602853.467,494300
603252.375,494400
603666.140,494500
604067.180,494600
604544.292,494700
604937.943,494800
605310.214,494900
605733.799,495000
606099.913,495100
606476.015,495200
606829.905,495300
607151.939,495400
607541.996,495500
609699.565,495600
610323.064,495700
611027.117,495800
611614.653,495900
612263.307,496000
612828.741,496100
613340.612,496200
613864.852,496300
614352.560,496400
614844.966,496500
615300.655,496600
615742.604,496700
616206.891,496800
616668.118,496900
617124.561,497000
617559.231,497100
617986.561,497200
618389.411,497300
618741.922,497400
619223.477,497500
619654.036,497600
620092.929,497700
620506.200,497800
620905.680,497900
621310.418,498000
621690.192,498100
622159.475,498200
624520.012,498300
625270.976,498400
626088.775,498500
626750.893,498600
627361.298,498700
627983.875,498800
628488.168,498900
629023.337,499000
629545.186,499100
630023.964,499200
630519.091,499300
630998.127,499400
631435.503,499500
631864.075,499600
632389.110,499700
632882.552,499800
633301.910,499900
633706.211,500000
634174.355,500100
634621.286,500200
635060.661,500300
635510.999,500400
635962.140,500500
636455.827,500600
636872.370,500700
637278.019,500800
639452.136,500900
640035.688,501000
640631.499,501100
641258.902,501200
641809.879,501300
642319.280,501400
642836.187,501500
643365.411,501600
643836.944,501700
644376.072,501800
644968.437,501900
645428.052,502000
645895.950,502100
646255.285,502200
646702.348,502300
647108.224,502400
647570.922,502500
647976.914,502600
648488.550,502700
649097.448,502800
649601.183,502900
650026.948,503000
650443.010,503100
650865.276,503200
651253.388,503300
651722.015,503400
652115.896,503500
654169.860,503600
654850.229,503700
655534.792,503800
656124.901,503900
656713.917,504000
657292.019,504100
657862.932,504200
658396.222,504300
659048.508,504400
659689.046,504500
660222.432,504600
660706.825,504700
661166.037,504800
661606.223,504900
662077.420,505000
662556.969,505100
663197.735,505200
663830.493,505300
664286.236,505400
664740.286,505500
665465.730,505600
666265.932,505700
666740.012,505800
667271.768,505900
667756.714,506000
668314.314,506100
668783.512,506200
669209.653,506300
669631.473,506400
670018.552,506500
670494.474,506600
672591.352,506700
673284.886,506800
673895.326,506900
674503.862,507000
675029.953,507100
675540.217,507200
676031.511,507300
676475.535,507400
676896.096,507500
677295.148,507600
677849.082,507700
678344.699,507800
678810.261,507900
679437.048,508000
680092.770,508100
680708.114,508200
681296.175,508300
681843.890,508400
682366.305,508500
682943.793,508600
683441.139,508700
683953.145,508800
684407.185,508900
684877.969,509000
685390.783,509100
685913.649,509200
686361.394,509300
686800.600,509400
687264.495,509500
687723.150,509600
688138.567,509700
688531.276,509800
689094.907,509900
689485.128,510000
689864.328,510100
693039.534,510200
694042.885,510300
694688.867,510400
695198.329,510500
695778.421,510600
696196.187,510700
696735.899,510800
697068.505,510900
697504.365,511000
698017.014,511100
698434.955,511200
698947.095,511300
699518.265,511400
699906.618,511500
700211.617,511600
700630.054,511700
701144.390,511800
701687.591,511900
702208.364,512000
702704.950,512100
703158.666,512200
703709.293,512300
704150.164,512400
704662.368,512500
705121.222,512600
705615.608,512700
706036.509,512800
706405.086,512900
706864.393,513000
707277.406,513100
707794.958,513200
708084.077,513300
708505.697,513400
708770.239,513500
709088.932,513600
709432.393,513700
709661.836,513800
709908.849,513900
711761.874,514000
712161.338,514100
712566.033,514200
712998.121,514300
713366.829,514400
713690.717,514500
714162.299,514600
714498.888,514700
714911.730,514800
715191.846,514900
715443.328,515000
715656.186,515100
715946.441,515200
716240.527,515300
716489.522,515400
716757.736,515500
717123.416,515600
717447.282,515700
717709.886,515800
717969.474,515900
718195.235,516000
718384.155,516100
718596.615,516200
718819.142,516300
719047.692,516400
719332.565,516500
719587.322,516600
719846.859,516700
720106.169,516800
720396.248,516900
720650.875,517000
720887.261,517100
721085.825,517200
721299.728,517300
721518.520,517400
721772.214,517500
722085.640,517600
722305.698,517700
722653.314,517800
722943.446,517900
723225.008,518000
723515.593,518100
723797.762,518200
724035.165,518300
724283.259,518400
724629.201,518500
724935.294,518600
727136.397,518700
727535.501,518800
727946.817,518900
728425.427,519000
728976.277,519100
729693.278,519200
730169.491,519300
730486.524,519400
730899.034,519500
731319.635,519600
731767.817,519700
732275.890,519800
732756.594,519900
733207.993,520000
733656.496,520100
734406.614,520200
734980.647,520300
735210.839,520400
735505.385,520500
735799.358,520600
736067.668,520700
736391.470,520800
736658.639,520900
736971.534,521000
737357.570,521100
737722.583,521200
738103.198,521300
738407.703,521400
738728.283,521500
738997.496,521600
739334.078,521700
739706.203,521800
739949.867,521900
740203.896,522000
740526.490,522100
740803.877,522200
741153.975,522300
741380.059,522400
741582.358,522500
741842.724,522600
743546.735,522700
743881.453,522800
744239.563,522900
744571.707,523000
744839.736,523100
745360.395,523200
745733.139,523300
745976.237,523400
746219.110,523500
746506.725,523600
746806.909,523700
747083.607,523800
747408.930,523900
747698.318,524000
747974.921,524100
748298.080,524200
748480.329,524300
748756.719,524400
749001.647,524500
749192.192,524600
749428.147,524700
749673.310,524800
749971.825,524900
750289.107,525000
750554.384,525100
750850.322,525200
751096.464,525300
751343.258,525400
751696.023,525500
751910.581,525600
752181.428,525700
752816.302,525800
753958.644,525900
754552.478,526000
755013.984,526100
755465.587,526200
755836.507,526300
756260.185,526400
756680.913,526500
756980.369,526600
757277.964,526700
757518.067,526800
757887.637,526900
758185.237,527000
760526.772,527100
761854.921,527200
762643.750,527300
763259.603,527400
763788.006,527500
764473.304,527600
764826.508,527700
765212.362,527800
765482.615,527900
765870.542,528000
766323.034,528100
766671.488,528200
767193.968,528300
767571.981,528400
767851.946,528500
768130.510,528600
768374.916,528700
768668.518,528800
768888.053,528900
769112.807,529000
769403.172,529100
769775.535,529200
770255.981,529300
770694.869,529400
771088.671,529500
771358.354,529600
771611.572,529700
771901.877,529800
772209.213,529900
772523.215,530000
772815.997,530100
773125.498,530200
773529.539,530300
773939.759,530400
774254.478,530500
774574.079,530600
774834.864,530700
775184.334,530800
775428.789,530900
775627.349,531000
775849.045,531100
776147.352,531200
778195.957,531300
778631.762,531400
779210.563,531500
780057.484,531600
780601.342,531700
781079.093,531800
781627.325,531900
782214.569,532000
782521.221,532100
782936.221,532200
783434.324,532300
783857.771,532400
784252.768,532500
784597.680,532600
784887.508,532700
785183.379,532800
785470.933,532900
785786.933,533000
785948.539,533100
786177.701,533200
786436.450,533300
786786.438,533400
787141.509,533500
787492.170,533600
787884.595,533700
788165.769,533800
788498.593,533900
788837.682,534000
789091.804,534100
789292.246,534200
789684.240,534300
790057.325,534400
790379.443,534500
790729.410,534600
791055.886,534700
791355.890,534800
791747.829,534900
792019.127,535000
793910.637,535100
794348.304,535200
794730.491,535300
795446.301,535400
796253.604,535500
796864.836,535600
797547.014,535700
798131.447,535800
798650.513,535900
799213.055,536000
799721.357,536100
800159.170,536200
800481.642,536300
800806.769,536400
801201.859,536500
801614.218,536600
802061.180,536700
802539.271,536800
802893.973,536900
803245.908,537000
803635.233,537100
803991.422,537200
804300.169,537300
804584.980,537400
804837.054,537500
805121.634,537600
805527.952,537700
805810.318,537800
806154.698,537900
806495.269,538000
806768.776,538100
807061.700,538200
807355.696,538300
807623.633,538400
807859.681,538500
808108.956,538600
808357.655,538700
808702.438,538800
809035.442,538900
809466.930,539000
809809.930,539100
811476.044,539200
811878.578,539300
812270.087,539400
812604.961,539500
812941.908,539600
813317.410,539700
813609.529,539800
814033.664,539900
814460.525,540000
814844.448,540100
815183.958,540200
815536.367,540300
816036.767,540400
816324.632,540500
816599.872,540600
816846.491,540700
817111.210,540800
817503.412,540900
817918.359,541000
818193.206,541100
818467.910,541200
818822.892,541300
819137.010,541400
819489.755,541500
819806.581,541600
820052.244,541700
820379.355,541800
820769.113,541900
821126.765,542000
821405.825,542100
821697.494,542200
822016.039,542300
822374.739,542400
822692.606,542500
822979.407,542600
823255.751,542700
823514.152,542800
823934.485,542900
825698.658,543000
826365.753,543100
827009.110,543200
827720.739,543300
828272.939,543400
828930.053,543500
829437.872,543600
829868.513,543700
830362.749,543800
830785.798,543900
831330.378,544000
831887.245,544100
832259.138,544200
832715.791,544300
833109.396,544400
833475.616,544500
833967.906,544600
834317.551,544700
834646.731,544800
835030.730,544900
835632.327,545000
836095.427,545100
836595.746,545200
836936.873,545300
837278.668,545400
837689.481,545500
838001.532,545600
838338.784,545700
838729.137,545800
839142.460,545900
839547.182,546000
839970.346,546100
840404.911,546200
840763.312,546300
841230.733,546400
842838.219,546500
843349.268,546600
843723.799,546700
844176.860,546800
844608.306,546900
845017.020,547000
845520.166,547100
845963.418,547200
846431.285,547300
846858.005,547400
847248.347,547500
847660.888,547600
848088.207,547700
848429.992,547800
848931.683,547900
849325.825,548000
849677.794,548100
850036.694,548200
850416.397,548300
850889.178,548400
851353.762,548500
851713.724,548600
852047.540,548700
852519.897,548800
852948.072,548900
853328.422,549000
853786.185,549100
854204.260,549200
854589.505,549300
855031.350,549400
855443.634,549500
855827.723,549600
857510.620,549700
858137.716,549800
858787.494,549900
859511.932,550000
860353.045,550100
861271.551,550200
861943.854,550300
862548.283,550400
863317.731,550500
863858.809,550600
864533.222,550700
865205.276,550800
865915.212,550900
866606.479,551000
867199.547,551100
867691.581,551200
868358.794,551300
868943.907,551400
869446.868,551500
869979.653,551600
870473.923,551700
870959.998,551800
871494.101,551900
872048.351,552000
872551.955,552100
873039.195,552200
873629.273,552300
874049.610,552400
874518.120,552500
876367.825,552600
877001.126,552700
877751.231,552800
878395.316,552900
878955.848,553000
879536.765,553100
880060.726,553200
880542.506,553300
881026.627,553400
881483.094,553500
881989.411,553600
882461.587,553700
882874.100,553800
883313.008,553900
883722.798,554000
884146.749,554100
884645.690,554200
885144.011,554300
885648.504,554400
886146.637,554500
886595.604,554600
887095.001,554700
887574.402,554800
888214.770,554900
888655.726,555000
888992.852,555100
889381.982,555200
889747.564,555300
890159.814,555400
890538.744,555500
890878.586,555600
891261.345,555700
893101.360,555800
893805.023,555900
894585.811,556000
895322.132,556100
895860.452,556200
896428.828,556300
897082.063,556400
897710.353,556500
898293.974,556600
898853.885,556700
899546.565,556800
900180.906,556900
900851.650,557000
901538.216,557100
902040.514,557200
902468.130,557300
902837.581,557400
903236.128,557500
903547.029,557600
903942.438,557700
904375.838,557800
904726.504,557900
905155.578,558000
905547.817,558100
905863.297,558200
906194.865,558300
906555.552,558400
907145.851,558500
907574.798,558600
907964.551,558700
908357.353,558800
908715.041,558900
909124.160,559000
909532.673,559100
911348.529,559200
911820.495,559300
912295.436,559400
912801.405,559500
913231.852,559600
913731.890,559700
914164.170,559800
914573.511,559900
915023.162,560000
915486.041,560100
915867.636,560200
916207.808,560300
916577.703,560400
917024.053,560500
917454.520,560600
917824.128,560700
918221.480,560800
918671.246,560900
919056.432,561000
919475.445,561100
919799.211,561200
920162.751,561300
920509.803,561400
920861.618,561500
921281.657,561600
921683.773,561700
922030.467,561800
922439.890,561900
922791.704,562000
923156.074,562100
923582.267,562200
925450.682,562300
926196.501,562400
926805.689,562500
927674.781,562600
928757.712,562700
929613.920,562800
930426.756,562900
931035.264,563000
931828.032,563100
932547.171,563200
933228.078,563300
933660.079,563400
934227.922,563500
934784.542,563600
935545.264,563700
936085.016,563800
936640.146,563900
937179.321,564000
937738.504,564100
938176.325,564200
938562.887,564300
938989.015,564400
939394.509,564500
939806.162,564600
940281.206,564700
940733.902,564800
941198.617,564900
941593.363,565000
942028.783,565100
943673.560,565200
944328.553,565300
944790.993,565400
945209.812,565500
945850.987,565600
946461.315,565700
946892.050,565800
947399.869,565900
947895.049,566000
948362.197,566100
948798.045,566200
949199.782,566300
949591.663,566400
949943.722,566500
950419.945,566600
950987.515,566700
951438.879,566800
951917.881,566900
952395.501,567000
952778.339,567100
953150.959,567200
953537.770,567300
953890.674,567400
954192.945,567500
954607.107,567600
955034.203,567700
955357.346,567800
955766.494,567900
956181.610,568000
956629.681,568100
957119.023,568200
959060.109,568300
959801.479,568400
960475.598,568500
961266.947,568600
962191.114,568700
963285.173,568800
963972.920,568900
964753.081,569000
965694.202,569100
966386.749,569200
967085.702,569300
967643.036,569400
968159.333,569500
968751.187,569600
969345.165,569700
969940.209,569800
970495.302,569900
971072.691,570000
971625.680,570100
972151.476,570200
972689.379,570300
973189.899,570400
973608.583,570500
974088.723,570600
974526.208,570700
974998.098,570800
975520.192,570900
977442.949,571000
978125.903,571100
978786.093,571200
979352.294,571300
979945.238,571400
980390.340,571500
980847.692,571600
981367.668,571700
981849.363,571800
982276.040,571900
982761.887,572000
983293.543,572100
983787.374,572200
984297.412,572300
984841.845,572400
985301.065,572500
985784.758,572600
986236.444,572700
986662.129,572800
987147.740,572900
987672.861,573000
988250.116,573100
988666.106,573200
989100.200,573300
989573.259,573400
991727.100,573500
992599.661,573600
993529.421,573700
994862.494,573800
995758.992,573900
996730.981,574000
997605.561,574100
998493.334,574200
999283.550,574300
1000008.516,574400
1000790.871,574500
1001531.028,574600
1002158.663,574700
1002778.994,574800
1003298.718,574900
1003878.851,575000
1004443.459,575100
1005009.818,575200
1005566.720,575300
1006082.158,575400
1006641.181,575500
1007167.895,575600
1007750.070,575700
1008368.749,575800
1009040.045,575900
1011564.575,576000
1012313.580,576100
1012934.990,576200
1013633.597,576300
1014223.995,576400
1014847.266,576500
1015435.372,576600
1016170.354,576700
1016747.457,576800
1017267.462,576900
1017764.953,577000
1018290.796,577100
1018860.831,577200
1019422.961,577300
1019915.074,577400
1020487.547,577500
1020945.977,577600
1021451.767,577700
1021911.718,577800
1022325.555,577900
1022862.949,578000
1023391.926,578100
1023865.913,578200
1024440.632,578300
1024909.090,578400
1027121.346,578500
1028068.072,578600
1029184.923,578700
1030248.483,578800
1031285.074,578900
1032338.205,579000
1033392.540,579100
1034209.324,579200
1034977.265,579300
1035625.461,579400
1036164.584,579500
1036748.965,579600
1037343.553,579700
1037930.470,579800
1038589.690,579900
1039222.527,580000
1039761.344,580100
1040327.960,580200
1040885.535,580300
1041497.032,580400
1042004.559,580500
1042544.390,580600
1043101.304,580700
1043721.824,580800
1044249.639,580900
1046345.329,581000
1047027.418,581100
1047868.999,581200
1048550.851,581300
1049194.306,581400
1049753.087,581500
1050267.176,581600
1050903.537,581700
1051485.433,581800
1052183.954,581900
1052841.748,582000
1053423.255,582100
1053946.900,582200
1054577.679,582300
1055173.549,582400
1055799.261,582500
1056465.564,582600
1057123.792,582700
1057725.260,582800
1058300.530,582900
1058970.140,583000
1059444.049,583100
1059904.965,583200
1060353.133,583300
1060820.980,583400
1062916.018,583500
1063991.201,583600
1065284.017,583700
1066200.147,583800
1067058.156,583900
1068057.621,584000
1068755.481,584100
1069415.695,584200
1070108.151,584300
1070818.828,584400
1071529.679,584500
1072282.666,584600
1072979.242,584700
1073899.588,584800
1074533.579,584900
1075141.311,585000
1075856.779,585100
1076470.376,585200
1077009.518,585300
1077479.639,585400
1077999.518,585500
1078606.779,585600
1079143.967,585700
1079671.832,585800
1080313.668,585900
1080857.047,586000
1081404.724,586100
1083451.224,586200
1084066.235,586300
1084567.720,586400
1085330.398,586500
1085930.338,586600
1086597.487,586700
1087081.146,586800
1087596.695,586900
1088165.122,587000
1088663.688,587100
1089124.146,587200
1089488.998,587300
1089815.809,587400
1090197.317,587500
1090580.599,587600
1091018.172,587700
1091564.423,587800
1092030.023,587900
1092465.802,588000
1092957.791,588100
1093535.516,588200
1094014.326,588300
1094403.484,588400
1094774.075,588500
1095163.132,588600
1095529.918,588700
1096086.494,588800
1096577.872,588900
1097109.741,589000
1097652.133,589100
1099794.301,589200
1100732.016,589300
1101813.530,589400
1102620.496,589500
1103247.999,589600
1103924.041,589700
1104587.933,589800
1105521.139,589900
1106354.406,590000
1107096.861,590100
1107738.478,590200
1108359.657,590300
1108935.544,590400
1109525.214,590500
1110041.529,590600
1110563.243,590700
1110980.880,590800
1111462.202,590900
1111973.082,591000
1112560.418,591100
1113178.207,591200
1113713.144,591300
1114176.762,591400
1114595.711,591500
1115080.356,591600
1115427.918,591700
1115788.554,591800
1116284.488,591900
1118161.929,592000
1118732.905,592100
1119360.075,592200
1119892.867,592300
1120485.226,592400
1120980.155,592500
1121418.423,592600
1121766.020,592700
1122202.653,592800
1122670.866,592900
1123169.204,593000
1123624.432,593100
1124093.411,593200
1124607.997,593300
1125144.865,593400
1125587.756,593500
1126280.001,593600
1126680.904,593700
1126989.350,593800
1127433.923,593900
1127806.030,594000
1128314.984,594100
1128954.228,594200
1129367.359,594300
1129836.720,594400
1130198.705,594500
1130636.160,594600
1131047.319,594700
1131458.166,594800
1131829.358,594900
1134241.782,595000
1134802.213,595100
1135925.792,595200
1137003.971,595300
1137861.759,595400
1138729.512,595500
1139442.436,595600
1140172.024,595700
1140929.497,595800
1141594.836,595900
1142311.402,596000
1142915.217,596100
1143559.008,596200
1144318.132,596300
1145020.974,596400
1145640.009,596500
1146194.486,596600
1146655.767,596700
1147202.666,596800
1147871.603,596900
1148297.182,597000
1148783.960,597100
1149339.727,597200
1149964.699,597300
1150508.679,597400
1151017.206,597500
1151524.007,597600
1152008.847,597700
1152479.307,597800
1154336.146,597900
1154793.951,598000
1155274.218,598100
1155804.068,598200
1156223.725,598300
1156783.127,598400
1157332.498,598500
1157778.230,598600
1158292.222,598700
1158821.413,598800
1159248.324,598900
1159724.342,599000
1160247.142,599100
1160571.076,599200
1161035.646,599300
1161544.643,599400
1161979.257,599500
1162502.002,599600
1162988.077,599700
1163539.782,599800
1163959.964,599900
1164418.342,600000
1164873.764,600100
1165322.821,600200
1165669.584,600300
1166172.083,600400
1166615.727,600500
1167099.461,600600
1167443.574,600700
1167904.134,600800
1170040.439,600900
1171052.364,601000
1172393.277,601100
1173361.628,601200
1174376.813,601300
1175249.724,601400
1176231.202,601500
1177280.468,601600
1178138.692,601700
1178779.010,601800
1179621.134,601900
1180312.209,602000
1180918.687,602100
1181492.722,602200
1182021.533,602300
1182705.448,602400
1183338.203,602500
1184033.612,602600
1184677.244,602700
1185243.159,602800
1185759.285,602900
1186274.189,603000
1186749.624,603100
1187195.670,603200
1187646.084,603300
1188266.761,603400
1188718.515,603500
1189388.899,603600
1191123.740,603700
1191750.655,603800
1192842.244,603900
1193571.738,604000
1194326.977,604100
1195043.781,604200
1195546.131,604300
1196077.609,604400
1196662.613,604500
1197139.552,604600
1197656.560,604700
1198184.830,604800
1198769.137,604900
1199272.996,605000
1199641.627,605100
1200065.577,605200
1200577.532,605300
1201152.557,605400
1201772.104,605500
1202376.847,605600
1202767.552,605700
1203207.048,605800
1203636.207,605900
1204104.370,606000
1204589.340,606100
1204977.062,606200
1205469.675,606300
1205969.607,606400
1206418.419,606500
1208887.094,606600
1210189.141,606700
1211520.593,606800
1212421.225,606900
1213418.653,607000
1214179.195,607100
1214895.250,607200
1215796.770,607300
1216610.647,607400
1217629.146,607500
1218596.106,607600
1219475.101,607700
1220191.428,607800
1220855.981,607900
1221482.810,608000
1221910.104,608100
1222470.021,608200
1223286.282,608300
1223971.052,608400
1224703.658,608500
1225483.470,608600
1226110.423,608700
1226656.424,608800
1227252.354,608900
1227705.586,609000
1228092.640,609100
1228494.465,609200
1228828.693,609300
1229287.505,609400
1229882.502,609500
1230464.017,609600
1232436.999,609700
1233202.180,609800
1234202.320,609900
1234823.354,610000
1235573.767,610100
1236039.457,610200
1237094.877,610300
1237685.224,610400
1238257.315,610500
1238894.456,610600
1239413.372,610700
1239760.891,610800
1240137.152,610900
1240708.940,611000
1241140.893,611100
1241655.915,611200
1242106.510,611300
1242438.554,611400
1242890.148,611500
1243407.790,611600
1243943.760,611700
1244497.463,611800
1245151.946,611900
1245766.106,612000
1246336.334,612100
1246831.434,612200
1247358.665,612300
1247809.164,612400
1248139.324,612500
1248658.619,612600
1249163.337,612700
1249861.036,612800
1252309.453,612900
1253319.740,613000
1254592.842,613100
1255450.516,613200
1256724.449,613300
1257836.144,613400
1258753.989,613500
1259658.179,613600
1260543.068,613700
1261354.603,613800
1262193.939,613900
1263179.105,614000
1263993.173,614100
1264616.764,614200
1265238.472,614300
1265918.728,614400
1266382.957,614500
1266851.443,614600
1267412.997,614700
1267990.316,614800
1268764.856,614900
1269439.632,615000
1270187.327,615100
1270674.515,615200
1271366.979,615300
1271964.854,615400
1272414.186,615500
1273041.887,615600
1273607.323,615700
1274188.612,615800
1276399.414,615900
1277388.527,616000
1278042.366,616100
1278816.534,616200
1279608.227,616300
1280460.198,616400
1281164.816,616500
1281863.132,616600
1282569.716,616700
1283184.696,616800
1283849.556,616900
1284515.121,617000
1285339.849,617100
1286110.047,617200
1286850.837,617300
1287462.082,617400
1288025.101,617500
1288673.811,617600
1289181.903,617700
1289685.782,617800
1290156.932,617900
1290772.059,618000
1291413.303,618100
1292044.391,618200
1292764.339,618300
1293297.777,618400
1293789.773,618500
1295963.729,618600
1296839.451,618700
1297684.768,618800
1298876.642,618900
1299885.763,619000
1300875.113,619100
1301884.598,619200
