timestamp_ms,height
21792.429,0
21795.428,100
21800.280,200
21803.321,300
21806.302,400
21809.093,500
21811.904,600
21814.784,700
21817.713,800
21820.699,900
21823.676,1000
21826.679,1100
21829.478,1200
21832.390,1300
21834.966,1400
21837.649,1500
21840.608,1600
21843.542,1700
21846.612,1800
21849.553,1900
21852.324,2000
21855.132,2100
21857.912,2200
21860.741,2300
21863.675,2400
21866.300,2500
21869.186,2600
21872.197,2700
21875.023,2800
21878.018,2900
21880.871,3000
21883.685,3100
21886.260,3200
21889.090,3300
21892.195,3400
21895.059,3500
21898.174,3600
21901.195,3700
21904.106,3800
21907.207,3900
21909.984,4000
21913.011,4100
21915.637,4200
21918.462,4300
21921.228,4400
21924.212,4500
21927.113,4600
21929.912,4700
21932.586,4800
21935.531,4900
21938.383,5000
21941.235,5100
21944.055,5200
21946.917,5300
21949.955,5400
21952.749,5500
21955.772,5600
21958.609,5700
21961.478,5800
21964.260,5900
21967.065,6000
21969.749,6100
21972.655,6200
21975.484,6300
21978.463,6400
21981.136,6500
21983.886,6600
21986.682,6700
21989.760,6800
21992.568,6900
21995.465,7000
21998.251,7100
22001.144,7200
22004.057,7300
22006.878,7400
22009.747,7500
22012.292,7600
22014.953,7700
22017.917,7800
22020.747,7900
22023.482,8000
22026.354,8100
22029.248,8200
22031.903,8300
22034.807,8400
22037.735,8500
22040.502,8600
22043.362,8700
22046.415,8800
22049.169,8900
22052.132,9000
22055.032,9100
22058.014,9200
22060.857,9300
22063.669,9400
22066.457,9500
22069.235,9600
22071.908,9700
22074.835,9800
22077.584,9900
22080.336,10000
22083.238,10100
22086.009,10200
22088.870,10300
22091.829,10400
22094.621,10500
22097.456,10600
22100.415,10700
22103.196,10800
22106.062,10900
22108.963,11000
22111.877,11100
22114.499,11200
22117.417,11300
22120.364,11400
22123.160,11500
22126.260,11600
22129.110,11700
22131.965,11800
22134.908,11900
22137.573,12000
22140.255,12100
22143.304,12200
22146.198,12300
22149.161,12400
22152.090,12500
22155.000,12600
22157.816,12700
22160.477,12800
22163.122,12900
22165.973,13000
22169.012,13100
22171.822,13200
22174.580,13300
22177.536,13400
22180.300,13500
22183.020,13600
22185.801,13700
22188.728,13800
22191.588,13900
22194.270,14000
22197.174,14100
22200.060,14200
22202.979,14300
22206.030,14400
22208.799,14500
22211.659,14600
22214.453,14700
22217.301,14800
22220.121,14900
22222.966,15000
22225.949,15100
22228.688,15200
22231.415,15300
22234.297,15400
22237.209,15500
22239.990,15600
22242.703,15700
22245.536,15800
22248.288,15900
22251.028,16000
22253.819,16100
22256.623,16200
22259.544,16300
22262.830,16400
22265.740,16500
22268.591,16600
22271.466,16700
22274.326,16800
22277.024,16900
22279.818,17000
22282.410,17100
22285.480,17200
22288.207,17300
22291.131,17400
22293.856,17500
22296.712,17600
22299.579,17700
22302.476,17800
22305.152,17900
22308.046,18000
22310.856,18100
22313.802,18200
22316.620,18300
22319.719,18400
22322.675,18500
22325.480,18600
22328.145,18700
22330.978,18800
22333.720,18900
22336.490,19000
22339.257,19100
22342.110,19200
22344.920,19300
22347.734,19400
22350.486,19500
22353.376,19600
22355.958,19700
22358.709,19800
22361.464,19900
22364.352,20000
22367.077,20100
22369.816,20200
22372.640,20300
22375.373,20400
22378.149,20500
22380.931,20600
22383.696,20700
22386.469,20800
22389.362,20900
22392.200,21000
22394.977,21100
22397.874,21200
22400.603,21300
22403.453,21400
22406.228,21500
22409.272,21600
22412.160,21700
22415.197,21800
22418.023,21900
22420.949,22000
22423.786,22100
22426.659,22200
22429.473,22300
22432.022,22400
22434.926,22500
22437.814,22600
22440.803,22700
22443.786,22800
22446.650,22900
22449.333,23000
22452.184,23100
22455.103,23200
22458.032,23300
22460.872,23400
22463.873,23500
22466.803,23600
22469.665,23700
22472.577,23800
22475.437,23900
22478.160,24000
22480.912,24100
22483.814,24200
22486.765,24300
22489.576,24400
22492.629,24500
22495.244,24600
22498.233,24700
22500.978,24800
22504.105,24900
22506.754,25000
22509.795,25100
22512.536,25200
22515.457,25300
22518.440,25400
22521.241,25500
22524.227,25600
22527.044,25700
22529.761,25800
22532.516,25900
22535.327,26000
22538.346,26100
22541.275,26200
22544.049,26300
22546.673,26400
22549.472,26500
22552.432,26600
22555.378,26700
22558.169,26800
22561.144,26900
22563.997,27000
22566.842,27100
22569.630,27200
22572.460,27300
22575.259,27400
22577.888,27500
22580.647,27600
22583.484,27700
22586.090,27800
22588.916,27900
22591.686,28000
22594.422,28100
22597.014,28200
22599.761,28300
22602.565,28400
22605.496,28500
22608.483,28600
22611.642,28700
22614.400,28800
22617.240,28900
22620.129,29000
22623.039,29100
22626.283,29200
22629.079,29300
22631.828,29400
22634.915,29500
22637.710,29600
22640.928,29700
22643.807,29800
22646.755,29900
22649.647,30000
22652.339,30100
22655.315,30200
22658.206,30300
22661.039,30400
22663.897,30500
22666.831,30600
22669.567,30700
22672.460,30800
22675.039,30900
22677.760,31000
22680.605,31100
22683.421,31200
22686.360,31300
22689.502,31400
22692.367,31500
22695.092,31600
22697.982,31700
22700.864,31800
22703.723,31900
22706.572,32000
22709.380,32100
22712.136,32200
22714.899,32300
22717.637,32400
22720.467,32500
22723.584,32600
22726.836,32700
22730.328,32800
22733.162,32900
22735.952,33000
22738.954,33100
22741.978,33200
22744.907,33300
22747.772,33400
22750.567,33500
22753.301,33600
22755.945,33700
22758.740,33800
22761.512,33900
22764.260,34000
22767.016,34100
22769.729,34200
22772.523,34300
22775.375,34400
22778.336,34500
22781.362,34600
22784.311,34700
22787.143,34800
22790.054,34900
22792.856,35000
22795.523,35100
22798.367,35200
22801.130,35300
22803.798,35400
22806.594,35500
22809.456,35600
22812.649,35700
22815.479,35800
22818.273,35900
22821.157,36000
22823.679,36100
22826.660,36200
22829.655,36300
22832.677,36400
22835.754,36500
22838.687,36600
22841.592,36700
22844.479,36800
22847.387,36900
22850.272,37000
22853.195,37100
22856.125,37200
22859.236,37300
22862.168,37400
22865.220,37500
22868.196,37600
22871.303,37700
22874.339,37800
22877.198,37900
22879.951,38000
22882.999,38100
22885.853,38200
22888.721,38300
22891.687,38400
22894.646,38500
22897.611,38600
22900.627,38700
22903.225,38800
22906.076,38900
22909.021,39000
22912.103,39100
22914.817,39200
22917.772,39300
22921.083,39400
22924.279,39500
22927.079,39600
22930.077,39700
22932.989,39800
22935.905,39900
22938.799,40000
22941.837,40100
22944.909,40200
22947.999,40300
22950.966,40400
22953.999,40500
22956.753,40600
22959.833,40700
22962.712,40800
22965.794,40900
22968.723,41000
22971.742,41100
22974.808,41200
22977.790,41300
22980.705,41400
22983.597,41500
22986.622,41600
22989.475,41700
22992.601,41800
22995.523,41900
22998.370,42000
23001.410,42100
23004.333,42200
23007.287,42300
23010.426,42400
23013.257,42500
23016.542,42600
23019.536,42700
23022.606,42800
23025.740,42900
23028.875,43000
23032.126,43100
23035.031,43200
23038.187,43300
23041.100,43400
23043.950,43500
23046.944,43600
23049.927,43700
23053.337,43800
23056.217,43900
23059.122,44000
23062.336,44100
23065.398,44200
23068.455,44300
23071.309,44400
23074.530,44500
23077.309,44600
23080.241,44700
23083.528,44800
23086.574,44900
23089.388,45000
23092.553,45100
23095.448,45200
23098.390,45300
23101.341,45400
23104.527,45500
23107.485,45600
23110.481,45700
23113.567,45800
23116.793,45900
23119.983,46000
23123.096,46100
23126.330,46200
23129.091,46300
23132.079,46400
23135.210,46500
23138.109,46600
23141.260,46700
23144.391,46800
23147.365,46900
23150.410,47000
23153.726,47100
23156.893,47200
23160.016,47300
23162.997,47400
23165.884,47500
23168.819,47600
23171.823,47700
23174.873,47800
23178.214,47900
23181.038,48000
23183.870,48100
23186.854,48200
23189.933,48300
23192.984,48400
23196.020,48500
23199.061,48600
23201.920,48700
23204.774,48800
23207.910,48900
23210.989,49000
23214.354,49100
23217.492,49200
23220.708,49300
23223.807,49400
23226.671,49500
23229.776,49600
23232.845,49700
23236.077,49800
23239.699,49900
23242.993,50000
23246.238,50100
23249.406,50200
23252.937,50300
23256.175,50400
23259.468,50500
23262.442,50600
23265.983,50700
23269.275,50800
23272.959,50900
23276.071,51000
23279.571,51100
23282.859,51200
23286.219,51300
23289.379,51400
23292.685,51500
23295.986,51600
23299.807,51700
23306.459,51800
23309.943,51900
23313.120,52000
23316.651,52100
23320.250,52200
23323.293,52300
23326.598,52400
23329.751,52500
23333.527,52600
23336.979,52700
23340.507,52800
23344.019,52900
23347.857,53000
23351.566,53100
23355.203,53200
23359.017,53300
23362.503,53400
23365.781,53500
23369.360,53600
23372.748,53700
23376.185,53800
23379.496,53900
23382.855,54000
23386.227,54100
23389.506,54200
23392.858,54300
23396.067,54400
23399.680,54500
23403.051,54600
23406.156,54700
23410.018,54800
23413.430,54900
23416.639,55000
23420.065,55100
23423.467,55200
23427.072,55300
23430.339,55400
23433.594,55500
23437.337,55600
23440.786,55700
23444.011,55800
23448.407,55900
23451.777,56000
23454.984,56100
23458.198,56200
23461.758,56300
23465.382,56400
23469.161,56500
23472.198,56600
23475.639,56700
23479.143,56800
23483.070,56900
23486.429,57000
23489.894,57100
23493.475,57200
23497.034,57300
23500.731,57400
23504.669,57500
23508.147,57600
23511.584,57700
23515.033,57800
23518.804,57900
23522.679,58000
23526.293,58100
23529.481,58200
23532.855,58300
23536.193,58400
23539.780,58500
23543.425,58600
23546.993,58700
23550.561,58800
23554.123,58900
23557.749,59000
23561.456,59100
23565.007,59200
23568.952,59300
23573.266,59400
23576.920,59500
23580.454,59600
23584.631,59700
23588.320,59800
23592.051,59900
23596.096,60000
23599.505,60100
23603.142,60200
23606.995,60300
23610.681,60400
23614.999,60500
23619.093,60600
23622.652,60700
23626.907,60800
23630.908,60900
23635.052,61000
23639.059,61100
23642.893,61200
23646.937,61300
23651.091,61400
23654.666,61500
23658.321,61600
23662.117,61700
23665.452,61800
23669.286,61900
23673.358,62000
23677.536,62100
23681.637,62200
23685.500,62300
23689.530,62400
23692.967,62500
23697.408,62600
23701.352,62700
23704.761,62800
23708.276,62900
23711.866,63000
23715.433,63100
23719.669,63200
23723.697,63300
23727.967,63400
23731.998,63500
23736.266,63600
23739.768,63700
23743.519,63800
23746.948,63900
23751.516,64000
23754.909,64100
23758.733,64200
23762.153,64300
23766.265,64400
23770.357,64500
23774.157,64600
23777.888,64700
23781.930,64800
23785.900,64900
23789.762,65000
23793.485,65100
23797.125,65200
23800.591,65300
23804.081,65400
23807.680,65500
23815.304,65600
23821.309,65700
23826.974,65800
23832.546,65900
23838.654,66000
23843.906,66100
23850.084,66200
23855.067,66300
23859.675,66400
23864.433,66500
23869.046,66600
23873.940,66700
23878.961,66800
23884.932,66900
23890.265,67000
23894.888,67100
23898.957,67200
23908.031,67300
23917.143,67400
23921.907,67500
23926.607,67600
23931.136,67700
23936.238,67800
23941.788,67900
23947.503,68000
23952.782,68100
23957.551,68200
23962.235,68300
23967.002,68400
23972.029,68500
23978.412,68600
23982.741,68700
23988.318,68800
23993.244,68900
23998.734,69000
24004.342,69100
24008.929,69200
24015.020,69300
24020.408,69400
24025.693,69500
24030.978,69600
24036.267,69700
24041.120,69800
24046.093,69900
24051.135,70000
24056.459,70100
24062.097,70200
24067.277,70300
24071.554,70400
24076.088,70500
24081.321,70600
24086.937,70700
24091.840,70800
24099.235,70900
24103.644,71000
24108.719,71100
24113.069,71200
24117.244,71300
24121.493,71400
24125.703,71500
24129.590,71600
24133.802,71700
24137.709,71800
24142.544,71900
24146.551,72000
24152.302,72100
24156.956,72200
24160.778,72300
24165.782,72400
24170.035,72500
24175.234,72600
24180.156,72700
24185.014,72800
24189.515,72900
24193.425,73000
24197.938,73100
24202.723,73200
24208.873,73300
24213.334,73400
24218.039,73500
24222.051,73600
24227.050,73700
24231.411,73800
24235.978,73900
24241.136,74000
24245.300,74100
24249.638,74200
24253.474,74300
24257.972,74400
24261.923,74500
24265.743,74600
24270.652,74700
24276.466,74800
24281.111,74900
24287.261,75000
24292.793,75100
24298.095,75200
24302.630,75300
24307.470,75400
24312.311,75500
24316.912,75600
24321.264,75700
24325.357,75800
24329.901,75900
24334.250,76000
24338.467,76100
24343.441,76200
24347.649,76300
24352.123,76400
24356.558,76500
24361.567,76600
24365.911,76700
24370.448,76800
24375.165,76900
24379.531,77000
24383.764,77100
24388.657,77200
24394.099,77300
24399.038,77400
24403.724,77500
24409.007,77600
24413.886,77700
24418.727,77800
24423.596,77900
24427.538,78000
24431.916,78100
24436.629,78200
24441.292,78300
24445.859,78400
24450.120,78500
24454.307,78600
24459.546,78700
24464.687,78800
24469.800,78900
24474.544,79000
24479.039,79100
24483.752,79200
24487.874,79300
24492.860,79400
24498.069,79500
24503.324,79600
24507.812,79700
24513.313,79800
24518.039,79900
24523.215,80000
24528.077,80100
24532.053,80200
24536.281,80300
24541.122,80400
24545.971,80500
24550.227,80600
24554.515,80700
24559.083,80800
24563.730,80900
24568.736,81000
24574.650,81100
24581.652,81200
24588.028,81300
24595.098,81400
24599.966,81500
24605.476,81600
24610.198,81700
24615.818,81800
24620.587,81900
24626.028,82000
24631.074,82100
24635.527,82200
24641.764,82300
24647.130,82400
24651.562,82500
24656.155,82600
24661.664,82700
24670.079,82800
24675.433,82900
24680.874,83000
24685.870,83100
24692.515,83200
24698.341,83300
24704.259,83400
24710.078,83500
24715.976,83600
24721.376,83700
24727.168,83800
24732.421,83900
24737.310,84000
24742.885,84100
24747.579,84200
24753.272,84300
24757.993,84400
24763.105,84500
24768.146,84600
24773.245,84700
24778.055,84800
24783.212,84900
24787.939,85000
24792.740,85100
24797.034,85200
24801.772,85300
24805.998,85400
24810.184,85500
24814.952,85600
24819.310,85700
24824.182,85800
24828.481,85900
24833.437,86000
24839.064,86100
24845.163,86200
24852.148,86300
24857.079,86400
24863.098,86500
24868.387,86600
24873.548,86700
24879.221,86800
24885.801,86900
24891.550,87000
24897.460,87100
24902.047,87200
24907.773,87300
24912.419,87400
24918.082,87500
24922.829,87600
24928.305,87700
24933.452,87800
24938.699,87900
24944.291,88000
24949.115,88100
24954.372,88200
24959.231,88300
24963.898,88400
24968.781,88500
24973.464,88600
24977.769,88700
24981.710,88800
24986.663,88900
24991.456,89000
24995.993,89100
25000.576,89200
25004.746,89300
25009.133,89400
25013.271,89500
25017.990,89600
25022.429,89700
25027.267,89800
25032.374,89900
25036.827,90000
25041.276,90100
25046.116,90200
25050.739,90300
25055.263,90400
25060.045,90500
25065.301,90600
25069.668,90700
25074.534,90800
25079.150,90900
25084.133,91000
25088.507,91100
25093.007,91200
25097.578,91300
25102.016,91400
25106.213,91500
25110.299,91600
25114.175,91700
25118.458,91800
25122.962,91900
25127.563,92000
25140.694,92100
25151.635,92200
25156.712,92300
25161.280,92400
25166.079,92500
25170.553,92600
25174.762,92700
25181.763,92800
25193.789,92900
25207.315,93000
25219.228,93100
25226.441,93200
25231.050,93300
25236.312,93400
25241.595,93500
25247.135,93600
25258.268,93700
25269.550,93800
25277.438,93900
25284.487,94000
25290.371,94100
25296.177,94200
25301.185,94300
25306.243,94400
25310.719,94500
25316.036,94600
25320.793,94700
25326.145,94800
25332.026,94900
25337.428,95000
25342.503,95100
25348.165,95200
25353.026,95300
25358.288,95400
25362.666,95500
25367.832,95600
25372.176,95700
25377.157,95800
25381.649,95900
25386.492,96000
25391.422,96100
25396.878,96200
25402.673,96300
25407.890,96400
25412.863,96500
25418.001,96600
25423.110,96700
25428.514,96800
25434.059,96900
25440.018,97000
25445.758,97100
25451.816,97200
25459.088,97300
25466.658,97400
25472.648,97500
25479.463,97600
25485.564,97700
25491.407,97800
25497.267,97900
25503.497,98000
25509.242,98100
25514.951,98200
25521.428,98300
25526.858,98400
25532.731,98500
25540.210,98600
25545.716,98700
25551.566,98800
25557.781,98900
25564.078,99000
25570.626,99100
25577.095,99200
25583.206,99300
25589.447,99400
25595.860,99500
25601.912,99600
25607.979,99700
25613.899,99800
25620.570,99900
25626.307,100000
25632.808,100100
25638.427,100200
25644.332,100300
25649.742,100400
25654.890,100500
25661.504,100600
25667.285,100700
25673.466,100800
25680.577,100900
25688.858,101000
25696.235,101100
25703.150,101200
25709.659,101300
25715.949,101400
25723.200,101500
25730.431,101600
25738.223,101700
25745.573,101800
25753.057,101900
25760.761,102000
25768.036,102100
25777.256,102200
25784.212,102300
25791.159,102400
25798.532,102500
25805.806,102600
25812.914,102700
25819.985,102800
25827.735,102900
25834.176,103000
25840.583,103100
25847.083,103200
25853.807,103300
25861.522,103400
25868.004,103500
25874.951,103600
25881.520,103700
25888.273,103800
25896.022,103900
25904.925,104000
25913.266,104100
25920.691,104200
25929.043,104300
25936.799,104400
25944.010,104500
25951.172,104600
25957.446,104700
25964.559,104800
25971.465,104900
25978.517,105000
25986.723,105100
25994.919,105200
26003.125,105300
26014.310,105400
26022.873,105500
26030.702,105600
26037.526,105700
26045.480,105800
26052.109,105900
26058.103,106000
26064.204,106100
26070.437,106200
26077.168,106300
26083.343,106400
26089.008,106500
26096.116,106600
26101.893,106700
26107.998,106800
26114.111,106900
26121.105,107000
26127.853,107100
26136.108,107200
26147.356,107300
26157.265,107400
26166.507,107500
26176.642,107600
26185.278,107700
26193.914,107800
26201.800,107900
26210.257,108000
26219.683,108100
26229.229,108200
26237.400,108300
26245.259,108400
26253.205,108500
26261.125,108600
26269.504,108700
26277.927,108800
26286.192,108900
26295.227,109000
26304.969,109100
26313.580,109200
26321.329,109300
26330.405,109400
26339.066,109500
26348.658,109600
26357.176,109700
26366.404,109800
26375.464,109900
26383.733,110000
26393.149,110100
26401.591,110200
26410.590,110300
26419.033,110400
26428.066,110500
26435.872,110600
26444.194,110700
26452.308,110800
26460.662,110900
26471.659,111000
26481.158,111100
26491.403,111200
26502.228,111300
26511.020,111400
26521.550,111500
26532.137,111600
26541.314,111700
26550.185,111800
26558.793,111900
26566.297,112000
26574.441,112100
26582.460,112200
26590.519,112300
26600.050,112400
26607.812,112500
26616.924,112600
26627.060,112700
26635.687,112800
26644.557,112900
26654.122,113000
26664.023,113100
26674.087,113200
26684.016,113300
26693.951,113400
26705.665,113500
26715.654,113600
26726.492,113700
26737.163,113800
26747.726,113900
26757.983,114000
26769.173,114100
26779.743,114200
26789.850,114300
26802.743,114400
26813.045,114500
26823.163,114600
26834.804,114700
26845.217,114800
26854.952,114900
26864.420,115000
26874.281,115100
26884.999,115200
26895.739,115300
26906.692,115400
26915.874,115500
26926.761,115600
26937.337,115700
26946.716,115800
26956.308,115900
26965.152,116000
26974.241,116100
26983.332,116200
26992.234,116300
27001.336,116400
27010.351,116500
27020.210,116600
27029.521,116700
27039.629,116800
27047.995,116900
27057.633,117000
27067.036,117100
27076.425,117200
27086.051,117300
27095.432,117400
27105.327,117500
27114.940,117600
27123.750,117700
27133.827,117800
27143.110,117900
27152.811,118000
27162.966,118100
27172.474,118200
27182.699,118300
27192.502,118400
27203.040,118500
27213.115,118600
27222.474,118700
27232.434,118800
27241.749,118900
27252.041,119000
27264.148,119100
27274.306,119200
27286.286,119300
27295.846,119400
27305.761,119500
27314.271,119600
27324.218,119700
27333.837,119800
27378.970,119900
27388.582,120000
27398.376,120100
27408.517,120200
27418.476,120300
27429.442,120400
27440.291,120500
27451.533,120600
27461.092,120700
27471.034,120800
27479.967,120900
27489.542,121000
27500.014,121100
27516.301,121200
27526.841,121300
27535.461,121400
27545.780,121500
27554.296,121600
27564.758,121700
27575.427,121800
27585.364,121900
27595.132,122000
27605.970,122100
27616.812,122200
27627.239,122300
27637.197,122400
27647.842,122500
27657.572,122600
27667.317,122700
27677.549,122800
27687.754,122900
27697.816,123000
27707.975,123100
27718.765,123200
27728.961,123300
27739.167,123400
27749.180,123500
27760.846,123600
27771.115,123700
27781.716,123800
27791.291,123900
27802.604,124000
27812.920,124100
27823.860,124200
27834.530,124300
27845.662,124400
27856.335,124500
27866.706,124600
27877.501,124700
27887.521,124800
27897.668,124900
27909.551,125000
27924.841,125100
27936.334,125200
27947.547,125300
27959.528,125400
27971.094,125500
27982.546,125600
27993.404,125700
28004.547,125800
28015.783,125900
28026.477,126000
28037.646,126100
28048.054,126200
28058.540,126300
28069.763,126400
28081.308,126500
28092.406,126600
28103.418,126700
28116.942,126800
28127.637,126900
28139.153,127000
28150.471,127100
28162.372,127200
28174.854,127300
28187.117,127400
28198.596,127500
28211.199,127600
28224.156,127700
28237.192,127800
28251.162,127900
28263.783,128000
28277.603,128100
28291.293,128200
28305.757,128300
28321.408,128400
28335.251,128500
28348.984,128600
28363.180,128700
28376.129,128800
28389.532,128900
28402.329,129000
28417.883,129100
28432.140,129200
28448.267,129300
28464.138,129400
28484.733,129500
28500.261,129600
28516.646,129700
28530.505,129800
28546.362,129900
28560.890,130000
28575.437,130100
28589.158,130200
28604.231,130300
28621.373,130400
28639.662,130500
28654.368,130600
28670.178,130700
28685.517,130800
28701.836,130900
28716.422,131000
28735.961,131100
28751.533,131200
28769.753,131300
28786.787,131400
28803.421,131500
28819.028,131600
28836.877,131700
28851.938,131800
28867.015,131900
28882.124,132000
28897.262,132100
28911.568,132200
28924.487,132300
28939.074,132400
28952.012,132500
28966.364,132600
28981.391,132700
28995.622,132800
29010.763,132900
29023.654,133000
29039.169,133100
29056.067,133200
29073.776,133300
29089.736,133400
29109.443,133500
29127.436,133600
29144.582,133700
29161.023,133800
29176.788,133900
29193.019,134000
29212.899,134100
29228.778,134200
29252.002,134300
29267.874,134400
29283.620,134500
29298.248,134600
29315.195,134700
29331.613,134800
29347.509,134900
29365.814,135000
29383.963,135100
29401.258,135200
29417.413,135300
29434.160,135400
29449.968,135500
29466.352,135600
29484.670,135700
29500.249,135800
29517.744,135900
29535.948,136000
29586.828,136100
29603.459,136200
29619.863,136300
29635.492,136400
29651.602,136500
29670.840,136600
29686.895,136700
29703.405,136800
29720.272,136900
29735.944,137000
29753.209,137100
29770.976,137200
29787.737,137300
29804.704,137400
29821.150,137500
29838.420,137600
29853.906,137700
29868.877,137800
29885.450,137900
29902.648,138000
29919.188,138100
29934.403,138200
29948.386,138300
29964.709,138400
29980.181,138500
29997.121,138600
30012.607,138700
30026.875,138800
30040.875,138900
30056.503,139000
30071.110,139100
30094.627,139200
30110.167,139300
30126.137,139400
30141.886,139500
30157.797,139600
30174.292,139700
30191.192,139800
30208.033,139900
30223.152,140000
30242.347,140100
30259.324,140200
30277.212,140300
30291.759,140400
30308.870,140500
30324.706,140600
30339.762,140700
30355.126,140800
30372.161,140900
30389.807,141000
30406.255,141100
30423.063,141200
30439.846,141300
30456.310,141400
30471.505,141500
30487.326,141600
30504.238,141700
30519.997,141800
30534.940,141900
30550.120,142000
30600.753,142100
30616.033,142200
30631.725,142300
30647.994,142400
30664.698,142500
30681.437,142600
30696.982,142700
30713.650,142800
30729.715,142900
30746.409,143000
30762.503,143100
30776.597,143200
30792.207,143300
30806.442,143400
30821.742,143500
30835.829,143600
30850.680,143700
30864.538,143800
30884.128,143900
30899.490,144000
30914.325,144100
30929.283,144200
30958.043,144300
30974.061,144400
30989.128,144500
31004.896,144600
31020.194,144700
31035.738,144800
31048.656,144900
31065.571,145000
31080.460,145100
31095.111,145200
31108.746,145300
31123.358,145400
31136.870,145500
31152.646,145600
31167.910,145700
31180.878,145800
31193.466,145900
31207.757,146000
31224.503,146100
31242.435,146200
31258.466,146300
31273.712,146400
31288.114,146500
31303.047,146600
31319.192,146700
31334.343,146800
31349.488,146900
31364.524,147000
31378.996,147100
31393.699,147200
31407.627,147300
31420.636,147400
31434.802,147500
31450.009,147600
31463.050,147700
31476.493,147800
31490.026,147900
31504.969,148000
31520.191,148100
31533.502,148200
31547.720,148300
31565.544,148400
31621.388,148500
31635.930,148600
31650.238,148700
31664.523,148800
31680.497,148900
31695.695,149000
31711.379,149100
31726.112,149200
31740.550,149300
31753.607,149400
31767.232,149500
31781.848,149600
31797.811,149700
31811.830,149800
31825.022,149900
31838.650,150000
31851.900,150100
31866.942,150200
31882.598,150300
31897.744,150400
31910.973,150500
31924.636,150600
31939.102,150700
31953.597,150800
31968.366,150900
31982.811,151000
31998.897,151100
32013.008,151200
32026.060,151300
32039.655,151400
32053.502,151500
32066.134,151600
32080.364,151700
32094.629,151800
32109.598,151900
32123.394,152000
32141.095,152100
32154.777,152200
32168.072,152300
32182.577,152400
32196.502,152500
32209.724,152600
32236.951,152700
32252.452,152800
32267.216,152900
32280.425,153000
32293.017,153100
32307.196,153200
32321.078,153300
32334.495,153400
32348.677,153500
32363.361,153600
32377.414,153700
32391.165,153800
32404.813,153900
32418.135,154000
32432.013,154100
32445.638,154200
32459.197,154300
32472.471,154400
32486.212,154500
32500.515,154600
32515.183,154700
32530.230,154800
32543.914,154900
32558.167,155000
32572.973,155100
32587.844,155200
32603.041,155300
32617.464,155400
32631.626,155500
32645.923,155600
32700.730,155700
32715.973,155800
32729.056,155900
32742.221,156000
32755.734,156100
32769.604,156200
32783.486,156300
32799.062,156400
32813.782,156500
32826.763,156600
32840.689,156700
32854.824,156800
32868.867,156900
32881.627,157000
32894.526,157100
32909.104,157200
32923.922,157300
32937.421,157400
32950.211,157500
32963.503,157600
32977.109,157700
32991.351,157800
33003.236,157900
33016.251,158000
33029.063,158100
33041.171,158200
33056.950,158300
33071.363,158400
33084.182,158500
33097.906,158600
33112.216,158700
33125.379,158800
33138.534,158900
33151.897,159000
33163.812,159100
33176.406,159200
33189.674,159300
33202.008,159400
33223.897,159500
33236.620,159600
33250.029,159700
33263.570,159800
33276.350,159900
33289.885,160000
33301.764,160100
33316.343,160200
33330.938,160300
33344.326,160400
33357.872,160500
33371.274,160600
33386.961,160700
33401.952,160800
33415.174,160900
33430.243,161000
33443.173,161100
33457.474,161200
33470.551,161300
33484.787,161400
33511.367,161500
33527.236,161600
33544.091,161700
33559.054,161800
33573.273,161900
33589.523,162000
33604.525,162100
33618.263,162200
33632.987,162300
33647.759,162400
33661.858,162500
33676.106,162600
33691.543,162700
33707.144,162800
33721.874,162900
33738.212,163000
33752.573,163100
33809.315,163200
33823.365,163300
33836.704,163400
33849.407,163500
33863.318,163600
33878.092,163700
33893.380,163800
33909.267,163900
33923.885,164000
33938.643,164100
33957.913,164200
33972.565,164300
33985.952,164400
34000.170,164500
34012.853,164600
34027.050,164700
34042.683,164800
34056.943,164900
34071.469,165000
34086.140,165100
34100.215,165200
34115.273,165300
34130.315,165400
34145.186,165500
34158.758,165600
34173.369,165700
34188.387,165800
34203.663,165900
34220.037,166000
34235.270,166100
34251.203,166200
34267.982,166300
34282.528,166400
34296.431,166500
34311.678,166600
34328.074,166700
34346.358,166800
34363.375,166900
34380.983,167000
34398.277,167100
34413.536,167200
34428.402,167300
34441.299,167400
34455.079,167500
34469.025,167600
34483.357,167700
34498.233,167800
34513.853,167900
34527.406,168000
34542.083,168100
34558.273,168200
34572.991,168300
34586.926,168400
34601.375,168500
34615.403,168600
34629.997,168700
34645.438,168800
34659.491,168900
34715.133,169000
34728.169,169100
34743.081,169200
34758.621,169300
34775.315,169400
34790.699,169500
34805.900,169600
34821.518,169700
34837.352,169800
34851.495,169900
34865.600,170000
34879.039,170100
34893.399,170200
34907.646,170300
34920.081,170400
34934.193,170500
34947.044,170600
34960.238,170700
34972.960,170800
34986.995,170900
35000.514,171000
35017.393,171100
35032.694,171200
35047.786,171300
35061.365,171400
35076.465,171500
35089.726,171600
35102.903,171700
35116.191,171800
35129.545,171900
35143.342,172000
35157.255,172100
35170.398,172200
35184.438,172300
35198.028,172400
35211.771,172500
35225.179,172600
35237.941,172700
35250.877,172800
35265.135,172900
35278.772,173000
35292.821,173100
35306.791,173200
35320.839,173300
35336.056,173400
35351.428,173500
35365.719,173600
35378.472,173700
35391.470,173800
35404.276,173900
35417.889,174000
35434.139,174100
35450.323,174200
35464.546,174300
35481.270,174400
35498.575,174500
35515.131,174600
35529.845,174700
35544.712,174800
35558.437,174900
35573.753,175000
35589.814,175100
35605.598,175200
35621.501,175300
35638.225,175400
35692.378,175500
35709.945,175600
35725.880,175700
35743.384,175800
35758.918,175900
35775.912,176000
35794.215,176100
35812.030,176200
35827.275,176300
35843.301,176400
35860.083,176500
35876.403,176600
35891.845,176700
35906.467,176800
35921.333,176900
35937.730,177000
35954.572,177100
35970.699,177200
35987.548,177300
36003.946,177400
36019.728,177500
36033.799,177600
36049.294,177700
36064.421,177800
36078.854,177900
36095.631,178000
36112.268,178100
36129.067,178200
36147.381,178300
36165.187,178400
36184.433,178500
36202.667,178600
36222.040,178700
36240.007,178800
36259.331,178900
36276.525,179000
36296.471,179100
36315.731,179200
36372.032,179300
36393.546,179400
36416.686,179500
36435.663,179600
36457.173,179700
36480.752,179800
36504.715,179900
36524.218,180000
36552.486,180100
36577.854,180200
36604.222,180300
36629.640,180400
36654.353,180500
36680.713,180600
36749.885,180700
36782.256,180800
36812.944,180900
36860.264,181000
36890.786,181100
36918.530,181200
36948.371,181300
36975.207,181400
37006.158,181500
37035.450,181600
37060.913,181700
37082.462,181800
37110.488,181900
37140.614,182000
37170.386,182100
37200.026,182200
37226.809,182300
37251.332,182400
37283.221,182500
37310.083,182600
37327.669,182700
37347.247,182800
37404.150,182900
37475.262,183000
37514.124,183100
37545.395,183200
37562.336,183300
37591.406,183400
37621.027,183500
37645.507,183600
37671.010,183700
37701.469,183800
37731.237,183900
37760.211,184000
37791.274,184100
37815.301,184200
37844.207,184300
37917.564,184400
37958.745,184500
37998.565,184600
38035.756,184700
38073.653,184800
38145.580,184900
38176.099,185000
38209.754,185100
38237.802,185200
38263.942,185300
38308.964,185400
38373.801,185500
38404.125,185600
38432.028,185700
38454.949,185800
38479.516,185900
38502.380,186000
38528.931,186100
38554.770,186200
38583.921,186300
38612.086,186400
38641.025,186500
38670.878,186600
38708.001,186700
38734.823,186800
38760.705,186900
38789.148,187000
38810.494,187100
38833.288,187200
38862.709,187300
38886.088,187400
38909.022,187500
38934.202,187600
38959.968,187700
38983.964,187800
39011.100,187900
39033.402,188000
39058.184,188100
39081.390,188200
39104.434,188300
39133.388,188400
39163.538,188500
39192.740,188600
39221.603,188700
39247.795,188800
39270.199,188900
39300.373,189000
39322.146,189100
39348.269,189200
39377.595,189300
39408.691,189400
39437.171,189500
39465.182,189600
39493.434,189700
39522.847,189800
39555.435,189900
39586.208,190000
39619.397,190100
39649.489,190200
39678.916,190300
39710.141,190400
39767.482,190500
39793.639,190600
39820.761,190700
39846.065,190800
39874.116,190900
39901.477,191000
39923.888,191100
39952.930,191200
39984.225,191300
40010.283,191400
40067.068,191500
40096.644,191600
40133.078,191700
40168.819,191800
40197.835,191900
40225.086,192000
40253.404,192100
40279.888,192200
40305.682,192300
40336.867,192400
40367.267,192500
40397.621,192600
40425.903,192700
40453.635,192800
40517.905,192900
40546.973,193000
40573.326,193100
40598.505,193200
40625.297,193300
40652.438,193400
40687.077,193500
40713.660,193600
40750.644,193700
40784.395,193800
40812.625,193900
40847.872,194000
40884.820,194100
40920.797,194200
40955.717,194300
41018.746,194400
41052.255,194500
41084.386,194600
41113.504,194700
41144.795,194800
41172.317,194900
41200.907,195000
41236.546,195100
41268.026,195200
41294.419,195300
41323.519,195400
41351.726,195500
41383.489,195600
41411.990,195700
41437.109,195800
41465.841,195900
41530.664,196000
41560.706,196100
41587.562,196200
41615.699,196300
41642.142,196400
41675.161,196500
41707.800,196600
41739.589,196700
41771.194,196800
41798.787,196900
41829.751,197000
43093.413,197100
43137.933,197200
43220.065,197300
43255.405,197400
43291.451,197500
43329.214,197600
43359.271,197700
43390.507,197800
43422.406,197900
43455.758,198000
43488.388,198100
43522.798,198200
43555.201,198300
43594.153,198400
43623.253,198500
43656.068,198600
43729.411,198700
43763.003,198800
43793.313,198900
43824.464,199000
43853.709,199100
43880.594,199200
43909.358,199300
43939.776,199400
43979.645,199500
44014.430,199600
44048.849,199700
44082.021,199800
44112.267,199900
44139.148,200000
44166.924,200100
44230.754,200200
44260.934,200300
44289.639,200400
44322.689,200500
44355.793,200600
44392.394,200700
44421.498,200800
44452.171,200900
44488.835,201000
44512.384,201100
44538.417,201200
44565.787,201300
44595.304,201400
44658.987,201500
44697.441,201600
44737.444,201700
44771.936,201800
44816.473,201900
44857.078,202000
44890.276,202100
44931.401,202200
44971.801,202300
45004.058,202400
45041.733,202500
45078.303,202600
45111.644,202700
45147.405,202800
45180.387,202900
45211.263,203000
45246.850,203100
45279.450,203200
45318.366,203300
45347.724,203400
45380.985,203500
45416.102,203600
45450.559,203700
45491.120,203800
45522.919,203900
45556.548,204000
45591.644,204100
45622.211,204200
45658.666,204300
45691.779,204400
45722.171,204500
45762.020,204600
45795.532,204700
45826.749,204800
45858.805,204900
45890.853,205000
45918.380,205100
45939.671,205200
45963.293,205300
45987.128,205400
46013.093,205500
46043.159,205600
46076.043,205700
46130.022,205800
46159.779,205900
46188.962,206000
46218.303,206100
46260.786,206200
46290.303,206300
46315.813,206400
46358.939,206500
46390.165,206600
46423.858,206700
46467.930,206800
46501.295,206900
46534.564,207000
46566.829,207100
46597.654,207200
46628.318,207300
46691.061,207400
46717.344,207500
46756.558,207600
46785.907,207700
46816.018,207800
46848.859,207900
46884.515,208000
46922.913,208100
46959.568,208200
46996.493,208300
47038.628,208400
47071.900,208500
47111.058,208600
47149.959,208700
47184.972,208800
47222.548,208900
47257.741,209000
47292.463,209100
47359.546,209200
47392.428,209300
47421.713,209400
47454.464,209500
47492.231,209600
47523.432,209700
47557.591,209800
47589.451,209900
47618.368,210000
47683.896,210100
47719.491,210200
47755.099,210300
47792.499,210400
47821.446,210500
47848.145,210600
47877.044,210700
47906.084,210800
47948.958,210900
47988.938,211000
48028.955,211100
48103.850,211200
48139.957,211300
48176.454,211400
48215.902,211500
48258.805,211600
48292.191,211700
48329.155,211800
48367.913,211900
48412.631,212000
48453.892,212100
48503.525,212200
48544.390,212300
48609.637,212400
48659.196,212500
48702.427,212600
48754.351,212700
48809.339,212800
48850.360,212900
48896.806,213000
48942.831,213100
48983.621,213200
49019.978,213300
49061.472,213400
49101.745,213500
49137.740,213600
49173.457,213700
49228.783,213800
49266.953,213900
49328.559,214000
49394.144,214100
49431.278,214200
49470.299,214300
49502.851,214400
49534.828,214500
49563.849,214600
49605.608,214700
49641.539,214800
49682.362,214900
49715.359,215000
49757.334,215100
49798.029,215200
49863.493,215300
49899.851,215400
49936.189,215500
49971.022,215600
50006.249,215700
50075.010,215800
50114.240,215900
50158.432,216000
50210.569,216100
50263.446,216200
50339.139,216300
50385.440,216400
50424.264,216500
50467.980,216600
50532.640,216700
50585.424,216800
50634.740,216900
50687.153,217000
50738.849,217100
50781.055,217200
50822.786,217300
50866.150,217400
50906.442,217500
50945.425,217600
51019.917,217700
51068.800,217800
51108.296,217900
51153.155,218000
51201.257,218100
51243.726,218200
51289.335,218300
51334.802,218400
51381.114,218500
51424.782,218600
51468.328,218700
51508.222,218800
51546.026,218900
51597.915,219000
51648.473,219100
51697.977,219200
51743.295,219300
51788.135,219400
51827.411,219500
51883.577,219600
51929.847,219700
51968.946,219800
52007.677,219900
52054.124,220000
52099.746,220100
52153.219,220200
52199.781,220300
52249.427,220400
52314.928,220500
52383.529,220600
52428.502,220700
52477.164,220800
52525.734,220900
52569.187,221000
52621.612,221100
52664.788,221200
52706.322,221300
52745.942,221400
52780.879,221500
52823.263,221600
52858.832,221700
52898.144,221800
52940.499,221900
52984.034,222000
53028.318,222100
54341.266,222200
54425.620,222300
54465.322,222400
54516.410,222500
54565.605,222600
54612.802,222700
54664.384,222800
54711.305,222900
54758.175,223000
54798.907,223100
54856.877,223200
54907.899,223300
54949.667,223400
55002.042,223500
55050.049,223600
55118.656,223700
55170.589,223800
55224.234,223900
55267.965,224000
55309.984,224100
55355.149,224200
55401.918,224300
55455.372,224400
55511.132,224500
55573.831,224600
55641.510,224700
55707.811,224800
55755.111,224900
55797.430,225000
55860.288,225100
55903.694,225200
55953.568,225300
55998.307,225400
56050.373,225500
56098.334,225600
56145.960,225700
56190.216,225800
56238.611,225900
56285.825,226000
56336.191,226100
56371.618,226200
56408.109,226300
56438.115,226400
56491.970,226500
56529.561,226600
56572.174,226700
56612.681,226800
56653.446,226900
56690.834,227000
56732.366,227100
56771.791,227200
56865.118,227300
56904.772,227400
56959.728,227500
56999.799,227600
57040.326,227700
57094.259,227800
57154.059,227900
57214.889,228000
57266.557,228100
57319.789,228200
57378.798,228300
57436.360,228400
57508.164,228500
57573.380,228600
57625.219,228700
57674.499,228800
57729.735,228900
57782.698,229000
57820.044,229100
57869.690,229200
57919.596,229300
57974.991,229400
58030.653,229500
58098.410,229600
58157.166,229700
58235.028,229800
58302.972,229900
58349.750,230000
58403.511,230100
58459.297,230200
58517.516,230300
58594.866,230400
58652.622,230500
58710.744,230600
58772.430,230700
58834.489,230800
58917.164,230900
58967.357,231000
59021.855,231100
59067.218,231200
59112.519,231300
59165.399,231400
59217.097,231500
59272.040,231600
59326.202,231700
59373.909,231800
59438.806,231900
59506.219,232000
59574.205,232100
59631.872,232200
59677.903,232300
59718.505,232400
59762.658,232500
59810.678,232600
59892.274,232700
59944.396,232800
60003.659,232900
60072.012,233000
60144.802,233100
60210.478,233200
60257.928,233300
60303.201,233400
60359.207,233500
60414.634,233600
60497.870,233700
60540.499,233800
60593.565,233900
60642.641,234000
60695.487,234100
60746.926,234200
60803.700,234300
60858.698,234400
60903.611,234500
60955.078,234600
61036.705,234700
61085.721,234800
61139.770,234900
61190.495,235000
61252.389,235100
61303.349,235200
61354.821,235300
61408.696,235400
61463.506,235500
61515.365,235600
61569.251,235700
61617.345,235800
61667.514,235900
61714.814,236000
61769.338,236100
61828.770,236200
61888.191,236300
61950.129,236400
62006.676,236500
62062.281,236600
62118.179,236700
62167.118,236800
62211.203,236900
62257.197,237000
62311.423,237100
62362.248,237200
62414.045,237300
62458.070,237400
62506.500,237500
62561.913,237600
62608.335,237700
62661.417,237800
62727.938,237900
62768.870,238000
62834.465,238100
62876.661,238200
62924.174,238300
62975.226,238400
63035.781,238500
63085.177,238600
63129.781,238700
63175.972,238800
63217.161,238900
63265.324,239000
63305.827,239100
63343.879,239200
63383.001,239300
63423.266,239400
63462.613,239500
63532.199,239600
63570.377,239700
63613.944,239800
65046.052,239900
65108.223,240000
65159.899,240100
65225.574,240200
65285.566,240300
65332.140,240400
65379.752,240500
65435.476,240600
65481.309,240700
65533.422,240800
65581.577,240900
65626.100,241000
65668.678,241100
65712.066,241200
65752.279,241300
65801.391,241400
65853.495,241500
65903.283,241600
65949.438,241700
65983.936,241800
66032.004,241900
66078.162,242000
66129.371,242100
66178.264,242200
66241.574,242300
66290.449,242400
66364.699,242500
66416.533,242600
66460.053,242700
66501.783,242800
66542.566,242900
66581.633,243000
66626.229,243100
66682.910,243200
66736.840,243300
66775.028,243400
66824.974,243500
66883.447,243600
66928.914,243700
66972.883,243800
67041.759,243900
67082.147,244000
67117.324,244100
67158.133,244200
67202.968,244300
67248.454,244400
67288.485,244500
67330.637,244600
67368.714,244700
67411.618,244800
67443.574,244900
67488.176,245000
67523.736,245100
67583.209,245200
67613.945,245300
67649.491,245400
67685.466,245500
67727.288,245600
67766.891,245700
67809.000,245800
67850.630,245900
67888.200,246000
67933.565,246100
67983.400,246200
68062.573,246300
68101.168,246400
68138.752,246500
68179.868,246600
68222.316,246700
68261.044,246800
68304.640,246900
68345.300,247000
68399.582,247100
68452.091,247200
68496.833,247300
68545.361,247400
68584.887,247500
68621.595,247600
68682.549,247700
68715.989,247800
68747.555,247900
68799.786,248000
68843.161,248100
68890.925,248200
68959.000,248300
69007.362,248400
69053.844,248500
69094.855,248600
69132.003,248700
69170.233,248800
69203.614,248900
69260.480,249000
69302.301,249100
69338.690,249200
69391.488,249300
69437.487,249400
69482.157,249500
69525.569,249600
69585.707,249700
69628.590,249800
69691.071,249900
69727.567,250000
69772.076,250100
69811.876,250200
69852.622,250300
69898.398,250400
69944.269,250500
69988.060,250600
70032.462,250700
70080.069,250800
70118.688,250900
70166.521,251000
70202.076,251100
70270.547,251200
70314.685,251300
70351.644,251400
70381.594,251500
70418.244,251600
70450.255,251700
70497.771,251800
70558.817,251900
70602.049,252000
70652.156,252100
70705.252,252200
70794.241,252300
70844.503,252400
70905.465,252500
70949.209,252600
70994.367,252700
71031.864,252800
71074.456,252900
71123.694,253000
71179.827,253100
71226.989,253200
71275.158,253300
71322.816,253400
71376.221,253500
71420.054,253600
71470.063,253700
71514.722,253800
71614.830,253900
71668.755,254000
71713.441,254100
71758.668,254200
71817.665,254300
71868.905,254400
71921.305,254500
71976.967,254600
72026.848,254700
72072.801,254800
72148.160,254900
72196.270,255000
72245.777,255100
72292.354,255200
72328.816,255300
72363.653,255400
72400.374,255500
72434.868,255600
72470.870,255700
72536.648,255800
72583.111,255900
72626.444,256000
72703.497,256100
72755.290,256200
72803.438,256300
72850.997,256400
72897.384,256500
72945.569,256600
72989.556,256700
73032.408,256800
73070.443,256900
73117.381,257000
73156.237,257100
73252.732,257200
73291.130,257300
73331.678,257400
73370.969,257500
73415.406,257600
73451.541,257700
73489.916,257800
73524.827,257900
73559.948,258000
73594.873,258100
73638.795,258200
73680.802,258300
73778.763,258400
73822.254,258500
73881.588,258600
73934.101,258700
73974.464,258800
74027.654,258900
74068.586,259000
74117.855,259100
74158.801,259200
74203.110,259300
74240.576,259400
74280.266,259500
74328.501,259600
74377.782,259700
74428.288,259800
74475.351,259900
74514.942,260000
74561.042,260100
74615.096,260200
74673.472,260300
74710.196,260400
74762.361,260500
74803.037,260600
74843.141,260700
74886.842,260800
74927.941,260900
74980.197,261000
75021.852,261100
75078.087,261200
75154.946,261300
75211.312,261400
75258.814,261500
75306.812,261600
75354.808,261700
75394.759,261800
75431.558,261900
75465.210,262000
75507.575,262100
75549.425,262200
75602.919,262300
75645.568,262400
75693.545,262500
75759.008,262600
75808.874,262700
75852.315,262800
75900.381,262900
75946.866,263000
77352.019,263100
77397.007,263200
77437.879,263300
77488.642,263400
77532.928,263500
77573.350,263600
77645.692,263700
77680.310,263800
77722.855,263900
77767.724,264000
77809.189,264100
77862.117,264200
77906.628,264300
77957.608,264400
78007.183,264500
78049.095,264600
78099.801,264700
78149.904,264800
78195.099,264900
78248.365,265000
78298.360,265100
78354.383,265200
78400.789,265300
78468.168,265400
78513.002,265500
78564.748,265600
78619.303,265700
78673.836,265800
78716.946,265900
78763.069,266000
78806.378,266100
78848.959,266200
78897.905,266300
78947.383,266400
79035.652,266500
79089.911,266600
79136.680,266700
79192.051,266800
79234.933,266900
79282.184,267000
79330.919,267100
79382.856,267200
79424.162,267300
79462.240,267400
79501.982,267500
79545.068,267600
79582.240,267700
79630.422,267800
79670.578,267900
79723.051,268000
79773.465,268100
79840.202,268200
79900.591,268300
79965.728,268400
80040.603,268500
80130.548,268600
80201.523,268700
80267.005,268800
80321.759,268900
80367.156,269000
80436.218,269100
80486.347,269200
80565.463,269300
80614.581,269400
80685.522,269500
80740.826,269600
80818.006,269700
80894.069,269800
80936.689,269900
81011.264,270000
81051.943,270100
81109.197,270200
81185.171,270300
81304.923,270400
81397.939,270500
81475.738,270600
81549.029,270700
81626.936,270800
81703.832,270900
81793.593,271000
81864.744,271100
81926.555,271200
81986.496,271300
82042.514,271400
82110.971,271500
82183.053,271600
82283.655,271700
82361.287,271800
82448.130,271900
82543.779,272000
82622.979,272100
82713.774,272200
82787.642,272300
82847.185,272400
82905.579,272500
82974.931,272600
83047.693,272700
83116.691,272800
83181.961,272900
83251.902,273000
83336.693,273100
83468.986,273200
83559.331,273300
83615.225,273400
83700.435,273500
83761.389,273600
83816.095,273700
83865.257,273800
83910.885,273900
83972.301,274000
84052.763,274100
84105.951,274200
84182.686,274300
84247.123,274400
84300.557,274500
84374.034,274600
84467.061,274700
84526.986,274800
84578.024,274900
84633.231,275000
84709.975,275100
84764.473,275200
84828.899,275300
84890.142,275400
84942.712,275500
85027.103,275600
85095.553,275700
85143.840,275800
85202.292,275900
85257.211,276000
85322.047,276100
85386.542,276200
85445.781,276300
85495.908,276400
85548.509,276500
85612.962,276600
85689.303,276700
85749.479,276800
85808.983,276900
85859.378,277000
85912.772,277100
85971.027,277200
86025.372,277300
86071.443,277400
86134.379,277500
86184.809,277600
86241.945,277700
86334.366,277800
86388.674,277900
86438.556,278000
86474.320,278100
86554.387,278200
86617.708,278300
86681.062,278400
86744.452,278500
86796.624,278600
86855.663,278700
86906.326,278800
86969.589,278900
87048.496,279000
87097.963,279100
87161.612,279200
87212.046,279300
87274.516,279400
87324.201,279500
87375.402,279600
87422.226,279700
87475.480,279800
87520.553,279900
87573.084,280000
87636.230,280100
87682.083,280200
87733.096,280300
87796.066,280400
89407.560,280500
89558.595,280600
89648.986,280700
89729.665,280800
89823.199,280900
89923.839,281000
90027.226,281100
90106.418,281200
90172.021,281300
90241.728,281400
90322.209,281500
90451.643,281600
90549.673,281700
90643.303,281800
90709.639,281900
90788.516,282000
90912.660,282100
91058.623,282200
91174.849,282300
91259.551,282400
91348.079,282500
91427.284,282600
91509.430,282700
91651.266,282800
91739.470,282900
91865.596,283000
91949.057,283100
92022.910,283200
92094.685,283300
92153.832,283400
92223.558,283500
92275.004,283600
92333.629,283700
92386.825,283800
92439.199,283900
92537.618,284000
92598.107,284100
92667.271,284200
92725.684,284300
92831.377,284400
92891.393,284500
92956.477,284600
93023.325,284700
93084.130,284800
93177.919,284900
93246.282,285000
93307.508,285100
93373.557,285200
93425.139,285300
93492.386,285400
93562.794,285500
93633.895,285600
93693.668,285700
93751.853,285800
93834.758,285900
93886.712,286000
93933.855,286100
93981.063,286200
94043.743,286300
94102.018,286400
94157.831,286500
94213.062,286600
94262.712,286700
94355.398,286800
94417.086,286900
94501.350,287000
94563.501,287100
94612.649,287200
94677.405,287300
94728.976,287400
94782.178,287500
94834.046,287600
94901.933,287700
94967.839,287800
95041.354,287900
95098.565,288000
95152.489,288100
95211.937,288200
95264.844,288300
95360.361,288400
95436.611,288500
95539.265,288600
95604.977,288700
95682.079,288800
95771.192,288900
95836.578,289000
95905.300,289100
95968.873,289200
96026.504,289300
96089.205,289400
96172.474,289500
96231.548,289600
96288.232,289700
96370.707,289800
96435.066,289900
96497.628,290000
96578.607,290100
96636.745,290200
96719.041,290300
96776.576,290400
96846.295,290500
96913.677,290600
96961.459,290700
97014.111,290800
97068.024,290900
97116.624,291000
97213.029,291100
97266.032,291200
97359.863,291300
97443.671,291400
97497.666,291500
97565.507,291600
97619.122,291700
97679.611,291800
97762.982,291900
97805.287,292000
97849.448,292100
97903.743,292200
97958.593,292300
98021.008,292400
98105.760,292500
98162.481,292600
98225.345,292700
98282.057,292800
98339.065,292900
98394.422,293000
98467.010,293100
98518.624,293200
98578.405,293300
98628.037,293400
98684.671,293500
98737.375,293600
98796.599,293700
98875.990,293800
98923.192,293900
98973.639,294000
99026.870,294100
99079.036,294200
100666.299,294300
100825.115,294400
100916.355,294500
101037.831,294600
101192.536,294700
101320.961,294800
101416.415,294900
101516.957,295000
101633.984,295100
101788.113,295200
101864.273,295300
101947.044,295400
102053.184,295500
102107.250,295600
102223.661,295700
102293.540,295800
102373.714,295900
102440.409,296000
102542.017,296100
102652.796,296200
102723.980,296300
102794.944,296400
102866.526,296500
102957.673,296600
103025.751,296700
103080.410,296800
103147.546,296900
103211.282,297000
103311.137,297100
103391.051,297200
103449.344,297300
103530.198,297400
103601.979,297500
103714.105,297600
103798.925,297700
103853.742,297800
103933.881,297900
103990.981,298000
104050.812,298100
104136.176,298200
104205.748,298300
104276.048,298400
104388.234,298500
104454.901,298600
104513.360,298700
104578.980,298800
104668.908,298900
104729.747,299000
104804.379,299100
104872.970,299200
104950.401,299300
105008.207,299400
105082.634,299500
105148.852,299600
105226.932,299700
105300.596,299800
105400.680,299900
105462.284,300000
105564.829,300100
105614.563,300200
105681.402,300300
105744.958,300400
105815.545,300500
105878.281,300600
105945.357,300700
106013.836,300800
106083.779,300900
106142.601,301000
106213.949,301100
106301.483,301200
106402.567,301300
106460.886,301400
106547.498,301500
106635.499,301600
106700.063,301700
106773.104,301800
106847.325,301900
106959.347,302000
107016.641,302100
107086.801,302200
107171.864,302300
107263.817,302400
107327.046,302500
107398.019,302600
107466.104,302700
107571.618,302800
107649.821,302900
107718.982,303000
107793.868,303100
107866.540,303200
107926.899,303300
107991.778,303400
108055.160,303500
108113.580,303600
108198.122,303700
108259.106,303800
108352.251,303900
108432.044,304000
108506.354,304100
108561.779,304200
108638.893,304300
108709.778,304400
108779.318,304500
108847.787,304600
108907.166,304700
108959.595,304800
109028.393,304900
109096.684,305000
109173.805,305100
109287.700,305200
109395.541,305300
109461.605,305400
109530.335,305500
109597.856,305600
109656.600,305700
109715.198,305800
109761.319,305900
109821.004,306000
109877.656,306100
109936.330,306200
110040.542,306300
110108.913,306400
110199.347,306500
110267.909,306600
110334.363,306700
110391.015,306800
110446.886,306900
110499.600,307000
110552.295,307100
110598.094,307200
110662.321,307300
110716.696,307400
112305.007,307500
112441.695,307600
112542.800,307700
112641.356,307800
112756.804,307900
112842.849,308000
112901.798,308100
112970.934,308200
113037.760,308300
113103.950,308400
113213.361,308500
113297.336,308600
113396.971,308700
113519.547,308800
113605.923,308900
113690.307,309000
113779.629,309100
113849.440,309200
113902.815,309300
113969.479,309400
114036.985,309500
114099.155,309600
114189.683,309700
114278.424,309800
114386.309,309900
114491.767,310000
114581.870,310100
114651.661,310200
114726.673,310300
114786.312,310400
114852.076,310500
114920.474,310600
114992.171,310700
115093.860,310800
115188.148,310900
115242.994,311000
115334.680,311100
115398.096,311200
115500.850,311300
115603.329,311400
115666.886,311500
115747.412,311600
115801.058,311700
115863.802,311800
115928.896,311900
115992.451,312000
116069.960,312100
116134.738,312200
116202.558,312300
116260.953,312400
116328.616,312500
116390.197,312600
116484.885,312700
116572.388,312800
116657.781,312900
116713.830,313000
116780.639,313100
116835.329,313200
116896.040,313300
116964.789,313400
117019.786,313500
117083.443,313600
117136.428,313700
117186.653,313800
117260.823,313900
117400.766,314000
117472.515,314100
117555.432,314200
117661.878,314300
117719.418,314400
117785.341,314500
117849.042,314600
117914.716,314700
117967.403,314800
118020.116,314900
118085.500,315000
118145.255,315100
118207.188,315200
118323.501,315300
118414.444,315400
118489.603,315500
118552.804,315600
118615.165,315700
118676.363,315800
118768.881,315900
118827.900,316000
118881.486,316100
118938.714,316200
119020.372,316300
119075.428,316400
119131.041,316500
119250.699,316600
119315.557,316700
119379.939,316800
119436.553,316900
119532.004,317000
119585.746,317100
119639.661,317200
119697.342,317300
119761.634,317400
119829.443,317500
119890.126,317600
119950.347,317700
120046.458,317800
120100.193,317900
120220.887,318000
120277.308,318100
120364.182,318200
120421.335,318300
120466.297,318400
120522.933,318500
120578.664,318600
120649.829,318700
120757.372,318800
120813.951,318900
120874.010,319000
120936.524,319100
120999.185,319200
121070.205,319300
121117.470,319400
121175.313,319500
121247.592,319600
122737.694,319700
122837.468,319800
123041.349,319900
123147.571,320000
123230.756,320100
123302.495,320200
123369.598,320300
123461.376,320400
123512.999,320500
123579.122,320600
123656.021,320700
123739.801,320800
123817.067,320900
123935.975,321000
124031.307,321100
124106.422,321200
124183.519,321300
124254.336,321400
124318.860,321500
124390.798,321600
124458.789,321700
124519.252,321800
124620.241,321900
124690.989,322000
124774.411,322100
124851.448,322200
124965.301,322300
125074.841,322400
125144.915,322500
125234.919,322600
125316.070,322700
125408.511,322800
125486.945,322900
125613.313,323000
125700.065,323100
125777.326,323200
125859.673,323300
125967.475,323400
126084.915,323500
126197.978,323600
126292.875,323700
126382.930,323800
126466.125,323900
126567.086,324000
126766.812,324100
126981.972,324200
127066.834,324300
127156.281,324400
127274.591,324500
127362.883,324600
127439.474,324700
127516.357,324800
127591.143,324900
127657.276,325000
127738.918,325100
127828.222,325200
127931.696,325300
128028.130,325400
128134.301,325500
128221.812,325600
128309.304,325700
128401.372,325800
128478.848,325900
128543.249,326000
128643.139,326100
128723.834,326200
128804.740,326300
128896.179,326400
128982.897,326500
129064.488,326600
129145.716,326700
129216.098,326800
129291.501,326900
129366.782,327000
129449.606,327100
129520.767,327200
129627.703,327300
129710.857,327400
129822.805,327500
129908.341,327600
129979.387,327700
130075.582,327800
130173.776,327900
130241.950,328000
130311.057,328100
130387.182,328200
130509.704,328300
130591.701,328400
130668.450,328500
130746.837,328600
130825.909,328700
130905.928,328800
131029.084,328900
131118.712,329000
131189.309,329100
131264.865,329200
131347.749,329300
131434.279,329400
131543.364,329500
131632.701,329600
131716.220,329700
133682.420,329800
134075.134,329900
134317.329,330000
134527.492,330100
134709.393,330200
134901.042,330300
135102.008,330400
135281.883,330500
135437.387,330600
135583.858,330700
135776.984,330800
135920.453,330900
136084.153,331000
136198.695,331100
136327.811,331200
136464.215,331300
136668.193,331400
136816.419,331500
136952.913,331600
137116.068,331700
137294.725,331800
137429.110,331900
137576.329,332000
137737.195,332100
137863.245,332200
137982.318,332300
138109.655,332400
138258.161,332500
138380.211,332600
138547.715,332700
138689.336,332800
138808.280,332900
138914.271,333000
139013.160,333100
139144.894,333200
139301.433,333300
139451.207,333400
139588.833,333500
139701.229,333600
139792.488,333700
139910.303,333800
140039.427,333900
140139.897,334000
140254.872,334100
140337.884,334200
140444.669,334300
140633.627,334400
140789.511,334500
140941.229,334600
141116.463,334700
141235.767,334800
141403.321,334900
141514.338,335000
141620.450,335100
141728.582,335200
141830.427,335300
141929.779,335400
142024.257,335500
142124.833,335600
142230.334,335700
142297.933,335800
142370.233,335900
142480.464,336000
142565.493,336100
142645.145,336200
142709.322,336300
142837.606,336400
142909.706,336500
142995.520,336600
143079.027,336700
143263.219,336800
143333.904,336900
143395.489,337000
143468.407,337100
143556.601,337200
143634.258,337300
143719.445,337400
143817.087,337500
143933.666,337600
144031.783,337700
144107.985,337800
144235.911,337900
144342.799,338000
144460.694,338100
144583.721,338200
144680.718,338300
146492.746,338400
146662.996,338500
146828.992,338600
146984.361,338700
147200.527,338800
147461.010,338900
147684.533,339000
147837.960,339100
147985.968,339200
148123.254,339300
148264.009,339400
148370.890,339500
148532.096,339600
148673.263,339700
148818.599,339800
148937.774,339900
149042.009,340000
149164.524,340100
149312.857,340200
149484.542,340300
149622.662,340400
149772.814,340500
149936.433,340600
150043.533,340700
150138.321,340800
150222.248,340900
150319.998,341000
150411.973,341100
150501.044,341200
150595.505,341300
150694.759,341400
150777.046,341500
150911.392,341600
151004.494,341700
151157.162,341800
151279.399,341900
151380.410,342000
151467.232,342100
151547.339,342200
151629.927,342300
151716.859,342400
151803.542,342500
151919.367,342600
152027.394,342700
152167.319,342800
152376.414,342900
152481.891,343000
152590.786,343100
152704.458,343200
152857.965,343300
152975.749,343400
153083.346,343500
153244.068,343600
153354.386,343700
153458.504,343800
153601.883,343900
153737.023,344000
153838.683,344100
153917.668,344200
154011.772,344300
154130.395,344400
154243.664,344500
154353.450,344600
154487.869,344700
154637.578,344800
154814.010,344900
154934.978,345000
155040.446,345100
155149.400,345200
155254.870,345300
155367.703,345400
155486.342,345500
155650.337,345600
155742.403,345700
155857.556,345800
155973.422,345900
156117.685,346000
157999.006,346100
158217.156,346200
158474.328,346300
158652.977,346400
158803.928,346500
158951.021,346600
159069.280,346700
159215.679,346800
159428.625,346900
159596.606,347000
159756.739,347100
159954.688,347200
160128.580,347300
160300.780,347400
160480.870,347500
160639.912,347600
160752.125,347700
160895.296,347800
161070.643,347900
161210.578,348000
161421.210,348100
161610.135,348200
161759.715,348300
161898.512,348400
162052.670,348500
162178.390,348600
162393.539,348700
162527.084,348800
162674.114,348900
162796.338,349000
162926.260,349100
163032.135,349200
163143.591,349300
163271.732,349400
163357.506,349500
163461.295,349600
163585.184,349700
163729.477,349800
163862.524,349900
164033.040,350000
164186.275,350100
164321.279,350200
164541.638,350300
164692.977,350400
164809.207,350500
164982.247,350600
165092.755,350700
165199.435,350800
165352.156,350900
165485.689,351000
165611.834,351100
165795.967,351200
165966.838,351300
166103.554,351400
166281.980,351500
166407.873,351600
166529.457,351700
166638.976,351800
166818.086,351900
166941.704,352000
167134.078,352100
167283.887,352200
167416.059,352300
167538.792,352400
167667.430,352500
167815.901,352600
167926.476,352700
168022.432,352800
168162.837,352900
168306.602,353000
168399.713,353100
168515.578,353200
168629.571,353300
168775.218,353400
170643.188,353500
170799.726,353600
170952.947,353700
171081.785,353800
171220.431,353900
171395.004,354000
171541.575,354100
171688.686,354200
171836.627,354300
171987.177,354400
172100.332,354500
172220.321,354600
172361.236,354700
172505.721,354800
172656.392,354900
172850.885,355000
172969.041,355100
173085.601,355200
173209.416,355300
173367.879,355400
173524.757,355500
173660.377,355600
173777.685,355700
173898.240,355800
174016.073,355900
174202.169,356000
174316.014,356100
174428.127,356200
174551.057,356300
174709.314,356400
174841.134,356500
174948.595,356600
175065.579,356700
175191.305,356800
175302.086,356900
175414.029,357000
175524.464,357100
175654.154,357200
175810.315,357300
175936.518,357400
176049.221,357500
176240.583,357600
176409.658,357700
176520.139,357800
176681.346,357900
176798.072,358000
176906.694,358100
177085.485,358200
177217.648,358300
177331.662,358400
177474.485,358500
177642.156,358600
177785.196,358700
177880.026,358800
178031.879,358900
178183.667,359000
178338.275,359100
178467.468,359200
178648.450,359300
178807.783,359400
178911.099,359500
179082.125,359600
179197.640,359700
179275.881,359800
179387.629,359900
179486.285,360000
179594.808,360100
179769.050,360200
179929.387,360300
180047.611,360400
182079.785,360500
182456.488,360600
182774.757,360700
183067.614,360800
183361.565,360900
183875.022,361000
184263.998,361100
184549.670,361200
184952.319,361300
185231.690,361400
185469.649,361500
185729.108,361600
186104.749,361700
186381.688,361800
186708.485,361900
186953.130,362000
187336.496,362100
187575.409,362200
187752.715,362300
187943.338,362400
188086.192,362500
188233.678,362600
188468.541,362700
188655.525,362800
188797.072,362900
189017.399,363000
189250.120,363100
189522.920,363200
189794.693,363300
190032.340,363400
190200.488,363500
190358.380,363600
190559.216,363700
190703.223,363800
190853.316,363900
191044.649,364000
191182.822,364100
191380.412,364200
191578.867,364300
191859.605,364400
192205.115,364500
192441.876,364600
192689.911,364700
192894.946,364800
193133.674,364900
193373.991,365000
193668.964,365100
193856.968,365200
194047.185,365300
195825.799,365400
196110.906,365500
196393.628,365600
196637.862,365700
196895.051,365800
197122.404,365900
197321.213,366000
197524.525,366100
197699.563,366200
197843.367,366300
198049.990,366400
198208.949,366500
198339.568,366600
198492.807,366700
198618.251,366800
198756.353,366900
198879.889,367000
199118.646,367100
199356.576,367200
199512.423,367300
199747.919,367400
199986.440,367500
200204.815,367600
200447.943,367700
200676.186,367800
200919.301,367900
201148.320,368000
201261.366,368100
201424.713,368200
201586.159,368300
201812.602,368400
202065.018,368500
202267.986,368600
202503.915,368700
202732.011,368800
202864.457,368900
202983.747,369000
203117.912,369100
203303.334,369200
203469.203,369300
203590.454,369400
203743.493,369500
203898.629,369600
204021.663,369700
204190.012,369800
204400.411,369900
204547.002,370000
206384.310,370100
206731.352,370200
207017.742,370300
207216.281,370400
207435.144,370500
207646.972,370600
207854.052,370700
208035.214,370800
208172.341,370900
208332.226,371000
208518.490,371100
208684.806,371200
208847.873,371300
209172.869,371400
209379.711,371500
209566.408,371600
209724.210,371700
209899.873,371800
210072.765,371900
210215.282,372000
210390.878,372100
210531.596,372200
210694.108,372300
210851.710,372400
211056.678,372500
211218.677,372600
211581.671,372700
211788.555,372800
212014.418,372900
212144.400,373000
212281.339,373100
212469.106,373200
212599.522,373300
212768.847,373400
212924.154,373500
213164.171,373600
213343.984,373700
213624.553,373800
214008.892,373900
214238.135,374000
214492.953,374100
214681.045,374200
214876.523,374300
215068.352,374400
215282.236,374500
215533.308,374600
215735.331,374700
215913.008,374800
216132.972,374900
216378.690,375000
216610.585,375100
216800.172,375200
216959.703,375300
217147.068,375400
217377.680,375500
217575.619,375600
219419.295,375700
219698.681,375800
219980.473,375900
220229.208,376000
220443.203,376100
220663.143,376200
220886.836,376300
221057.943,376400
221320.225,376500
221532.166,376600
221728.817,376700
221948.664,376800
222248.442,376900
222476.602,377000
222728.580,377100
222916.575,377200
223083.825,377300
223221.104,377400
223409.940,377500
223579.198,377600
223746.466,377700
224009.460,377800
224240.296,377900
224458.355,378000
224678.671,378100
225011.631,378200
225295.183,378300
225507.753,378400
225714.622,378500
225923.506,378600
226076.089,378700
226277.006,378800
226446.838,378900
226616.152,379000
226781.669,379100
227026.215,379200
227255.165,379300
227427.076,379400
227616.297,379500
227788.637,379600
228005.943,379700
228326.965,379800
228565.720,379900
228727.622,380000
228915.037,380100
229084.064,380200
229354.631,380300
229512.279,380400
229652.445,380500
229833.722,380600
230065.955,380700
230220.297,380800
230384.871,380900
230615.163,381000
230839.123,381100
231037.179,381200
231286.466,381300
233824.693,381400
234183.661,381500
234668.349,381600
235180.829,381700
235720.412,381800
236217.313,381900
236736.132,382000
237337.715,382100
237702.149,382200
238019.397,382300
238296.101,382400
238525.278,382500
238802.185,382600
239084.575,382700
239371.772,382800
239584.958,382900
239887.672,383000
240085.810,383100
240333.608,383200
240653.672,383300
240881.377,383400
241171.292,383500
241390.864,383600
241570.601,383700
241760.111,383800
241936.154,383900
242102.629,384000
242407.452,384100
242655.731,384200
242844.494,384300
243133.721,384400
243335.552,384500
243497.371,384600
243743.605,384700
243970.568,384800
244249.086,384900
244475.044,385000
244639.038,385100
244832.952,385200
245051.357,385300
245217.811,385400
245516.073,385500
245705.900,385600
245926.653,385700
246122.944,385800
246271.971,385900
246521.657,386000
246726.263,386100
246938.716,386200
247200.831,386300
247439.476,386400
247733.734,386500
249901.070,386600
250226.558,386700
250517.988,386800
250842.950,386900
251125.462,387000
251421.134,387100
251724.086,387200
252061.946,387300
252314.757,387400
252642.765,387500
252901.704,387600
253119.898,387700
253383.542,387800
253650.719,387900
254797.089,388000
255134.763,388100
255381.958,388200
255647.684,388300
255896.473,388400
256110.015,388500
256332.064,388600
256538.173,388700
256781.992,388800
257000.734,388900
257205.415,389000
257413.846,389100
257893.040,389200
258189.625,389300
258395.804,389400
258641.043,389500
258916.653,389600
259165.765,389700
259386.834,389800
259746.722,389900
259950.285,390000
260168.812,390100
260336.493,390200
260502.047,390300
260659.462,390400
260950.204,390500
261188.233,390600
261377.379,390700
261551.509,390800
261788.380,390900
261960.951,391000
262127.871,391100
264104.500,391200
264583.050,391300
265297.980,391400
265653.813,391500
266014.563,391600
266291.937,391700
266699.842,391800
267146.203,391900
267500.713,392000
267847.076,392100
268297.058,392200
268582.482,392300
268874.089,392400
269148.946,392500
269368.373,392600
269663.276,392700
269922.688,392800
270257.017,392900
270571.744,393000
270908.877,393100
271333.684,393200
271617.569,393300
271974.185,393400
272412.871,393500
272735.821,393600
273066.228,393700
273354.606,393800
273652.128,393900
273972.246,394000
274440.288,394100
274975.087,394200
275338.955,394300
275675.050,394400
275911.433,394500
276333.624,394600
276609.105,394700
276803.298,394800
277082.127,394900
277303.592,395000
277587.112,395100
277870.033,395200
278092.718,395300
278333.403,395400
278602.172,395500
278795.724,395600
280925.019,395700
281444.162,395800
281753.821,395900
282093.062,396000
282502.904,396100
282929.944,396200
283359.796,396300
283715.849,396400
284035.276,396500
284322.591,396600
284597.725,396700
284885.263,396800
285171.741,396900
285504.004,397000
285818.221,397100
286152.312,397200
286550.989,397300
286818.344,397400
287149.086,397500
287407.151,397600
287688.414,397700
287994.605,397800
288210.448,397900
288473.482,398000
288714.923,398100
289002.895,398200
289234.271,398300
289593.920,398400
289967.370,398500
290329.293,398600
290654.394,398700
290957.714,398800
291215.042,398900
291524.148,399000
291757.414,399100
292001.849,399200
292227.719,399300
292486.839,399400
292780.631,399500
293050.446,399600
293386.842,399700
293831.394,399800
296523.989,399900
297292.809,400000
297817.105,400100
298488.255,400200
298913.157,400300
299316.360,400400
299849.501,400500
300342.014,400600
300758.926,400700
301162.909,400800
301590.256,400900
302050.440,401000
302537.723,401100
302960.298,401200
303399.963,401300
303861.178,401400
304208.648,401500
304527.205,401600
304920.401,401700
305300.575,401800
305774.881,401900
306056.349,402000
306351.383,402100
306607.451,402200
306936.488,402300
307219.164,402400
307455.693,402500
307907.490,402600
308185.746,402700
308525.431,402800
308805.420,402900
309046.197,403000
309328.046,403100
309552.094,403200
309907.093,403300
310115.842,403400
310308.214,403500
310550.846,403600
310782.667,403700
311003.819,403800
312986.744,403900
313414.659,404000
313827.346,404100
314222.165,404200
314606.798,404300
314910.875,404400
315347.420,404500
315753.182,404600
316210.255,404700
316501.301,404800
316966.899,404900
317301.588,405000
317689.142,405100
318054.760,405200
318374.985,405300
318897.160,405400
319382.888,405500
319682.747,405600
319916.308,405700
320162.286,405800
320475.792,405900
320835.787,406000
321190.559,406100
321470.914,406200
321726.812,406300
321968.482,406400
322180.090,406500
322487.099,406600
322742.394,406700
323005.608,406800
323283.720,406900
323627.269,407000
323817.570,407100
324131.419,407200
324434.262,407300
324725.972,407400
324974.596,407500
325194.019,407600
325410.915,407700
325664.551,407800
325918.130,407900
326106.186,408000
328279.830,408100
328779.021,408200
329287.890,408300
329865.269,408400
330338.796,408500
330774.597,408600
331117.340,408700
331518.290,408800
331960.965,408900
332396.283,409000
332811.974,409100
333267.951,409200
333641.094,409300
334170.704,409400
334510.000,409500
334834.051,409600
335097.840,409700
335348.891,409800
335660.417,409900
336028.970,410000
336353.409,410100
336649.458,410200
336937.467,410300
337224.033,410400
337501.053,410500
337839.947,410600
338131.816,410700
338447.032,410800
338764.582,410900
338981.952,411000
339296.734,411100
339607.546,411200
339904.220,411300
340232.673,411400
340523.158,411500
340811.793,411600
341147.569,411700
342368.769,411800
342645.540,411900
342968.317,412000
345477.709,412100
346047.620,412200
346565.127,412300
347067.115,412400
347518.771,412500
347944.301,412600
348337.616,412700
348726.219,412800
349002.200,412900
349359.226,413000
349612.382,413100
349985.505,413200
350455.976,413300
350829.839,413400
351154.907,413500
351551.660,413600
351968.589,413700
352307.845,413800
352593.976,413900
352966.530,414000
353359.112,414100
353781.539,414200
354155.951,414300
354555.575,414400
354921.330,414500
355193.235,414600
355707.443,414700
356134.254,414800
356448.796,414900
356733.238,415000
357022.608,415100
357294.619,415200
357568.731,415300
357868.426,415400
358165.548,415500
358436.412,415600
358776.785,415700
359064.795,415800
361939.214,415900
363072.933,416000
364217.053,416100
365229.547,416200
365975.000,416300
366588.614,416400
367282.877,416500
368018.049,416600
368507.457,416700
369091.000,416800
369494.904,416900
370003.390,417000
370438.835,417100
370817.992,417200
371291.099,417300
371655.789,417400
372013.770,417500
372415.746,417600
372883.682,417700
373245.736,417800
373620.595,417900
374082.172,418000
374431.464,418100
374734.250,418200
375048.747,418300
375361.865,418400
375717.005,418500
376095.469,418600
376425.615,418700
376705.214,418800
376995.989,418900
377338.576,419000
377671.917,419100
378032.175,419200
378368.693,419300
378717.731,419400
378957.652,419500
379216.061,419600
381323.797,419700
381816.250,419800
382247.342,419900
382612.173,420000
382885.478,420100
383285.857,420200
383651.324,420300
384068.128,420400
384585.032,420500
385016.039,420600
385348.609,420700
385698.815,420800
386042.410,420900
386316.537,421000
386625.618,421100
387194.893,421200
387552.627,421300
387828.437,421400
388174.835,421500
388616.740,421600
389050.953,421700
389416.969,421800
389840.859,421900
390225.542,422000
390513.504,422100
390820.678,422200
391101.282,422300
391478.103,422400
391788.291,422500
392228.716,422600
392527.644,422700
392802.181,422800
393067.937,422900
393422.618,423000
393714.399,423100
394129.335,423200
394540.230,423300
394965.073,423400
395231.391,423500
397741.601,423600
398394.277,423700
399033.732,423800
399585.144,423900
400146.321,424000
400672.866,424100
401308.323,424200
401893.873,424300
402399.934,424400
402961.558,424500
403594.623,424600
404138.803,424700
404575.775,424800
405042.305,424900
405415.168,425000
405867.774,425100
406177.724,425200
406599.952,425300
406954.160,425400
407296.162,425500
407663.244,425600
408053.737,425700
408513.717,425800
409018.820,425900
409619.837,426000
410675.481,426100
410963.414,426200
411284.526,426300
411646.522,426400
411964.917,426500
412417.293,426600
412744.345,426700
413017.412,426800
413376.551,426900
413702.154,427000
414225.654,427100
414472.512,427200
414801.844,427300
415090.938,427400
415389.007,427500
415738.575,427600
418022.906,427700
418814.543,427800
419444.684,427900
419914.180,428000
420376.903,428100
420808.483,428200
421192.711,428300
421628.706,428400
422135.219,428500
422746.776,428600
423164.976,428700
423703.799,428800
424149.474,428900
424548.969,429000
424939.758,429100
425298.109,429200
425628.086,429300
425959.806,429400
426270.135,429500
426617.299,429600
426910.594,429700
427321.596,429800
427813.182,429900
428200.039,430000
428550.326,430100
428980.757,430200
429331.503,430300
429619.431,430400
430014.649,430500
430421.398,430600
430713.204,430700
431039.538,430800
431328.342,430900
431645.365,431000
431983.109,431100
432549.373,431200
432856.652,431300
433040.309,431400
433301.487,431500
433552.800,431600
433898.534,431700
434336.586,431800
436962.429,431900
437861.007,432000
438740.929,432100
439401.131,432200
439904.002,432300
440623.632,432400
441229.375,432500
441813.184,432600
442461.743,432700
442988.472,432800
443636.725,432900
444139.794,433000
444678.253,433100
445264.373,433200
445759.217,433300
446251.819,433400
446832.353,433500
447158.968,433600
447774.875,433700
448463.506,433800
448924.792,433900
449460.242,434000
450079.804,434100
450548.867,434200
451047.956,434300
451637.661,434400
452077.525,434500
452514.892,434600
452922.716,434700
453427.060,434800
453872.038,434900
454355.184,435000
454786.444,435100
455160.868,435200
455581.076,435300
455984.338,435400
456457.352,435500
459247.798,435600
460466.798,435700
461775.040,435800
462593.939,435900
463890.185,436000
464771.424,436100
465385.627,436200
465953.520,436300
466425.422,436400
466904.962,436500
467259.006,436600
467619.678,436700
468106.243,436800
468602.997,436900
469076.410,437000
469763.834,437100
470336.255,437200
470802.733,437300
471184.281,437400
471681.430,437500
472098.030,437600
472501.201,437700
472945.110,437800
473316.255,437900
473871.884,438000
474310.038,438100
474657.732,438200
475146.634,438300
475581.263,438400
476078.712,438500
476464.148,438600
476835.637,438700
477294.085,438800
477703.988,438900
478154.002,439000
478574.060,439100
478932.795,439200
482123.486,439300
483424.749,439400
484916.906,439500
486039.229,439600
486876.875,439700
487649.659,439800
488410.400,439900
489135.266,440000
489868.329,440100
490614.989,440200
491198.317,440300
491772.950,440400
492328.438,440500
492771.834,440600
493417.411,440700
493961.362,440800
494740.763,440900
495209.898,441000
495809.681,441100
496406.255,441200
496916.350,441300
497377.811,441400
497913.213,441500
498637.769,441600
499131.322,441700
499556.954,441800
500058.582,441900
500534.714,442000
500926.508,442100
501421.995,442200
502154.470,442300
502663.552,442400
503311.126,442500
506629.794,442600
507974.134,442700
508918.488,442800
509724.770,442900
510430.182,443000
511033.349,443100
511750.087,443200
512398.686,443300
513256.120,443400
513998.573,443500
514856.521,443600
515515.891,443700
516349.646,443800
516919.138,443900
517318.512,444000
517960.873,444100
518374.778,444200
519031.221,444300
519529.398,444400
520125.864,444500
520796.959,444600
521333.009,444700
522038.138,444800
522957.005,444900
523731.128,445000
524394.611,445100
524919.366,445200
525485.099,445300
526111.207,445400
526705.893,445500
527259.164,445600
527809.934,445700
528378.162,445800
528893.423,445900
529412.902,446000
532354.257,446100
533587.511,446200
535299.512,446300
536677.992,446400
537849.499,446500
539042.314,446600
540486.300,446700
541488.654,446800
542346.472,446900
543142.692,447000
543934.890,447100
544752.446,447200
545484.484,447300
546073.465,447400
546648.302,447500
547226.002,447600
547796.123,447700
548296.326,447800
548792.234,447900
549275.138,448000
549744.868,448100
550139.500,448200
550684.179,448300
551260.779,448400
552050.718,448500
552680.208,448600
553375.278,448700
554012.657,448800
554694.683,448900
555260.674,449000
555831.036,449100
556241.845,449200
556646.168,449300
557068.115,449400
557442.457,449500
557865.024,449600
560055.642,449700
560895.424,449800
562081.542,449900
562967.246,450000
563996.838,450100
565144.738,450200
565849.518,450300
566877.870,450400
568044.778,450500
568738.685,450600
569406.506,450700
569966.947,450800
570428.324,450900
570944.056,451000
571410.416,451100
571994.787,451200
572621.694,451300
573154.877,451400
573880.768,451500
574469.316,451600
575059.819,451700
575555.650,451800
576173.584,451900
576795.970,452000
577305.689,452100
577855.935,452200
578332.435,452300
578868.654,452400
579320.442,452500
579734.588,452600
580161.168,452700
580811.041,452800
581586.283,452900
585191.435,453000
586802.425,453100
587937.098,453200
588973.168,453300
589868.652,453400
590876.910,453500
591883.172,453600
593122.803,453700
593893.066,453800
594619.138,453900
595285.588,454000
596067.541,454100
597086.761,454200
597963.655,454300
598746.114,454400
599594.295,454500
600330.439,454600
601066.406,454700
601768.427,454800
602497.755,454900
602985.144,455000
603663.453,455100
604144.766,455200
604684.903,455300
605377.089,455400
606003.932,455500
606645.648,455600
607302.760,455700
607924.373,455800
608550.804,455900
609175.109,456000
609664.822,456100
612439.162,456200
613714.932,456300
614822.811,456400
615918.264,456500
616775.834,456600
617720.012,456700
618570.127,456800
619762.190,456900
620715.096,457000
621466.965,457100
622216.983,457200
623019.827,457300
623774.680,457400
624478.387,457500
625160.951,457600
625787.133,457700
627551.576,457800
628444.040,457900
629086.951,458000
629737.487,458100
630393.818,458200
631081.361,458300
631846.341,458400
632372.634,458500
632915.026,458600
633452.321,458700
634067.814,458800
634695.120,458900
635215.343,459000
635790.619,459100
636243.277,459200
636937.836,459300
637559.492,459400
642569.395,459500
644422.642,459600
645810.146,459700
647194.754,459800
648457.414,459900
649689.262,460000
650974.290,460100
652370.692,460200
653100.074,460300
654212.566,460400
655207.513,460500
656010.120,460600
656715.347,460700
657368.895,460800
658074.570,460900
658747.402,461000
659348.542,461100
660067.272,461200
660749.157,461300
661354.397,461400
662059.567,461500
662772.022,461600
663517.109,461700
664416.597,461800
665121.784,461900
665837.635,462000
666608.765,462100
667361.758,462200
667970.983,462300
668549.871,462400
669099.437,462500
669721.040,462600
672416.451,462700
673309.307,462800
675333.451,462900
676754.121,463000
677789.833,463100
678862.642,463200
679787.385,463300
680619.079,463400
681445.549,463500
682213.497,463600
683234.342,463700
683855.426,463800
684567.764,463900
685245.436,464000
685840.188,464100
686564.758,464200
687606.592,464300
688269.087,464400
688984.046,464500
689681.963,464600
690384.415,464700
691097.075,464800
691940.016,464900
692662.758,465000
693401.485,465100
694065.568,465200
694999.039,465300
695640.950,465400
696249.760,465500
696963.148,465600
697591.203,465700
700640.586,465800
702152.597,465900
703764.642,466000
705209.730,466100
706343.887,466200
707452.856,466300
708553.970,466400
710018.410,466500
710840.332,466600
711635.710,466700
712432.273,466800
713213.149,466900
713972.343,467000
714776.387,467100
715487.859,467200
716506.234,467300
717422.307,467400
718415.942,467500
719420.927,467600
720257.882,467700
721379.729,467800
722464.996,467900
723306.476,468000
724330.081,468100
725117.693,468200
725833.031,468300
726686.783,468400
727744.981,468500
728802.065,468600
729870.644,468700
733345.173,468800
734569.347,468900
735784.885,469000
736927.480,469100
738147.876,469200
739406.990,469300
740453.078,469400
741502.206,469500
742531.630,469600
743512.316,469700
744857.503,469800
745919.247,469900
746755.002,470000
747582.180,470100
748323.621,470200
749020.731,470300
749921.863,470400
750781.313,470500
751549.226,470600
752368.326,470700
753076.486,470800
754073.247,470900
755261.224,471000
756202.410,471100
757009.644,471200
757850.289,471300
758582.735,471400
759786.196,471500
760672.491,471600
761557.964,471700
762627.976,471800
763837.381,471900
768604.515,472000
770642.016,472100
771761.909,472200
772793.695,472300
773851.146,472400
775130.310,472500
776290.593,472600
777762.427,472700
779643.505,472800
780797.207,472900
781599.990,473000
782409.082,473100
783166.960,473200
783769.198,473300
784452.828,473400
785411.561,473500
786286.321,473600
787203.776,473700
787958.149,473800
788713.488,473900
789562.836,474000
790205.294,474100
790716.802,474200
791436.410,474300
792084.062,474400
792903.502,474500
793744.788,474600
794478.645,474700
795270.217,474800
795939.143,474900
796750.593,475000
797627.588,475100
798557.625,475200
799272.350,475300
800040.378,475400
803499.113,475500
804739.700,475600
805720.575,475700
808313.182,475800
809223.741,475900
810691.251,476000
811728.702,476100
812655.356,476200
813351.786,476300
814249.504,476400
814923.665,476500
815686.893,476600
816224.719,476700
816820.747,476800
817360.145,476900
818101.838,477000
818829.866,477100
819333.379,477200
820189.985,477300
820877.886,477400
821717.389,477500
822432.165,477600
823167.481,477700
823927.616,477800
824538.989,477900
825156.111,478000
825988.364,478100
827233.645,478200
829182.495,478300
830826.228,478400
831792.087,478500
832581.663,478600
833506.037,478700
834602.595,478800
835345.452,478900
836521.918,479000
837487.721,479100
842022.601,479200
843421.259,479300
844603.552,479400
845671.387,479500
846794.018,479600
847806.715,479700
848573.585,479800
849238.213,479900
849904.373,480000
850553.679,480100
851211.264,480200
852036.459,480300
852853.354,480400
853767.893,480500
854450.693,480600
855103.499,480700
855689.542,480800
856409.216,480900
857062.653,481000
857614.657,481100
858300.888,481200
859221.624,481300
860064.693,481400
861201.221,481500
861995.605,481600
862768.752,481700
863634.077,481800
864391.438,481900
865051.355,482000
865789.221,482100
866809.322,482200
867913.967,482300
871460.173,482400
873336.996,482500
874596.263,482600
875714.848,482700
877390.785,482800
879025.919,482900
880290.550,483000
881808.092,483100
882758.564,483200
883436.997,483300
884104.784,483400
884803.124,483500
885587.109,483600
886198.096,483700
886744.345,483800
887466.153,483900
887962.022,484000
888586.768,484100
889146.317,484200
889654.930,484300
890225.001,484400
890924.180,484500
891706.221,484600
892328.044,484700
892829.863,484800
893571.890,484900
894231.038,485000
895092.773,485100
895544.802,485200
896553.260,485300
897089.275,485400
897825.695,485500
898501.661,485600
898998.997,485700
899795.907,485800
900820.070,485900
901619.632,486000
902421.478,486100
906630.468,486200
907821.808,486300
908974.050,486400
909824.968,486500
910743.439,486600
911960.303,486700
912842.595,486800
913987.595,486900
914779.476,487000
915809.402,487100
916490.265,487200
917449.879,487300
918210.519,487400
919012.905,487500
919535.164,487600
920217.084,487700
921201.593,487800
922473.865,487900
923282.545,488000
923852.654,488100
924763.478,488200
925410.527,488300
926245.229,488400
927197.731,488500
928265.346,488600
929045.594,488700
929747.715,488800
930362.604,488900
931596.146,489000
932365.105,489100
933285.769,489200
933992.109,489300
934751.247,489400
935502.596,489500
936115.287,489600
939670.930,489700
941552.624,489800
943884.147,489900
945423.257,490000
946567.954,490100
947692.595,490200
948812.544,490300
949755.459,490400
950525.769,490500
951365.190,490600
952363.425,490700
953995.283,490800
954767.169,490900
955514.911,491000
957060.617,491100
957999.873,491200
959051.572,491300
960118.169,491400
961179.926,491500
961958.918,491600
962878.130,491700
963914.944,491800
964516.783,491900
965457.926,492000
966230.582,492100
966878.383,492200
967992.071,492300
969398.104,492400
970600.425,492500
971640.781,492600
972652.708,492700
976883.469,492800
978853.078,492900
980461.892,493000
982290.437,493100
983996.200,493200
985489.609,493300
986570.874,493400
987606.861,493500
989360.741,493600
990736.735,493700
991732.886,493800
992739.318,493900
993751.659,494000
994923.646,494100
996005.405,494200
996904.488,494300
997665.703,494400
998620.427,494500
999557.227,494600
1000770.336,494700
1002070.176,494800
1002972.002,494900
1004875.578,495000
1006225.663,495100
1007554.731,495200
1008582.031,495300
1009312.114,495400
1010357.280,495500
1014622.103,495600
1016122.477,495700
1018057.833,495800
1019564.378,495900
1020880.929,496000
1022424.244,496100
1023711.557,496200
1024952.288,496300
1025969.592,496400
1027122.905,496500
1028395.451,496600
1029516.487,496700
1030580.441,496800
1031946.234,496900
1033186.192,497000
1034208.036,497100
1035499.488,497200
1036606.077,497300
1037463.468,497400
1038922.663,497500
1039851.320,497600
1041203.868,497700
1042427.112,497800
1043981.686,497900
1045159.497,498000
1046056.423,498100
1047197.044,498200
1052608.684,498300
1055202.074,498400
1057475.048,498500
1059266.420,498600
1060817.272,498700
1062103.695,498800
1063051.617,498900
1064059.963,499000
1065366.393,499100
1066747.686,499200
1067870.008,499300
1068887.829,499400
1069967.152,499500
1070995.516,499600
1072019.095,499700
1073215.868,499800
1074085.883,499900
1074906.654,500000
1075939.022,500100
1076826.808,500200
1077703.281,500300
1078678.019,500400
1079950.550,500500
1081164.563,500600
1082299.841,500700
1083357.998,500800
1088071.200,500900
1089975.955,501000
1091740.487,501100
1093307.547,501200
1094655.384,501300
1095858.378,501400
1097091.470,501500
1098240.534,501600
1099246.613,501700
1100237.164,501800
1101781.815,501900
1103006.775,502000
1104656.968,502100
1105564.476,502200
1106567.614,502300
1107433.944,502400
1108344.434,502500
1109225.965,502600
1110221.015,502700
1111167.459,502800
1112333.956,502900
1113308.098,503000
1114422.306,503100
1115285.301,503200
1116238.500,503300
1117346.773,503400
1118314.558,503500
1123205.543,503600
1125294.256,503700
1127146.891,503800
1128595.785,503900
1129935.424,504000
1131226.879,504100
1132574.225,504200
1133684.396,504300
1134756.200,504400
1135762.110,504500
1137071.764,504600
1138178.248,504700
1139290.925,504800
1140254.813,504900
1141237.974,505000
1142339.259,505100
1144333.076,505200
1146231.611,505300
1147435.011,505400
1148509.606,505500
1149704.462,505600
1152089.225,505700
1153400.225,505800
1155073.116,505900
1156811.004,506000
1158618.781,506100
1160145.653,506200
1161405.367,506300
1162744.611,506400
1163747.388,506500
1165269.363,506600
1170667.118,506700
1173167.256,506800
1174455.643,506900
1175530.379,507000
1176558.419,507100
1178087.040,507200
1179166.526,507300
1180372.416,507400
1181429.529,507500
1182262.128,507600
1183722.524,507700
1184684.401,507800
1185811.379,507900
1187765.841,508000
1189719.918,508100
1191648.623,508200
1193510.572,508300
1195077.233,508400
1197811.902,508500
1201304.017,508600
1203720.561,508700
1205948.060,508800
1207702.901,508900
1209532.778,509000
1211557.178,509100
1213175.742,509200
1214737.815,509300
1216148.966,509400
1217718.389,509500
1219517.654,509600
1221135.490,509700
1222532.559,509800
1225738.745,509900
1227504.759,510000
1228789.913,510100
1235990.608,510200
1238635.069,510300
1240705.949,510400
1242092.906,510500
1243616.454,510600
1244692.045,510700
1246631.363,510800
1247964.905,510900
1249620.015,511000
1251453.827,511100
1252817.847,511200
1254081.221,511300
1256067.528,511400
1256969.257,511500
1257700.497,511600
1258898.837,511700
1260780.718,511800
1262698.318,511900
1264666.890,512000
1266813.575,512100
1268131.668,512200
1269625.212,512300
1271093.557,512400
1272631.453,512500
1274191.173,512600
1275942.592,512700
1277190.269,512800
1278284.014,512900
1279925.787,513000
1281114.627,513100
1282249.184,513200
1283029.238,513300
1284694.491,513400
1285275.334,513500
1286093.481,513600
1287555.266,513700
1288156.060,513800
1289120.001,513900
1291844.127,514000
1292749.623,514100
1293656.866,514200
1294820.703,514300
1295683.689,514400
1296468.433,514500
1297275.760,514600
1297936.568,514700
1299034.905,514800
1299734.242,514900
1300465.960,515000
1301092.043,515100
1301827.827,515200
1302616.925,515300
1303141.958,515400
1303694.806,515500
1304627.850,515600
1305273.034,515700
1305941.194,515800
1306512.894,515900
1307038.680,516000
1307396.810,516100
1307889.876,516200
1308294.950,516300
1308793.940,516400
1309525.564,516500
1310197.136,516600
1310708.627,516700
1311156.091,516800
1311760.775,516900
1312268.999,517000
1312816.876,517100
1313143.454,517200
1313804.517,517300
1314301.683,517400
1314861.723,517500
1315503.226,517600
1315871.867,517700
1317065.308,517800
1317885.783,517900
1318749.324,518000
1319461.678,518100
1320008.871,518200
1320582.139,518300
1321234.745,518400
1322860.563,518500
1323870.825,518600
1327667.245,518700
1328838.351,518800
1329926.160,518900
1331246.709,519000
1332353.591,519100
1333571.554,519200
1335019.995,519300
1335646.529,519400
1336468.390,519500
1337388.754,519600
1338280.159,519700
1339353.225,519800
1340277.443,519900
1341197.114,520000
1341982.260,520100
1343948.366,520200
1345706.042,520300
1346151.994,520400
1346752.390,520500
1347543.513,520600
1348218.258,520700
1348974.934,520800
1349573.386,520900
1350244.719,521000
1351235.717,521100
1352057.414,521200
1352715.496,521300
1353286.395,521400
1353789.228,521500
1354261.351,521600
1354973.151,521700
1355717.826,521800
1356405.593,521900
1357119.859,522000
1357940.524,522100
1358662.523,522200
1359567.292,522300
1360063.981,522400
1360600.681,522500
1361261.656,522600
1364241.612,522700
1365019.582,522800
1365881.288,522900
1366696.317,523000
1367287.015,523100
1368444.255,523200
1369369.774,523300
1369965.081,523400
1370482.353,523500
1371185.034,523600
1371944.296,523700
1372546.548,523800
1373337.498,523900
1373940.691,524000
1374481.084,524100
1375151.907,524200
1375516.658,524300
1376091.090,524400
1376641.905,524500
1376986.726,524600
1377599.828,524700
1378125.408,524800
1378812.675,524900
1379368.572,525000
1379876.802,525100
1380506.402,525200
1380963.076,525300
1381438.984,525400
1382328.874,525500
1382748.535,525600
1383208.240,525700
1385371.720,525800
1389319.043,525900
1391052.326,526000
1392400.583,526100
1394305.296,526200
1396409.447,526300
1398326.958,526400
1400303.757,526500
1401469.722,526600
1402281.804,526700
1402942.901,526800
1403683.298,526900
1404270.736,527000
1409783.552,527100
1414344.841,527200
1415686.291,527300
1416677.014,527400
1417475.661,527500
1418715.848,527600
1419330.443,527700
1419967.515,527800
1420392.754,527900
1420954.863,528000
1421630.506,528100
1422202.621,528200
1423824.665,528300
1424792.229,528400
1425424.645,528500
1426095.385,528600
1426556.199,528700
1427104.370,528800
1427507.550,528900
1427915.802,529000
1428360.768,529100
1430027.405,529200
1432169.505,529300
1434252.561,529400
1435955.146,529500
1436998.582,529600
1437606.815,529700
1438255.033,529800
1439628.483,529900
1440800.080,530000
1441504.340,530100
1442430.013,530200
1443702.592,530300
1444829.643,530400
1445650.759,530500
1446254.764,530600
1446832.508,530700
1447731.779,530800
1448310.198,530900
1448764.747,531000
1449380.811,531100
1450538.909,531200
1454657.108,531300
1455848.243,531400
1457763.297,531500
1461527.049,531600
1463313.476,531700
1464561.563,531800
1465912.803,531900
1468393.347,532000
1469150.096,532100
1470221.411,532200
1471048.318,532300
1472328.007,532400
1473413.743,532500
1474398.975,532600
1474954.455,532700
1475816.044,532800
1476392.297,532900
1477178.434,533000
1477474.519,533100
1478030.197,533200
1478727.511,533300
1479812.268,533400
1480676.387,533500
1481763.914,533600
1482906.432,533700
1483608.826,533800
1484613.235,533900
1485370.116,534000
1486255.166,534100
1486765.184,534200
1487550.775,534300
1488318.298,534400
1489111.736,534500
1490022.334,534600
1491004.598,534700
1491910.177,534800
1492766.641,534900
1493389.759,535000
1496611.004,535100
1497958.881,535200
1498962.096,535300
1500148.736,535400
1503545.335,535500
1505392.420,535600
1506682.493,535700
1507557.981,535800
1508388.029,535900
1509212.014,536000
1509906.486,536100
1510722.728,536200
1511329.530,536300
1511893.675,536400
1512796.436,536500
1513408.734,536600
1514090.421,536700
1514942.508,536800
1515627.215,536900
1516229.298,537000
1516874.174,537100
1517486.956,537200
1518054.952,537300
1518561.975,537400
1518980.188,537500
1519529.083,537600
1520230.332,537700
1520647.207,537800
1521147.006,537900
1521686.604,538000
1522272.224,538100
1523137.071,538200
1523762.124,538300
1524413.847,538400
1525049.543,538500
1525631.115,538600
1526271.339,538700
1527098.522,538800
1527684.883,538900
1528597.745,539000
1529304.519,539100
1531928.241,539200
1532849.606,539300
1533674.231,539400
1534676.365,539500
1535470.449,539600
1536422.112,539700
1537018.474,539800
1538041.815,539900
1538979.967,540000
1539715.297,540100
1540542.142,540200
1541277.243,540300
1542359.195,540400
1543034.688,540500
1543628.725,540600
1544201.543,540700
1544774.883,540800
1545496.325,540900
1546302.265,541000
1546809.709,541100
1547282.600,541200
1547933.618,541300
1548495.406,541400
1549140.774,541500
1549667.515,541600
1550118.328,541700
1550668.110,541800
1551309.709,541900
1551921.521,542000
1552577.228,542100
1553309.398,542200
1553981.992,542300
1554750.796,542400
1555446.987,542500
1556055.779,542600
1556594.871,542700
1557105.918,542800
1558094.702,542900
1560993.909,543000
1562399.378,543100
1563691.026,543200
1565003.259,543300
1566286.505,543400
1567643.369,543500
1568467.913,543600
1569185.841,543700
1569966.487,543800
1570609.921,543900
1571543.757,544000
1572653.803,544100
1573330.876,544200
1574128.428,544300
1574792.435,544400
1575439.355,544500
1576359.330,544600
1577030.648,544700
1577642.135,544800
1578420.703,544900
1579653.102,545000
1580858.057,545100
1581880.404,545200
1582837.405,545300
1583635.078,545400
1584616.934,545500
1585404.978,545600
1586220.632,545700
1587024.270,545800
1587823.377,545900
1588768.645,546000
1589773.461,546100
1590785.499,546200
1591654.336,546300
1592703.882,546400
1596391.950,546500
1597934.375,546600
1598888.481,546700
1599916.983,546800
1601044.484,546900
1602109.272,547000
1603081.176,547100
1604009.643,547200
1604903.771,547300
1605753.579,547400
1606635.561,547500
1607488.190,547600
1608421.629,547700
1609274.798,547800
1610159.736,547900
1610934.165,548000
1611634.910,548100
1612302.136,548200
1613060.078,548300
1614126.175,548400
1615010.484,548500
1615804.405,548600
1616433.337,548700
1617654.252,548800
1618475.306,548900
1619269.093,549000
1620734.974,549100
1621852.732,549200
1622779.742,549300
1623789.337,549400
1624565.593,549500
1625340.795,549600
1629388.520,549700
1631457.514,549800
1633184.823,549900
1634884.777,550000
1636321.723,550100
1637916.384,550200
1638961.542,550300
1639984.828,550400
1641223.130,550500
1641856.412,550600
1642922.278,550700
1644346.745,550800
1645885.274,550900
1647026.479,551000
1648141.988,551100
1649006.418,551200
1650376.201,551300
1651774.360,551400
1652950.869,551500
1654149.710,551600
1656226.690,551700
1658239.941,551800
1660204.456,551900
1661386.579,552000
1662406.973,552100
1663736.744,552200
1665293.146,552300
1666238.638,552400
1667104.388,552500
1669996.870,552600
1671309.860,552700
1673261.705,552800
1674806.379,552900
1676378.354,553000
1678020.062,553100
1679272.259,553200
1680254.772,553300
1681252.840,553400
1682274.978,553500
1683364.633,553600
1684402.769,553700
1685287.772,553800
1687445.807,553900
1688222.620,554000
1689108.162,554100
1690158.709,554200
1691519.476,554300
1692778.235,554400
1693999.958,554500
1695036.919,554600
1696260.480,554700
1697459.356,554800
1699474.637,554900
1700772.872,555000
1701756.487,555100
1702668.211,555200
1703466.043,555300
1704659.635,555400
1705461.893,555500
1706160.650,555600
1706840.523,555700
1711040.225,555800
1713493.548,555900
1715560.267,556000
1716865.376,556100
1717916.874,556200
1718862.890,556300
1719989.133,556400
1721115.504,556500
1722114.598,556600
1722993.848,556700
1723938.661,556800
1724951.248,556900
1725851.116,557000
1726759.164,557100
1727666.618,557200
1728434.000,557300
1729081.400,557400
1729873.135,557500
1730430.760,557600
1731098.532,557700
1731843.324,557800
1732398.302,557900
1733111.759,558000
1733859.674,558100
1734416.137,558200
1734988.930,558300
1735770.462,558400
1736426.729,558500
1737168.425,558600
1737946.594,558700
1738695.446,558800
1739563.837,558900
1740309.560,559000
1741127.935,559100
1743343.415,559200
1743996.124,559300
1744851.895,559400
1745712.050,559500
1746369.670,559600
1747153.310,559700
1747860.395,559800
1748616.932,559900
1749513.322,560000
1750514.723,560100
1751214.616,560200
1751749.027,560300
1752417.963,560400
1753012.324,560500
1753783.219,560600
1754428.299,560700
1755100.299,560800
1755888.575,560900
1756609.359,561000
1757445.950,561100
1758027.459,561200
1758825.584,561300
1759414.781,561400
1759902.605,561500
1760610.413,561600
1761296.011,561700
1761922.153,561800
1762549.195,561900
1763299.854,562000
1764037.699,562100
1764829.241,562200
1767870.422,562300
1769625.769,562400
1770972.113,562500
1772307.947,562600
1774232.827,562700
1775665.488,562800
1776942.194,562900
1777662.650,563000
1778807.716,563100
1779901.913,563200
1780822.468,563300
1781247.172,563400
1781954.085,563500
1782728.672,563600
1783779.310,563700
1784549.423,563800
1785444.298,563900
1786436.613,564000
1787510.592,564100
1788216.303,564200
1788951.349,564300
1789918.673,564400
1790685.360,564500
1791542.497,564600
1792331.592,564700
1793300.428,564800
1794194.753,564900
1794896.753,565000
1795758.602,565100
1798395.079,565200
1799585.174,565300
1800547.778,565400
1801503.198,565500
1803049.478,565600
1804562.005,565700
1805531.579,565800
1807054.055,565900
1807989.022,566000
1808950.509,566100
1809710.297,566200
1810403.074,566300
1811137.677,566400
1811750.467,566500
1812521.369,566600
1813519.821,566700
1814708.100,566800
1815852.143,566900
1816910.343,567000
1817628.692,567100
1818308.751,567200
1819054.719,567300
1819737.409,567400
1820196.588,567500
1820956.779,567600
1821794.239,567700
1822401.418,567800
1823112.464,567900
1823759.926,568000
1824762.459,568100
1826089.904,568200
1829122.461,568300
1830988.053,568400
1832733.052,568500
1834085.387,568600
1835823.105,568700
1838330.576,568800
1839461.439,568900
1840653.705,569000
1842539.821,569100
1843549.592,569200
1844573.329,569300
1845643.973,569400
1846768.634,569500
1847805.280,569600
1848703.302,569700
1849662.897,569800
1850679.779,569900
1851786.951,570000
1852815.960,570100
1853710.246,570200
1854805.722,570300
1855949.622,570400
1857055.421,570500
1858101.511,570600
1859077.014,570700
1860217.616,570800
1861405.514,570900
1864369.321,571000
1865680.105,571100
1866842.239,571200
1867885.610,571300
1869051.468,571400
1869879.676,571500
1870770.487,571600
1872251.903,571700
1873319.548,571800
1874223.547,571900
1875250.846,572000
1876474.078,572100
1877422.661,572200
1878422.476,572300
1879351.191,572400
1880077.333,572500
1880995.225,572600
1881790.266,572700
1882523.740,572800
1883392.434,572900
1884581.699,573000
1885993.606,573100
1886898.502,573200
1887780.198,573300
1888705.163,573400
1892956.931,573500
1894867.573,573600
1896425.190,573700
1899371.275,573800
1901134.355,573900
1902299.514,574000
1903358.339,574100
1904348.735,574200
1905439.710,574300
1906597.636,574400
1907900.478,574500
1909022.328,574600
1910105.991,574700
1911110.533,574800
1912133.665,574900
1913210.631,575000
1914351.587,575100
1915365.985,575200
1916373.925,575300
1917406.684,575400
1918473.665,575500
1919517.698,575600
1921065.804,575700
1923156.243,575800
1924804.481,575900
1929565.622,576000
1931351.664,576100
1932781.154,576200
1934218.611,576300
1935425.049,576400
1936664.027,576500
1937805.123,576600
1939333.829,576700
1940444.788,576800
1941561.329,576900
1942615.910,577000
1943804.440,577100
1944902.325,577200
1945970.795,577300
1947067.302,577400
1948253.873,577500
1949124.817,577600
1950199.816,577700
1951186.266,577800
1951997.193,577900
1953176.297,578000
1954196.918,578100
1955275.847,578200
1956808.111,578300
1957975.987,578400
1962093.142,578500
1964799.351,578600
1967035.771,578700
1968917.319,578800
1970910.233,578900
1972563.091,579000
1974071.820,579100
1975284.131,579200
1976750.422,579300
1978196.839,579400
1979356.832,579500
1980574.549,579600
1981520.945,579700
1982464.618,579800
1983698.667,579900
1984910.961,580000
1985905.895,580100
1986989.335,580200
1988179.986,580300
1989301.508,580400
1990349.458,580500
1991578.883,580600
1993210.625,580700
1995124.888,580800
1996582.662,580900
2001060.825,581000
2002845.269,581100
2004993.654,581200
2006637.517,581300
2008020.501,581400
2009304.357,581500
2010385.061,581600
2011674.128,581700
2012951.943,581800
2014673.402,581900
2016539.391,582000
2018583.387,582100
2020050.037,582200
2021765.462,582300
2023173.151,582400
2024990.719,582500
2027325.662,582600
2029166.588,582700
2030727.054,582800
2032150.192,582900
2034015.578,583000
2035047.174,583100
2036050.323,583200
2036957.936,583300
2038058.342,583400
2043890.373,583500
2048264.167,583600
2050716.483,583700
2052318.170,583800
2053834.895,583900
2056192.707,584000
2057186.750,584100
2058048.437,584200
2058888.600,584300
2059879.735,584400
2060836.467,584500
2062165.568,584600
2063250.143,584700
2065468.816,584800
2067087.328,584900
2068615.411,585000
2070322.307,585100
2071810.927,585200
2073157.172,585300
2074259.425,585400
2075308.164,585500
2076621.646,585600
2077834.385,585700
2078850.103,585800
2079967.518,585900
2081229.074,586000
2082553.209,586100
2087848.061,586200
2089158.462,586300
2090232.218,586400
2092865.292,586500
2094135.415,586600
2095876.836,586700
2097013.055,586800
2098038.098,586900
2099315.254,587000
2100278.842,587100
2101123.064,587200
2101819.353,587300
2102439.039,587400
2103216.800,587500
2104084.736,587600
2105100.447,587700
2106192.511,587800
2107198.187,587900
2108145.984,588000
2109125.899,588100
2110299.878,588200
2111310.579,588300
2112107.593,588400
2112930.635,588500
2113895.007,588600
2114707.231,588700
2116407.315,588800
2118073.066,588900
2119632.094,589000
2121627.252,589100
2126760.983,589200
2129208.800,589300
2131218.465,589400
2132731.063,589500
2133734.817,589600
2134812.398,589700
2135915.701,589800
2137568.730,589900
2139347.784,590000
2140806.948,590100
2142164.503,590200
2143355.904,590300
2144430.030,590400
2145474.805,590500
2146340.376,590600
2147280.337,590700
2148052.650,590800
2149070.647,590900
2150084.177,591000
2151392.300,591100
2153013.885,591200
2154220.246,591300
2155607.345,591400
2156601.552,591500
2157754.398,591600
2158513.366,591700
2159414.158,591800
2160724.932,591900
2163772.426,592000
2165128.544,592100
2166687.057,592200
2167746.460,592300
2168937.669,592400
2169908.621,592500
2170790.494,592600
2171516.958,592700
2172363.203,592800
2173405.221,592900
2174439.629,593000
2175359.710,593100
2176352.718,593200
2177328.750,593300
2178965.711,593400
2179993.312,593500
2181782.731,593600
2182632.026,593700
2183244.986,593800
2184191.364,593900
2184854.365,594000
2185938.954,594100
2187413.562,594200
2188295.088,594300
2189401.036,594400
2190107.737,594500
2191054.725,594600
2191789.721,594700
2192473.827,594800
2193327.687,594900
2198302.508,595000
2199511.919,595100
2202514.613,595200
2204757.187,595300
2206109.068,595400
2207768.010,595500
2209109.913,595600
2210556.181,595700
2211703.834,595800
2212642.654,595900
2213550.603,596000
2214470.374,596100
2215417.308,596200
2216574.737,596300
2217747.847,596400
2218759.822,596500
2219639.422,596600
2220396.664,596700
2221412.459,596800
2222530.758,596900
2223307.045,597000
2224136.225,597100
2225154.915,597200
2226333.265,597300
2227491.805,597400
2228380.214,597500
2229267.164,597600
2230145.626,597700
2231022.360,597800
2234915.744,597900
2235712.243,598000
2236540.277,598100
2237525.594,598200
2238327.476,598300
2239355.748,598400
2240532.624,598500
2241553.806,598600
2242855.523,598700
2244035.749,598800
2245004.675,598900
2245959.066,599000
2247049.399,599100
2247677.910,599200
2248547.567,599300
2249573.812,599400
2250366.700,599500
2251398.356,599600
2252306.688,599700
2253467.157,599800
2254336.815,599900
2255823.867,600000
2256992.860,600100
2257996.236,600200
2258811.559,600300
2260125.718,600400
2260995.489,600500
2262187.206,600600
2262919.328,600700
2263966.024,600800
2268156.552,600900
2270509.886,601000
2273072.597,601100
2274825.114,601200
2276691.228,601300
2278579.560,601400
2280289.296,601500
2281865.647,601600
2283317.154,601700
2284408.679,601800
2285856.618,601900
2286948.403,602000
2288026.084,602100
2288998.043,602200
2289876.774,602300
2291171.798,602400
2292453.823,602500
2293797.282,602600
2295176.774,602700
2296454.256,602800
2298005.705,602900
2299309.786,603000
2300487.543,603100
2301509.449,603200
2302492.763,603300
2303854.230,603400
2304875.281,603500
2306409.570,603600
2309724.835,603700
2311208.291,603800
2314385.617,603900
2316250.452,604000
2318522.247,604100
2321329.956,604200
2322725.789,604300
2323721.553,604400
2324813.187,604500
2325783.029,604600
2326803.330,604700
2327876.904,604800
2329035.549,604900
2330132.680,605000
2330761.965,605100
2331406.167,605200
2332280.987,605300
2333261.657,605400
2334162.224,605500
2335254.976,605600
2336035.362,605700
2336952.191,605800
2337805.735,605900
2338698.693,606000
2339556.121,606100
2340416.219,606200
2341258.472,606300
2342141.567,606400
2343009.009,606500
2348215.025,606600
2351144.103,606700
2353580.754,606800
2355236.879,606900
2357040.772,607000
2358160.300,607100
2359200.460,607200
2360510.356,607300
2361759.902,607400
2363078.843,607500
2364637.198,607600
2366195.226,607700
2367366.699,607800
2368331.692,607900
2369278.377,608000
2370017.740,608100
2370922.043,608200
2372290.821,608300
2373518.084,608400
2374763.142,608500
2376542.165,608600
2377812.185,608700
2378925.976,608800
2379957.335,608900
2380830.120,609000
2381411.585,609100
2382159.214,609200
2382884.197,609300
2384247.468,609400
2385849.961,609500
2387131.456,609600
2390529.224,609700
2392483.727,609800
2394785.078,609900
2396095.583,610000
2397581.675,610100
2398490.371,610200
2400497.303,610300
2401690.748,610400
2402973.722,610500
2403997.734,610600
2405011.848,610700
2405738.141,610800
2406521.282,610900
2407701.492,611000
2408458.647,611100
2409370.897,611200
2410305.476,611300
2410891.516,611400
2411745.046,611500
2412746.931,611600
2413787.578,611700
2414849.109,611800
2416132.192,611900
2417226.685,612000
2418474.426,612100
2419356.919,612200
2420687.877,612300
2421664.541,612400
2422296.057,612500
2423276.717,612600
2424155.383,612700
2425790.589,612800
2431256.102,612900
2433270.397,613000
2435465.107,613100
2436887.843,613200
2438752.727,613300
2440051.248,613400
2441398.516,613500
2442523.419,613600
2443635.486,613700
2444683.215,613800
2445952.812,613900
2447707.661,614000
2449237.623,614100
2450545.183,614200
2451752.883,614300
2452872.903,614400
2453580.709,614500
2454179.916,614600
2455093.768,614700
2456426.544,614800
2458667.580,614900
2460260.662,615000
2461700.063,615100
2462635.348,615200
2463922.569,615300
2464998.852,615400
2465912.876,615500
2467001.378,615600
2468019.127,615700
2469040.513,615800
2472517.731,615900
2474621.140,616000
2476072.755,616100
2477582.648,616200
2479207.427,616300
2481001.900,616400
2482241.255,616500
2483379.098,616600
2484830.259,616700
2486093.829,616800
2487867.520,616900
2489536.871,617000
2490896.423,617100
2492452.402,617200
2493941.812,617300
2495053.478,617400
2496194.386,617500
2497661.358,617600
2498738.516,617700
2499720.432,617800
2500655.016,617900
2501825.334,618000
2503069.177,618100
2504942.463,618200
2507193.752,618300
2508475.214,618400
2509458.354,618500
2514702.868,618600
2517121.106,618700
2519201.886,618800
2521322.161,618900
2523511.439,619000
2525290.831,619100
2526899.372,619200
2528287.978,619300
2529554.725,619400
2530527.924,619500
2532314.405,619600
2533696.576,619700
2534899.942,619800
2536404.636,619900
2537663.535,620000
2540498.531,620100
2543870.081,620200
2545540.380,620300
2546697.885,620400
2547679.470,620500
2548635.084,620600
2549517.771,620700
2550242.518,620800
2551577.813,620900
2553532.192,621000
2555251.956,621100
2556801.193,621200
2558554.067,621300
2560920.912,621400
2566928.704,621500
2569275.352,621600
2571350.120,621700
2573741.320,621800
2575318.478,621900
2576617.943,622000
2578157.256,622100
2579560.931,622200
2580748.442,622300
2582057.040,622400
2583220.024,622500
2584101.924,622600
2585068.694,622700
2586883.084,622800
2588038.199,622900
2589212.441,623000
2590137.183,623100
2591184.961,623200
2592040.042,623300
2593171.993,623400
2594285.300,623500
2595320.635,623600
2596442.369,623700
2597552.680,623800
2598772.621,623900
2599888.143,624000
2600793.978,624100
2601868.472,624200
2603301.815,624300
2608306.928,624400
2609997.204,624500
2611351.971,624600
2613214.904,624700
2614694.371,624800
2616301.311,624900
2617961.724,625000
2619114.499,625100
2620401.758,625200
2621372.199,625300
2622430.915,625400
2623380.469,625500
2625012.113,625600
2626096.615,625700
2627463.844,625800
2628666.109,625900
2629583.945,626000
2631841.270,626100
2633237.636,626200
2634351.958,626300
2635892.769,626400
2637312.918,626500
2638303.260,626600
2639363.670,626700
2640570.437,626800
2641920.395,626900
2643005.668,627000
2644065.977,627100
2645159.481,627200
2646489.670,627300
2647931.057,627400
2651452.328,627500
2653929.449,627600
2657085.248,627700
2658565.584,627800
2659833.735,627900
2661210.302,628000
2662437.883,628100
2663713.067,628200
2665253.898,628300
2666963.354,628400
2668681.420,628500
2670651.488,628600
2672671.584,628700
2673959.579,628800
2674941.709,628900
2676409.510,629000
2677788.743,629100
2679117.963,629200
2680387.722,629300
2682298.006,629400
2684082.154,629500
2685740.680,629600
2687682.304,629700
2689186.023,629800
2690347.708,629900
2691670.275,630000
2696974.501,630100
2699661.754,630200
2702119.710,630300
2705646.175,630400
2707982.885,630500
2709698.887,630600
2711180.852,630700
2713055.844,630800
2714738.862,630900
2716191.128,631000
2717470.586,631100
2718610.571,631200
2719705.653,631300
2721120.331,631400
2723132.686,631500
2724813.526,631600
2726035.551,631700
2727236.471,631800
2728612.038,631900
2729996.963,632000
2731344.680,632100
2733196.129,632200
2735648.908,632300
2737552.082,632400
2738676.247,632500
2742808.383,632600
2745181.006,632700
2747350.861,632800
2749049.635,632900
2750332.558,633000
2751739.136,633100
2752827.091,633200
2753964.297,633300
2754911.838,633400
2755974.457,633500
2756943.734,633600
2757857.986,633700
2758986.589,633800
2760156.659,633900
2761303.346,634000
2762868.386,634100
2765860.182,634200
2767752.154,634300
2769119.122,634400
2770458.242,634500
2771550.926,634600
2772312.169,634700
2773100.987,634800
2774100.386,634900
2775162.407,635000
2776465.725,635100
2778107.584,635200
2779426.540,635300
2780702.378,635400
2785620.388,635500
2787699.502,635600
2789737.355,635700
2791428.833,635800
2793579.792,635900
2796026.234,636000
2797743.263,636100
2799943.564,636200
2801770.202,636300
2803787.978,636400
2804924.832,636500
2806068.610,636600
2807046.663,636700
2808316.145,636800
2809611.384,636900
2811136.235,637000
2812343.319,637100
2813552.830,637200
2814595.270,637300
2815988.723,637400
2817444.756,637500
2818561.779,637600
2819947.073,637700
2820824.600,637800
2825363.384,637900
2826652.919,638000
2827841.747,638100
2829057.997,638200
2833227.827,638300
2835062.408,638400
2838341.605,638500
2840167.871,638600
2841718.883,638700
2843082.150,638800
2844431.566,638900
2845739.263,639000
2846847.661,639100
2848004.999,639200
2849183.194,639300
2850306.182,639400
2851619.805,639500
2852881.987,639600
2854294.406,639700
2855931.537,639800
2857570.038,639900
2859520.335,640000
2860776.482,640100
2862234.300,640200
2863514.789,640300
2864694.385,640400
2865764.583,640500
2867396.880,640600
2869218.305,640700
2875571.480,640800
2879543.968,640900
2883665.332,641000
2886354.962,641100
2888741.145,641200
2890593.561,641300
2892257.088,641400
2894125.606,641500
2896592.047,641600
2898098.282,641700
2899559.972,641800
2901247.906,641900
2903828.084,642000
2905896.721,642100
2907933.706,642200
2909977.976,642300
2911765.809,642400
2913316.719,642500
2914946.281,642600
2917049.049,642700
2918803.336,642800
2920658.544,642900
2922482.779,643000
2923899.148,643100
2925329.655,643200
2930170.272,643300
2933004.499,643400
2935064.752,643500
2936846.920,643600
2938748.914,643700
2940195.208,643800
2942056.824,643900
2943376.062,644000
2944927.903,644100
2946487.323,644200
2947977.061,644300
2949350.997,644400
2950530.011,644500
2952379.393,644600
2954420.083,644700
2955717.925,644800
2957207.400,644900
2958874.357,645000
2960548.245,645100
2962014.533,645200
2963515.495,645300
2964674.815,645400
2966357.086,645500
2967938.856,645600
2970004.514,645700
2975858.185,645800
2979130.475,645900
2983277.883,646000
2986076.054,646100
2987990.481,646200
2990007.063,646300
2991955.390,646400
2993674.816,646500
2995400.385,646600
2996872.699,646700
2998284.022,646800
2999797.058,646900
3001645.113,647000
3003017.203,647100
3004276.721,647200
3005689.737,647300
3007302.450,647400
3008743.243,647500
3010236.854,647600
3011587.778,647700
3013024.897,647800
3014231.941,647900
3015427.446,648000
3016512.818,648100
3017493.174,648200
3018683.950,648300
3022632.101,648400
3024441.733,648500
3026733.561,648600
3028450.496,648700
3030102.918,648800
3031523.595,648900
3032767.925,649000
3034611.756,649100
3035749.586,649200
3036826.956,649300
3038216.659,649400
3039900.817,649500
3041472.475,649600
3042855.407,649700
3044392.485,649800
3045965.517,649900
3047447.703,650000
3048997.580,650100
3050420.844,650200
3052031.854,650300
3053451.453,650400
3054836.266,650500
3056065.714,650600
3057222.486,650700
3058941.942,650800
3060613.349,650900
3067938.753,651000
3071836.457,651100
3075214.680,651200
3077272.454,651300
3078746.125,651400
3080331.527,651500
3081844.420,651600
3083515.441,651700
3085455.597,651800
3086846.569,651900
3088161.239,652000
3089666.870,652100
3091341.126,652200
3094607.208,652300
3096088.975,652400
3098537.371,652500
3100680.341,652600
3102403.294,652700
3104014.253,652800
3105491.874,652900
3106818.699,653000
3108435.153,653100
3109522.736,653200
3111113.004,653300
3112957.901,653400
3114590.563,653500
3119696.865,653600
3122292.778,653700
3125075.707,653800
3127417.425,653900
3129224.074,654000
3131093.135,654100
3132858.589,654200
3134545.578,654300
3136344.476,654400
3139079.386,654500
3141376.580,654600
3143224.215,654700
3145143.430,654800
3146880.053,654900
3149006.690,655000
3151102.280,655100
3152662.231,655200
3154484.445,655300
3156488.406,655400
3158397.534,655500
3160713.395,655600
3163485.596,655700
3166002.208,655800
3168313.662,655900
3179315.837,656000
3183516.071,656100
3186369.552,656200
3188377.219,656300
3190283.027,656400
3192167.066,656500
3194047.315,656600
3196186.991,656700
3197879.469,656800
3199620.013,656900
3201512.975,657000
3203724.599,657100
3205390.805,657200
3207269.871,657300
3209380.573,657400
3212001.827,657500
3214018.649,657600
3215855.748,657700
3217975.172,657800
3220534.460,657900
3223482.865,658000
3226057.440,658100
3228156.134,658200
3230234.674,658300
3232160.003,658400
3234395.914,658500
3239958.430,658600
3242996.934,658700
3245741.412,658800
3248239.553,658900
3250281.734,659000
3252854.542,659100
3254709.708,659200
3256433.349,659300
3258360.637,659400
3260627.346,659500
3262300.888,659600
3264054.742,659700
3265575.874,659800
3267291.577,659900
3269354.303,660000
3271932.158,660100
3275347.047,660200
3278137.089,660300
3279962.991,660400
3282143.108,660500
3284437.577,660600
3286169.602,660700
3287786.861,660800
3289542.494,660900
3290943.943,661000
3298124.239,661100
3303009.285,661200
3306479.843,661300
3309480.216,661400
3311844.540,661500
3314742.147,661600
3317940.428,661700
3321511.001,661800
3324035.459,661900
3326791.358,662000
3329194.429,662100
3332148.710,662200
3334670.349,662300
3336408.526,662400
3338496.192,662500
3340568.049,662600
3343438.916,662700
3346736.256,662800
3349639.090,662900
3352510.371,663000
3355822.597,663100
3360165.780,663200
3363865.055,663300
3366441.962,663400
3368815.223,663500
3375042.514,663600
3378907.431,663700
3381631.820,663800
3384521.386,663900
3388610.773,664000
3392043.092,664100
3396042.228,664200
3400221.017,664300
3404489.718,664400
3407342.109,664500
3410181.709,664600
3412396.331,664700
3414945.016,664800
3417853.149,664900
3420794.440,665000
3423942.806,665100
3427309.106,665200
3431232.809,665300
3435058.873,665400
3439289.012,665500
3443075.448,665600
3445605.273,665700
3447662.585,665800
3453556.019,665900
3462745.806,666000
3466687.092,666100
3470014.168,666200
3473309.172,666300
3476869.923,666400
3480034.248,666500
3482835.222,666600
3485089.059,666700
3487153.437,666800
3489797.445,666900
3491876.334,667000
3493813.822,667100
3495400.090,667200
3497822.951,667300
3501778.112,667400
3504807.642,667500
3507413.929,667600
3509485.571,667700
3511448.740,667800
3514900.857,667900
3517522.022,668000
3519843.306,668100
3522277.435,668200
3524605.015,668300
3529978.629,668400
3533204.941,668500
3535912.879,668600
3538150.437,668700
3540143.583,668800
3542215.572,668900
3544127.582,669000
3546527.214,669100
3549162.803,669200
3551187.841,669300
3554003.918,669400
3556438.481,669500
3558773.508,669600
3560905.170,669700
3563431.081,669800
3565910.088,669900
3568112.717,670000
3570339.510,670100
3574025.481,670200
3576251.412,670300
3578610.836,670400
3580936.045,670500
3583566.927,670600
3585892.548,670700
3592706.884,670800
3597473.229,670900
3602846.773,671000
3606198.252,671100
3608839.769,671200
3611338.277,671300
3614019.277,671400
3617070.957,671500
3619934.338,671600
3622820.071,671700
3625222.982,671800
3627455.448,671900
3629458.442,672000
3632904.144,672100
3636514.602,672200
3639438.209,672300
3642699.665,672400
3645942.028,672500
3649017.846,672600
3651429.223,672700
3653363.621,672800
3655556.775,672900
3658538.727,673000
3663433.133,673100
3666057.990,673200
3668354.995,673300
3671240.381,673400
3674803.585,673500
3677578.169,673600
3680495.346,673700
3683000.329,673800
3685251.921,673900
3688042.788,674000
3690332.058,674100
3692484.544,674200
3694619.870,674300
3697290.041,674400
3699640.373,674500
3703751.792,674600
3706463.317,674700
3708592.345,674800
3710785.688,674900
3713033.913,675000
3715183.799,675100
3716917.865,675200
3718809.463,675300
3720441.503,675400
3727438.931,675500
3730987.915,675600
3734003.945,675700
3737031.407,675800
3739676.761,675900
3742020.054,676000
3744798.234,676100
3746649.709,676200
3748530.210,676300
3750126.423,676400
3751843.643,676500
3753622.626,676600
3755574.807,676700
3757834.615,676800
3760606.680,676900
3762754.146,677000
3764574.058,677100
3766459.230,677200
3768315.623,677300
3769952.266,677400
3771674.007,677500
3773591.518,677600
3777036.819,677700
3779534.620,677800
3786345.571,677900
3789380.653,678000
3792089.956,678100
3794984.913,678200
3797412.257,678300
3799307.929,678400
3801108.958,678500
3803253.174,678600
3805657.712,678700
3808981.248,678800
3811961.443,678900
3814139.639,679000
3816342.378,679100
3818265.050,679200
3820198.397,679300
3822383.433,679400
3824090.810,679500
3826384.649,679600
3829142.017,679700
3831342.956,679800
3833779.234,679900
3835558.221,680000
3837355.483,680100
3843449.823,680200
3847689.965,680300
3850717.725,680400
3853339.439,680500
3855963.652,680600
3858132.035,680700
3860809.572,680800
3863658.844,680900
3866713.774,681000
3868969.506,681100
3871082.690,681200
3873416.701,681300
3876057.666,681400
3879505.044,681500
3882925.890,681600
3885850.696,681700
3888554.213,681800
3892204.488,681900
3894667.268,682000
3897831.611,682100
3901374.306,682200
3904233.695,682300
3909356.076,682400
3911552.578,682500
3914140.433,682600
3920066.691,682700
3925803.848,682800
3929402.830,682900
3931603.981,683000
3934121.784,683100
3936681.637,683200
3939653.603,683300
3943631.105,683400
3946714.026,683500
3949580.902,683600
3951634.416,683700
3954223.584,683800
3956949.957,683900
3959742.748,684000
3961652.777,684100
3964618.861,684200
3966996.672,684300
3968668.206,684400
3970805.745,684500
3973493.713,684600
3976434.542,684700
3978868.294,684800
3981434.280,684900
3983387.742,685000
3985293.637,685100
3991680.932,685200
3994437.215,685300
3997038.033,685400
4001502.526,685500
4004729.552,685600
4007526.892,685700
4010030.172,685800
4012197.936,685900
4015273.179,686000
4017231.023,686100
4019327.983,686200
4021494.487,686300
4023579.319,686400
4025327.687,686500
4026993.832,686600
4029121.636,686700
4031029.514,686800
4033949.272,686900
4035782.024,687000
4037738.335,687100
4039589.856,687200
4041031.152,687300
4043451.396,687400
4045814.671,687500
4047479.564,687600
4049150.950,687700
4051296.832,687800
4057675.658,687900
4060545.860,688000
4062616.880,688100
4065954.572,688200
4068328.074,688300
4071013.056,688400
4073807.473,688500
4075654.624,688600
4077516.615,688700
4079545.840,688800
4082192.475,688900
4084192.041,689000
4086081.774,689100
4087798.656,689200
4089383.523,689300
4090935.030,689400
4092570.031,689500
4094310.465,689600
4097264.568,689700
4099375.504,689800
4103207.435,689900
4105102.036,690000
4107007.569,690100
4109748.848,690200
4114638.033,690300
4117235.479,690400
4119277.464,690500
4122302.218,690600
4124555.212,690700
4126307.321,690800
4128386.889,690900
4129770.850,691000
4131075.872,691100
4133065.560,691200
4134545.673,691300
4135775.216,691400
4136773.013,691500
4137663.105,691600
4139045.599,691700
4140559.555,691800
4144454.264,691900
4146186.997,692000
4147653.980,692100
4148777.378,692200
4150132.736,692300
4151512.815,692400
4152697.256,692500
4153923.892,692600
4155673.187,692700
4158109.687,692800
4159390.024,692900
4160954.988,693000
4162685.925,693100
4164199.947,693200
4165635.855,693300
4166704.478,693400
4167898.964,693500
4173257.028,693600
4174417.769,693700
4176169.006,693800
4178124.101,693900
4179572.602,694000
4181188.825,694100
4182716.379,694200
4184467.735,694300
4185771.005,694400
4187024.757,694500
4188386.825,694600
4189723.730,694700
4191278.898,694800
4192306.715,694900
4193993.935,695000
4195513.484,695100
4197319.929,695200
4198848.994,695300
4200477.900,695400
4201971.790,695500
4203722.987,695600
4205366.159,695700
4207157.311,695800
4208409.683,695900
4210529.083,696000
4213027.968,696100
4218903.644,696200
4221512.035,696300
4224082.223,696400
4228080.188,696500
4231557.302,696600
4234595.467,696700
4237041.928,696800
4242881.307,696900
4244740.536,697000
4247290.100,697100
4250243.102,697200
4252506.324,697300
4254400.830,697400
4256424.783,697500
4258999.525,697600
4260847.434,697700
4262205.936,697800
4264159.150,697900
4265825.863,698000
4267042.296,698100
4268813.407,698200
4270420.695,698300
4271970.791,698400
4273749.242,698500
4275800.945,698600
4277998.740,698700
4280082.637,698800
4282216.252,698900
4283575.121,699000
4285346.435,699100
4287470.512,699200
4288856.398,699300
4290615.472,699400
4292193.718,699500
4293703.193,699600
4295676.440,699700
4297302.698,699800
4298792.585,699900
4303509.440,700000
4306153.498,700100
4308082.510,700200
4310040.865,700300
4312041.319,700400
4314537.257,700500
4316425.669,700600
4318145.548,700700
4319824.916,700800
4321455.367,700900
4322956.560,701000
4324151.120,701100
4325690.498,701200
4327219.042,701300
4328492.288,701400
4330599.079,701500
4332207.644,701600
4333700.312,701700
4335026.682,701800
4336446.979,701900
4337985.336,702000
4339128.819,702100
4340478.912,702200
4341803.734,702300
4343042.468,702400
4344778.025,702500
4346029.425,702600
4347397.328,702700
4349291.114,702800
4351143.590,702900
4357354.534,703000
4362324.518,703100
4364602.049,703200
4366571.948,703300
4368383.878,703400
4370823.876,703500
4373123.579,703600
4374902.354,703700
4376784.232,703800
4379240.406,703900
4381621.643,704000
4383774.547,704100
4386324.444,704200
4387930.594,704300
4389449.609,704400
4391678.817,704500
4394671.805,704600
4397038.830,704700
4399389.422,704800
4401246.428,704900
4403493.093,705000
4406343.363,705100
4408844.278,705200
4412229.935,705300
4414055.975,705400
4415472.212,705500
4418419.284,705600
4424727.828,705700
4427758.867,705800
4431632.477,705900
4435010.939,706000
4437679.674,706100
4440071.883,706200
4442043.461,706300
4444581.875,706400
4446715.414,706500
4447922.641,706600
4450075.572,706700
4451610.857,706800
4453549.762,706900
4455417.209,707000
4457732.367,707100
4460206.637,707200
4462336.147,707300
4463944.976,707400
4466029.604,707500
4467844.279,707600
4469812.396,707700
4472290.228,707800
4474238.900,707900
4476544.715,708000
4478904.126,708100
4480935.147,708200
4483405.842,708300
4490226.935,708400
4492413.831,708500
4494172.643,708600
4496080.448,708700
4498494.267,708800
4501070.100,708900
4504280.111,709000
4509007.154,709100
4511751.674,709200
4516302.223,709300
4519135.668,709400
4521338.897,709500
4523071.931,709600
4524446.292,709700
4526033.854,709800
4528494.225,709900
4530177.393,710000
4533504.816,710100
4535261.100,710200
4537533.896,710300
4539158.738,710400
4541939.500,710500
4544338.839,710600
4545598.563,710700
4547464.831,710800
4549361.973,710900
4550817.249,711000
4555864.453,711100
4558701.603,711200
4561380.137,711300
4565196.374,711400
4567404.509,711500
4569204.748,711600
4570748.561,711700
4572489.816,711800
4574504.921,711900
4576772.470,712000
4578502.913,712100
4580468.380,712200
4582966.247,712300
4585348.357,712400
4587067.931,712500
4588909.182,712600
4591780.863,712700
4593760.732,712800
4595366.162,712900
4597028.620,713000
4598683.171,713100
4601080.072,713200
4603505.755,713300
4605944.643,713400
4608018.059,713500
4610412.809,713600
4612023.657,713700
4617593.957,713800
4621152.243,713900
4623336.024,714000
4625790.965,714100
4628124.618,714200
4630187.702,714300
4632656.770,714400
4634385.793,714500
4636453.073,714600
4638436.978,714700
4639894.242,714800
4641759.615,714900
4643265.012,715000
4644822.007,715100
4646177.660,715200
4647629.969,715300
4649094.569,715400
4650992.937,715500
4652627.932,715600
4653768.086,715700
4655507.714,715800
4657029.726,715900
4658445.095,716000
4663592.202,716100
4666075.030,716200
4669213.257,716300
4671739.814,716400
4677208.179,716500
4679699.287,716600
4680676.191,716700
4681962.844,716800
4683238.229,716900
4684621.480,717000
4686640.688,717100
4688870.267,717200
4691410.164,717300
4693435.534,717400
4695487.649,717500
4697057.613,717600
4698643.901,717700
4700065.591,717800
4701165.350,717900
4702324.893,718000
4704855.533,718100
4706483.370,718200
4707782.124,718300
4709450.696,718400
4710680.803,718500
4712195.920,718600
4714011.345,718700
4715936.276,718800
4717217.942,718900
4718487.738,719000
4719947.319,719100
4721679.868,719200
4723182.588,719300
4727894.843,719400
4730114.016,719500
4731899.423,719600
4733971.541,719700
4736173.209,719800
4739707.295,719900
4741538.046,720000
4743081.523,720100
4745122.942,720200
4746570.987,720300
4748165.913,720400
4749656.511,720500
4751589.852,720600
4754778.201,720700
4757170.276,720800
4758739.195,720900
4760352.143,721000
4761790.367,721100
4763510.018,721200
4765729.557,721300
4768052.174,721400
4769921.229,721500
4772364.281,721600
4774282.397,721700
4775548.838,721800
4777658.041,721900
4780548.220,722000
4785520.956,722100
4788629.101,722200
4793122.229,722300
4799597.903,722400
4807803.557,722500
4821901.007,722600
4828820.660,722700
4833204.529,722800
4836611.322,722900
4838815.528,723000
4840401.760,723100
4842320.117,723200
4844101.667,723300
4845700.993,723400
4847682.685,723500
4849116.312,723600
4850768.490,723700
4852167.156,723800
4853982.629,723900
4855831.073,724000
4857391.197,724100
4858618.738,724200
4859939.653,724300
4862295.029,724400
4864321.318,724500
4865740.769,724600
4867374.172,724700
4869724.762,724800
4876222.141,724900
4878641.962,725000
4880668.473,725100
4882683.466,725200
4884376.760,725300
4886485.067,725400
4892022.921,725500
4895261.351,725600
4897428.478,725700
4899416.104,725800
4901055.643,725900
4902730.429,726000
4904264.729,726100
4905595.312,726200
4906979.993,726300
4908602.967,726400
4910116.541,726500
4911971.926,726600
4914639.307,726700
4916345.166,726800
4918146.866,726900
4919360.763,727000
4920384.083,727100
4921848.740,727200
4922931.374,727300
4924833.784,727400
4926642.917,727500
4930974.830,727600
4933479.268,727700
4936006.311,727800
4937820.585,727900
4939386.548,728000
4940903.981,728100
4941867.309,728200
4943175.350,728300
4944623.229,728400
4945693.853,728500
4947565.689,728600
4949242.220,728700
4950720.271,728800
4952446.928,728900
4953963.618,729000
4955025.470,729100
4956437.916,729200
4957876.124,729300
4960012.445,729400
4962109.779,729500
4964455.039,729600
4966746.052,729700
4968554.185,729800
4970864.921,729900
4972856.986,730000
4974969.435,730100
4976500.580,730200
4981749.297,730300
4984436.091,730400
4986857.529,730500
4989002.257,730600
4990621.215,730700
4992299.095,730800
4994209.556,730900
4995868.614,731000
4997384.770,731100
4998417.890,731200
4999542.049,731300
5001122.891,731400
5003079.971,731500
5005221.550,731600
5007396.183,731700
5009490.166,731800
5011466.643,731900
5012829.949,732000
5014077.392,732100
5015267.796,732200
5016162.144,732300
5017136.996,732400
5018705.775,732500
5020359.217,732600
5021803.219,732700
5023415.995,732800
5025183.353,732900
5030118.581,733000
5033048.817,733100
5034930.233,733200
5037167.832,733300
5039111.723,733400
5041705.701,733500
5044129.660,733600
5046715.721,733700
5048483.758,733800
5050428.440,733900
5053135.633,734000
5055247.141,734100
5057411.555,734200
5059148.133,734300
5060698.366,734400
5062037.620,734500
5064454.884,734600
5066197.053,734700
5067929.301,734800
5069366.692,734900
5071495.008,735000
5073503.740,735100
5075580.120,735200
5077456.597,735300
5079352.957,735400
5081020.953,735500
5082592.010,735600
5086166.642,735700
5093533.557,735800
5095857.234,735900
5100332.159,736000
5104130.149,736100
5106351.544,736200
5108959.393,736300
5110826.120,736400
5113087.649,736500
5115764.011,736600
5118037.218,736700
5120004.527,736800
5121989.501,736900
5123632.593,737000
5125353.345,737100
5127603.610,737200
5128960.362,737300
5131723.824,737400
5133177.825,737500
5134655.294,737600
5136598.467,737700
5138686.374,737800
5140735.112,737900
5142267.618,738000
5143991.813,738100
5145727.295,738200
5149831.534,738300
5151825.053,738400
5153657.683,738500
5155712.965,738600
5157616.857,738700
5159542.636,738800
5161288.484,738900
5163038.852,739000
5164553.895,739100
5166190.055,739200
5167296.007,739300
5168186.770,739400
5169317.375,739500
5171046.515,739600
5172281.113,739700
5173803.799,739800
5174989.318,739900
5176217.870,740000
5177738.693,740100
5179333.852,740200
5180929.165,740300
5182788.822,740400
5184425.884,740500
5186665.617,740600
5189776.927,740700
5192447.169,740800
5194521.983,740900
5196367.965,741000
5201265.955,741100
5203962.326,741200
5206789.052,741300
5209198.865,741400
5210769.717,741500
5212195.215,741600
5213499.721,741700
5215020.052,741800
5216925.760,741900
5218234.159,742000
5219566.742,742100
5221319.866,742200
5223952.040,742300
5229051.100,742400
5233074.504,742500
5236558.332,742600
5238700.253,742700
5240579.844,742800
5242409.064,742900
5243789.163,743000
5245155.438,743100
5246655.331,743200
5247933.821,743300
5249172.702,743400
5250180.176,743500
5251365.142,743600
5253118.875,743700
5258265.804,743800
5261032.018,743900
5263254.454,744000
5265664.427,744100
5268592.891,744200
5270327.083,744300
5271496.196,744400
5272980.325,744500
5274480.950,744600
5276677.879,744700
5278765.253,744800
5282067.924,744900
5284269.277,745000
5286737.535,745100
5288638.312,745200
5290002.615,745300
5291488.672,745400
5292995.158,745500
5294802.890,745600
5296498.120,745700
5298927.034,745800
5300480.072,745900
5302033.908,746000
5303563.128,746100
5304643.099,746200
5305577.593,746300
5310361.504,746400
5313364.773,746500
5315397.547,746600
5317815.249,746700
5319744.210,746800
5322195.291,746900
5324295.896,747000
5325955.159,747100
5327340.988,747200
5328789.286,747300
5330174.226,747400
5331503.078,747500
5332945.951,747600
5334981.098,747700
5336575.061,747800
5339054.570,747900
5340969.756,748000
5342071.091,748100
5343511.466,748200
5344570.771,748300
5345556.921,748400
5346692.569,748500
5348368.796,748600
5349610.027,748700
5352587.875,748800
5355538.434,748900
5357610.517,749000
5358922.432,749100
5363742.880,749200
5365268.218,749300
5367034.264,749400
5368645.798,749500
5370192.386,749600
5371621.702,749700
5373986.427,749800
5376033.454,749900
5378245.234,750000
5379530.489,750100
5381019.081,750200
5382211.914,750300
5383486.877,750400
5384734.134,750500
5385993.670,750600
5387451.674,750700
5389477.020,750800
5390857.595,750900
5392519.878,751000
5393847.761,751100
5394743.207,751200
5396250.416,751300
5397535.440,751400
5398519.734,751500
5400173.615,751600
5402174.026,751700
5403805.986,751800
5405467.455,751900
5411020.103,752000
5414123.222,752100
5416441.823,752200
5418609.638,752300
5420668.270,752400
5422105.402,752500
5423414.264,752600
5424787.968,752700
5427161.196,752800
5428935.121,752900
5430607.202,753000
5432466.527,753100
5434108.780,753200
5435594.725,753300
5437046.191,753400
5438744.926,753500
5439617.527,753600
5441111.443,753700
5442983.728,753800
5445008.070,753900
5449657.610,754000
5451613.077,754100
5453085.544,754200
5454927.991,754300
5456575.911,754400
5457665.324,754500
5458594.664,754600
5463844.064,754700
5466714.342,754800
5469714.528,754900
5472607.786,755000
5474906.055,755100
5477569.375,755200
5479745.902,755300
5481755.631,755400
5483189.601,755500
5484479.300,755600
5486063.307,755700
5487588.490,755800
5489700.067,755900
5491572.312,756000
5493037.789,756100
5494415.700,756200
5496027.895,756300
5497493.798,756400
5498675.915,756500
5499830.646,756600
5501056.606,756700
5502856.268,756800
5504592.906,756900
5505913.783,757000
5508253.304,757100
5509266.784,757200
5510724.960,757300
5512395.356,757400
5521003.962,757500
5523277.415,757600
5524848.015,757700
5526129.777,757800
5527719.208,757900
5529011.998,758000
5530685.608,758100
5532036.282,758200
5533693.070,758300
5535806.362,758400
5541175.800,758500
5547237.765,758600
5552724.429,758700
5555499.150,758800
5557541.709,758900
5559885.828,759000
5562349.518,759100
5566948.657,759200
5573139.158,759300
5584137.506,759400
5586547.552,759500
5588900.049,759600
5592682.087,759700
5595325.391,759800
5597224.982,759900
5599149.979,760000
5601179.370,760100
5603651.129,760200
5609718.029,760300
5614622.919,760400
5617771.453,760500
5620052.441,760600
5621669.349,760700
5623108.235,760800
5624737.379,760900
5626345.246,761000
5627714.762,761100
5629701.656,761200
5631639.243,761300
5633447.649,761400
5635292.490,761500
5637021.912,761600
5638915.341,761700
5640722.446,761800
5642351.149,761900
5644483.380,762000
5646224.992,762100
5649277.312,762200
5652122.359,762300
5653937.723,762400
5658948.286,762500
5661122.822,762600
5663208.734,762700
5664868.885,762800
5670976.438,762900
5675620.071,763000
5678257.826,763100
5681304.522,763200
5684568.898,763300
5687264.403,763400
5690490.002,763500
5693128.094,763600
5695683.889,763700
5698204.384,763800
5700360.303,763900
5702129.395,764000
5704666.934,764100
5706993.906,764200
5709932.629,764300
5712699.293,764400
5715719.249,764500
5719501.192,764600
5723180.111,764700
5726960.473,764800
5729126.780,764900
5731816.260,765000
5734495.292,765100
5736955.448,765200
5743067.931,765300
5747211.141,765400
5750193.966,765500
5753467.200,765600
5756994.883,765700
5760926.431,765800
5763317.740,765900
5766200.919,766000
5768608.215,766100
5771765.633,766200
5773359.479,766300
5774843.242,766400
5776373.250,766500
5777785.968,766600
5785815.238,766700
5795421.702,766800
5797622.148,766900
5799422.369,767000
5802472.138,767100
5804889.368,767200
5807279.414,767300
5809198.600,767400
5811171.430,767500
5813377.978,767600
5815491.099,767700
5817775.668,767800
5823120.331,767900
5826399.950,768000
5831930.199,768100
5834494.881,768200
5836936.688,768300
5838509.105,768400
5840586.489,768500
5842254.613,768600
5844357.442,768700
5846106.580,768800
5847281.619,768900
5848546.197,769000
5850196.619,769100
5852920.968,769200
5854402.165,769300
5856594.494,769400
5858785.083,769500
5861550.234,769600
5863642.221,769700
5866058.458,769800
5867398.649,769900
5869155.350,770000
5873150.088,770100
5875031.136,770200
5877163.346,770300
5879306.046,770400
5880876.017,770500
5888930.480,770600
5891269.418,770700
5892465.561,770800
5893888.847,770900
5895123.771,771000
5896920.901,771100
5907454.979,771200
5916755.017,771300
5920462.448,771400
5928725.085,771500
5933076.769,771600
5935085.920,771700
5936898.293,771800
5938890.755,771900
5941452.685,772000
5943455.099,772100
5944769.337,772200
5947441.037,772300
5949251.030,772400
5951280.053,772500
5952873.157,772600
5954330.446,772700
5956025.578,772800
5957823.908,772900
5959439.499,773000
5960814.852,773100
5962778.185,773200
5968900.359,773300
5971413.272,773400
5974148.537,773500
5976603.043,773600
5978432.343,773700
5980389.108,773800
5981878.028,773900
5983327.050,774000
5985166.087,774100
5987232.501,774200
5989478.385,774300
5992241.289,774400
5994542.983,774500
5997096.764,774600
5998853.153,774700
6000777.702,774800
6002851.711,774900
6004466.214,775000
6006028.851,775100
6007184.548,775200
6009343.735,775300
6011097.309,775400
6013295.279,775500
6015305.090,775600
6017112.452,775700
6019695.831,775800
6024723.131,775900
6027097.388,776000
6029310.435,776100
6030886.698,776200
6033441.235,776300
6036311.440,776400
6038073.856,776500
6039804.796,776600
6042031.948,776700
6044249.756,776800
6046503.164,776900
6048510.791,777000
6050601.372,777100
6052579.226,777200
6054294.340,777300
6056119.092,777400
6057513.405,777500
6059449.865,777600
6061759.671,777700
6063910.163,777800
6066029.471,777900
6068237.229,778000
6070670.867,778100
6073865.200,778200
6075955.177,778300
6078680.326,778400
6080838.782,778500
6089574.490,778600
6093890.560,778700
6096870.864,778800
6099458.508,778900
6101542.650,779000
6103595.328,779100
6105634.013,779200
6107685.120,779300
6109510.785,779400
6111709.161,779500
6113891.166,779600
6115888.161,779700
6117849.857,779800
6119522.426,779900
6121575.796,780000
6123601.505,780100
6126243.242,780200
6128206.093,780300
6130129.786,780400
6132153.903,780500
6134862.013,780600
6137691.489,780700
6141063.000,780800
6143406.324,780900
6147047.707,781000
6152978.664,781100
6156132.979,781200
6159275.176,781300
6162505.733,781400
6165094.750,781500
6167889.029,781600
6170733.849,781700
6172996.479,781800
6175689.577,781900
6177945.475,782000
6180225.202,782100
6182038.683,782200
6183828.001,782300
6185411.976,782400
6187894.782,782500
6190646.902,782600
6194072.114,782700
6196380.036,782800
6198882.576,782900
6200837.332,783000
6202847.467,783100
6204613.817,783200
6206604.753,783300
6208419.741,783400
6210782.913,783500
6213432.299,783600
6221858.590,783700
6226551.390,783800
6229954.145,783900
6232955.681,784000
6235716.978,784100
6238242.437,784200
6240577.294,784300
6242719.133,784400
6244355.776,784500
6246625.818,784600
6249308.151,784700
6252823.382,784800
6256212.382,784900
6259192.318,785000
6261488.460,785100
6263996.377,785200
6266078.385,785300
6268404.461,785400
6270257.846,785500
6272229.511,785600
6274787.259,785700
6276977.348,785800
6279313.668,785900
6285600.909,786000
6289309.873,786100
6293393.221,786200
6296172.859,786300
6298299.065,786400
6300142.007,786500
6301690.291,786600
6302965.558,786700
6305185.771,786800
6306893.675,786900
6309060.039,787000
6311210.655,787100
6313827.909,787200
6316118.310,787300
6318166.398,787400
6319885.253,787500
6321201.992,787600
6322634.836,787700
6324014.092,787800
6325396.190,787900
6330898.580,788000
6335601.165,788100
6338628.678,788200
6341571.800,788300
6344583.079,788400
6346267.069,788500
6347799.184,788600
6349193.977,788700
6350711.456,788800
6352044.445,788900
6354044.789,789000
6355980.647,789100
6357598.055,789200
6360270.811,789300
6362072.415,789400
6363714.334,789500
6365326.703,789600
6366811.984,789700
6371645.276,789800
6373997.408,789900
6376048.909,790000
6379248.487,790100
6381397.610,790200
6383574.432,790300
6385595.413,790400
6387223.162,790500
6388892.267,790600
6390211.875,790700
6391876.628,790800
6393558.389,790900
6396138.248,791000
6398691.455,791100
6400729.653,791200
6402797.650,791300
6405006.924,791400
6406705.187,791500
6408396.197,791600
6414448.186,791700
6417211.145,791800
6420588.316,791900
6424217.624,792000
6427019.960,792100
6429847.837,792200
6432463.212,792300
6434895.201,792400
6437133.436,792500
6439388.143,792600
6442634.156,792700
6446346.126,792800
6449717.516,792900
6452792.275,793000
6455333.935,793100
6458478.420,793200
6461075.994,793300
6463550.857,793400
6466254.402,793500
6469656.020,793600
6473125.423,793700
6480841.948,793800
6484059.348,793900
6486551.393,794000
6489868.279,794100
6492230.132,794200
6495252.870,794300
6497572.701,794400
6499752.415,794500
6501464.098,794600
6503530.652,794700
6505061.488,794800
6507244.683,794900
6510294.480,795000
6513432.016,795100
6515979.939,795200
6519276.675,795300
6522668.222,795400
6525908.349,795500
6528877.886,795600
6531180.721,795700
6533150.629,795800
6539487.485,795900
6544303.354,796000
6548552.164,796100
6552670.806,796200
6556552.950,796300
6560092.985,796400
6563901.332,796500
6566944.570,796600
6569500.798,796700
6572087.850,796800
6574324.242,796900
6577118.503,797000
6580100.770,797100
6583482.646,797200
6586001.681,797300
6589808.314,797400
6594928.041,797500
6597429.588,797600
6600108.434,797700
6602338.927,797800
6604478.467,797900
6610948.585,798000
6614425.685,798100
6617820.615,798200
6620614.575,798300
6623427.476,798400
6626056.213,798500
6629098.426,798600
6632703.770,798700
6635660.246,798800
6638165.091,798900
6640937.828,799000
6643553.030,799100
6646028.915,799200
6649075.977,799300
6651806.456,799400
6654327.577,799500
6657162.579,799600
6659620.229,799700
6661606.512,799800
6668205.011,799900
6671970.851,800000
6676476.212,800100
6679674.673,800200
6683117.163,800300
6686425.014,800400
6689410.133,800500
6691748.104,800600
6694107.337,800700
6696448.208,800800
6698379.943,800900
6701131.166,801000
6705139.627,801100
6708077.467,801200
6710648.124,801300
6713609.138,801400
6716507.231,801500
6718918.174,801600
6722301.464,801700
6727977.891,801800
6730772.997,801900
6734591.741,802000
6737621.049,802100
6740545.133,802200
6743874.814,802300
6746331.435,802400
6748750.924,802500
6751331.338,802600
6753696.503,802700
6757197.116,802800
6760358.794,802900
6762457.662,803000
6764310.243,803100
6767598.347,803200
6770185.306,803300
6773768.680,803400
6776200.146,803500
6778537.987,803600
6786950.746,803700
6791865.792,803800
6794493.413,803900
6796970.532,804000
6798963.442,804100
6801214.542,804200
6804812.479,804300
6808058.265,804400
6810753.641,804500
6814116.182,804600
6816197.744,804700
6818595.374,804800
6820901.218,804900
6823263.224,805000
6825603.197,805100
6828540.355,805200
6830648.604,805300
6833451.218,805400
6836599.274,805500
6846186.815,805600
6849498.395,805700
6852574.653,805800
6854754.907,805900
6856527.413,806000
6858880.860,806100
6861164.761,806200
6863522.818,806300
6866188.790,806400
6868111.067,806500
6870324.131,806600
6872632.864,806700
6876094.161,806800
6878255.950,806900
6879912.827,807000
6882343.043,807100
6884502.499,807200
6887144.991,807300
6889863.705,807400
6897176.493,807500
6900211.477,807600
6904532.720,807700
6908330.950,807800
6912590.771,807900
6915013.247,808000
6917189.332,808100
6919745.004,808200
6921899.104,808300
6924694.445,808400
6927475.112,808500
6930334.897,808600
6933627.556,808700
6937269.814,808800
6940905.129,808900
6943601.635,809000
6946576.306,809100
6950869.298,809200
6961056.350,809300
6965513.243,809400
6969140.814,809500
6972442.275,809600
6975616.794,809700
6979857.200,809800
6984024.417,809900
6987811.764,810000
6991669.953,810100
6995667.282,810200
7000001.310,810300
7004310.047,810400
7008937.618,810500
7012839.962,810600
7017533.443,810700
7022468.380,810800
7028363.425,810900
7033074.506,811000
7038711.210,811100
7043810.451,811200
7049160.945,811300
7055922.256,811400
7067117.230,811500
7075586.157,811600
7082461.090,811700
7089081.263,811800
7095553.211,811900
7100656.739,812000
7105068.965,812100
7109877.685,812200
7114872.181,812300
7120111.718,812400
7124659.929,812500
7128660.859,812600
7133319.427,812700
7138172.964,812800
7143642.559,812900
7148884.295,813000
7155566.084,813100
7160611.783,813200
7164887.911,813300
7169869.469,813400
7173718.492,813500
7178250.317,813600
7183948.886,813700
7193085.601,813800
7199990.083,813900
7205681.443,814000
7211188.118,814100
7214686.549,814200
7219094.612,814300
7223128.779,814400
7226897.705,814500
7231098.528,814600
7235553.524,814700
7239206.979,814800
7243318.530,814900
7247472.464,815000
7250659.451,815100
7253969.790,815200
7256820.273,815300
7258998.972,815400
7262287.822,815500
7264979.857,815600
7272430.236,815700
7277015.358,815800
7279870.051,815900
7282790.272,816000
7286091.178,816100
7289872.713,816200
7292332.233,816300
7294834.894,816400
7296724.272,816500
7299160.056,816600
7301736.992,816700
7304536.370,816800
7307011.997,816900
7309627.717,817000
7312303.146,817100
7315117.745,817200
7317230.050,817300
7323324.774,817400
7325950.301,817500
7329653.317,817600
7334185.005,817700
7337244.871,817800
7340673.475,817900
7344175.507,818000
7346924.260,818100
7350362.066,818200
7353519.552,818300
7356135.365,818400
7358655.016,818500
7361217.658,818600
7364261.333,818700
7368240.053,818800
7373055.190,818900
7377290.318,819000
7381210.406,819100
7393315.884,819200
7396439.035,819300
7400656.831,819400
7403543.134,819500
7405539.869,819600
7408306.246,819700
7412695.709,819800
7416363.157,819900
7420886.661,820000
7424977.832,820100
7428895.418,820200
7432391.884,820300
7436092.639,820400
7439365.843,820500
7442270.090,820600
7445438.199,820700
7449140.101,820800
7452734.479,820900
7463418.613,821000
7467405.129,821100
7471103.629,821200
7474329.746,821300
7477651.894,821400
7479987.150,821500
7482203.511,821600
7484848.435,821700
7487305.439,821800
7490289.735,821900
7493188.847,822000
7496995.308,822100
7500576.184,822200
7503781.671,822300
7506636.143,822400
7511297.663,822500
7514371.743,822600
7521200.318,822700
7524439.722,822800
7526965.872,822900
7530081.795,823000
7533112.357,823100
7535579.602,823200
7538984.341,823300
7543046.161,823400
7546804.294,823500
7550110.971,823600
7552117.569,823700
7554748.053,823800
7557996.614,823900
7562431.662,824000
7567009.351,824100
7570311.194,824200
7574229.622,824300
7579208.401,824400
7588226.300,824500
7595607.388,824600
7601590.098,824700
7606583.404,824800
7610440.231,824900
7615718.491,825000
7621041.523,825100
7625724.884,825200
7629156.737,825300
7633923.938,825400
7639562.304,825500
7643485.721,825600
7645930.920,825700
7648935.297,825800
7653397.919,825900
7657517.451,826000
7661776.172,826100
7665715.891,826200
7669483.389,826300
7679736.698,826400
7684136.488,826500
7687884.164,826600
7690974.628,826700
7694332.754,826800
7699098.134,826900
7702883.693,827000
7708146.343,827100
7714062.870,827200
7719486.114,827300
7725719.520,827400
7729357.482,827500
7732987.812,827600
7736411.867,827700
7739382.256,827800
7742711.702,827900
7747439.721,828000
7752405.889,828100
7757388.972,828200
7771338.184,828300
7777768.922,828400
7782001.525,828500
7785820.058,828600
7788850.653,828700
7791412.536,828800
7794502.434,828900
7797679.702,829000
7800766.978,829100
7803604.388,829200
7807053.778,829300
7809809.655,829400
7814546.454,829500
7818783.854,829600
7822215.425,829700
7826336.419,829800
7832179.129,829900
7837106.725,830000
7841545.974,830100
7845910.227,830200
7850540.074,830300
7856401.955,830400
7868193.190,830500
7874279.013,830600
7880233.034,830700
7884946.612,830800
7889689.120,830900
7894027.788,831000
7898335.456,831100
7902976.287,831200
7907010.343,831300
7910429.894,831400
7913890.263,831500
7917384.650,831600
7920794.827,831700
7924933.439,831800
7929546.030,831900
7934686.786,832000
7939526.818,832100
7944813.945,832200
7950016.073,832300
7954187.224,832400
7961719.992,832500
7976369.376,832600
7982298.175,832700
7986921.338,832800
7993666.230,832900
7999055.414,833000
8004869.820,833100
8013142.736,833200
8021081.695,833300
8027677.131,833400
8033888.265,833500
8038206.072,833600
8041750.329,833700
8046754.815,833800
8052291.796,833900
8057539.293,834000
8063257.496,834100
8068564.845,834200
8075150.690,834300
8080774.403,834400
8087520.181,834500
8099410.121,834600
8105242.472,834700
8110520.793,834800
8114838.293,834900
8119404.380,835000
8123864.811,835100
8128071.915,835200
8131883.634,835300
8135815.085,835400
8139257.030,835500
8145048.811,835600
8149065.044,835700
8152093.307,835800
8161514.998,835900
8166818.194,836000
8170635.500,836100
8176509.673,836200
8181387.817,836300
8185323.489,836400
8189658.791,836500
8198338.882,836600
8202742.452,836700
8206077.952,836800
8209253.371,836900
8212176.727,837000
8215368.455,837100
8220251.608,837200
8225961.027,837300
8231903.715,837400
8236838.511,837500
8241377.306,837600
8246614.910,837700
8256284.423,837800
8260496.022,837900
8265191.043,838000
8268329.945,838100
8271694.781,838200
8275641.131,838300
8279423.001,838400
8283204.339,838500
8291239.262,838600
8295905.758,838700
8300471.171,838800
8304973.191,838900
8307933.891,839000
8311804.709,839100
8315749.588,839200
8320391.246,839300
8323589.926,839400
8326788.705,839500
8330386.331,839600
8333591.173,839700
8336355.348,839800
8339625.841,839900
8342816.742,840000
8344509.627,840100
8346368.642,840200
8349251.489,840300
8354925.992,840400
8356595.212,840500
8358769.124,840600
8362582.351,840700
8365935.183,840800
8369246.565,840900
8372375.408,841000
8375268.649,841100
8377792.848,841200
8380707.282,841300
8385094.545,841400
8388495.518,841500
8391614.261,841600
8395736.214,841700
8399033.611,841800
8402250.335,841900
8411417.007,842000
8415875.255,842100
8418704.759,842200
8422135.548,842300
8427104.902,842400
8430993.724,842500
8435275.780,842600
8438549.745,842700
8441746.736,842800
8444688.856,842900
8446468.231,843000
8450553.769,843100
8454041.558,843200
8457299.132,843300
8460922.384,843400
8464735.746,843500
8474340.693,843600
8480223.549,843700
8483718.899,843800
8486543.081,843900
8489296.788,844000
8492506.009,844100
8495903.786,844200
8498627.150,844300
8501806.258,844400
8505598.704,844500
8509456.030,844600
8512952.426,844700
8517200.618,844800
8520379.830,844900
8523916.649,845000
8526136.280,845100
8528600.189,845200
8536614.627,845300
8541855.882,845400
8547255.349,845500
8551427.840,845600
8554023.405,845700
8558072.496,845800
8561795.071,845900
8564445.109,846000
8566772.523,846100
8568945.378,846200
8571335.325,846300
8574629.194,846400
8577963.651,846500
8582212.418,846600
8586180.952,846700
8593412.770,846800
8599853.445,846900
8605831.988,847000
8608930.611,847100
8611404.813,847200
8614002.129,847300
8616694.473,847400
8619734.794,847500
8623128.993,847600
8626792.636,847700
8629411.076,847800
8631998.615,847900
8635138.516,848000
8639911.881,848100
8643507.187,848200
8646773.610,848300
8650874.120,848400
8661424.113,848500
8667117.574,848600
8671520.614,848700
8676763.892,848800
8681007.919,848900
8685155.860,849000
8689768.371,849100
8694021.820,849200
8699340.739,849300
8704225.471,849400
8708068.604,849500
8712697.764,849600
8719554.059,849700
8724951.629,849800
8731867.579,849900
8736642.378,850000
8746803.271,850100
8751867.425,850200
8756091.576,850300
8760156.824,850400
8764105.351,850500
8770399.840,850600
8774337.352,850700
8778147.637,850800
8783529.465,850900
8794075.966,851000
8798901.321,851100
8805218.706,851200
8811663.861,851300
8816141.376,851400
8823566.090,851500
8830096.583,851600
8841067.495,851700
8849229.693,851800
8855395.154,851900
8858726.220,852000
8863242.700,852100
8871933.786,852200
8878652.006,852300
8884155.580,852400
8893464.335,852500
8897899.000,852600
8905118.081,852700
8911272.205,852800
8915357.180,852900
8919834.364,853000
8924244.472,853100
8928544.432,853200
8937616.202,853300
8942451.555,853400
8945731.810,853500
8950068.456,853600
8953812.759,853700
8957858.930,853800
8965016.436,853900
8972461.252,854000
8982469.159,854100
8991783.736,854200
8997421.480,854300
9002548.785,854400
9007107.397,854500
9011174.361,854600
9015831.038,854700
9020026.007,854800
9032866.406,854900
9040667.049,855000
9047277.084,855100
9053511.004,855200
9058053.896,855300
9064314.544,855400
9070469.093,855500
9077036.433,855600
9083504.830,855700
9090569.644,855800
9094399.399,855900
9099215.945,856000
9105355.501,856100
9109896.886,856200
9117408.263,856300
9130817.826,856400
9148443.566,856500
9163458.654,856600
9171112.234,856700
9177631.394,856800
9183842.231,856900
9187606.047,857000
9191359.811,857100
9194036.736,857200
9198837.050,857300
9201910.161,857400
9205589.839,857500
9208656.329,857600
9212052.657,857700
9214803.779,857800
9217509.758,857900
9219860.785,858000
9221939.186,858100
9229147.947,858200
9233218.383,858300
9237139.843,858400
9241121.250,858500
9245118.281,858600
9248554.260,858700
9251435.160,858800
9256191.355,858900
9260814.442,859000
9264897.283,859100
9270730.330,859200
9273856.444,859300
9277038.824,859400
9280899.233,859500
9285252.412,859600
9291730.495,859700
9295470.208,859800
9299850.162,859900
9302266.325,860000
9305712.091,860100
9308975.353,860200
9311727.381,860300
9315851.072,860400
9318703.425,860500
9322884.271,860600
9326342.543,860700
9331328.579,860800
9335678.483,860900
9339478.958,861000
9344657.654,861100
9349251.647,861200
9357637.107,861300
9364415.069,861400
9369092.870,861500
9373832.158,861600
9377173.153,861700
9382001.504,861800
9386856.307,861900
9390921.004,862000
9396790.307,862100
9402499.726,862200
9407286.065,862300
9412009.405,862400
9415743.786,862500
9421302.016,862600
9427099.713,862700
9432783.717,862800
9438467.852,862900
9449025.781,863000
9453943.159,863100
9457922.201,863200
9462375.743,863300
9466729.412,863400
9471213.006,863500
9475491.031,863600
9479563.162,863700
9485178.333,863800
9489255.214,863900
9494144.996,864000
9500965.063,864100
9506148.062,864200
9508891.218,864300
9511744.022,864400
9514845.101,864500
9523588.549,864600
9527611.667,864700
9532884.170,864800
9537073.445,864900
9540136.722,865000
9543370.874,865100
9551246.037,865200
9555454.205,865300
9558324.301,865400
9562833.546,865500
9566577.983,865600
9569945.264,865700
9573901.736,865800
9576933.302,865900
9580133.936,866000
9587466.064,866100
9593212.878,866200
9596695.275,866300
9600447.146,866400
9604327.902,866500
9607919.215,866600
9611002.603,866700
9613911.261,866800
9616878.803,866900
9620901.128,867000
9628290.211,867100
9631971.008,867200
9635871.901,867300
9640036.331,867400
9645189.791,867500
9648828.661,867600
9658190.333,867700
9665088.791,867800
9670608.063,867900
9679112.587,868000
9685201.020,868100
9689994.352,868200
9694906.987,868300
9700782.475,868400
9705014.470,868500
9709737.999,868600
9715286.907,868700
9722287.752,868800
9729088.200,868900
9735625.677,869000
9743468.066,869100
9750576.510,869200
9756773.056,869300
9768197.292,869400
9773631.208,869500
9778061.067,869600
9783320.149,869700
9790057.459,869800
9799313.895,869900
9809929.622,870000
9816351.464,870100
9825836.645,870200
9832777.262,870300
9841683.104,870400
9847182.941,870500
9855200.592,870600
9863440.569,870700
9869733.298,870800
9875249.601,870900
9879230.571,871000
9889646.681,871100
9896106.562,871200
9903303.336,871300
9915008.886,871400
9922761.809,871500
9930273.348,871600
9936311.972,871700
9943181.129,871800
9949675.050,871900
9956876.876,872000
9962348.162,872100
9967413.662,872200
9971673.241,872300
9976160.074,872400
9981091.221,872500
9985713.320,872600
9991335.870,872700
10001523.228,872800
10007161.156,872900
10013098.518,873000
10017688.559,873100
10022742.107,873200
10028079.788,873300
10036491.293,873400
10042739.936,873500
10048331.003,873600
10053819.192,873700
10059415.178,873800
10065356.971,873900
10071171.761,874000
10078226.181,874100
10083373.770,874200
10087031.619,874300
10090965.756,874400
10097284.455,874500
10102124.934,874600
10111934.149,874700
10118122.562,874800
10124175.595,874900
10130453.302,875000
10137131.422,875100
10142815.326,875200
10147828.491,875300
10152914.994,875400
10158498.035,875500
10165324.051,875600
10171891.495,875700
10179182.302,875800
10186584.362,875900
10194813.337,876000
10201349.433,876100
10208714.846,876200
10215661.348,876300
10223848.745,876400
10231750.407,876500
10239022.668,876600
10247839.786,876700
10264631.449,876800
10274537.081,876900
10280007.540,877000
10287069.532,877100
10294681.036,877200
10301193.688,877300
10309399.430,877400
10319366.193,877500
10324793.654,877600
10330170.617,877700
10336231.709,877800
10342451.041,877900
10347483.708,878000
10354184.348,878100
10360151.950,878200
10365474.958,878300
10370039.704,878400
10374047.599,878500
10380671.092,878600
10385380.480,878700
10398833.942,878800
10406864.421,878900
10415314.721,879000
10420556.031,879100
10426435.847,879200
10432808.330,879300
10439605.421,879400
10445468.177,879500
10450562.815,879600
10456818.741,879700
10464749.418,879800
10473299.556,879900
10480004.343,880000
10490030.960,880100
10497182.501,880200
10504681.894,880300
10513631.404,880400
10525145.610,880500
10532990.497,880600
10540182.399,880700
10553426.270,880800
10562788.861,880900
10573252.003,881000
10580432.920,881100
10588266.591,881200
10596121.339,881300
10603436.203,881400
10610473.621,881500
10616926.121,881600
10623982.122,881700
10632922.641,881800
10640898.618,881900
10648028.236,882000
10659539.731,882100
10668534.515,882200
10677358.120,882300
10683418.798,882400
10688425.295,882500
10695356.111,882600
10702220.969,882700
10707133.011,882800
10717149.492,882900
10725060.070,883000
10733170.720,883100
10740924.322,883200
10746803.142,883300
10752299.924,883400
10758081.568,883500
10764920.167,883600
10772033.137,883700
10779934.571,883800
10789701.687,883900
10797661.268,884000
10804758.147,884100
10812169.055,884200
10830217.692,884300
10835805.837,884400
10840868.105,884500
10844705.196,884600
10847402.401,884700
10853044.621,884800
10863763.451,884900
10867129.277,885000
10870103.252,885100
10874304.092,885200
10881019.136,885300
10887096.925,885400
10894009.546,885500
10898848.861,885600
10904514.827,885700
10912068.780,885800
10920722.574,885900
10926302.719,886000
10932517.772,886100
10938251.366,886200
10947091.223,886300
10953958.005,886400
10961229.607,886500
10968153.648,886600
10975891.175,886700
10988439.826,886800
10996499.270,886900
11005384.901,887000
11011390.885,887100
11016596.530,887200
11021479.306,887300
11025591.633,887400
11029621.454,887500
11033484.947,887600
11037980.321,887700
11040884.535,887800
11043688.046,887900
11046938.777,888000
11050956.770,888100
11054932.583,888200
11059269.145,888300
11063397.303,888400
11066817.926,888500
11072067.873,888600
11081104.939,888700
11087328.213,888800
11091192.607,888900
11094250.831,889000
11096420.739,889100
11099607.616,889200
11103169.844,889300
11105861.001,889400
11108639.484,889500
11112453.388,889600
11116379.787,889700
11119904.524,889800
11123689.694,889900
11127950.386,890000
11130977.609,890100
11134267.250,890200
11138190.866,890300
11141605.467,890400
11145959.264,890500
11149189.257,890600
11158964.425,890700
11166685.596,890800
11170825.304,890900
11174923.368,891000
11178213.561,891100
11182490.115,891200
11186386.018,891300
11196688.456,891400
11199584.889,891500
11204656.522,891600
11209349.259,891700
11212430.066,891800
11216122.543,891900
11219549.844,892000
11223406.607,892100
11226793.641,892200
11230704.164,892300
11235121.652,892400
11238330.029,892500
11241615.424,892600
11247158.028,892700
11250739.858,892800
11259431.991,892900
11264083.709,893000
11268897.070,893100
11271164.820,893200
11274244.776,893300
11277290.124,893400
11280674.120,893500
11284700.547,893600
11288415.914,893700
11291255.472,893800
11294655.379,893900
11298085.870,894000
11302009.199,894100
11305539.206,894200
11320369.167,894300
11331231.641,894400
11338115.563,894500
11343966.500,894600
11355673.593,894700
11362414.225,894800
11366711.369,894900
11372716.502,895000
11376456.952,895100
11379969.173,895200
11384288.984,895300
11388091.919,895400
11391801.671,895500
11396123.239,895600
11402921.312,895700
11409529.198,895800
11416833.299,895900
11424396.171,896000
11431156.251,896100
11438203.967,896200
11445079.532,896300
11451983.527,896400
11457920.658,896500
11464427.690,896600
11471924.379,896700
11476395.621,896800
11486247.104,896900
11491426.377,897000
11500442.714,897100
11506546.893,897200
11510080.126,897300
11515219.881,897400
11520124.483,897500
11524944.660,897600
11531308.288,897700
11537729.899,897800
11545521.959,897900
11551257.513,898000
11555475.023,898100
11561863.227,898200
11567507.700,898300
11572627.100,898400
11581156.348,898500
11586731.729,898600
11593611.158,898700
11598839.740,898800
11609324.515,898900
11616780.199,899000
11623323.989,899100
11628796.726,899200
11632633.814,899300
11638198.313,899400
11642931.348,899500
11648308.936,899600
11654300.924,899700
11659846.936,899800
11665652.884,899900
11671908.359,900000
11677412.528,900100
11681872.012,900200
11685485.385,900300
11689372.248,900400
11693253.944,900500
11698487.408,900600
11703844.131,900700
11708737.374,900800
11712991.721,900900
11717542.939,901000
11722361.765,901100
11734470.310,901200
11738668.410,901300
11744479.390,901400
11748100.323,901500
11752918.014,901600
11758807.758,901700
11763207.600,901800
11768017.091,901900
11775982.957,902000
11780552.214,902100
11784172.938,902200
11789738.541,902300
11794016.712,902400
11799456.530,902500
11804466.820,902600
11809991.028,902700
11814126.674,902800
11818708.137,902900
11822813.607,903000
11826233.463,903100
11829300.966,903200
11836527.331,903300
11843159.396,903400
11850816.885,903500
11856309.761,903600
11860835.375,903700
11865478.081,903800
11870253.134,903900
11873991.567,904000
11877418.120,904100
11880298.362,904200
11882505.842,904300
11886482.059,904400
11891654.789,904500
11896528.018,904600
11901189.914,904700
11905068.227,904800
11910109.750,904900
11916023.950,905000
11921709.731,905100
11926066.393,905200
11930480.678,905300
11934331.560,905400
11945187.721,905500
11950820.689,905600
11954284.799,905700
11957698.171,905800
11962457.510,905900
11966708.995,906000
11972090.511,906100
11975484.073,906200
11979243.789,906300
11982730.139,906400
11987580.185,906500
11991752.695,906600
11996550.074,906700
12004218.241,906800
12009181.997,906900
12013699.794,907000
12017330.400,907100
12020457.358,907200
12023533.431,907300
12026213.228,907400
12034956.238,907500
12040959.190,907600
12047538.873,907700
12051974.931,907800
12056223.136,907900
12061076.590,908000
12065073.328,908100
12069503.897,908200
12072947.651,908300
12075770.103,908400
12079472.973,908500
12083315.957,908600
12086343.184,908700
12090272.121,908800
12094169.339,908900
12097582.752,909000
12101075.040,909100
12104928.906,909200
12109437.776,909300
12113283.807,909400
12122445.411,909500
12130552.453,909600
12134048.213,909700
12138503.957,909800
12142604.421,909900
12146169.477,910000
12150431.428,910100
12154352.810,910200
12159874.254,910300
12163271.731,910400
12166520.264,910500
12170071.569,910600
12174455.672,910700
12177982.358,910800
12182055.310,910900
12185320.473,911000
12188520.641,911100
12191617.133,911200
12195400.262,911300
12198549.551,911400
12206696.484,911500
12211880.784,911600
12217902.003,911700
12222327.151,911800
12226075.004,911900
12230365.786,912000
12233859.529,912100
12237889.440,912200
12241654.123,912300
12244744.415,912400
12247908.135,912500
12251144.194,912600
12254086.984,912700
12257120.283,912800
12260526.185,912900
12264071.001,913000
12268405.626,913100
12272246.138,913200
12275724.283,913300
12282846.902,913400
12286088.836,913500
12289384.872,913600
12292955.609,913700
12297792.152,913800
12301440.717,913900
12304693.146,914000
12307924.975,914100
12310464.457,914200
12313772.074,914300
12317869.762,914400
12322208.243,914500
12325068.356,914600
12328183.971,914700
12331004.997,914800
12335030.035,914900
12338522.877,915000
12342086.294,915100
12346160.802,915200
12355012.862,915300
12359364.511,915400
12363547.246,915500
12366289.651,915600
12369942.582,915700
12374200.730,915800
12378005.182,915900
12381681.685,916000
12385868.841,916100
12389060.958,916200
12393608.752,916300
12398199.180,916400
12401933.789,916500
12406616.695,916600
12409741.399,916700
12412960.010,916800
12416161.347,916900
12419715.190,917000
12423314.007,917100
12426832.637,917200
12438152.460,917300
12444078.715,917400
12449241.423,917500
12455095.543,917600
12459070.862,917700
12464602.728,917800
12467958.882,917900
12473788.962,918000
12479735.559,918100
12486597.123,918200
12491539.341,918300
12496207.314,918400
12501455.377,918500
12507074.774,918600
12509916.129,918700
12513542.909,918800
12516833.925,918900
12520054.326,919000
12523639.070,919100
12530375.798,919200
12534968.285,919300
12542287.415,919400
12546533.113,919500
12551214.042,919600
12554060.364,919700
12556486.794,919800
12561044.610,919900
12565557.692,920000
12569172.416,920100
12573553.217,920200
12576917.819,920300
12580286.878,920400
12584059.510,920500
12587193.851,920600
12589575.534,920700
12592849.650,920800
12595593.131,920900
12598822.537,921000
12602565.132,921100
12610102.080,921200
12614315.692,921300
12618082.223,921400
12621625.948,921500
12624539.963,921600
12627650.525,921700
12630803.357,921800
12633315.984,921900
12636203.673,922000
12640039.507,922100
12644715.405,922200
12649391.593,922300
12652963.343,922400
12656390.451,922500
12660726.051,922600
12664012.743,922700
12667795.109,922800
12670377.385,922900
12673405.330,923000
12676619.281,923100
12685820.996,923200
12690879.841,923300
12696411.336,923400
12700447.903,923500
12705417.155,923600
12709869.113,923700
12713565.127,923800
12716349.674,923900
12719682.311,924000
12725011.731,924100
12731777.923,924200
12735860.541,924300
12739956.579,924400
12745412.915,924500
12752314.853,924600
12757662.743,924700
12761728.276,924800
12764992.561,924900
12768530.362,925000
12777711.089,925100
12782905.226,925200
12786450.690,925300
12790549.317,925400
12793566.158,925500
12796824.959,925600
12799906.066,925700
12803491.530,925800
12806498.336,925900
12810439.497,926000
12815605.113,926100
12819470.583,926200
12822797.050,926300
12826688.242,926400
12833243.943,926500
12837787.388,926600
12841011.350,926700
12843523.841,926800
12847517.464,926900
12855080.185,927000
12860067.640,927100
12866482.327,927200
12870563.753,927300
12874034.993,927400
12878083.921,927500
12882568.746,927600
12885051.465,927700
12888403.449,927800
12891443.289,927900
12894726.635,928000
12897997.849,928100
12902377.331,928200
12905585.226,928300
12909956.946,928400
12913194.419,928500
12916396.572,928600
12918736.988,928700
12921544.283,928800
12928708.566,928900
12932874.451,929000
12936230.456,929100
12939410.021,929200
12942921.284,929300
12945878.307,929400
12948417.312,929500
12950673.153,929600
12953179.848,929700
12955809.989,929800
12957732.735,929900
12959943.706,930000
12963716.979,930100
12968319.596,930200
12972537.189,930300
12976099.795,930400
12979741.607,930500
12983157.284,930600
12985944.286,930700
12993255.407,930800
13002451.696,930900
13006906.694,931000
13011290.177,931100
13015117.900,931200
13019175.860,931300
13023415.525,931400
13027464.107,931500
13032574.491,931600
13035625.791,931700
13040200.566,931800
13044635.839,931900
13047371.550,932000
13050897.876,932100
13054598.883,932200
13058343.493,932300
13061526.891,932400
13065879.867,932500
13072395.760,932600
13076760.630,932700
13085942.415,932800
13091366.786,932900
13095075.167,933000
13098454.220,933100
13102054.850,933200
13106136.913,933300
13108934.506,933400
13111877.316,933500
13115457.827,933600
13118725.891,933700
13122727.001,933800
13126596.188,933900
13129337.264,934000
13132723.739,934100
13136691.737,934200
13140765.743,934300
13144363.742,934400
13147102.330,934500
13152186.041,934600
13156368.464,934700
13166682.805,934800
13172199.556,934900
13175759.723,935000
13180904.291,935100
13190470.315,935200
13195017.694,935300
13197523.007,935400
13200554.183,935500
13202543.661,935600
13204746.399,935700
13207748.712,935800
13210063.858,935900
13212782.122,936000
13216445.114,936100
13218512.415,936200
13220976.754,936300
13223339.935,936400
13225575.793,936500
13228082.299,936600
13229553.147,936700
13235037.405,936800
13237635.683,936900
13240778.423,937000
13243034.311,937100
13246035.327,937200
13248348.076,937300
13250138.930,937400
13252438.746,937500
13255149.928,937600
13257540.951,937700
13259570.342,937800
13261844.351,937900
13269733.022,938000
13273972.156,938100
13276890.990,938200
13280241.450,938300
13282667.955,938400
13285733.238,938500
13288527.008,938600
13291426.978,938700
13298725.342,938800
13302171.421,938900
13306380.756,939000
13311032.693,939100
13314479.784,939200
13318132.039,939300
13321042.331,939400
13325122.769,939500
13328409.887,939600
13331330.643,939700
13334214.918,939800
13337146.988,939900
13340036.254,940000
13343600.727,940100
13347043.813,940200
13349612.963,940300
13352904.089,940400
13356248.527,940500
13360057.967,940600
13363078.160,940700
13369489.674,940800
13375553.944,940900
13380636.080,941000
13384248.285,941100
13387176.844,941200
13389660.619,941300
13393100.760,941400
13396508.984,941500
13398658.432,941600
13400805.762,941700
13402928.310,941800
13405317.419,941900
13408827.856,942000
13411379.531,942100
13414149.075,942200
13416007.385,942300
13418315.354,942400
13420728.722,942500
13423324.527,942600
13428505.721,942700
13431027.912,942800
13434504.644,942900
13438853.414,943000
13444185.899,943100
13447069.588,943200
13450188.706,943300
13453097.161,943400
13455598.988,943500
13459243.155,943600
13462132.854,943700
13464512.439,943800
13467050.544,943900
13469800.422,944000
13472645.728,944100
13475392.659,944200
13478220.505,944300
13481137.396,944400
13487745.442,944500
13490975.368,944600
13493495.169,944700
13496482.553,944800
13498815.804,944900
13501613.019,945000
13504800.382,945100
13510121.083,945200
13513769.735,945300
13517159.395,945400
13520662.545,945500
13523717.590,945600
13526239.661,945700
13528503.258,945800
13531064.929,945900
13535442.794,946000
13538850.265,946100
13545880.750,946200
13551169.362,946300
13555080.775,946400
13558844.258,946500
13562442.742,946600
13564757.742,946700
13567163.051,946800
13570261.329,946900
13572547.592,947000
13576252.350,947100
13579945.493,947200
13583645.828,947300
13590032.091,947400
13595106.648,947500
13600075.240,947600
13604255.338,947700
13608934.351,947800
13613533.358,947900
13625366.579,948000
13631670.037,948100
13635549.218,948200
13638438.049,948300
13642967.385,948400
13646536.505,948500
13649131.275,948600
13652396.764,948700
13654553.026,948800
13656769.316,948900
13659406.710,949000
13662291.939,949100
13664944.878,949200
13668154.390,949300
13670497.240,949400
13673192.419,949500
13676068.497,949600
13683266.233,949700
13686457.633,949800
13690099.252,949900
13693950.971,950000
13696939.172,950100
13699459.970,950200
13703061.460,950300
13706316.542,950400
13709533.892,950500
13712863.473,950600
13715368.747,950700
13717360.433,950800
13719466.832,950900
13721759.895,951000
13724314.060,951100
13727351.977,951200
13734196.777,951300
13737106.359,951400
13740320.056,951500
13743415.558,951600
13745930.855,951700
13748245.780,951800
13750593.807,951900
13753565.185,952000
13756683.405,952100
13760740.228,952200
13764413.791,952300
13767655.363,952400
13770850.523,952500
13774831.739,952600
13778226.139,952700
13781067.724,952800
13788256.608,952900
13793771.439,953000
13797470.212,953100
13801288.787,953200
13805138.823,953300
13808843.635,953400
13811771.836,953500
13815835.053,953600
13818849.112,953700
13822585.522,953800
13826879.983,953900
13829606.376,954000
13832440.502,954100
13835999.226,954200
13838757.430,954300
13841210.312,954400
13847877.295,954500
13851329.164,954600
13853511.795,954700
13856727.612,954800
13859452.495,954900
13861790.603,955000
13864707.867,955100
13867201.278,955200
13869934.436,955300
13872573.325,955400
13875219.105,955500
13877364.598,955600
13879403.264,955700
13881868.264,955800
13884639.464,955900
13891349.919,956000
13895763.781,956100
13901901.581,956200
13905995.624,956300
13910002.511,956400
13912957.916,956500
13915933.783,956600
13918767.455,956700
13920872.723,956800
13923246.903,956900
13926957.471,957000
13930171.292,957100
13933124.823,957200
13935565.800,957300
13938611.851,957400
13941317.490,957500
13947236.262,957600
13949606.530,957700
13952134.030,957800
13954941.104,957900
13957472.968,958000
13961941.722,958100
13966866.046,958200
13970824.262,958300
13975520.171,958400
13979630.763,958500
13982908.562,958600
13985271.711,958700
13988120.499,958800
13991006.374,958900
13994662.863,959000
14003643.873,959100
14008764.055,959200
14013266.960,959300
14016242.058,959400
14019895.570,959500
14022699.353,959600
14025167.844,959700
14028069.646,959800
14031164.698,959900
14034420.837,960000
14037458.487,960100
14041140.755,960200
14044452.321,960300
14054866.213,960400
14073926.078,960500
14082955.851,960600
14096688.398,960700
14104746.793,960800
14111048.034,960900
14116800.512,961000
14121998.041,961100
14127356.985,961200
14131630.665,961300
14135967.188,961400
14140062.763,961500
14143606.511,961600
14146700.785,961700
14149920.400,961800
14152818.745,961900
14155835.703,962000
14159554.522,962100
14163569.033,962200
14170836.904,962300
14175906.311,962400
14180930.489,962500
14184591.072,962600
14187709.174,962700
14190939.612,962800
14194273.782,962900
14198344.551,963000
14202158.940,963100
14205813.136,963200
14210279.815,963300
14216662.822,963400
14221849.646,963500
14225355.622,963600
14229184.181,963700
14232966.669,963800
14241888.976,963900
14247016.443,964000
14251421.920,964100
14254855.298,964200
14257616.492,964300
14261127.436,964400
14264625.396,964500
14267406.590,964600
14270273.771,964700
14279633.450,964800
16746023.207,0
16746211.042,100
16746237.296,200
16746255.463,300
16746262.757,400
16746270.995,500
16746311.218,600
16746324.118,700
16746332.030,800
16746344.949,900
16746358.473,1000
16746443.971,1100
16746454.223,1200
16746470.945,1300
16746482.038,1400
16746492.495,1500
16746509.038,1600
16746515.707,1700
16746531.212,1800
16746541.889,1900
16746552.903,2000
16746573.624,2100
16746580.491,2200
16746586.796,2300
16746593.669,2400
16746600.610,2500
16746607.834,2600
16746614.313,2700
16746620.962,2800
16746627.357,2900
16746634.246,3000
16746640.967,3100
16746647.611,3200
16746654.457,3300
16746661.151,3400
16746668.098,3500
16746676.154,3600
16746682.763,3700
16746690.529,3800
16746697.140,3900
16746703.938,4000
16746721.964,4100
16746728.825,4200
16746735.350,4300
16746742.147,4400
16746748.927,4500
16746756.077,4600
16746762.861,4700
16746769.531,4800
16746776.355,4900
16746783.074,5000
16746789.808,5100
16746796.672,5200
16746803.384,5300
16746810.347,5400
16746817.098,5500
16746824.275,5600
16746830.903,5700
16746837.932,5800
16746844.688,5900
16746851.258,6000
16746858.238,6100
16746864.804,6200
16746871.322,6300
16746878.979,6400
16746885.269,6500
16746892.404,6600
16746899.120,6700
16746906.080,6800
16746912.832,6900
16746919.268,7000
16746926.165,7100
16746933.154,7200
16746939.765,7300
16746946.614,7400
16746953.309,7500
16746960.058,7600
16746966.626,7700
16746973.306,7800
16746979.948,7900
16746986.697,8000
16746993.303,8100
16747025.330,8200
16747032.030,8300
16747042.502,8400
16747049.729,8500
16747056.570,8600
16747063.225,8700
16747070.356,8800
16747077.017,8900
16747083.638,9000
16747090.403,9100
16747097.036,9200
16747103.874,9300
16747110.824,9400
16747117.289,9500
16747124.016,9600
16747130.982,9700
16747137.606,9800
16747144.311,9900
16747397.939,10000
16747409.458,10100
16747417.397,10200
16747424.152,10300
16747430.665,10400
16747437.490,10500
16747444.840,10600
16747451.576,10700
16747458.220,10800
16747464.708,10900
16747471.216,11000
16747479.051,11100
16747485.587,11200
16747494.447,11300
16747501.310,11400
16747508.118,11500
16747516.953,11600
16747523.746,11700
16747532.664,11800
16747539.314,11900
16747546.036,12000
16747554.537,12100
16747561.437,12200
16747568.304,12300
16747575.086,12400
16747581.731,12500
16747588.450,12600
16747595.187,12700
16747601.894,12800
16747608.872,12900
16747615.583,13000
16747622.773,13100
16747629.514,13200
16747636.137,13300
16747642.792,13400
16747649.723,13500
16747656.628,13600
16747663.143,13700
16747669.634,13800
16747676.284,13900
16747683.102,14000
16747693.568,14100
16747700.098,14200
16747707.112,14300
16747714.045,14400
16747721.127,14500
16747727.700,14600
16747734.958,14700
16747741.769,14800
16747748.447,14900
16747755.132,15000
16747761.695,15100
16747775.179,15200
16747781.975,15300
16747788.802,15400
16747795.447,15500
16747802.008,15600
16747808.800,15700
16747815.508,15800
16747822.368,15900
16747829.234,16000
16747835.989,16100
16747851.401,16200
16747858.529,16300
16747865.514,16400
16747872.384,16500
16747879.141,16600
16747886.144,16700
16747892.818,16800
16747899.777,16900
16747906.462,17000
16747913.269,17100
16747927.979,17200
16747934.706,17300
16747941.425,17400
16747948.216,17500
16747955.061,17600
16747961.857,17700
16747968.700,17800
16747975.723,17900
16747982.569,18000
16747989.322,18100
16748003.345,18200
16748010.687,18300
16748017.304,18400
16748024.222,18500
16748031.331,18600
16748038.465,18700
16748045.266,18800
16748052.228,18900
16748059.130,19000
16748066.151,19100
16748072.726,19200
16748079.278,19300
16748086.121,19400
16748093.014,19500
16748099.928,19600
16748107.588,19700
16748114.855,19800
16748121.970,19900
16748250.831,20000
16748261.672,20100
16748268.860,20200
16748276.023,20300
16748283.652,20400
16748290.562,20500
16748297.722,20600
16748304.531,20700
16748311.424,20800
16748318.235,20900
16748325.032,21000
16748332.629,21100
16748339.509,21200
16748346.042,21300
16748353.453,21400
16748361.088,21500
16748367.877,21600
16748374.873,21700
16748381.821,21800
16748388.580,21900
16748395.436,22000
16748404.712,22100
16748411.543,22200
16748418.590,22300
16748425.396,22400
16748432.759,22500
16748439.582,22600
16748446.351,22700
16748453.198,22800
16748460.223,22900
16748467.238,23000
16748473.850,23100
16748480.589,23200
16748486.662,23300
16748493.730,23400
16748501.039,23500
16748507.627,23600
16748514.235,23700
16748521.051,23800
16748527.792,23900
16748534.546,24000
16748544.136,24100
16748550.906,24200
16748557.768,24300
16748564.366,24400
16748571.200,24500
16748578.324,24600
16748584.890,24700
16748591.682,24800
16748598.559,24900
16748605.291,25000
16748611.996,25100
16748618.892,25200
16748625.688,25300
16748632.487,25400
16748639.430,25500
16748646.207,25600
16748653.092,25700
16748660.030,25800
16748667.031,25900
16748673.580,26000
16748680.353,26100
16748687.578,26200
16748694.551,26300
16748702.529,26400
16748709.424,26500
16748716.237,26600
16748723.042,26700
16748729.829,26800
16748736.746,26900
16748743.871,27000
16748750.584,27100
16748757.066,27200
16748763.923,27300
16748770.919,27400
16748777.957,27500
16748784.782,27600
16748791.687,27700
16748798.447,27800
16748805.359,27900
16748811.856,28000
16748818.411,28100
16748829.705,28200
16748836.543,28300
16748843.501,28400
16748850.300,28500
16748857.222,28600
16748864.121,28700
16748871.233,28800
16748877.776,28900
16748884.627,29000
16748891.476,29100
16748898.957,29200
16748905.755,29300
16748912.463,29400
16748919.227,29500
16748925.972,29600
16748934.235,29700
16748941.026,29800
16748947.828,29900
16749074.991,30000
16749082.969,30100
16749089.949,30200
16749096.955,30300
16749103.634,30400
16749110.252,30500
16749117.276,30600
16749123.902,30700
16749133.549,30800
16749140.166,30900
16749146.933,31000
16749155.263,31100
16749161.970,31200
16749168.636,31300
16749175.328,31400
16749182.406,31500
16749189.156,31600
16749195.636,31700
16749202.664,31800
16749209.358,31900
16749216.432,32000
16749225.274,32100
16749231.977,32200
16749238.683,32300
16749245.320,32400
16749251.856,32500
16749258.417,32600
16749265.262,32700
16749271.806,32800
16749278.504,32900
16749285.225,33000
16749292.055,33100
16749298.582,33200
16749305.429,33300
16749312.143,33400
16749319.044,33500
16749325.813,33600
16749332.433,33700
16749338.941,33800
16749345.551,33900
16749352.157,34000
16749362.311,34100
16749369.199,34200
16749375.668,34300
16749382.239,34400
16749388.992,34500
16749395.522,34600
16749402.105,34700
16749408.883,34800
16749415.440,34900
16749422.051,35000
16749429.161,35100
16749435.855,35200
16749442.417,35300
16749448.987,35400
16749455.511,35500
16749462.042,35600
16749468.996,35700
16749476.069,35800
16749482.959,35900
16749489.571,36000
16749496.352,36100
16749503.171,36200
16749509.829,36300
16749516.520,36400
16749523.080,36500
16749529.878,36600
16749536.475,36700
16749543.203,36800
16749550.149,36900
16749556.753,37000
16749563.305,37100
16749570.147,37200
16749576.479,37300
16749583.240,37400
16749589.713,37500
16749596.592,37600
16749603.530,37700
16749610.121,37800
16749616.976,37900
16749623.403,38000
16749629.788,38100
16749644.051,38200
16749650.797,38300
16749657.950,38400
16749664.891,38500
16749671.847,38600
16749678.491,38700
16749685.140,38800
16749691.572,38900
16749698.325,39000
16749705.501,39100
16749712.337,39200
16749718.999,39300
16749726.284,39400
16749733.543,39500
16749740.778,39600
16749747.840,39700
16749754.475,39800
16749761.162,39900
16750005.251,40000
16750018.778,40100
16750027.613,40200
16750035.995,40300
16750043.403,40400
16750050.787,40500
16750057.807,40600
16750064.635,40700
16750071.347,40800
16750078.117,40900
16750085.299,41000
16750092.976,41100
16750099.602,41200
16750106.350,41300
16750112.732,41400
16750119.324,41500
16750126.110,41600
16750132.783,41700
16750139.746,41800
16750146.429,41900
16750156.020,42000
16750164.653,42100
16750171.026,42200
16750177.681,42300
16750184.598,42400
16750191.564,42500
16750198.674,42600
16750205.063,42700
16750211.757,42800
16750218.494,42900
16750225.309,43000
16750234.980,43100
16750241.654,43200
16750250.117,43300
16750259.471,43400
16750267.818,43500
16750274.630,43600
16750285.840,43700
16750294.602,43800
16750301.659,43900
16750308.347,44000
16750319.759,44100
16750326.868,44200
16750333.393,44300
16750340.136,44400
16750347.226,44500
16750354.174,44600
16750361.085,44700
16750367.822,44800
16750374.394,44900
16750381.170,45000
16750388.039,45100
16750394.892,45200
16750401.428,45300
16750408.324,45400
16750415.070,45500
16750422.132,45600
16750428.916,45700
16750435.684,45800
16750442.948,45900
16750449.980,46000
16750456.816,46100
16750463.918,46200
16750470.963,46300
16750477.917,46400
16750484.614,46500
16750491.618,46600
16750498.831,46700
16750505.735,46800
16750512.431,46900
16750519.030,47000
16750526.712,47100
16750533.909,47200
16750540.680,47300
16750547.738,47400
16750554.502,47500
16750561.290,47600
16750568.013,47700
16750574.571,47800
16750581.640,47900
16750588.164,48000
16750594.788,48100
16750609.752,48200
16750616.691,48300
16750623.526,48400
16750630.483,48500
16750637.030,48600
16750643.662,48700
16750650.663,48800
16750657.996,48900
16750664.764,49000
16750672.281,49100
16750679.620,49200
16750687.018,49300
16750693.851,49400
16750700.461,49500
16750707.475,49600
16750714.264,49700
16750721.676,49800
16750729.105,49900
16750861.610,50000
16750870.050,50100
16750877.606,50200
16750885.583,50300
16750892.854,50400
16750900.385,50500
16750907.760,50600
16750914.929,50700
16750922.029,50800
16750929.786,50900
16750937.162,51000
16750945.992,51100
16750953.268,51200
16750960.533,51300
16750967.464,51400
16750974.837,51500
16750982.221,51600
16750989.847,51700
16751000.644,51800
16751008.146,51900
16751015.388,52000
16751024.365,52100
16751031.719,52200
16751038.919,52300
16751045.919,52400
16751053.142,52500
16751061.206,52600
16751068.613,52700
16751076.113,52800
16751083.414,52900
16751090.562,53000
16751098.178,53100
16751106.147,53200
16751114.011,53300
16751121.102,53400
16751128.473,53500
16751136.375,53600
16751143.750,53700
16751150.833,53800
16751158.291,53900
16751168.290,54000
16751179.236,54100
16751185.847,54200
16751192.739,54300
16751200.334,54400
16751208.014,54500
16751215.458,54600
16751222.412,54700
16751230.504,54800
16751237.729,54900
16751244.967,55000
16751253.011,55100
16751260.681,55200
16751267.900,55300
16751275.327,55400
16751282.835,55500
16751290.314,55600
16751297.545,55700
16751305.171,55800
16751313.217,55900
16751320.670,56000
16751328.267,56100
16751335.785,56200
16751343.507,56300
16751351.006,56400
16751358.583,56500
16751365.750,56600
16751373.004,56700
16751380.383,56800
16751387.736,56900
16751394.759,57000
16751402.172,57100
16751409.449,57200
16751416.769,57300
16751423.918,57400
16751431.616,57500
16751438.811,57600
16751446.331,57700
16751453.900,57800
16751461.553,57900
16751468.848,58000
16751476.701,58100
16751491.549,58200
16751499.070,58300
16751506.291,58400
16751513.799,58500
16751521.543,58600
16751529.338,58700
16751536.920,58800
16751544.652,58900
16751552.748,59000
16751560.945,59100
16751568.778,59200
16751576.580,59300
16751584.500,59400
16751592.177,59500
16751599.629,59600
16751608.125,59700
16751616.596,59800
16751624.984,59900
16751748.750,60000
16751757.524,60100
16751765.531,60200
16751773.381,60300
16751780.628,60400
16751789.005,60500
16751797.422,60600
16751804.772,60700
16751812.974,60800
16751820.537,60900
16751828.438,61000
16751836.915,61100
16751844.642,61200
16751852.521,61300
16751860.322,61400
16751867.551,61500
16751875.541,61600
16751883.102,61700
16751890.628,61800
16751898.088,61900
16751906.260,62000
16751915.465,62100
16751923.510,62200
16751931.084,62300
16751938.822,62400
16751946.173,62500
16751954.088,62600
16751962.373,62700
16751969.496,62800
16751976.782,62900
16751984.608,63000
16751992.133,63100
16752000.574,63200
16752008.643,63300
16752016.413,63400
16752024.227,63500
16752031.635,63600
16752038.931,63700
16752046.675,63800
16752053.753,63900
16752061.802,64000
16752070.918,64100
16752078.896,64200
16752086.642,64300
16752094.238,64400
16752102.329,64500
16752109.726,64600
16752117.777,64700
16752125.308,64800
16752133.386,64900
16752140.945,65000
16752148.635,65100
16752156.173,65200
16752163.469,65300
16752171.058,65400
16752180.910,65500
16752190.622,65600
16752200.893,65700
16752209.613,65800
16752218.814,65900
16752228.311,66000
16752237.047,66100
16752245.919,66200
16752254.954,66300
16752263.121,66400
16752270.871,66500
16752279.020,66600
16752287.315,66700
16752295.632,66800
16752304.394,66900
16752313.861,67000
16752321.976,67100
16752330.652,67200
16752341.126,67300
16752351.796,67400
16752360.432,67500
16752368.468,67600
16752376.482,67700
16752385.069,67800
16752393.944,67900
16752403.096,68000
16752411.968,68100
16752428.763,68200
16752437.330,68300
16752445.941,68400
16752454.179,68500
16752463.449,68600
16752471.827,68700
16752481.230,68800
16752489.567,68900
16752498.927,69000
16752507.914,69100
16752515.900,69200
16752525.143,69300
16752534.483,69400
16752543.020,69500
16752552.299,69600
16752561.464,69700
16752570.261,69800
16752578.689,69900
16752707.850,70000
16752718.248,70100
16752726.961,70200
16752735.507,70300
16752744.101,70400
16752752.500,70500
16752764.137,70600
16752772.977,70700
16752782.391,70800
16752792.327,70900
16752800.962,71000
16752810.717,71100
16752819.205,71200
16752827.152,71300
16752835.693,71400
16752843.387,71500
16752851.307,71600
16752858.930,71700
16752866.820,71800
16752874.910,71900
16752883.308,72000
16752893.361,72100
16752902.242,72200
16752909.561,72300
16752918.702,72400
16752926.611,72500
16752935.514,72600
16752943.963,72700
16752952.598,72800
16752961.791,72900
16752969.610,73000
16752977.791,73100
16752985.950,73200
16752995.224,73300
16753003.258,73400
16753011.486,73500
16753019.300,73600
16753027.418,73700
16753036.329,73800
16753044.848,73900
16753053.940,74000
16753064.080,74100
16753072.175,74200
16753079.534,74300
16753087.452,74400
16753095.024,74500
16753102.763,74600
16753111.484,74700
16753120.507,74800
16753129.261,74900
16753138.796,75000
16753148.619,75100
16753157.829,75200
16753166.371,75300
16753174.874,75400
16753183.787,75500
16753193.945,75600
16753202.439,75700
16753210.613,75800
16753218.930,75900
16753227.151,76000
16753235.714,76100
16753244.753,76200
16753252.824,76300
16753260.782,76400
16753269.046,76500
16753277.401,76600
16753285.845,76700
16753293.970,76800
16753302.764,76900
16753311.056,77000
16753319.509,77100
16753328.464,77200
16753336.880,77300
16753345.591,77400
16753354.316,77500
16753363.392,77600
16753371.749,77700
16753380.570,77800
16753388.858,77900
16753396.889,78000
16753405.204,78100
16753421.309,78200
16753430.196,78300
16753438.334,78400
16753446.947,78500
16753455.438,78600
16753463.977,78700
16753472.469,78800
16753481.724,78900
16753490.426,79000
16753499.232,79100
16753508.158,79200
16753516.062,79300
16753525.631,79400
16753535.080,79500
16753543.901,79600
16753552.389,79700
16753560.877,79800
16753569.418,79900
16753692.886,80000
16753702.605,80100
16753710.928,80200
16753719.642,80300
16753728.165,80400
16753736.533,80500
16753745.134,80600
16753753.313,80700
16753761.454,80800
16753770.298,80900
16753779.697,81000
16753789.721,81100
16753800.401,81200
16753810.347,81300
16753820.542,81400
16753829.482,81500
16753838.267,81600
16753847.429,81700
16753856.814,81800
16753865.496,81900
16753874.635,82000
16753884.905,82100
16753893.559,82200
16753903.151,82300
16753911.712,82400
16753921.484,82500
16753930.040,82600
16753942.137,82700
16753952.326,82800
16753961.339,82900
16753970.155,83000
16753979.167,83100
16753988.558,83200
16753998.248,83300
16754007.658,83400
16754016.933,83500
16754025.937,83600
16754035.089,83700
16754044.502,83800
16754053.332,83900
16754062.408,84000
16754073.418,84100
16754082.210,84200
16754091.955,84300
16754100.806,84400
16754109.354,84500
16754118.230,84600
16754126.796,84700
16754135.675,84800
16754144.436,84900
16754153.410,85000
16754162.172,85100
16754170.601,85200
16754179.271,85300
16754187.751,85400
16754196.023,85500
16754204.546,85600
16754212.451,85700
16754220.872,85800
16754228.987,85900
16754237.602,86000
16754248.929,86100
16754258.743,86200
16754268.418,86300
16754277.734,86400
16754287.096,86500
16754295.964,86600
16754304.894,86700
16754314.205,86800
16754324.139,86900
16754333.647,87000
16754343.477,87100
16754352.024,87200
16754360.744,87300
16754369.072,87400
16754378.026,87500
16754386.393,87600
16754395.456,87700
16754403.999,87800
16754412.878,87900
16754421.955,88000
16754430.918,88100
16754447.718,88200
16754456.403,88300
16754464.548,88400
16754473.045,88500
16754481.554,88600
16754489.593,88700
16754497.375,88800
16754505.851,88900
16754514.279,89000
16754522.797,89100
16754530.876,89200
16754538.437,89300
16754547.017,89400
16754554.549,89500
16754562.848,89600
16754571.031,89700
16754579.916,89800
16754588.800,89900
16754731.502,90000
16754741.372,90100
16754750.484,90200
16754759.516,90300
16754768.174,90400
16754776.637,90500
16754786.592,90600
16754794.818,90700
16754803.368,90800
16754812.513,90900
16754821.692,91000
16754831.374,91100
16754840.370,91200
16754848.925,91300
16754857.382,91400
16754865.412,91500
16754873.524,91600
16754881.673,91700
16754889.931,91800
16754898.238,91900
16754906.468,92000
16754920.857,92100
16754935.751,92200
16754945.300,92300
16754953.693,92400
16754962.862,92500
16754971.177,92600
16754980.118,92700
16754990.405,92800
16755003.295,92900
16755016.228,93000
16755028.026,93100
16755038.367,93200
16755047.309,93300
16755056.683,93400
16755065.685,93500
16755074.777,93600
16755086.790,93700
16755098.331,93800
16755109.395,93900
16755120.320,94000
16755132.884,94100
16755142.194,94200
16755151.454,94300
16755160.860,94400
16755169.898,94500
16755179.390,94600
16755189.018,94700
16755197.849,94800
16755207.473,94900
16755217.341,95000
16755226.572,95100
16755236.652,95200
16755245.302,95300
16755254.643,95400
16755262.818,95500
16755271.717,95600
16755280.432,95700
16755289.668,95800
16755298.362,95900
16755307.144,96000
16755316.125,96100
16755325.741,96200
16755337.926,96300
16755346.941,96400
16755355.895,96500
16755364.532,96600
16755373.341,96700
16755382.897,96800
16755392.364,96900
16755401.885,97000
16755411.891,97100
16755421.465,97200
16755431.911,97300
16755443.066,97400
16755453.248,97500
16755463.700,97600
16755473.819,97700
16755483.777,97800
16755494.082,97900
16755503.417,98000
16755513.418,98100
16755531.898,98200
16755542.244,98300
16755551.618,98400
16755561.415,98500
16755572.197,98600
16755582.222,98700
16755591.710,98800
16755602.064,98900
16755612.357,99000
16755622.245,99100
16755632.348,99200
16755642.495,99300
16755652.439,99400
16755662.297,99500
16755672.593,99600
16755682.593,99700
16755692.234,99800
16755702.791,99900
16755843.128,100000
16755854.405,100100
16755864.656,100200
16755875.349,100300
16755884.430,100400
16755894.131,100500
16755903.778,100600
16755912.901,100700
16755922.595,100800
16755932.823,100900
16755944.051,101000
16755955.029,101100
16755965.997,101200
16755975.787,101300
16755985.499,101400
16755995.421,101500
16756005.734,101600
16756016.556,101700
16756027.109,101800
16756037.829,101900
16756049.018,102000
16756061.006,102100
16756071.876,102200
16756082.362,102300
16756092.949,102400
16756103.722,102500
16756114.272,102600
16756124.581,102700
16756135.706,102800
16756146.825,102900
16756156.627,103000
16756167.568,103100
16756177.742,103200
16756188.095,103300
16756199.097,103400
16756209.176,103500
16756219.674,103600
16756229.769,103700
16756240.172,103800
16756251.325,103900
16756263.638,104000
16756277.601,104100
16756287.913,104200
16756299.341,104300
16756310.594,104400
16756321.527,104500
16756332.468,104600
16756342.121,104700
16756351.981,104800
16756362.689,104900
16756373.044,105000
16756384.271,105100
16756395.400,105200
16756406.734,105300
16756421.469,105400
16756433.335,105500
16756444.602,105600
16756454.841,105700
16756465.696,105800
16756477.199,105900
16756486.832,106000
16756496.820,106100
16756506.372,106200
16756517.312,106300
16756527.978,106400
16756537.227,106500
16756547.832,106600
16756557.956,106700
16756567.465,106800
16756577.387,106900
16756587.711,107000
16756598.329,107100
16756610.087,107200
16756622.695,107300
16756635.585,107400
16756647.526,107500
16756659.401,107600
16756671.012,107700
16756683.231,107800
16756693.798,107900
16756706.245,108000
16756718.463,108100
16756738.548,108200
16756749.604,108300
16756760.632,108400
16756771.454,108500
16756782.801,108600
16756794.501,108700
16756806.556,108800
16756817.872,108900
16756829.724,109000
16756841.901,109100
16756854.071,109200
16756864.543,109300
16756876.269,109400
16756887.551,109500
16756899.629,109600
16756911.631,109700
16756923.439,109800
16756935.747,109900
16757073.198,110000
16757086.657,110100
16757099.156,110200
16757111.265,110300
16757122.625,110400
16757134.728,110500
16757146.316,110600
16757157.305,110700
16757169.174,110800
16757179.966,110900
16757192.424,111000
16757205.784,111100
16757218.782,111200
16757231.480,111300
16757243.503,111400
16757256.545,111500
16757269.773,111600
16757281.746,111700
16757293.159,111800
16757304.866,111900
16757316.056,112000
16757328.688,112100
16757340.280,112200
16757350.939,112300
16757362.396,112400
16757373.618,112500
16757385.802,112600
16757398.063,112700
16757410.426,112800
16757422.421,112900
16757435.193,113000
16757447.451,113100
16757460.166,113200
16757472.263,113300
16757487.259,113400
16757501.169,113500
16757513.817,113600
16757526.603,113700
16757538.743,113800
16757551.262,113900
16757563.582,114000
16757580.803,114100
16757593.132,114200
16757605.970,114300
16757619.961,114400
16757632.718,114500
16757645.325,114600
16757657.719,114700
16757670.218,114800
16757683.115,114900
16757695.288,115000
16757707.473,115100
16757720.624,115200
16757733.688,115300
16757748.336,115400
16757760.514,115500
16757773.674,115600
16757786.034,115700
16757798.153,115800
16757810.975,115900
16757822.412,116000
16757834.347,116100
16757846.072,116200
16757858.516,116300
16757871.595,116400
16757883.172,116500
16757896.171,116600
16757908.701,116700
16757921.849,116800
16757933.554,116900
16757945.685,117000
16757957.905,117100
16757970.478,117200
16757982.796,117300
16757995.411,117400
16758008.183,117500
16758020.448,117600
16758032.165,117700
16758044.358,117800
16758057.195,117900
16758069.985,118000
16758082.713,118100
16758103.146,118200
16758116.324,118300
16758128.778,118400
16758141.846,118500
16758156.446,118600
16758168.897,118700
16758182.054,118800
16758194.802,118900
16758208.697,119000
16758223.458,119100
16758236.779,119200
16758251.292,119300
16758264.283,119400
16758277.126,119500
16758288.834,119600
16758302.292,119700
16758315.112,119800
16758328.487,119900
16758478.981,120000
16758493.776,120100
16758509.525,120200
16758521.641,120300
16758535.549,120400
16758548.579,120500
16758565.482,120600
16758578.328,120700
16758591.210,120800
16758604.137,120900
16758617.821,121000
16758632.722,121100
16758646.587,121200
16758660.573,121300
16758673.250,121400
16758686.311,121500
16758698.716,121600
16758712.530,121700
16758725.329,121800
16758738.438,121900
16758751.532,122000
16758766.753,122100
16758780.790,122200
16758793.435,122300
16758805.889,122400
16758819.243,122500
16758832.594,122600
16758845.080,122700
16758857.990,122800
16758870.241,122900
16758883.020,123000
16758896.476,123100
16758910.346,123200
16758923.332,123300
16758936.445,123400
16758949.207,123500
16758962.758,123600
16758976.179,123700
16758989.606,123800
16759002.233,123900
16759016.663,124000
16759034.485,124100
16759047.494,124200
16759060.685,124300
16759073.743,124400
16759086.909,124500
16759099.214,124600
16759111.929,124700
16759124.990,124800
16759137.072,124900
16759150.155,125000
16759163.790,125100
16759177.890,125200
16759190.921,125300
16759204.951,125400
16759218.448,125500
16759232.199,125600
16759245.670,125700
16759259.674,125800
16759274.394,125900
16759287.897,126000
16759300.787,126100
16759314.386,126200
16759327.423,126300
16759340.845,126400
16759354.878,126500
16759368.729,126600
16759382.019,126700
16759396.869,126800
16759410.373,126900
16759423.958,127000
16759438.224,127100
16759453.071,127200
16759468.622,127300
16759483.411,127400
16759497.475,127500
16759513.281,127600
16759528.539,127700
16759543.699,127800
16759559.746,127900
16759574.819,128000
16759590.726,128100
16759615.474,128200
16759632.625,128300
16759650.012,128400
16759665.579,128500
16759682.232,128600
16759698.385,128700
16759712.897,128800
16759728.028,128900
16759742.607,129000
16759759.753,129100
16759776.087,129200
16759796.031,129300
16759812.905,129400
16759833.585,129500
16759850.493,129600
16759868.196,129700
16759884.721,129800
16759903.386,129900
16760073.041,130000
16760091.738,130100
16760107.916,130200
16760125.044,130300
16760142.886,130400
16760160.100,130500
16760177.515,130600
16760195.131,130700
16760212.325,130800
16760228.873,130900
16760243.769,131000
16760261.790,131100
16760278.631,131200
16760296.297,131300
16760314.075,131400
16760331.215,131500
16760347.535,131600
16760364.199,131700
16760380.249,131800
16760396.237,131900
16760412.016,132000
16760429.452,132100
16760445.562,132200
16760460.064,132300
16760475.592,132400
16760491.079,132500
16760507.939,132600
16760524.722,132700
16760542.823,132800
16760561.601,132900
16760576.954,133000
16760594.574,133100
16760612.536,133200
16760631.285,133300
16760648.616,133400
16760668.736,133500
16760688.171,133600
16760706.438,133700
16760723.950,133800
16760740.154,133900
16760758.587,134000
16760778.428,134100
16760794.813,134200
16760812.323,134300
16760829.672,134400
16760846.504,134500
16760863.805,134600
16760882.340,134700
16760900.030,134800
16760918.883,134900
16760937.909,135000
16760957.018,135100
16760976.010,135200
16760994.153,135300
16761013.251,135400
16761029.561,135500
16761048.897,135600
16761068.046,135700
16761086.326,135800
16761107.547,135900
16761125.728,136000
16761142.422,136100
16761159.115,136200
16761177.077,136300
16761193.826,136400
16761211.626,136500
16761228.398,136600
16761246.431,136700
16761263.958,136800
16761283.461,136900
16761301.140,137000
16761319.384,137100
16761339.194,137200
16761357.290,137300
16761381.317,137400
16761404.796,137500
16761422.434,137600
16761437.904,137700
16761454.112,137800
16761470.503,137900
16761487.796,138000
16761504.562,138100
16761527.903,138200
16761542.762,138300
16761560.399,138400
16761577.166,138500
16761595.367,138600
16761612.032,138700
16761630.482,138800
16761646.959,138900
16761663.633,139000
16761680.261,139100
16761698.736,139200
16761716.012,139300
16761734.446,139400
16761752.640,139500
16761770.837,139600
16761789.456,139700
16761808.258,139800
16761826.816,139900
16762035.754,140000
16762056.463,140100
16762077.498,140200
16762097.788,140300
16762114.054,140400
16762132.429,140500
16762151.144,140600
16762168.327,140700
16762184.855,140800
16762202.765,140900
16762220.924,141000
16762239.727,141100
16762259.904,141200
16762278.890,141300
16762296.337,141400
16762313.728,141500
16762331.239,141600
16762348.762,141700
16762366.397,141800
16762383.452,141900
16762400.158,142000
16762418.975,142100
16762435.623,142200
16762452.737,142300
16762470.159,142400
16762488.313,142500
16762507.478,142600
16762524.279,142700
16762543.661,142800
16762559.983,142900
16762578.193,143000
16762599.408,143100
16762615.903,143200
16762634.159,143300
16762650.390,143400
16762668.055,143500
16762683.846,143600
16762700.685,143700
16762716.743,143800
16762739.452,143900
16762757.586,144000
16762777.572,144100
16762793.465,144200
16762810.304,144300
16762828.262,144400
16762844.709,144500
16762865.009,144600
16762883.897,144700
16762901.139,144800
16762916.811,144900
16762935.876,145000
16762953.134,145100
16762970.021,145200
16762986.676,145300
16763003.114,145400
16763018.339,145500
16763035.539,145600
16763051.177,145700
16763067.427,145800
16763081.708,145900
16763098.800,146000
16763118.189,146100
16763137.392,146200
16763155.561,146300
16763172.566,146400
16763188.512,146500
16763205.110,146600
16763222.536,146700
16763238.523,146800
16763255.052,146900
16763272.035,147000
16763288.495,147100
16763305.120,147200
16763321.639,147300
16763338.774,147400
16763355.437,147500
16763372.745,147600
16763387.689,147700
16763402.858,147800
16763417.576,147900
16763434.062,148000
16763451.085,148100
16763475.177,148200
16763493.128,148300
16763510.247,148400
16763526.502,148500
16763542.531,148600
16763558.735,148700
16763574.877,148800
16763592.682,148900
16763609.003,149000
16763626.693,149100
16763642.959,149200
16763659.222,149300
16763675.301,149400
16763690.734,149500
16763707.890,149600
16763724.900,149700
16763740.941,149800
16763755.971,149900
16763962.468,150000
16763980.650,150100
16763997.162,150200
16764015.385,150300
16764032.509,150400
16764048.316,150500
16764064.822,150600
16764081.409,150700
16764097.679,150800
16764113.913,150900
16764130.188,151000
16764148.105,151100
16764163.676,151200
16764179.041,151300
16764194.922,151400
16764209.406,151500
16764224.559,151600
16764241.363,151700
16764256.795,151800
16764274.435,151900
16764289.988,152000
16764307.122,152100
16764322.185,152200
16764337.330,152300
16764353.254,152400
16764368.672,152500
16764383.890,152600
16764400.551,152700
16764417.308,152800
16764434.290,152900
16764449.882,153000
16764464.361,153100
16764480.589,153200
16764497.127,153300
16764513.971,153400
16764530.621,153500
16764546.600,153600
16764563.046,153700
16764579.398,153800
16764595.641,153900
16764611.427,154000
16764630.106,154100
16764649.075,154200
16764664.987,154300
16764681.051,154400
16764697.650,154500
16764713.091,154600
16764729.511,154700
16764746.366,154800
16764761.731,154900
16764778.493,155000
16764795.195,155100
16764812.435,155200
16764829.518,155300
16764847.955,155400
16764864.234,155500
16764880.151,155600
16764896.184,155700
16764914.591,155800
16764929.849,155900
16764946.278,156000
16764962.616,156100
16764978.234,156200
16764994.089,156300
16765011.378,156400
16765027.889,156500
16765043.685,156600
16765060.319,156700
16765076.438,156800
16765092.338,156900
16765108.406,157000
16765123.475,157100
16765140.487,157200
16765157.636,157300
16765173.955,157400
16765189.719,157500
16765206.004,157600
16765222.873,157700
16765238.735,157800
16765253.197,157900
16765268.948,158000
16765284.443,158100
16765308.320,158200
16765325.887,158300
16765341.912,158400
16765356.923,158500
16765373.086,158600
16765388.628,158700
16765404.068,158800
16765418.859,158900
16765432.990,159000
16765448.188,159100
16765463.074,159200
16765477.912,159300
16765491.983,159400
16765508.505,159500
16765522.831,159600
16765537.920,159700
16765553.306,159800
16765568.979,159900
16765752.580,160000
16765773.178,160100
16765792.189,160200
16765811.120,160300
16765828.721,160400
16765846.635,160500
16765864.094,160600
16765882.825,160700
16765901.581,160800
16765918.008,160900
16765934.734,161000
16765952.431,161100
16765970.421,161200
16765987.194,161300
16766005.624,161400
16766023.264,161500
16766042.507,161600
16766063.558,161700
16766082.364,161800
16766098.727,161900
16766117.409,162000
16766135.648,162100
16766151.690,162200
16766168.633,162300
16766186.167,162400
16766202.319,162500
16766217.682,162600
16766235.564,162700
16766253.959,162800
16766270.863,162900
16766289.943,163000
16766307.141,163100
16766324.060,163200
16766341.313,163300
16766356.961,163400
16766373.841,163500
16766390.801,163600
16766408.150,163700
16766425.089,163800
16766443.554,163900
16766460.606,164000
16766481.963,164100
16766497.603,164200
16766515.169,164300
16766530.874,164400
16766547.888,164500
16766562.575,164600
16766578.707,164700
16766598.907,164800
16766616.524,164900
16766634.039,165000
16766651.756,165100
16766669.516,165200
16766687.481,165300
16766705.703,165400
16766723.729,165500
16766741.032,165600
16766758.887,165700
16766776.278,165800
16766794.249,165900
16766812.929,166000
16766830.914,166100
16766849.714,166200
16766868.761,166300
16766885.232,166400
16766901.241,166500
16766918.789,166600
16766937.669,166700
16766956.163,166800
16766975.300,166900
16766995.088,167000
16767014.515,167100
16767032.843,167200
16767050.325,167300
16767066.721,167400
16767083.037,167500
16767099.608,167600
16767117.582,167700
16767135.674,167800
16767154.062,167900
16767171.306,168000
16767188.410,168100
16767215.500,168200
16767233.025,168300
16767251.187,168400
16767269.093,168500
16767287.351,168600
16767304.442,168700
16767321.755,168800
16767338.528,168900
16767356.247,169000
16767372.843,169100
16767391.557,169200
16767410.586,169300
16767429.571,169400
16767448.133,169500
16767466.572,169600
16767485.920,169700
16767505.995,169800
16767523.395,169900
16767729.955,170000
16767747.875,170100
16767766.662,170200
16767784.558,170300
16767804.554,170400
16767822.099,170500
16767839.373,170600
16767855.918,170700
16767871.341,170800
16767888.068,170900
16767904.257,171000
16767925.742,171100
16767944.533,171200
16767964.525,171300
16767980.743,171400
16767998.139,171500
16768013.928,171600
16768030.294,171700
16768046.499,171800
16768063.488,171900
16768079.847,172000
16768098.267,172100
16768114.179,172200
16768131.840,172300
16768149.919,172400
16768167.295,172500
16768183.360,172600
16768197.846,172700
16768212.955,172800
16768229.284,172900
16768245.791,173000
16768261.977,173100
16768278.590,173200
16768296.486,173300
16768314.326,173400
16768331.882,173500
16768349.330,173600
16768366.179,173700
16768381.806,173800
16768398.915,173900
16768415.827,174000
16768440.024,174100
16768458.317,174200
16768474.603,174300
16768495.737,174400
16768515.474,174500
16768534.715,174600
16768552.735,174700
16768570.276,174800
16768587.869,174900
16768605.636,175000
16768623.895,175100
16768642.685,175200
16768660.876,175300
16768679.717,175400
16768698.495,175500
16768718.152,175600
16768736.915,175700
16768756.079,175800
16768774.094,175900
16768793.824,176000
16768813.584,176100
16768834.345,176200
16768852.588,176300
16768870.938,176400
16768888.748,176500
16768908.882,176600
16768927.381,176700
16768944.238,176800
16768960.843,176900
16768979.328,177000
16768998.416,177100
16769016.690,177200
16769035.881,177300
16769054.605,177400
16769072.796,177500
16769090.298,177600
16769108.683,177700
16769125.593,177800
16769142.964,177900
16769161.712,178000
16769180.969,178100
16769208.260,178200
16769226.681,178300
16769245.629,178400
16769264.551,178500
16769283.115,178600
16769301.775,178700
16769320.644,178800
16769341.370,178900
16769359.935,179000
16769380.140,179100
16769400.779,179200
16769419.756,179300
16769441.084,179400
16769464.580,179500
16769484.317,179600
16769506.914,179700
16769529.817,179800
16769552.259,179900
16769762.980,180000
16769791.454,180100
16769816.668,180200
16769844.162,180300
16769870.967,180400
16769895.997,180500
16769925.230,180600
16769950.620,180700
16769979.357,180800
16770005.571,180900
16770029.773,181000
16770058.221,181100
16770087.151,181200
16770117.002,181300
16770142.775,181400
16770171.851,181500
16770201.628,181600
16770226.622,181700
16770248.262,181800
16770275.376,181900
16770304.404,182000
16770334.297,182100
16770360.198,182200
16770385.075,182300
16770409.782,182400
16770434.797,182500
16770460.130,182600
16770479.958,182700
16770500.732,182800
16770530.811,182900
16770560.818,183000
16770595.616,183100
16770624.993,183200
16770643.758,183300
16770673.709,183400
16770703.180,183500
16770725.667,183600
16770749.145,183700
16770775.751,183800
16770802.760,183900
16770831.706,184000
16770861.226,184100
16770883.161,184200
16770907.974,184300
16770944.329,184400
16770977.273,184500
16771012.312,184600
16771045.636,184700
16771082.638,184800
16771110.442,184900
16771140.473,185000
16771174.305,185100
16771202.022,185200
16771228.790,185300
16771262.253,185400
16771287.214,185500
16771316.264,185600
16771343.736,185700
16771369.138,185800
16771395.298,185900
16771417.470,186000
16771443.040,186100
16771467.306,186200
16771495.246,186300
16771523.843,186400
16771551.167,186500
16771581.474,186600
16771609.063,186700
16771635.516,186800
16771661.126,186900
16771687.380,187000
16771711.534,187100
16771735.411,187200
16771774.861,187300
16771800.248,187400
16771825.529,187500
16771850.901,187600
16771877.293,187700
16771902.660,187800
16771929.831,187900
16771953.630,188000
16771978.864,188100
16772011.669,188200
16772034.825,188300
16772062.099,188400
16772089.573,188500
16772115.680,188600
16772143.123,188700
16772169.765,188800
16772192.337,188900
16772220.464,189000
16772244.350,189100
16772271.308,189200
16772300.161,189300
16772331.418,189400
16772360.943,189500
16772390.311,189600
16772418.751,189700
16772447.717,189800
16772480.645,189900
16772739.539,190000
16772769.374,190100
16772796.257,190200
16772822.491,190300
16772851.839,190400
16772881.635,190500
16772909.550,190600
16772939.687,190700
16772964.160,190800
16772990.623,190900
16773017.006,191000
16773041.325,191100
16773067.036,191200
16773094.023,191300
16773118.964,191400
16773146.513,191500
16773174.311,191600
16773205.895,191700
16773236.656,191800
16773263.689,191900
16773290.257,192000
16773320.973,192100
16773348.321,192200
16773374.770,192300
16773404.784,192400
16773434.436,192500
16773462.703,192600
16773490.704,192700
16773518.691,192800
16773549.007,192900
16773577.620,193000
16773604.474,193100
16773631.611,193200
16773659.507,193300
16773683.537,193400
16773711.385,193500
16773736.118,193600
16773766.025,193700
16773797.350,193800
16773825.153,193900
16773857.439,194000
16773893.524,194100
16773926.067,194200
16773961.012,194300
16773997.053,194400
16774028.102,194500
16774060.963,194600
16774092.123,194700
16774122.440,194800
16774151.497,194900
16774181.411,195000
16774214.360,195100
16774243.399,195200
16774268.635,195300
16774296.901,195400
16774324.244,195500
16774354.818,195600
16774383.258,195700
16774408.152,195800
16774437.260,195900
16774466.195,196000
16774496.076,196100
16774523.770,196200
16774553.018,196300
16774580.056,196400
16774612.943,196500
16774644.388,196600
16774670.934,196700
16774698.759,196800
16774725.991,196900
16774756.401,197000
16774784.479,197100
16774815.558,197200
16774840.674,197300
16774868.604,197400
16774900.482,197500
16774931.780,197600
16774960.098,197700
16774986.713,197800
16775016.174,197900
16775044.962,198000
16775073.924,198100
16775111.581,198200
16775139.174,198300
16775172.187,198400
16775199.266,198500
16775228.379,198600
16775258.443,198700
16775290.095,198800
16775319.350,198900
16775348.576,199000
16775374.747,199100
16775399.399,199200
16775425.803,199300
16775451.355,199400
16775483.115,199500
16775515.210,199600
16775546.256,199700
16775574.391,199800
16775601.933,199900
16775874.656,200000
16775902.788,200100
16775928.597,200200
16775959.457,200300
16775988.367,200400
16776015.103,200500
16776044.474,200600
16776075.056,200700
16776101.905,200800
16776130.060,200900
16776161.702,201000
16776187.336,201100
16776212.290,201200
16776239.056,201300
16776265.467,201400
16776296.477,201500
16776329.579,201600
16776362.003,201700
16776396.311,201800
16776432.636,201900
16776467.656,202000
16776499.208,202100
16776531.765,202200
16776567.082,202300
16776596.953,202400
16776631.293,202500
16776662.850,202600
16776691.984,202700
16776723.915,202800
16776755.454,202900
16776784.566,203000
16776817.395,203100
16776848.670,203200
16776882.571,203300
16776911.674,203400
16776943.020,203500
16776973.661,203600
16777002.221,203700
16777037.811,203800
16777064.532,203900
16777094.842,204000
16777127.643,204100
16777152.933,204200
16777182.257,204300
16777211.364,204400
16777238.660,204500
16777270.980,204600
16777301.444,204700
16777332.113,204800
16777362.020,204900
16777392.096,205000
16777420.444,205100
16777443.605,205200
16777468.623,205300
16777493.327,205400
16777518.744,205500
16777546.139,205600
16777575.940,205700
16777608.938,205800
16777638.142,205900
16777665.888,206000
16777692.240,206100
16777719.476,206200
16777747.251,206300
16777772.757,206400
16777801.343,206500
16777831.301,206600
16777863.078,206700
16777896.268,206800
16777927.775,206900
16777959.520,207000
16777988.264,207100
16778014.995,207200
16778041.286,207300
16778065.133,207400
16778088.998,207500
16778116.602,207600
16778144.424,207700
16778170.738,207800
16778198.709,207900
16778228.143,208000
16778261.029,208100
16778301.872,208200
16778336.386,208300
16778377.708,208400
16778407.121,208500
16778441.958,208600
16778475.212,208700
16778505.872,208800
16778539.368,208900
16778572.927,209000
16778604.107,209100
16778635.653,209200
16778664.571,209300
16778691.235,209400
16778720.969,209500
16778754.156,209600
16778781.377,209700
16778811.296,209800
16778841.302,209900
16779114.459,210000
16779150.304,210100
16779182.105,210200
16779214.655,210300
16779246.624,210400
16779272.960,210500
16779298.791,210600
16779327.362,210700
16779355.306,210800
16779390.561,210900
16779422.559,211000
16779455.924,211100
16779491.063,211200
16779523.015,211300
16779554.464,211400
16779588.498,211500
16779626.271,211600
16779657.153,211700
16779690.156,211800
16779723.431,211900
16779760.492,212000
16779797.465,212100
16779839.350,212200
16779875.264,212300
16779908.205,212400
16779942.505,212500
16779977.941,212600
16780016.847,212700
16780055.313,212800
16780089.863,212900
16780124.093,213000
16780161.150,213100
16780194.121,213200
16780225.394,213300
16780259.210,213400
16780293.342,213500
16780323.480,213600
16780356.113,213700
16780388.835,213800
16780422.282,213900
16780449.999,214000
16780484.070,214100
16780513.145,214200
16780545.698,214300
16780574.364,214400
16780603.408,214500
16780631.046,214600
16780658.555,214700
16780691.171,214800
16780724.616,214900
16780754.989,215000
16780789.827,215100
16780825.427,215200
16780855.540,215300
16780886.068,215400
16780918.412,215500
16780949.060,215600
16780980.163,215700
16781018.424,215800
16781050.148,215900
16781084.899,216000
16781123.315,216100
16781162.999,216200
16781198.933,216300
16781236.596,216400
16781270.060,216500
16781304.358,216600
16781340.568,216700
16781382.743,216800
16781423.972,216900
16781466.691,217000
16781507.350,217100
16781544.456,217200
16781583.123,217300
16781618.637,217400
16781656.636,217500
16781691.626,217600
16781733.323,217700
16781772.472,217800
16781807.192,217900
16781846.905,218000
16781887.009,218100
16781932.701,218200
16781968.896,218300
16782007.929,218400
16782044.681,218500
16782083.524,218600
16782121.554,218700
16782157.103,218800
16782190.930,218900
16782226.305,219000
16782269.808,219100
16782310.400,219200
16782349.292,219300
16782388.315,219400
16782421.629,219500
16782456.348,219600
16782493.410,219700
16782526.023,219800
16782561.115,219900
16782896.497,220000
16782938.273,220100
16782982.524,220200
16783026.754,220300
16783071.052,220400
16783109.022,220500
16783151.956,220600
16783189.010,220700
16783227.272,220800
16783268.674,220900
16783307.891,221000
16783349.716,221100
16783389.361,221200
16783422.948,221300
16783455.860,221400
16783485.454,221500
16783518.302,221600
16783549.499,221700
16783586.905,221800
16783625.394,221900
16783661.059,222000
16783700.412,222100
16783734.021,222200
16783773.322,222300
16783807.316,222400
16783849.443,222500
16783886.227,222600
16783923.278,222700
16783962.509,222800
16784000.301,222900
16784039.393,223000
16784072.780,223100
16784110.914,223200
16784147.748,223300
16784182.777,223400
16784221.273,223500
16784261.662,223600
16784307.694,223700
16784351.544,223800
16784392.239,223900
16784427.858,224000
16784469.682,224100
16784506.784,224200
16784547.564,224300
16784592.677,224400
16784636.518,224500
16784680.111,224600
16784723.999,224700
16784770.275,224800
16784806.887,224900
16784842.028,225000
16784881.177,225100
16784915.670,225200
16784955.591,225300
16784993.743,225400
16785038.527,225500
16785080.594,225600
16785121.098,225700
16785159.713,225800
16785198.149,225900
16785234.819,226000
16785275.585,226100
16785307.005,226200
16785339.400,226300
16785372.738,226400
16785406.178,226500
16785440.339,226600
16785475.191,226700
16785511.099,226800
16785546.673,226900
16785580.310,227000
16785617.606,227100
16785653.093,227200
16785692.842,227300
16785726.424,227400
16785764.559,227500
16785798.258,227600
16785833.259,227700
16785866.521,227800
16785907.408,227900
16785951.329,228000
16785991.258,228100
16786043.371,228200
16786090.939,228300
16786134.809,228400
16786186.147,228500
16786231.804,228600
16786273.546,228700
16786314.017,228800
16786360.794,228900
16786404.043,229000
16786441.954,229100
16786490.604,229200
16786535.566,229300
16786584.624,229400
16786633.221,229500
16786687.063,229600
16786736.199,229700
16786785.595,229800
16786839.280,229900
16787188.707,230000
16787240.963,230100
16787289.801,230200
16787342.937,230300
16787396.740,230400
16787439.834,230500
16787501.658,230600
16787551.663,230700
16787606.684,230800
16787664.822,230900
16787709.287,231000
16787756.881,231100
16787796.499,231200
16787836.097,231300
16787883.914,231400
16787931.935,231500
16787978.650,231600
16788027.211,231700
16788067.540,231800
16788119.679,231900
16788158.241,232000
16788215.693,232100
16788264.993,232200
16788303.883,232300
16788340.521,232400
16788379.492,232500
16788421.331,232600
16788465.277,232700
16788513.125,232800
16788562.015,232900
16788611.902,233000
16788655.676,233100
16788699.852,233200
16788741.312,233300
16788782.261,233400
16788825.468,233500
16788862.110,233600
16788903.941,233700
16788944.323,233800
16788989.571,233900
16789034.356,234000
16789083.509,234100
16789130.428,234200
16789180.553,234300
16789229.582,234400
16789272.048,234500
16789320.107,234600
16789365.999,234700
16789412.596,234800
16789458.312,234900
16789505.174,235000
16789554.225,235100
16789596.492,235200
16789640.244,235300
16789684.536,235400
16789732.563,235500
16789781.224,235600
16789832.068,235700
16789877.852,235800
16789924.494,235900
16789970.336,236000
16790019.790,236100
16790070.150,236200
16790120.609,236300
16790170.608,236400
16790217.830,236500
16790260.884,236600
16790307.579,236700
16790351.750,236800
16790392.803,236900
16790438.193,237000
16790487.652,237100
16790536.172,237200
16790583.843,237300
16790626.243,237400
16790672.848,237500
16790721.742,237600
16790765.459,237700
16790834.712,237800
16790877.711,237900
16790917.425,238000
16790958.783,238100
16791006.122,238200
16791049.530,238300
16791094.207,238400
16791136.145,238500
16791181.470,238600
16791223.725,238700
16791267.900,238800
16791306.931,238900
16791347.233,239000
16791383.439,239100
16791420.797,239200
16791461.638,239300
16791501.787,239400
16791540.290,239500
16791582.574,239600
16791621.150,239700
16791662.691,239800
16791702.893,239900
16792084.110,240000
16792124.517,240100
16792170.053,240200
16792213.034,240300
16792253.154,240400
16792290.832,240500
16792335.162,240600
16792375.046,240700
16792415.846,240800
16792457.975,240900
16792498.529,241000
16792538.490,241100
16792576.282,241200
16792612.671,241300
16792655.727,241400
16792695.961,241500
16792736.973,241600
16792774.313,241700
16792808.424,241800
16792846.767,241900
16792880.668,242000
16792923.438,242100
16792965.115,242200
16793014.499,242300
16793056.348,242400
16793101.590,242500
16793143.803,242600
16793181.878,242700
16793216.223,242800
16793251.161,242900
16793284.780,243000
16793322.204,243100
16793362.025,243200
16793406.179,243300
16793440.468,243400
16793483.767,243500
16793523.829,243600
16793564.099,243700
16793603.639,243800
16793645.184,243900
16793681.795,244000
16793720.970,244100
16793758.626,244200
16793800.133,244300
16793842.849,244400
16793880.668,244500
16793915.902,244600
16793952.199,244700
16793991.297,244800
16794020.623,244900
16794056.956,245000
16794088.994,245100
16794121.289,245200
16794152.314,245300
16794185.001,245400
16794217.363,245500
16794253.134,245600
16794284.920,245700
16794320.023,245800
16794355.878,245900
16794391.348,246000
16794432.313,246100
16794473.773,246200
16794522.325,246300
16794557.937,246400
16794590.173,246500
16794623.461,246600
16794659.682,246700
16794694.235,246800
16794732.763,246900
16794771.574,247000
16794809.430,247100
16794847.197,247200
16794885.872,247300
16794920.151,247400
16794955.089,247500
16794986.499,247600
16795018.893,247700
16795050.045,247800
16795082.658,247900
16795123.791,248000
16795163.967,248100
16795215.147,248200
16795255.008,248300
16795295.422,248400
16795333.235,248500
16795370.423,248600
16795405.628,248700
16795441.473,248800
16795474.024,248900
16795513.104,249000
16795548.507,249100
16795581.610,249200
16795619.933,249300
16795662.309,249400
16795705.684,249500
16795743.075,249600
16795789.100,249700
16795828.258,249800
16795870.205,249900
16796233.717,250000
16796283.086,250100
16796321.909,250200
16796359.069,250300
16796399.821,250400
16796441.741,250500
16796480.762,250600
16796519.667,250700
16796560.652,250800
16796595.947,250900
16796637.103,251000
16796672.769,251100
16796711.089,251200
16796749.731,251300
16796785.684,251400
16796816.555,251500
16796852.082,251600
16796885.897,251700
16796927.845,251800
16796977.962,251900
16797015.808,252000
16797061.508,252100
16797107.100,252200
16797152.229,252300
16797195.215,252400
16797243.381,252500
16797282.025,252600
16797321.979,252700
16797357.118,252800
16797396.322,252900
16797442.879,253000
16797487.047,253100
16797526.622,253200
16797567.945,253300
16797605.010,253400
16797649.389,253500
16797683.787,253600
16797722.977,253700
16797762.249,253800
16797803.652,253900
16797838.239,254000
16797881.529,254100
16797923.513,254200
16797967.533,254300
16798010.540,254400
16798053.549,254500
16798101.548,254600
16798144.429,254700
16798184.799,254800
16798226.146,254900
16798268.445,255000
16798313.793,255100
16798353.732,255200
16798388.114,255300
16798423.319,255400
16798459.115,255500
16798494.392,255600
16798530.132,255700
16798572.027,255800
16798613.532,255900
16798653.669,256000
16798695.607,256100
16798739.566,256200
16798782.086,256300
16798823.349,256400
16798863.339,256500
16798904.391,256600
16798947.079,256700
16798989.308,256800
16799024.716,256900
16799067.422,257000
16799105.423,257100
16799149.286,257200
16799186.126,257300
16799224.578,257400
16799262.764,257500
16799305.779,257600
16799339.384,257700
16799373.292,257800
16799404.471,257900
16799439.337,258000
16799475.356,258100
16799521.630,258200
16799557.680,258300
16799604.411,258400
16799642.181,258500
16799692.785,258600
16799737.836,258700
16799774.069,258800
16799816.830,258900
16799855.603,259000
16799898.799,259100
16799939.066,259200
16799979.533,259300
16800018.169,259400
16800057.450,259500
16800096.331,259600
16800137.070,259700
16800175.096,259800
16800215.082,259900
16800555.890,260000
16800600.234,260100
16800642.970,260200
16800693.316,260300
16800730.760,260400
16800778.179,260500
16800818.628,260600
16800857.622,260700
16800899.170,260800
16800938.037,260900
16800983.745,261000
16801022.036,261100
16801067.122,261200
16801110.081,261300
16801156.718,261400
16801198.750,261500
16801241.595,261600
16801284.537,261700
16801320.764,261800
16801367.131,261900
16801399.729,262000
16801443.638,262100
16801485.376,262200
16801532.935,262300
16801573.495,262400
16801615.242,262500
16801656.934,262600
16801702.226,262700
16801743.780,262800
16801786.411,262900
16801825.800,263000
16801859.773,263100
16801895.816,263200
16801933.208,263300
16801971.000,263400
16802011.015,263500
16802047.962,263600
16802088.621,263700
16802122.126,263800
16802160.940,263900
16802201.379,264000
16802242.986,264100
16802288.720,264200
16802331.206,264300
16802379.476,264400
16802424.251,264500
16802463.201,264600
16802508.093,264700
16802547.485,264800
16802580.841,264900
16802623.337,265000
16802668.695,265100
16802712.832,265200
16802756.567,265300
16802803.079,265400
16802845.628,265500
16802893.245,265600
16802943.758,265700
16802994.168,265800
16803036.245,265900
16803078.402,266000
16803118.831,266100
16803159.279,266200
16803203.217,266300
16803240.452,266400
16803279.715,266500
16803328.079,266600
16803373.520,266700
16803424.302,266800
16803466.406,266900
16803509.366,267000
16803546.937,267100
16803597.164,267200
16803638.074,267300
16803675.312,267400
16803713.345,267500
16803753.484,267600
16803788.804,267700
16803830.914,267800
16803866.295,267900
16803911.489,268000
16803956.384,268100
16804018.330,268200
16804073.297,268300
16804126.004,268400
16804189.423,268500
16804254.285,268600
16804316.290,268700
16804376.698,268800
16804428.503,268900
16804471.013,269000
16804526.120,269100
16804571.657,269200
16804622.485,269300
16804671.151,269400
16804734.616,269500
16804786.671,269600
16804844.371,269700
16804897.868,269800
16804936.785,269900
16805387.710,270000
16805435.037,270100
16805491.265,270200
16805555.124,270300
16805639.763,270400
16805717.362,270500
16805783.394,270600
16805842.470,270700
16805931.008,270800
16805994.826,270900
16806053.629,271000
16806109.321,271100
16806163.376,271200
16806216.637,271300
16806271.554,271400
16806327.493,271500
16806386.738,271600
16806452.974,271700
16806514.059,271800
16806579.637,271900
16806646.623,272000
16806706.782,272100
16806778.480,272200
16806840.962,272300
16806892.929,272400
16806942.483,272500
16806998.844,272600
16807054.293,272700
16807108.152,272800
16807161.210,272900
16807217.869,273000
16807283.008,273100
16807344.929,273200
16807406.375,273300
16807449.556,273400
16807502.155,273500
16807553.492,273600
16807601.803,273700
16807643.915,273800
16807684.457,273900
16807734.501,274000
16807792.080,274100
16807837.744,274200
16807893.968,274300
16807944.332,274400
16807988.137,274500
16808040.751,274600
16808095.896,274700
16808150.446,274800
16808202.519,274900
16808256.410,275000
16808312.469,275100
16808365.816,275200
16808423.907,275300
16808479.639,275400
16808530.787,275500
16808587.332,275600
16808646.737,275700
16808692.353,275800
16808740.495,275900
16808792.004,276000
16808842.804,276100
16808901.396,276200
16808956.041,276300
16809001.737,276400
16809053.073,276500
16809106.873,276600
16809158.351,276700
16809211.663,276800
16809262.958,276900
16809310.156,277000
16809359.387,277100
16809412.016,277200
16809460.863,277300
16809505.925,277400
16809563.707,277500
16809615.546,277600
16809670.337,277700
16809722.451,277800
16809773.761,277900
16809820.088,278000
16809853.258,278100
16809943.039,278200
16810000.872,278300
16810056.575,278400
16810112.842,278500
16810163.602,278600
16810220.328,278700
16810272.563,278800
16810333.092,278900
16810399.784,279000
16810449.516,279100
16810509.074,279200
16810573.917,279300
16810623.266,279400
16810668.270,279500
16810712.999,279600
16810759.843,279700
16810812.120,279800
16810858.233,279900
16811398.503,280000
16811455.139,280100
16811500.445,280200
16811551.569,280300
16811612.490,280400
16811666.090,280500
16811721.957,280600
16811772.206,280700
16811818.256,280800
16811873.630,280900
16811923.528,281000
16811975.575,281100
16812024.117,281200
16812071.845,281300
16812123.361,281400
16812171.969,281500
16812235.354,281600
16812291.365,281700
16812346.906,281800
16812394.643,281900
16812444.821,282000
16812500.099,282100
16812553.280,282200
16812603.497,282300
16812654.219,282400
16812702.311,282500
16812753.856,282600
16812806.478,282700
16812859.192,282800
16812917.044,282900
16812976.776,283000
16813031.454,283100
16813087.349,283200
16813142.329,283300
16813187.984,283400
16813236.986,283500
16813282.158,283600
16813336.419,283700
16813385.203,283800
16813430.869,283900
16813486.338,284000
16813543.987,284100
16813603.643,284200
16813660.115,284300
16813724.874,284400
16813782.083,284500
16813839.768,284600
16813900.717,284700
16813951.314,284800
16814005.605,284900
16814060.701,285000
16814119.586,285100
16814180.758,285200
16814235.169,285300
16814296.182,285400
16814371.086,285500
16814429.240,285600
16814487.716,285700
16814543.137,285800
16814600.031,285900
16814650.289,286000
16814695.439,286100
16814742.204,286200
16814798.429,286300
16814859.560,286400
16814919.762,286500
16814977.831,286600
16815029.359,286700
16815090.376,286800
16815146.924,286900
16815209.714,287000
16815274.987,287100
16815323.628,287200
16815372.804,287300
16815424.616,287400
16815478.372,287500
16815531.827,287600
16815596.508,287700
16815664.665,287800
16815728.774,287900
16815787.019,288000
16815842.021,288100
16815905.407,288200
16815956.439,288300
16816032.913,288400
16816093.299,288500
16816153.523,288600
16816221.472,288700
16816299.642,288800
16816376.411,288900
16816444.985,289000
16816516.540,289100
16816578.518,289200
16816636.854,289300
16816700.274,289400
16816759.472,289500
16816817.166,289600
16816872.177,289700
16816927.524,289800
16816995.365,289900
16817563.777,290000
16817643.228,290100
16817709.692,290200
16817770.953,290300
16817831.244,290400
16817912.517,290500
16817987.669,290600
16818039.158,290700
16818094.969,290800
16818149.189,290900
16818202.385,291000
16818273.924,291100
16818328.213,291200
16818391.383,291300
16818458.154,291400
16818516.889,291500
16818583.052,291600
16818638.495,291700
16818692.224,291800
16818758.976,291900
16818801.637,292000
16818850.111,292100
16818910.048,292200
16818967.036,292300
16819034.016,292400
16819101.022,292500
16819162.443,292600
16819230.871,292700
16819292.031,292800
16819350.517,292900
16819409.772,293000
16819459.044,293100
16819511.156,293200
16819571.712,293300
16819624.115,293400
16819683.255,293500
16819739.706,293600
16819804.416,293700
16819858.625,293800
16819912.283,293900
16819965.140,294000
16820025.814,294100
16820079.393,294200
16820129.156,294300
16820185.891,294400
16820237.251,294500
16820296.296,294600
16820354.701,294700
16820418.481,294800
16820486.054,294900
16820549.109,295000
16820609.878,295100
16820683.501,295200
16820738.944,295300
16820795.189,295400
16820843.607,295500
16820886.223,295600
16820943.650,295700
16821000.900,295800
16821062.681,295900
16821117.334,296000
16821185.730,296100
16821250.175,296200
16821305.873,296300
16821364.962,296400
16821418.482,296500
16821476.178,296600
16821530.943,296700
16821576.131,296800
16821633.706,296900
16821688.703,297000
16821749.662,297100
16821819.075,297200
16821874.292,297300
16821939.876,297400
16822000.080,297500
16822065.222,297600
16822125.537,297700
16822176.460,297800
16822231.469,297900
16822287.275,298000
16822342.420,298100
16822413.328,298200
16822468.572,298300
16822531.457,298400
16822597.020,298500
16822661.277,298600
16822715.069,298700
16822763.980,298800
16822817.303,298900
16822874.866,299000
16822930.772,299100
16822996.961,299200
16823057.388,299300
16823106.350,299400
16823171.145,299500
16823231.147,299600
16823288.681,299700
16823351.199,299800
16823411.461,299900
16824026.374,300000
16824081.246,300100
16824132.273,300200
16824198.876,300300
16824261.983,300400
16824327.027,300500
16824389.188,300600
16824452.559,300700
16824518.000,300800
16824579.875,300900
16824634.443,301000
16824701.335,301100
16824754.340,301200
16824816.722,301300
16824870.368,301400
16824932.036,301500
16824998.368,301600
16825059.044,301700
16825125.177,301800
16825188.010,301900
16825250.828,302000
16825312.570,302100
16825375.922,302200
16825442.451,302300
16825492.933,302400
16825547.864,302500
16825608.203,302600
16825665.792,302700
16825729.408,302800
16825798.564,302900
16825859.630,303000
16825922.356,303100
16825985.181,303200
16826039.127,303300
16826102.303,303400
16826164.707,303500
16826219.823,303600
16826281.556,303700
16826341.225,303800
16826399.719,303900
16826461.788,304000
16826527.468,304100
16826578.031,304200
16826648.165,304300
16826716.178,304400
16826780.548,304500
16826848.241,304600
16826901.896,304700
16826953.667,304800
16827018.401,304900
16827080.314,305000
16827136.857,305100
16827209.327,305200
16827269.381,305300
16827329.222,305400
16827390.127,305500
16827452.202,305600
16827507.366,305700
16827560.422,305800
16827605.813,305900
16827662.984,306000
16827721.625,306100
16827779.069,306200
16827840.803,306300
16827902.730,306400
16827961.005,306500
16828026.014,306600
16828089.707,306700
16828148.964,306800
16828197.873,306900
16828251.313,307000
16828302.601,307100
16828346.894,307200
16828406.044,307300
16828456.662,307400
16828513.542,307500
16828567.705,307600
16828620.529,307700
16828682.192,307800
16828740.774,307900
16828801.085,308000
16828849.637,308100
16828912.876,308200
16828961.352,308300
16829014.873,308400
16829073.759,308500
16829138.903,308600
16829218.636,308700
16829292.824,308800
16829355.369,308900
16829419.103,309000
16829484.617,309100
16829543.856,309200
16829594.914,309300
16829654.041,309400
16829718.844,309500
16829776.665,309600
16829849.896,309700
16829915.641,309800
16829982.017,309900
16830564.890,310000
16830635.558,310100
16830702.103,310200
16830769.508,310300
16830835.108,310400
16830894.661,310500
16830957.774,310600
16831023.640,310700
16831090.085,310800
16831153.917,310900
16831206.062,311000
16831275.451,311100
16831333.732,311200
16831394.029,311300
16831452.176,311400
16831498.718,311500
16831552.171,311600
16831607.331,311700
16831668.701,311800
16831736.550,311900
16831802.200,312000
16831866.621,312100
16831933.663,312200
16832000.440,312300
16832062.546,312400
16832131.211,312500
16832193.882,312600
16832245.868,312700
16832314.618,312800
16832381.027,312900
16832437.730,313000
16832500.171,313100
16832552.656,313200
16832611.372,313300
16832677.190,313400
16832733.284,313500
16832797.750,313600
16832852.808,313700
16832906.059,313800
16832975.659,313900
16833049.541,314000
16833129.582,314100
16833202.149,314200
16833270.779,314300
16833326.290,314400
16833387.684,314500
16833451.507,314600
16833501.760,314700
16833553.428,314800
16833602.646,314900
16833665.886,315000
16833729.109,315100
16833786.056,315200
16833854.124,315300
16833916.855,315400
16833992.543,315500
16834057.866,315600
16834123.981,315700
16834185.314,315800
16834276.925,315900
16834338.891,316000
16834399.951,316100
16834458.693,316200
16834516.064,316300
16834571.612,316400
16834629.897,316500
16834696.034,316600
16834765.999,316700
16834832.119,316800
16834892.927,316900
16834963.091,317000
16835016.796,317100
16835071.871,317200
16835133.626,317300
16835198.506,317400
16835265.355,317500
16835327.980,317600
16835388.508,317700
16835454.735,317800
16835506.639,317900
16835570.487,318000
16835622.415,318100
16835686.539,318200
16835739.137,318300
16835785.775,318400
16835841.398,318500
16835902.753,318600
16835971.799,318700
16836043.602,318800
16836100.987,318900
16836160.254,319000
16836220.874,319100
16836279.739,319200
16836352.916,319300
16836404.899,319400
16836466.124,319500
16836538.208,319600
16836598.760,319700
16836675.611,319800
16836763.179,319900
16837404.538,320000
16837482.970,320100
16837544.206,320200
16837600.634,320300
16837666.154,320400
16837714.911,320500
16837776.281,320600
16837854.805,320700
16837928.478,320800
16837999.556,320900
16838077.673,321000
16838137.012,321100
16838191.937,321200
16838254.269,321300
16838320.971,321400
16838381.527,321500
16838446.251,321600
16838499.709,321700
16838553.610,321800
16838616.831,321900
16838680.220,322000
16838751.607,322100
16838821.188,322200
16838898.634,322300
16838972.272,322400
16839035.401,322500
16839106.386,322600
16839175.615,322700
16839250.105,322800
16839319.176,322900
16839404.807,323000
16839479.078,323100
16839552.060,323200
16839622.611,323300
16839696.765,323400
16839764.896,323500
16839834.612,323600
16839908.136,323700
16839978.948,323800
16840038.041,323900
16840117.288,324000
16840186.745,324100
16840263.488,324200
16840332.544,324300
16840403.300,324400
16840484.969,324500
16840557.657,324600
16840621.148,324700
16840686.981,324800
16840751.862,324900
16840816.870,325000
16840892.933,325100
16840965.341,325200
16841040.518,325300
16841115.976,325400
16841192.691,325500
16841256.571,325600
16841327.224,325700
16841398.319,325800
16841457.547,325900
16841521.207,326000
16841605.851,326100
16841675.899,326200
16841746.465,326300
16841815.362,326400
16841876.212,326500
16841951.422,326600
16842017.750,326700
16842077.092,326800
16842144.365,326900
16842207.730,327000
16842282.849,327100
16842345.415,327200
16842421.647,327300
16842498.363,327400
16842568.107,327500
16842634.594,327600
16842696.657,327700
16842764.948,327800
16842831.051,327900
16842897.630,328000
16842963.196,328100
16843038.680,328200
16843114.618,328300
16843188.338,328400
16843250.628,328500
16843320.262,328600
16843387.854,328700
16843456.131,328800
16843536.189,328900
16843616.592,329000
16843684.092,329100
16843750.696,329200
16843827.760,329300
16843893.702,329400
16843970.915,329500
16844048.976,329600
16844120.401,329700
16844210.624,329800
16844288.051,329900
16844947.717,330000
16845031.407,330100
16845104.504,330200
16845185.455,330300
16845264.360,330400
16845347.823,330500
16845419.690,330600
16845497.527,330700
16845578.933,330800
16845649.200,330900
16845725.916,331000
16845788.980,331100
16845854.387,331200
16845927.478,331300
16846004.418,331400
16846086.202,331500
16846166.128,331600
16846240.053,331700
16846312.724,331800
16846387.348,331900
16846452.473,332000
16846534.483,332100
16846596.543,332200
16846664.327,332300
16846752.231,332400
16846842.771,332500
16846917.708,332600
16847013.408,332700
16847097.300,332800
16847180.692,332900
16847256.759,333000
16847330.858,333100
16847404.616,333200
16847491.645,333300
16847561.973,333400
16847640.696,333500
16847719.272,333600
16847786.900,333700
16847873.305,333800
16847940.057,333900
16848013.321,334000
16848096.224,334100
16848156.665,334200
16848235.276,334300
16848319.737,334400
16848412.135,334500
16848491.521,334600
16848575.923,334700
16848661.254,334800
16848744.014,334900
16848820.382,335000
16848891.385,335100
16848966.637,335200
16849047.278,335300
16849127.009,335400
16849201.965,335500
16849277.665,335600
16849350.676,335700
16849412.390,335800
16849475.573,335900
16849537.058,336000
16849606.611,336100
16849675.115,336200
16849729.825,336300
16849806.366,336400
16849868.240,336500
16849941.314,336600
16850014.409,336700
16850082.525,336800
16850143.593,336900
16850197.701,337000
16850260.082,337100
16850336.675,337200
16850402.454,337300
16850471.026,337400
16850548.205,337500
16850619.967,337600
16850697.617,337700
16850758.648,337800
16850831.170,337900
16850910.686,338000
16850988.170,338100
16851080.559,338200
16851161.129,338300
16851239.960,338400
16851306.986,338500
16851383.074,338600
16851455.266,338700
16851558.119,338800
16851638.431,338900
16851722.421,339000
16851811.387,339100
16851886.732,339200
16852055.187,339300
16852147.201,339400
16852209.234,339500
16852286.515,339600
16852369.365,339700
16852456.488,339800
16852538.552,339900
16853370.175,340000
16853466.197,340100
16853552.298,340200
16853643.089,340300
16853723.917,340400
16853824.839,340500
16853927.165,340600
16854011.334,340700
16854087.826,340800
16854151.498,340900
16854213.192,341000
16854285.324,341100
16854357.468,341200
16854431.303,341300
16854512.564,341400
16854565.859,341500
16854646.606,341600
16854719.778,341700
16854808.525,341800
16854881.213,341900
16854959.804,342000
16855036.136,342100
16855105.054,342200
16855172.364,342300
16855237.595,342400
16855306.207,342500
16855398.982,342600
16855475.056,342700
16855554.031,342800
16855632.087,342900
16855710.009,343000
16855788.909,343100
16855870.577,343200
16855958.483,343300
16856049.602,343400
16856132.296,343500
16856228.993,343600
16856312.089,343700
16856398.276,343800
16856485.030,343900
16856574.280,344000
16856655.818,344100
16856723.991,344200
16856802.801,344300
16856874.387,344400
16856963.026,344500
16857056.165,344600
16857126.397,344700
16857209.079,344800
16857301.422,344900
16857386.871,345000
16857459.790,345100
16857543.381,345200
16857625.769,345300
16857699.671,345400
16857783.735,345500
16857872.907,345600
16857942.372,345700
16858037.460,345800
16858124.149,345900
16858205.222,346000
16858293.960,346100
16858380.752,346200
16858473.781,346300
16858564.173,346400
16858649.298,346500
16858738.078,346600
16858810.407,346700
16858899.451,346800
16858993.724,346900
16859083.957,347000
16859164.688,347100
16859252.832,347200
16859342.157,347300
16859424.124,347400
16859513.518,347500
16859598.920,347600
16859667.032,347700
16859749.316,347800
16859844.514,347900
16859919.882,348000
16860001.516,348100
16860094.813,348200
16860183.886,348300
16860272.882,348400
16860359.319,348500
16860440.264,348600
16860517.214,348700
16860596.375,348800
16860685.275,348900
16860742.068,349000
16860817.454,349100
16860884.600,349200
16860955.685,349300
16861044.760,349400
16861107.090,349500
16861182.908,349600
16861262.637,349700
16861327.988,349800
16861415.077,349900
16862251.673,350000
16862336.363,350100
16862436.146,350200
16862548.788,350300
16862628.750,350400
16862702.855,350500
16862794.686,350600
16862876.485,350700
16862944.632,350800
16863033.214,350900
16863116.302,351000
16863196.197,351100
16863285.516,351200
16863379.281,351300
16863459.455,351400
16863543.814,351500
16863623.346,351600
16863709.591,351700
16863775.634,351800
16863862.975,351900
16863945.897,352000
16864025.104,352100
16864115.258,352200
16864200.895,352300
16864274.571,352400
16864358.587,352500
16864432.679,352600
16864517.387,352700
16864594.656,352800
16864678.008,352900
16864757.876,353000
16864828.443,353100
16864915.931,353200
16864997.277,353300
16865082.375,353400
16865178.433,353500
16865262.615,353600
16865341.379,353700
16865410.296,353800
16865490.804,353900
16865582.159,354000
16865658.177,354100
16865749.351,354200
16865846.453,354300
16865936.078,354400
16866004.398,354500
16866077.701,354600
16866165.195,354700
16866236.776,354800
16866321.246,354900
16866413.655,355000
16866493.746,355100
16866571.669,355200
16866656.157,355300
16866735.860,355400
16866815.054,355500
16866913.745,355600
16866995.068,355700
16867080.162,355800
16867161.706,355900
16867255.431,356000
16867339.675,356100
16867419.537,356200
16867491.933,356300
16867560.801,356400
16867638.988,356500
16867713.928,356600
16867804.547,356700
16867869.665,356800
16867950.525,356900
16868030.038,357000
16868105.183,357100
16868190.303,357200
16868266.451,357300
16868331.262,357400
16868412.571,357500
16868500.999,357600
16868583.961,357700
16868666.190,357800
16868758.893,357900
16868842.503,358000
16868925.453,358100
16869028.242,358200
16869122.228,358300
16869209.736,358400
16869293.381,358500
16869391.187,358600
16869488.755,358700
16869561.664,358800
16869649.816,358900
16869754.387,359000
16869846.556,359100
16869940.228,359200
16870035.559,359300
16870128.681,359400
16870206.741,359500
16870296.919,359600
16870371.352,359700
16870436.815,359800
16870522.676,359900
16871358.746,360000
16871455.499,360100
16871548.678,360200
16871656.367,360300
16871747.300,360400
16871837.585,360500
16871927.166,360600
16872016.874,360700
16872096.015,360800
16872168.252,360900
16872260.421,361000
16872362.135,361100
16872455.546,361200
16872573.002,361300
16872664.046,361400
16872751.645,361500
16872842.049,361600
16872938.212,361700
16873030.379,361800
16873108.405,361900
16873193.328,362000
16873296.800,362100
16873395.738,362200
16873466.219,362300
16873552.298,362400
16873629.360,362500
16873704.517,362600
16873793.081,362700
16873890.286,362800
16873959.864,362900
16874048.523,363000
16874146.636,363100
16874234.672,363200
16874337.439,363300
16874442.528,363400
16874529.430,363500
16874613.844,363600
16874706.921,363700
16874796.544,363800
16874864.658,363900
16874957.131,364000
16875044.485,364100
16875156.589,364200
16875269.228,364300
16875378.864,364400
16875488.373,364500
16875607.093,364600
16875708.931,364700
16875816.538,364800
16875933.837,364900
16876045.756,365000
16876176.024,365100
16876280.843,365200
16876375.433,365300
16876474.728,365400
16876571.623,365500
16876666.776,365600
16876756.880,365700
16876855.323,365800
16876942.344,365900
16877036.842,366000
16877125.476,366100
16877218.183,366200
16877304.715,366300
16877403.631,366400
16877496.893,366500
16877575.105,366600
16877659.824,366700
16877740.914,366800
16877821.032,366900
16877899.128,367000
16877993.465,367100
16878091.706,367200
16878188.042,367300
16878294.206,367400
16878440.057,367500
16878581.265,367600
16878705.331,367700
16878829.601,367800
16878976.302,367900
16879113.994,368000
16879194.873,368100
16879297.222,368200
16879389.316,368300
16879535.151,368400
16879669.819,368500
16879814.500,368600
16879961.670,368700
16880069.343,368800
16880145.922,368900
16880220.286,369000
16880299.888,369100
16880376.520,369200
16880476.526,369300
16880547.162,369400
16880645.387,369500
16880746.517,369600
16880824.340,369700
16880910.320,369800
16881004.805,369900
16882242.162,370000
16882331.456,370100
16882432.396,370200
16882532.268,370300
16882618.457,370400
16882713.263,370500
16882804.978,370600
16882882.237,370700
16882976.356,370800
16883054.678,370900
16883134.836,371000
16883219.514,371100
16883308.258,371200
16883391.865,371300
16883489.198,371400
16883585.986,371500
16883656.908,371600
16883740.556,371700
16883831.812,371800
16883918.210,371900
16883999.702,372000
16884078.502,372100
16884150.186,372200
16884240.091,372300
16884322.019,372400
16884426.922,372500
16884512.286,372600
16884631.943,372700
16884744.713,372800
16884833.644,372900
16884900.614,373000
16884980.497,373100
16885075.475,373200
16885149.198,373300
16885241.331,373400
16885333.840,373500
16885436.747,373600
16885531.994,373700
16885630.504,373800
16885723.407,373900
16885810.131,374000
16885913.501,374100
16886011.784,374200
16886106.749,374300
16886203.723,374400
16886299.926,374500
16886403.627,374600
16886515.711,374700
16886611.866,374800
16886725.340,374900
16886828.735,375000
16886927.755,375100
16887018.934,375200
16887108.853,375300
16887211.760,375400
16887316.053,375500
16887399.310,375600
16887497.983,375700
16887577.494,375800
16887659.614,375900
16887756.932,376000
16887839.844,376100
16887924.487,376200
16888018.799,376300
16888096.162,376400
16888207.134,376500
16888302.248,376600
16888389.155,376700
16888495.105,376800
16888591.802,376900
16888673.647,377000
16888772.832,377100
16888873.405,377200
16888954.389,377300
16889022.352,377400
16889113.573,377500
16889203.815,377600
16889290.424,377700
16889399.964,377800
16889515.870,377900
16889617.816,378000
16889726.708,378100
16889843.191,378200
16889956.725,378300
16890053.092,378400
16890156.375,378500
16890261.892,378600
16890359.434,378700
16890461.031,378800
16890566.049,378900
16890668.161,379000
16890764.340,379100
16890874.332,379200
16891004.096,379300
16891123.453,379400
16891231.694,379500
16891326.393,379600
16891436.506,379700
16891562.349,379800
16891678.072,379900
16892654.393,380000
16892782.461,380100
16892887.531,380200
16893010.143,380300
16893117.048,380400
16893209.166,380500
16893328.146,380600
16893434.594,380700
16893539.729,380800
16893650.784,380900
16893768.663,381000
16893884.718,381100
16894001.795,381200
16894104.040,381300
16894209.007,381400
16894304.066,381500
16894409.646,381600
16894518.722,381700
16894637.925,381800
16894765.245,381900
16894895.207,382000
16895041.997,382100
16895162.953,382200
16895293.487,382300
16895410.189,382400
16895512.264,382500
16895619.561,382600
16895734.041,382700
16895851.580,382800
16895953.663,382900
16896084.637,383000
16896184.524,383100
16896285.190,383200
16896392.689,383300
16896483.515,383400
16896598.545,383500
16896702.134,383600
16896801.978,383700
16896898.538,383800
16896999.771,383900
16897091.914,384000
16897218.509,384100
16897326.293,384200
16897417.105,384300
16897527.060,384400
16897629.321,384500
16897715.371,384600
16897810.645,384700
16897892.549,384800
16897994.822,384900
16898086.149,385000
16898182.110,385100
16898289.279,385200
16898395.190,385300
16898491.242,385400
16898602.921,385500
16898702.793,385600
16898816.944,385700
16898928.452,385800
16899013.043,385900
16899125.406,386000
16899242.070,386100
16899334.515,386200
16899450.271,386300
16899559.495,386400
16899665.364,386500
16899780.764,386600
16899887.362,386700
16900000.025,386800
16900106.909,386900
16900202.690,387000
16900313.964,387100
16900431.132,387200
16900557.601,387300
16900663.655,387400
16900786.443,387500
16900905.179,387600
16901006.351,387700
16901106.168,387800
16901217.089,387900
16901350.822,388000
16901466.372,388100
16901598.920,388200
16901726.253,388300
16901852.194,388400
16901951.863,388500
16902068.850,388600
16902191.640,388700
16902321.651,388800
16902440.340,388900
16902555.940,389000
16902671.302,389100
16902803.839,389200
16902917.571,389300
16903020.651,389400
16903141.907,389500
16903284.378,389600
16903422.002,389700
16903541.320,389800
16903671.350,389900
16904835.868,390000
16904980.852,390100
16905092.349,390200
16905208.245,390300
16905307.435,390400
16905409.188,390500
16905512.058,390600
16905640.718,390700
16905755.431,390800
16905873.548,390900
16905982.693,391000
16906089.665,391100
16906185.165,391200
16906281.922,391300
16906397.290,391400
16906507.890,391500
16906627.972,391600
16906719.851,391700
16906828.863,391800
16906947.358,391900
16907065.395,392000
16907169.279,392100
16907298.283,392200
16907408.552,392300
16907525.796,392400
16907650.375,392500
16907759.941,392600
16907867.548,392700
16907971.064,392800
16908090.321,392900
16908199.684,393000
16908312.056,393100
16908426.575,393200
16908558.031,393300
16908696.871,393400
16908824.449,393500
16908940.862,393600
16909067.820,393700
16909197.239,393800
16909309.579,393900
16909443.029,394000
16909594.341,394100
16909755.870,394200
16909894.003,394300
16910039.839,394400
16910158.987,394500
16910274.524,394600
16910390.922,394700
16910494.586,394800
16910613.028,394900
16910731.933,395000
16910868.407,395100
16910993.162,395200
16911117.823,395300
16911257.928,395400
16911388.999,395500
16911501.193,395600
16911638.477,395700
16911742.929,395800
16911841.070,395900
16911947.904,396000
16912065.790,396100
16912216.285,396200
16912359.649,396300
16912501.208,396400
16912627.245,396500
16912734.970,396600
16912849.129,396700
16912952.377,396800
16913066.139,396900
16913181.650,397000
16913286.373,397100
16913412.499,397200
16913526.501,397300
16913652.460,397400
16913775.901,397500
16913891.167,397600
16914010.308,397700
16914140.604,397800
16914248.515,397900
16914374.285,398000
16914489.949,398100
16914625.666,398200
16914736.633,398300
16914845.676,398400
16914969.279,398500
16915110.065,398600
16915238.399,398700
16915381.438,398800
16915518.390,398900
16915630.828,399000
16915750.252,399100
16915883.624,399200
16916019.362,399300
16916149.079,399400
16916301.869,399500
16916453.456,399600
16916599.537,399700
16916754.700,399800
16916901.733,399900
16918300.749,400000
16918452.797,400100
16918613.210,400200
16918746.614,400300
16918868.015,400400
16919024.385,400500
16919186.911,400600
16919343.647,400700
16919493.272,400800
16919628.421,400900
16919776.244,401000
16919922.369,401100
16920045.317,401200
16920188.837,401300
16920300.617,401400
16920428.703,401500
16920551.000,401600
16920685.838,401700
16920807.336,401800
16920963.799,401900
16921086.035,402000
16921214.567,402100
16921315.664,402200
16921425.215,402300
16921536.242,402400
16921652.204,402500
16921775.220,402600
16921909.442,402700
16922020.412,402800
16922124.558,402900
16922248.079,403000
16922376.328,403100
16922483.124,403200
16922617.421,403300
16922730.862,403400
16922840.207,403500
16922965.983,403600
16923093.899,403700
16923211.624,403800
16923332.998,403900
16923450.578,404000
16923572.993,404100
16923676.006,404200
16923788.400,404300
16923913.741,404400
16924026.787,404500
16924142.493,404600
16924277.266,404700
16924380.864,404800
16924540.646,404900
16924675.907,405000
16924808.920,405100
16924944.251,405200
16925063.455,405300
16925204.970,405400
16925363.223,405500
16925483.261,405600
16925597.756,405700
16925714.303,405800
16925838.867,405900
16925949.756,406000
16926078.870,406100
16926203.824,406200
16926315.295,406300
16926442.684,406400
16926548.636,406500
16926647.375,406600
16926756.871,406700
16926881.978,406800
16927008.946,406900
16927140.781,407000
16927240.724,407100
16927369.826,407200
16927488.977,407300
16927602.510,407400
16927733.918,407500
16927856.950,407600
16927956.425,407700
16928086.788,407800
16928219.936,407900
16928333.635,408000
16928468.699,408100
16928588.849,408200
16928699.482,408300
16928831.427,408400
16928957.386,408500
16929069.933,408600
16929183.913,408700
16929311.954,408800
16929455.803,408900
16929584.737,409000
16929718.956,409100
16929867.838,409200
16930005.003,409300
16930152.333,409400
16930277.827,409500
16930410.801,409600
16930521.643,409700
16930640.394,409800
16930771.543,409900
16932293.903,410000
16932456.602,410100
16932578.679,410200
16932716.341,410300
16932843.492,410400
16932950.283,410500
16933081.618,410600
16933196.657,410700
16933298.893,410800
16933407.844,410900
16933517.584,411000
16933633.655,411100
16933765.795,411200
16933886.190,411300
16934019.810,411400
16934145.839,411500
16934260.805,411600
16934387.945,411700
16934517.310,411800
16934643.198,411900
16934774.212,412000
16934914.750,412100
16935051.833,412200
16935181.053,412300
16935326.992,412400
16935467.650,412500
16935592.439,412600
16935722.724,412700
16935857.416,412800
16935956.819,412900
16936058.118,413000
16936148.878,413100
16936285.398,413200
16936412.339,413300
16936553.748,413400
16936682.766,413500
16936819.632,413600
16936975.756,413700
16937111.925,413800
16937231.823,413900
16937366.438,414000
16937516.928,414100
16937640.526,414200
16937788.893,414300
16937922.762,414400
16938055.144,414500
16938182.671,414600
16938315.419,414700
16938450.796,414800
16938557.394,414900
16938675.862,415000
16938797.801,415100
16938930.732,415200
16939057.671,415300
16939190.133,415400
16939306.265,415500
16939432.547,415600
16939570.108,415700
16939684.492,415800
16939802.063,415900
16939942.658,416000
16940087.725,416100
16940234.722,416200
16940377.801,416300
16940529.278,416400
16940688.152,416500
16940835.878,416600
16941005.837,416700
16941154.834,416800
16941279.306,416900
16941408.839,417000
16941531.204,417100
16941650.516,417200
16941798.009,417300
16941939.713,417400
16942082.306,417500
16942240.058,417600
16942384.293,417700
16942537.986,417800
16942666.547,417900
16942788.471,418000
16942917.227,418100
16943044.802,418200
16943181.034,418300
16943301.246,418400
16943440.265,418500
16943562.985,418600
16943702.517,418700
16943808.384,418800
16943941.904,418900
16944058.205,419000
16944156.354,419100
16944274.288,419200
16944390.074,419300
16944535.543,419400
16944662.364,419500
16944784.835,419600
16944923.405,419700
16945055.961,419800
16945186.387,419900
16946572.273,420000
16946695.461,420100
16946822.226,420200
16946960.560,420300
16947093.033,420400
16947236.023,420500
16947381.431,420600
16947509.132,420700
16947653.701,420800
16947781.004,420900
16947904.851,421000
16948026.713,421100
16948153.088,421200
16948283.843,421300
16948416.834,421400
16948558.103,421500
16948691.410,421600
16948830.660,421700
16948965.131,421800
16949111.723,421900
16949248.409,422000
16949374.986,422100
16949513.093,422200
16949650.382,422300
16949796.283,422400
16949944.564,422500
16950083.724,422600
16950211.750,422700
16950346.087,422800
16950476.491,422900
16950615.648,423000
16950752.971,423100
16950893.857,423200
16951016.777,423300
16951161.504,423400
16951289.637,423500
16951415.308,423600
16951537.680,423700
16951647.824,423800
16951767.561,423900
16951876.283,424000
16951992.979,424100
16952108.665,424200
16952248.704,424300
16952368.828,424400
16952514.625,424500
16952642.942,424600
16952780.871,424700
16952904.243,424800
16953038.021,424900
16953140.379,425000
16953262.986,425100
16953374.141,425200
16953488.872,425300
16953628.912,425400
16953769.334,425500
16953911.625,425600
16954048.672,425700
16954181.503,425800
16954303.263,425900
16954421.308,426000
16954542.291,426100
16954651.397,426200
16954764.673,426300
16954895.481,426400
16955011.566,426500
16955142.622,426600
16955268.133,426700
16955387.552,426800
16955538.810,426900
16955675.188,427000
16955793.164,427100
16955899.873,427200
16956010.004,427300
16956129.625,427400
16956256.835,427500
16956388.227,427600
16956529.960,427700
16956661.917,427800
16956794.740,427900
16956917.343,428000
16957046.303,428100
16957169.948,428200
16957275.888,428300
16957395.957,428400
16957540.070,428500
16957673.600,428600
16957807.156,428700
16957920.354,428800
16958059.289,428900
16958186.634,429000
16958311.218,429100
16958426.887,429200
16958535.253,429300
16958648.498,429400
16958762.415,429500
16958900.956,429600
16959012.616,429700
16959133.545,429800
16959255.027,429900
16960795.561,430000
16960941.092,430100
16961077.444,430200
16961216.953,430300
16961339.691,430400
16961476.454,430500
16961619.521,430600
16961751.168,430700
16961874.482,430800
16961998.790,430900
16962116.527,431000
16962242.732,431100
16962380.492,431200
16962495.057,431300
16962580.693,431400
16962690.916,431500
16962811.610,431600
16962952.171,431700
16963083.092,431800
16963198.412,431900
16963341.459,432000
16963475.435,432100
16963623.020,432200
16963748.335,432300
16963864.650,432400
16963973.418,432500
16964116.394,432600
16964260.209,432700
16964384.974,432800
16964525.527,432900
16964650.456,433000
16964776.887,433100
16964912.287,433200
16965049.291,433300
16965185.585,433400
16965309.475,433500
16965414.883,433600
16965537.268,433700
16965677.023,433800
16965822.559,433900
16965970.789,434000
16966109.062,434100
16966247.904,434200
16966392.857,434300
16966538.875,434400
16966666.547,434500
16966793.281,434600
16966927.492,434700
16967078.024,434800
16967214.763,434900
16967344.639,435000
16967502.178,435100
16967656.796,435200
16967794.078,435300
16967900.001,435400
16968041.175,435500
16968170.199,435600
16968334.474,435700
16968511.309,435800
16968674.812,435900
16968867.229,436000
16969044.500,436100
16969202.661,436200
16969342.602,436300
16969472.161,436400
16969607.130,436500
16969717.175,436600
16969822.243,436700
16969964.010,436800
16970096.963,436900
16970258.777,437000
16970399.361,437100
16970531.832,437200
16970677.486,437300
16970832.338,437400
16970961.157,437500
16971084.360,437600
16971221.725,437700
16971359.911,437800
16971499.410,437900
16971650.759,438000
16971801.082,438100
16971941.591,438200
16972083.310,438300
16972210.764,438400
16972336.569,438500
16972469.026,438600
16972592.319,438700
16972732.446,438800
16972860.346,438900
16973010.922,439000
16973318.547,439100
16973563.700,439200
16973722.750,439300
16973863.643,439400
16974022.545,439500
16974178.411,439600
16974316.101,439700
16974462.953,439800
16974620.183,439900
16976644.512,440000
16976833.709,440100
16977006.546,440200
16977177.318,440300
16977345.540,440400
16977512.805,440500
16977681.712,440600
16977844.954,440700
16977990.791,440800
16978148.819,440900
16978296.642,441000
16978456.589,441100
16978610.333,441200
16978768.413,441300
16978909.408,441400
16979075.651,441500
16979242.388,441600
16979387.985,441700
16979531.363,441800
16979677.487,441900
16979835.764,442000
16979994.720,442100
16980158.093,442200
16980308.598,442300
16980461.907,442400
16980607.124,442500
16980767.504,442600
16980918.428,442700
16981064.976,442800
16981202.506,442900
16981331.468,443000
16981454.256,443100
16981602.939,443200
16981734.804,443300
16981879.153,443400
16982028.905,443500
16982187.631,443600
16982338.929,443700
16982502.278,443800
16982638.215,443900
16982756.840,444000
16982915.812,444100
16983060.822,444200
16983224.014,444300
16983372.151,444400
16983534.875,444500
16983693.811,444600
16983847.128,444700
16984005.059,444800
16984149.144,444900
16984271.452,445000
16984394.400,445100
16984532.927,445200
16984682.410,445300
16984839.438,445400
16984977.280,445500
16985138.649,445600
16985296.632,445700
16985439.707,445800
16985597.364,445900
16985733.315,446000
16985855.588,446100
16985987.350,446200
16986152.491,446300
16986308.709,446400
16986464.933,446500
16986634.841,446600
16986805.210,446700
16986976.586,446800
16987144.334,446900
16987305.408,447000
16987472.484,447100
16987615.303,447200
16987744.634,447300
16987906.659,447400
16988064.526,447500
16988215.350,447600
16988368.951,447700
16988519.287,447800
16988649.466,447900
16988784.033,448000
16988921.915,448100
16989058.388,448200
16989190.551,448300
16989325.478,448400
16989445.594,448500
16989597.405,448600
16989761.729,448700
16989909.363,448800
16990071.549,448900
16990214.549,449000
16990357.657,449100
16990488.699,449200
16990613.516,449300
16990746.505,449400
16990865.385,449500
16990994.012,449600
16991159.355,449700
16991345.182,449800
16991520.281,449900
16994297.428,450000
16994487.338,450100
16994669.680,450200
16994814.177,450300
16994985.354,450400
16995175.306,450500
16995337.963,450600
16995512.006,450700
16995686.919,450800
16995854.290,450900
16996022.628,451000
16996182.746,451100
16996346.262,451200
16996519.295,451300
16996692.580,451400
16996859.643,451500
16997018.245,451600
16997184.231,451700
16997347.245,451800
16997514.838,451900
16997681.613,452000
16997848.566,452100
16998013.400,452200
16998166.742,452300
16998333.403,452400
16998496.513,452500
16998651.137,452600
16998801.957,452700
16998943.587,452800
16999098.955,452900
16999239.156,453000
16999398.180,453100
16999545.493,453200
16999701.434,453300
16999857.192,453400
17000009.441,453500
17000166.689,453600
17000336.389,453700
17000492.217,453800
17000649.807,453900
17000808.859,454000
17000972.957,454100
17001126.375,454200
17001285.205,454300
17001448.089,454400
17001613.376,454500
17001774.989,454600
17001927.696,454700
17002068.158,454800
17002223.561,454900
17002381.765,455000
17002534.399,455100
17002686.056,455200
17002842.722,455300
17002999.558,455400
17003152.852,455500
17003319.570,455600
17003482.187,455700
17003644.377,455800
17003804.677,455900
17003959.844,456000
17004123.288,456100
17004275.052,456200
17004436.618,456300
17004598.077,456400
17004762.780,456500
17004926.247,456600
17005101.264,456700
17005260.649,456800
17005408.649,456900
17005562.347,457000
17005721.898,457100
17005894.222,457200
17006061.869,457300
17006221.519,457400
17006382.521,457500
17006552.068,457600
17006716.596,457700
17006884.906,457800
17007052.831,457900
17007206.385,458000
17007357.528,458100
17007534.712,458200
17007695.535,458300
17007864.487,458400
17008027.091,458500
17008191.544,458600
17008347.174,458700
17008497.731,458800
17008659.398,458900
17008800.502,459000
17008923.184,459100
17009070.556,459200
17009243.766,459300
17009406.232,459400
17009565.021,459500
17009729.426,459600
17009890.771,459700
17010053.650,459800
17010218.667,459900
17014321.930,460000
17014494.477,460100
17014650.364,460200
17014829.172,460300
17015007.574,460400
17015181.316,460500
17015355.539,460600
17015527.696,460700
17015702.589,460800
17015866.308,460900
17016023.852,461000
17016171.377,461100
17016346.717,461200
17016507.655,461300
17016666.486,461400
17016835.183,461500
17016989.533,461600
17017160.342,461700
17017330.023,461800
17017494.185,461900
17017654.659,462000
17017816.692,462100
17017977.566,462200
17018124.496,462300
17018282.134,462400
17018444.226,462500
17018611.463,462600
17018769.367,462700
17018935.624,462800
17019095.711,462900
17019260.268,463000
17019420.934,463100
17019562.745,463200
17019713.146,463300
17019871.884,463400
17020034.444,463500
17020192.711,463600
17020367.031,463700
17020521.525,463800
17020695.105,463900
17020863.368,464000
17021019.066,464100
17021176.641,464200
17021345.617,464300
17021499.320,464400
17021664.683,464500
17021834.003,464600
17022000.618,464700
17022165.229,464800
17022332.404,464900
17022492.175,465000
17022654.748,465100
17022818.729,465200
17022980.634,465300
17023150.558,465400
17023321.100,465500
17023487.562,465600
17023652.585,465700
17023804.121,465800
17023964.351,465900
17024121.757,466000
17024277.648,466100
17024443.841,466200
17024608.459,466300
17024780.625,466400
17024958.527,466500
17025123.281,466600
17025279.307,466700
17025446.928,466800
17025607.456,466900
17025767.374,467000
17025938.710,467100
17026105.464,467200
17026282.728,467300
17026463.285,467400
17026638.245,467500
17026816.546,467600
17026991.972,467700
17027162.235,467800
17027328.332,467900
17027507.133,468000
17027683.519,468100
17027862.747,468200
17028029.352,468300
17028203.801,468400
17028385.782,468500
17028566.865,468600
17028737.648,468700
17028900.274,468800
17029052.757,468900
17029211.886,469000
17029382.660,469100
17029556.772,469200
17029732.636,469300
17029900.471,469400
17030076.456,469500
17030253.142,469600
17030424.164,469700
17030594.331,469800
17030757.752,469900
17038326.068,470000
17038553.002,470100
17038740.926,470200
17038929.309,470300
17039116.318,470400
17039299.971,470500
17039482.540,470600
17039675.040,470700
17039853.932,470800
17040031.054,470900
17040203.024,471000
17040379.778,471100
17040553.269,471200
17040723.468,471300
17040908.174,471400
17041086.511,471500
17041257.728,471600
17041425.328,471700
17041617.508,471800
17041796.809,471900
17041980.427,472000
17042165.394,472100
17042341.061,472200
17042516.869,472300
17042693.595,472400
17042876.950,472500
17043049.500,472600
17043227.303,472700
17043413.098,472800
17043580.084,472900
17043763.500,473000
17043937.218,473100
17044114.885,473200
17044272.675,473300
17044448.682,473400
17044618.876,473500
17044786.085,473600
17044946.732,473700
17045093.501,473800
17045234.387,473900
17045378.503,474000
17045547.527,474100
17045702.143,474200
17045858.284,474300
17046028.701,474400
17046182.383,474500
17046355.571,474600
17046523.288,474700
17046678.087,474800
17046825.648,474900
17046977.157,475000
17047109.980,475100
17047276.805,475200
17047436.704,475300
17047601.734,475400
17047752.217,475500
17047927.600,475600
17048086.580,475700
17048242.864,475800
17048419.043,475900
17048591.986,476000
17048747.119,476100
17048911.166,476200
17049093.686,476300
17049265.742,476400
17049437.528,476500
17049609.012,476600
17049740.579,476700
17049914.672,476800
17050076.536,476900
17050243.501,477000
17050401.822,477100
17050508.771,477200
17050677.889,477300
17050842.015,477400
17051019.897,477500
17051200.507,477600
17051370.983,477700
17051551.199,477800
17051735.788,477900
17051904.410,478000
17052083.302,478100
17052278.141,478200
17052448.436,478300
17052620.554,478400
17052807.976,478500
17052937.654,478600
17053112.254,478700
17053303.542,478800
17053471.115,478900
17053657.015,479000
17053837.772,479100
17054001.875,479200
17054165.772,479300
17054331.641,479400
17054488.381,479500
17054676.359,479600
17054847.628,479700
17055014.482,479800
17055185.412,479900
17064493.913,480000
17064672.069,480100
17064846.951,480200
17065035.183,480300
17065212.048,480400
17065391.827,480500
17065569.550,480600
17065741.608,480700
17065904.581,480800
17066082.881,480900
17066258.200,481000
17066417.272,481100
17066586.470,481200
17066757.469,481300
17066924.981,481400
17067101.896,481500
17067271.314,481600
17067450.334,481700
17067622.452,481800
17067790.971,481900
17067949.758,482000
17068119.500,482100
17068303.546,482200
17068478.353,482300
17068642.817,482400
17068829.945,482500
17069008.747,482600
17069176.686,482700
17069357.119,482800
17069529.873,482900
17069694.780,483000
17069866.081,483100
17070032.083,483200
17070162.933,483300
17070298.942,483400
17070456.445,483500
17070624.676,483600
17070760.352,483700
17070900.633,483800
17071077.016,483900
17071215.317,484000
17071398.056,484100
17071559.270,484200
17071709.459,484300
17071856.446,484400
17071985.114,484500
17072149.790,484600
17072289.868,484700
17072435.067,484800
17072571.839,484900
17072703.970,485000
17072850.944,485100
17072965.782,485200
17073159.203,485300
17073293.418,485400
17073471.996,485500
17073609.274,485600
17073724.272,485700
17073869.844,485800
17074031.039,485900
17074211.197,486000
17074387.298,486100
17074563.305,486200
17074699.631,486300
17074840.376,486400
17074984.983,486500
17075122.005,486600
17075245.230,486700
17075372.902,486800
17075532.092,486900
17075711.106,487000
17075889.633,487100
17076031.468,487200
17076196.933,487300
17076352.533,487400
17076513.695,487500
17076657.515,487600
17076796.208,487700
17076975.358,487800
17077170.936,487900
17077351.999,488000
17077495.426,488100
17077670.992,488200
17077814.336,488300
17077998.561,488400
17078177.209,488500
17078349.602,488600
17078491.987,488700
17078637.458,488800
17078771.027,488900
17078936.766,489000
17079111.740,489100
17079299.277,489200
17079480.815,489300
17079669.066,489400
17079844.854,489500
17080025.461,489600
17080206.688,489700
17080399.514,489800
17080587.929,489900
17090098.523,490000
17090461.702,490100
17090653.244,490200
17090826.362,490300
17091009.494,490400
17091177.301,490500
17091368.281,490600
17091552.723,490700
17091727.324,490800
17091914.345,490900
17092095.077,491000
17092260.241,491100
17092439.926,491200
17092631.137,491300
17092827.060,491400
17093028.347,491500
17093215.085,491600
17093401.190,491700
17093574.961,491800
17093700.568,491900
17093891.723,492000
17094084.568,492100
17094270.717,492200
17094467.963,492300
17094663.123,492400
17094856.090,492500
17095048.073,492600
17095249.131,492700
17095441.082,492800
17095638.934,492900
17095836.452,493000
17096031.371,493100
17096226.557,493200
17096431.003,493300
17096628.838,493400
17096814.629,493500
17097003.460,493600
17097195.986,493700
17097379.526,493800
17097576.070,493900
17097775.208,494000
17097983.004,494100
17098175.612,494200
17098362.649,494300
17098555.247,494400
17098751.407,494500
17098948.505,494600
17099143.307,494700
17099345.961,494800
17099552.060,494900
17099762.176,495000
17099979.207,495100
17100187.715,495200
17100378.211,495300
17100562.898,495400
17100753.008,495500
17100933.762,495600
17101131.300,495700
17101338.959,495800
17101524.839,495900
17101718.743,496000
17101921.957,496100
17102119.777,496200
17102337.837,496300
17102529.880,496400
17102730.018,496500
17102928.215,496600
17103124.648,496700
17103339.788,496800
17103542.274,496900
17103747.114,497000
17103946.279,497100
17104143.694,497200
17104348.518,497300
17104534.915,497400
17104751.932,497500
17104952.291,497600
17105156.985,497700
17105366.516,497800
17105569.523,497900
17105775.586,498000
17105980.155,498100
17106202.421,498200
17106422.273,498300
17106647.131,498400
17106872.159,498500
17107203.265,498600
17107444.124,498700
17107708.291,498800
17107921.106,498900
17108124.183,499000
17108336.543,499100
17108553.250,499200
17108750.412,499300
17108988.905,499400
17109193.222,499500
17109406.334,499600
17109615.338,499700
17109822.675,499800
17110038.878,499900
17120386.350,500000
17120613.609,500100
17120828.692,500200
17121050.525,500300
17121259.210,500400
17121475.000,500500
17121690.853,500600
17121907.245,500700
17122113.659,500800
17122338.348,500900
17122553.706,501000
17122772.282,501100
17122984.976,501200
17123197.834,501300
17123425.111,501400
17123637.722,501500
17123859.301,501600
17124066.677,501700
17124283.918,501800
17124508.730,501900
17124721.238,502000
17124940.736,502100
17125150.623,502200
17125365.665,502300
17125571.750,502400
17125785.168,502500
17126000.401,502600
17126214.666,502700
17126428.631,502800
17126645.016,502900
17126851.275,503000
17127066.286,503100
17127265.622,503200
17127475.793,503300
17127682.980,503400
17127894.526,503500
17128103.441,503600
17128315.754,503700
17128536.573,503800
17128744.548,503900
17128959.234,504000
17129164.742,504100
17129382.968,504200
17129591.920,504300
17129791.671,504400
17129990.163,504500
17130206.991,504600
17130417.277,504700
17130625.347,504800
17130830.187,504900
17131056.730,505000
17131286.744,505100
17131498.593,505200
17131720.886,505300
17131929.506,505400
17132138.770,505500
17132352.644,505600
17132569.630,505700
17132798.434,505800
17133004.397,505900
17133215.780,506000
17133430.500,506100
17133636.307,506200
17133843.612,506300
17134062.478,506400
17134265.301,506500
17134478.314,506600
17134681.857,506700
17134876.558,506800
17135081.956,506900
17135281.284,507000
17135478.262,507100
17135693.973,507200
17135897.450,507300
17136089.939,507400
17136282.369,507500
17136447.178,507600
17136641.267,507700
17136827.596,507800
17137066.629,507900
17137300.496,508000
17137543.549,508100
17137804.892,508200
17138069.048,508300
17138331.974,508400
17138598.062,508500
17138842.445,508600
17139128.570,508700
17139415.007,508800
17139681.194,508900
17139954.893,509000
17140228.727,509100
17140500.761,509200
17140771.985,509300
17140999.073,509400
17141248.930,509500
17141530.361,509600
17141790.688,509700
17142041.167,509800
17142288.951,509900
17156122.114,510000
17156417.442,510100
17156625.947,510200
17156834.238,510300
17157028.708,510400
17157248.538,510500
17157478.964,510600
17157701.038,510700
17157903.194,510800
17158044.487,510900
17158223.211,511000
17158455.597,511100
17158668.772,511200
17158866.857,511300
17159147.511,511400
17159359.855,511500
17159533.667,511600
17159743.441,511700
17160019.942,511800
17160313.697,511900
17160589.838,512000
17160878.236,512100
17161123.379,512200
17161407.755,512300
17161669.607,512400
17161944.188,512500
17162223.161,512600
17162507.357,512700
17162743.381,512800
17162988.434,512900
17163292.377,513000
17163563.042,513100
17163829.416,513200
17164011.136,513300
17164231.765,513400
17164384.860,513500
17164540.056,513600
17164719.662,513700
17164859.323,513800
17164987.214,513900
17165108.638,514000
17165232.032,514100
17165374.851,514200
17165535.995,514300
17165696.003,514400
17165830.066,514500
17165996.973,514600
17166151.092,514700
17166334.692,514800
17166481.269,514900
17166607.394,515000
17166721.882,515100
17166854.338,515200
17167023.231,515300
17167168.812,515400
17167308.201,515500
17167479.422,515600
17167612.321,515700
17167747.104,515800
17167886.948,515900
17168020.027,516000
17168120.897,516100
17168240.269,516200
17168359.599,516300
17168484.440,516400
17168650.317,516500
17168783.899,516600
17168920.560,516700
17169059.729,516800
17169206.710,516900
17169358.456,517000
17169476.908,517100
17169582.430,517200
17169693.228,517300
17169812.626,517400
17169970.710,517500
17170113.534,517600
17170226.333,517700
17170385.638,517800
17170544.242,517900
17170682.097,518000
17170840.160,518100
17170979.703,518200
17171114.977,518300
17171259.281,518400
17171464.474,518500
17171632.855,518600
17171792.086,518700
17171918.932,518800
17172048.772,518900
17172201.540,519000
17172333.754,519100
17172522.028,519200
17172678.659,519300
17172783.277,519400
17172909.346,519500
17173065.978,519600
17173242.555,519700
17173428.381,519800
17173633.653,519900
17183747.596,520000
17183954.313,520100
17184150.509,520200
17184336.367,520300
17184456.207,520400
17184610.608,520500
17184772.849,520600
17184914.623,520700
17185075.476,520800
17185235.325,520900
17185405.991,521000
17185601.583,521100
17185780.867,521200
17185954.557,521300
17186111.386,521400
17186263.638,521500
17186417.044,521600
17186615.636,521700
17186808.403,521800
17186957.516,521900
17187102.141,522000
17187257.115,522100
17187446.171,522200
17187656.811,522300
17187793.363,522400
17187903.709,522500
17188060.204,522600
17188242.069,522700
17188389.615,522800
17188545.904,522900
17188695.590,523000
17188825.546,523100
17189040.878,523200
17189211.538,523300
17189336.239,523400
17189461.372,523500
17189588.839,523600
17189749.206,523700
17189887.656,523800
17190047.058,523900
17190205.881,524000
17190357.633,524100
17190517.469,524200
17190630.451,524300
17190780.206,524400
17190913.429,524500
17191007.565,524600
17191116.670,524700
17191243.479,524800
17191407.488,524900
17191564.517,525000
17191707.564,525100
17191847.937,525200
17191986.343,525300
17192127.790,525400
17192290.413,525500
17192394.406,525600
17192527.220,525700
17192671.240,525800
17192872.766,525900
17193065.740,526000
17193215.817,526100
17193413.480,526200
17193595.145,526300
17193802.449,526400
17194005.530,526500
17194183.968,526600
17194319.094,526700
17194467.481,526800
17194618.474,526900
17194758.762,527000
17194915.535,527100
17195126.218,527200
17195287.009,527300
17195463.221,527400
17195623.279,527500
17195782.654,527600
17195897.187,527700
17196015.689,527800
17196118.608,527900
17196244.324,528000
17196394.093,528100
17196537.066,528200
17196764.760,528300
17196967.236,528400
17197120.757,528500
17197265.808,528600
17197393.128,528700
17197543.125,528800
17197669.650,528900
17197764.692,529000
17197874.787,529100
17198031.081,529200
17198238.893,529300
17198438.076,529400
17198638.095,529500
17198784.419,529600
17198933.209,529700
17199080.437,529800
17199251.640,529900
17210787.125,530000
17210985.812,530100
17211153.583,530200
17211374.299,530300
17211589.344,530400
17211765.138,530500
17211922.886,530600
17212066.727,530700
17212212.766,530800
17212330.694,530900
17212456.648,531000
17212594.231,531100
17212781.102,531200
17212983.769,531300
17213166.265,531400
17213352.537,531500
17213619.703,531600
17213907.140,531700
17214152.231,531800
17214432.056,531900
17214617.464,532000
17214762.421,532100
17214955.615,532200
17215108.880,532300
17215314.706,532400
17215514.791,532500
17215679.500,532600
17215829.294,532700
17215969.502,532800
17216132.949,532900
17216290.239,533000
17216380.897,533100
17216499.297,533200
17216647.510,533300
17216818.656,533400
17216997.505,533500
17217164.613,533600
17217339.329,533700
17217485.921,533800
17217660.044,533900
17217824.003,534000
17217978.985,534100
17218096.372,534200
17218210.942,534300
17218365.259,534400
17218534.555,534500
17218722.225,534600
17218884.741,534700
17219051.570,534800
17219227.651,534900
17219380.076,535000
17219527.195,535100
17219650.801,535200
17219764.701,535300
17219888.131,535400
17220059.892,535500
17220240.229,535600
17220414.674,535700
17220572.075,535800
17220718.433,535900
17220886.104,536000
17221031.673,536100
17221179.956,536200
17221306.389,536300
17221421.410,536400
17221553.058,536500
17221702.830,536600
17221864.788,536700
17222055.434,536800
17222196.809,536900
17222356.673,537000
17222519.537,537100
17222676.535,537200
17222819.753,537300
17222943.765,537400
17223061.162,537500
17223200.499,537600
17223380.953,537700
17223521.025,537800
17223673.407,537900
17223826.340,538000
17223948.299,538100
17224110.634,538200
17224269.769,538300
17224404.612,538400
17224541.528,538500
17224678.070,538600
17224809.907,538700
17224989.029,538800
17225157.246,538900
17225330.799,539000
17225511.763,539100
17225650.105,539200
17225813.123,539300
17225979.891,539400
17226121.707,539500
17226255.490,539600
17226401.458,539700
17226537.712,539800
17226716.715,539900
17231159.065,540000
17231377.012,540100
17231553.125,540200
17231733.144,540300
17231928.750,540400
17232061.708,540500
17232208.709,540600
17232348.320,540700
17232497.585,540800
17232686.126,540900
17232871.504,541000
17233008.369,541100
17233154.612,541200
17233330.675,541300
17233490.182,541400
17233668.616,541500
17233813.181,541600
17233942.477,541700
17234091.879,541800
17234259.923,541900
17234436.815,542000
17234587.947,542100
17234738.027,542200
17234894.528,542300
17235085.973,542400
17235252.635,542500
17235389.683,542600
17235516.453,542700
17235641.971,542800
17235804.755,542900
17235945.486,543000
17236107.846,543100
17236268.518,543200
17236436.249,543300
17236598.085,543400
17236770.348,543500
17236901.538,543600
17237042.847,543700
17237176.289,543800
17237304.354,543900
17237491.156,544000
17237685.147,544100
17237824.645,544200
17237997.854,544300
17238154.213,544400
17238301.094,544500
17238482.035,544600
17238635.649,544700
17238778.946,544800
17238946.098,544900
17239132.537,545000
17239300.518,545100
17239462.834,545200
17239629.186,545300
17239795.052,545400
17239982.167,545500
17240149.297,545600
17240326.047,545700
17240494.629,545800
17240683.709,545900
17240860.446,546000
17241060.366,546100
17241268.382,546200
17241443.838,546300
17241629.090,546400
17241812.294,546500
17241976.123,546600
17242113.911,546700
17242261.108,546800
17242434.649,546900
17242604.143,547000
17242806.901,547100
17243008.570,547200
17243213.157,547300
17243397.535,547400
17243585.610,547500
17243746.061,547600
17243896.944,547700
17244047.706,547800
17244249.678,547900
17244437.357,548000
17244585.658,548100
17244843.682,548200
17245009.581,548300
17245207.105,548400
17245413.077,548500
17245577.683,548600
17245726.734,548700
17245932.811,548800
17246119.998,548900
17246283.197,549000
17246493.955,549100
17246695.065,549200
17246894.270,549300
17247089.980,549400
17247277.203,549500
17247435.557,549600
17247590.733,549700
17247767.446,549800
17247959.865,549900
17259451.992,550000
17259659.133,550100
17259874.892,550200
17260091.094,550300
17260273.848,550400
17260452.949,550500
17260592.580,550600
17260781.925,550700
17261021.907,550800
17261249.283,550900
17261461.049,551000
17261658.575,551100
17261870.437,551200
17262051.735,551300
17262224.802,551400
17262419.669,551500
17262627.332,551600
17262823.367,551700
17263014.324,551800
17263237.501,551900
17263448.949,552000
17263666.481,552100
17263846.018,552200
17264026.350,552300
17264208.883,552400
17264421.399,552500
17264593.659,552600
17264781.876,552700
17264986.045,552800
17265188.517,552900
17265377.555,553000
17265548.417,553100
17265710.145,553200
17265890.387,553300
17266079.973,553400
17266283.955,553500
17266490.035,553600
17266688.504,553700
17266867.697,553800
17267057.337,553900
17267223.512,554000
17267402.454,554100
17267593.066,554200
17267783.057,554300
17267980.595,554400
17268169.721,554500
17268362.799,554600
17268560.475,554700
17268750.102,554800
17268890.834,554900
17269034.850,555000
17269164.496,555100
17269295.943,555200
17269446.434,555300
17269597.728,555400
17269748.218,555500
17269889.331,555600
17270038.732,555700
17270207.525,555800
17270354.679,555900
17270522.517,556000
17270674.508,556100
17270821.090,556200
17270958.135,556300
17271102.182,556400
17271239.767,556500
17271373.547,556600
17271516.161,556700
17271687.069,556800
17271857.976,556900
17272007.527,557000
17272151.565,557100
17272287.697,557200
17272421.537,557300
17272570.702,557400
17272750.711,557500
17272889.715,557600
17273058.316,557700
17273217.530,557800
17273356.382,557900
17273523.957,558000
17273681.773,558100
17273833.064,558200
17273982.574,558300
17274123.425,558400
17274267.512,558500
17274430.242,558600
17274614.980,558700
17274797.608,558800
17274977.036,558900
17275162.378,559000
17275338.470,559100
17275501.813,559200
17275614.976,559300
17275763.352,559400
17275916.815,559500
17276066.623,559600
17276243.512,559700
17276420.954,559800
17276578.738,559900
17288557.319,560000
17288773.412,560100
17288928.316,560200
17289082.275,560300
17289245.510,560400
17289415.985,560500
17289612.458,560600
17289773.875,560700
17289951.221,560800
17290129.221,560900
17290310.191,561000
17290489.674,561100
17290645.608,561200
17290806.259,561300
17290959.345,561400
17291102.269,561500
17291275.270,561600
17291456.958,561700
17291611.499,561800
17291795.462,561900
17291957.860,562000
17292115.435,562100
17292292.550,562200
17292433.476,562300
17292603.002,562400
17292744.454,562500
17292891.969,562600
17293156.968,562700
17293390.293,562800
17293592.738,562900
17293743.123,563000
17293918.650,563100
17294101.432,563200
17294283.007,563300
17294405.541,563400
17294557.358,563500
17294712.491,563600
17294892.482,563700
17295063.556,563800
17295253.368,563900
17295444.966,564000
17295656.017,564100
17295837.300,564200
17295982.534,564300
17296155.625,564400
17296318.423,564500
17296477.184,564600
17296672.573,564700
17296842.882,564800
17297024.662,564900
17297189.818,565000
17297376.521,565100
17297533.551,565200
17297732.809,565300
17297904.230,565400
17298058.220,565500
17298206.283,565600
17298414.448,565700
17298584.935,565800
17298778.103,565900
17298959.650,566000
17299135.629,566100
17299307.827,566200
17299480.710,566300
17299636.470,566400
17299762.715,566500
17299952.409,566600
17300141.909,566700
17300310.820,566800
17300493.936,566900
17300702.552,567000
17300876.049,567100
17301040.083,567200
17301199.508,567300
17301359.264,567400
17301475.707,567500
17301632.424,567600
17301810.966,567700
17301966.559,567800
17302155.845,567900
17302319.720,568000
17302500.768,568100
17302686.930,568200
17302839.368,568300
17303011.588,568400
17303163.392,568500
17303279.946,568600
17303451.040,568700
17303647.811,568800
17303833.120,568900
17304026.993,569000
17304231.538,569100
17304423.399,569200
17304607.469,569300
17304811.155,569400
17304996.960,569500
17305188.910,569600
17305375.971,569700
17305581.206,569800
17305781.411,569900
17317645.106,570000
17317892.685,570100
17318098.064,570200
17318323.620,570300
17318543.397,570400
17318730.079,570500
17318920.809,570600
17319105.853,570700
17319322.043,570800
17319536.267,570900
17319743.060,571000
17319957.526,571100
17320151.297,571200
17320354.855,571300
17320557.228,571400
17320734.000,571500
17320903.805,571600
17321110.767,571700
17321315.222,571800
17321500.337,571900
17321720.198,572000
17321921.261,572100
17322116.431,572200
17322299.126,572300
17322496.479,572400
17322681.510,572500
17322898.752,572600
17323066.567,572700
17323244.389,572800
17323455.697,572900
17323665.543,573000
17323867.223,573100
17324054.950,573200
17324251.379,573300
17324439.789,573400
17324617.890,573500
17324779.726,573600
17324929.102,573700
17325127.435,573800
17325314.802,573900
17325532.052,574000
17325711.565,574100
17325876.013,574200
17326046.627,574300
17326216.962,574400
17326417.536,574500
17326591.323,574600
17326779.269,574700
17326965.759,574800
17327163.239,574900
17327365.076,575000
17327577.399,575100
17327782.837,575200
17327989.136,575300
17328179.711,575400
17328386.924,575500
17328610.339,575600
17328822.620,575700
17329042.928,575800
17329249.946,575900
17329458.004,576000
17329671.142,576100
17329887.039,576200
17330107.176,576300
17330319.718,576400
17330534.633,576500
17330742.796,576600
17330950.667,576700
17331144.238,576800
17331322.517,576900
17331533.779,577000
17331736.302,577100
17331948.191,577200
17332148.253,577300
17332340.653,577400
17332548.908,577500
17332760.112,577600
17332958.865,577700
17333148.879,577800
17333312.439,577900
17333516.106,578000
17333723.895,578100
17333947.569,578200
17334169.959,578300
17334363.227,578400
17334549.660,578500
17334765.016,578600
17334976.624,578700
17335181.601,578800
17335395.147,578900
17335597.232,579000
17335815.166,579100
17336027.786,579200
17336246.137,579300
17336451.605,579400
17336645.022,579500
17336840.338,579600
17337047.006,579700
17337249.516,579800
17337413.392,579900
17351082.231,580000
17351311.184,580100
17351525.764,580200
17351742.567,580300
17351965.469,580400
17352194.012,580500
17352421.019,580600
17352642.238,580700
17352914.710,580800
17353133.270,580900
17353341.187,581000
17353563.838,581100
17353783.851,581200
17353995.724,581300
17354223.274,581400
17354424.705,581500
17354630.906,581600
17354860.038,581700
17355085.646,581800
17355323.512,581900
17355560.521,582000
17355768.268,582100
17355981.536,582200
17356209.087,582300
17356431.566,582400
17356677.340,582500
17356932.338,582600
17357168.722,582700
17357414.367,582800
17357644.617,582900
17357873.690,583000
17358065.573,583100
17358243.368,583200
17358453.476,583300
17358674.940,583400
17358887.934,583500
17359107.634,583600
17359320.013,583700
17359516.726,583800
17359708.606,583900
17359910.725,584000
17360091.561,584100
17360237.613,584200
17360389.967,584300
17360560.859,584400
17360737.579,584500
17360945.088,584600
17361144.979,584700
17361370.784,584800
17361593.574,584900
17361815.839,585000
17362033.773,585100
17362244.251,585200
17362420.448,585300
17362585.894,585400
17362771.931,585500
17362985.718,585600
17363179.160,585700
17363366.732,585800
17363592.037,585900
17363814.702,586000
17364026.456,586100
17364249.053,586200
17364412.732,586300
17364561.537,586400
17364715.673,586500
17364905.676,586600
17365120.713,586700
17365290.770,586800
17365506.117,586900
17365711.574,587000
17365890.834,587100
17366056.604,587200
17366209.824,587300
17366335.031,587400
17366472.685,587500
17366617.873,587600
17366801.995,587700
17366996.243,587800
17367186.643,587900
17367358.937,588000
17367546.644,588100
17367754.439,588200
17367939.704,588300
17368097.544,588400
17368237.827,588500
17368405.027,588600
17368565.471,588700
17368792.349,588800
17368995.820,588900
17369201.779,589000
17369435.539,589100
17369652.860,589200
17369858.918,589300
17370062.659,589400
17370245.804,589500
17370373.435,589600
17370531.709,589700
17370698.461,589800
17370931.689,589900
17381185.643,590000
17381442.149,590100
17381639.678,590200
17381848.509,590300
17382020.947,590400
17382206.895,590500
17382385.395,590600
17382562.067,590700
17382713.424,590800
17382903.666,590900
17383110.936,591000
17383325.938,591100
17383562.348,591200
17383784.965,591300
17383982.818,591400
17384164.026,591500
17384348.749,591600
17384492.928,591700
17384653.691,591800
17384880.663,591900
17385083.321,592000
17385256.950,592100
17385468.341,592200
17385639.266,592300
17385812.783,592400
17386001.251,592500
17386167.000,592600
17386305.186,592700
17386465.411,592800
17386638.070,592900
17386836.058,593000
17387027.450,593100
17387222.957,593200
17387434.718,593300
17387623.238,593400
17387792.402,593500
17388002.502,593600
17388169.714,593700
17388292.268,593800
17388422.076,593900
17388578.932,594000
17388801.821,594100
17388980.677,594200
17389161.356,594300
17389357.299,594400
17389509.062,594500
17389694.118,594600
17389875.217,594700
17390059.695,594800
17390230.143,594900
17390415.268,595000
17390539.860,595100
17390761.257,595200
17390960.025,595300
17391160.146,595400
17391392.435,595500
17391558.566,595600
17391761.309,595700
17391947.019,595800
17392104.543,595900
17392268.067,596000
17392411.059,596100
17392578.024,596200
17392808.783,596300
17393020.525,596400
17393220.181,596500
17393408.731,596600
17393574.993,596700
17393750.545,596800
17393975.308,596900
17394129.189,597000
17394286.685,597100
17394460.365,597200
17394675.221,597300
17394876.585,597400
17395054.933,597500
17395252.864,597600
17395423.035,597700
17395601.571,597800
17395799.722,597900
17395944.227,598000
17396102.709,598100
17396262.160,598200
17396419.241,598300
17396608.766,598400
17396798.900,598500
17396958.162,598600
17397160.917,598700
17397357.271,598800
17397510.796,598900
17397706.007,599000
17397887.454,599100
17398012.781,599200
17398193.303,599300
17398388.311,599400
17398554.265,599500
17398755.987,599600
17398950.207,599700
17399150.787,599800
17399303.904,599900
17411216.214,600000
17411456.758,600100
17411633.945,600200
17411800.439,600300
17411998.443,600400
17412166.005,600500
17412375.716,600600
17412538.964,600700
17412744.946,600800
17412956.380,600900
17413178.028,601000
17413431.305,601100
17413659.134,601200
17413874.945,601300
17414091.447,601400
17414309.681,601500
17414540.634,601600
17414755.269,601700
17414947.380,601800
17415189.077,601900
17415403.957,602000
17415591.788,602100
17415773.536,602200
17415961.948,602300
17416190.871,602400
17416392.226,602500
17416637.877,602600
17416851.366,602700
17417077.157,602800
17417278.349,602900
17417487.288,603000
17417676.050,603100
17417837.863,603200
17418009.082,603300
17418208.806,603400
17418391.698,603500
17418624.032,603600
17418799.905,603700
17418992.648,603800
17419190.343,603900
17419423.415,604000
17419658.138,604100
17419903.919,604200
17420086.232,604300
17420274.804,604400
17420503.029,604500
17420679.526,604600
17420869.422,604700
17421075.548,604800
17421303.198,604900
17421507.546,605000
17421657.951,605100
17421796.989,605200
17421970.014,605300
17422170.647,605400
17422388.826,605500
17422607.338,605600
17422782.444,605700
17422972.942,605800
17423133.787,605900
17423353.881,606000
17423550.986,606100
17423699.807,606200
17423873.052,606300
17424080.945,606400
17424256.218,606500
17424419.856,606600
17424606.515,606700
17424789.977,606800
17424967.664,606900
17425178.578,607000
17425333.191,607100
17425481.091,607200
17425648.398,607300
17425838.952,607400
17426057.827,607500
17426289.651,607600
17426523.406,607700
17426717.705,607800
17426898.765,607900
17427098.931,608000
17427242.419,608100
17427426.016,608200
17427640.210,608300
17427827.710,608400
17428039.289,608500
17428261.919,608600
17428470.106,608700
17428641.930,608800
17428826.959,608900
17429003.430,609000
17429141.216,609100
17429286.222,609200
17429400.967,609300
17429567.397,609400
17429762.194,609500
17430006.514,609600
17430167.146,609700
17430345.359,609800
17430497.499,609900
17441246.368,610000
17441492.825,610100
17441659.946,610200
17441806.819,610300
17441986.953,610400
17442153.015,610500
17442359.856,610600
17442539.932,610700
17442669.789,610800
17442805.841,610900
17443011.697,611000
17443166.939,611100
17443350.773,611200
17443512.803,611300
17443655.529,611400
17443811.856,611500
17444005.671,611600
17444204.395,611700
17444390.805,611800
17444575.015,611900
17444792.245,612000
17445002.658,612100
17445188.321,612200
17445386.320,612300
17445549.689,612400
17445686.443,612500
17445861.313,612600
17446044.450,612700
17446283.871,612800
17446505.782,612900
17446700.625,613000
17446902.273,613100
17447063.634,613200
17447247.525,613300
17447445.314,613400
17447643.965,613500
17447806.351,613600
17447973.659,613700
17448167.402,613800
17448345.052,613900
17448558.921,614000
17448771.970,614100
17448963.874,614200
17449151.868,614300
17449350.434,614400
17449487.384,614500
17449630.159,614600
17449792.855,614700
17449983.262,614800
17450224.430,614900
17450431.546,615000
17450629.637,615100
17450787.146,615200
17451006.975,615300
17451205.829,615400
17451375.356,615500
17451614.175,615600
17451788.553,615700
17451972.965,615800
17452208.857,615900
17452416.470,616000
17452594.371,616100
17452803.282,616200
17453036.455,616300
17453275.008,616400
17453487.078,616500
17453680.484,616600
17453867.822,616700
17454054.854,616800
17454283.302,616900
17454504.963,617000
17454705.626,617100
17454947.483,617200
17455160.388,617300
17455347.358,617400
17455546.056,617500
17455735.378,617600
17455907.930,617700
17456096.630,617800
17456263.160,617900
17456480.828,618000
17456696.488,618100
17456926.078,618200
17457157.306,618300
17457350.496,618400
17457524.247,618500
17457698.170,618600
17457874.311,618700
17458051.026,618800
17458243.176,618900
17458442.160,619000
17458651.041,619100
17458857.213,619200
17459062.674,619300
17459254.727,619400
17459419.105,619500
17459614.772,619600
17459767.119,619700
17459920.506,619800
17460133.046,619900
17471402.853,620000
17471720.499,620100
17471957.976,620200
17472131.712,620300
17472361.879,620400
17472563.461,620500
17472762.972,620600
17472943.841,620700
17473078.028,620800
17473291.095,620900
17473519.081,621000
17473754.421,621100
17473984.706,621200
17474242.194,621300
17474494.765,621400
17474758.448,621500
17474999.007,621600
17475228.387,621700
17475462.250,621800
17475694.381,621900
17475927.147,622000
17476159.752,622100
17476392.667,622200
17476639.639,622300
17476860.758,622400
17477049.652,622500
17477237.760,622600
17477455.162,622700
17477673.975,622800
17477893.229,622900
17478103.174,623000
17478342.531,623100
17478545.626,623200
17478716.204,623300
17478915.324,623400
17479064.566,623500
17479243.621,623600
17479457.555,623700
17479663.844,623800
17479861.634,623900
17480093.099,624000
17480301.698,624100
17480513.311,624200
17480729.223,624300
17480906.330,624400
17481062.280,624500
17481208.194,624600
17481412.099,624700
17481641.917,624800
17481843.234,624900
17482049.625,625000
17482227.287,625100
17482441.695,625200
17482613.323,625300
17482786.557,625400
17482962.255,625500
17483087.001,625600
17483262.576,625700
17483446.856,625800
17483613.172,625900
17483823.834,626000
17484038.254,626100
17484259.252,626200
17484456.543,626300
17484706.675,626400
17484954.845,626500
17485154.200,626600
17485321.442,626700
17485497.519,626800
17485712.737,626900
17485911.380,627000
17486107.429,627100
17486306.259,627200
17486542.936,627300
17486787.675,627400
17487012.399,627500
17487251.831,627600
17487489.545,627700
17487696.092,627800
17487904.891,627900
17488130.683,628000
17488348.476,628100
17488594.048,628200
17488853.031,628300
17489093.980,628400
17489344.632,628500
17489604.921,628600
17489835.116,628700
17490043.603,628800
17490235.530,628900
17490465.713,629000
17490708.727,629100
17490938.252,629200
17491191.722,629300
17491454.846,629400
17491722.379,629500
17491971.284,629600
17492231.043,629700
17492470.455,629800
17492708.950,629900
17501260.462,630000
17501574.385,630100
17501835.715,630200
17502091.213,630300
17502383.393,630400
17502652.077,630500
17502897.441,630600
17503149.087,630700
17503422.866,630800
17503708.957,630900
17503979.620,631000
17504235.233,631100
17504482.690,631200
17504729.055,631300
17504977.534,631400
17505243.872,631500
17505501.533,631600
17505756.977,631700
17505996.156,631800
17506233.081,631900
17506475.638,632000
17506720.328,632100
17506949.135,632200
17507183.127,632300
17507419.142,632400
17507614.469,632500
17507840.280,632600
17508093.260,632700
17508347.224,632800
17508589.006,632900
17508813.257,633000
17509039.273,633100
17509218.785,633200
17509425.583,633300
17509561.099,633400
17509724.660,633500
17509884.101,633600
17510076.976,633700
17510317.398,633800
17510531.955,633900
17510710.698,634000
17510945.192,634100
17511174.067,634200
17511406.201,634300
17511609.161,634400
17511812.216,634500
17512002.875,634600
17512154.319,634700
17512330.186,634800
17512532.728,634900
17512751.036,635000
17512984.375,635100
17513219.349,635200
17513440.898,635300
17513674.377,635400
17513906.586,635500
17514090.424,635600
17514274.442,635700
17514454.769,635800
17514673.563,635900
17514918.275,636000
17515145.640,636100
17515385.215,636200
17515614.927,636300
17515855.275,636400
17516064.761,636500
17516260.530,636600
17516431.083,636700
17516634.340,636800
17516860.634,636900
17517089.889,637000
17517330.140,637100
17517563.016,637200
17517765.823,637300
17517999.123,637400
17518197.080,637500
17518413.826,637600
17518588.021,637700
17518763.297,637800
17518977.986,637900
17519204.300,638000
17519420.397,638100
17519663.562,638200
17519893.905,638300
17520141.155,638400
17520385.228,638500
17520603.773,638600
17520842.532,638700
17521049.228,638800
17521248.189,638900
17521430.247,639000
17521637.635,639100
17521882.732,639200
17522115.259,639300
17522345.883,639400
17522585.146,639500
17522821.361,639600
17523060.976,639700
17523290.170,639800
17523680.204,639900
17531717.028,640000
17532102.736,640100
17532355.842,640200
17532604.582,640300
17532853.579,640400
17533106.933,640500
17533366.948,640600
17533609.141,640700
17533855.333,640800
17534103.443,640900
17534363.704,641000
17534633.815,641100
17534899.661,641200
17535160.865,641300
17535410.701,641400
17535660.921,641500
17535927.827,641600
17536177.617,641700
17536432.916,641800
17536692.870,641900
17536952.766,642000
17537205.677,642100
17537455.216,642200
17537707.439,642300
17537968.547,642400
17538221.804,642500
17538483.516,642600
17538729.083,642700
17538982.034,642800
17539253.359,642900
17539496.244,643000
17539742.361,643100
17539994.240,643200
17540242.009,643300
17540484.918,643400
17540707.209,643500
17540953.139,643600
17541183.171,643700
17541414.553,643800
17541661.096,643900
17541883.480,644000
17542115.805,644100
17542367.935,644200
17542622.820,644300
17542866.405,644400
17543107.828,644500
17543345.534,644600
17543588.973,644700
17543831.254,644800
17544084.390,644900
17544311.306,645000
17544530.207,645100
17544767.972,645200
17545018.779,645300
17545262.117,645400
17545510.825,645500
17545761.436,645600
17546015.797,645700
17546257.571,645800
17546498.909,645900
17546736.411,646000
17546963.450,646100
17547200.922,646200
17547451.644,646300
17547700.019,646400
17547950.202,646500
17548204.437,646600
17548448.854,646700
17548690.591,646800
17548934.287,646900
17549183.002,647000
17549437.531,647100
17549678.829,647200
17549895.736,647300
17550141.474,647400
17550362.569,647500
17550610.946,647600
17550857.664,647700
17551091.166,647800
17551315.760,647900
17551511.701,648000
17551678.463,648100
17551884.116,648200
17552117.664,648300
17552346.944,648400
17552588.941,648500
17552827.539,648600
17553058.667,648700
17553293.615,648800
17553506.942,648900
17553742.851,649000
17553974.965,649100
17554178.101,649200
17554420.429,649300
17554647.742,649400
17554887.367,649500
17555132.944,649600
17555383.722,649700
17555604.150,649800
17555851.270,649900
17564890.853,650000
17565225.998,650100
17565473.803,650200
17565693.106,650300
17565937.987,650400
17566195.790,650500
17566448.200,650600
17566704.081,650700
17566955.145,650800
17567210.172,650900
17567467.503,651000
17567711.831,651100
17567964.597,651200
17568178.280,651300
17568400.579,651400
17568646.480,651500
17568908.030,651600
17569156.129,651700
17569385.456,651800
17569623.466,651900
17569870.564,652000
17570112.650,652100
17570336.437,652200
17570566.320,652300
17570779.970,652400
17571026.095,652500
17571273.241,652600
17571491.121,652700
17571742.651,652800
17571984.844,652900
17572211.172,653000
17572455.415,653100
17572650.386,653200
17572846.826,653300
17573096.555,653400
17573342.149,653500
17573567.210,653600
17573820.795,653700
17574090.853,653800
17574349.002,653900
17574597.625,654000
17574861.859,654100
17575121.684,654200
17575381.600,654300
17575630.933,654400
17575892.921,654500
17576148.542,654600
17576405.093,654700
17576657.202,654800
17576911.895,654900
17577167.882,655000
17577423.622,655100
17577669.402,655200
17577928.168,655300
17578177.956,655400
17578446.242,655500
17578717.992,655600
17578992.877,655700
17579263.771,655800
17579544.345,655900
17579819.300,656000
17580083.229,656100
17580340.332,656200
17580586.828,656300
17580846.474,656400
17581102.545,656500
17581346.455,656600
17581599.995,656700
17581848.679,656800
17582086.186,656900
17582317.913,657000
17582564.873,657100
17582802.802,657200
17583063.574,657300
17583333.664,657400
17583617.766,657500
17583883.844,657600
17584163.388,657700
17584426.259,657800
17584696.540,657900
17584930.300,658000
17585146.697,658100
17585354.188,658200
17585589.037,658300
17585863.857,658400
17586132.327,658500
17586393.820,658600
17586660.343,658700
17586941.068,658800
17587206.264,658900
17587468.357,659000
17587730.825,659100
17587952.353,659200
17588221.121,659300
17588499.903,659400
17588777.559,659500
17589040.054,659600
17589299.788,659700
17589569.709,659800
17589838.871,659900
17615098.438,660000
17615448.617,660100
17615722.066,660200
17615987.337,660300
17616224.207,660400
17616485.564,660500
17616751.752,660600
17617008.253,660700
17617265.081,660800
17617525.048,660900
17617786.553,661000
17618043.996,661100
17618271.956,661200
17618495.820,661300
17618758.152,661400
17619011.880,661500
17619269.784,661600
17619576.779,661700
17619871.902,661800
17620153.312,661900
17620442.364,662000
17620704.607,662100
17620980.088,662200
17621263.340,662300
17621530.628,662400
17621793.744,662500
17622047.614,662600
17622308.394,662700
17622577.985,662800
17622841.964,662900
17623102.429,663000
17623374.542,663100
17623676.552,663200
17623968.160,663300
17624247.839,663400
17624532.125,663500
17624819.564,663600
17625097.779,663700
17625378.569,663800
17625649.807,663900
17625923.054,664000
17626200.724,664100
17626507.687,664200
17626811.956,664300
17627115.891,664400
17627405.146,664500
17627713.305,664600
17627987.775,664700
17628265.731,664800
17628557.400,664900
17628834.130,665000
17629137.654,665100
17629438.571,665200
17629706.814,665300
17629994.622,665400
17630294.944,665500
17630586.586,665600
17630867.854,665700
17631140.737,665800
17631434.720,665900
17631708.860,666000
17631979.412,666100
17632244.578,666200
17632515.187,666300
17632790.371,666400
17633074.327,666500
17633358.090,666600
17633628.269,666700
17633894.263,666800
17634160.095,666900
17634426.081,667000
17634695.398,667100
17634953.039,667200
17635216.207,667300
17635486.360,667400
17635757.592,667500
17636022.651,667600
17636296.526,667700
17636546.775,667800
17636811.049,667900
17637081.287,668000
17637335.952,668100
17637624.619,668200
17637898.037,668300
17638157.788,668400
17638429.829,668500
17638696.521,668600
17638974.057,668700
17639240.817,668800
17639511.820,668900
17639786.283,669000
17640051.085,669100
17640330.756,669200
17640657.819,669300
17640925.636,669400
17641209.620,669500
17641481.433,669600
17641752.505,669700
17642027.528,669800
17642306.863,669900
17654240.237,670000
17655012.551,670100
17655302.235,670200
17655581.679,670300
17655868.208,670400
17656148.402,670500
17656435.447,670600
17656725.668,670700
17656999.095,670800
17657273.546,670900
17657563.033,671000
17657847.867,671100
17658122.650,671200
17658397.432,671300
17658688.996,671400
17658965.409,671500
17659230.628,671600
17659528.235,671700
17659814.147,671800
17660094.826,671900
17660364.743,672000
17660644.471,672100
17660917.493,672200
17661184.342,672300
17661454.868,672400
17661746.590,672500
17662028.335,672600
17662315.309,672700
17662575.538,672800
17662847.198,672900
17663133.930,673000
17663397.001,673100
17663672.586,673200
17663938.071,673300
17664213.310,673400
17664500.376,673500
17664764.185,673600
17665060.822,673700
17665338.581,673800
17665609.781,673900
17665879.722,674000
17666154.740,674100
17666414.271,674200
17666685.586,674300
17666940.583,674400
17667221.805,674500
17667512.898,674600
17667799.121,674700
17668071.518,674800
17668333.738,674900
17668598.006,675000
17668861.299,675100
17669121.514,675200
17669381.201,675300
17669636.129,675400
17669906.008,675500
17670191.861,675600
17670504.990,675700
17670778.040,675800
17671061.260,675900
17671340.186,676000
17671628.051,676100
17671896.082,676200
17672162.825,676300
17672423.742,676400
17672683.876,676500
17672955.929,676600
17673248.595,676700
17673512.990,676800
17673786.308,676900
17674052.586,677000
17674313.519,677100
17674577.342,677200
17674836.031,677300
17675106.647,677400
17675364.772,677500
17675636.211,677600
17675906.224,677700
17676172.361,677800
17676450.315,677900
17676720.970,678000
17676987.445,678100
17677267.155,678200
17677525.410,678300
17677796.385,678400
17678054.977,678500
17678319.340,678600
17678591.440,678700
17678873.122,678800
17679152.150,678900
17679421.519,679000
17679691.953,679100
17679965.118,679200
17680231.386,679300
17680493.808,679400
17680765.114,679500
17681038.343,679600
17681311.438,679700
17681595.704,679800
17681859.380,679900
17710850.301,680000
17711289.791,680100
17711566.386,680200
17711859.157,680300
17712155.864,680400
17712440.025,680500
17712734.313,680600
17713018.156,680700
17713299.524,680800
17713570.441,680900
17713855.135,681000
17714134.952,681100
17714392.739,681200
17714670.588,681300
17714942.737,681400
17715226.158,681500
17715524.807,681600
17715825.580,681700
17716123.069,681800
17716425.883,681900
17716737.353,682000
17717040.236,682100
17717312.939,682200
17717601.065,682300
17717891.444,682400
17718150.136,682500
17718417.645,682600
17718702.086,682700
17718981.214,682800
17719311.376,682900
17719606.182,683000
17719879.540,683100
17720174.753,683200
17720452.704,683300
17720734.944,683400
17721019.160,683500
17721306.807,683600
17721582.749,683700
17721866.545,683800
17722160.702,683900
17722448.753,684000
17722735.554,684100
17723035.416,684200
17723318.550,684300
17723589.574,684400
17723857.570,684500
17724127.750,684600
17724409.739,684700
17724688.200,684800
17724969.576,684900
17725242.791,685000
17725509.665,685100
17725778.414,685200
17726043.400,685300
17726310.250,685400
17726593.844,685500
17726904.961,685600
17727183.359,685700
17727433.815,685800
17727695.810,685900
17727969.167,686000
17728222.951,686100
17728498.337,686200
17728765.219,686300
17728981.285,686400
17729178.515,686500
17729399.460,686600
17729645.221,686700
17729891.922,686800
17730165.987,686900
17730424.288,687000
17730694.702,687100
17730960.674,687200
17731211.622,687300
17731459.645,687400
17731688.500,687500
17731956.258,687600
17732211.330,687700
17732482.317,687800
17732739.773,687900
17732989.896,688000
17733222.818,688100
17733492.075,688200
17733765.569,688300
17734052.349,688400
17734345.173,688500
17734632.843,688600
17734907.686,688700
17735166.434,688800
17735444.993,688900
17735714.291,689000
17735994.097,689100
17736266.858,689200
17736538.434,689300
17736806.865,689400
17737081.378,689500
17737353.825,689600
17737625.750,689700
17737876.804,689800
17738128.476,689900
17770444.529,690000
17771404.331,690100
17771669.618,690200
17771884.164,690300
17772089.250,690400
17772268.460,690500
17772500.772,690600
17772745.865,690700
17772989.615,690800
17773240.506,690900
17773425.543,691000
17773627.894,691100
17773896.230,691200
17774082.694,691300
17774262.023,691400
17774448.448,691500
17774595.372,691600
17774821.571,691700
17775027.731,691800
17775283.530,691900
17775524.931,692000
17775765.115,692100
17775968.322,692200
17776194.653,692300
17776391.914,692400
17776605.521,692500
17776751.828,692600
17776946.721,692700
17777214.405,692800
17777444.354,692900
17777655.515,693000
17777869.845,693100
17778087.449,693200
17778313.661,693300
17778490.988,693400
17778708.463,693500
17778916.142,693600
17779057.880,693700
17779268.665,693800
17779529.407,693900
17779717.421,694000
17779948.179,694100
17780186.593,694200
17780395.064,694300
17780619.061,694400
17780819.411,694500
17781036.255,694600
17781227.466,694700
17781421.796,694800
17781594.317,694900
17781840.430,695000
17782075.096,695100
17782284.804,695200
17782498.971,695300
17782734.446,695400
17782975.576,695500
17783229.192,695600
17783431.530,695700
17783608.698,695800
17783753.031,695900
17783984.529,696000
17784255.467,696100
17784592.245,696200
17784866.261,696300
17785109.728,696400
17785369.002,696500
17785617.356,696600
17785839.002,696700
17786107.136,696800
17786297.065,696900
17786459.762,697000
17786670.423,697100
17786892.553,697200
17787089.246,697300
17787321.245,697400
17787516.211,697500
17787750.986,697600
17787959.479,697700
17788134.310,697800
17788392.986,697900
17788582.415,698000
17788765.985,698100
17788976.714,698200
17789214.628,698300
17789435.902,698400
17789705.123,698500
17789964.388,698600
17790219.842,698700
17790485.018,698800
17790744.026,698900
17790924.154,699000
17791195.497,699100
17791400.981,699200
17791606.743,699300
17791852.448,699400
17792055.945,699500
17792298.381,699600
17792569.965,699700
17792809.048,699800
17793040.597,699900
17806897.780,700000
17807243.863,700100
17807441.958,700200
17807660.743,700300
17807936.504,700400
17808105.946,700500
17808376.930,700600
17808650.870,700700
17808922.067,700800
17809200.072,700900
17809451.893,701000
17809643.915,701100
17809844.081,701200
17810007.854,701300
17810238.343,701400
17810509.152,701500
17810754.738,701600
17811005.223,701700
17811228.322,701800
17811454.022,701900
17811686.214,702000
17811879.630,702100
17812079.364,702200
17812274.910,702300
17812467.643,702400
17812703.871,702500
17812916.100,702600
17813143.418,702700
17813406.427,702800
17813677.433,702900
17813866.248,703000
17814170.312,703100
17814358.987,703200
17814567.226,703300
17814763.503,703400
17815038.836,703500
17815276.388,703600
17815519.633,703700
17815769.924,703800
17816065.790,703900
17816371.715,704000
17816677.773,704100
17816959.563,704200
17817195.272,704300
17817371.578,704400
17817590.310,704500
17817900.173,704600
17818161.516,704700
17818420.355,704800
17818646.295,704900
17818896.998,705000
17819180.334,705100
17819463.068,705200
17819739.979,705300
17819921.358,705400
17820118.157,705500
17820386.291,705600
17820665.688,705700
17820903.415,705800
17821175.946,705900
17821473.511,706000
17821747.297,706100
17821996.308,706200
17822203.554,706300
17822437.414,706400
17822627.837,706500
17822821.495,706600
17823079.376,706700
17823302.442,706800
17823577.825,706900
17823838.488,707000
17824050.924,707100
17824295.483,707200
17824518.007,707300
17824733.730,707400
17824971.725,707500
17825202.902,707600
17825428.983,707700
17825732.987,707800
17825990.117,707900
17826233.871,708000
17826504.659,708100
17826781.214,708200
17827049.480,708300
17827318.444,708400
17827518.917,708500
17827713.583,708600
17827953.255,708700
17828209.536,708800
17828520.568,708900
17828831.778,709000
17829113.434,709100
17829362.873,709200
17829642.501,709300
17829884.867,709400
17830125.297,709500
17830350.370,709600
17830537.685,709700
17830750.175,709800
17831046.248,709900
17860905.039,710000
17861655.123,710100
17861986.481,710200
17862242.613,710300
17862494.792,710400
17862792.715,710500
17863008.681,710600
17863207.978,710700
17863462.089,710800
17863753.780,710900
17863987.631,711000
17864242.690,711100
17864510.192,711200
17864752.172,711300
17865035.956,711400
17865265.612,711500
17865470.202,711600
17865674.676,711700
17865895.100,711800
17866157.753,711900
17866422.877,712000
17866704.386,712100
17866988.318,712200
17867286.343,712300
17867516.070,712400
17867742.211,712500
17867962.703,712600
17868300.036,712700
17868544.724,712800
17868771.031,712900
17868993.087,713000
17869250.854,713100
17869443.761,713200
17869688.988,713300
17869953.020,713400
17870161.906,713500
17870403.813,713600
17870592.563,713700
17870772.298,713800
17870981.477,713900
17871202.365,714000
17871439.261,714100
17871711.574,714200
17871977.452,714300
17872227.474,714400
17872479.243,714500
17872749.838,714600
17872982.914,714700
17873143.441,714800
17873345.459,714900
17873608.216,715000
17873848.701,715100
17874077.710,715200
17874330.244,715300
17874543.135,715400
17874805.541,715500
17875074.620,715600
17875340.190,715700
17875547.313,715800
17875781.121,715900
17876018.841,716000
17876323.768,716100
17876626.678,716200
17876906.487,716300
17877209.906,716400
17877512.573,716500
17877787.983,716600
17877926.260,716700
17878094.286,716800
17878266.955,716900
17878470.644,717000
17878749.098,717100
17878989.694,717200
17879233.940,717300
17879511.610,717400
17879778.815,717500
17880015.167,717600
17880259.319,717700
17880488.362,717800
17880679.110,717900
17880882.659,718000
17881175.952,718100
17881426.076,718200
17881644.309,718300
17881900.659,718400
17882098.673,718500
17882303.240,718600
17882551.830,718700
17882734.090,718800
17882922.783,718900
17883093.057,719000
17883284.546,719100
17883521.755,719200
17883760.723,719300
17883978.728,719400
17884196.274,719500
17884386.827,719600
17884650.090,719700
17884925.792,719800
17885230.418,719900
17906041.104,720000
17906491.909,720100
17906769.888,720200
17907036.954,720300
17907291.890,720400
17907529.370,720500
17907806.053,720600
17908065.777,720700
17908316.301,720800
17908550.129,720900
17908762.553,721000
17909030.626,721100
17909342.191,721200
17909639.578,721300
17909916.658,721400
17910190.939,721500
17910411.588,721600
17910683.643,721700
17910924.379,721800
17911232.499,721900
17911533.002,722000
17911744.112,722100
17911983.939,722200
17912269.246,722300
17912536.538,722400
17912848.868,722500
17913224.107,722600
17913553.494,722700
17913861.292,722800
17914189.242,722900
17914493.971,723000
17914668.699,723100
17914875.442,723200
17915082.221,723300
17915314.616,723400
17915582.879,723500
17915773.723,723600
17916018.656,723700
17916245.443,723800
17916507.098,723900
17916765.069,724000
17916981.087,724100
17917166.235,724200
17917365.801,724300
17917640.317,724400
17917866.187,724500
17918057.620,724600
17918299.063,724700
17918592.215,724800
17918855.008,724900
17919092.553,725000
17919327.235,725100
17919529.534,725200
17919752.324,725300
17920021.423,725400
17920321.946,725500
17920648.378,725600
17920929.216,725700
17921189.936,725800
17921431.735,725900
17921676.204,726000
17921925.599,726100
17922146.848,726200
17922365.313,726300
17922630.852,726400
17922859.346,726500
17923117.972,726600
17923391.091,726700
17923638.909,726800
17923885.638,726900
17924090.968,727000
17924285.440,727100
17924495.089,727200
17924683.690,727300
17924958.428,727400
17925232.407,727500
17925466.430,727600
17925720.707,727700
17925993.142,727800
17926227.341,727900
17926496.194,728000
17926720.327,728100
17926898.476,728200
17927105.319,728300
17927347.923,728400
17927563.806,728500
17927853.029,728600
17928096.349,728700
17928324.505,728800
17928612.948,728900
17928880.511,729000
17929052.658,729100
17929284.887,729200
17929518.642,729300
17929788.256,729400
17930052.510,729500
17930314.644,729600
17930581.058,729700
17930859.841,729800
17931167.202,729900
17951089.565,730000
17952053.114,730100
17952370.977,730200
17952632.542,730300
17952847.137,730400
17953090.010,730500
17953351.187,730600
17953589.846,730700
17953840.512,730800
17954123.302,730900
17954368.848,731000
17954615.073,731100
17954813.861,731200
17955014.596,731300
17955260.782,731400
17955522.185,731500
17955790.346,731600
17956024.193,731700
17956291.901,731800
17956561.821,731900
17956775.292,732000
17956996.615,732100
17957210.218,732200
17957383.723,732300
17957577.638,732400
17957879.212,732500
17958168.457,732600
17958405.072,732700
17958663.227,732800
17958896.173,732900
17959123.102,733000
17959389.529,733100
17959569.372,733200
17959770.987,733300
17959971.099,733400
17960227.928,733500
17960472.159,733600
17960744.570,733700
17960965.299,733800
17961217.075,733900
17961498.068,734000
17961762.608,734100
17962055.233,734200
17962298.388,734300
17962483.506,734400
17962678.650,734500
17962908.880,734600
17963157.201,734700
17963408.476,734800
17963634.413,734900
17963937.969,735000
17964249.782,735100
17964544.484,735200
17964780.222,735300
17965020.294,735400
17965224.404,735500
17965443.845,735600
17965772.475,735700
17966024.264,735800
17966239.957,735900
17966574.028,736000
17966914.964,736100
17967219.914,736200
17967514.465,736300
17967819.299,736400
17968130.547,736500
17968443.949,736600
17968741.802,736700
17969035.431,736800
17969291.421,736900
17969554.566,737000
17969824.844,737100
17970121.204,737200
17970359.526,737300
17970563.913,737400
17970806.535,737500
17971034.813,737600
17971274.929,737700
17971555.664,737800
17971821.844,737900
17972038.416,738000
17972299.150,738100
17972576.159,738200
17972762.236,738300
17972971.090,738400
17973191.622,738500
17973454.008,738600
17973716.658,738700
17973992.167,738800
17974250.861,738900
17974527.171,739000
17974786.021,739100
17975057.148,739200
17975268.074,739300
17975440.923,739400
17975644.216,739500
17975923.057,739600
17976123.343,739700
17976379.411,739800
17976566.723,739900
17997651.570,740000
17998115.485,740100
17998340.258,740200
17998604.867,740300
17998852.497,740400
17999072.264,740500
17999352.780,740600
17999698.731,740700
17999995.556,740800
18000258.286,740900
18000530.978,741000
18000823.365,741100
18001106.747,741200
18001380.226,741300
18001617.467,741400
18001853.691,741500
18002075.211,741600
18002311.552,741700
18002575.767,741800
18002840.348,741900
18003064.327,742000
18003298.994,742100
18003585.306,742200
18003781.522,742300
18004024.952,742400
18004296.556,742500
18004601.411,742600
18004821.535,742700
18005077.106,742800
18005325.658,742900
18005540.307,743000
18005781.086,743100
18006034.292,743200
18006283.365,743300
18006504.584,743400
18006692.665,743500
18006884.995,743600
18007121.929,743700
18007410.188,743800
18007676.920,743900
18007908.707,744000
18008149.014,744100
18008414.070,744200
18008638.238,744300
18008804.682,744400
18009009.192,744500
18009246.413,744600
18009465.448,744700
18009729.562,744800
18010007.921,744900
18010292.075,745000
18010539.328,745100
18010747.562,745200
18010962.622,745300
18011179.936,745400
18011406.429,745500
18011692.568,745600
18011973.450,745700
18012262.134,745800
18012512.403,745900
18012741.439,746000
18013012.004,746100
18013197.638,746200
18013372.005,746300
18013566.896,746400
18013818.654,746500
18014036.087,746600
18014310.093,746700
18014504.034,746800
18014756.784,746900
18015046.052,747000
18015279.903,747100
18015511.484,747200
18015758.638,747300
18015976.047,747400
18016214.561,747500
18016458.433,747600
18016707.827,747700
18016950.003,747800
18017238.736,747900
18017525.442,748000
18017723.112,748100
18017992.791,748200
18018204.008,748300
18018369.621,748400
18018571.293,748500
18018844.005,748600
18019082.390,748700
18019375.564,748800
18019654.363,748900
18019927.135,749000
18020161.742,749100
18020453.001,749200
18020657.895,749300
18020906.601,749400
18021142.420,749500
18021396.419,749600
18021640.601,749700
18021953.258,749800
18022239.347,749900
18041183.266,750000
18041977.360,750100
18042283.192,750200
18042498.699,750300
18042735.273,750400
18042951.028,750500
18043164.645,750600
18043393.211,750700
18043662.044,750800
18043888.456,750900
18044141.453,751000
18044381.683,751100
18044566.062,751200
18044834.744,751300
18045059.952,751400
18045240.953,751500
18045482.232,751600
18045698.692,751700
18045951.878,751800
18046220.196,751900
18046448.780,752000
18046760.503,752100
18047026.351,752200
18047312.597,752300
18047620.177,752400
18047823.958,752500
18048003.032,752600
18048205.146,752700
18048505.644,752800
18048740.053,752900
18049012.603,753000
18049278.571,753100
18049559.733,753200
18049824.297,753300
18050090.684,753400
18050303.481,753500
18050490.255,753600
18050698.650,753700
18050939.205,753800
18051198.342,753900
18051499.924,754000
18051801.460,754100
18052033.954,754200
18052311.336,754300
18052580.190,754400
18052792.743,754500
18052982.338,754600
18053196.729,754700
18053415.263,754800
18053684.427,754900
18053952.460,755000
18054172.744,755100
18054437.193,755200
18054720.831,755300
18054999.824,755400
18055213.668,755500
18055414.000,755600
18055638.188,755700
18055865.321,755800
18056149.566,755900
18056447.727,756000
18056661.820,756100
18056887.140,756200
18057159.993,756300
18057389.273,756400
18057605.974,756500
18057821.450,756600
18058011.009,756700
18058235.607,756800
18058493.032,756900
18058707.249,757000
18058982.633,757100
18059144.888,757200
18059397.818,757300
18059649.371,757400
18059897.189,757500
18060155.817,757600
18060343.680,757700
18060528.700,757800
18060715.174,757900
18060918.608,758000
18061162.460,758100
18061378.177,758200
18061628.744,758300
18061899.681,758400
18062286.847,758500
18062693.503,758600
18063031.586,758700
18063273.210,758800
18063474.531,758900
18063708.503,759000
18063930.541,759100
18064197.333,759200
18064528.622,759300
18064842.435,759400
18065103.969,759500
18065354.637,759600
18065600.333,759700
18065838.729,759800
18066073.252,759900
18089242.758,760000
18089683.976,760100
18089982.280,760200
18090266.169,760300
18090578.141,760400
18090842.082,760500
18091129.805,760600
18091361.711,760700
18091590.624,760800
18091844.765,760900
18092086.559,761000
18092320.177,761100
18092578.141,761200
18092826.378,761300
18093083.457,761400
18093354.371,761500
18093588.104,761600
18093834.385,761700
18094130.035,761800
18094357.670,761900
18094591.235,762000
18094822.347,762100
18095133.854,762200
18095381.030,762300
18095641.774,762400
18095965.395,762500
18096227.556,762600
18096518.633,762700
18096755.532,762800
18096957.024,762900
18097225.840,763000
18097476.738,763100
18097776.510,763200
18098108.664,763300
18098435.419,763400
18098771.537,763500
18099089.095,763600
18099398.212,763700
18099724.670,763800
18100025.984,763900
18100307.168,764000
18100577.897,764100
18100872.595,764200
18101157.204,764300
18101456.505,764400
18101825.210,764500
18102186.005,764600
18102494.242,764700
18102819.025,764800
18103065.288,764900
18103368.375,765000
18103640.245,765100
18103925.049,765200
18104188.432,765300
18104508.167,765400
18104758.944,765500
18105041.503,765600
18105354.438,765700
18105632.793,765800
18105862.995,765900
18106129.768,766000
18106383.730,766100
18106669.208,766200
18106887.875,766300
18107104.286,766400
18107340.988,766500
18107560.967,766600
18107901.632,766700
18108260.969,766800
18108497.609,766900
18108735.675,767000
18108989.510,767100
18109235.185,767200
18109481.210,767300
18109722.729,767400
18110006.737,767500
18110260.855,767600
18110505.758,767700
18110788.572,767800
18111033.692,767900
18111267.618,768000
18111553.003,768100
18111836.341,768200
18112113.830,768300
18112368.247,768400
18112635.069,768500
18112872.796,768600
18113178.164,768700
18113472.942,768800
18113675.726,768900
18113877.760,769000
18114148.327,769100
18114517.315,769200
18114737.565,769300
18114992.741,769400
18115263.178,769500
18115561.219,769600
18115779.271,769700
18116018.540,769800
18116206.621,769900
18138056.866,770000
18138877.551,770100
18139184.572,770200
18139467.322,770300
18139753.273,770400
18139981.712,770500
18140295.195,770600
18140515.139,770700
18140706.374,770800
18140944.540,770900
18141130.562,771000
18141366.602,771100
18141758.010,771200
18142136.281,771300
18142390.696,771400
18142736.756,771500
18143031.169,771600
18143318.538,771700
18143602.160,771800
18143862.135,771900
18144089.393,772000
18144297.481,772100
18144509.743,772200
18144812.391,772300
18145043.412,772400
18145326.809,772500
18145612.843,772600
18145857.206,772700
18146112.290,772800
18146411.297,772900
18146648.360,773000
18146886.911,773100
18147112.451,773200
18147369.438,773300
18147608.915,773400
18147859.547,773500
18148089.117,773600
18148291.290,773700
18148546.656,773800
18148761.010,773900
18148988.967,774000
18149227.918,774100
18149421.667,774200
18149667.167,774300
18149958.410,774400
18150264.869,774500
18150572.903,774600
18150850.769,774700
18151132.630,774800
18151399.642,774900
18151671.180,775000
18151902.657,775100
18152109.781,775200
18152355.267,775300
18152582.417,775400
18152838.895,775500
18153100.079,775600
18153331.863,775700
18153600.044,775800
18153819.991,775900
18154058.085,776000
18154277.612,776100
18154457.723,776200
18154692.197,776300
18154935.749,776400
18155141.269,776500
18155361.298,776600
18155602.511,776700
18155827.535,776800
18156099.512,776900
18156354.325,777000
18156625.962,777100
18156904.337,777200
18157141.309,777300
18157418.535,777400
18157650.168,777500
18157913.658,777600
18158190.900,777700
18158460.807,777800
18158737.939,777900
18159017.685,778000
18159290.251,778100
18159599.409,778200
18159864.898,778300
18160098.714,778400
18160346.226,778500
18160638.279,778600
18160899.436,778700
18161153.503,778800
18161400.876,778900
18161636.352,779000
18161909.459,779100
18162159.618,779200
18162384.785,779300
18162610.944,779400
18162869.757,779500
18163124.382,779600
18163398.502,779700
18163657.546,779800
18163921.670,779900
18190994.554,780000
18191817.132,780100
18192199.481,780200
18192431.997,780300
18192672.699,780400
18192877.351,780500
18193140.763,780600
18193445.412,780700
18193730.276,780800
18194013.665,780900
18194304.285,781000
18194562.256,781100
18194827.277,781200
18195114.941,781300
18195349.546,781400
18195547.592,781500
18195807.915,781600
18196074.202,781700
18196328.842,781800
18196600.898,781900
18196827.390,782000
18197057.189,782100
18197272.447,782200
18197469.818,782300
18197705.504,782400
18197948.470,782500
18198165.512,782600
18198430.063,782700
18198698.616,782800
18198980.685,782900
18199266.118,783000
18199540.344,783100
18199780.343,783200
18200064.632,783300
18200349.785,783400
18200626.413,783500
18200886.474,783600
18201167.125,783700
18201453.707,783800
18201728.104,783900
18202001.219,784000
18202284.545,784100
18202513.669,784200
18202776.764,784300
18203053.137,784400
18203284.475,784500
18203512.965,784600
18203771.983,784700
18204074.887,784800
18204399.180,784900
18204718.727,785000
18204988.221,785100
18205291.113,785200
18205582.224,785300
18205885.111,785400
18206181.114,785500
18206477.488,785600
18206769.009,785700
18207046.404,785800
18207334.813,785900
18207646.553,786000
18207927.115,786100
18208256.669,786200
18208544.499,786300
18208822.053,786400
18209087.400,786500
18209336.250,786600
18209562.072,786700
18209819.118,786800
18210119.958,786900
18210410.452,787000
18210675.043,787100
18210971.177,787200
18211249.241,787300
18211516.664,787400
18211778.571,787500
18212050.424,787600
18212297.086,787700
18212537.138,787800
18212784.120,787900
18213034.749,788000
18213308.084,788100
18213581.112,788200
18213842.788,788300
18214132.031,788400
18214356.341,788500
18214590.219,788600
18214804.595,788700
18215034.056,788800
18215259.398,788900
18215523.633,789000
18215754.256,789100
18215993.025,789200
18216242.466,789300
18216494.709,789400
18216728.896,789500
18216956.984,789600
18217185.984,789700
18217434.187,789800
18217688.111,789900
18251136.827,790000
18252168.634,790100
18252557.861,790200
18252884.059,790300
18253190.364,790400
18253448.676,790500
18253731.052,790600
18253972.726,790700
18254224.584,790800
18254484.159,790900
18254748.237,791000
18255032.911,791100
18255312.063,791200
18255583.195,791300
18255868.206,791400
18256138.779,791500
18256413.406,791600
18256680.387,791700
18256924.734,791800
18257192.814,791900
18257468.519,792000
18257727.831,792100
18258014.293,792200
18258299.036,792300
18258589.394,792400
18258874.706,792500
18259146.161,792600
18259420.769,792700
18259697.975,792800
18259980.526,792900
18260269.767,793000
18260541.956,793100
18260855.756,793200
18261162.905,793300
18261428.321,793400
18261707.829,793500
18261991.720,793600
18262280.232,793700
18262558.703,793800
18262804.952,793900
18263075.928,794000
18263382.019,794100
18263645.818,794200
18263939.218,794300
18264221.866,794400
18264489.176,794500
18264726.288,794600
18265022.744,794700
18265267.661,794800
18265510.261,794900
18265754.705,795000
18266041.337,795100
18266312.769,795200
18266616.726,795300
18266942.766,795400
18267245.998,795500
18267591.871,795600
18267872.117,795700
18268161.375,795800
18268430.141,795900
18268720.278,796000
18269006.079,796100
18269291.283,796200
18269591.529,796300
18269884.579,796400
18270167.254,796500
18270468.061,796600
18270762.902,796700
18271078.262,796800
18271395.661,796900
18271707.102,797000
18272018.295,797100
18272357.420,797200
18272634.271,797300
18272925.733,797400
18273238.680,797500
18273499.741,797600
18273753.624,797700
18274005.127,797800
18274246.808,797900
18274495.990,798000
18274753.625,798100
18275056.328,798200
18275331.741,798300
18275608.966,798400
18275895.697,798500
18276213.461,798600
18276506.430,798700
18276776.139,798800
18277035.828,798900
18277294.875,799000
18277565.347,799100
18277825.944,799200
18278100.611,799300
18278353.079,799400
18278638.000,799500
18278946.113,799600
18279437.202,799700
18279918.770,799800
18280258.315,799900
18310812.683,800000
18312196.781,800100
18312609.440,800200
18312981.034,800300
18313303.475,800400
18313614.715,800500
18313920.665,800600
18314232.204,800700
18314501.753,800800
18314790.599,800900
18315049.453,801000
18315353.296,801100
18315670.045,801200
18315988.514,801300
18316288.055,801400
18316572.356,801500
18316881.982,801600
18317193.358,801700
18317454.571,801800
18317695.099,801900
18317948.877,802000
18318202.141,802100
18318501.895,802200
18318831.649,802300
18319083.349,802400
18319368.660,802500
18319656.596,802600
18319926.617,802700
18320175.924,802800
18320432.397,802900
18320690.059,803000
18320926.576,803100
18321221.133,803200
18321457.762,803300
18321735.550,803400
18322015.061,803500
18322279.551,803600
18322588.472,803700
18322888.817,803800
18323157.283,803900
18323408.789,804000
18323659.615,804100
18323906.091,804200
18324202.046,804300
18324491.428,804400
18324766.852,804500
18325101.093,804600
18325370.660,804700
18325638.479,804800
18325926.921,804900
18326199.687,805000
18326473.262,805100
18326770.515,805200
18327028.172,805300
18327337.724,805400
18327627.836,805500
18327926.739,805600
18328191.810,805700
18328474.323,805800
18328721.264,805900
18328954.374,806000
18329186.617,806100
18329426.830,806200
18329696.665,806300
18329993.345,806400
18330264.004,806500
18330536.600,806600
18330795.791,806700
18331098.132,806800
18331363.369,806900
18331605.831,807000
18331861.596,807100
18332127.653,807200
18332405.537,807300
18332693.663,807400
18332973.235,807500
18333236.019,807600
18333512.393,807700
18333751.793,807800
18334026.602,807900
18334262.954,808000
18334513.804,808100
18334780.460,808200
18335017.575,808300
18335304.807,808400
18335598.327,808500
18335875.885,808600
18336176.871,808700
18336470.672,808800
18336757.728,808900
18337019.427,809000
18337271.213,809100
18337576.946,809200
18337942.156,809300
18338322.547,809400
18338669.406,809500
18338983.748,809600
18339287.195,809700
18339640.366,809800
18339980.201,809900
18371119.167,810000
18372587.744,810100
18373088.670,810200
18373459.278,810300
18373821.624,810400
18374212.007,810500
18374530.529,810600
18374864.945,810700
18375179.569,810800
18375452.740,810900
18375771.657,811000
18376055.320,811100
18376346.866,811200
18376633.163,811300
18376913.075,811400
18377169.364,811500
18377486.019,811600
18377756.216,811700
18378075.905,811800
18378373.005,811900
18378677.456,812000
18378977.653,812100
18379254.666,812200
18379493.053,812300
18379785.635,812400
18380113.992,812500
18380409.072,812600
18380734.521,812700
18381070.057,812800
18381355.681,812900
18381677.777,813000
18382002.654,813100
18382305.997,813200
18382586.937,813300
18382883.832,813400
18383151.085,813500
18383496.621,813600
18383868.577,813700
18384178.937,813800
18384510.404,813900
18384838.737,814000
18385146.856,814100
18385411.100,814200
18385704.232,814300
18385973.970,814400
18386244.978,814500
18386571.056,814600
18386847.875,814700
18387142.688,814800
18387464.525,814900
18387789.025,815000
18388056.656,815100
18388345.747,815200
18388593.826,815300
18388833.704,815400
18389116.394,815500
18389407.712,815600
18389723.065,815700
18390104.286,815800
18390383.563,815900
18390653.518,816000
18390966.899,816100
18391275.984,816200
18391534.251,816300
18391804.013,816400
18392028.662,816500
18392292.908,816600
18392605.797,816700
18392897.286,816800
18393163.414,816900
18393419.404,817000
18393676.187,817100
18393954.445,817200
18394192.912,817300
18394451.291,817400
18394672.866,817500
18394922.356,817600
18395198.420,817700
18395452.042,817800
18395754.322,817900
18396034.371,818000
18396272.699,818100
18396580.370,818200
18396890.610,818300
18397150.057,818400
18397397.735,818500
18397667.226,818600
18397958.237,818700
18398264.300,818800
18398574.792,818900
18398879.860,819000
18399197.917,819100
18399556.730,819200
18399857.091,819300
18400179.747,819400
18400458.390,819500
18400697.834,819600
18400974.332,819700
18401323.327,819800
18401629.578,819900
18432566.393,820000
18433900.071,820100
18434417.413,820200
18434775.879,820300
18435081.901,820400
18435365.556,820500
18435643.793,820600
18435928.955,820700
18436247.296,820800
18436543.870,820900
18436820.959,821000
18437060.880,821100
18437317.768,821200
18437566.574,821300
18437840.236,821400
18438068.541,821500
18438292.638,821600
18438548.729,821700
18438804.164,821800
18439063.699,821900
18439308.009,822000
18439558.111,822100
18439800.794,822200
18440057.226,822300
18440317.718,822400
18440605.778,822500
18440859.480,822600
18441103.773,822700
18441342.020,822800
18441578.617,822900
18441830.443,823000
18442099.685,823100
18442344.869,823200
18442653.407,823300
18442940.420,823400
18443237.592,823500
18443517.776,823600
18443737.955,823700
18443981.308,823800
18444238.819,823900
18444538.037,824000
18444875.916,824100
18445156.461,824200
18445451.736,824300
18445781.486,824400
18446055.433,824500
18446327.783,824600
18446627.296,824700
18446928.743,824800
18447199.485,824900
18447503.072,825000
18447821.649,825100
18448130.525,825200
18448397.025,825300
18448715.896,825400
18449017.947,825500
18449318.869,825600
18449540.255,825700
18449763.307,825800
18450032.396,825900
18450297.999,826000
18450597.672,826100
18450888.469,826200
18451149.940,826300
18451433.167,826400
18451720.989,826500
18451992.311,826600
18452235.978,826700
18452512.611,826800
18452833.819,826900
18453093.310,827000
18453381.667,827100
18453708.669,827200
18454098.624,827300
18454469.849,827400
18454763.297,827500
18455114.585,827600
18455398.848,827700
18455663.126,827800
18455921.220,827900
18456224.774,828000
18456523.508,828100
18456914.577,828200
18457346.963,828300
18457742.927,828400
18458105.118,828500
18458428.280,828600
18458739.189,828700
18459003.056,828800
18459299.857,828900
18459610.595,829000
18459944.631,829100
18460256.394,829200
18460605.498,829300
18460882.168,829400
18461177.048,829500
18461525.789,829600
18461858.106,829700
18462219.674,829800
18462589.376,829900
18491357.263,830000
18492801.439,830100
18493359.338,830200
18493793.588,830300
18494102.441,830400
18494451.863,830500
18494755.297,830600
18495097.864,830700
18495444.650,830800
18495777.549,830900
18496095.836,831000
18496417.581,831100
18496758.477,831200
18497067.283,831300
18497344.696,831400
18497649.683,831500
18497970.749,831600
18498257.072,831700
18498558.026,831800
18498845.692,831900
18499151.422,832000
18499471.105,832100
18499814.391,832200
18500168.441,832300
18500490.474,832400
18500930.623,832500
18501310.987,832600
18501654.654,832700
18501983.470,832800
18502316.833,832900
18502612.228,833000
18502933.161,833100
18503307.938,833200
18503687.035,833300
18504024.572,833400
18504359.048,833500
18504674.032,833600
18504959.442,833700
18505268.324,833800
18505565.954,833900
18505879.481,834000
18506209.610,834100
18506526.262,834200
18506919.936,834300
18507293.034,834400
18507645.503,834500
18508009.072,834600
18508366.596,834700
18508720.176,834800
18509062.243,834900
18509405.445,835000
18509730.669,835100
18510048.754,835200
18510370.106,835300
18510690.562,835400
18510980.910,835500
18511311.477,835600
18511627.096,835700
18511915.654,835800
18512244.360,835900
18512571.365,836000
18512893.102,836100
18513262.064,836200
18513591.788,836300
18513912.433,836400
18514171.470,836500
18514493.177,836600
18514802.326,836700
18515105.936,836800
18515397.358,836900
18515671.650,837000
18515929.578,837100
18516173.611,837200
18516497.791,837300
18516801.048,837400
18517135.584,837500
18517485.064,837600
18517865.079,837700
18518261.309,837800
18518642.903,837900
18518965.554,838000
18519253.406,838100
18519595.550,838200
18519938.673,838300
18520266.401,838400
18520592.942,838500
18520892.133,838600
18521197.885,838700
18521512.470,838800
18521830.880,838900
18522102.446,839000
18522392.331,839100
18522668.868,839200
18522967.829,839300
18523281.731,839400
18523585.471,839500
18523912.133,839600
18524241.214,839700
18524548.964,839800
18524876.583,839900
18552565.483,840000
18553431.336,840100
18553833.557,840200
18554193.296,840300
18554572.211,840400
18554818.500,840500
18555091.455,840600
18555444.411,840700
18555772.327,840800
18556108.274,840900
18556428.915,841000
18556736.230,841100
18557007.677,841200
18557294.417,841300
18557616.665,841400
18557914.511,841500
18558224.959,841600
18558550.748,841700
18558834.624,841800
18559139.791,841900
18559436.937,842000
18559691.277,842100
18559927.351,842200
18560194.096,842300
18560500.342,842400
18560794.297,842500
18561090.576,842600
18561356.006,842700
18561605.275,842800
18561864.446,842900
18562078.572,843000
18562355.597,843100
18562622.879,843200
18562914.737,843300
18563227.906,843400
18563553.183,843500
18563858.212,843600
18564150.340,843700
18564412.766,843800
18564681.853,843900
18564958.126,844000
18565245.531,844100
18565501.973,844200
18565747.257,844300
18566033.839,844400
18566335.753,844500
18566651.624,844600
18566909.246,844700
18567181.684,844800
18567415.301,844900
18567677.997,845000
18567890.250,845100
18568109.871,845200
18568335.092,845300
18568605.782,845400
18568877.189,845500
18569161.407,845600
18569391.289,845700
18569689.217,845800
18569952.523,845900
18570202.782,846000
18570444.031,846100
18570682.711,846200
18570935.836,846300
18571221.864,846400
18571476.636,846500
18571764.245,846600
18572054.344,846700
18572346.073,846800
18572650.870,846900
18572930.710,847000
18573217.188,847100
18573488.579,847200
18573732.303,847300
18574036.221,847400
18574335.923,847500
18574640.745,847600
18574936.166,847700
18575194.255,847800
18575431.626,847900
18575697.326,848000
18576009.405,848100
18576357.781,848200
18576691.029,848300
18577053.235,848400
18577381.722,848500
18577706.246,848600
18578033.978,848700
18578374.259,848800
18578683.933,848900
18579013.630,849000
18579319.113,849100
18579665.803,849200
18580010.683,849300
18580413.360,849400
18580767.891,849500
18581118.749,849600
18581569.110,849700
18581963.295,849800
18582347.756,849900
18611572.696,850000
18612664.344,850100
18613232.728,850200
18613678.422,850300
18614050.024,850400
18614373.787,850500
18614740.707,850600
18615049.337,850700
18615392.720,850800
18615792.386,850900
18616313.830,851000
18616624.284,851100
18616969.860,851200
18617312.988,851300
18617623.033,851400
18617982.669,851500
18618311.861,851600
18618627.275,851700
18618945.566,851800
18619277.410,851900
18619531.850,852000
18619821.442,852100
18620150.326,852200
18620484.493,852300
18620840.924,852400
18621228.258,852500
18621513.274,852600
18621856.458,852700
18622206.273,852800
18622523.007,852900
18622820.935,853000
18623111.822,853100
18623383.623,853200
18623672.838,853300
18623970.731,853400
18624216.600,853500
18624497.625,853600
18624763.204,853700
18625070.774,853800
18625352.834,853900
18625631.003,854000
18625997.444,854100
18626359.595,854200
18626659.905,854300
18626924.476,854400
18627201.334,854500
18627493.680,854600
18627773.556,854700
18628052.057,854800
18628368.937,854900
18628684.052,855000
18629011.391,855100
18629323.224,855200
18629620.876,855300
18629927.813,855400
18630239.225,855500
18630568.342,855600
18630912.812,855700
18631265.516,855800
18631559.828,855900
18631879.983,856000
18632199.370,856100
18632499.819,856200
18632809.191,856300
18633172.382,856400
18633542.848,856500
18633899.726,856600
18634213.604,856700
18634529.594,856800
18634794.698,856900
18635083.637,857000
18635374.742,857100
18635622.773,857200
18635882.673,857300
18636146.761,857400
18636456.139,857500
18636754.479,857600
18637053.541,857700
18637357.400,857800
18637641.427,857900
18637902.554,858000
18638163.503,858100
18638523.370,858200
18638890.013,858300
18639240.731,858400
18639587.776,858500
18640024.813,858600
18640463.691,858700
18640765.646,858800
18641117.290,858900
18641469.953,859000
18641822.263,859100
18642159.616,859200
18642440.767,859300
18642725.594,859400
18643000.385,859500
18643285.019,859600
18643536.121,859700
18643807.418,859800
18644115.678,859900
18674507.665,860000
18675564.755,860100
18676040.492,860200
18676360.979,860300
18676650.262,860400
18676904.122,860500
18677215.326,860600
18677498.014,860700
18677818.079,860800
18678135.612,860900
18678426.926,861000
18678779.497,861100
18679107.906,861200
18679371.311,861300
18679647.716,861400
18679926.875,861500
18680239.499,861600
18680513.091,861700
18680794.584,861800
18681079.925,861900
18681393.514,862000
18681702.385,862100
18682035.250,862200
18682303.582,862300
18682566.127,862400
18682824.911,862500
18683148.842,862600
18683447.085,862700
18683709.096,862800
18684023.844,862900
18684342.033,863000
18684650.801,863100
18684903.343,863200
18685193.361,863300
18685455.629,863400
18685747.259,863500
18686037.907,863600
18686343.118,863700
18686604.931,863800
18686882.830,863900
18687167.321,864000
18687454.093,864100
18687732.276,864200
18687988.407,864300
18688245.498,864400
18688513.106,864500
18688793.629,864600
18689069.820,864700
18689347.973,864800
18689637.964,864900
18689913.792,865000
18690185.644,865100
18690459.016,865200
18690723.368,865300
18690967.848,865400
18691226.424,865500
18691520.393,865600
18691818.754,865700
18692123.488,865800
18692433.610,865900
18692728.941,866000
18693052.496,866100
18693402.442,866200
18693684.504,866300
18693973.911,866400
18694254.482,866500
18694531.027,866600
18694812.463,866700
18695085.959,866800
18695375.507,866900
18695646.569,867000
18695989.205,867100
18696268.038,867200
18696553.069,867300
18696848.232,867400
18697161.682,867500
18697443.515,867600
18697718.654,867700
18698020.637,867800
18698340.060,867900
18698720.446,868000
18699033.580,868100
18699418.796,868200
18699801.507,868300
18700105.423,868400
18700455.307,868500
18700769.793,868600
18701135.641,868700
18701494.233,868800
18701895.527,868900
18702294.338,869000
18702730.637,869100
18703199.489,869200
18703595.881,869300
18703998.396,869400
18704426.726,869500
18704765.774,869600
18705104.968,869700
18705483.039,869800
18705933.190,869900
18732107.067,870000
18733215.356,870100
18733865.726,870200
18734366.910,870300
18734792.432,870400
18735136.025,870500
18735467.773,870600
18735778.974,870700
18736099.305,870800
18736426.113,870900
18736706.072,871000
18737021.784,871100
18737316.247,871200
18737641.138,871300
18738078.646,871400
18738437.188,871500
18738810.213,871600
18739153.450,871700
18739491.823,871800
18739806.893,871900
18740155.744,872000
18740464.466,872100
18740787.028,872200
18741091.452,872300
18741389.909,872400
18741709.363,872500
18742014.742,872600
18742323.150,872700
18742603.997,872800
18742935.431,872900
18743310.120,873000
18743635.603,873100
18743973.286,873200
18744316.579,873300
18744695.226,873400
18745063.612,873500
18745415.251,873600
18745738.365,873700
18746099.503,873800
18746434.477,873900
18746764.804,874000
18747132.900,874100
18747478.636,874200
18747791.298,874300
18748097.235,874400
18748450.453,874500
18748756.132,874600
18749061.767,874700
18749362.296,874800
18749680.398,874900
18750024.997,875000
18750398.662,875100
18750741.551,875200
18751080.026,875300
18751437.948,875400
18751793.549,875500
18752142.966,875600
18752494.493,875700
18752827.956,875800
18753153.371,875900
18753469.097,876000
18753830.921,876100
18754174.367,876200
18754481.533,876300
18754815.473,876400
18755161.192,876500
18755495.558,876600
18755821.560,876700
18756152.503,876800
18756429.378,876900
18756757.795,877000
18757092.340,877100
18757439.404,877200
18757780.814,877300
18758083.997,877400
18758407.845,877500
18758723.207,877600
18759056.332,877700
18759363.439,877800
18759689.958,877900
18759993.860,878000
18760313.992,878100
18760783.743,878200
18761342.718,878300
18761795.890,878400
18762166.196,878500
18762525.793,878600
18762899.677,878700
18763187.731,878800
18763534.579,878900
18763849.300,879000
18764194.624,879100
18764509.441,879200
18765300.480,879300
18765915.858,879400
18766367.731,879500
18766758.013,879600
18767170.808,879700
18767546.454,879800
18767929.234,879900
18800184.478,880000
18801744.517,880100
18802258.978,880200
18802754.649,880300
18803146.164,880400
18803486.315,880500
18803835.883,880600
18804182.222,880700
18804502.550,880800
18804790.391,880900
18805117.459,881000
18805468.866,881100
18805841.662,881200
18806151.794,881300
18806456.017,881400
18806731.115,881500
18807040.753,881600
18807378.567,881700
18807626.891,881800
18807896.850,881900
18808163.793,882000
18808541.260,882100
18808904.405,882200
18809263.351,882300
18809595.892,882400
18809893.611,882500
18810212.415,882600
18810492.482,882700
18810773.596,882800
18811009.228,882900
18811285.366,883000
18811564.784,883100
18811877.869,883200
18812190.537,883300
18812532.125,883400
18812847.149,883500
18813128.120,883600
18813427.690,883700
18813746.218,883800
18814002.528,883900
18814262.600,884000
18814560.139,884100
18814906.357,884200
18815464.591,884300
18815802.640,884400
18816157.226,884500
18816468.805,884600
18816761.775,884700
18817110.860,884800
18817398.645,884900
18817654.142,885000
18817919.815,885100
18818249.575,885200
18818602.252,885300
18818931.491,885400
18819317.049,885500
18819685.224,885600
18820025.248,885700
18820419.988,885800
18820796.125,885900
18821078.300,886000
18821455.414,886100
18821821.223,886200
18822206.331,886300
18822591.038,886400
18822985.747,886500
18823373.445,886600
18823797.774,886700
18824272.306,886800
18824686.912,886900
18825061.551,887000
18825436.322,887100
18825837.000,887200
18826230.297,887300
18826619.979,887400
18826952.936,887500
18827278.564,887600
18827649.148,887700
18827983.194,887800
18828275.257,887900
18828591.191,888000
18828938.402,888100
18829329.666,888200
18829672.404,888300
18830018.794,888400
18830309.202,888500
18830647.513,888600
18831006.283,888700
18831330.629,888800
18831619.152,888900
18831898.314,889000
18832146.944,889100
18832428.005,889200
18832780.054,889300
18833063.592,889400
18833342.812,889500
18833676.870,889600
18834004.063,889700
18834306.615,889800
18834656.500,889900
18867335.293,890000
18868602.886,890100
18869128.443,890200
18869568.849,890300
18869920.242,890400
18870244.524,890500
18870538.636,890600
18870833.665,890700
18871150.537,890800
18871413.219,890900
18871686.945,891000
18871945.301,891100
18872233.582,891200
18872490.233,891300
18872856.138,891400
18873087.143,891500
18873384.636,891600
18873688.317,891700
18873955.882,891800
18874232.597,891900
18874527.700,892000
18874777.438,892100
18875018.065,892200
18875245.930,892300
18875528.721,892400
18875779.071,892500
18876065.426,892600
18876357.002,892700
18876623.598,892800
18876914.415,892900
18877181.630,893000
18877493.930,893100
18877738.461,893200
18878013.428,893300
18878307.858,893400
18878611.354,893500
18878933.482,893600
18879270.979,893700
18879569.667,893800
18879850.334,893900
18880152.721,894000
18880445.748,894100
18880721.974,894200
18881244.303,894300
18881662.299,894400
18882061.207,894500
18882500.098,894600
18882888.740,894700
18883264.716,894800
18883595.021,894900
18883962.501,895000
18884220.992,895100
18884484.236,895200
18884748.934,895300
18885046.470,895400
18885336.009,895500
18885705.125,895600
18886076.241,895700
18886417.165,895800
18886801.742,895900
18887195.003,896000
18887542.029,896100
18887903.260,896200
18888187.814,896300
18888493.003,896400
18888817.119,896500
18889238.966,896600
18889621.933,896700
18889917.696,896800
18890271.041,896900
18890614.508,897000
18891027.475,897100
18891355.383,897200
18891648.512,897300
18891978.363,897400
18892336.847,897500
18892685.256,897600
18893098.868,897700
18893512.744,897800
18893959.008,897900
18894310.136,898000
18894657.046,898100
18895020.574,898200
18895267.213,898300
18895565.933,898400
18895922.673,898500
18896212.588,898600
18896624.782,898700
18896961.817,898800
18897233.564,898900
18897548.257,899000
18897883.475,899100
18898204.624,899200
18898463.083,899300
18898770.921,899400
18899103.714,899500
18899439.065,899600
18899832.765,899700
18900200.966,899800
18900543.032,899900
18932965.182,900000
18934262.586,900100
18934687.382,900200
18935019.255,900300
18935331.011,900400
18935635.662,900500
18935981.444,900600
18936311.512,900700
18936637.265,900800
18936954.885,900900
18937290.190,901000
18937603.454,901100
18937908.593,901200
18938147.721,901300
18938416.813,901400
18938659.148,901500
18938998.183,901600
18939336.205,901700
18939640.746,901800
18939976.843,901900
18940285.135,902000
18940607.469,902100
18940877.497,902200
18941200.561,902300
18941490.988,902400
18941857.556,902500
18942220.958,902600
18942546.670,902700
18942842.809,902800
18943167.510,902900
18943502.705,903000
18943772.587,903100
18944024.433,903200
18944216.461,903300
18944474.542,903400
18944809.512,903500
18945161.174,903600
18945472.789,903700
18945804.013,903800
18946135.255,903900
18946408.727,904000
18946636.582,904100
18946881.370,904200
18947129.279,904300
18947398.011,904400
18947842.859,904500
18948287.349,904600
18948726.692,904700
18949102.872,904800
18949439.019,904900
18949811.250,905000
18950190.645,905100
18950489.988,905200
18950819.320,905300
18951132.567,905400
18951482.449,905500
18951837.024,905600
18952109.352,905700
18952414.019,905800
18952782.080,905900
18953119.809,906000
18953488.780,906100
18953776.929,906200
18954110.867,906300
18954370.949,906400
18954664.088,906500
18955001.020,906600
18955289.350,906700
18955746.365,906800
18956097.022,906900
18956405.312,907000
18956733.932,907100
18957047.427,907200
18957330.870,907300
18957624.498,907400
18957959.578,907500
18958275.400,907600
18958704.561,907700
18959053.308,907800
18959451.548,907900
18959818.148,908000
18960139.921,908100
18960533.454,908200
18960818.796,908300
18961065.252,908400
18961327.849,908500
18961622.435,908600
18961915.759,908700
18962277.818,908800
18962594.031,908900
18962893.638,909000
18963235.816,909100
18963565.816,909200
18963977.685,909300
18964276.477,909400
18964582.929,909500
18964949.540,909600
18965251.266,909700
18965562.655,909800
18965888.911,909900
18993243.240,910000
18994559.281,910100
18995100.062,910200
18995469.650,910300
18995778.792,910400
18996053.107,910500
18996336.716,910600
18996649.872,910700
18996962.405,910800
18997263.450,910900
18997557.271,911000
18997850.852,911100
18998134.803,911200
18998440.069,911300
18998710.449,911400
18998953.796,911500
18999212.778,911600
18999527.199,911700
18999804.602,911800
19000062.005,911900
19000370.102,912000
19000626.375,912100
19000908.445,912200
19001189.013,912300
19001439.991,912400
19001719.488,912500
19001983.496,912600
19002236.196,912700
19002505.742,912800
19002747.640,912900
19003037.544,913000
19003364.810,913100
19003659.191,913200
19003983.647,913300
19004291.029,913400
19004535.482,913500
19004778.810,913600
19005031.336,913700
19005327.445,913800
19005614.905,913900
19005896.062,914000
19006193.111,914100
19006466.028,914200
19006758.019,914300
19007072.091,914400
19007401.859,914500
19007768.721,914600
19008105.719,914700
19008423.760,914800
19008819.295,914900
19009148.135,915000
19009454.312,915100
19009790.790,915200
19010093.687,915300
19010393.813,915400
19010694.503,915500
19010940.407,915600
19011223.977,915700
19011493.582,915800
19011783.485,915900
19012093.631,916000
19012410.595,916100
19012690.769,916200
19012997.490,916300
19013331.278,916400
19013643.484,916500
19013911.943,916600
19014209.900,916700
19014452.563,916800
19014729.204,916900
19015066.711,917000
19015374.471,917100
19015670.925,917200
19016035.826,917300
19016385.058,917400
19016747.733,917500
19017154.328,917600
19017485.297,917700
19017842.026,917800
19018151.606,917900
19018577.023,918000
19018988.955,918100
19019434.206,918200
19019881.026,918300
19020263.711,918400
19020664.834,918500
19021021.322,918600
19021283.445,918700
19021626.639,918800
19021915.436,918900
19022193.318,919000
19022492.784,919100
19022758.537,919200
19023079.217,919300
19023422.360,919400
19023678.881,919500
19024025.247,919600
19024286.863,919700
19024524.037,919800
19024821.173,919900
19056635.956,920000
19057705.920,920100
19058338.489,920200
19058711.424,920300
19059052.003,920400
19059372.875,920500
19059668.951,920600
19059895.924,920700
19060152.512,920800
19060395.880,920900
19060682.515,921000
19060994.814,921100
19061245.770,921200
19061528.396,921300
19061840.757,921400
19062127.045,921500
19062396.625,921600
19062688.574,921700
19062963.722,921800
19063184.598,921900
19063461.511,922000
19063782.346,922100
19064081.825,922200
19064408.309,922300
19064721.714,922400
19064987.980,922500
19065309.023,922600
19065636.362,922700
19065934.055,922800
19066179.760,922900
19066469.859,923000
19066771.635,923100
19067061.206,923200
19067340.369,923300
19067639.803,923400
19067925.033,923500
19068249.575,923600
19068577.152,923700
19068905.381,923800
19069161.490,923900
19069414.788,924000
19069808.628,924100
19070187.973,924200
19070491.034,924300
19070853.946,924400
19071245.457,924500
19071641.372,924600
19072000.988,924700
19072349.273,924800
19072652.132,924900
19072929.381,925000
19073259.805,925100
19073620.284,925200
19073888.159,925300
19074195.729,925400
19074475.434,925500
19074788.700,925600
19075064.865,925700
19075339.681,925800
19075604.070,925900
19075903.782,926000
19076259.615,926100
19076616.717,926200
19076924.419,926300
19077251.307,926400
19077600.190,926500
19077945.487,926600
19078186.811,926700
19078434.975,926800
19078700.225,926900
19078984.408,927000
19079305.794,927100
19079680.342,927200
19079990.853,927300
19080275.300,927400
19080631.161,927500
19080977.604,927600
19081240.232,927700
19081573.015,927800
19081862.181,927900
19082199.867,928000
19082463.518,928100
19082844.071,928200
19083160.385,928300
19083498.362,928400
19083841.041,928500
19084159.637,928600
19084403.321,928700
19084687.833,928800
19084957.421,928900
19085254.658,929000
19085536.194,929100
19085832.243,929200
19086102.429,929300
19086343.835,929400
19086612.891,929500
19086854.139,929600
19087104.032,929700
19087383.699,929800
19087628.718,929900
19121357.359,930000
19122453.619,930100
19123192.936,930200
19123675.782,930300
19124060.063,930400
19124374.961,930500
19124707.228,930600
19124989.385,930700
19125251.036,930800
19125597.680,930900
19125851.324,931000
19126147.332,931100
19126447.115,931200
19126720.825,931300
19126963.824,931400
19127242.860,931500
19127514.643,931600
19127732.527,931700
19128007.165,931800
19128261.794,931900
19128513.830,932000
19128786.746,932100
19129096.744,932200
19129393.130,932300
19129679.143,932400
19129975.795,932500
19130305.524,932600
19130546.880,932700
19130780.201,932800
19131046.426,932900
19131286.698,933000
19131532.347,933100
19131810.882,933200
19132147.807,933300
19132398.732,933400
19132645.554,933500
19132948.318,933600
19133236.162,933700
19133539.987,933800
19133869.629,933900
19134140.428,934000
19134468.306,934100
19134759.996,934200
19135119.005,934300
19135450.470,934400
19135729.784,934500
19136068.375,934600
19136347.731,934700
19136685.929,934800
19137002.154,934900
19137285.214,935000
19137625.607,935100
19138083.249,935200
19138445.505,935300
19138701.423,935400
19138966.326,935500
19139192.954,935600
19139433.206,935700
19139699.842,935800
19139925.013,935900
19140209.491,936000
19140504.743,936100
19140718.911,936200
19140978.598,936300
19141260.071,936400
19141506.038,936500
19141762.028,936600
19141956.130,936700
19142165.261,936800
19142395.816,936900
19142624.316,937000
19142856.771,937100
19143124.940,937200
19143389.738,937300
19143611.211,937400
19143912.436,937500
19144204.172,937600
19144507.192,937700
19144749.386,937800
19145044.696,937900
19145473.671,938000
19145826.821,938100
19146204.640,938200
19146525.596,938300
19146805.706,938400
19147176.090,938500
19147460.243,938600
19147774.681,938700
19148072.901,938800
19148319.773,938900
19148628.663,939000
19148953.456,939100
19149267.875,939200
19149604.182,939300
19149864.649,939400
19150192.377,939500
19150456.342,939600
19150748.860,939700
19151020.668,939800
19151280.609,939900
19181474.682,940000
19182647.363,940100
19183209.836,940200
19183544.524,940300
19183857.734,940400
19184165.007,940500
19184495.896,940600
19184750.415,940700
19184998.040,940800
19185280.375,940900
19185596.297,941000
19185885.589,941100
19186149.490,941200
19186379.733,941300
19186648.182,941400
19186939.874,941500
19187143.135,941600
19187359.494,941700
19187594.462,941800
19187832.473,941900
19188084.420,942000
19188330.664,942100
19188584.079,942200
19188797.591,942300
19189047.284,942400
19189290.309,942500
19189506.184,942600
19189729.732,942700
19189939.148,942800
19190192.438,942900
19190490.007,943000
19190782.329,943100
19191035.195,943200
19191317.919,943300
19191592.686,943400
19191826.455,943500
19192104.733,943600
19192372.855,943700
19192609.136,943800
19192855.273,943900
19193139.061,944000
19193435.396,944100
19193717.585,944200
19193979.204,944300
19194253.221,944400
19194549.388,944500
19194834.715,944600
19195082.211,944700
19195340.740,944800
19195597.385,944900
19195923.939,945000
19196226.074,945100
19196515.859,945200
19196814.523,945300
19197112.393,945400
19197372.218,945500
19197650.067,945600
19197895.955,945700
19198130.040,945800
19198361.843,945900
19198683.031,946000
19198987.829,946100
19199270.062,946200
19199603.317,946300
19199891.762,946400
19200185.557,946500
19200457.965,946600
19200707.480,946700
19200960.800,946800
19201267.381,946900
19201518.431,947000
19201848.836,947100
19202135.580,947200
19202401.704,947300
19202724.167,947400
19203044.200,947500
19203361.510,947600
19203637.657,947700
19203930.967,947800
19204262.908,947900
19204581.143,948000
19204946.450,948100
19205376.664,948200
19205724.327,948300
19206178.237,948400
19206548.027,948500
19206853.242,948600
19207179.620,948700
19207428.958,948800
19207692.047,948900
19208012.893,949000
19208350.423,949100
19208659.276,949200
19208984.697,949300
19209266.901,949400
19209562.297,949500
19209883.368,949600
19210162.771,949700
19210427.492,949800
19210717.894,949900
19241290.672,950000
19242253.935,950100
19242757.210,950200
19243178.632,950300
19243547.007,950400
19243901.744,950500
19244204.812,950600
19244457.896,950700
19244703.150,950800
19244960.933,950900
19245238.369,951000
19245494.739,951100
19245809.638,951200
19246113.079,951300
19246359.005,951400
19246645.698,951500
19246933.521,951600
19247206.111,951700
19247467.183,951800
19247733.938,951900
19248021.468,952000
19248338.288,952100
19248699.928,952200
19249037.212,952300
19249344.166,952400
19249633.257,952500
19249943.124,952600
19250242.216,952700
19250518.333,952800
19250812.049,952900
19251107.608,953000
19251385.195,953100
19251674.513,953200
19251961.518,953300
19252246.381,953400
19252498.901,953500
19252792.273,953600
19253033.876,953700
19253318.861,953800
19253652.498,953900
19253929.987,954000
19254210.999,954100
19254580.682,954200
19254882.458,954300
19255176.086,954400
19255448.550,954500
19255716.742,954600
19255973.918,954700
19256256.156,954800
19256572.246,954900
19256838.458,955000
19257121.761,955100
19257409.011,955200
19257698.090,955300
19257990.516,955400
19258292.150,955500
19258563.349,955600
19258830.322,955700
19259086.669,955800
19259399.917,955900
19259751.205,956000
19260062.735,956100
19260388.515,956200
19260732.586,956300
19261074.758,956400
19261373.033,956500
19261672.205,956600
19261962.576,956700
19262216.253,956800
19262499.631,956900
19262845.783,957000
19263178.851,957100
19263480.148,957200
19263796.242,957300
19264142.880,957400
19264496.442,957500
19264810.677,957600
19265094.097,957700
19265423.244,957800
19265790.028,957900
19266092.190,958000
19266563.295,958100
19267128.320,958200
19267617.318,958300
19268089.717,958400
19268568.114,958500
19268941.919,958600
19269265.450,958700
19269657.315,958800
19270015.237,958900
19270406.452,959000
19270816.669,959100
19271179.167,959200
19271511.358,959300
19271755.174,959400
19272099.931,959500
19272369.167,959600
19272638.976,959700
19272928.413,959800
19273237.017,959900
19301562.441,960000
19302467.955,960100
19302977.590,960200
19303422.450,960300
19303906.392,960400
19304440.118,960500
19304818.654,960600
19305125.035,960700
19305470.627,960800
19305810.338,960900
19306138.175,961000
19306464.383,961100
19306792.358,961200
19307097.575,961300
19307405.477,961400
19307700.838,961500
19307973.946,961600
19308235.189,961700
19308502.448,961800
19308768.553,961900
19309053.159,962000
19309351.632,962100
19309640.579,962200
19309902.233,962300
19310188.519,962400
19310481.712,962500
19310714.978,962600
19310962.144,962700
19311218.873,962800
19311470.362,962900
19311762.654,963000
19312043.522,963100
19312353.008,963200
19312666.685,963300
19313053.181,963400
19313458.573,963500
19313751.363,963600
19314061.250,963700
19314360.999,963800
19314681.487,963900
19315035.842,964000
19315406.640,964100
19315716.491,964200
19316004.093,964300
19316329.253,964400
19316673.073,964500
19316958.541,964600
19317205.144,964700
19317503.382,964800
