timestamp_ms,source,height
12441.112,indexer,0
12443.753,indexer,100
12447.755,indexer,200
12450.439,indexer,300
12452.733,indexer,400
12455.239,indexer,500
12458.131,indexer,600
12460.560,indexer,700
12463.059,indexer,800
12465.493,indexer,900
12467.931,indexer,1000
12470.599,indexer,1100
12473.079,indexer,1200
12475.711,indexer,1300
12478.030,indexer,1400
12480.255,indexer,1500
12482.761,indexer,1600
12485.090,indexer,1700
12487.356,indexer,1800
12489.698,indexer,1900
12492.356,indexer,2000
12494.882,indexer,2100
12497.108,indexer,2200
12499.591,indexer,2300
12501.928,indexer,2400
12504.174,indexer,2500
12506.747,indexer,2600
12508.950,indexer,2700
12511.174,indexer,2800
12514.060,indexer,2900
12516.607,indexer,3000
12518.977,indexer,3100
12521.226,indexer,3200
12523.688,indexer,3300
12526.336,indexer,3400
12528.785,indexer,3500
12531.255,indexer,3600
12533.821,indexer,3700
12536.145,indexer,3800
12538.444,indexer,3900
12540.778,indexer,4000
12543.309,indexer,4100
12545.633,indexer,4200
12548.017,indexer,4300
12550.303,indexer,4400
12552.655,indexer,4500
12555.043,indexer,4600
12557.449,indexer,4700
12559.704,indexer,4800
12562.070,indexer,4900
12564.787,indexer,5000
12567.171,indexer,5100
12569.509,indexer,5200
12571.959,indexer,5300
12574.345,indexer,5400
12576.634,indexer,5500
12578.996,indexer,5600
12581.346,indexer,5700
12583.783,indexer,5800
12586.349,indexer,5900
12588.789,indexer,6000
12591.285,indexer,6100
12593.705,indexer,6200
12596.034,indexer,6300
12598.437,indexer,6400
12600.864,indexer,6500
12603.236,indexer,6600
12605.454,indexer,6700
12607.954,indexer,6800
12610.244,indexer,6900
12612.640,indexer,7000
12615.322,indexer,7100
12617.715,indexer,7200
12619.855,indexer,7300
12622.429,indexer,7400
12624.778,indexer,7500
12627.082,indexer,7600
12629.619,indexer,7700
12631.952,indexer,7800
12634.412,indexer,7900
12636.952,indexer,8000
12639.325,indexer,8100
12641.990,indexer,8200
12644.363,indexer,8300
12646.706,indexer,8400
12648.977,indexer,8500
12651.166,indexer,8600
12653.395,indexer,8700
12655.798,indexer,8800
12658.141,indexer,8900
12660.547,indexer,9000
12663.026,indexer,9100
12665.282,indexer,9200
12667.849,indexer,9300
12670.442,indexer,9400
12672.807,indexer,9500
12675.086,indexer,9600
12677.446,indexer,9700
12679.715,indexer,9800
12682.023,indexer,9900
12684.423,indexer,10000
12686.768,indexer,10100
12689.198,indexer,10200
12691.589,indexer,10300
12694.037,indexer,10400
12696.258,indexer,10500
12698.645,indexer,10600
12700.878,indexer,10700
12703.262,indexer,10800
12705.639,indexer,10900
12707.964,indexer,11000
12710.409,indexer,11100
12712.674,indexer,11200
12714.973,indexer,11300
12717.319,indexer,11400
12719.636,indexer,11500
12722.262,indexer,11600
12724.767,indexer,11700
12726.916,indexer,11800
12729.283,indexer,11900
12731.601,indexer,12000
12733.903,indexer,12100
12736.156,indexer,12200
12738.442,indexer,12300
12740.942,indexer,12400
12743.295,indexer,12500
12745.722,indexer,12600
12748.261,indexer,12700
12750.661,indexer,12800
12752.942,indexer,12900
12755.256,indexer,13000
12757.801,indexer,13100
12760.227,indexer,13200
12762.505,indexer,13300
12765.093,indexer,13400
12767.611,indexer,13500
12769.834,indexer,13600
12772.203,indexer,13700
12774.440,indexer,13800
12776.678,indexer,13900
12778.942,indexer,14000
12781.329,indexer,14100
12783.682,indexer,14200
12786.322,indexer,14300
12788.833,indexer,14400
12791.167,indexer,14500
12793.607,indexer,14600
12796.156,indexer,14700
12798.556,indexer,14800
12800.778,indexer,14900
12803.034,indexer,15000
12805.458,indexer,15100
12807.806,indexer,15200
12810.186,indexer,15300
12812.547,indexer,15400
12814.967,indexer,15500
12817.358,indexer,15600
12819.733,indexer,15700
12821.979,indexer,15800
12824.232,indexer,15900
12826.858,indexer,16000
12829.205,indexer,16100
12831.535,indexer,16200
12833.872,indexer,16300
12836.439,indexer,16400
12838.911,indexer,16500
12841.387,indexer,16600
12843.618,indexer,16700
12845.983,indexer,16800
12848.142,indexer,16900
12850.308,indexer,17000
12852.606,indexer,17100
12855.050,indexer,17200
12857.484,indexer,17300
12859.851,indexer,17400
12862.258,indexer,17500
12864.521,indexer,17600
12866.918,indexer,17700
12869.208,indexer,17800
12871.793,indexer,17900
12874.114,indexer,18000
12876.566,indexer,18100
12878.934,indexer,18200
12881.199,indexer,18300
12883.849,indexer,18400
12886.078,indexer,18500
12888.329,indexer,18600
12890.694,indexer,18700
12893.085,indexer,18800
12895.423,indexer,18900
12897.913,indexer,19000
12900.365,indexer,19100
12902.778,indexer,19200
12905.336,indexer,19300
12907.608,indexer,19400
12909.914,indexer,19500
12912.131,indexer,19600
12914.439,indexer,19700
12916.800,indexer,19800
12919.630,indexer,19900
12921.792,indexer,20000
12924.157,indexer,20100
12926.575,indexer,20200
12929.127,indexer,20300
12931.678,indexer,20400
12933.912,indexer,20500
12936.287,indexer,20600
12938.486,indexer,20700
12941.178,indexer,20800
12943.352,indexer,20900
12945.634,indexer,21000
12948.010,indexer,21100
12950.206,indexer,21200
12952.637,indexer,21300
12955.122,indexer,21400
12957.374,indexer,21500
12960.051,indexer,21600
12962.457,indexer,21700
12964.925,indexer,21800
12967.336,indexer,21900
12969.684,indexer,22000
12972.035,indexer,22100
12974.464,indexer,22200
12976.760,indexer,22300
12979.190,indexer,22400
12981.743,indexer,22500
12984.052,indexer,22600
12986.469,indexer,22700
12988.881,indexer,22800
12991.379,indexer,22900
12993.913,indexer,23000
12996.429,indexer,23100
12998.755,indexer,23200
13001.080,indexer,23300
13003.564,indexer,23400
13006.110,indexer,23500
13008.400,indexer,23600
13010.853,indexer,23700
13013.309,indexer,23800
13015.599,indexer,23900
13018.347,indexer,24000
13020.781,indexer,24100
13023.141,indexer,24200
13025.755,indexer,24300
13028.182,indexer,24400
13030.704,indexer,24500
13032.972,indexer,24600
13035.334,indexer,24700
13037.577,indexer,24800
13040.272,indexer,24900
13042.556,indexer,25000
13045.054,indexer,25100
13047.309,indexer,25200
13049.635,indexer,25300
13052.126,indexer,25400
13054.669,indexer,25500
13057.243,indexer,25600
13059.801,indexer,25700
13062.156,indexer,25800
13064.522,indexer,25900
13066.921,indexer,26000
13069.345,indexer,26100
13071.924,indexer,26200
13074.162,indexer,26300
13076.531,indexer,26400
13079.198,indexer,26500
13081.659,indexer,26600
13083.869,indexer,26700
13086.342,indexer,26800
13089.212,indexer,26900
13091.677,indexer,27000
13094.055,indexer,27100
13096.396,indexer,27200
13098.798,indexer,27300
13101.084,indexer,27400
13103.410,indexer,27500
13106.179,indexer,27600
13108.647,indexer,27700
13111.023,indexer,27800
13113.356,indexer,27900
13115.647,indexer,28000
13118.215,indexer,28100
13120.454,indexer,28200
13122.678,indexer,28300
13125.048,indexer,28400
13127.555,indexer,28500
13130.261,indexer,28600
13132.965,indexer,28700
13135.480,indexer,28800
13137.805,indexer,28900
13140.007,indexer,29000
13142.591,indexer,29100
13145.154,indexer,29200
13147.626,indexer,29300
13149.978,indexer,29400
13152.618,indexer,29500
13155.004,indexer,29600
13157.588,indexer,29700
13160.061,indexer,29800
13162.659,indexer,29900
13164.981,indexer,30000
13167.548,indexer,30100
13169.925,indexer,30200
13172.182,indexer,30300
13174.379,indexer,30400
13176.660,indexer,30500
13178.941,indexer,30600
13181.185,indexer,30700
13183.544,indexer,30800
13185.878,indexer,30900
13188.453,indexer,31000
13190.913,indexer,31100
13193.311,indexer,31200
13195.569,indexer,31300
13197.921,indexer,31400
13200.234,indexer,31500
13202.489,indexer,31600
13204.783,indexer,31700
13207.175,indexer,31800
13209.458,indexer,31900
13211.768,indexer,32000
13214.075,indexer,32100
13216.396,indexer,32200
13218.841,indexer,32300
13221.112,indexer,32400
13223.479,indexer,32500
13226.094,indexer,32600
13228.459,indexer,32700
13231.122,indexer,32800
13233.295,indexer,32900
13235.654,indexer,33000
13238.450,indexer,33100
13240.820,indexer,33200
13243.321,indexer,33300
13245.676,indexer,33400
13248.036,indexer,33500
13250.318,indexer,33600
13252.638,indexer,33700
13255.040,indexer,33800
13257.189,indexer,33900
13259.524,indexer,34000
13262.062,indexer,34100
13264.422,indexer,34200
13266.758,indexer,34300
13269.093,indexer,34400
13271.625,indexer,34500
13274.180,indexer,34600
13276.398,indexer,34700
13278.689,indexer,34800
13281.025,indexer,34900
13283.397,indexer,35000
13285.554,indexer,35100
13288.012,indexer,35200
13290.313,indexer,35300
13292.786,indexer,35400
13295.065,indexer,35500
13297.237,indexer,35600
13299.856,indexer,35700
13302.214,indexer,35800
13304.592,indexer,35900
13306.933,indexer,36000
13309.293,indexer,36100
13311.597,indexer,36200
13314.255,indexer,36300
13316.497,indexer,36400
13318.999,indexer,36500
13321.602,indexer,36600
13323.927,indexer,36700
13326.348,indexer,36800
13328.895,indexer,36900
13331.209,indexer,37000
13333.645,indexer,37100
13335.981,indexer,37200
13338.619,indexer,37300
13341.088,indexer,37400
13343.770,indexer,37500
13346.228,indexer,37600
13348.853,indexer,37700
13351.458,indexer,37800
13353.900,indexer,37900
13356.133,indexer,38000
13358.433,indexer,38100
13360.761,indexer,38200
13363.444,indexer,38300
13365.891,indexer,38400
13368.217,indexer,38500
13370.852,indexer,38600
13373.611,indexer,38700
13375.888,indexer,38800
13378.144,indexer,38900
13380.555,indexer,39000
13383.569,indexer,39100
13385.734,indexer,39200
13388.054,indexer,39300
13390.874,indexer,39400
13393.723,indexer,39500
13395.849,indexer,39600
13398.675,indexer,39700
13401.321,indexer,39800
13403.838,indexer,39900
13406.194,indexer,40000
13408.811,indexer,40100
13411.157,indexer,40200
13414.024,indexer,40300
13416.472,indexer,40400
13419.503,indexer,40500
13421.852,indexer,40600
13424.294,indexer,40700
13426.528,indexer,40800
13429.118,indexer,40900
13431.631,indexer,41000
13434.133,indexer,41100
13436.399,indexer,41200
13438.856,indexer,41300
13441.008,indexer,41400
13443.408,indexer,41500
13446.048,indexer,41600
13448.564,indexer,41700
13451.538,indexer,41800
13454.177,indexer,41900
13456.670,indexer,42000
13459.021,indexer,42100
13461.341,indexer,42200
13463.577,indexer,42300
13466.633,indexer,42400
13468.964,indexer,42500
13471.731,indexer,42600
13474.317,indexer,42700
13476.682,indexer,42800
13479.294,indexer,42900
13481.759,indexer,43000
13484.449,indexer,43100
13486.753,indexer,43200
13489.511,indexer,43300
13492.205,indexer,43400
13494.650,indexer,43500
13496.875,indexer,43600
13499.767,indexer,43700
13502.564,indexer,43800
13504.966,indexer,43900
13507.448,indexer,44000
13510.093,indexer,44100
13512.589,indexer,44200
13515.407,indexer,44300
13517.775,indexer,44400
13520.917,indexer,44500
13523.258,indexer,44600
13525.747,indexer,44700
13528.494,indexer,44800
13531.202,indexer,44900
13533.527,indexer,45000
13535.862,indexer,45100
13538.294,indexer,45200
13540.597,indexer,45300
13542.817,indexer,45400
13545.217,indexer,45500
13547.833,indexer,45600
13550.258,indexer,45700
13552.594,indexer,45800
13555.566,indexer,45900
13558.360,indexer,46000
13560.803,indexer,46100
13563.745,indexer,46200
13566.215,indexer,46300
13568.820,indexer,46400
13571.650,indexer,46500
13574.125,indexer,46600
13576.892,indexer,46700
13579.330,indexer,46800
13581.949,indexer,46900
13584.414,indexer,47000
13587.587,indexer,47100
13590.000,indexer,47200
13592.849,indexer,47300
13595.200,indexer,47400
13597.951,indexer,47500
13600.274,indexer,47600
13602.697,indexer,47700
13605.172,indexer,47800
13607.984,indexer,47900
13610.365,indexer,48000
13612.785,indexer,48100
13615.533,indexer,48200
13618.005,indexer,48300
13620.432,indexer,48400
13623.017,indexer,48500
13625.731,indexer,48600
13628.200,indexer,48700
13630.588,indexer,48800
13633.100,indexer,48900
13635.888,indexer,49000
13639.678,indexer,49100
13642.926,indexer,49200
13645.736,indexer,49300
13648.229,indexer,49400
13650.617,indexer,49500
13653.145,indexer,49600
13655.843,indexer,49700
13658.789,indexer,49800
13662.288,indexer,49900
13665.255,indexer,50000
13667.720,indexer,50100
13670.275,indexer,50200
13673.787,indexer,50300
13676.606,indexer,50400
13679.974,indexer,50500
13682.723,indexer,50600
13685.830,indexer,50700
13689.125,indexer,50800
13692.393,indexer,50900
13695.118,indexer,51000
13698.152,indexer,51100
13700.857,indexer,51200
13703.966,indexer,51300
13706.506,indexer,51400
13709.605,indexer,51500
13712.372,indexer,51600
13716.264,indexer,51700
13726.237,indexer,51800
13729.051,indexer,51900
13732.139,indexer,52000
13735.279,indexer,52100
13738.501,indexer,52200
13741.305,indexer,52300
13744.543,indexer,52400
13747.075,indexer,52500
13750.113,indexer,52600
13753.066,indexer,52700
13756.521,indexer,52800
13759.384,indexer,52900
13763.396,indexer,53000
13767.033,indexer,53100
13770.179,indexer,53200
13773.516,indexer,53300
13776.472,indexer,53400
13779.686,indexer,53500
13782.556,indexer,53600
13785.305,indexer,53700
13787.974,indexer,53800
13790.758,indexer,53900
13793.898,indexer,54000
13796.635,indexer,54100
13799.175,indexer,54200
13802.280,indexer,54300
13805.376,indexer,54400
13808.819,indexer,54500
13812.124,indexer,54600
13814.794,indexer,54700
13819.111,indexer,54800
13822.200,indexer,54900
13825.157,indexer,55000
13828.157,indexer,55100
13831.684,indexer,55200
13835.048,indexer,55300
13838.135,indexer,55400
13841.149,indexer,55500
13844.695,indexer,55600
13848.216,indexer,55700
13851.263,indexer,55800
13855.403,indexer,55900
13858.643,indexer,56000
13861.450,indexer,56100
13864.698,indexer,56200
13867.868,indexer,56300
13871.011,indexer,56400
13874.977,indexer,56500
13877.584,indexer,56600
13880.599,indexer,56700
13884.107,indexer,56800
13887.733,indexer,56900
13890.541,indexer,57000
13893.807,indexer,57100
13897.649,indexer,57200
13901.167,indexer,57300
13904.586,indexer,57400
13907.798,indexer,57500
13910.946,indexer,57600
13914.228,indexer,57700
13917.285,indexer,57800
13920.860,indexer,57900
13924.422,indexer,58000
13927.738,indexer,58100
13930.384,indexer,58200
13933.636,indexer,58300
13936.719,indexer,58400
13940.338,indexer,58500
13943.387,indexer,58600
13946.450,indexer,58700
13949.225,indexer,58800
13952.797,indexer,58900
13955.993,indexer,59000
13959.350,indexer,59100
13962.937,indexer,59200
13966.928,indexer,59300
13970.572,indexer,59400
13973.885,indexer,59500
13977.142,indexer,59600
13980.809,indexer,59700
13984.851,indexer,59800
13988.100,indexer,59900
13991.920,indexer,60000
13994.894,indexer,60100
13998.043,indexer,60200
14001.145,indexer,60300
14004.241,indexer,60400
14008.578,indexer,60500
14012.417,indexer,60600
14015.598,indexer,60700
14019.451,indexer,60800
14023.541,indexer,60900
14027.297,indexer,61000
14030.765,indexer,61100
14033.953,indexer,61200
14038.068,indexer,61300
14041.326,indexer,61400
14044.569,indexer,61500
14047.653,indexer,61600
14051.772,indexer,61700
14054.841,indexer,61800
14058.191,indexer,61900
14061.894,indexer,62000
14066.003,indexer,62100
14069.615,indexer,62200
14072.864,indexer,62300
14076.792,indexer,62400
14080.143,indexer,62500
14084.122,indexer,62600
14087.066,indexer,62700
14090.139,indexer,62800
14093.203,indexer,62900
14096.784,indexer,63000
14099.816,indexer,63100
14103.016,indexer,63200
14106.413,indexer,63300
14110.643,indexer,63400
14114.195,indexer,63500
14117.693,indexer,63600
14120.265,indexer,63700
14124.284,indexer,63800
14127.388,indexer,63900
14132.093,indexer,64000
14134.969,indexer,64100
14138.234,indexer,64200
14141.189,indexer,64300
14144.708,indexer,64400
14148.730,indexer,64500
14151.682,indexer,64600
14155.127,indexer,64700
14158.570,indexer,64800
14162.219,indexer,64900
14165.939,indexer,65000
14169.044,indexer,65100
14172.149,indexer,65200
14175.088,indexer,65300
14178.660,indexer,65400
14182.130,indexer,65500
14193.806,indexer,65600
14202.657,indexer,65700
14209.670,indexer,65800
14215.743,indexer,65900
14224.314,indexer,66000
14230.409,indexer,66100
14238.966,indexer,66200
14244.510,indexer,66300
14249.205,indexer,66400
14253.508,indexer,66500
14257.870,indexer,66600
14263.248,indexer,66700
14268.064,indexer,66800
14275.388,indexer,66900
14282.049,indexer,67000
14286.494,indexer,67100
14290.922,indexer,67200
14308.172,indexer,67300
14325.527,indexer,67400
14330.320,indexer,67500
14334.722,indexer,67600
14339.475,indexer,67700
14344.325,indexer,67800
14349.443,indexer,67900
14356.931,indexer,68000
14362.775,indexer,68100
14367.373,indexer,68200
14371.788,indexer,68300
14376.341,indexer,68400
14382.144,indexer,68500
14390.412,indexer,68600
14394.835,indexer,68700
14402.383,indexer,68800
14407.188,indexer,68900
14414.760,indexer,69000
14423.054,indexer,69100
14428.307,indexer,69200
14437.440,indexer,69300
14443.333,indexer,69400
14449.534,indexer,69500
14454.507,indexer,69600
14459.824,indexer,69700
14465.003,indexer,69800
14470.539,indexer,69900
14475.943,indexer,70000
14482.234,indexer,70100
14488.850,indexer,70200
14493.787,indexer,70300
14498.043,indexer,70400
14502.697,indexer,70500
14507.770,indexer,70600
14515.204,indexer,70700
14519.809,indexer,70800
14532.405,indexer,70900
14536.306,indexer,71000
14542.116,indexer,71100
14546.621,indexer,71200
14550.939,indexer,71300
14554.709,indexer,71400
14558.578,indexer,71500
14562.696,indexer,71600
14566.857,indexer,71700
14570.453,indexer,71800
14575.442,indexer,71900
14579.799,indexer,72000
14587.665,indexer,72100
14593.333,indexer,72200
14596.832,indexer,72300
14603.323,indexer,72400
14607.912,indexer,72500
14615.124,indexer,72600
14621.019,indexer,72700
14626.499,indexer,72800
14631.178,indexer,72900
14635.205,indexer,73000
14639.860,indexer,73100
14644.570,indexer,73200
14652.070,indexer,73300
14656.235,indexer,73400
14661.181,indexer,73500
14664.939,indexer,73600
14670.660,indexer,73700
14674.574,indexer,73800
14679.005,indexer,73900
14685.918,indexer,74000
14690.332,indexer,74100
14695.148,indexer,74200
14698.528,indexer,74300
14702.664,indexer,74400
14706.001,indexer,74500
14709.379,indexer,74600
14715.136,indexer,74700
14723.638,indexer,74800
14729.483,indexer,74900
14736.764,indexer,75000
14744.523,indexer,75100
14750.587,indexer,75200
14755.452,indexer,75300
14760.364,indexer,75400
14766.158,indexer,75500
14770.630,indexer,75600
14775.262,indexer,75700
14779.080,indexer,75800
14783.379,indexer,75900
14788.403,indexer,76000
14792.147,indexer,76100
14798.133,indexer,76200
14802.242,indexer,76300
14806.641,indexer,76400
14810.379,indexer,76500
14815.612,indexer,76600
14819.736,indexer,76700
14823.532,indexer,76800
14828.153,indexer,76900
14832.591,indexer,77000
14836.921,indexer,77100
14842.236,indexer,77200
14848.747,indexer,77300
14854.907,indexer,77400
14859.737,indexer,77500
14866.147,indexer,77600
14871.835,indexer,77700
14877.447,indexer,77800
14881.932,indexer,77900
14885.534,indexer,78000
14890.041,indexer,78100
14895.272,indexer,78200
14900.229,indexer,78300
14905.208,indexer,78400
14909.193,indexer,78500
14913.765,indexer,78600
14919.353,indexer,78700
14925.092,indexer,78800
14931.845,indexer,78900
14936.702,indexer,79000
14941.209,indexer,79100
14946.636,indexer,79200
14951.335,indexer,79300
14956.662,indexer,79400
14963.325,indexer,79500
14969.648,indexer,79600
14974.488,indexer,79700
14981.217,indexer,79800
14987.247,indexer,79900
14992.299,indexer,80000
14996.810,indexer,80100
15001.073,indexer,80200
15004.769,indexer,80300
15010.045,indexer,80400
15014.694,indexer,80500
15018.517,indexer,80600
15022.539,indexer,80700
15027.398,indexer,80800
15032.797,indexer,80900
15039.198,indexer,81000
15047.185,indexer,81100
15058.535,indexer,81200
15067.980,indexer,81300
15079.679,indexer,81400
15085.070,indexer,81500
15092.467,indexer,81600
15097.629,indexer,81700
15103.310,indexer,81800
15107.858,indexer,81900
15115.277,indexer,82000
15121.059,indexer,82100
15125.743,indexer,82200
15133.597,indexer,82300
15139.407,indexer,82400
15143.245,indexer,82500
15148.638,indexer,82600
15155.685,indexer,82700
15169.476,indexer,82800
15175.331,indexer,82900
15181.419,indexer,83000
15186.829,indexer,83100
15196.663,indexer,83200
15203.920,indexer,83300
15210.912,indexer,83400
15217.820,indexer,83500
15225.675,indexer,83600
15232.088,indexer,83700
15239.150,indexer,83800
15244.328,indexer,83900
15250.119,indexer,84000
15256.866,indexer,84100
15262.469,indexer,84200
15270.854,indexer,84300
15276.241,indexer,84400
15281.956,indexer,84500
15288.394,indexer,84600
15293.894,indexer,84700
15300.429,indexer,84800
15306.023,indexer,84900
15311.815,indexer,85000
15317.395,indexer,85100
15321.549,indexer,85200
15326.813,indexer,85300
15330.613,indexer,85400
15334.587,indexer,85500
15339.740,indexer,85600
15343.494,indexer,85700
15348.164,indexer,85800
15352.111,indexer,85900
15357.048,indexer,86000
15365.664,indexer,86100
15375.263,indexer,86200
15386.287,indexer,86300
15392.866,indexer,86400
15402.234,indexer,86500
15409.175,indexer,86600
15416.346,indexer,86700
15424.130,indexer,86800
15434.188,indexer,86900
15442.281,indexer,87000
15451.551,indexer,87100
15455.865,indexer,87200
15463.285,indexer,87300
15468.310,indexer,87400
15474.391,indexer,87500
15478.757,indexer,87600
15485.300,indexer,87700
15491.203,indexer,87800
15499.323,indexer,87900
15506.790,indexer,88000
15512.236,indexer,88100
15518.693,indexer,88200
15524.480,indexer,88300
15529.396,indexer,88400
15535.182,indexer,88500
15539.658,indexer,88600
15544.443,indexer,88700
15547.861,indexer,88800
15553.971,indexer,88900
15559.063,indexer,89000
15564.202,indexer,89100
15568.757,indexer,89200
15573.068,indexer,89300
15577.354,indexer,89400
15581.531,indexer,89500
15586.504,indexer,89600
15591.514,indexer,89700
15596.752,indexer,89800
15603.145,indexer,89900
15607.366,indexer,90000
15612.028,indexer,90100
15616.813,indexer,90200
15621.557,indexer,90300
15625.858,indexer,90400
15631.063,indexer,90500
15636.480,indexer,90600
15640.560,indexer,90700
15646.765,indexer,90800
15651.173,indexer,90900
15656.481,indexer,91000
15661.594,indexer,91100
15666.528,indexer,91200
15670.830,indexer,91300
15675.955,indexer,91400
15680.162,indexer,91500
15683.668,indexer,91600
15687.936,indexer,91700
15692.474,indexer,91800
15697.170,indexer,91900
15702.256,indexer,92000
15728.232,indexer,92100
15750.161,indexer,92200
15756.187,indexer,92300
15760.469,indexer,92400
15765.392,indexer,92500
15769.177,indexer,92600
15773.507,indexer,92700
15786.650,indexer,92800
15814.329,indexer,92900
15842.368,indexer,93000
15867.868,indexer,93100
15882.789,indexer,93200
15888.623,indexer,93300
15895.601,indexer,93400
15902.717,indexer,93500
15909.215,indexer,93600
15934.706,indexer,93700
15962.768,indexer,93800
15979.854,indexer,93900
15993.218,indexer,94000
16001.455,indexer,94100
16008.697,indexer,94200
16014.902,indexer,94300
16021.684,indexer,94400
16026.404,indexer,94500
16033.410,indexer,94600
16038.187,indexer,94700
16044.956,indexer,94800
16053.434,indexer,94900
16060.712,indexer,95000
16066.624,indexer,95100
16074.018,indexer,95200
16078.926,indexer,95300
16084.685,indexer,95400
16088.712,indexer,95500
16094.473,indexer,95600
16099.078,indexer,95700
16104.337,indexer,95800
16108.551,indexer,95900
16113.034,indexer,96000
16119.076,indexer,96100
16124.909,indexer,96200
16131.989,indexer,96300
16137.287,indexer,96400
16143.586,indexer,96500
16149.453,indexer,96600
16154.696,indexer,96700
16161.923,indexer,96800
16168.778,indexer,96900
16177.287,indexer,97000
16185.171,indexer,97100
16192.869,indexer,97200
16205.672,indexer,97300
16216.779,indexer,97400
16225.115,indexer,97500
16235.658,indexer,97600
16244.080,indexer,97700
16251.041,indexer,97800
16257.786,indexer,97900
16266.516,indexer,98000
16274.252,indexer,98100
16281.585,indexer,98200
16291.835,indexer,98300
16298.140,indexer,98400
16308.045,indexer,98500
16323.624,indexer,98600
16331.659,indexer,98700
16340.893,indexer,98800
16350.425,indexer,98900
16361.330,indexer,99000
16371.002,indexer,99100
16379.690,indexer,99200
16387.587,indexer,99300
16396.986,indexer,99400
16407.457,indexer,99500
16416.272,indexer,99600
16423.829,indexer,99700
16432.043,indexer,99800
16442.161,indexer,99900
16449.936,indexer,100000
16459.845,indexer,100100
16468.165,indexer,100200
16475.626,indexer,100300
16483.082,indexer,100400
16489.436,indexer,100500
16499.077,indexer,100600
16505.430,indexer,100700
16515.253,indexer,100800
16527.140,indexer,100900
16543.150,indexer,101000
16554.796,indexer,101100
16567.444,indexer,101200
16578.305,indexer,101300
16589.399,indexer,101400
16604.485,indexer,101500
16618.165,indexer,101600
16633.111,indexer,101700
16646.572,indexer,101800
16660.968,indexer,101900
16678.109,indexer,102000
16692.060,indexer,102100
16710.772,indexer,102200
16724.021,indexer,102300
16736.801,indexer,102400
16749.176,indexer,102500
16763.993,indexer,102600
16775.854,indexer,102700
16788.687,indexer,102800
16803.894,indexer,102900
16815.737,indexer,103000
16826.401,indexer,103100
16836.956,indexer,103200
16849.081,indexer,103300
16863.728,indexer,103400
16874.374,indexer,103500
16886.958,indexer,103600
16898.316,indexer,103700
16910.908,indexer,103800
16926.559,indexer,103900
16944.766,indexer,104000
16964.799,indexer,104100
16978.705,indexer,104200
16996.455,indexer,104300
17010.824,indexer,104400
17023.350,indexer,104500
17035.459,indexer,104600
17044.879,indexer,104700
17057.405,indexer,104800
17069.206,indexer,104900
17080.337,indexer,105000
17097.094,indexer,105100
17113.249,indexer,105200
17130.160,indexer,105300
17155.231,indexer,105400
17172.122,indexer,105500
17186.241,indexer,105600
17198.067,indexer,105700
17211.566,indexer,105800
17224.561,indexer,105900
17233.784,indexer,106000
17244.120,indexer,106100
17253.291,indexer,106200
17263.282,indexer,106300
17271.899,indexer,106400
17280.900,indexer,106500
17292.122,indexer,106600
17300.156,indexer,106700
17309.046,indexer,106800
17318.287,indexer,106900
17329.277,indexer,107000
17340.776,indexer,107100
17357.315,indexer,107200
17377.469,indexer,107300
17401.708,indexer,107400
17423.905,indexer,107500
17446.406,indexer,107600
17467.405,indexer,107700
17488.888,indexer,107800
17504.985,indexer,107900
17523.698,indexer,108000
17546.614,indexer,108100
17566.266,indexer,108200
17584.541,indexer,108300
17601.134,indexer,108400
17617.252,indexer,108500
17632.092,indexer,108600
17651.796,indexer,108700
17672.104,indexer,108800
17690.504,indexer,108900
17709.974,indexer,109000
17732.816,indexer,109100
17752.562,indexer,109200
17768.076,indexer,109300
17790.145,indexer,109400
17810.598,indexer,109500
17831.534,indexer,109600
17850.971,indexer,109700
17873.562,indexer,109800
17890.970,indexer,109900
17904.926,indexer,110000
17924.084,indexer,110100
17941.551,indexer,110200
17958.539,indexer,110300
17975.548,indexer,110400
17993.200,indexer,110500
18008.503,indexer,110600
18022.614,indexer,110700
18036.020,indexer,110800
18050.441,indexer,110900
18071.104,indexer,111000
18095.211,indexer,111100
18115.814,indexer,111200
18138.933,indexer,111300
18157.012,indexer,111400
18179.464,indexer,111500
18199.791,indexer,111600
18218.227,indexer,111700
18234.428,indexer,111800
18250.471,indexer,111900
18265.509,indexer,112000
18280.913,indexer,112100
18294.072,indexer,112200
18308.107,indexer,112300
18326.891,indexer,112400
18341.188,indexer,112500
18359.074,indexer,112600
18380.358,indexer,112700
18399.518,indexer,112800
18419.554,indexer,112900
18442.632,indexer,113000
18466.770,indexer,113100
18492.597,indexer,113200
18515.164,indexer,113300
18537.092,indexer,113400
18561.386,indexer,113500
18583.786,indexer,113600
18607.962,indexer,113700
18630.107,indexer,113800
18655.144,indexer,113900
18676.524,indexer,114000
18703.389,indexer,114100
18725.636,indexer,114200
18746.459,indexer,114300
18772.467,indexer,114400
18796.298,indexer,114500
18817.538,indexer,114600
18841.954,indexer,114700
18866.300,indexer,114800
18891.349,indexer,114900
18914.758,indexer,115000
18937.317,indexer,115100
18961.923,indexer,115200
18985.893,indexer,115300
19011.782,indexer,115400
19030.441,indexer,115500
19052.617,indexer,115600
19073.801,indexer,115700
19095.176,indexer,115800
19115.909,indexer,115900
19133.151,indexer,116000
19151.163,indexer,116100
19168.629,indexer,116200
19185.788,indexer,116300
19205.662,indexer,116400
19223.364,indexer,116500
19245.973,indexer,116600
19270.627,indexer,116700
19296.849,indexer,116800
19317.557,indexer,116900
19341.144,indexer,117000
19364.979,indexer,117100
19389.393,indexer,117200
19413.435,indexer,117300
19436.353,indexer,117400
19460.024,indexer,117500
19481.550,indexer,117600
19507.474,indexer,117700
19536.065,indexer,117800
19562.607,indexer,117900
19590.437,indexer,118000
19617.221,indexer,118100
19637.594,indexer,118200
19665.397,indexer,118300
19691.262,indexer,118400
19714.372,indexer,118500
19733.994,indexer,118600
19754.473,indexer,118700
19776.309,indexer,118800
19799.273,indexer,118900
19826.739,indexer,119000
19856.104,indexer,119100
19879.278,indexer,119200
19924.734,indexer,119300
19944.269,indexer,119400
19964.908,indexer,119500
19983.773,indexer,119600
20007.874,indexer,119700
20032.534,indexer,119800
20061.126,indexer,119900
20084.137,indexer,120000
20107.279,indexer,120100
20130.407,indexer,120200
20154.007,indexer,120300
20184.513,indexer,120400
20211.994,indexer,120500
20240.010,indexer,120600
20263.183,indexer,120700
20287.221,indexer,120800
20309.550,indexer,120900
20335.928,indexer,121000
20363.939,indexer,121100
20395.938,indexer,121200
20421.118,indexer,121300
20444.687,indexer,121400
20472.336,indexer,121500
20491.863,indexer,121600
20515.077,indexer,121700
20536.840,indexer,121800
20560.804,indexer,121900
20582.652,indexer,122000
20606.544,indexer,122100
20631.875,indexer,122200
20656.467,indexer,122300
20676.936,indexer,122400
20698.257,indexer,122500
20719.951,indexer,122600
20742.472,indexer,122700
20764.920,indexer,122800
20787.319,indexer,122900
20814.598,indexer,123000
20842.104,indexer,123100
20869.373,indexer,123200
20894.774,indexer,123300
20920.953,indexer,123400
20947.699,indexer,123500
20976.506,indexer,123600
21000.468,indexer,123700
21024.851,indexer,123800
21046.213,indexer,123900
21071.807,indexer,124000
21094.156,indexer,124100
21119.891,indexer,124200
21146.824,indexer,124300
21174.477,indexer,124400
21199.661,indexer,124500
21225.105,indexer,124600
21250.892,indexer,124700
21278.240,indexer,124800
21305.306,indexer,124900
21336.447,indexer,125000
21371.125,indexer,125100
21399.834,indexer,125200
21424.597,indexer,125300
21452.800,indexer,125400
21481.672,indexer,125500
21509.496,indexer,125600
21535.644,indexer,125700
21562.696,indexer,125800
21590.346,indexer,125900
21615.399,indexer,126000
21642.480,indexer,126100
21665.516,indexer,126200
21691.258,indexer,126300
21715.062,indexer,126400
21743.790,indexer,126500
21770.527,indexer,126600
21799.347,indexer,126700
21830.473,indexer,126800
21858.659,indexer,126900
21888.850,indexer,127000
21919.071,indexer,127100
21947.607,indexer,127200
21980.735,indexer,127300
22010.271,indexer,127400
22039.473,indexer,127500
22073.546,indexer,127600
22107.376,indexer,127700
22139.918,indexer,127800
22174.813,indexer,127900
22205.075,indexer,128000
22238.672,indexer,128100
22271.645,indexer,128200
22303.507,indexer,128300
22339.394,indexer,128400
22372.433,indexer,128500
22405.835,indexer,128600
22437.136,indexer,128700
22469.146,indexer,128800
22504.665,indexer,128900
22537.938,indexer,129000
22576.094,indexer,129100
22611.118,indexer,129200
22650.413,indexer,129300
22688.117,indexer,129400
22729.856,indexer,129500
22766.475,indexer,129600
22805.928,indexer,129700
22839.106,indexer,129800
22876.871,indexer,129900
22910.334,indexer,130000
22945.184,indexer,130100
22979.413,indexer,130200
23016.379,indexer,130300
23078.026,indexer,130400
23115.540,indexer,130500
23151.702,indexer,130600
23192.080,indexer,130700
23229.933,indexer,130800
23269.965,indexer,130900
23304.055,indexer,131000
23345.692,indexer,131100
23385.191,indexer,131200
23426.760,indexer,131300
23466.699,indexer,131400
23506.821,indexer,131500
23546.017,indexer,131600
23586.959,indexer,131700
23624.935,indexer,131800
23663.453,indexer,131900
23700.735,indexer,132000
23738.748,indexer,132100
23775.751,indexer,132200
23809.532,indexer,132300
23846.053,indexer,132400
23878.680,indexer,132500
23914.239,indexer,132600
23950.799,indexer,132700
23985.598,indexer,132800
24022.003,indexer,132900
24052.722,indexer,133000
24089.275,indexer,133100
24128.448,indexer,133200
24170.392,indexer,133300
24208.708,indexer,133400
24252.792,indexer,133500
24296.189,indexer,133600
24337.072,indexer,133700
24378.105,indexer,133800
24419.242,indexer,133900
24459.647,indexer,134000
24502.110,indexer,134100
24542.877,indexer,134200
24589.709,indexer,134300
24626.806,indexer,134400
24662.805,indexer,134500
24698.802,indexer,134600
24738.453,indexer,134700
24779.702,indexer,134800
24817.197,indexer,134900
24860.004,indexer,135000
24901.782,indexer,135100
24952.409,indexer,135200
24994.781,indexer,135300
25033.364,indexer,135400
25071.635,indexer,135500
25110.712,indexer,135600
25153.437,indexer,135700
25191.980,indexer,135800
25231.756,indexer,135900
25272.549,indexer,136000
25308.331,indexer,136100
25363.784,indexer,136200
25401.028,indexer,136300
25439.412,indexer,136400
25477.622,indexer,136500
25518.773,indexer,136600
25557.557,indexer,136700
25594.785,indexer,136800
25633.653,indexer,136900
25671.887,indexer,137000
25714.163,indexer,137100
25754.378,indexer,137200
25795.091,indexer,137300
25837.112,indexer,137400
25877.322,indexer,137500
25916.549,indexer,137600
25953.659,indexer,137700
25988.267,indexer,137800
26027.575,indexer,137900
26067.012,indexer,138000
26105.453,indexer,138100
26141.965,indexer,138200
26177.587,indexer,138300
26217.128,indexer,138400
26255.669,indexer,138500
26296.135,indexer,138600
26334.691,indexer,138700
26370.760,indexer,138800
26405.244,indexer,138900
26442.261,indexer,139000
26478.360,indexer,139100
26523.640,indexer,139200
26559.994,indexer,139300
26598.602,indexer,139400
26637.631,indexer,139500
26677.683,indexer,139600
26719.184,indexer,139700
26760.572,indexer,139800
26801.043,indexer,139900
26839.265,indexer,140000
26880.303,indexer,140100
26918.129,indexer,140200
26959.682,indexer,140300
26994.745,indexer,140400
27034.924,indexer,140500
27072.298,indexer,140600
27109.697,indexer,140700
27144.818,indexer,140800
27187.526,indexer,140900
27230.208,indexer,141000
27270.002,indexer,141100
27312.089,indexer,141200
27352.098,indexer,141300
27391.213,indexer,141400
27428.559,indexer,141500
27468.112,indexer,141600
27509.187,indexer,141700
27548.568,indexer,141800
27586.746,indexer,141900
27634.623,indexer,142000
27678.404,indexer,142100
27714.656,indexer,142200
27751.033,indexer,142300
27788.908,indexer,142400
27829.157,indexer,142500
27868.658,indexer,142600
27907.895,indexer,142700
27947.717,indexer,142800
27986.229,indexer,142900
28026.075,indexer,143000
28066.254,indexer,143100
28102.036,indexer,143200
28139.620,indexer,143300
28176.524,indexer,143400
28216.598,indexer,143500
28251.315,indexer,143600
28286.873,indexer,143700
28319.193,indexer,143800
28361.188,indexer,143900
28399.853,indexer,144000
28435.155,indexer,144100
28470.573,indexer,144200
28517.274,indexer,144300
28554.383,indexer,144400
28589.153,indexer,144500
28627.393,indexer,144600
28662.728,indexer,144700
28699.343,indexer,144800
28732.202,indexer,144900
28772.240,indexer,145000
28806.712,indexer,145100
28841.829,indexer,145200
28875.687,indexer,145300
28910.029,indexer,145400
28941.149,indexer,145500
28979.286,indexer,145600
29018.203,indexer,145700
29053.200,indexer,145800
29084.762,indexer,145900
29120.037,indexer,146000
29158.721,indexer,146100
29199.577,indexer,146200
29236.582,indexer,146300
29273.353,indexer,146400
29308.814,indexer,146500
29343.375,indexer,146600
29383.761,indexer,146700
29420.858,indexer,146800
29459.120,indexer,146900
29496.540,indexer,147000
29531.362,indexer,147100
29568.173,indexer,147200
29599.722,indexer,147300
29634.456,indexer,147400
29669.977,indexer,147500
29709.584,indexer,147600
29742.587,indexer,147700
29775.036,indexer,147800
29807.725,indexer,147900
29842.778,indexer,148000
29877.911,indexer,148100
29913.092,indexer,148200
29951.208,indexer,148300
29993.425,indexer,148400
30029.024,indexer,148500
30065.832,indexer,148600
30100.349,indexer,148700
30143.827,indexer,148800
30189.854,indexer,148900
30231.075,indexer,149000
30274.442,indexer,149100
30315.090,indexer,149200
30359.595,indexer,149300
30393.092,indexer,149400
30429.842,indexer,149500
30467.767,indexer,149600
30506.541,indexer,149700
30540.332,indexer,149800
30571.223,indexer,149900
30606.463,indexer,150000
30639.842,indexer,150100
30677.514,indexer,150200
30717.108,indexer,150300
30756.666,indexer,150400
30793.429,indexer,150500
30829.796,indexer,150600
30866.086,indexer,150700
30903.754,indexer,150800
30942.431,indexer,150900
30980.471,indexer,151000
31019.945,indexer,151100
31054.800,indexer,151200
31086.272,indexer,151300
31120.080,indexer,151400
31154.251,indexer,151500
31185.389,indexer,151600
31221.923,indexer,151700
31257.004,indexer,151800
31292.658,indexer,151900
31324.544,indexer,152000
31358.668,indexer,152100
31392.962,indexer,152200
31428.091,indexer,152300
31464.726,indexer,152400
31501.323,indexer,152500
31532.832,indexer,152600
31574.022,indexer,152700
31608.088,indexer,152800
31643.975,indexer,152900
31678.185,indexer,153000
31710.040,indexer,153100
31746.795,indexer,153200
31783.855,indexer,153300
31820.648,indexer,153400
31857.671,indexer,153500
31895.669,indexer,153600
31930.919,indexer,153700
31966.402,indexer,153800
32002.392,indexer,153900
32037.566,indexer,154000
32069.657,indexer,154100
32105.358,indexer,154200
32139.624,indexer,154300
32174.836,indexer,154400
32210.247,indexer,154500
32246.878,indexer,154600
32282.727,indexer,154700
32320.241,indexer,154800
32355.016,indexer,154900
32390.131,indexer,155000
32424.713,indexer,155100
32460.878,indexer,155200
32499.695,indexer,155300
32532.949,indexer,155400
32566.735,indexer,155500
32619.746,indexer,155600
32655.125,indexer,155700
32693.413,indexer,155800
32728.794,indexer,155900
32762.870,indexer,156000
32798.701,indexer,156100
32833.080,indexer,156200
32868.318,indexer,156300
32906.441,indexer,156400
32941.424,indexer,156500
32975.640,indexer,156600
33008.161,indexer,156700
33042.715,indexer,156800
33078.337,indexer,156900
33111.596,indexer,157000
33143.670,indexer,157100
33178.809,indexer,157200
33214.583,indexer,157300
33249.892,indexer,157400
33281.747,indexer,157500
33315.565,indexer,157600
33348.273,indexer,157700
33385.409,indexer,157800
33417.316,indexer,157900
33451.947,indexer,158000
33486.039,indexer,158100
33518.319,indexer,158200
33556.676,indexer,158300
33593.803,indexer,158400
33626.035,indexer,158500
33659.414,indexer,158600
33696.352,indexer,158700
33730.041,indexer,158800
33762.567,indexer,158900
33796.288,indexer,159000
33828.015,indexer,159100
33856.503,indexer,159200
33887.888,indexer,159300
33917.813,indexer,159400
33956.885,indexer,159500
33988.212,indexer,159600
34019.427,indexer,159700
34052.695,indexer,159800
34083.765,indexer,159900
34115.693,indexer,160000
34143.422,indexer,160100
34176.998,indexer,160200
34210.922,indexer,160300
34244.498,indexer,160400
34276.393,indexer,160500
34308.018,indexer,160600
34343.776,indexer,160700
34381.173,indexer,160800
34414.386,indexer,160900
34449.839,indexer,161000
34481.449,indexer,161100
34517.265,indexer,161200
34547.931,indexer,161300
34579.414,indexer,161400
34625.053,indexer,161500
34661.319,indexer,161600
34699.482,indexer,161700
34737.027,indexer,161800
34769.743,indexer,161900
34809.481,indexer,162000
34846.589,indexer,162100
34880.036,indexer,162200
34914.859,indexer,162300
34948.748,indexer,162400
34983.364,indexer,162500
35025.852,indexer,162600
35064.498,indexer,162700
35104.791,indexer,162800
35156.179,indexer,162900
35194.937,indexer,163000
35228.335,indexer,163100
35260.321,indexer,163200
35292.104,indexer,163300
35324.410,indexer,163400
35355.055,indexer,163500
35387.275,indexer,163600
35424.064,indexer,163700
35460.380,indexer,163800
35495.849,indexer,163900
35532.487,indexer,164000
35567.184,indexer,164100
35604.311,indexer,164200
35638.729,indexer,164300
35672.966,indexer,164400
35708.277,indexer,164500
35739.294,indexer,164600
35771.819,indexer,164700
35807.859,indexer,164800
35844.633,indexer,164900
35881.363,indexer,165000
35917.067,indexer,165100
35953.381,indexer,165200
35989.795,indexer,165300
36027.155,indexer,165400
36063.344,indexer,165500
36096.504,indexer,165600
36134.048,indexer,165700
36172.336,indexer,165800
36209.039,indexer,165900
36248.044,indexer,166000
36283.201,indexer,166100
36322.087,indexer,166200
36363.169,indexer,166300
36400.597,indexer,166400
36436.811,indexer,166500
36474.390,indexer,166600
36517.196,indexer,166700
36561.176,indexer,166800
36603.655,indexer,166900
36649.401,indexer,167000
36693.638,indexer,167100
36732.764,indexer,167200
36768.279,indexer,167300
36801.339,indexer,167400
36836.179,indexer,167500
36871.735,indexer,167600
36904.810,indexer,167700
36940.563,indexer,167800
36975.963,indexer,167900
37008.744,indexer,168000
37044.665,indexer,168100
37083.882,indexer,168200
37121.036,indexer,168300
37152.143,indexer,168400
37184.759,indexer,168500
37216.289,indexer,168600
37251.054,indexer,168700
37289.554,indexer,168800
37328.141,indexer,168900
37365.508,indexer,169000
37397.891,indexer,169100
37434.641,indexer,169200
37499.704,indexer,169300
37537.813,indexer,169400
37574.504,indexer,169500
37610.139,indexer,169600
37650.406,indexer,169700
37688.281,indexer,169800
37722.867,indexer,169900
37757.418,indexer,170000
37787.798,indexer,170100
37821.147,indexer,170200
37854.588,indexer,170300
37885.561,indexer,170400
37916.583,indexer,170500
37947.790,indexer,170600
37980.123,indexer,170700
38010.691,indexer,170800
38044.800,indexer,170900
38078.080,indexer,171000
38117.452,indexer,171100
38155.869,indexer,171200
38192.931,indexer,171300
38228.418,indexer,171400
38263.745,indexer,171500
38295.855,indexer,171600
38328.409,indexer,171700
38362.086,indexer,171800
38395.307,indexer,171900
38429.490,indexer,172000
38463.599,indexer,172100
38495.059,indexer,172200
38530.417,indexer,172300
38563.477,indexer,172400
38598.928,indexer,172500
38631.478,indexer,172600
38661.645,indexer,172700
38690.951,indexer,172800
38725.042,indexer,172900
38758.763,indexer,173000
38794.702,indexer,173100
38828.797,indexer,173200
38863.815,indexer,173300
38898.982,indexer,173400
38938.095,indexer,173500
38973.814,indexer,173600
39004.517,indexer,173700
39034.425,indexer,173800
39065.272,indexer,173900
39097.210,indexer,174000
39136.162,indexer,174100
39176.345,indexer,174200
39213.710,indexer,174300
39255.664,indexer,174400
39298.004,indexer,174500
39337.942,indexer,174600
39374.853,indexer,174700
39409.758,indexer,174800
39442.593,indexer,174900
39480.843,indexer,175000
39518.257,indexer,175100
39556.192,indexer,175200
39593.839,indexer,175300
39654.995,indexer,175400
39694.380,indexer,175500
39732.828,indexer,175600
39773.717,indexer,175700
39817.141,indexer,175800
39856.835,indexer,175900
39899.509,indexer,176000
39944.033,indexer,176100
39986.168,indexer,176200
40021.814,indexer,176300
40059.430,indexer,176400
40099.773,indexer,176500
40140.161,indexer,176600
40176.900,indexer,176700
40214.210,indexer,176800
40250.534,indexer,176900
40288.595,indexer,177000
40331.109,indexer,177100
40370.367,indexer,177200
40410.901,indexer,177300
40453.130,indexer,177400
40492.864,indexer,177500
40525.194,indexer,177600
40561.432,indexer,177700
40596.628,indexer,177800
40631.594,indexer,177900
40672.563,indexer,178000
40716.907,indexer,178100
40768.308,indexer,178200
40819.849,indexer,178300
40879.094,indexer,178400
40931.885,indexer,178500
40978.351,indexer,178600
41034.390,indexer,178700
41078.249,indexer,178800
41121.995,indexer,178900
41163.436,indexer,179000
41211.528,indexer,179100
41258.578,indexer,179200
41303.578,indexer,179300
41353.671,indexer,179400
41405.703,indexer,179500
41452.273,indexer,179600
41501.624,indexer,179700
41553.539,indexer,179800
41605.032,indexer,179900
41651.661,indexer,180000
41708.713,indexer,180100
41761.725,indexer,180200
41816.386,indexer,180300
41870.723,indexer,180400
41922.887,indexer,180500
41977.126,indexer,180600
42043.464,indexer,180700
42105.192,indexer,180800
42164.216,indexer,180900
42238.277,indexer,181000
42298.542,indexer,181100
42356.673,indexer,181200
42413.769,indexer,181300
42468.789,indexer,181400
42528.375,indexer,181500
42584.249,indexer,181600
42636.015,indexer,181700
42683.330,indexer,181800
42741.394,indexer,181900
42801.092,indexer,182000
42861.939,indexer,182100
42920.019,indexer,182200
42975.113,indexer,182300
43026.784,indexer,182400
43087.441,indexer,182500
43142.631,indexer,182600
43183.058,indexer,182700
43226.271,indexer,182800
43304.945,indexer,182900
43369.868,indexer,183000
43432.097,indexer,183100
43491.713,indexer,183200
43530.684,indexer,183300
43588.098,indexer,183400
43643.958,indexer,183500
44262.049,indexer,183600
44316.117,indexer,183700
44374.854,indexer,183800
44431.553,indexer,183900
44487.737,indexer,184000
44562.941,indexer,184100
44615.999,indexer,184200
44674.437,indexer,184300
44742.607,indexer,184400
44812.561,indexer,184500
44881.514,indexer,184600
44946.949,indexer,184700
45012.729,indexer,184800
45069.115,indexer,184900
45129.533,indexer,185000
45191.510,indexer,185100
45244.672,indexer,185200
45302.485,indexer,185300
45369.953,indexer,185400
45429.948,indexer,185500
45487.125,indexer,185600
45546.140,indexer,185700
45595.292,indexer,185800
45644.956,indexer,185900
45692.822,indexer,186000
45744.484,indexer,186100
45796.751,indexer,186200
45852.578,indexer,186300
45909.126,indexer,186400
45967.347,indexer,186500
46036.390,indexer,186600
46088.369,indexer,186700
46142.283,indexer,186800
46198.913,indexer,186900
46251.752,indexer,187000
46301.198,indexer,187100
46349.946,indexer,187200
46406.200,indexer,187300
46454.772,indexer,187400
46503.053,indexer,187500
46554.921,indexer,187600
46610.734,indexer,187700
46664.910,indexer,187800
46717.046,indexer,187900
46767.479,indexer,188000
46820.177,indexer,188100
46870.300,indexer,188200
46920.214,indexer,188300
46982.150,indexer,188400
47046.545,indexer,188500
47102.231,indexer,188600
47159.177,indexer,188700
47211.928,indexer,188800
47259.795,indexer,188900
47315.849,indexer,189000
47362.601,indexer,189100
47414.262,indexer,189200
47470.196,indexer,189300
47527.791,indexer,189400
47586.562,indexer,189500
47641.785,indexer,189600
47695.119,indexer,189700
47752.890,indexer,189800
47813.703,indexer,189900
47880.756,indexer,190000
47939.747,indexer,190100
47995.545,indexer,190200
48058.148,indexer,190300
48118.308,indexer,190400
48174.153,indexer,190500
48223.842,indexer,190600
48276.443,indexer,190700
48327.290,indexer,190800
48380.983,indexer,190900
48434.393,indexer,191000
48483.544,indexer,191100
48539.550,indexer,191200
48598.554,indexer,191300
48648.553,indexer,191400
48700.438,indexer,191500
48766.542,indexer,191600
48829.129,indexer,191700
48890.394,indexer,191800
48947.773,indexer,191900
49000.087,indexer,192000
49055.710,indexer,192100
49108.878,indexer,192200
49161.015,indexer,192300
49218.411,indexer,192400
49275.481,indexer,192500
49338.855,indexer,192600
49395.225,indexer,192700
49452.483,indexer,192800
49511.978,indexer,192900
49580.664,indexer,193000
49632.965,indexer,193100
49686.284,indexer,193200
49742.088,indexer,193300
49800.216,indexer,193400
49860.826,indexer,193500
49912.856,indexer,193600
49978.149,indexer,193700
50047.492,indexer,193800
50104.289,indexer,193900
50169.330,indexer,194000
50240.600,indexer,194100
50305.037,indexer,194200
50368.766,indexer,194300
50433.349,indexer,194400
50497.157,indexer,194500
50558.282,indexer,194600
50614.563,indexer,194700
50672.494,indexer,194800
50725.646,indexer,194900
50781.167,indexer,195000
50845.325,indexer,195100
50907.006,indexer,195200
50962.972,indexer,195300
51022.663,indexer,195400
51078.485,indexer,195500
51139.419,indexer,195600
51192.769,indexer,195700
51243.291,indexer,195800
51300.687,indexer,195900
51367.156,indexer,196000
51440.651,indexer,196100
51505.440,indexer,196200
51567.116,indexer,196300
51620.250,indexer,196400
51685.221,indexer,196500
51746.817,indexer,196600
51809.594,indexer,196700
51872.254,indexer,196800
51930.681,indexer,196900
51990.294,indexer,197000
52049.728,indexer,197100
52113.270,indexer,197200
52170.580,indexer,197300
52232.043,indexer,197400
52291.790,indexer,197500
52353.705,indexer,197600
52408.285,indexer,197700
52463.834,indexer,197800
52523.871,indexer,197900
52581.003,indexer,198000
52639.062,indexer,198100
52696.774,indexer,198200
52758.660,indexer,198300
52825.203,indexer,198400
52881.906,indexer,198500
52941.534,indexer,198600
53003.296,indexer,198700
53064.208,indexer,198800
53119.112,indexer,198900
53177.082,indexer,199000
53231.267,indexer,199100
53282.528,indexer,199200
53335.678,indexer,199300
53390.992,indexer,199400
53450.844,indexer,199500
53509.132,indexer,199600
53567.957,indexer,199700
53623.401,indexer,199800
53680.082,indexer,199900
53743.642,indexer,200000
53797.509,indexer,200100
53850.931,indexer,200200
53908.399,indexer,200300
53964.429,indexer,200400
54019.497,indexer,200500
54079.818,indexer,200600
54141.666,indexer,200700
54197.037,indexer,200800
54254.267,indexer,200900
54333.050,indexer,201000
54379.801,indexer,201100
54433.507,indexer,201200
54487.676,indexer,201300
54542.273,indexer,201400
54611.999,indexer,201500
54674.220,indexer,201600
55310.329,indexer,201700
55370.635,indexer,201800
55437.655,indexer,201900
55500.861,indexer,202000
55560.148,indexer,202100
55625.822,indexer,202200
55711.277,indexer,202300
55770.569,indexer,202400
55832.112,indexer,202500
55895.766,indexer,202600
55967.525,indexer,202700
56027.991,indexer,202800
56090.655,indexer,202900
56146.630,indexer,203000
56207.032,indexer,203100
56263.959,indexer,203200
56321.736,indexer,203300
56374.627,indexer,203400
56433.468,indexer,203500
56493.590,indexer,203600
56556.358,indexer,203700
56619.986,indexer,203800
56680.450,indexer,203900
56737.986,indexer,204000
56798.016,indexer,204100
56851.543,indexer,204200
56914.721,indexer,204300
56978.191,indexer,204400
57033.888,indexer,204500
57098.278,indexer,204600
57156.866,indexer,204700
57216.224,indexer,204800
57275.832,indexer,204900
57333.538,indexer,205000
57384.202,indexer,205100
57429.965,indexer,205200
57481.353,indexer,205300
57527.973,indexer,205400
57578.595,indexer,205500
57626.148,indexer,205600
57681.951,indexer,205700
57750.294,indexer,205800
57804.976,indexer,205900
57859.075,indexer,206000
57918.717,indexer,206100
57977.959,indexer,206200
58034.862,indexer,206300
58085.751,indexer,206400
58142.699,indexer,206500
58202.161,indexer,206600
58262.009,indexer,206700
58324.516,indexer,206800
58388.209,indexer,206900
58449.465,indexer,207000
58509.337,indexer,207100
58570.545,indexer,207200
58629.539,indexer,207300
58680.691,indexer,207400
58730.939,indexer,207500
58788.135,indexer,207600
58847.947,indexer,207700
58904.026,indexer,207800
58960.775,indexer,207900
59021.457,indexer,208000
59085.558,indexer,208100
59151.936,indexer,208200
59214.340,indexer,208300
59279.190,indexer,208400
59334.564,indexer,208500
59397.347,indexer,208600
59471.732,indexer,208700
59532.240,indexer,208800
59596.655,indexer,208900
59658.460,indexer,209000
59719.060,indexer,209100
59779.315,indexer,209200
59838.483,indexer,209300
59898.626,indexer,209400
59957.633,indexer,209500
60020.744,indexer,209600
60081.193,indexer,209700
60141.566,indexer,209800
60199.021,indexer,209900
60254.991,indexer,210000
60319.705,indexer,210100
60379.703,indexer,210200
60439.017,indexer,210300
60515.519,indexer,210400
60565.646,indexer,210500
60614.732,indexer,210600
60667.614,indexer,210700
60720.791,indexer,210800
60790.004,indexer,210900
60853.201,indexer,211000
60918.495,indexer,211100
60993.865,indexer,211200
61053.816,indexer,211300
61116.747,indexer,211400
61178.286,indexer,211500
61251.537,indexer,211600
61310.572,indexer,211700
61373.072,indexer,211800
61443.277,indexer,211900
61510.521,indexer,212000
61576.527,indexer,212100
61652.118,indexer,212200
61718.930,indexer,212300
61785.152,indexer,212400
61852.963,indexer,212500
61928.615,indexer,212600
62009.972,indexer,212700
62092.700,indexer,212800
62163.461,indexer,212900
62230.769,indexer,213000
62303.978,indexer,213100
62370.338,indexer,213200
62433.649,indexer,213300
62499.867,indexer,213400
62564.881,indexer,213500
62625.328,indexer,213600
62688.114,indexer,213700
62748.036,indexer,213800
62811.148,indexer,213900
62871.019,indexer,214000
62941.222,indexer,214100
63001.799,indexer,214200
63066.399,indexer,214300
63125.665,indexer,214400
63183.287,indexer,214500
63238.692,indexer,214600
63296.196,indexer,214700
63357.436,indexer,214800
63422.763,indexer,214900
63485.220,indexer,215000
63554.710,indexer,215100
63624.229,indexer,215200
63687.574,indexer,215300
63747.679,indexer,215400
63808.291,indexer,215500
63868.831,indexer,215600
63929.940,indexer,215700
64008.184,indexer,215800
64075.193,indexer,215900
64145.594,indexer,216000
64220.926,indexer,216100
64298.301,indexer,216200
64371.419,indexer,216300
64441.399,indexer,216400
64504.351,indexer,216500
64569.754,indexer,216600
64639.506,indexer,216700
65349.435,indexer,216800
65438.292,indexer,216900
65531.920,indexer,217000
65619.501,indexer,217100
65701.940,indexer,217200
65786.315,indexer,217300
65866.931,indexer,217400
65945.787,indexer,217500
66021.455,indexer,217600
66112.440,indexer,217700
66197.017,indexer,217800
66274.505,indexer,217900
66354.586,indexer,218000
66447.625,indexer,218100
66529.485,indexer,218200
66612.916,indexer,218300
66697.480,indexer,218400
66778.879,indexer,218500
66858.376,indexer,218600
66932.216,indexer,218700
66998.320,indexer,218800
67062.277,indexer,218900
67126.240,indexer,219000
67206.247,indexer,219100
67279.759,indexer,219200
67352.014,indexer,219300
67429.124,indexer,219400
67502.471,indexer,219500
67577.019,indexer,219600
67646.782,indexer,219700
67716.024,indexer,219800
67779.376,indexer,219900
67849.760,indexer,220000
67923.166,indexer,220100
68010.899,indexer,220200
68080.657,indexer,220300
68151.258,indexer,220400
68220.994,indexer,220500
68292.128,indexer,220600
68361.157,indexer,220700
68434.105,indexer,220800
68505.206,indexer,220900
68574.731,indexer,221000
68648.883,indexer,221100
68718.358,indexer,221200
68784.212,indexer,221300
68852.659,indexer,221400
68916.429,indexer,221500
68985.408,indexer,221600
69048.871,indexer,221700
69114.264,indexer,221800
69186.348,indexer,221900
69255.159,indexer,222000
69337.206,indexer,222100
69404.296,indexer,222200
69483.540,indexer,222300
69549.546,indexer,222400
69625.804,indexer,222500
69694.952,indexer,222600
69769.581,indexer,222700
69842.164,indexer,222800
69919.647,indexer,222900
69989.799,indexer,223000
70058.978,indexer,223100
70132.165,indexer,223200
70202.538,indexer,223300
70269.934,indexer,223400
70340.411,indexer,223500
70416.075,indexer,223600
70493.822,indexer,223700
70567.881,indexer,223800
70643.285,indexer,223900
70713.985,indexer,224000
70782.377,indexer,224100
70855.472,indexer,224200
70928.999,indexer,224300
71002.326,indexer,224400
71081.171,indexer,224500
71159.158,indexer,224600
71238.935,indexer,224700
71316.196,indexer,224800
71386.567,indexer,224900
71455.455,indexer,225000
71531.034,indexer,225100
71601.638,indexer,225200
71681.225,indexer,225300
71753.247,indexer,225400
71832.518,indexer,225500
71909.117,indexer,225600
71980.319,indexer,225700
72077.390,indexer,225800
72146.623,indexer,225900
72217.157,indexer,226000
72288.669,indexer,226100
72345.816,indexer,226200
72407.361,indexer,226300
72463.948,indexer,226400
72530.217,indexer,226500
72599.647,indexer,226600
72678.579,indexer,226700
72757.536,indexer,226800
72838.210,indexer,226900
72903.091,indexer,227000
72970.668,indexer,227100
73035.380,indexer,227200
73108.396,indexer,227300
73169.594,indexer,227400
73244.908,indexer,227500
73308.800,indexer,227600
73959.701,indexer,227700
74025.072,indexer,227800
74101.771,indexer,227900
74176.226,indexer,228000
74251.433,indexer,228100
74329.789,indexer,228200
74413.194,indexer,228300
74486.623,indexer,228400
74567.588,indexer,228500
74644.513,indexer,228600
74722.573,indexer,228700
74798.319,indexer,228800
74876.467,indexer,228900
74952.588,indexer,229000
75016.198,indexer,229100
75089.870,indexer,229200
75183.322,indexer,229300
75265.960,indexer,229400
75343.192,indexer,229500
75428.059,indexer,229600
75506.704,indexer,229700
75588.242,indexer,229800
75668.137,indexer,229900
75740.577,indexer,230000
75817.672,indexer,230100
75902.506,indexer,230200
75984.078,indexer,230300
76068.054,indexer,230400
76140.130,indexer,230500
76217.569,indexer,230600
76301.898,indexer,230700
76390.762,indexer,230800
76477.335,indexer,230900
76553.466,indexer,231000
76629.593,indexer,231100
76700.803,indexer,231200
76769.882,indexer,231300
76845.977,indexer,231400
76920.366,indexer,231500
76993.545,indexer,231600
77069.638,indexer,231700
77139.819,indexer,231800
77219.773,indexer,231900
77287.835,indexer,232000
77385.649,indexer,232100
77473.367,indexer,232200
77543.304,indexer,232300
77609.411,indexer,232400
77683.916,indexer,232500
77756.817,indexer,232600
77831.607,indexer,232700
77907.468,indexer,232800
77983.849,indexer,232900
78077.273,indexer,233000
78149.096,indexer,233100
78230.996,indexer,233200
78304.192,indexer,233300
78377.149,indexer,233400
78452.475,indexer,233500
78521.026,indexer,233600
78596.089,indexer,233700
78674.487,indexer,233800
78762.292,indexer,233900
78837.709,indexer,234000
78917.290,indexer,234100
78993.938,indexer,234200
79089.472,indexer,234300
79166.262,indexer,234400
79239.039,indexer,234500
79314.477,indexer,234600
79386.285,indexer,234700
79458.419,indexer,234800
79537.263,indexer,234900
79610.637,indexer,235000
79686.809,indexer,235100
79761.488,indexer,235200
79837.485,indexer,235300
79925.102,indexer,235400
80004.527,indexer,235500
80083.320,indexer,235600
80163.433,indexer,235700
80238.092,indexer,235800
80313.306,indexer,235900
80386.486,indexer,236000
80462.149,indexer,236100
80542.279,indexer,236200
80623.556,indexer,236300
80712.818,indexer,236400
80795.581,indexer,236500
80870.820,indexer,236600
80950.278,indexer,236700
81024.616,indexer,236800
81094.126,indexer,236900
81164.924,indexer,237000
82019.544,indexer,237100
82148.178,indexer,237200
82275.115,indexer,237300
82364.062,indexer,237400
82447.918,indexer,237500
82542.310,indexer,237600
82626.335,indexer,237700
82716.780,indexer,237800
82800.815,indexer,237900
82874.415,indexer,238000
82959.269,indexer,238100
83040.349,indexer,238200
83124.748,indexer,238300
83227.974,indexer,238400
83320.422,indexer,238500
83438.551,indexer,238600
83522.330,indexer,238700
83607.588,indexer,238800
83685.143,indexer,238900
83761.412,indexer,239000
83836.453,indexer,239100
83907.254,indexer,239200
83982.157,indexer,239300
84057.455,indexer,239400
84128.202,indexer,239500
84209.019,indexer,239600
84285.648,indexer,239700
84373.043,indexer,239800
84451.734,indexer,239900
84535.589,indexer,240000
84612.663,indexer,240100
84697.208,indexer,240200
84783.256,indexer,240300
84858.028,indexer,240400
84930.622,indexer,240500
84999.423,indexer,240600
85059.998,indexer,240700
85122.792,indexer,240800
85193.340,indexer,240900
85262.354,indexer,241000
85326.728,indexer,241100
85393.631,indexer,241200
85453.575,indexer,241300
85519.760,indexer,241400
85584.311,indexer,241500
85653.470,indexer,241600
85727.413,indexer,241700
85789.051,indexer,241800
85862.211,indexer,241900
85931.256,indexer,242000
86004.233,indexer,242100
86073.553,indexer,242200
86148.811,indexer,242300
86218.512,indexer,242400
86294.227,indexer,242500
86363.699,indexer,242600
86429.349,indexer,242700
86493.412,indexer,242800
86559.466,indexer,242900
86618.478,indexer,243000
86694.069,indexer,243100
86759.951,indexer,243200
86828.005,indexer,243300
86896.425,indexer,243400
86969.094,indexer,243500
87035.463,indexer,243600
87106.554,indexer,243700
87173.459,indexer,243800
87237.622,indexer,243900
87300.396,indexer,244000
87359.946,indexer,244100
87422.378,indexer,244200
87488.591,indexer,244300
87563.668,indexer,244400
87628.204,indexer,244500
87685.265,indexer,244600
87745.060,indexer,244700
87810.421,indexer,244800
87865.684,indexer,244900
87933.981,indexer,245000
87992.804,indexer,245100
88059.901,indexer,245200
88115.448,indexer,245300
88172.889,indexer,245400
88228.880,indexer,245500
88291.465,indexer,245600
88351.041,indexer,245700
88415.777,indexer,245800
88480.417,indexer,245900
88540.224,indexer,246000
88604.253,indexer,246100
88676.693,indexer,246200
88758.963,indexer,246300
88818.310,indexer,246400
88878.819,indexer,246500
88942.576,indexer,246600
89004.829,indexer,246700
89065.590,indexer,246800
89131.445,indexer,246900
89193.387,indexer,247000
89256.983,indexer,247100
89321.261,indexer,247200
89386.880,indexer,247300
89448.905,indexer,247400
89511.577,indexer,247500
89570.464,indexer,247600
89632.174,indexer,247700
89689.331,indexer,247800
89745.205,indexer,247900
89815.519,indexer,248000
89879.644,indexer,248100
89949.466,indexer,248200
90018.982,indexer,248300
90090.471,indexer,248400
90154.411,indexer,248500
90218.018,indexer,248600
90279.532,indexer,248700
90341.454,indexer,248800
90399.673,indexer,248900
90467.545,indexer,249000
90532.138,indexer,249100
90590.445,indexer,249200
90656.510,indexer,249300
90726.179,indexer,249400
90792.888,indexer,249500
90856.798,indexer,249600
90931.479,indexer,249700
90998.397,indexer,249800
91071.420,indexer,249900
91137.076,indexer,250000
91206.312,indexer,250100
91271.489,indexer,250200
91336.537,indexer,250300
91411.920,indexer,250400
91480.297,indexer,250500
92200.471,indexer,250600
92269.925,indexer,250700
92339.835,indexer,250800
92403.259,indexer,250900
92478.100,indexer,251000
92538.802,indexer,251100
92607.774,indexer,251200
92676.203,indexer,251300
92740.622,indexer,251400
92798.470,indexer,251500
92858.480,indexer,251600
92919.608,indexer,251700
92985.157,indexer,251800
93065.085,indexer,251900
93132.498,indexer,252000
93204.600,indexer,252100
93280.871,indexer,252200
93360.392,indexer,252300
93431.236,indexer,252400
93513.806,indexer,252500
93582.258,indexer,252600
93652.053,indexer,252700
93719.606,indexer,252800
93789.451,indexer,252900
93878.063,indexer,253000
93966.645,indexer,253100
94049.205,indexer,253200
94123.449,indexer,253300
94194.100,indexer,253400
94267.083,indexer,253500
94334.400,indexer,253600
94417.040,indexer,253700
94487.717,indexer,253800
94557.914,indexer,253900
94621.977,indexer,254000
94695.252,indexer,254100
94764.971,indexer,254200
94835.349,indexer,254300
94909.266,indexer,254400
94986.379,indexer,254500
95062.875,indexer,254600
95136.327,indexer,254700
95208.963,indexer,254800
95279.663,indexer,254900
95349.152,indexer,255000
95420.099,indexer,255100
95484.752,indexer,255200
95544.842,indexer,255300
95606.856,indexer,255400
95668.986,indexer,255500
95730.193,indexer,255600
95791.503,indexer,255700
95858.832,indexer,255800
95929.532,indexer,255900
96001.114,indexer,256000
96068.285,indexer,256100
96141.974,indexer,256200
96213.636,indexer,256300
96286.510,indexer,256400
96358.099,indexer,256500
96430.167,indexer,256600
96509.822,indexer,256700
96585.279,indexer,256800
96652.933,indexer,256900
96724.700,indexer,257000
96787.120,indexer,257100
96858.119,indexer,257200
96922.218,indexer,257300
96988.171,indexer,257400
97054.146,indexer,257500
97128.285,indexer,257600
97197.101,indexer,257700
97261.796,indexer,257800
97320.691,indexer,257900
97385.841,indexer,258000
97448.537,indexer,258100
97521.448,indexer,258200
97589.659,indexer,258300
97664.406,indexer,258400
97735.555,indexer,258500
97814.338,indexer,258600
97890.122,indexer,258700
97963.228,indexer,258800
98037.391,indexer,258900
98103.385,indexer,259000
98176.704,indexer,259100
98244.858,indexer,259200
98311.301,indexer,259300
98374.359,indexer,259400
98440.225,indexer,259500
98506.508,indexer,259600
98576.404,indexer,259700
98645.317,indexer,259800
98715.774,indexer,259900
98781.299,indexer,260000
98851.040,indexer,260100
98919.392,indexer,260200
98997.216,indexer,260300
99057.918,indexer,260400
99131.445,indexer,260500
99197.650,indexer,260600
99268.113,indexer,260700
99335.224,indexer,260800
99404.177,indexer,260900
99479.647,indexer,261000
99547.351,indexer,261100
99621.789,indexer,261200
99689.735,indexer,261300
99765.686,indexer,261400
99836.647,indexer,261500
99907.309,indexer,261600
99977.363,indexer,261700
100041.515,indexer,261800
100105.881,indexer,261900
100167.971,indexer,262000
100242.053,indexer,262100
100309.446,indexer,262200
100383.918,indexer,262300
100452.442,indexer,262400
100520.581,indexer,262500
100588.828,indexer,262600
100660.733,indexer,262700
100731.846,indexer,262800
100807.052,indexer,262900
100878.343,indexer,263000
101589.213,indexer,263100
101669.465,indexer,263200
101749.159,indexer,263300
101831.924,indexer,263400
101910.755,indexer,263500
101989.502,indexer,263600
102074.575,indexer,263700
102143.294,indexer,263800
102220.517,indexer,263900
102300.639,indexer,264000
102375.400,indexer,264100
102463.483,indexer,264200
102547.791,indexer,264300
102633.895,indexer,264400
102707.812,indexer,264500
102778.040,indexer,264600
102854.760,indexer,264700
102927.912,indexer,264800
102990.600,indexer,264900
103062.677,indexer,265000
103134.179,indexer,265100
103209.050,indexer,265200
103276.421,indexer,265300
103350.060,indexer,265400
103419.225,indexer,265500
103493.257,indexer,265600
103570.440,indexer,265700
103648.055,indexer,265800
103717.188,indexer,265900
103789.095,indexer,266000
103858.734,indexer,266100
103924.556,indexer,266200
103996.993,indexer,266300
104064.052,indexer,266400
104134.937,indexer,266500
104208.533,indexer,266600
104279.542,indexer,266700
104356.263,indexer,266800
104432.128,indexer,266900
104514.957,indexer,267000
104598.771,indexer,267100
104679.501,indexer,267200
104746.015,indexer,267300
104811.264,indexer,267400
104874.427,indexer,267500
104938.749,indexer,267600
104997.543,indexer,267700
105063.243,indexer,267800
105132.985,indexer,267900
105208.239,indexer,268000
105283.200,indexer,268100
105368.718,indexer,268200
105448.868,indexer,268300
105529.630,indexer,268400
105618.619,indexer,268500
105708.019,indexer,268600
105790.926,indexer,268700
105874.711,indexer,268800
105950.367,indexer,268900
106018.783,indexer,269000
106098.879,indexer,269100
106169.979,indexer,269200
106257.493,indexer,269300
106332.032,indexer,269400
106418.799,indexer,269500
106495.742,indexer,269600
106584.502,indexer,269700
106673.556,indexer,269800
106740.968,indexer,269900
106818.515,indexer,270000
106884.226,indexer,270100
106961.348,indexer,270200
107050.656,indexer,270300
107159.520,indexer,270400
107259.047,indexer,270500
107350.689,indexer,270600
107442.255,indexer,270700
107534.197,indexer,270800
107625.808,indexer,270900
107711.969,indexer,271000
107796.047,indexer,271100
107875.090,indexer,271200
107953.594,indexer,271300
108030.106,indexer,271400
108117.950,indexer,271500
108207.565,indexer,271600
108301.298,indexer,271700
108389.364,indexer,271800
108489.423,indexer,271900
108581.583,indexer,272000
108668.864,indexer,272100
108767.487,indexer,272200
108857.191,indexer,272300
108935.830,indexer,272400
109013.593,indexer,272500
109102.247,indexer,272600
109188.975,indexer,272700
109275.724,indexer,272800
109357.238,indexer,272900
109441.980,indexer,273000
109543.293,indexer,273100
110280.543,indexer,273200
110375.248,indexer,273300
110448.961,indexer,273400
110534.699,indexer,273500
110619.635,indexer,273600
110697.729,indexer,273700
110770.270,indexer,273800
110842.998,indexer,273900
110925.853,indexer,274000
111011.933,indexer,274100
111094.337,indexer,274200
111188.470,indexer,274300
111272.401,indexer,274400
111346.189,indexer,274500
111428.480,indexer,274600
111509.542,indexer,274700
111588.181,indexer,274800
111665.990,indexer,274900
111743.725,indexer,275000
111822.451,indexer,275100
111903.922,indexer,275200
111989.617,indexer,275300
112070.976,indexer,275400
112153.091,indexer,275500
112235.583,indexer,275600
112324.999,indexer,275700
112404.726,indexer,275800
112482.794,indexer,275900
112560.536,indexer,276000
112644.304,indexer,276100
112728.475,indexer,276200
112809.160,indexer,276300
112885.414,indexer,276400
112958.412,indexer,276500
113039.432,indexer,276600
113116.226,indexer,276700
113196.676,indexer,276800
113277.319,indexer,276900
113351.674,indexer,277000
113426.371,indexer,277100
113504.896,indexer,277200
113580.109,indexer,277300
113659.031,indexer,277400
113744.521,indexer,277500
113821.080,indexer,277600
113904.155,indexer,277700
113978.723,indexer,277800
114060.861,indexer,277900
114133.192,indexer,278000
114193.776,indexer,278100
114270.497,indexer,278200
114354.126,indexer,278300
114436.271,indexer,278400
114519.529,indexer,278500
114594.768,indexer,278600
114681.886,indexer,278700
114758.268,indexer,278800
114844.821,indexer,278900
114932.591,indexer,279000
115007.167,indexer,279100
115091.421,indexer,279200
115180.283,indexer,279300
115275.593,indexer,279400
115363.276,indexer,279500
115436.430,indexer,279600
115510.063,indexer,279700
115587.035,indexer,279800
115660.067,indexer,279900
115737.540,indexer,280000
115807.298,indexer,280100
115876.799,indexer,280200
115950.585,indexer,280300
116033.769,indexer,280400
116117.294,indexer,280500
116199.169,indexer,280600
116282.234,indexer,280700
116351.986,indexer,280800
116431.252,indexer,280900
116511.742,indexer,281000
116590.398,indexer,281100
116664.769,indexer,281200
116739.509,indexer,281300
116814.866,indexer,281400
116891.058,indexer,281500
116978.952,indexer,281600
117063.071,indexer,281700
117148.335,indexer,281800
117223.196,indexer,281900
117306.196,indexer,282000
117386.388,indexer,282100
117468.322,indexer,282200
117562.130,indexer,282300
117641.397,indexer,282400
117719.899,indexer,282500
117806.217,indexer,282600
117886.794,indexer,282700
117983.168,indexer,282800
118916.309,indexer,282900
119074.076,indexer,283000
119214.591,indexer,283100
119344.164,indexer,283200
119487.689,indexer,283300
119616.182,indexer,283400
119750.606,indexer,283500
119854.182,indexer,283600
119980.101,indexer,283700
120088.479,indexer,283800
120174.844,indexer,283900
120276.461,indexer,284000
120371.803,indexer,284100
120470.507,indexer,284200
120561.526,indexer,284300
120663.220,indexer,284400
120759.102,indexer,284500
120853.043,indexer,284600
120952.988,indexer,284700
121040.946,indexer,284800
121143.251,indexer,284900
121237.901,indexer,285000
121322.073,indexer,285100
121407.554,indexer,285200
121489.263,indexer,285300
121576.616,indexer,285400
121668.147,indexer,285500
121746.700,indexer,285600
121828.345,indexer,285700
121909.349,indexer,285800
122006.786,indexer,285900
122090.999,indexer,286000
122164.503,indexer,286100
122235.349,indexer,286200
122310.565,indexer,286300
122398.015,indexer,286400
122480.398,indexer,286500
122560.288,indexer,286600
122636.575,indexer,286700
122719.101,indexer,286800
122816.536,indexer,286900
122908.065,indexer,287000
123001.109,indexer,287100
123077.183,indexer,287200
123153.000,indexer,287300
123238.337,indexer,287400
123320.436,indexer,287500
123397.702,indexer,287600
123492.750,indexer,287700
123588.964,indexer,287800
123675.612,indexer,287900
123764.750,indexer,288000
123847.566,indexer,288100
123929.799,indexer,288200
124006.082,indexer,288300
124106.161,indexer,288400
124188.272,indexer,288500
124271.258,indexer,288600
124360.505,indexer,288700
124458.889,indexer,288800
124565.640,indexer,288900
124654.588,indexer,289000
124747.447,indexer,289100
124834.210,indexer,289200
124919.346,indexer,289300
125016.966,indexer,289400
125106.574,indexer,289500
125187.969,indexer,289600
125270.851,indexer,289700
125349.125,indexer,289800
125455.857,indexer,289900
125544.006,indexer,290000
125630.323,indexer,290100
125734.262,indexer,290200
125822.185,indexer,290300
126680.567,indexer,290400
126782.094,indexer,290500
126890.981,indexer,290600
126966.660,indexer,290700
127056.713,indexer,290800
127140.534,indexer,290900
127215.722,indexer,291000
127306.429,indexer,291100
127385.544,indexer,291200
127473.820,indexer,291300
127563.208,indexer,291400
127642.711,indexer,291500
127736.615,indexer,291600
127816.881,indexer,291700
127897.729,indexer,291800
127993.632,indexer,291900
128061.580,indexer,292000
128136.132,indexer,292100
128219.430,indexer,292200
128306.949,indexer,292300
128398.029,indexer,292400
128486.788,indexer,292500
128572.145,indexer,292600
128665.454,indexer,292700
128753.158,indexer,292800
128835.694,indexer,292900
128918.916,indexer,293000
128994.377,indexer,293100
129072.679,indexer,293200
129156.132,indexer,293300
129230.734,indexer,293400
129313.086,indexer,293500
129391.840,indexer,293600
129477.216,indexer,293700
129557.110,indexer,293800
129629.326,indexer,293900
129714.715,indexer,294000
129794.378,indexer,294100
129885.415,indexer,294200
129964.456,indexer,294300
130055.723,indexer,294400
130134.044,indexer,294500
130218.614,indexer,294600
130304.652,indexer,294700
130393.645,indexer,294800
130484.345,indexer,294900
130570.344,indexer,295000
130661.719,indexer,295100
130756.664,indexer,295200
130839.204,indexer,295300
130920.515,indexer,295400
130992.999,indexer,295500
131058.603,indexer,295600
131138.488,indexer,295700
131217.139,indexer,295800
131320.208,indexer,295900
131403.045,indexer,296000
131494.418,indexer,296100
131582.821,indexer,296200
131671.849,indexer,296300
131769.196,indexer,296400
131849.127,indexer,296500
131933.333,indexer,296600
132011.548,indexer,296700
132083.971,indexer,296800
132164.234,indexer,296900
132245.202,indexer,297000
132330.428,indexer,297100
132422.903,indexer,297200
132502.101,indexer,297300
132602.957,indexer,297400
132704.631,indexer,297500
132794.202,indexer,297600
132878.640,indexer,297700
132953.220,indexer,297800
133046.458,indexer,297900
133126.680,indexer,298000
133917.627,indexer,298100
134029.712,indexer,298200
134131.374,indexer,298300
134234.775,indexer,298400
134352.679,indexer,298500
134461.041,indexer,298600
134557.182,indexer,298700
134647.879,indexer,298800
134747.159,indexer,298900
134852.019,indexer,299000
134946.611,indexer,299100
135051.615,indexer,299200
135160.118,indexer,299300
135258.981,indexer,299400
135366.116,indexer,299500
135467.309,indexer,299600
135566.181,indexer,299700
135661.818,indexer,299800
135746.604,indexer,299900
135826.479,indexer,300000
135904.134,indexer,300100
135976.044,indexer,300200
136067.500,indexer,300300
136159.516,indexer,300400
136250.296,indexer,300500
136342.641,indexer,300600
136431.177,indexer,300700
136516.500,indexer,300800
136608.779,indexer,300900
136690.134,indexer,301000
136772.602,indexer,301100
136848.237,indexer,301200
136953.585,indexer,301300
137051.340,indexer,301400
137150.523,indexer,301500
137235.522,indexer,301600
137324.595,indexer,301700
137419.040,indexer,301800
137505.744,indexer,301900
137592.553,indexer,302000
137673.047,indexer,302100
137759.978,indexer,302200
137851.661,indexer,302300
137927.587,indexer,302400
138008.892,indexer,302500
138098.644,indexer,302600
138194.323,indexer,302700
138284.570,indexer,302800
138376.534,indexer,302900
138461.764,indexer,303000
138554.872,indexer,303100
138647.521,indexer,303200
138736.091,indexer,303300
138823.661,indexer,303400
138907.105,indexer,303500
138986.928,indexer,303600
139071.741,indexer,303700
139155.059,indexer,303800
139240.403,indexer,303900
139336.442,indexer,304000
139424.333,indexer,304100
139503.173,indexer,304200
139595.040,indexer,304300
139692.619,indexer,304400
139789.446,indexer,304500
139879.288,indexer,304600
139958.152,indexer,304700
140041.184,indexer,304800
140135.286,indexer,304900
140226.255,indexer,305000
140305.838,indexer,305100
140433.694,indexer,305200
140519.715,indexer,305300
140603.093,indexer,305400
141366.845,indexer,305500
141456.476,indexer,305600
141538.365,indexer,305700
141621.269,indexer,305800
141704.243,indexer,305900
141800.622,indexer,306000
141881.211,indexer,306100
141962.067,indexer,306200
142052.620,indexer,306300
142144.267,indexer,306400
142227.811,indexer,306500
142314.942,indexer,306600
142400.625,indexer,306700
142480.076,indexer,306800
142558.983,indexer,306900
142637.146,indexer,307000
142719.362,indexer,307100
142795.563,indexer,307200
142883.480,indexer,307300
142964.537,indexer,307400
143056.890,indexer,307500
143139.095,indexer,307600
143221.546,indexer,307700
143307.023,indexer,307800
143390.468,indexer,307900
143475.805,indexer,308000
143556.829,indexer,308100
143642.861,indexer,308200
143718.071,indexer,308300
143801.963,indexer,308400
143883.791,indexer,308500
143978.751,indexer,308600
144079.531,indexer,308700
144183.334,indexer,308800
144277.020,indexer,308900
144365.703,indexer,309000
144462.045,indexer,309100
144545.343,indexer,309200
144640.095,indexer,309300
144725.242,indexer,309400
144814.753,indexer,309500
144897.216,indexer,309600
144999.334,indexer,309700
145097.732,indexer,309800
145188.445,indexer,309900
145279.715,indexer,310000
145368.661,indexer,310100
145455.145,indexer,310200
145547.582,indexer,310300
145641.835,indexer,310400
145727.476,indexer,310500
145812.616,indexer,310600
145901.076,indexer,310700
145989.777,indexer,310800
146082.425,indexer,310900
146169.407,indexer,311000
146271.066,indexer,311100
146352.930,indexer,311200
146443.926,indexer,311300
146535.287,indexer,311400
146613.979,indexer,311500
146700.353,indexer,311600
146782.535,indexer,311700
146869.658,indexer,311800
146963.813,indexer,311900
147054.576,indexer,312000
147141.405,indexer,312100
147231.900,indexer,312200
147343.244,indexer,312300
147432.532,indexer,312400
147532.296,indexer,312500
147632.047,indexer,312600
147755.876,indexer,312700
147858.436,indexer,312800
148801.071,indexer,312900
148949.662,indexer,313000
149114.065,indexer,313100
149247.863,indexer,313200
149396.846,indexer,313300
149549.378,indexer,313400
149689.333,indexer,313500
149826.188,indexer,313600
149925.376,indexer,313700
150016.055,indexer,313800
150125.548,indexer,313900
150237.910,indexer,314000
150353.894,indexer,314100
150472.791,indexer,314200
150579.298,indexer,314300
150686.879,indexer,314400
150798.477,indexer,314500
150911.523,indexer,314600
151007.150,indexer,314700
151107.645,indexer,314800
151197.195,indexer,314900
151299.891,indexer,315000
151408.673,indexer,315100
151512.975,indexer,315200
151624.083,indexer,315300
151734.226,indexer,315400
151840.122,indexer,315500
151927.061,indexer,315600
152012.582,indexer,315700
152095.326,indexer,315800
152206.534,indexer,315900
152290.436,indexer,316000
152370.463,indexer,316100
152465.703,indexer,316200
152552.711,indexer,316300
152632.133,indexer,316400
152724.916,indexer,316500
152824.589,indexer,316600
152918.611,indexer,316700
153004.062,indexer,316800
153086.441,indexer,316900
153176.244,indexer,317000
153254.762,indexer,317100
153343.865,indexer,317200
153429.693,indexer,317300
153517.783,indexer,317400
153608.279,indexer,317500
153696.269,indexer,317600
153791.256,indexer,317700
153893.439,indexer,317800
153972.324,indexer,317900
154066.668,indexer,318000
154149.705,indexer,318100
154235.798,indexer,318200
154328.859,indexer,318300
154412.627,indexer,318400
154495.698,indexer,318500
154579.231,indexer,318600
154673.372,indexer,318700
154769.005,indexer,318800
154854.195,indexer,318900
154948.027,indexer,319000
155059.140,indexer,319100
155146.118,indexer,319200
155242.148,indexer,319300
155317.990,indexer,319400
155402.628,indexer,319500
155516.856,indexer,319600
155596.896,indexer,319700
156395.177,indexer,319800
156505.527,indexer,319900
156614.403,indexer,320000
156711.380,indexer,320100
156801.507,indexer,320200
156885.153,indexer,320300
156978.596,indexer,320400
157057.803,indexer,320500
157141.261,indexer,320600
157236.279,indexer,320700
157333.587,indexer,320800
157424.389,indexer,320900
157530.137,indexer,321000
157617.346,indexer,321100
157702.401,indexer,321200
157800.287,indexer,321300
157887.805,indexer,321400
157970.413,indexer,321500
158056.750,indexer,321600
158139.091,indexer,321700
158224.360,indexer,321800
158310.959,indexer,321900
158410.090,indexer,322000
158521.589,indexer,322100
158624.932,indexer,322200
158730.828,indexer,322300
158835.838,indexer,322400
158932.838,indexer,322500
159028.677,indexer,322600
159128.918,indexer,322700
159223.782,indexer,322800
159320.924,indexer,322900
159425.809,indexer,323000
159529.357,indexer,323100
159624.372,indexer,323200
159767.980,indexer,323300
159867.314,indexer,323400
159964.740,indexer,323500
160060.584,indexer,323600
160165.143,indexer,323700
160259.734,indexer,323800
160364.693,indexer,323900
160464.110,indexer,324000
160553.005,indexer,324100
160673.283,indexer,324200
160778.265,indexer,324300
160876.481,indexer,324400
160982.285,indexer,324500
161082.615,indexer,324600
161169.693,indexer,324700
161262.826,indexer,324800
161357.695,indexer,324900
161445.248,indexer,325000
161541.956,indexer,325100
161653.704,indexer,325200
161768.613,indexer,325300
161894.247,indexer,325400
162001.846,indexer,325500
162106.134,indexer,325600
162203.826,indexer,325700
163010.709,indexer,325800
163110.842,indexer,325900
163219.482,indexer,326000
163351.541,indexer,326100
163470.985,indexer,326200
163590.516,indexer,326300
163717.049,indexer,326400
163829.876,indexer,326500
163947.993,indexer,326600
164063.761,indexer,326700
164169.028,indexer,326800
164277.630,indexer,326900
164385.104,indexer,327000
164516.894,indexer,327100
164628.825,indexer,327200
164752.901,indexer,327300
164872.969,indexer,327400
164999.225,indexer,327500
165123.314,indexer,327600
165234.419,indexer,327700
165353.300,indexer,327800
165437.553,indexer,327900
165525.289,indexer,328000
165614.281,indexer,328100
165701.942,indexer,328200
165798.825,indexer,328300
165906.003,indexer,328400
166014.046,indexer,328500
166117.943,indexer,328600
166225.715,indexer,328700
166330.603,indexer,328800
166440.682,indexer,328900
166545.388,indexer,329000
166638.835,indexer,329100
166741.238,indexer,329200
166841.345,indexer,329300
166940.558,indexer,329400
167046.619,indexer,329500
167149.829,indexer,329600
167256.547,indexer,329700
167371.047,indexer,329800
167483.357,indexer,329900
167584.253,indexer,330000
167681.566,indexer,330100
167780.403,indexer,330200
167898.212,indexer,330300
167999.340,indexer,330400
168103.621,indexer,330500
168198.335,indexer,330600
168298.163,indexer,330700
168420.003,indexer,330800
168521.290,indexer,330900
168642.254,indexer,331000
169460.406,indexer,331100
169578.377,indexer,331200
169695.147,indexer,331300
169798.613,indexer,331400
169908.838,indexer,331500
170013.573,indexer,331600
170126.279,indexer,331700
170223.918,indexer,331800
170329.341,indexer,331900
170424.364,indexer,332000
170528.229,indexer,332100
170622.901,indexer,332200
170728.812,indexer,332300
170834.803,indexer,332400
170958.339,indexer,332500
171065.474,indexer,332600
171188.673,indexer,332700
171306.730,indexer,332800
171417.578,indexer,332900
171513.933,indexer,333000
171613.920,indexer,333100
171715.041,indexer,333200
171821.354,indexer,333300
171942.122,indexer,333400
172054.723,indexer,333500
172153.709,indexer,333600
172250.290,indexer,333700
172363.140,indexer,333800
172463.660,indexer,333900
172560.613,indexer,334000
172674.110,indexer,334100
172770.067,indexer,334200
172876.796,indexer,334300
172985.149,indexer,334400
173109.006,indexer,334500
173224.594,indexer,334600
173337.155,indexer,334700
173459.990,indexer,334800
173575.094,indexer,334900
173691.577,indexer,335000
173795.542,indexer,335100
173901.174,indexer,335200
174009.479,indexer,335300
174124.667,indexer,335400
174248.103,indexer,335500
174364.369,indexer,335600
174466.705,indexer,335700
175423.899,indexer,335800
175587.042,indexer,335900
175746.668,indexer,336000
175909.472,indexer,336100
176074.055,indexer,336200
176215.571,indexer,336300
176396.410,indexer,336400
176563.206,indexer,336500
176739.146,indexer,336600
176899.210,indexer,336700
177051.869,indexer,336800
177193.084,indexer,336900
177324.904,indexer,337000
177466.356,indexer,337100
177631.632,indexer,337200
177794.168,indexer,337300
177943.629,indexer,337400
178099.218,indexer,337500
178255.153,indexer,337600
178425.630,indexer,337700
178552.695,indexer,337800
178707.504,indexer,337900
178849.328,indexer,338000
178974.885,indexer,338100
179109.720,indexer,338200
179237.891,indexer,338300
179392.209,indexer,338400
179505.176,indexer,338500
179632.577,indexer,338600
179757.759,indexer,338700
179911.816,indexer,338800
180046.334,indexer,338900
180212.621,indexer,339000
180365.086,indexer,339100
180488.608,indexer,339200
180646.718,indexer,339300
180764.964,indexer,339400
180863.074,indexer,339500
180977.510,indexer,339600
181091.508,indexer,339700
181206.949,indexer,339800
181312.634,indexer,339900
181407.613,indexer,340000
181536.341,indexer,340100
181650.829,indexer,340200
181761.744,indexer,340300
181881.152,indexer,340400
182021.087,indexer,340500
182850.622,indexer,340600
182964.820,indexer,340700
183083.636,indexer,340800
183177.906,indexer,340900
183268.866,indexer,341000
183369.741,indexer,341100
183468.503,indexer,341200
183568.912,indexer,341300
183675.207,indexer,341400
183762.984,indexer,341500
183881.632,indexer,341600
183984.753,indexer,341700
184108.016,indexer,341800
184207.035,indexer,341900
184313.040,indexer,342000
184416.387,indexer,342100
184508.165,indexer,342200
184611.057,indexer,342300
184706.056,indexer,342400
184804.443,indexer,342500
184923.043,indexer,342600
185024.188,indexer,342700
185137.778,indexer,342800
185256.881,indexer,342900
185367.791,indexer,343000
185479.695,indexer,343100
185593.143,indexer,343200
185707.148,indexer,343300
185824.723,indexer,343400
185933.546,indexer,343500
186072.083,indexer,343600
186182.851,indexer,343700
186309.572,indexer,343800
186429.270,indexer,343900
186553.904,indexer,344000
186667.561,indexer,344100
186760.277,indexer,344200
186863.020,indexer,344300
186957.024,indexer,344400
187067.951,indexer,344500
187177.011,indexer,344600
187278.548,indexer,344700
187386.123,indexer,344800
187497.268,indexer,344900
187640.515,indexer,345000
188466.508,indexer,345100
188638.003,indexer,345200
188779.912,indexer,345300
188911.674,indexer,345400
189044.277,indexer,345500
189199.985,indexer,345600
189325.636,indexer,345700
189470.328,indexer,345800
189612.832,indexer,345900
189743.397,indexer,346000
189895.261,indexer,346100
190030.882,indexer,346200
190182.656,indexer,346300
190324.197,indexer,346400
190461.193,indexer,346500
190598.747,indexer,346600
190716.967,indexer,346700
190850.093,indexer,346800
190992.727,indexer,346900
191157.670,indexer,347000
191304.205,indexer,347100
191477.819,indexer,347200
191638.278,indexer,347300
191789.181,indexer,347400
191929.487,indexer,347500
192077.595,indexer,347600
192202.964,indexer,347700
192325.395,indexer,347800
192451.302,indexer,347900
192571.517,indexer,348000
192687.181,indexer,348100
192819.084,indexer,348200
192936.845,indexer,348300
193059.042,indexer,348400
193176.152,indexer,348500
193294.076,indexer,348600
193426.132,indexer,348700
193558.478,indexer,348800
193703.409,indexer,348900
193801.210,indexer,349000
193925.362,indexer,349100
194044.318,indexer,349200
194204.035,indexer,349300
195030.594,indexer,349400
195125.423,indexer,349500
195229.516,indexer,349600
195347.014,indexer,349700
195445.119,indexer,349800
195562.407,indexer,349900
195683.674,indexer,350000
195802.814,indexer,350100
195932.070,indexer,350200
196056.010,indexer,350300
196184.684,indexer,350400
196284.532,indexer,350500
196407.634,indexer,350600
196523.075,indexer,350700
196620.738,indexer,350800
196731.201,indexer,350900
196842.828,indexer,351000
196974.521,indexer,351100
197103.485,indexer,351200
197225.871,indexer,351300
197338.209,indexer,351400
197474.223,indexer,351500
197588.652,indexer,351600
197710.050,indexer,351700
197813.049,indexer,351800
197936.438,indexer,351900
198048.256,indexer,352000
198155.308,indexer,352100
198276.018,indexer,352200
198401.200,indexer,352300
198513.121,indexer,352400
198628.611,indexer,352500
198735.180,indexer,352600
198860.123,indexer,352700
198968.470,indexer,352800
199077.590,indexer,352900
199189.911,indexer,353000
199290.037,indexer,353100
199409.467,indexer,353200
199524.286,indexer,353300
199637.858,indexer,353400
199800.530,indexer,353500
200771.799,indexer,353600
200968.494,indexer,353700
201185.935,indexer,353800
201393.322,indexer,353900
201611.693,indexer,354000
201783.519,indexer,354100
202020.148,indexer,354200
202229.699,indexer,354300
202405.120,indexer,354400
202565.757,indexer,354500
202730.294,indexer,354600
202898.389,indexer,354700
203070.669,indexer,354800
203260.558,indexer,354900
203416.577,indexer,355000
203543.129,indexer,355100
203688.408,indexer,355200
203815.538,indexer,355300
203941.990,indexer,355400
204071.186,indexer,355500
204265.198,indexer,355600
204390.885,indexer,355700
204517.559,indexer,355800
204650.145,indexer,355900
204805.173,indexer,356000
204941.222,indexer,356100
205071.022,indexer,356200
205210.515,indexer,356300
205341.292,indexer,356400
205470.097,indexer,356500
205601.303,indexer,356600
205756.183,indexer,356700
205871.158,indexer,356800
206026.823,indexer,356900
206168.241,indexer,357000
206300.468,indexer,357100
206425.510,indexer,357200
206542.625,indexer,357300
206645.228,indexer,357400
206761.657,indexer,357500
206871.935,indexer,357600
207028.153,indexer,357700
207879.349,indexer,357800
208004.982,indexer,357900
208123.001,indexer,358000
208235.154,indexer,358100
208375.945,indexer,358200
208510.560,indexer,358300
208640.238,indexer,358400
208769.026,indexer,358500
208891.793,indexer,358600
209036.149,indexer,358700
209138.732,indexer,358800
209253.869,indexer,358900
209396.286,indexer,359000
209515.199,indexer,359100
209634.531,indexer,359200
209753.307,indexer,359300
209883.067,indexer,359400
209990.487,indexer,359500
210127.593,indexer,359600
210235.796,indexer,359700
210329.711,indexer,359800
210444.248,indexer,359900
210550.706,indexer,360000
210661.280,indexer,360100
210786.164,indexer,360200
210912.082,indexer,360300
211027.546,indexer,360400
211175.248,indexer,360500
211293.522,indexer,360600
211415.156,indexer,360700
211531.192,indexer,360800
211648.156,indexer,360900
211769.776,indexer,361000
211910.744,indexer,361100
212033.583,indexer,361200
212189.471,indexer,361300
212324.737,indexer,361400
213179.175,indexer,361500
213349.265,indexer,361600
213520.741,indexer,361700
213672.526,indexer,361800
213817.489,indexer,361900
213966.296,indexer,362000
214141.673,indexer,362100
214321.033,indexer,362200
214454.930,indexer,362300
214613.522,indexer,362400
214743.625,indexer,362500
214879.167,indexer,362600
215025.955,indexer,362700
215184.766,indexer,362800
215310.597,indexer,362900
215459.966,indexer,363000
215616.641,indexer,363100
215789.161,indexer,363200
215983.049,indexer,363300
216171.388,indexer,363400
216324.506,indexer,363500
216470.295,indexer,363600
216643.800,indexer,363700
216799.759,indexer,363800
216917.185,indexer,363900
217063.970,indexer,364000
217191.490,indexer,364100
217380.438,indexer,364200
217568.227,indexer,364300
217765.655,indexer,364400
218019.650,indexer,364500
218979.709,indexer,364600
219177.825,indexer,364700
219376.168,indexer,364800
219596.837,indexer,364900
219800.571,indexer,365000
220030.593,indexer,365100
220195.888,indexer,365200
220386.963,indexer,365300
220557.791,indexer,365400
220733.138,indexer,365500
220912.197,indexer,365600
221067.663,indexer,365700
221228.799,indexer,365800
221374.671,indexer,365900
221542.489,indexer,366000
221704.856,indexer,366100
221846.220,indexer,366200
221983.437,indexer,366300
224942.889,indexer,366400
225071.563,indexer,366500
225186.795,indexer,366600
225333.537,indexer,366700
225449.070,indexer,366800
225569.894,indexer,366900
225677.694,indexer,367000
225829.349,indexer,367100
225966.433,indexer,367200
226124.416,indexer,367300
227215.500,indexer,367400
227607.456,indexer,367500
227956.919,indexer,367600
228274.944,indexer,367700
228570.534,indexer,367800
228929.723,indexer,367900
229237.822,indexer,368000
229421.622,indexer,368100
229611.317,indexer,368200
229789.623,indexer,368300
230068.389,indexer,368400
230398.849,indexer,368500
230728.808,indexer,368600
230991.724,indexer,368700
231169.669,indexer,368800
231345.823,indexer,368900
231479.856,indexer,369000
231627.155,indexer,369100
231827.542,indexer,369200
231983.188,indexer,369300
232108.930,indexer,369400
233270.667,indexer,369500
233428.067,indexer,369600
233568.162,indexer,369700
233712.008,indexer,369800
233910.848,indexer,369900
234070.772,indexer,370000
234225.609,indexer,370100
234368.377,indexer,370200
234519.004,indexer,370300
234706.635,indexer,370400
234860.961,indexer,370500
235019.766,indexer,370600
235148.445,indexer,370700
235306.255,indexer,370800
235431.146,indexer,370900
235559.064,indexer,371000
235689.117,indexer,371100
235828.039,indexer,371200
236027.305,indexer,371300
236220.269,indexer,371400
236374.240,indexer,371500
236493.297,indexer,371600
236612.328,indexer,371700
236744.370,indexer,371800
236858.352,indexer,371900
236967.531,indexer,372000
237077.147,indexer,372100
237190.479,indexer,372200
237334.672,indexer,372300
237479.672,indexer,372400
237660.458,indexer,372500
237807.496,indexer,372600
237967.183,indexer,372700
238117.947,indexer,372800
238241.625,indexer,372900
239066.193,indexer,373000
239215.441,indexer,373100
239395.705,indexer,373200
239524.358,indexer,373300
239682.813,indexer,373400
239854.708,indexer,373500
240079.396,indexer,373600
240247.825,indexer,373700
240483.596,indexer,373800
240694.535,indexer,373900
240887.275,indexer,374000
241113.746,indexer,374100
241318.136,indexer,374200
241502.170,indexer,374300
241694.242,indexer,374400
241906.943,indexer,374500
242117.126,indexer,374600
242360.826,indexer,374700
242591.956,indexer,374800
242803.254,indexer,374900
242998.785,indexer,375000
243194.056,indexer,375100
243348.106,indexer,375200
243503.607,indexer,375300
243670.840,indexer,375400
243840.631,indexer,375500
243995.233,indexer,375600
244167.096,indexer,375700
244333.530,indexer,375800
244478.537,indexer,375900
245449.453,indexer,376000
245629.323,indexer,376100
245812.096,indexer,376200
246016.512,indexer,376300
246184.937,indexer,376400
246388.835,indexer,376500
246556.262,indexer,376600
246688.135,indexer,376700
246847.191,indexer,376800
247010.470,indexer,376900
247151.764,indexer,377000
247412.697,indexer,377100
247596.302,indexer,377200
247718.939,indexer,377300
247822.677,indexer,377400
247945.769,indexer,377500
248101.599,indexer,377600
248229.503,indexer,377700
248397.538,indexer,377800
248581.506,indexer,377900
248748.168,indexer,378000
248917.339,indexer,378100
249143.357,indexer,378200
249340.622,indexer,378300
249521.559,indexer,378400
249670.592,indexer,378500
249849.838,indexer,378600
250005.220,indexer,378700
250164.927,indexer,378800
250316.706,indexer,378900
250458.451,indexer,379000
250605.338,indexer,379100
250746.386,indexer,379200
250945.403,indexer,379300
252033.672,indexer,379400
252285.927,indexer,379500
252501.166,indexer,379600
252721.580,indexer,379700
252975.638,indexer,379800
253219.738,indexer,379900
253445.819,indexer,380000
253675.280,indexer,380100
253868.949,indexer,380200
254124.246,indexer,380300
254340.701,indexer,380400
254521.264,indexer,380500
254709.225,indexer,380600
254887.905,indexer,380700
255069.453,indexer,380800
255253.866,indexer,380900
255467.172,indexer,381000
255640.723,indexer,381100
255836.312,indexer,381200
256054.663,indexer,381300
256279.107,indexer,381400
256440.880,indexer,381500
256650.218,indexer,381600
256834.836,indexer,381700
257024.178,indexer,381800
257226.524,indexer,381900
257440.869,indexer,382000
257646.554,indexer,382100
257825.551,indexer,382200
258018.698,indexer,382300
258903.435,indexer,382400
259096.189,indexer,382500
259285.867,indexer,382600
259503.689,indexer,382700
259670.078,indexer,382800
259816.636,indexer,382900
260016.695,indexer,383000
260179.733,indexer,383100
260363.187,indexer,383200
260513.432,indexer,383300
260639.975,indexer,383400
260788.657,indexer,383500
260951.003,indexer,383600
261086.465,indexer,383700
261251.035,indexer,383800
261392.597,indexer,383900
261555.173,indexer,384000
261718.269,indexer,384100
261869.811,indexer,384200
262023.455,indexer,384300
262195.914,indexer,384400
262331.823,indexer,384500
262452.689,indexer,384600
262584.134,indexer,384700
262723.388,indexer,384800
262852.904,indexer,384900
262995.384,indexer,385000
263144.534,indexer,385100
263283.742,indexer,385200
263420.530,indexer,385300
263554.103,indexer,385400
264430.084,indexer,385500
264612.540,indexer,385600
264785.479,indexer,385700
264957.280,indexer,385800
265100.929,indexer,385900
265274.349,indexer,386000
265442.125,indexer,386100
265613.353,indexer,386200
265820.401,indexer,386300
265996.508,indexer,386400
266177.305,indexer,386500
266368.602,indexer,386600
266542.638,indexer,386700
266743.217,indexer,386800
266915.864,indexer,386900
267091.263,indexer,387000
267291.160,indexer,387100
267472.029,indexer,387200
267672.328,indexer,387300
267822.561,indexer,387400
268034.090,indexer,387500
268218.871,indexer,387600
268403.853,indexer,387700
268601.553,indexer,387800
268797.131,indexer,387900
269012.655,indexer,388000
269205.183,indexer,388100
269407.896,indexer,388200
270290.417,indexer,388300
270486.222,indexer,388400
270646.422,indexer,388500
270865.891,indexer,388600
271046.811,indexer,388700
271259.144,indexer,388800
271453.277,indexer,388900
271642.918,indexer,389000
271815.106,indexer,389100
272023.704,indexer,389200
272196.877,indexer,389300
272369.141,indexer,389400
272530.142,indexer,389500
272750.612,indexer,389600
272909.466,indexer,389700
273066.312,indexer,389800
273225.801,indexer,389900
273389.365,indexer,390000
273550.407,indexer,390100
273672.549,indexer,390200
273812.763,indexer,390300
273939.753,indexer,390400
274076.418,indexer,390500
274208.494,indexer,390600
274359.246,indexer,390700
274505.845,indexer,390800
275522.958,indexer,390900
275751.756,indexer,391000
275971.755,indexer,391100
276182.780,indexer,391200
276386.822,indexer,391300
276606.011,indexer,391400
276799.599,indexer,391500
277026.511,indexer,391600
277307.590,indexer,391700
277527.941,indexer,391800
277786.505,indexer,391900
278024.556,indexer,392000
278226.353,indexer,392100
278471.862,indexer,392200
278657.389,indexer,392300
278864.959,indexer,392400
279042.896,indexer,392500
279191.237,indexer,392600
279383.188,indexer,392700
279584.073,indexer,392800
279789.759,indexer,392900
280019.618,indexer,393000
280302.064,indexer,393100
280499.381,indexer,393200
280677.372,indexer,393300
280902.909,indexer,393400
281088.534,indexer,393500
281281.165,indexer,393600
282229.257,indexer,393700
282430.519,indexer,393800
282595.717,indexer,393900
282845.669,indexer,394000
283092.330,indexer,394100
283329.024,indexer,394200
283572.790,indexer,394300
283801.347,indexer,394400
283965.493,indexer,394500
284131.349,indexer,394600
284301.227,indexer,394700
284462.541,indexer,394800
284619.084,indexer,394900
284784.362,indexer,395000
284954.370,indexer,395100
285115.680,indexer,395200
285318.700,indexer,395300
285587.445,indexer,395400
285759.730,indexer,395500
285929.170,indexer,395600
286136.449,indexer,395700
286276.186,indexer,395800
286443.204,indexer,395900
286586.829,indexer,396000
286746.178,indexer,396100
287684.220,indexer,396200
287923.835,indexer,396300
288145.424,indexer,396400
288335.466,indexer,396500
288540.889,indexer,396600
288759.742,indexer,396700
288948.139,indexer,396800
289152.752,indexer,396900
289337.035,indexer,397000
289495.299,indexer,397100
289660.853,indexer,397200
289834.620,indexer,397300
290045.750,indexer,397400
290257.108,indexer,397500
290441.883,indexer,397600
290714.810,indexer,397700
290942.910,indexer,397800
291154.041,indexer,397900
291403.496,indexer,398000
291571.465,indexer,398100
291747.175,indexer,398200
291948.842,indexer,398300
292121.452,indexer,398400
292324.929,indexer,398500
292533.981,indexer,398600
293432.180,indexer,398700
293741.907,indexer,398800
293960.074,indexer,398900
294168.056,indexer,399000
294370.773,indexer,399100
294576.365,indexer,399200
294789.793,indexer,399300
295011.109,indexer,399400
295253.925,indexer,399500
295461.868,indexer,399600
295672.592,indexer,399700
295916.189,indexer,399800
296132.139,indexer,399900
296331.186,indexer,400000
296503.943,indexer,400100
296707.296,indexer,400200
296866.274,indexer,400300
297023.128,indexer,400400
297229.205,indexer,400500
297449.960,indexer,400600
297652.526,indexer,400700
298752.964,indexer,400800
299040.098,indexer,400900
299360.777,indexer,401000
299664.712,indexer,401100
299915.915,indexer,401200
300257.421,indexer,401300
300495.934,indexer,401400
300719.130,indexer,401500
300980.076,indexer,401600
301193.734,indexer,401700
301412.500,indexer,401800
301626.236,indexer,401900
301836.844,indexer,402000
302097.105,indexer,402100
302282.717,indexer,402200
302477.295,indexer,402300
302708.406,indexer,402400
302886.439,indexer,402500
303081.968,indexer,402600
303293.238,indexer,402700
303495.978,indexer,402800
303672.197,indexer,402900
303827.511,indexer,403000
304035.962,indexer,403100
304949.721,indexer,403200
305165.647,indexer,403300
305377.214,indexer,403400
305555.061,indexer,403500
305747.525,indexer,403600
305940.533,indexer,403700
306167.118,indexer,403800
306348.891,indexer,403900
306555.096,indexer,404000
306740.913,indexer,404100
306917.912,indexer,404200
307131.990,indexer,404300
307386.769,indexer,404400
307572.455,indexer,404500
307736.463,indexer,404600
307919.111,indexer,404700
308081.204,indexer,404800
308320.908,indexer,404900
308557.528,indexer,405000
308755.153,indexer,405100
308933.231,indexer,405200
309092.920,indexer,405300
309299.448,indexer,405400
309531.983,indexer,405500
310386.309,indexer,405600
310564.260,indexer,405700
310756.062,indexer,405800
310957.101,indexer,405900
311129.567,indexer,406000
311318.244,indexer,406100
311530.144,indexer,406200
311704.579,indexer,406300
311905.992,indexer,406400
312124.518,indexer,406500
312389.670,indexer,406600
312580.126,indexer,406700
312900.550,indexer,406800
313075.675,indexer,406900
313303.142,indexer,407000
313482.138,indexer,407100
313693.831,indexer,407200
313857.863,indexer,407300
314007.653,indexer,407400
314173.636,indexer,407500
314331.007,indexer,407600
314469.981,indexer,407700
314640.386,indexer,407800
314864.642,indexer,407900
315766.681,indexer,408000
316001.956,indexer,408100
316221.776,indexer,408200
316411.557,indexer,408300
316617.323,indexer,408400
316811.786,indexer,408500
317002.954,indexer,408600
317252.552,indexer,408700
317450.413,indexer,408800
317674.950,indexer,408900
317899.171,indexer,409000
318173.161,indexer,409100
318399.680,indexer,409200
318618.450,indexer,409300
318839.020,indexer,409400
319019.831,indexer,409500
319187.606,indexer,409600
319351.786,indexer,409700
319519.343,indexer,409800
319679.878,indexer,409900
319849.761,indexer,410000
320081.809,indexer,410100
321067.119,indexer,410200
321414.955,indexer,410300
321684.032,indexer,410400
322007.987,indexer,410500
322293.287,indexer,410600
322509.085,indexer,410700
322752.667,indexer,410800
322983.746,indexer,410900
323193.005,indexer,411000
323479.080,indexer,411100
323704.020,indexer,411200
323925.120,indexer,411300
324272.550,indexer,411400
324646.840,indexer,411500
324933.393,indexer,411600
325303.286,indexer,411700
325508.529,indexer,411800
325720.716,indexer,411900
325905.847,indexer,412000
326114.961,indexer,412100
326317.800,indexer,412200
326512.410,indexer,412300
326814.413,indexer,412400
327742.087,indexer,412500
327948.020,indexer,412600
328193.287,indexer,412700
328427.871,indexer,412800
328606.267,indexer,412900
328778.225,indexer,413000
328953.811,indexer,413100
329211.179,indexer,413200
329498.900,indexer,413300
329726.397,indexer,413400
329929.838,indexer,413500
330187.432,indexer,413600
330437.540,indexer,413700
330667.758,indexer,413800
330857.312,indexer,413900
331133.677,indexer,414000
331389.540,indexer,414100
331665.702,indexer,414200
331864.564,indexer,414300
332036.754,indexer,414400
332207.866,indexer,414500
332382.211,indexer,414600
333256.231,indexer,414700
333531.146,indexer,414800
333716.161,indexer,414900
333951.621,indexer,415000
334140.782,indexer,415100
334394.105,indexer,415200
334597.618,indexer,415300
334848.820,indexer,415400
335043.525,indexer,415500
335219.987,indexer,415600
335396.541,indexer,415700
335564.367,indexer,415800
335749.332,indexer,415900
335975.455,indexer,416000
336314.448,indexer,416100
336560.766,indexer,416200
336752.542,indexer,416300
336938.141,indexer,416400
337136.199,indexer,416500
337359.155,indexer,416600
337602.695,indexer,416700
337923.277,indexer,416800
338776.046,indexer,416900
338981.149,indexer,417000
339185.777,indexer,417100
339384.217,indexer,417200
339619.970,indexer,417300
339889.058,indexer,417400
340128.267,indexer,417500
340378.885,indexer,417600
340602.692,indexer,417700
340824.792,indexer,417800
341124.705,indexer,417900
341420.102,indexer,418000
341604.745,indexer,418100
341978.878,indexer,418200
342391.977,indexer,418300
342691.999,indexer,418400
342881.413,indexer,418500
343051.265,indexer,418600
343239.500,indexer,418700
343388.195,indexer,418800
343591.484,indexer,418900
343772.891,indexer,419000
344870.253,indexer,419100
345323.011,indexer,419200
345684.110,indexer,419300
345995.530,indexer,419400
346406.583,indexer,419500
346701.589,indexer,419600
347144.564,indexer,419700
347583.941,indexer,419800
347891.711,indexer,419900
348229.281,indexer,420000
348420.564,indexer,420100
348626.117,indexer,420200
348893.181,indexer,420300
349187.582,indexer,420400
349434.437,indexer,420500
349728.181,indexer,420600
350004.921,indexer,420700
350307.917,indexer,420800
350554.663,indexer,420900
350739.763,indexer,421000
350905.487,indexer,421100
351075.578,indexer,421200
351246.935,indexer,421300
351453.851,indexer,421400
352265.065,indexer,421500
352452.359,indexer,421600
352679.877,indexer,421700
352883.822,indexer,421800
353131.767,indexer,421900
353348.345,indexer,422000
353521.321,indexer,422100
353738.014,indexer,422200
353947.362,indexer,422300
354138.785,indexer,422400
354343.966,indexer,422500
354527.190,indexer,422600
354748.232,indexer,422700
354933.818,indexer,422800
355146.778,indexer,422900
355395.078,indexer,423000
355610.918,indexer,423100
355856.793,indexer,423200
356025.977,indexer,423300
356214.622,indexer,423400
356395.388,indexer,423500
356596.543,indexer,423600
357413.139,indexer,423700
357604.879,indexer,423800
357794.499,indexer,423900
358008.312,indexer,424000
358193.208,indexer,424100
358394.679,indexer,424200
358707.459,indexer,424300
359015.470,indexer,424400
359269.192,indexer,424500
359530.436,indexer,424600
359788.066,indexer,424700
360005.476,indexer,424800
360281.950,indexer,424900
360474.573,indexer,425000
360744.333,indexer,425100
360968.094,indexer,425200
361155.969,indexer,425300
361394.297,indexer,425400
361603.340,indexer,425500
361840.756,indexer,425600
362020.134,indexer,425700
362199.699,indexer,425800
362378.840,indexer,425900
363194.924,indexer,426000
363453.256,indexer,426100
363632.684,indexer,426200
363829.824,indexer,426300
364019.813,indexer,426400
364225.155,indexer,426500
364434.098,indexer,426600
364732.848,indexer,426700
364980.815,indexer,426800
365201.885,indexer,426900
365388.600,indexer,427000
365573.043,indexer,427100
365736.199,indexer,427200
365937.682,indexer,427300
366174.861,indexer,427400
366405.792,indexer,427500
366621.102,indexer,427600
366840.797,indexer,427700
367019.668,indexer,427800
367196.969,indexer,427900
367368.739,indexer,428000
367546.567,indexer,428100
367748.119,indexer,428200
367919.515,indexer,428300
369081.339,indexer,428400
369529.725,indexer,428500
369955.825,indexer,428600
370377.395,indexer,428700
370713.571,indexer,428800
371107.436,indexer,428900
371470.356,indexer,429000
372015.565,indexer,429100
372579.201,indexer,429200
372951.350,indexer,429300
373285.709,indexer,429400
373556.052,indexer,429500
373865.612,indexer,429600
374172.226,indexer,429700
374514.277,indexer,429800
374741.930,indexer,429900
374943.289,indexer,430000
375360.689,indexer,430100
375576.722,indexer,430200
375787.482,indexer,430300
375967.418,indexer,430400
376156.847,indexer,430500
376332.786,indexer,430600
376524.684,indexer,430700
377400.691,indexer,430800
377603.939,indexer,430900
377809.952,indexer,431000
378043.587,indexer,431100
378264.454,indexer,431200
378561.658,indexer,431300
378703.866,indexer,431400
378875.924,indexer,431500
379042.421,indexer,431600
379232.156,indexer,431700
379415.002,indexer,431800
379586.740,indexer,431900
379799.423,indexer,432000
379980.299,indexer,432100
380214.517,indexer,432200
380406.362,indexer,432300
380614.289,indexer,432400
380853.694,indexer,432500
381100.891,indexer,432600
381328.153,indexer,432700
381503.888,indexer,432800
381701.717,indexer,432900
381885.994,indexer,433000
382819.128,indexer,433100
383070.038,indexer,433200
383328.308,indexer,433300
383568.955,indexer,433400
383852.976,indexer,433500
384209.778,indexer,433600
384435.927,indexer,433700
384745.770,indexer,433800
384967.857,indexer,433900
385225.093,indexer,434000
385469.398,indexer,434100
385707.240,indexer,434200
385941.342,indexer,434300
386176.963,indexer,434400
386378.859,indexer,434500
386622.993,indexer,434600
386842.753,indexer,434700
387071.047,indexer,434800
387286.003,indexer,434900
387541.462,indexer,435000
387912.350,indexer,435100
388907.042,indexer,435200
389147.341,indexer,435300
389363.953,indexer,435400
389602.219,indexer,435500
389822.458,indexer,435600
390098.397,indexer,435700
390366.386,indexer,435800
390586.664,indexer,435900
390863.279,indexer,436000
391126.360,indexer,436100
391385.038,indexer,436200
391734.423,indexer,436300
392064.007,indexer,436400
392259.586,indexer,436500
392435.144,indexer,436600
392621.807,indexer,436700
392825.228,indexer,436800
393025.230,indexer,436900
393251.801,indexer,437000
393459.863,indexer,437100
393680.652,indexer,437200
394923.139,indexer,437300
395331.959,indexer,437400
395796.490,indexer,437500
396199.206,indexer,437600
396881.033,indexer,437700
397288.391,indexer,437800
397829.018,indexer,437900
398289.911,indexer,438000
398862.012,indexer,438100
399217.182,indexer,438200
399683.351,indexer,438300
399974.071,indexer,438400
400459.161,indexer,438500
400737.089,indexer,438600
400964.552,indexer,438700
401197.151,indexer,438800
401410.248,indexer,438900
401752.870,indexer,439000
402214.459,indexer,439100
402534.189,indexer,439200
402812.271,indexer,439300
403818.048,indexer,439400
404057.086,indexer,439500
404318.615,indexer,439600
404520.704,indexer,439700
404741.312,indexer,439800
405066.565,indexer,439900
405333.277,indexer,440000
405621.211,indexer,440100
405867.225,indexer,440200
406172.048,indexer,440300
406416.636,indexer,440400
406644.944,indexer,440500
406853.645,indexer,440600
407091.976,indexer,440700
407284.003,indexer,440800
407481.808,indexer,440900
407738.128,indexer,441000
407954.343,indexer,441100
408206.097,indexer,441200
409126.402,indexer,441300
409440.287,indexer,441400
409697.071,indexer,441500
409951.232,indexer,441600
410258.673,indexer,441700
410633.417,indexer,441800
410903.296,indexer,441900
411263.299,indexer,442000
411494.730,indexer,442100
411782.675,indexer,442200
412053.954,indexer,442300
412320.795,indexer,442400
412566.676,indexer,442500
412810.918,indexer,442600
413092.435,indexer,442700
413331.868,indexer,442800
413557.939,indexer,442900
413780.435,indexer,443000
414017.213,indexer,443100
414282.642,indexer,443200
415382.584,indexer,443300
415889.779,indexer,443400
416206.547,indexer,443500
416485.131,indexer,443600
416813.207,indexer,443700
417088.476,indexer,443800
417363.696,indexer,443900
417604.278,indexer,444000
417900.552,indexer,444100
418214.805,indexer,444200
418479.216,indexer,444300
418784.725,indexer,444400
419080.133,indexer,444500
419392.871,indexer,444600
419601.003,indexer,444700
419845.009,indexer,444800
420059.512,indexer,444900
420261.513,indexer,445000
420445.057,indexer,445100
420683.688,indexer,445200
421843.689,indexer,445300
422257.623,indexer,445400
422675.810,indexer,445500
423112.819,indexer,445600
423689.759,indexer,445700
424198.557,indexer,445800
424617.061,indexer,445900
425062.123,indexer,446000
425342.626,indexer,446100
425704.866,indexer,446200
426221.462,indexer,446300
426593.936,indexer,446400
427030.421,indexer,446500
427368.573,indexer,446600
427687.731,indexer,446700
428157.978,indexer,446800
428460.546,indexer,446900
428855.545,indexer,447000
429238.200,indexer,447100
430266.688,indexer,447200
430492.634,indexer,447300
430738.340,indexer,447400
430966.767,indexer,447500
431195.248,indexer,447600
431425.116,indexer,447700
431658.839,indexer,447800
432064.964,indexer,447900
432349.535,indexer,448000
432576.725,indexer,448100
432906.419,indexer,448200
433093.119,indexer,448300
433323.370,indexer,448400
433514.879,indexer,448500
433715.653,indexer,448600
433958.257,indexer,448700
434181.379,indexer,448800
434391.240,indexer,448900
434585.209,indexer,449000
434777.632,indexer,449100
434976.975,indexer,449200
435920.110,indexer,449300
436208.319,indexer,449400
436429.604,indexer,449500
436731.077,indexer,449600
437052.028,indexer,449700
437415.861,indexer,449800
437908.934,indexer,449900
438403.161,indexer,450000
438701.738,indexer,450100
438957.304,indexer,450200
439201.400,indexer,450300
439506.031,indexer,450400
439842.273,indexer,450500
440116.563,indexer,450600
440401.715,indexer,450700
440667.717,indexer,450800
440950.679,indexer,450900
441207.284,indexer,451000
441538.435,indexer,451100
441760.070,indexer,451200
442679.214,indexer,451300
442963.664,indexer,451400
443233.438,indexer,451500
443532.408,indexer,451600
443820.622,indexer,451700
444131.944,indexer,451800
444383.044,indexer,451900
444684.087,indexer,452000
444954.752,indexer,452100
445287.003,indexer,452200
445542.347,indexer,452300
445831.824,indexer,452400
446081.377,indexer,452500
446293.349,indexer,452600
446498.640,indexer,452700
446708.982,indexer,452800
446917.676,indexer,452900
447114.114,indexer,453000
447382.967,indexer,453100
448589.809,indexer,453200
448981.999,indexer,453300
449449.176,indexer,453400
450096.796,indexer,453500
450650.989,indexer,453600
451322.629,indexer,453700
453390.729,indexer,453800
453829.517,indexer,453900
454355.739,indexer,454000
454884.237,indexer,454100
455367.739,indexer,454200
455776.311,indexer,454300
456175.959,indexer,454400
456582.781,indexer,454500
456877.930,indexer,454600
457210.150,indexer,454700
457472.098,indexer,454800
457748.994,indexer,454900
458047.867,indexer,455000
459068.103,indexer,455100
459316.719,indexer,455200
459545.780,indexer,455300
459789.702,indexer,455400
460040.357,indexer,455500
460276.618,indexer,455600
460641.624,indexer,455700
461070.994,indexer,455800
461322.106,indexer,455900
461564.593,indexer,456000
461940.683,indexer,456100
462198.542,indexer,456200
462422.016,indexer,456300
462646.298,indexer,456400
462876.774,indexer,456500
463100.522,indexer,456600
463370.999,indexer,456700
463634.241,indexer,456800
464691.257,indexer,456900
465120.662,indexer,457000
465504.590,indexer,457100
465761.607,indexer,457200
466036.577,indexer,457300
466325.910,indexer,457400
466593.062,indexer,457500
466865.396,indexer,457600
467110.140,indexer,457700
467394.813,indexer,457800
467656.144,indexer,457900
467955.448,indexer,458000
468254.462,indexer,458100
468537.694,indexer,458200
469038.628,indexer,458300
469303.892,indexer,458400
469564.572,indexer,458500
469876.813,indexer,458600
470165.110,indexer,458700
471316.888,indexer,458800
471646.886,indexer,458900
471951.173,indexer,459000
472211.858,indexer,459100
472526.057,indexer,459200
472870.902,indexer,459300
473233.112,indexer,459400
473620.056,indexer,459500
474066.918,indexer,459600
474314.071,indexer,459700
474591.951,indexer,459800
474866.836,indexer,459900
475095.751,indexer,460000
475352.931,indexer,460100
475603.478,indexer,460200
475860.690,indexer,460300
476121.863,indexer,460400
476375.468,indexer,460500
476726.802,indexer,460600
478120.764,indexer,460700
478598.653,indexer,460800
479293.905,indexer,460900
479821.090,indexer,461000
480207.090,indexer,461100
480745.184,indexer,461200
481174.480,indexer,461300
481669.409,indexer,461400
482029.244,indexer,461500
482587.359,indexer,461600
483143.190,indexer,461700
483732.400,indexer,461800
484094.477,indexer,461900
484395.872,indexer,462000
484730.128,indexer,462100
485399.610,indexer,462200
485713.938,indexer,462300
486039.220,indexer,462400
486314.720,indexer,462500
487417.993,indexer,462600
487794.633,indexer,462700
488177.476,indexer,462800
488462.034,indexer,462900
488738.594,indexer,463000
488988.152,indexer,463100
489217.270,indexer,463200
489445.303,indexer,463300
489736.040,indexer,463400
490135.891,indexer,463500
490408.643,indexer,463600
490670.791,indexer,463700
490895.426,indexer,463800
491174.333,indexer,463900
491407.421,indexer,464000
491640.064,indexer,464100
492066.503,indexer,464200
492464.090,indexer,464300
493521.827,indexer,464400
494006.337,indexer,464500
494412.545,indexer,464600
494829.064,indexer,464700
495196.466,indexer,464800
495624.032,indexer,464900
495979.182,indexer,465000
496323.081,indexer,465100
496686.762,indexer,465200
496957.367,indexer,465300
497263.840,indexer,465400
497601.561,indexer,465500
497917.312,indexer,465600
498198.713,indexer,465700
498462.373,indexer,465800
498788.117,indexer,465900
499149.879,indexer,466000
499579.428,indexer,466100
500671.183,indexer,466200
501017.582,indexer,466300
501398.865,indexer,466400
501719.661,indexer,466500
502040.221,indexer,466600
502326.843,indexer,466700
502602.760,indexer,466800
502878.212,indexer,466900
503119.455,indexer,467000
503408.193,indexer,467100
503725.278,indexer,467200
503970.918,indexer,467300
504228.733,indexer,467400
504499.257,indexer,467500
504750.464,indexer,467600
505240.646,indexer,467700
505622.249,indexer,467800
505992.380,indexer,467900
507451.560,indexer,468000
508039.687,indexer,468100
508734.035,indexer,468200
509351.214,indexer,468300
509910.050,indexer,468400
510424.229,indexer,468500
511021.487,indexer,468600
511576.293,indexer,468700
512184.595,indexer,468800
512524.078,indexer,468900
513196.196,indexer,469000
513697.052,indexer,469100
514186.582,indexer,469200
514488.451,indexer,469300
514797.439,indexer,469400
515149.870,indexer,469500
515466.267,indexer,469600
515735.242,indexer,469700
516874.223,indexer,469800
517141.213,indexer,469900
517418.520,indexer,470000
517738.088,indexer,470100
518058.826,indexer,470200
518362.295,indexer,470300
518771.370,indexer,470400
519103.321,indexer,470500
519361.008,indexer,470600
519719.095,indexer,470700
520034.910,indexer,470800
520321.172,indexer,470900
520589.816,indexer,471000
520880.884,indexer,471100
521150.955,indexer,471200
521419.330,indexer,471300
521750.808,indexer,471400
522302.810,indexer,471500
523571.319,indexer,471600
523985.992,indexer,471700
524417.508,indexer,471800
524785.677,indexer,471900
525218.409,indexer,472000
525638.704,indexer,472100
526051.435,indexer,472200
526356.107,indexer,472300
526626.894,indexer,472400
526904.145,indexer,472500
527180.874,indexer,472600
527487.494,indexer,472700
527888.704,indexer,472800
528210.522,indexer,472900
528456.655,indexer,473000
528731.624,indexer,473100
528974.752,indexer,473200
529238.031,indexer,473300
529514.514,indexer,473400
530522.321,indexer,473500
530812.696,indexer,473600
531104.554,indexer,473700
531367.808,indexer,473800
531641.899,indexer,473900
531978.949,indexer,474000
532381.943,indexer,474100
532685.468,indexer,474200
532976.140,indexer,474300
533223.441,indexer,474400
533494.894,indexer,474500
533747.890,indexer,474600
534079.145,indexer,474700
534342.489,indexer,474800
534604.922,indexer,474900
534875.820,indexer,475000
535147.184,indexer,475100
535484.128,indexer,475200
535795.784,indexer,475300
536069.334,indexer,475400
536337.510,indexer,475500
536712.902,indexer,475600
538223.761,indexer,475700
538704.524,indexer,475800
539267.098,indexer,475900
539610.975,indexer,476000
539956.008,indexer,476100
540384.730,indexer,476200
540755.313,indexer,476300
541075.794,indexer,476400
541408.367,indexer,476500
541777.488,indexer,476600
542026.372,indexer,476700
542292.288,indexer,476800
542622.397,indexer,476900
542866.358,indexer,477000
543118.931,indexer,477100
543278.598,indexer,477200
543516.744,indexer,477300
543752.766,indexer,477400
543988.066,indexer,477500
544252.715,indexer,477600
544569.084,indexer,477700
545654.589,indexer,477800
545992.748,indexer,477900
546233.141,indexer,478000
546498.223,indexer,478100
546778.224,indexer,478200
547043.581,indexer,478300
547353.831,indexer,478400
547642.478,indexer,478500
547849.053,indexer,478600
548119.948,indexer,478700
548407.870,indexer,478800
548661.434,indexer,478900
548986.073,indexer,479000
549358.416,indexer,479100
549705.324,indexer,479200
549958.488,indexer,479300
550192.295,indexer,479400
550433.339,indexer,479500
550730.906,indexer,479600
551010.949,indexer,479700
551281.954,indexer,479800
551530.532,indexer,479900
552777.622,indexer,480000
553154.820,indexer,480100
553609.350,indexer,480200
554246.566,indexer,480300
554690.601,indexer,480400
555069.275,indexer,480500
555437.384,indexer,480600
555845.269,indexer,480700
556101.407,indexer,480800
556385.020,indexer,480900
556683.550,indexer,481000
556964.489,indexer,481100
557263.355,indexer,481200
557701.787,indexer,481300
557993.525,indexer,481400
558287.321,indexer,481500
558587.924,indexer,481600
558926.415,indexer,481700
560027.691,indexer,481800
560333.951,indexer,481900
560654.167,indexer,482000
560994.861,indexer,482100
561368.341,indexer,482200
561703.159,indexer,482300
562053.082,indexer,482400
562350.625,indexer,482500
562801.110,indexer,482600
563173.573,indexer,482700
563477.352,indexer,482800
563782.801,indexer,482900
564049.380,indexer,483000
564352.469,indexer,483100
564638.578,indexer,483200
564842.121,indexer,483300
565066.614,indexer,483400
565296.184,indexer,483500
565574.318,indexer,483600
566904.233,indexer,483700
567360.891,indexer,483800
567916.279,indexer,483900
568395.105,indexer,484000
568937.019,indexer,484100
569403.976,indexer,484200
569755.675,indexer,484300
570142.546,indexer,484400
570445.037,indexer,484500
570870.087,indexer,484600
571204.059,indexer,484700
571526.114,indexer,484800
571845.739,indexer,484900
572148.311,indexer,485000
572419.636,indexer,485100
572634.016,indexer,485200
572927.366,indexer,485300
573290.940,indexer,485400
573598.433,indexer,485500
573828.997,indexer,485600
574026.462,indexer,485700
574231.988,indexer,485800
574499.338,indexer,485900
575578.880,indexer,486000
575855.875,indexer,486100
576121.578,indexer,486200
576332.179,indexer,486300
576582.556,indexer,486400
576999.734,indexer,486500
577242.039,indexer,486600
577453.287,indexer,486700
577685.056,indexer,486800
577965.241,indexer,486900
578255.448,indexer,487000
578521.560,indexer,487100
578805.971,indexer,487200
579059.796,indexer,487300
579298.882,indexer,487400
579574.544,indexer,487500
579873.573,indexer,487600
580110.774,indexer,487700
580416.405,indexer,487800
580716.446,indexer,487900
581071.602,indexer,488000
582531.934,indexer,488100
583002.021,indexer,488200
583373.281,indexer,488300
583778.030,indexer,488400
584260.060,indexer,488500
584763.461,indexer,488600
585101.177,indexer,488700
585482.433,indexer,488800
585744.794,indexer,488900
586051.618,indexer,489000
586400.813,indexer,489100
586807.608,indexer,489200
587263.722,indexer,489300
587566.732,indexer,489400
587837.005,indexer,489500
588151.362,indexer,489600
588513.344,indexer,489700
588860.246,indexer,489800
589176.007,indexer,489900
590236.642,indexer,490000
590506.780,indexer,490100
590851.194,indexer,490200
591203.010,indexer,490300
591570.718,indexer,490400
591903.666,indexer,490500
592273.252,indexer,490600
592595.274,indexer,490700
592926.684,indexer,490800
593296.181,indexer,490900
593612.530,indexer,491000
594015.338,indexer,491100
594316.938,indexer,491200
594711.983,indexer,491300
595191.595,indexer,491400
595524.554,indexer,491500
595814.799,indexer,491600
596084.016,indexer,491700
597602.109,indexer,491800
598021.376,indexer,491900
598585.783,indexer,492000
599305.167,indexer,492100
599937.849,indexer,492200
600542.422,indexer,492300
601079.115,indexer,492400
601620.121,indexer,492500
602296.534,indexer,492600
603106.267,indexer,492700
603588.687,indexer,492800
604097.067,indexer,492900
604477.261,indexer,493000
604882.545,indexer,493100
605171.100,indexer,493200
605508.130,indexer,493300
605893.174,indexer,493400
607033.037,indexer,493500
607397.208,indexer,493600
607753.266,indexer,493700
608061.663,indexer,493800
608417.715,indexer,493900
608744.531,indexer,494000
609103.713,indexer,494100
609417.725,indexer,494200
609883.638,indexer,494300
610402.118,indexer,494400
610750.269,indexer,494500
611083.788,indexer,494600
611379.930,indexer,494700
611785.195,indexer,494800
612195.296,indexer,494900
612545.213,indexer,495000
613728.612,indexer,495100
614199.108,indexer,495200
614608.867,indexer,495300
615060.735,indexer,495400
617721.888,indexer,495500
618398.111,indexer,495600
618818.813,indexer,495700
619244.517,indexer,495800
619606.824,indexer,495900
620001.616,indexer,496000
620447.782,indexer,496100
620829.628,indexer,496200
621218.400,indexer,496300
621578.910,indexer,496400
621970.353,indexer,496500
622333.698,indexer,496600
623525.334,indexer,496700
623960.493,indexer,496800
624429.937,indexer,496900
625070.571,indexer,497000
625507.830,indexer,497100
625882.383,indexer,497200
626292.032,indexer,497300
626634.665,indexer,497400
627035.795,indexer,497500
627426.579,indexer,497600
627782.032,indexer,497700
628138.184,indexer,497800
628485.301,indexer,497900
628920.734,indexer,498000
629361.239,indexer,498100
630024.930,indexer,498200
631814.644,indexer,498300
632540.731,indexer,498400
633193.201,indexer,498500
633782.664,indexer,498600
634391.915,indexer,498700
634943.931,indexer,498800
635462.941,indexer,498900
635974.694,indexer,499000
636504.408,indexer,499100
637072.707,indexer,499200
637533.084,indexer,499300
637993.717,indexer,499400
638655.696,indexer,499500
639244.323,indexer,499600
639717.159,indexer,499700
640957.662,indexer,499800
641361.515,indexer,499900
641819.959,indexer,500000
642264.083,indexer,500100
642710.100,indexer,500200
643131.040,indexer,500300
643500.919,indexer,500400
643879.810,indexer,500500
644287.194,indexer,500600
644614.520,indexer,500700
645011.649,indexer,500800
645597.036,indexer,500900
645976.696,indexer,501000
646289.136,indexer,501100
646641.475,indexer,501200
647873.776,indexer,501300
648384.504,indexer,501400
648877.818,indexer,501500
649351.294,indexer,501600
649852.902,indexer,501700
650327.740,indexer,501800
650810.284,indexer,501900
651228.222,indexer,502000
651852.469,indexer,502100
652472.213,indexer,502200
652962.302,indexer,502300
653421.257,indexer,502400
653951.699,indexer,502500
654438.777,indexer,502600
654854.276,indexer,502700
655229.893,indexer,502800
656558.519,indexer,502900
657006.482,indexer,503000
657486.043,indexer,503100
658024.439,indexer,503200
658664.572,indexer,503300
659256.345,indexer,503400
659682.102,indexer,503500
660116.571,indexer,503600
660526.404,indexer,503700
660890.846,indexer,503800
661257.032,indexer,503900
661599.935,indexer,504000
661946.678,indexer,504100
662308.353,indexer,504200
662659.321,indexer,504300
663098.837,indexer,504400
664651.170,indexer,504500
665684.063,indexer,504600
666369.184,indexer,504700
666985.621,indexer,504800
667668.080,indexer,504900
668273.831,indexer,505000
668841.390,indexer,505100
669288.847,indexer,505200
669935.133,indexer,505300
670347.932,indexer,505400
670814.195,indexer,505500
671263.906,indexer,505600
671749.728,indexer,505700
672482.866,indexer,505800
673077.445,indexer,505900
673498.255,indexer,506000
673859.804,indexer,506100
674194.483,indexer,506200
675401.921,indexer,506300
675793.564,indexer,506400
676154.515,indexer,506500
676530.102,indexer,506600
676902.619,indexer,506700
677244.076,indexer,506800
677675.059,indexer,506900
678071.187,indexer,507000
678686.549,indexer,507100
679064.813,indexer,507200
679395.825,indexer,507300
679720.587,indexer,507400
680107.785,indexer,507500
680427.464,indexer,507600
680780.282,indexer,507700
681186.599,indexer,507800
681537.063,indexer,507900
681930.992,indexer,508000
682298.187,indexer,508100
682682.664,indexer,508200
684114.213,indexer,508300
684841.860,indexer,508400
685360.091,indexer,508500
685844.464,indexer,508600
686356.883,indexer,508700
686834.462,indexer,508800
687295.473,indexer,508900
687749.339,indexer,509000
688149.647,indexer,509100
688553.701,indexer,509200
689016.648,indexer,509300
689468.978,indexer,509400
689955.260,indexer,509500
690406.976,indexer,509600
690927.201,indexer,509700
691376.219,indexer,509800
691742.096,indexer,509900
692114.494,indexer,510000
692446.431,indexer,510100
692752.629,indexer,510200
693051.918,indexer,510300
694285.440,indexer,510400
694772.326,indexer,510500
695264.504,indexer,510600
695806.635,indexer,510700
696153.570,indexer,510800
696455.820,indexer,510900
696789.612,indexer,511000
697217.981,indexer,511100
697567.194,indexer,511200
697922.086,indexer,511300
698345.886,indexer,511400
698665.319,indexer,511500
698930.342,indexer,511600
699285.097,indexer,511700
699754.967,indexer,511800
700155.712,indexer,511900
700502.879,indexer,512000
700919.746,indexer,512100
701328.690,indexer,512200
701920.609,indexer,512300
702321.651,indexer,512400
702831.844,indexer,512500
704539.656,indexer,512600
705426.878,indexer,512700
706140.685,indexer,512800
706852.416,indexer,512900
707617.838,indexer,513000
708165.477,indexer,513100
708726.999,indexer,513200
709160.763,indexer,513300
709626.711,indexer,513400
710040.491,indexer,513500
710433.702,indexer,513600
710851.534,indexer,513700
711281.589,indexer,513800
711591.923,indexer,513900
711920.599,indexer,514000
712217.302,indexer,514100
712512.412,indexer,514200
712927.737,indexer,514300
713301.826,indexer,514400
713660.581,indexer,514500
713992.736,indexer,514600
714272.291,indexer,514700
714614.927,indexer,514800
715596.453,indexer,514900
715892.030,indexer,515000
716229.734,indexer,515100
716538.097,indexer,515200
716856.990,indexer,515300
717234.419,indexer,515400
717500.363,indexer,515500
717849.905,indexer,515600
718109.895,indexer,515700
718386.642,indexer,515800
718614.492,indexer,515900
718820.733,indexer,516000
718987.007,indexer,516100
719215.390,indexer,516200
719398.351,indexer,516300
719589.995,indexer,516400
719912.256,indexer,516500
720150.616,indexer,516600
720458.796,indexer,516700
720684.316,indexer,516800
720963.500,indexer,516900
721197.936,indexer,517000
721395.002,indexer,517100
721549.594,indexer,517200
721723.086,indexer,517300
721925.339,indexer,517400
722146.080,indexer,517500
722447.938,indexer,517600
723427.424,indexer,517700
723902.549,indexer,517800
724254.513,indexer,517900
724526.798,indexer,518000
724911.217,indexer,518100
725203.705,indexer,518200
725669.279,indexer,518300
726025.318,indexer,518400
726419.769,indexer,518500
726789.776,indexer,518600
727126.138,indexer,518700
727373.831,indexer,518800
727682.400,indexer,518900
728026.146,indexer,519000
728344.832,indexer,519100
728734.695,indexer,519200
729046.142,indexer,519300
729268.533,indexer,519400
729522.306,indexer,519500
729830.988,indexer,519600
730186.291,indexer,519700
730523.799,indexer,519800
730884.247,indexer,519900
731477.029,indexer,520000
732787.647,indexer,520100
733144.409,indexer,520200
733510.254,indexer,520300
733773.441,indexer,520400
734076.326,indexer,520500
734392.791,indexer,520600
734667.786,indexer,520700
735001.846,indexer,520800
735286.494,indexer,520900
735592.872,indexer,521000
735933.932,indexer,521100
736294.890,indexer,521200
736614.329,indexer,521300
736968.698,indexer,521400
737279.158,indexer,521500
737506.801,indexer,521600
737800.547,indexer,521700
738073.663,indexer,521800
738295.844,indexer,521900
738516.097,indexer,522000
738759.831,indexer,522100
739051.544,indexer,522200
740364.053,indexer,522300
740797.443,indexer,522400
741170.318,indexer,522500
741835.176,indexer,522600
742398.674,indexer,522700
742897.361,indexer,522800
743413.753,indexer,522900
743770.716,indexer,523000
744299.386,indexer,523100
744987.049,indexer,523200
745485.999,indexer,523300
745769.354,indexer,523400
746076.739,indexer,523500
746347.246,indexer,523600
746736.359,indexer,523700
747032.228,indexer,523800
747375.797,indexer,523900
747656.989,indexer,524000
747912.885,indexer,524100
748172.252,indexer,524200
748370.723,indexer,524300
748633.402,indexer,524400
748846.448,indexer,524500
749029.222,indexer,524600
749216.852,indexer,524700
749426.038,indexer,524800
750313.546,indexer,524900
750622.778,indexer,525000
750899.899,indexer,525100
751240.380,indexer,525200
751649.873,indexer,525300
751977.078,indexer,525400
752450.606,indexer,525500
752692.212,indexer,525600
752955.765,indexer,525700
753290.464,indexer,525800
753629.579,indexer,525900
753986.567,indexer,526000
754217.405,indexer,526100
754507.492,indexer,526200
754783.659,indexer,526300
755133.295,indexer,526400
755444.210,indexer,526500
755774.610,indexer,526600
756140.481,indexer,526700
756375.191,indexer,526800
756620.988,indexer,526900
756841.201,indexer,527000
757126.566,indexer,527100
757469.493,indexer,527200
758342.423,indexer,527300
758675.235,indexer,527400
758961.679,indexer,527500
759390.757,indexer,527600
759625.091,indexer,527700
759887.167,indexer,527800
760084.814,indexer,527900
760333.857,indexer,528000
760646.214,indexer,528100
760885.194,indexer,528200
761416.804,indexer,528300
762124.751,indexer,528400
762358.849,indexer,528500
762580.845,indexer,528600
762776.879,indexer,528700
763015.573,indexer,528800
763222.590,indexer,528900
763394.000,indexer,529000
763622.280,indexer,529100
763866.967,indexer,529200
764217.735,indexer,529300
764494.207,indexer,529400
764809.843,indexer,529500
765099.392,indexer,529600
765450.785,indexer,529700
766315.840,indexer,529800
766669.133,indexer,529900
766939.515,indexer,530000
767274.035,indexer,530100
767622.444,indexer,530200
768021.021,indexer,530300
768411.938,indexer,530400
768669.386,indexer,530500
768912.195,indexer,530600
769138.262,indexer,530700
769441.638,indexer,530800
769617.602,indexer,530900
769797.177,indexer,531000
770006.975,indexer,531100
770313.160,indexer,531200
770611.925,indexer,531300
770912.720,indexer,531400
771239.356,indexer,531500
771754.172,indexer,531600
772227.930,indexer,531700
772623.888,indexer,531800
773071.915,indexer,531900
774353.762,indexer,532000
774892.157,indexer,532100
775528.355,indexer,532200
776040.279,indexer,532300
776608.082,indexer,532400
777223.226,indexer,532500
777684.749,indexer,532600
778179.218,indexer,532700
778641.487,indexer,532800
779005.415,indexer,532900
779483.025,indexer,533000
779713.603,indexer,533100
780006.251,indexer,533200
780332.683,indexer,533300
780729.577,indexer,533400
783209.244,indexer,533500
783541.732,indexer,533600
783869.788,indexer,533700
784137.192,indexer,533800
784463.081,indexer,533900
784782.826,indexer,534000
784998.651,indexer,534100
785209.293,indexer,534200
786049.913,indexer,534300
786436.903,indexer,534400
786767.710,indexer,534500
787130.443,indexer,534600
787410.314,indexer,534700
787698.386,indexer,534800
788021.971,indexer,534900
788343.600,indexer,535000
788673.425,indexer,535100
788929.128,indexer,535200
789134.653,indexer,535300
789365.476,indexer,535400
789690.777,indexer,535500
790069.092,indexer,535600
790402.732,indexer,535700
790682.408,indexer,535800
790958.156,indexer,535900
791212.153,indexer,536000
791464.949,indexer,536100
791692.904,indexer,536200
791938.305,indexer,536300
792123.450,indexer,536400
792416.189,indexer,536500
793415.146,indexer,536600
793726.574,indexer,536700
794041.129,indexer,536800
794281.982,indexer,536900
794542.598,indexer,537000
794814.503,indexer,537100
795121.151,indexer,537200
795363.935,indexer,537300
795588.025,indexer,537400
795792.582,indexer,537500
796055.994,indexer,537600
796341.459,indexer,537700
796587.917,indexer,537800
796815.428,indexer,537900
797108.275,indexer,538000
797420.716,indexer,538100
797663.056,indexer,538200
797912.523,indexer,538300
798151.746,indexer,538400
798427.833,indexer,538500
798631.282,indexer,538600
798824.414,indexer,538700
799094.631,indexer,538800
799364.105,indexer,538900
800321.248,indexer,539000
800657.112,indexer,539100
800911.504,indexer,539200
801201.689,indexer,539300
801523.087,indexer,539400
801859.512,indexer,539500
802252.275,indexer,539600
802546.366,indexer,539700
802785.690,indexer,539800
803113.092,indexer,539900
803470.971,indexer,540000
803825.007,indexer,540100
804107.007,indexer,540200
804395.007,indexer,540300
804737.795,indexer,540400
804962.653,indexer,540500
805177.844,indexer,540600
805510.462,indexer,540700
805810.428,indexer,540800
806154.176,indexer,540900
806441.118,indexer,541000
807673.171,indexer,541100
808136.422,indexer,541200
808633.517,indexer,541300
809137.113,indexer,541400
809583.403,indexer,541500
809959.189,indexer,541600
810280.840,indexer,541700
810676.595,indexer,541800
811072.391,indexer,541900
811556.853,indexer,542000
812001.506,indexer,542100
812592.380,indexer,542200
812991.350,indexer,542300
813371.732,indexer,542400
813674.986,indexer,542500
813955.614,indexer,542600
814227.898,indexer,542700
814482.367,indexer,542800
814765.586,indexer,542900
815023.767,indexer,543000
815268.483,indexer,543100
815541.559,indexer,543200
816415.612,indexer,543300
816689.265,indexer,543400
817085.877,indexer,543500
817315.634,indexer,543600
817660.851,indexer,543700
817922.590,indexer,543800
818156.312,indexer,543900
818463.047,indexer,544000
818839.050,indexer,544100
819137.929,indexer,544200
819521.707,indexer,544300
819855.221,indexer,544400
820158.294,indexer,544500
820598.802,indexer,544600
820921.723,indexer,544700
821163.728,indexer,544800
821429.394,indexer,544900
821841.531,indexer,545000
822179.048,indexer,545100
822512.023,indexer,545200
822823.230,indexer,545300
823828.484,indexer,545400
824252.636,indexer,545500
824520.899,indexer,545600
824775.487,indexer,545700
825074.871,indexer,545800
825387.270,indexer,545900
825667.621,indexer,546000
825970.292,indexer,546100
826276.370,indexer,546200
826558.743,indexer,546300
826870.048,indexer,546400
827332.928,indexer,546500
827768.072,indexer,546600
827986.988,indexer,546700
828228.244,indexer,546800
828519.706,indexer,546900
828765.706,indexer,547000
829099.528,indexer,547100
829451.067,indexer,547200
829849.367,indexer,547300
830750.674,indexer,547400
831142.494,indexer,547500
831621.676,indexer,547600
832063.535,indexer,547700
832401.355,indexer,547800
832812.287,indexer,547900
833163.068,indexer,548000
833420.644,indexer,548100
833708.836,indexer,548200
833967.847,indexer,548300
834296.332,indexer,548400
834673.310,indexer,548500
834965.353,indexer,548600
835205.206,indexer,548700
835525.094,indexer,548800
835818.150,indexer,548900
836121.528,indexer,549000
836692.940,indexer,549100
837196.832,indexer,549200
838760.615,indexer,549300
839411.765,indexer,549400
839989.883,indexer,549500
840462.522,indexer,549600
840948.289,indexer,549700
841472.307,indexer,549800
842029.970,indexer,549900
842627.413,indexer,550000
843460.019,indexer,550100
844273.692,indexer,550200
844893.462,indexer,550300
845398.641,indexer,550400
845888.058,indexer,550500
846133.713,indexer,550600
846480.157,indexer,550700
847089.684,indexer,550800
847537.578,indexer,550900
848513.279,indexer,551000
848927.405,indexer,551100
849279.301,indexer,551200
849618.313,indexer,551300
849929.575,indexer,551400
850263.070,indexer,551500
850645.927,indexer,551600
851057.852,indexer,551700
851604.157,indexer,551800
852353.108,indexer,551900
852802.024,indexer,552000
853231.750,indexer,552100
853634.043,indexer,552200
853962.004,indexer,552300
854278.131,indexer,552400
854768.936,indexer,552500
855302.163,indexer,552600
856146.497,indexer,552700
856489.366,indexer,552800
856870.742,indexer,552900
857253.703,indexer,553000
857776.214,indexer,553100
858103.011,indexer,553200
858399.258,indexer,553300
858698.668,indexer,553400
859042.784,indexer,553500
859397.273,indexer,553600
859730.205,indexer,553700
860000.777,indexer,553800
860290.951,indexer,553900
860553.156,indexer,554000
860865.997,indexer,554100
861138.438,indexer,554200
861478.152,indexer,554300
862102.565,indexer,554400
863112.010,indexer,554500
863497.621,indexer,554600
863886.468,indexer,554700
864263.425,indexer,554800
864566.404,indexer,554900
865009.382,indexer,555000
865292.281,indexer,555100
865554.204,indexer,555200
865863.810,indexer,555300
866181.124,indexer,555400
866477.495,indexer,555500
866748.691,indexer,555600
867143.609,indexer,555700
867576.367,indexer,555800
867807.445,indexer,555900
868065.483,indexer,556000
868307.521,indexer,556100
868561.368,indexer,556200
868800.494,indexer,556300
869036.510,indexer,556400
869311.457,indexer,556500
870420.063,indexer,556600
871005.059,indexer,556700
871547.390,indexer,556800
872268.918,indexer,556900
872824.120,indexer,557000
873600.408,indexer,557100
874133.363,indexer,557200
874591.738,indexer,557300
875144.111,indexer,557400
875680.722,indexer,557500
876254.563,indexer,557600
876790.924,indexer,557700
877107.334,indexer,557800
877391.487,indexer,557900
877685.133,indexer,558000
878019.335,indexer,558100
878339.959,indexer,558200
878631.846,indexer,558300
878954.139,indexer,558400
879343.890,indexer,558500
880242.631,indexer,558600
880612.619,indexer,558700
880946.311,indexer,558800
881264.057,indexer,558900
881636.520,indexer,559000
882250.006,indexer,559100
882638.880,indexer,559200
882920.366,indexer,559300
883183.171,indexer,559400
883490.367,indexer,559500
883759.259,indexer,559600
884065.632,indexer,559700
884383.015,indexer,559800
884755.236,indexer,559900
885098.067,indexer,560000
885715.486,indexer,560100
886006.497,indexer,560200
886321.160,indexer,560300
887157.694,indexer,560400
887477.096,indexer,560500
887797.859,indexer,560600
888046.758,indexer,560700
888352.986,indexer,560800
888627.469,indexer,560900
888895.734,indexer,561000
889171.210,indexer,561100
889685.601,indexer,561200
890094.722,indexer,561300
890407.013,indexer,561400
890672.158,indexer,561500
890949.541,indexer,561600
891235.046,indexer,561700
891471.423,indexer,561800
891769.686,indexer,561900
892054.222,indexer,562000
892834.684,indexer,562100
893244.218,indexer,562200
893559.472,indexer,562300
893859.825,indexer,562400
894385.767,indexer,562500
894730.706,indexer,562600
895091.885,indexer,562700
895434.308,indexer,562800
895767.718,indexer,562900
896098.634,indexer,563000
896486.967,indexer,563100
896809.839,indexer,563200
897079.632,indexer,563300
897271.756,indexer,563400
897516.823,indexer,563500
897841.938,indexer,563600
898460.079,indexer,563700
899738.823,indexer,563800
900527.054,indexer,563900
901326.949,indexer,564000
902162.667,indexer,564100
902823.408,indexer,564200
903306.831,indexer,564300
903863.518,indexer,564400
904275.315,indexer,564500
904924.191,indexer,564600
905424.876,indexer,564700
906074.313,indexer,564800
906937.496,indexer,564900
907338.095,indexer,565000
907855.201,indexer,565100
908159.672,indexer,565200
908622.823,indexer,565300
909731.698,indexer,565400
910008.345,indexer,565500
910317.467,indexer,565600
910759.576,indexer,565700
911099.415,indexer,565800
911454.664,indexer,565900
912048.267,indexer,566000
912396.172,indexer,566100
912989.922,indexer,566200
913467.198,indexer,566300
913810.598,indexer,566400
914094.092,indexer,566500
914476.847,indexer,566600
914896.811,indexer,566700
915232.702,indexer,566800
915607.623,indexer,566900
916011.104,indexer,567000
917086.760,indexer,567100
917371.347,indexer,567200
917636.638,indexer,567300
917904.050,indexer,567400
918210.181,indexer,567500
918604.648,indexer,567600
918976.070,indexer,567700
919212.082,indexer,567800
919497.358,indexer,567900
919797.949,indexer,568000
920085.664,indexer,568100
920408.002,indexer,568200
920650.554,indexer,568300
920911.453,indexer,568400
921181.699,indexer,568500
921363.421,indexer,568600
921658.767,indexer,568700
922332.071,indexer,568800
922677.571,indexer,568900
923656.905,indexer,569000
924140.927,indexer,569100
924560.044,indexer,569200
925006.651,indexer,569300
925556.417,indexer,569400
925981.763,indexer,569500
926362.360,indexer,569600
926714.788,indexer,569700
927074.028,indexer,569800
927535.536,indexer,569900
927883.152,indexer,570000
928438.206,indexer,570100
928864.345,indexer,570200
929238.087,indexer,570300
930757.329,indexer,570400
931393.570,indexer,570500
931977.873,indexer,570600
932751.203,indexer,570700
933511.903,indexer,570800
934240.532,indexer,570900
934973.981,indexer,571000
935759.137,indexer,571100
936960.492,indexer,571200
937761.010,indexer,571300
938486.874,indexer,571400
938852.922,indexer,571500
939164.988,indexer,571600
939526.089,indexer,571700
940050.726,indexer,571800
940999.098,indexer,571900
941427.703,indexer,572000
942104.528,indexer,572100
942575.756,indexer,572200
942987.870,indexer,572300
943462.534,indexer,572400
943952.673,indexer,572500
944517.276,indexer,572600
944876.760,indexer,572700
945273.276,indexer,572800
945741.123,indexer,572900
946182.136,indexer,573000
946566.909,indexer,573100
946953.425,indexer,573200
947378.328,indexer,573300
948312.218,indexer,573400
948622.464,indexer,573500
948977.915,indexer,573600
949403.465,indexer,573700
949839.258,indexer,573800
950192.896,indexer,573900
950575.369,indexer,574000
950931.484,indexer,574100
951231.701,indexer,574200
951528.474,indexer,574300
951838.376,indexer,574400
952161.870,indexer,574500
952485.342,indexer,574600
952942.366,indexer,574700
953348.702,indexer,574800
954313.658,indexer,574900
954848.822,indexer,575000
955272.906,indexer,575100
955685.579,indexer,575200
956080.854,indexer,575300
956473.997,indexer,575400
956934.698,indexer,575500
957512.502,indexer,575600
957919.267,indexer,575700
958278.912,indexer,575800
958607.878,indexer,575900
958986.742,indexer,576000
959333.237,indexer,576100
959720.866,indexer,576200
961375.523,indexer,576300
964584.894,indexer,576400
965286.617,indexer,576500
965928.130,indexer,576600
966611.600,indexer,576700
967148.470,indexer,576800
967697.683,indexer,576900
968357.347,indexer,577000
968927.507,indexer,577100
969500.112,indexer,577200
970000.978,indexer,577300
970482.124,indexer,577400
970992.475,indexer,577500
971670.777,indexer,577600
972892.926,indexer,577700
973369.720,indexer,577800
973768.297,indexer,577900
974227.486,indexer,578000
974684.098,indexer,578100
975110.417,indexer,578200
975581.261,indexer,578300
975970.841,indexer,578400
976378.483,indexer,578500
976861.787,indexer,578600
977618.930,indexer,578700
978212.240,indexer,578800
978658.821,indexer,578900
979093.867,indexer,579000
979607.740,indexer,579100
980700.358,indexer,579200
981151.373,indexer,579300
981548.340,indexer,579400
981952.506,indexer,579500
982389.673,indexer,579600
982796.088,indexer,579700
983156.939,indexer,579800
983494.096,indexer,579900
984244.185,indexer,580000
984617.734,indexer,580100
985044.870,indexer,580200
985474.086,indexer,580300
985894.635,indexer,580400
986325.129,indexer,580500
986749.329,indexer,580600
987750.831,indexer,580700
988291.212,indexer,580800
988703.385,indexer,580900
989157.144,indexer,581000
989681.689,indexer,581100
990110.295,indexer,581200
990520.668,indexer,581300
990934.974,indexer,581400
991268.120,indexer,581500
991731.314,indexer,581600
992203.235,indexer,581700
992635.239,indexer,581800
993034.349,indexer,581900
993430.895,indexer,582000
994730.451,indexer,582100
995320.888,indexer,582200
995904.651,indexer,582300
996525.082,indexer,582400
997348.893,indexer,582500
998032.423,indexer,582600
998889.093,indexer,582700
999609.403,indexer,582800
1000226.899,indexer,582900
1000754.892,indexer,583000
1001140.352,indexer,583100
1001569.235,indexer,583200
1002185.768,indexer,583300
1002693.418,indexer,583400
1003155.156,indexer,583500
1004177.211,indexer,583600
1004571.910,indexer,583700
1004929.760,indexer,583800
1005423.052,indexer,583900
1005920.249,indexer,584000
1006310.058,indexer,584100
1006626.633,indexer,584200
1006904.106,indexer,584300
1007223.665,indexer,584400
1007580.119,indexer,584500
1008033.507,indexer,584600
1008399.161,indexer,584700
1008767.348,indexer,584800
1009174.854,indexer,584900
1009585.378,indexer,585000
1010263.699,indexer,585100
1011371.208,indexer,585200
1011743.756,indexer,585300
1012085.839,indexer,585400
1012537.745,indexer,585500
1013025.559,indexer,585600
1013449.115,indexer,585700
1013835.043,indexer,585800
1014277.782,indexer,585900
1014755.494,indexer,586000
1015230.852,indexer,586100
1015581.666,indexer,586200
1015912.960,indexer,586300
1016468.310,indexer,586400
1016754.268,indexer,586500
1017117.479,indexer,586600
1017534.020,indexer,586700
1018414.512,indexer,586800
1018881.582,indexer,586900
1019304.022,indexer,587000
1019676.559,indexer,587100
1020017.193,indexer,587200
1020321.403,indexer,587300
1020561.870,indexer,587400
1020868.637,indexer,587500
1021249.195,indexer,587600
1021797.399,indexer,587700
1022219.990,indexer,587800
1022592.644,indexer,587900
1022908.203,indexer,588000
1023277.777,indexer,588100
1023625.778,indexer,588200
1023983.158,indexer,588300
1024284.911,indexer,588400
1024585.135,indexer,588500
1025707.694,indexer,588600
1026239.324,indexer,588700
1027000.212,indexer,588800
1027725.771,indexer,588900
1028598.381,indexer,589000
1029491.068,indexer,589100
1030106.579,indexer,589200
1030627.376,indexer,589300
1031455.879,indexer,589400
1032209.586,indexer,589500
1032555.187,indexer,589600
1033070.465,indexer,589700
1033801.460,indexer,589800
1034751.318,indexer,589900
1035200.784,indexer,590000
1035663.085,indexer,590100
1036707.294,indexer,590200
1037111.577,indexer,590300
1037477.426,indexer,590400
1037834.781,indexer,590500
1038203.999,indexer,590600
1038705.372,indexer,590700
1038987.695,indexer,590800
1039383.906,indexer,590900
1039779.911,indexer,591000
1040431.225,indexer,591100
1041111.243,indexer,591200
1041564.693,indexer,591300
1041907.846,indexer,591400
1042211.939,indexer,591500
1042530.378,indexer,591600
1042771.341,indexer,591700
1043554.755,indexer,591800
1043953.710,indexer,591900
1044348.617,indexer,592000
1044693.782,indexer,592100
1045149.002,indexer,592200
1045463.882,indexer,592300
1045962.150,indexer,592400
1046469.737,indexer,592500
1046771.664,indexer,592600
1047060.225,indexer,592700
1047354.309,indexer,592800
1047696.463,indexer,592900
1048063.986,indexer,593000
1048401.632,indexer,593100
1048735.596,indexer,593200
1049083.719,indexer,593300
1049477.650,indexer,593400
1050513.189,indexer,593500
1050987.026,indexer,593600
1051653.200,indexer,593700
1052077.000,indexer,593800
1052506.070,indexer,593900
1052985.716,indexer,594000
1053534.795,indexer,594100
1053938.004,indexer,594200
1054284.176,indexer,594300
1054689.238,indexer,594400
1054987.755,indexer,594500
1055345.092,indexer,594600
1055645.788,indexer,594700
1055942.031,indexer,594800
1056234.676,indexer,594900
1056602.127,indexer,595000
1056887.336,indexer,595100
1057354.330,indexer,595200
1058834.022,indexer,595300
1059456.269,indexer,595400
1060273.009,indexer,595500
1060923.863,indexer,595600
1061559.254,indexer,595700
1062351.811,indexer,595800
1062773.122,indexer,595900
1063471.765,indexer,596000
1064256.887,indexer,596100
1064977.182,indexer,596200
1065678.804,indexer,596300
1066279.258,indexer,596400
1066843.067,indexer,596500
1067233.632,indexer,596600
1067669.937,indexer,596700
1068035.791,indexer,596800
1068507.024,indexer,596900
1069548.709,indexer,597000
1070049.792,indexer,597100
1070393.429,indexer,597200
1070820.668,indexer,597300
1071302.534,indexer,597400
1071969.097,indexer,597500
1072387.063,indexer,597600
1072747.830,indexer,597700
1073110.436,indexer,597800
1073601.308,indexer,597900
1073951.511,indexer,598000
1074284.724,indexer,598100
1074631.548,indexer,598200
1074988.481,indexer,598300
1075357.944,indexer,598400
1075740.635,indexer,598500
1076054.016,indexer,598600
1077168.531,indexer,598700
1077705.130,indexer,598800
1078138.186,indexer,598900
1078587.767,indexer,599000
1078969.124,indexer,599100
1079231.031,indexer,599200
1079596.180,indexer,599300
1080000.037,indexer,599400
1080397.182,indexer,599500
1080808.381,indexer,599600
1081301.575,indexer,599700
1081807.277,indexer,599800
1082073.761,indexer,599900
1082381.960,indexer,600000
1082683.287,indexer,600100
1082963.064,indexer,600200
1083243.376,indexer,600300
1084174.989,indexer,600400
1084532.828,indexer,600500
1084948.124,indexer,600600
1085257.304,indexer,600700
1085775.760,indexer,600800
1086552.411,indexer,600900
1086972.887,indexer,601000
1087408.625,indexer,601100
1087848.347,indexer,601200
1088287.100,indexer,601300
1088705.606,indexer,601400
1089145.302,indexer,601500
1089542.245,indexer,601600
1089947.435,indexer,601700
1090248.473,indexer,601800
1090641.094,indexer,601900
1092655.766,indexer,602000
1093417.919,indexer,602100
1094108.715,indexer,602200
1094795.108,indexer,602300
1095626.379,indexer,602400
1096412.818,indexer,602500
1097120.514,indexer,602600
1097796.203,indexer,602700
1098434.532,indexer,602800
1099228.454,indexer,602900
1099841.930,indexer,603000
1100409.067,indexer,603100
1100823.388,indexer,603200
1103188.400,indexer,603300
1103768.587,indexer,603400
1104145.652,indexer,603500
1105250.413,indexer,603600
1105638.136,indexer,603700
1106079.259,indexer,603800
1106507.166,indexer,603900
1107021.343,indexer,604000
1107621.443,indexer,604100
1108169.899,indexer,604200
1108666.896,indexer,604300
1109131.938,indexer,604400
1109619.009,indexer,604500
1110010.417,indexer,604600
1110466.012,indexer,604700
1110984.908,indexer,604800
1111593.842,indexer,604900
1112006.082,indexer,605000
1112328.312,indexer,605100
1113159.805,indexer,605200
1113585.883,indexer,605300
1114214.731,indexer,605400
1114713.351,indexer,605500
1115178.665,indexer,605600
1115542.707,indexer,605700
1115915.947,indexer,605800
1116256.398,indexer,605900
1116700.481,indexer,606000
1117133.798,indexer,606100
1117479.055,indexer,606200
1117909.627,indexer,606300
1118299.208,indexer,606400
1118626.408,indexer,606500
1118980.664,indexer,606600
1119631.439,indexer,606700
1120052.658,indexer,606800
1121029.906,indexer,606900
1121510.267,indexer,607000
1121901.010,indexer,607100
1122194.430,indexer,607200
1122552.951,indexer,607300
1123059.780,indexer,607400
1123527.602,indexer,607500
1123967.150,indexer,607600
1124448.965,indexer,607700
1124886.479,indexer,607800
1125303.680,indexer,607900
1125719.049,indexer,608000
1125955.244,indexer,608100
1126252.011,indexer,608200
1126637.900,indexer,608300
1126942.070,indexer,608400
1127321.664,indexer,608500
1128609.581,indexer,608600
1129229.507,indexer,608700
1129826.351,indexer,608800
1130561.215,indexer,608900
1131112.821,indexer,609000
1131583.751,indexer,609100
1132027.539,indexer,609200
1132334.959,indexer,609300
1132768.405,indexer,609400
1133242.297,indexer,609500
1133714.038,indexer,609600
1134116.013,indexer,609700
1134503.865,indexer,609800
1134820.209,indexer,609900
1135152.760,indexer,610000
1135509.288,indexer,610100
1135885.687,indexer,610200
1136356.923,indexer,610300
1137481.985,indexer,610400
1137915.234,indexer,610500
1138441.933,indexer,610600
1138820.273,indexer,610700
1139115.083,indexer,610800
1139468.654,indexer,610900
1139883.275,indexer,611000
1140169.105,indexer,611100
1140524.251,indexer,611200
1140859.260,indexer,611300
1141136.487,indexer,611400
1141504.805,indexer,611500
1141999.758,indexer,611600
1142396.766,indexer,611700
1142902.093,indexer,611800
1143280.482,indexer,611900
1143881.274,indexer,612000
1144319.707,indexer,612100
1144721.929,indexer,612200
1145749.252,indexer,612300
1146107.079,indexer,612400
1146393.430,indexer,612500
1146785.686,indexer,612600
1147182.001,indexer,612700
1147662.005,indexer,612800
1148129.751,indexer,612900
1148517.429,indexer,613000
1148927.166,indexer,613100
1149280.258,indexer,613200
1149625.426,indexer,613300
1149986.538,indexer,613400
1150569.298,indexer,613500
1150890.027,indexer,613600
1151216.568,indexer,613700
1151554.272,indexer,613800
1151937.413,indexer,613900
1152310.021,indexer,614000
1153225.590,indexer,614100
1153666.852,indexer,614200
1154070.957,indexer,614300
1154558.103,indexer,614400
1154855.926,indexer,614500
1155168.045,indexer,614600
1155480.796,indexer,614700
1156113.051,indexer,614800
1156558.290,indexer,614900
1156975.778,indexer,615000
1157390.813,indexer,615100
1157701.628,indexer,615200
1158135.520,indexer,615300
1158472.965,indexer,615400
1158760.745,indexer,615500
1159148.832,indexer,615600
1159463.550,indexer,615700
1159820.980,indexer,615800
1161334.813,indexer,615900
1162033.101,indexer,616000
1162823.671,indexer,616100
1163569.054,indexer,616200
1164534.662,indexer,616300
1165378.315,indexer,616400
1166131.073,indexer,616500
1166816.589,indexer,616600
1167464.343,indexer,616700
1168046.784,indexer,616800
1168622.140,indexer,616900
1169244.370,indexer,617000
1169776.368,indexer,617100
1170433.258,indexer,617200
1171247.806,indexer,617300
1172391.100,indexer,617400
1172830.391,indexer,617500
1173286.849,indexer,617600
1173664.917,indexer,617700
1174092.319,indexer,617800
1174463.125,indexer,617900
1174984.811,indexer,618000
1175389.798,indexer,618100
1175820.052,indexer,618200
1176271.328,indexer,618300
1176710.122,indexer,618400
1177406.353,indexer,618500
1177861.648,indexer,618600
1178402.321,indexer,618700
1178793.183,indexer,618800
1179204.958,indexer,618900
1179659.243,indexer,619000
1180705.951,indexer,619100
1181238.732,indexer,619200
1181820.301,indexer,619300
1182310.068,indexer,619400
1182664.185,indexer,619500
1183133.840,indexer,619600
1183471.030,indexer,619700
1183870.570,indexer,619800
1184559.683,indexer,619900
1184996.123,indexer,620000
1185534.748,indexer,620100
1186129.142,indexer,620200
1186453.237,indexer,620300
1186844.876,indexer,620400
1187163.402,indexer,620500
1187523.380,indexer,620600
1187847.885,indexer,620700
1188672.018,indexer,620800
1189075.717,indexer,620900
1189483.462,indexer,621000
1190124.436,indexer,621100
1190767.540,indexer,621200
1191183.288,indexer,621300
1191644.155,indexer,621400
1192124.165,indexer,621500
1192536.767,indexer,621600
1192941.638,indexer,621700
1193319.415,indexer,621800
1193705.848,indexer,621900
1194127.506,indexer,622000
1194651.072,indexer,622100
1195079.553,indexer,622200
1196684.484,indexer,622300
1197595.319,indexer,622400
1198357.961,indexer,622500
1198983.663,indexer,622600
1199796.274,indexer,622700
1200581.160,indexer,622800
1201268.317,indexer,622900
1201965.448,indexer,623000
1203044.976,indexer,623100
1203753.102,indexer,623200
1204210.030,indexer,623300
1204647.159,indexer,623400
1204955.645,indexer,623500
1205312.205,indexer,623600
1205867.719,indexer,623700
1206269.641,indexer,623800
1206876.792,indexer,623900
1208243.316,indexer,624000
1208668.031,indexer,624100
1209160.665,indexer,624200
1209837.458,indexer,624300
1210538.861,indexer,624400
1211083.226,indexer,624500
1211553.545,indexer,624600
1212125.131,indexer,624700
1212600.548,indexer,624800
1213089.855,indexer,624900
1213489.364,indexer,625000
1213917.213,indexer,625100
1214407.557,indexer,625200
1214741.143,indexer,625300
1215043.081,indexer,625400
1215398.530,indexer,625500
1215740.736,indexer,625600
1216203.695,indexer,625700
1216614.645,indexer,625800
1217470.666,indexer,625900
1217849.103,indexer,626000
1218207.291,indexer,626100
1218581.675,indexer,626200
1218966.984,indexer,626300
1219386.255,indexer,626400
1219758.958,indexer,626500
1220206.777,indexer,626600
1220581.339,indexer,626700
1221050.298,indexer,626800
1221423.387,indexer,626900
1221776.510,indexer,627000
1222120.282,indexer,627100
1222509.201,indexer,627200
1222889.029,indexer,627300
1223300.525,indexer,627400
1223703.587,indexer,627500
1225015.592,indexer,627600
1225561.804,indexer,627700
1226213.837,indexer,627800
1226898.483,indexer,627900
1227532.141,indexer,628000
1228195.364,indexer,628100
1228723.186,indexer,628200
1229193.392,indexer,628300
1229626.735,indexer,628400
1230087.493,indexer,628500
1230492.539,indexer,628600
1230865.660,indexer,628700
1231246.908,indexer,628800
1231570.551,indexer,628900
1232093.309,indexer,629000
1232569.534,indexer,629100
1234263.706,indexer,629200
1235068.983,indexer,629300
1235881.772,indexer,629400
1236851.321,indexer,629500
1237560.673,indexer,629600
1238560.889,indexer,629700
1239518.532,indexer,629800
1240310.579,indexer,629900
1241222.188,indexer,630000
1244129.990,indexer,630100
1244727.108,indexer,630200
1245299.808,indexer,630300
1245977.608,indexer,630400
1246509.733,indexer,630500
1247116.030,indexer,630600
1248328.958,indexer,630700
1248908.463,indexer,630800
1249835.983,indexer,630900
1250568.630,indexer,631000
1251164.667,indexer,631100
1251941.790,indexer,631200
1252564.280,indexer,631300
1253124.652,indexer,631400
1253625.410,indexer,631500
1254172.149,indexer,631600
1254642.588,indexer,631700
1255132.149,indexer,631800
1255592.405,indexer,631900
1256055.037,indexer,632000
1257076.554,indexer,632100
1257513.383,indexer,632200
1257966.383,indexer,632300
1258596.729,indexer,632400
1259047.893,indexer,632500
1259503.301,indexer,632600
1259946.463,indexer,632700
1260489.764,indexer,632800
1260934.840,indexer,632900
1261391.925,indexer,633000
1261861.403,indexer,633100
1262203.520,indexer,633200
1262600.062,indexer,633300
1262854.230,indexer,633400
1263199.489,indexer,633500
1263462.198,indexer,633600
1263810.377,indexer,633700
1264918.595,indexer,633800
1265449.083,indexer,633900
1265860.960,indexer,634000
1266848.842,indexer,634100
1267477.621,indexer,634200
1268019.567,indexer,634300
1268485.292,indexer,634400
1268947.376,indexer,634500
1269328.768,indexer,634600
1269622.252,indexer,634700
1269932.864,indexer,634800
1270386.106,indexer,634900
1270761.594,indexer,635000
1271196.519,indexer,635100
1271876.088,indexer,635200
1272542.874,indexer,635300
1273991.965,indexer,635400
1274727.950,indexer,635500
1275524.649,indexer,635600
1276041.173,indexer,635700
1276617.208,indexer,635800
1277278.471,indexer,635900
1277989.011,indexer,636000
1278660.744,indexer,636100
1279418.289,indexer,636200
1280115.064,indexer,636300
1280940.497,indexer,636400
1281457.974,indexer,636500
1282292.126,indexer,636600
1282754.054,indexer,636700
1283246.981,indexer,636800
1283724.218,indexer,636900
1284901.462,indexer,637000
1285418.155,indexer,637100
1285890.479,indexer,637200
1286316.347,indexer,637300
1286796.586,indexer,637400
1287200.120,indexer,637500
1287653.670,indexer,637600
1288211.360,indexer,637700
1288574.909,indexer,637800
1288969.948,indexer,637900
1289398.611,indexer,638000
1289829.878,indexer,638100
1290259.363,indexer,638200
1290685.344,indexer,638300
1291081.898,indexer,638400
1291602.283,indexer,638500
1292727.006,indexer,638600
1293415.291,indexer,638700
1293848.324,indexer,638800
1294314.729,indexer,638900
1294735.867,indexer,639000
1295179.698,indexer,639100
1295680.511,indexer,639200
1296167.987,indexer,639300
1296765.907,indexer,639400
1297220.476,indexer,639500
1297660.647,indexer,639600
1298125.689,indexer,639700
1298691.094,indexer,639800
1299373.679,indexer,639900
1299870.591,indexer,640000
1301027.205,indexer,640100
1301616.503,indexer,640200
1302357.004,indexer,640300
1302917.762,indexer,640400
1303363.983,indexer,640500
1303821.495,indexer,640600
1304276.489,indexer,640700
1304755.444,indexer,640800
1305144.584,indexer,640900
1305618.260,indexer,641000
1306353.036,indexer,641100
1307036.816,indexer,641200
1307473.739,indexer,641300
1307959.912,indexer,641400
1309822.540,indexer,641500
1310855.575,indexer,641600
1311609.835,indexer,641700
1312547.304,indexer,641800
1313434.058,indexer,641900
1314131.522,indexer,642000
1315135.237,indexer,642100
1315906.429,indexer,642200
1316918.458,indexer,642300
1318024.132,indexer,642400
1318813.730,indexer,642500
1319398.797,indexer,642600
1320029.092,indexer,642700
1320594.471,indexer,642800
1322172.602,indexer,642900
1322728.221,indexer,643000
1323512.712,indexer,643100
1324186.066,indexer,643200
1324809.596,indexer,643300
1325353.977,indexer,643400
1325968.510,indexer,643500
1326589.176,indexer,643600
1327253.447,indexer,643700
1327938.960,indexer,643800
1328401.942,indexer,643900
1328758.979,indexer,644000
1329181.854,indexer,644100
1329657.144,indexer,644200
1330181.155,indexer,644300
1331331.125,indexer,644400
1332071.440,indexer,644500
1332514.884,indexer,644600
1332931.106,indexer,644700
1333429.133,indexer,644800
1334067.968,indexer,644900
1334476.207,indexer,645000
1334881.132,indexer,645100
1335382.521,indexer,645200
1335833.376,indexer,645300
1336248.723,indexer,645400
1336675.067,indexer,645500
1337084.949,indexer,645600
1337524.481,indexer,645700
1338626.514,indexer,645800
1339367.719,indexer,645900
1340008.454,indexer,646000
1340777.512,indexer,646100
1341381.655,indexer,646200
1342054.513,indexer,646300
1342572.958,indexer,646400
1343093.355,indexer,646500
1343573.252,indexer,646600
1344028.802,indexer,646700
1344539.755,indexer,646800
1345351.898,indexer,646900
1345774.032,indexer,647000
1346278.801,indexer,647100
1348035.414,indexer,647200
1348737.543,indexer,647300
1349807.759,indexer,647400
1350598.820,indexer,647500
1351483.161,indexer,647600
1352427.312,indexer,647700
1353389.657,indexer,647800
1354080.797,indexer,647900
1354777.838,indexer,648000
1355312.056,indexer,648100
1356245.690,indexer,648200
1356880.336,indexer,648300
1357614.178,indexer,648400
1358242.897,indexer,648500
1358963.883,indexer,648600
1359557.206,indexer,648700
1361004.064,indexer,648800
1361611.635,indexer,648900
1362329.093,indexer,649000
1362867.502,indexer,649100
1363358.884,indexer,649200
1364338.505,indexer,649300
1365026.699,indexer,649400
1365751.197,indexer,649500
1366383.622,indexer,649600
1366954.688,indexer,649700
1367458.827,indexer,649800
1368012.939,indexer,649900
1368569.035,indexer,650000
1368986.827,indexer,650100
1369408.139,indexer,650200
1370450.848,indexer,650300
1370895.193,indexer,650400
1371341.879,indexer,650500
1371935.064,indexer,650600
1372471.398,indexer,650700
1372904.307,indexer,650800
1373413.892,indexer,650900
1374015.879,indexer,651000
1374438.405,indexer,651100
1374866.164,indexer,651200
1375234.441,indexer,651300
1375605.040,indexer,651400
1376044.666,indexer,651500
1376554.314,indexer,651600
1377006.496,indexer,651700
1378024.873,indexer,651800
1378775.817,indexer,651900
1379460.997,indexer,652000
1379945.062,indexer,652100
1380359.365,indexer,652200
1380778.100,indexer,652300
1381183.324,indexer,652400
1381643.953,indexer,652500
1382110.119,indexer,652600
1382480.072,indexer,652700
1382945.008,indexer,652800
1383670.295,indexer,652900
1384221.685,indexer,653000
1384682.193,indexer,653100
1385111.096,indexer,653200
1386649.395,indexer,653300
1387460.650,indexer,653400
1388386.691,indexer,653500
1389210.166,indexer,653600
1390095.519,indexer,653700
1392837.351,indexer,653800
1393812.046,indexer,653900
1394734.126,indexer,654000
1395874.939,indexer,654100
1396814.762,indexer,654200
1397541.048,indexer,654300
1398163.725,indexer,654400
1398785.462,indexer,654500
1399393.051,indexer,654600
1400786.108,indexer,654700
1401433.650,indexer,654800
1402022.897,indexer,654900
1402570.501,indexer,655000
1403117.473,indexer,655100
1403711.162,indexer,655200
1404250.973,indexer,655300
1404911.480,indexer,655400
1405772.361,indexer,655500
1406473.493,indexer,655600
1407099.436,indexer,655700
1407677.748,indexer,655800
1408167.188,indexer,655900
1408688.620,indexer,656000
1409835.290,indexer,656100
1410358.971,indexer,656200
1410859.795,indexer,656300
1411403.469,indexer,656400
1411927.697,indexer,656500
1412441.109,indexer,656600
1412996.126,indexer,656700
1413764.080,indexer,656800
1414407.411,indexer,656900
1414868.415,indexer,657000
1415369.112,indexer,657100
1415787.695,indexer,657200
1416246.810,indexer,657300
1416824.314,indexer,657400
1417337.757,indexer,657500
1418603.575,indexer,657600
1419174.271,indexer,657700
1419712.674,indexer,657800
1420298.535,indexer,657900
1420837.848,indexer,658000
1421368.607,indexer,658100
1421889.270,indexer,658200
1422341.390,indexer,658300
1422892.991,indexer,658400
1423445.842,indexer,658500
1423986.092,indexer,658600
1424472.056,indexer,658700
1425006.248,indexer,658800
1425445.563,indexer,658900
1425932.235,indexer,659000
1427815.245,indexer,659100
1428723.910,indexer,659200
1429497.217,indexer,659300
1430401.400,indexer,659400
1431405.974,indexer,659500
1432308.396,indexer,659600
1433352.583,indexer,659700
1434264.444,indexer,659800
1435184.252,indexer,659900
1435977.345,indexer,660000
1436689.994,indexer,660100
1437333.348,indexer,660200
1437853.585,indexer,660300
1438739.566,indexer,660400
1439288.377,indexer,660500
1440628.762,indexer,660600
1441219.090,indexer,660700
1441802.311,indexer,660800
1442340.496,indexer,660900
1443124.596,indexer,661000
1443614.873,indexer,661100
1444033.021,indexer,661200
1444544.512,indexer,661300
1445312.903,indexer,661400
1445947.392,indexer,661500
1446469.184,indexer,661600
1447108.270,indexer,661700
1447748.559,indexer,661800
1448295.513,indexer,661900
1449785.318,indexer,662000
1450331.747,indexer,662100
1450935.504,indexer,662200
1451620.210,indexer,662300
1452198.473,indexer,662400
1452715.571,indexer,662500
1453716.944,indexer,662600
1454396.484,indexer,662700
1454956.084,indexer,662800
1455479.592,indexer,662900
1455953.581,indexer,663000
1456428.266,indexer,663100
1456939.788,indexer,663200
1457498.852,indexer,663300
1458723.937,indexer,663400
1459404.111,indexer,663500
1460013.404,indexer,663600
1460745.982,indexer,663700
1461282.353,indexer,663800
1462000.945,indexer,663900
1462744.400,indexer,664000
1463283.364,indexer,664100
1463851.086,indexer,664200
1464397.364,indexer,664300
1464939.511,indexer,664400
1465456.795,indexer,664500
1465987.722,indexer,664600
1466573.662,indexer,664700
1468451.786,indexer,664800
1469656.329,indexer,664900
1470947.072,indexer,665000
1472335.283,indexer,665100
1473651.322,indexer,665200
1474571.818,indexer,665300
1475780.023,indexer,665400
1476808.543,indexer,665500
1478001.826,indexer,665600
1478941.370,indexer,665700
1479696.061,indexer,665800
1480686.657,indexer,665900
1481621.102,indexer,666000
1482449.357,indexer,666100
1484223.196,indexer,666200
1485097.583,indexer,666300
1485801.281,indexer,666400
1486427.481,indexer,666500
1486998.792,indexer,666600
1487600.436,indexer,666700
1488209.705,indexer,666800
1488815.972,indexer,666900
1489468.513,indexer,667000
1490088.828,indexer,667100
1491149.318,indexer,667200
1491812.577,indexer,667300
1492492.813,indexer,667400
1493045.423,indexer,667500
1494458.397,indexer,667600
1495127.463,indexer,667700
1495754.337,indexer,667800
1496427.473,indexer,667900
1497256.893,indexer,668000
1497909.744,indexer,668100
1498611.940,indexer,668200
1499243.302,indexer,668300
1499822.371,indexer,668400
1500473.944,indexer,668500
1501121.115,indexer,668600
1501687.840,indexer,668700
1502306.870,indexer,668800
1502852.732,indexer,668900
1504461.765,indexer,669000
1505114.267,indexer,669100
1505723.138,indexer,669200
1506314.418,indexer,669300
1507093.583,indexer,669400
1507864.225,indexer,669500
1508484.667,indexer,669600
1509090.592,indexer,669700
1509752.979,indexer,669800
1510514.512,indexer,669900
1511112.433,indexer,670000
1511716.010,indexer,670100
1512337.994,indexer,670200
1512924.143,indexer,670300
1514863.632,indexer,670400
1515744.532,indexer,670500
1516886.082,indexer,670600
1518086.637,indexer,670700
1519549.495,indexer,670800
1521201.102,indexer,670900
1522536.298,indexer,671000
1523779.349,indexer,671100
1527028.855,indexer,671200
1528079.087,indexer,671300
1528891.510,indexer,671400
1529493.647,indexer,671500
1530076.808,indexer,671600
1530722.186,indexer,671700
1532234.058,indexer,671800
1533219.664,indexer,671900
1534099.316,indexer,672000
1534781.545,indexer,672100
1535474.060,indexer,672200
1536082.028,indexer,672300
1536677.629,indexer,672400
1537398.350,indexer,672500
1537960.974,indexer,672600
1538598.386,indexer,672700
1539194.242,indexer,672800
1539720.479,indexer,672900
1540397.711,indexer,673000
1541421.207,indexer,673100
1543056.408,indexer,673200
1543764.978,indexer,673300
1544442.641,indexer,673400
1545122.719,indexer,673500
1545736.825,indexer,673600
1546341.063,indexer,673700
1546982.064,indexer,673800
1547559.082,indexer,673900
1548100.778,indexer,674000
1548670.231,indexer,674100
1549257.707,indexer,674200
1549748.809,indexer,674300
1550476.022,indexer,674400
1551279.240,indexer,674500
1552848.911,indexer,674600
1553530.921,indexer,674700
1554232.756,indexer,674800
1554853.087,indexer,674900
1555437.973,indexer,675000
1556099.783,indexer,675100
1556676.094,indexer,675200
1557193.141,indexer,675300
1557871.375,indexer,675400
1558519.406,indexer,675500
1559121.764,indexer,675600
1559671.772,indexer,675700
1560215.471,indexer,675800
1560871.574,indexer,675900
1562682.594,indexer,676000
1563545.488,indexer,676100
1564393.217,indexer,676200
1565414.991,indexer,676300
1566494.576,indexer,676400
1567533.424,indexer,676500
1568513.191,indexer,676600
1569488.061,indexer,676700
1570254.417,indexer,676800
1571192.684,indexer,676900
1572049.831,indexer,677000
1572747.353,indexer,677100
1573398.575,indexer,677200
1573996.361,indexer,677300
1575828.155,indexer,677400
1576979.590,indexer,677500
1577787.916,indexer,677600
1578421.165,indexer,677700
1579056.923,indexer,677800
1579723.124,indexer,677900
1580418.604,indexer,678000
1581116.994,indexer,678100
1581758.050,indexer,678200
1582357.296,indexer,678300
1583048.672,indexer,678400
1583639.664,indexer,678500
1584214.109,indexer,678600
1585153.007,indexer,678700
1586831.831,indexer,678800
1587556.422,indexer,678900
1588242.225,indexer,679000
1588961.266,indexer,679100
1589660.336,indexer,679200
1590373.743,indexer,679300
1591012.866,indexer,679400
1591806.726,indexer,679500
1592491.108,indexer,679600
1593039.178,indexer,679700
1593682.255,indexer,679800
1594323.806,indexer,679900
1595371.514,indexer,680000
1597128.313,indexer,680100
1597877.500,indexer,680200
1598655.184,indexer,680300
1599317.110,indexer,680400
1599887.647,indexer,680500
1600510.949,indexer,680600
1601098.096,indexer,680700
1601769.007,indexer,680800
1602355.676,indexer,680900
1602855.505,indexer,681000
1603459.658,indexer,681100
1603957.150,indexer,681200
1604619.312,indexer,681300
1605244.815,indexer,681400
1607272.931,indexer,681500
1608217.063,indexer,681600
1609118.044,indexer,681700
1610116.969,indexer,681800
1611201.261,indexer,681900
1612308.749,indexer,682000
1613259.946,indexer,682100
1614222.541,indexer,682200
1615055.321,indexer,682300
1615687.821,indexer,682400
1616215.797,indexer,682500
1616769.774,indexer,682600
1617322.633,indexer,682700
1617929.116,indexer,682800
1618456.754,indexer,682900
1619959.609,indexer,683000
1620581.276,indexer,683100
1621260.240,indexer,683200
1621940.363,indexer,683300
1622575.574,indexer,683400
1623297.134,indexer,683500
1624024.323,indexer,683600
1624621.841,indexer,683700
1625243.477,indexer,683800
1625791.427,indexer,683900
1626403.075,indexer,684000
1627155.271,indexer,684100
1627755.981,indexer,684200
1628439.010,indexer,684300
1629893.958,indexer,684400
1630585.456,indexer,684500
1631226.597,indexer,684600
1632036.697,indexer,684700
1632666.308,indexer,684800
1633277.181,indexer,684900
1633890.519,indexer,685000
1634489.184,indexer,685100
1634999.799,indexer,685200
1635669.611,indexer,685300
1636185.181,indexer,685400
1636669.797,indexer,685500
1637160.460,indexer,685600
1637701.323,indexer,685700
1638967.555,indexer,685800
1639534.216,indexer,685900
1640205.264,indexer,686000
1640854.806,indexer,686100
1641414.318,indexer,686200
1641903.745,indexer,686300
1642352.944,indexer,686400
1642721.171,indexer,686500
1643168.625,indexer,686600
1643776.432,indexer,686700
1644240.385,indexer,686800
1644759.587,indexer,686900
1645284.740,indexer,687000
1645801.663,indexer,687100
1646393.591,indexer,687200
1646921.355,indexer,687300
1648971.672,indexer,687400
1649712.995,indexer,687500
1650847.858,indexer,687600
1651693.661,indexer,687700
1652762.264,indexer,687800
1653886.432,indexer,687900
1654802.042,indexer,688000
1655771.847,indexer,688100
1656640.014,indexer,688200
1657657.990,indexer,688300
1658697.982,indexer,688400
1659566.610,indexer,688500
1660388.073,indexer,688600
1661390.798,indexer,688700
1662006.394,indexer,688800
1663572.708,indexer,688900
1664487.891,indexer,689000
1665411.204,indexer,689100
1666174.135,indexer,689200
1666899.890,indexer,689300
1667538.865,indexer,689400
1668193.021,indexer,689500
1668791.817,indexer,689600
1669338.806,indexer,689700
1669911.477,indexer,689800
1670508.312,indexer,689900
1671095.957,indexer,690000
1671722.603,indexer,690100
1672369.069,indexer,690200
1673807.701,indexer,690300
1674334.092,indexer,690400
1674724.314,indexer,690500
1675182.728,indexer,690600
1675707.199,indexer,690700
1676187.330,indexer,690800
1676661.315,indexer,690900
1677083.845,indexer,691000
1677637.938,indexer,691100
1678185.425,indexer,691200
1678555.882,indexer,691300
1678887.885,indexer,691400
1679256.677,indexer,691500
1679505.758,indexer,691600
1679882.376,indexer,691700
1680222.078,indexer,691800
1680673.462,indexer,691900
1681315.109,indexer,692000
1681986.732,indexer,692100
1683192.521,indexer,692200
1683723.620,indexer,692300
1684213.971,indexer,692400
1684666.331,indexer,692500
1684965.876,indexer,692600
1685350.588,indexer,692700
1685850.131,indexer,692800
1686258.402,indexer,692900
1686652.213,indexer,693000
1687055.113,indexer,693100
1687464.785,indexer,693200
1687944.666,indexer,693300
1688573.170,indexer,693400
1689012.726,indexer,693500
1689397.549,indexer,693600
1689669.678,indexer,693700
1690113.373,indexer,693800
1690577.799,indexer,693900
1690987.476,indexer,694000
1692794.176,indexer,694100
1693680.355,indexer,694200
1694607.241,indexer,694300
1695364.099,indexer,694400
1696191.058,indexer,694500
1697221.206,indexer,694600
1697815.789,indexer,694700
1700231.874,indexer,694800
1700851.182,indexer,694900
1701443.233,indexer,695000
1702021.623,indexer,695100
1702575.432,indexer,695200
1703105.820,indexer,695300
1703610.825,indexer,695400
1704077.610,indexer,695500
1704789.723,indexer,695600
1705242.207,indexer,695700
1705616.250,indexer,695800
1705875.882,indexer,695900
1707003.133,indexer,696000
1707525.496,indexer,696100
1708032.733,indexer,696200
1708555.465,indexer,696300
1709006.671,indexer,696400
1709494.514,indexer,696500
1710091.063,indexer,696600
1710693.452,indexer,696700
1711252.650,indexer,696800
1711708.268,indexer,696900
1712067.989,indexer,697000
1712476.417,indexer,697100
1712906.330,indexer,697200
1713309.519,indexer,697300
1713791.979,indexer,697400
1714182.110,indexer,697500
1714686.085,indexer,697600
1715250.576,indexer,697700
1716498.881,indexer,697800
1717143.045,indexer,697900
1717610.867,indexer,698000
1718029.365,indexer,698100
1718525.579,indexer,698200
1719036.551,indexer,698300
1719525.625,indexer,698400
1720114.444,indexer,698500
1720747.305,indexer,698600
1721286.271,indexer,698700
1721799.688,indexer,698800
1722416.044,indexer,698900
1722896.626,indexer,699000
1723292.467,indexer,699100
1723689.923,indexer,699200
1724021.529,indexer,699300
1724546.861,indexer,699400
1725572.253,indexer,699500
1726164.450,indexer,699600
1726774.068,indexer,699700
1727308.120,indexer,699800
1727799.366,indexer,699900
1728391.595,indexer,700000
1728816.530,indexer,700100
1729133.187,indexer,700200
1729522.463,indexer,700300
1729971.099,indexer,700400
1730305.726,indexer,700500
1730773.191,indexer,700600
1731447.715,indexer,700700
1732087.177,indexer,700800
1732600.820,indexer,700900
1733157.890,indexer,701000
1734671.522,indexer,701100
1735370.015,indexer,701200
1735877.579,indexer,701300
1736566.199,indexer,701400
1737452.287,indexer,701500
1738198.059,indexer,701600
1739213.091,indexer,701700
1740133.813,indexer,701800
1740922.978,indexer,701900
1741644.165,indexer,702000
1742320.601,indexer,702100
1742945.415,indexer,702200
1743464.974,indexer,702300
1743888.449,indexer,702400
1744496.904,indexer,702500
1744951.096,indexer,702600
1745444.635,indexer,702700
1746010.899,indexer,702800
1747486.355,indexer,702900
1748146.810,indexer,703000
1748956.614,indexer,703100
1749415.617,indexer,703200
1749861.309,indexer,703300
1750352.999,indexer,703400
1750939.269,indexer,703500
1751483.687,indexer,703600
1752211.886,indexer,703700
1752793.120,indexer,703800
1753520.739,indexer,703900
1754199.223,indexer,704000
1755118.878,indexer,704100
1755968.530,indexer,704200
1756561.080,indexer,704300
1756979.952,indexer,704400
1758401.553,indexer,704500
1759258.090,indexer,704600
1759917.599,indexer,704700
1760562.435,indexer,704800
1761107.427,indexer,704900
1761698.237,indexer,705000
1762359.187,indexer,705100
1762979.942,indexer,705200
1763539.222,indexer,705300
1763905.767,indexer,705400
1764281.217,indexer,705500
1764915.544,indexer,705600
1765483.632,indexer,705700
1765926.453,indexer,705800
1766514.819,indexer,705900
1767809.220,indexer,706000
1768487.632,indexer,706100
1769044.629,indexer,706200
1769685.298,indexer,706300
1770278.768,indexer,706400
1770712.058,indexer,706500
1771054.739,indexer,706600
1771569.368,indexer,706700
1771986.984,indexer,706800
1772561.149,indexer,706900
1773103.598,indexer,707000
1773494.399,indexer,707100
1774075.465,indexer,707200
1774492.112,indexer,707300
1774975.366,indexer,707400
1775472.460,indexer,707500
1777262.135,indexer,707600
1778295.562,indexer,707700
1779567.456,indexer,707800
1780797.893,indexer,707900
1781890.064,indexer,708000
1783007.166,indexer,708100
1783848.681,indexer,708200
1784778.701,indexer,708300
1785579.168,indexer,708400
1786340.693,indexer,708500
1786881.586,indexer,708600
1787564.913,indexer,708700
1788287.772,indexer,708800
1788977.559,indexer,708900
1789640.493,indexer,709000
1791019.407,indexer,709100
1791627.788,indexer,709200
1792501.318,indexer,709300
1793143.395,indexer,709400
1793656.898,indexer,709500
1794155.970,indexer,709600
1794527.936,indexer,709700
1795035.575,indexer,709800
1795595.556,indexer,709900
1796253.573,indexer,710000
1796858.255,indexer,710100
1797595.310,indexer,710200
1798073.740,indexer,710300
1798551.444,indexer,710400
1799220.896,indexer,710500
1800407.422,indexer,710600
1800945.091,indexer,710700
1801511.406,indexer,710800
1802146.599,indexer,710900
1802650.293,indexer,711000
1803278.514,indexer,711100
1804124.919,indexer,711200
1804967.904,indexer,711300
1805621.076,indexer,711400
1806131.320,indexer,711500
1806609.467,indexer,711600
1807016.923,indexer,711700
1807479.880,indexer,711800
1808230.792,indexer,711900
1808869.925,indexer,712000
1810100.804,indexer,712100
1810732.608,indexer,712200
1811509.592,indexer,712300
1812483.762,indexer,712400
1813020.902,indexer,712500
1813501.055,indexer,712600
1814180.335,indexer,712700
1814720.278,indexer,712800
1815184.141,indexer,712900
1815638.799,indexer,713000
1816148.550,indexer,713100
1816573.649,indexer,713200
1817274.905,indexer,713300
1817870.973,indexer,713400
1818351.200,indexer,713500
1818910.976,indexer,713600
1820549.951,indexer,713700
1821175.558,indexer,713800
1821984.307,indexer,713900
1822915.795,indexer,714000
1823772.236,indexer,714100
1824845.030,indexer,714200
1825764.040,indexer,714300
1826929.656,indexer,714400
1827962.265,indexer,714500
1828830.881,indexer,714600
1829537.956,indexer,714700
1829936.145,indexer,714800
1830380.119,indexer,714900
1830890.831,indexer,715000
1831406.504,indexer,715100
1831908.592,indexer,715200
1833456.197,indexer,715300
1833949.077,indexer,715400
1834661.852,indexer,715500
1835389.715,indexer,715600
1835888.913,indexer,715700
1836485.724,indexer,715800
1837041.424,indexer,715900
1837658.606,indexer,716000
1838391.227,indexer,716100
1839062.077,indexer,716200
1839764.162,indexer,716300
1840499.517,indexer,716400
1841334.737,indexer,716500
1842037.335,indexer,716600
1842345.327,indexer,716700
1843600.026,indexer,716800
1843992.942,indexer,716900
1844433.416,indexer,717000
1845163.866,indexer,717100
1845772.116,indexer,717200
1846376.459,indexer,717300
1847357.926,indexer,717400
1847957.543,indexer,717500
1848530.475,indexer,717600
1849018.242,indexer,717700
1849423.568,indexer,717800
1849806.144,indexer,717900
1850248.001,indexer,718000
1850811.830,indexer,718100
1851318.891,indexer,718200
1851811.476,indexer,718300
1852599.297,indexer,718400
1853914.355,indexer,718500
1854431.903,indexer,718600
1855035.143,indexer,718700
1855460.093,indexer,718800
1855871.003,indexer,718900
1856217.135,indexer,719000
1856587.818,indexer,719100
1857010.378,indexer,719200
1857476.669,indexer,719300
1857922.173,indexer,719400
1858324.130,indexer,719500
1858706.293,indexer,719600
1859622.466,indexer,719700
1860301.180,indexer,719800
1860945.906,indexer,719900
1861644.952,indexer,720000
1862153.592,indexer,720100
1863785.364,indexer,720200
1866890.289,indexer,720300
1867861.252,indexer,720400
1868649.799,indexer,720500
1869562.905,indexer,720600
1870368.456,indexer,720700
1871226.760,indexer,720800
1871979.881,indexer,720900
1872730.760,indexer,721000
1873580.729,indexer,721100
1874807.878,indexer,721200
1875657.991,indexer,721300
1876515.445,indexer,721400
1877166.730,indexer,721500
1877731.535,indexer,721600
1878375.320,indexer,721700
1879817.327,indexer,721800
1880653.284,indexer,721900
1881372.185,indexer,722000
1881820.435,indexer,722100
1882342.669,indexer,722200
1882953.413,indexer,722300
1883559.767,indexer,722400
1884258.688,indexer,722500
1884902.539,indexer,722600
1885502.312,indexer,722700
1886342.364,indexer,722800
1887159.066,indexer,722900
1887641.556,indexer,723000
1888033.701,indexer,723100
1888437.307,indexer,723200
1889665.301,indexer,723300
1890187.366,indexer,723400
1890795.093,indexer,723500
1891267.869,indexer,723600
1891816.920,indexer,723700
1892298.608,indexer,723800
1892846.852,indexer,723900
1893460.028,indexer,724000
1893915.728,indexer,724100
1894458.554,indexer,724200
1894931.389,indexer,724300
1895566.886,indexer,724400
1896074.243,indexer,724500
1896453.675,indexer,724600
1896909.358,indexer,724700
1897516.935,indexer,724800
1898178.607,indexer,724900
1899349.551,indexer,725000
1899956.923,indexer,725100
1900466.104,indexer,725200
1900972.935,indexer,725300
1901511.209,indexer,725400
1902293.359,indexer,725500
1902875.759,indexer,725600
1903563.247,indexer,725700
1904107.187,indexer,725800
1904710.024,indexer,725900
1905227.042,indexer,726000
1905758.220,indexer,726100
1906143.787,indexer,726200
1906571.607,indexer,726300
1907173.145,indexer,726400
1908686.907,indexer,726500
1909711.358,indexer,726600
1910745.201,indexer,726700
1911707.039,indexer,726800
1912808.309,indexer,726900
1913511.604,indexer,727000
1914208.374,indexer,727100
1914894.601,indexer,727200
1915600.302,indexer,727300
1916461.817,indexer,727400
1917222.698,indexer,727500
1917860.131,indexer,727600
1918518.749,indexer,727700
1919484.728,indexer,727800
1920070.837,indexer,727900
1920634.574,indexer,728000
1921924.885,indexer,728100
1922346.664,indexer,728200
1922849.636,indexer,728300
1923441.630,indexer,728400
1923959.636,indexer,728500
1924592.595,indexer,728600
1925112.243,indexer,728700
1925559.319,indexer,728800
1926188.410,indexer,728900
1926792.102,indexer,729000
1927435.733,indexer,729100
1927988.943,indexer,729200
1928468.923,indexer,729300
1928991.809,indexer,729400
1929511.028,indexer,729500
1929985.995,indexer,729600
1931280.072,indexer,729700
1932001.259,indexer,729800
1932693.279,indexer,729900
1933380.891,indexer,730000
1934212.508,indexer,730100
1934892.478,indexer,730200
1935434.127,indexer,730300
1935937.120,indexer,730400
1936380.713,indexer,730500
1936891.034,indexer,730600
1937280.088,indexer,730700
1937743.094,indexer,730800
1938220.001,indexer,730900
1938680.157,indexer,731000
1939482.364,indexer,731100
1940653.635,indexer,731200
1941211.205,indexer,731300
1941856.655,indexer,731400
1942488.765,indexer,731500
1943071.947,indexer,731600
1943583.029,indexer,731700
1944084.189,indexer,731800
1944607.085,indexer,731900
1944980.735,indexer,732000
1945403.371,indexer,732100
1945829.099,indexer,732200
1946367.648,indexer,732300
1946959.505,indexer,732400
1947547.344,indexer,732500
1948140.109,indexer,732600
1948629.123,indexer,732700
1950273.783,indexer,732800
1951189.986,indexer,732900
1952051.436,indexer,733000
1953128.205,indexer,733100
1953980.477,indexer,733200
1954755.428,indexer,733300
1955514.338,indexer,733400
1956329.902,indexer,733500
1957449.421,indexer,733600
1958637.463,indexer,733700
1959534.655,indexer,733800
1960945.550,indexer,733900
1962099.840,indexer,734000
1962854.216,indexer,734100
1963508.476,indexer,734200
1964095.994,indexer,734300
1965371.238,indexer,734400
1965906.311,indexer,734500
1966495.332,indexer,734600
1967103.559,indexer,734700
1967931.414,indexer,734800
1968758.640,indexer,734900
1969458.415,indexer,735000
1970227.596,indexer,735100
1970897.815,indexer,735200
1971394.297,indexer,735300
1972044.810,indexer,735400
1972511.936,indexer,735500
1972993.599,indexer,735600
1973615.122,indexer,735700
1974132.517,indexer,735800
1974613.862,indexer,735900
1976001.027,indexer,736000
1977111.821,indexer,736100
1978063.229,indexer,736200
1978832.356,indexer,736300
1979571.306,indexer,736400
1980217.906,indexer,736500
1980858.024,indexer,736600
1981470.759,indexer,736700
1982183.888,indexer,736800
1982735.358,indexer,736900
1983275.417,indexer,737000
1983785.877,indexer,737100
1984341.858,indexer,737200
1984950.182,indexer,737300
1986222.337,indexer,737400
1986879.950,indexer,737500
1987386.220,indexer,737600
1987863.957,indexer,737700
1988420.463,indexer,737800
1988926.193,indexer,737900
1989351.341,indexer,738000
1990003.268,indexer,738100
1990740.722,indexer,738200
1991106.401,indexer,738300
1991567.657,indexer,738400
1992229.196,indexer,738500
1992747.830,indexer,738600
1993270.764,indexer,738700
1993790.483,indexer,738800
1994339.031,indexer,738900
1996038.521,indexer,739000
1997089.149,indexer,739100
1998013.997,indexer,739200
1999042.553,indexer,739300
1999837.759,indexer,739400
2000799.618,indexer,739500
2001806.856,indexer,739600
2002857.228,indexer,739700
2003770.574,indexer,739800
2004457.224,indexer,739900
2005162.828,indexer,740000
2005765.098,indexer,740100
2006272.861,indexer,740200
2006843.758,indexer,740300
2009474.097,indexer,740400
2009892.921,indexer,740500
2011315.392,indexer,740600
2012170.802,indexer,740700
2012867.375,indexer,740800
2013538.233,indexer,740900
2014154.326,indexer,741000
2014824.354,indexer,741100
2015655.941,indexer,741200
2016252.390,indexer,741300
2016772.681,indexer,741400
2017441.267,indexer,741500
2017925.883,indexer,741600
2018485.864,indexer,741700
2019038.436,indexer,741800
2019570.185,indexer,741900
2020046.404,indexer,742000
2021144.569,indexer,742100
2021765.415,indexer,742200
2022278.568,indexer,742300
2022881.539,indexer,742400
2023507.452,indexer,742500
2024498.985,indexer,742600
2024959.002,indexer,742700
2025483.919,indexer,742800
2025968.223,indexer,742900
2026407.196,indexer,743000
2026910.757,indexer,743100
2027480.779,indexer,743200
2027978.227,indexer,743300
2028404.045,indexer,743400
2028802.630,indexer,743500
2029182.564,indexer,743600
2030370.667,indexer,743700
2031110.910,indexer,743800
2032069.289,indexer,743900
2032668.717,indexer,744000
2033303.943,indexer,744100
2033910.053,indexer,744200
2034428.616,indexer,744300
2034769.819,indexer,744400
2035209.672,indexer,744500
2035663.602,indexer,744600
2036136.760,indexer,744700
2036704.987,indexer,744800
2037253.677,indexer,744900
2037808.648,indexer,745000
2038451.000,indexer,745100
2040206.294,indexer,745200
2040960.078,indexer,745300
2041659.885,indexer,745400
2042434.915,indexer,745500
2043471.138,indexer,745600
2044358.846,indexer,745700
2045268.948,indexer,745800
2046039.738,indexer,745900
2046676.310,indexer,746000
2047498.138,indexer,746100
2048035.710,indexer,746200
2048559.132,indexer,746300
2049039.376,indexer,746400
2049960.487,indexer,746500
2050638.525,indexer,746600
2051340.346,indexer,746700
2052633.167,indexer,746800
2053365.040,indexer,746900
2054036.496,indexer,747000
2054575.803,indexer,747100
2055088.338,indexer,747200
2055702.790,indexer,747300
2056135.749,indexer,747400
2056638.975,indexer,747500
2057140.174,indexer,747600
2058003.125,indexer,747700
2058726.954,indexer,747800
2059479.974,indexer,747900
2060138.168,indexer,748000
2060598.833,indexer,748100
2061256.496,indexer,748200
2062398.666,indexer,748300
2062751.896,indexer,748400
2063203.743,indexer,748500
2063783.039,indexer,748600
2064247.852,indexer,748700
2064858.148,indexer,748800
2065391.508,indexer,748900
2066078.243,indexer,749000
2066597.304,indexer,749100
2067144.907,indexer,749200
2067573.464,indexer,749300
2068015.819,indexer,749400
2068456.114,indexer,749500
2068862.854,indexer,749600
2069351.152,indexer,749700
2070030.297,indexer,749800
2071570.483,indexer,749900
2072285.724,indexer,750000
2072809.728,indexer,750100
2073395.642,indexer,750200
2073840.999,indexer,750300
2074350.380,indexer,750400
2074778.649,indexer,750500
2075272.544,indexer,750600
2075730.727,indexer,750700
2076288.724,indexer,750800
2076735.364,indexer,750900
2077592.454,indexer,751000
2078179.961,indexer,751100
2078517.347,indexer,751200
2079073.119,indexer,751300
2079550.236,indexer,751400
2079902.542,indexer,751500
2081564.207,indexer,751600
2082556.627,indexer,751700
2083363.515,indexer,751800
2084384.114,indexer,751900
2085232.007,indexer,752000
2086420.149,indexer,752100
2087314.277,indexer,752200
2088568.533,indexer,752300
2089526.951,indexer,752400
2090110.832,indexer,752500
2090632.261,indexer,752600
2091119.524,indexer,752700
2091804.023,indexer,752800
2092231.733,indexer,752900
2092730.223,indexer,753000
2093276.868,indexer,753100
2094597.697,indexer,753200
2095279.417,indexer,753300
2095895.970,indexer,753400
2096592.995,indexer,753500
2097024.799,indexer,753600
2097624.044,indexer,753700
2098095.007,indexer,753800
2098653.900,indexer,753900
2099285.583,indexer,754000
2099826.678,indexer,754100
2100302.458,indexer,754200
2100909.263,indexer,754300
2101822.351,indexer,754400
2102230.086,indexer,754500
2102679.091,indexer,754600
2103664.282,indexer,754700
2104150.910,indexer,754800
2104719.110,indexer,754900
2105221.022,indexer,755000
2105655.950,indexer,755100
2106149.531,indexer,755200
2106652.063,indexer,755300
2107141.817,indexer,755400
2107553.708,indexer,755500
2108062.401,indexer,755600
2108765.323,indexer,755700
2109243.963,indexer,755800
2109811.958,indexer,755900
2110351.629,indexer,756000
2110824.262,indexer,756100
2111294.912,indexer,756200
2112492.234,indexer,756300
2113096.975,indexer,756400
2113608.968,indexer,756500
2114050.914,indexer,756600
2114483.215,indexer,756700
2114949.340,indexer,756800
2115453.746,indexer,756900
2116073.210,indexer,757000
2116772.510,indexer,757100
2117136.434,indexer,757200
2117562.795,indexer,757300
2118014.625,indexer,757400
2118537.200,indexer,757500
2118928.741,indexer,757600
2119285.653,indexer,757700
2119610.468,indexer,757800
2119968.539,indexer,757900
2121296.988,indexer,758000
2122425.296,indexer,758100
2123448.062,indexer,758200
2124420.019,indexer,758300
2125287.473,indexer,758400
2126598.756,indexer,758500
2127539.889,indexer,758600
2128641.963,indexer,758700
2129289.655,indexer,758800
2130133.717,indexer,758900
2131219.327,indexer,759000
2131940.219,indexer,759100
2133049.641,indexer,759200
2133777.032,indexer,759300
2134370.585,indexer,759400
2134891.892,indexer,759500
2136190.577,indexer,759600
2136816.553,indexer,759700
2137326.232,indexer,759800
2137817.047,indexer,759900
2138257.044,indexer,760000
2138801.657,indexer,760100
2139365.681,indexer,760200
2140246.883,indexer,760300
2140882.150,indexer,760400
2141503.623,indexer,760500
2142163.868,indexer,760600
2142660.031,indexer,760700
2143059.212,indexer,760800
2143503.736,indexer,760900
2143965.583,indexer,761000
2144439.989,indexer,761100
2145807.368,indexer,761200
2146387.456,indexer,761300
2146914.777,indexer,761400
2147513.839,indexer,761500
2147989.415,indexer,761600
2148489.911,indexer,761700
2149053.654,indexer,761800
2149458.352,indexer,761900
2149860.650,indexer,762000
2150298.328,indexer,762100
2150839.342,indexer,762200
2151330.131,indexer,762300
2151922.323,indexer,762400
2152845.213,indexer,762500
2153424.898,indexer,762600
2154822.422,indexer,762700
2155532.577,indexer,762800
2156138.990,indexer,762900
2156871.611,indexer,763000
2157524.988,indexer,763100
2158269.654,indexer,763200
2158979.784,indexer,763300
2159646.126,indexer,763400
2160237.519,indexer,763500
2160764.570,indexer,763600
2161517.489,indexer,763700
2162575.350,indexer,763800
2163167.331,indexer,763900
2163774.640,indexer,764000
2165783.850,indexer,764100
2166904.627,indexer,764200
2169877.500,indexer,764300
2171071.768,indexer,764400
2172329.748,indexer,764500
2173333.196,indexer,764600
2174204.612,indexer,764700
2175138.804,indexer,764800
2175757.607,indexer,764900
2176605.241,indexer,765000
2177305.993,indexer,765100
2177819.666,indexer,765200
2178315.758,indexer,765300
2178937.281,indexer,765400
2180310.329,indexer,765500
2181048.117,indexer,765600
2181840.578,indexer,765700
2182671.236,indexer,765800
2183214.407,indexer,765900
2183824.306,indexer,766000
2184420.401,indexer,766100
2185033.402,indexer,766200
2185515.793,indexer,766300
2185927.600,indexer,766400
2186353.366,indexer,766500
2186834.805,indexer,766600
2187465.370,indexer,766700
2188016.273,indexer,766800
2188604.627,indexer,766900
2189100.797,indexer,767000
2190199.194,indexer,767100
2190693.427,indexer,767200
2191151.450,indexer,767300
2191607.487,indexer,767400
2192139.129,indexer,767500
2192620.592,indexer,767600
2193068.992,indexer,767700
2193579.266,indexer,767800
2194137.840,indexer,767900
2194655.866,indexer,768000
2195115.561,indexer,768100
2195606.488,indexer,768200
2196108.585,indexer,768300
2196552.886,indexer,768400
2197058.843,indexer,768500
2198164.708,indexer,768600
2198856.633,indexer,768700
2199559.049,indexer,768800
2199993.787,indexer,768900
2200362.694,indexer,769000
2200886.964,indexer,769100
2201401.889,indexer,769200
2201997.478,indexer,769300
2202462.622,indexer,769400
2202924.175,indexer,769500
2203587.119,indexer,769600
2204001.601,indexer,769700
2204468.347,indexer,769800
2204795.755,indexer,769900
2205185.970,indexer,770000
2205661.980,indexer,770100
2207036.517,indexer,770200
2207777.624,indexer,770300
2209062.306,indexer,770400
2210162.182,indexer,770500
2211537.037,indexer,770600
2212346.487,indexer,770700
2213136.110,indexer,770800
2213911.994,indexer,770900
2214466.027,indexer,771000
2215230.521,indexer,771100
2216317.831,indexer,771200
2217076.450,indexer,771300
2217765.578,indexer,771400
2218558.472,indexer,771500
2219256.378,indexer,771600
2220322.749,indexer,771700
2221999.779,indexer,771800
2222800.336,indexer,771900
2223407.908,indexer,772000
2223957.470,indexer,772100
2224488.931,indexer,772200
2225452.427,indexer,772300
2226085.769,indexer,772400
2226861.214,indexer,772500
2227619.819,indexer,772600
2228217.619,indexer,772700
2228842.540,indexer,772800
2229503.825,indexer,772900
2230227.351,indexer,773000
2230886.998,indexer,773100
2231416.131,indexer,773200
2232529.904,indexer,773300
2233005.013,indexer,773400
2233480.032,indexer,773500
2233923.099,indexer,773600
2234320.989,indexer,773700
2234783.543,indexer,773800
2235211.817,indexer,773900
2235621.585,indexer,774000
2235996.663,indexer,774100
2236341.576,indexer,774200
2236929.538,indexer,774300
2237886.073,indexer,774400
2238536.328,indexer,774500
2239178.704,indexer,774600
2239781.583,indexer,774700
2241000.886,indexer,774800
2241660.738,indexer,774900
2242251.124,indexer,775000
2242743.436,indexer,775100
2243175.539,indexer,775200
2243658.580,indexer,775300
2244163.358,indexer,775400
2244930.670,indexer,775500
2245711.205,indexer,775600
2246272.807,indexer,775700
2246815.965,indexer,775800
2247276.215,indexer,775900
2247779.145,indexer,776000
2248303.805,indexer,776100
2248876.623,indexer,776200
2250637.809,indexer,776300
2251744.234,indexer,776400
2252745.049,indexer,776500
2253862.387,indexer,776600
2254909.340,indexer,776700
2255898.164,indexer,776800
2256971.983,indexer,776900
2257946.031,indexer,777000
2258994.183,indexer,777100
2259801.210,indexer,777200
2260611.883,indexer,777300
2261575.779,indexer,777400
2262275.944,indexer,777500
2262927.060,indexer,777600
2263499.881,indexer,777700
2264035.115,indexer,777800
2265293.577,indexer,777900
2265897.237,indexer,778000
2266447.786,indexer,778100
2267082.150,indexer,778200
2267941.584,indexer,778300
2268995.754,indexer,778400
2269635.605,indexer,778500
2270334.227,indexer,778600
2271103.775,indexer,778700
2271728.605,indexer,778800
2272279.180,indexer,778900
2272782.528,indexer,779000
2273279.281,indexer,779100
2273810.138,indexer,779200
2274905.996,indexer,779300
2275353.583,indexer,779400
2275882.298,indexer,779500
2276741.185,indexer,779600
2277459.332,indexer,779700
2278021.512,indexer,779800
2278549.972,indexer,779900
2279162.950,indexer,780000
2279761.057,indexer,780100
2280420.752,indexer,780200
2281073.381,indexer,780300
2281650.504,indexer,780400
2282139.892,indexer,780500
2283051.725,indexer,780600
2283842.912,indexer,780700
2285652.571,indexer,780800
2286586.418,indexer,780900
2287368.263,indexer,781000
2288072.832,indexer,781100
2288788.669,indexer,781200
2289485.878,indexer,781300
2290112.882,indexer,781400
2290616.422,indexer,781500
2291236.074,indexer,781600
2292029.489,indexer,781700
2292772.785,indexer,781800
2293298.718,indexer,781900
2293786.493,indexer,782000
2294311.375,indexer,782100
2294748.982,indexer,782200
2296641.056,indexer,782300
2297740.908,indexer,782400
2299148.046,indexer,782500
2300298.722,indexer,782600
2301309.438,indexer,782700
2302477.080,indexer,782800
2305148.054,indexer,782900
2306148.258,indexer,783000
2307423.096,indexer,783100
2308257.758,indexer,783200
2308882.723,indexer,783300
2309592.190,indexer,783400
2310167.743,indexer,783500
2310754.691,indexer,783600
2311370.300,indexer,783700
2312797.744,indexer,783800
2313629.463,indexer,783900
2314512.826,indexer,784000
2315334.755,indexer,784100
2315972.858,indexer,784200
2316722.896,indexer,784300
2317380.031,indexer,784400
2318020.811,indexer,784500
2318581.413,indexer,784600
2319204.135,indexer,784700
2319746.196,indexer,784800
2320372.489,indexer,784900
2320983.457,indexer,785000
2322269.046,indexer,785100
2322840.489,indexer,785200
2323557.522,indexer,785300
2324666.483,indexer,785400
2325424.014,indexer,785500
2326009.715,indexer,785600
2326595.676,indexer,785700
2327182.760,indexer,785800
2327781.760,indexer,785900
2328331.208,indexer,786000
2328933.410,indexer,786100
2329570.304,indexer,786200
2330150.331,indexer,786300
2330672.741,indexer,786400
2332078.276,indexer,786500
2332648.033,indexer,786600
2333692.312,indexer,786700
2334488.429,indexer,786800
2335230.852,indexer,786900
2336008.256,indexer,787000
2336663.870,indexer,787100
2337318.614,indexer,787200
2337923.237,indexer,787300
2338467.788,indexer,787400
2338992.083,indexer,787500
2339509.424,indexer,787600
2341008.110,indexer,787700
2341799.033,indexer,787800
2342614.129,indexer,787900
2343998.705,indexer,788000
2345048.031,indexer,788100
2346053.275,indexer,788200
2346883.230,indexer,788300
2347977.927,indexer,788400
2348674.671,indexer,788500
2349309.918,indexer,788600
2349896.798,indexer,788700
2352060.701,indexer,788800
2353312.693,indexer,788900
2354293.835,indexer,789000
2355364.306,indexer,789100
2356173.621,indexer,789200
2356995.137,indexer,789300
2357732.572,indexer,789400
2358452.907,indexer,789500
2359043.414,indexer,789600
2359521.482,indexer,789700
2360040.805,indexer,789800
2361453.888,indexer,789900
2362024.636,indexer,790000
2362586.975,indexer,790100
2363272.690,indexer,790200
2363971.004,indexer,790300
2364607.491,indexer,790400
2365181.144,indexer,790500
2365753.783,indexer,790600
2366277.547,indexer,790700
2366766.102,indexer,790800
2367515.554,indexer,790900
2369615.566,indexer,791000
2370560.128,indexer,791100
2371370.478,indexer,791200
2372140.133,indexer,791300
2372925.399,indexer,791400
2373672.119,indexer,791500
2374393.205,indexer,791600
2374966.088,indexer,791700
2375522.754,indexer,791800
2376139.735,indexer,791900
2376800.234,indexer,792000
2377606.181,indexer,792100
2379889.365,indexer,792200
2381338.827,indexer,792300
2383014.653,indexer,792400
2384240.301,indexer,792500
2385163.096,indexer,792600
2385945.121,indexer,792700
2386710.339,indexer,792800
2387605.497,indexer,792900
2388678.521,indexer,793000
2389631.426,indexer,793100
2390899.445,indexer,793200
2391904.124,indexer,793300
2393893.010,indexer,793400
2394888.126,indexer,793500
2395796.672,indexer,793600
2396619.435,indexer,793700
2397344.643,indexer,793800
2397960.966,indexer,793900
2398591.140,indexer,794000
2399320.918,indexer,794100
2400061.710,indexer,794200
2400711.008,indexer,794300
2401417.661,indexer,794400
2402250.364,indexer,794500
2402899.450,indexer,794600
2404776.543,indexer,794700
2405418.100,indexer,794800
2406040.743,indexer,794900
2406592.236,indexer,795000
2407249.348,indexer,795100
2407851.364,indexer,795200
2408495.270,indexer,795300
2409163.544,indexer,795400
2410121.179,indexer,795500
2410968.517,indexer,795600
2411891.763,indexer,795700
2412530.270,indexer,795800
2414115.263,indexer,795900
2414943.743,indexer,796000
2415751.479,indexer,796100
2416657.763,indexer,796200
2417482.293,indexer,796300
2418191.054,indexer,796400
2418894.908,indexer,796500
2419850.088,indexer,796600
2421103.512,indexer,796700
2422110.085,indexer,796800
2422796.341,indexer,796900
2423532.182,indexer,797000
2426156.831,indexer,797100
2427768.757,indexer,797200
2428997.955,indexer,797300
2430338.757,indexer,797400
2431640.415,indexer,797500
2432509.440,indexer,797600
2435207.500,indexer,797700
2436215.424,indexer,797800
2437040.408,indexer,797900
2437974.495,indexer,798000
2438880.954,indexer,798100
2439736.062,indexer,798200
2441683.387,indexer,798300
2442751.616,indexer,798400
2443571.936,indexer,798500
2444509.256,indexer,798600
2445351.974,indexer,798700
2446096.776,indexer,798800
2446816.656,indexer,798900
2447683.193,indexer,799000
2448817.362,indexer,799100
2449646.877,indexer,799200
2450381.198,indexer,799300
2452025.043,indexer,799400
2452863.136,indexer,799500
2453870.185,indexer,799600
2454628.671,indexer,799700
2455303.081,indexer,799800
2455846.714,indexer,799900
2456452.427,indexer,800000
2457030.257,indexer,800100
2457670.554,indexer,800200
2458345.875,indexer,800300
2459065.794,indexer,800400
2460576.681,indexer,800500
2461319.636,indexer,800600
2462125.379,indexer,800700
2462772.413,indexer,800800
2463459.372,indexer,800900
2464293.163,indexer,801000
2465292.943,indexer,801100
2466028.218,indexer,801200
2466834.253,indexer,801300
2467720.662,indexer,801400
2468372.560,indexer,801500
2470298.305,indexer,801600
2471493.732,indexer,801700
2472872.091,indexer,801800
2473980.501,indexer,801900
2475193.520,indexer,802000
2476906.965,indexer,802100
2478195.751,indexer,802200
2479279.251,indexer,802300
2480099.622,indexer,802400
2480910.219,indexer,802500
2481759.069,indexer,802600
2483655.874,indexer,802700
2484664.179,indexer,802800
2485694.799,indexer,802900
2486465.980,indexer,803000
2487487.200,indexer,803100
2488855.589,indexer,803200
2489901.801,indexer,803300
2490936.201,indexer,803400
2491758.175,indexer,803500
2492461.592,indexer,803600
2493227.930,indexer,803700
2494868.767,indexer,803800
2495550.959,indexer,803900
2496189.297,indexer,804000
2496767.972,indexer,804100
2497381.592,indexer,804200
2498043.753,indexer,804300
2498761.563,indexer,804400
2499709.798,indexer,804500
2500772.503,indexer,804600
2501613.455,indexer,804700
2502350.748,indexer,804800
2504007.702,indexer,804900
2504815.826,indexer,805000
2505563.555,indexer,805100
2506441.325,indexer,805200
2507143.616,indexer,805300
2507991.791,indexer,805400
2508847.622,indexer,805500
2509787.197,indexer,805600
2510441.939,indexer,805700
2511379.243,indexer,805800
2512520.775,indexer,805900
2514703.967,indexer,806000
2515879.263,indexer,806100
2517025.915,indexer,806200
2518505.613,indexer,806300
2519878.555,indexer,806400
2520960.744,indexer,806500
2522131.025,indexer,806600
2522990.827,indexer,806700
2524010.268,indexer,806800
2524883.672,indexer,806900
2525904.699,indexer,807000
2528039.952,indexer,807100
2528931.607,indexer,807200
2529752.253,indexer,807300
2530662.684,indexer,807400
2531426.953,indexer,807500
2532274.056,indexer,807600
2532995.101,indexer,807700
2533579.562,indexer,807800
2534260.484,indexer,807900
2535128.943,indexer,808000
2536047.232,indexer,808100
2537848.465,indexer,808200
2538602.140,indexer,808300
2539425.644,indexer,808400
2540190.726,indexer,808500
2540968.915,indexer,808600
2541796.123,indexer,808700
2542527.951,indexer,808800
2543234.182,indexer,808900
2543879.182,indexer,809000
2544568.512,indexer,809100
2546212.702,indexer,809200
2547226.270,indexer,809300
2547990.006,indexer,809400
2548728.030,indexer,809500
2549329.910,indexer,809600
2549944.350,indexer,809700
2550706.226,indexer,809800
2551363.887,indexer,809900
2552084.352,indexer,810000
2552757.683,indexer,810100
2553463.536,indexer,810200
2554124.381,indexer,810300
2554828.183,indexer,810400
2557782.336,indexer,810500
2559474.353,indexer,810600
2561024.592,indexer,810700
2562309.700,indexer,810800
2563257.573,indexer,810900
2564273.411,indexer,811000
2565333.220,indexer,811100
2566550.814,indexer,811200
2567397.346,indexer,811300
2568294.323,indexer,811400
2569106.881,indexer,811500
2569922.787,indexer,811600
2570521.721,indexer,811700
2572174.263,indexer,811800
2572910.734,indexer,811900
2573695.064,indexer,812000
2574621.531,indexer,812100
2575500.513,indexer,812200
2576451.446,indexer,812300
2577335.745,indexer,812400
2578078.005,indexer,812500
2578818.007,indexer,812600
2579399.273,indexer,812700
2580124.299,indexer,812800
2580813.496,indexer,812900
2581448.323,indexer,813000
2584851.235,indexer,813100
2585604.318,indexer,813200
2586248.049,indexer,813300
2586928.186,indexer,813400
2587660.472,indexer,813500
2588361.923,indexer,813600
2589184.302,indexer,813700
2589886.753,indexer,813800
2590562.943,indexer,813900
2591270.605,indexer,814000
2592376.711,indexer,814100
2593637.748,indexer,814200
2595335.740,indexer,814300
2596252.605,indexer,814400
2597168.084,indexer,814500
2598063.185,indexer,814600
2598962.847,indexer,814700
2599711.113,indexer,814800
2600561.854,indexer,814900
2601330.324,indexer,815000
2602014.357,indexer,815100
2602811.360,indexer,815200
2603520.048,indexer,815300
2605325.860,indexer,815400
2606665.653,indexer,815500
2608029.891,indexer,815600
2609240.821,indexer,815700
2610599.348,indexer,815800
2612163.205,indexer,815900
2613441.921,indexer,816000
2614574.865,indexer,816100
2615472.787,indexer,816200
2616208.612,indexer,816300
2618150.406,indexer,816400
2619053.521,indexer,816500
2619868.098,indexer,816600
2620863.433,indexer,816700
2621887.401,indexer,816800
2622658.102,indexer,816900
2623549.729,indexer,817000
2624241.262,indexer,817100
2624895.804,indexer,817200
2625672.663,indexer,817300
2627303.861,indexer,817400
2628065.410,indexer,817500
2628942.230,indexer,817600
2629663.441,indexer,817700
2630356.046,indexer,817800
2631104.062,indexer,817900
2631914.138,indexer,818000
2632588.910,indexer,818100
2633378.559,indexer,818200
2634119.290,indexer,818300
2635907.073,indexer,818400
2637055.762,indexer,818500
2637969.812,indexer,818600
2638879.666,indexer,818700
2639761.786,indexer,818800
2640580.287,indexer,818900
2641279.930,indexer,819000
2642120.306,indexer,819100
2642991.574,indexer,819200
2643724.155,indexer,819300
2644559.042,indexer,819400
2647390.080,indexer,819500
2648966.909,indexer,819600
2650276.284,indexer,819700
2651822.774,indexer,819800
2653026.762,indexer,819900
2654398.193,indexer,820000
2655607.335,indexer,820100
2656765.889,indexer,820200
2657737.925,indexer,820300
2658675.593,indexer,820400
2661041.884,indexer,820500
2661982.365,indexer,820600
2663051.409,indexer,820700
2664123.329,indexer,820800
2665070.149,indexer,820900
2666022.007,indexer,821000
2666782.816,indexer,821100
2667694.999,indexer,821200
2668790.587,indexer,821300
2669681.668,indexer,821400
2671389.209,indexer,821500
2672115.576,indexer,821600
2672832.882,indexer,821700
2673485.692,indexer,821800
2674175.688,indexer,821900
2674844.469,indexer,822000
2675507.297,indexer,822100
2676544.480,indexer,822200
2677711.582,indexer,822300
2678698.852,indexer,822400
2680850.377,indexer,822500
2682009.689,indexer,822600
2682864.273,indexer,822700
2683736.099,indexer,822800
2684569.813,indexer,822900
2685307.144,indexer,823000
2686101.926,indexer,823100
2686817.961,indexer,823200
2687590.040,indexer,823300
2688415.870,indexer,823400
2691469.616,indexer,823500
2693368.368,indexer,823600
2694585.262,indexer,823700
2695749.542,indexer,823800
2697071.850,indexer,823900
2698519.409,indexer,824000
2699612.445,indexer,824100
2700762.410,indexer,824200
2701768.415,indexer,824300
2702838.199,indexer,824400
2703869.893,indexer,824500
2706250.364,indexer,824600
2707193.408,indexer,824700
2708169.923,indexer,824800
2709581.928,indexer,824900
2710772.379,indexer,825000
2711946.485,indexer,825100
2712957.600,indexer,825200
2713722.514,indexer,825300
2714554.205,indexer,825400
2715386.882,indexer,825500
2716127.420,indexer,825600
2716815.042,indexer,825700
2718542.753,indexer,825800
2719662.725,indexer,825900
2720815.461,indexer,826000
2721930.720,indexer,826100
2723060.799,indexer,826200
2724042.685,indexer,826300
2724940.668,indexer,826400
2725816.729,indexer,826500
2726547.405,indexer,826600
2727212.752,indexer,826700
2728974.127,indexer,826800
2730124.078,indexer,826900
2731021.552,indexer,827000
2731912.547,indexer,827100
2733010.810,indexer,827200
2733941.504,indexer,827300
2734831.644,indexer,827400
2735601.676,indexer,827500
2736452.681,indexer,827600
2737237.285,indexer,827700
2737928.972,indexer,827800
2738558.882,indexer,827900
2741095.692,indexer,828000
2742684.667,indexer,828100
2745994.284,indexer,828200
2747130.191,indexer,828300
2748185.941,indexer,828400
2749363.843,indexer,828500
2750313.001,indexer,828600
2751144.678,indexer,828700
2751968.244,indexer,828800
2752773.906,indexer,828900
2753634.184,indexer,829000
2754366.792,indexer,829100
2756460.805,indexer,829200
2757393.882,indexer,829300
2758248.502,indexer,829400
2758994.971,indexer,829500
2759970.489,indexer,829600
2760770.255,indexer,829700
2761561.071,indexer,829800
2762401.384,indexer,829900
2763291.442,indexer,830000
2763989.584,indexer,830100
2764795.588,indexer,830200
2765590.778,indexer,830300
2766587.860,indexer,830400
2768718.771,indexer,830500
2769666.016,indexer,830600
2770560.053,indexer,830700
2771391.129,indexer,830800
2772264.301,indexer,830900
2772990.178,indexer,831000
2773794.894,indexer,831100
2774569.765,indexer,831200
2775467.123,indexer,831300
2776850.517,indexer,831400
2777809.303,indexer,831500
2778819.915,indexer,831600
2780968.768,indexer,831700
2781988.133,indexer,831800
2782914.677,indexer,831900
2783886.556,indexer,832000
2784848.938,indexer,832100
2785817.546,indexer,832200
2786823.342,indexer,832300
2787684.055,indexer,832400
2788834.572,indexer,832500
2789835.831,indexer,832600
2790693.091,indexer,832700
2791501.537,indexer,832800
2794320.490,indexer,832900
2795753.305,indexer,833000
2797448.219,indexer,833100
2799339.576,indexer,833200
2801215.722,indexer,833300
2802573.355,indexer,833400
2803756.308,indexer,833500
2804728.881,indexer,833600
2805582.177,indexer,833700
2806510.122,indexer,833800
2807200.254,indexer,833900
2807921.580,indexer,834000
2810138.011,indexer,834100
2811103.251,indexer,834200
2812224.899,indexer,834300
2813603.850,indexer,834400
2814723.291,indexer,834500
2815967.900,indexer,834600
2816961.563,indexer,834700
2817942.341,indexer,834800
2818820.222,indexer,834900
2819639.310,indexer,835000
2820408.746,indexer,835100
2821251.304,indexer,835200
2823614.637,indexer,835300
2824744.898,indexer,835400
2825466.809,indexer,835500
2826423.120,indexer,835600
2827260.168,indexer,835700
2827910.233,indexer,835800
2828899.397,indexer,835900
2829758.605,indexer,836000
2830502.374,indexer,836100
2831311.186,indexer,836200
2832177.033,indexer,836300
2833048.136,indexer,836400
2834980.389,indexer,836500
2836033.086,indexer,836600
2836929.341,indexer,836700
2837799.352,indexer,836800
2838563.389,indexer,836900
2839286.391,indexer,837000
2840387.751,indexer,837100
2841817.541,indexer,837200
2843118.650,indexer,837300
2844217.460,indexer,837400
2845316.796,indexer,837500
2846427.543,indexer,837600
2849984.830,indexer,837700
2852413.140,indexer,837800
2854106.935,indexer,837900
2855614.887,indexer,838000
2856949.369,indexer,838100
2858049.967,indexer,838200
2859176.785,indexer,838300
2860261.647,indexer,838400
2861761.365,indexer,838500
2862943.424,indexer,838600
2863777.870,indexer,838700
2865930.256,indexer,838800
2867019.463,indexer,838900
2867915.858,indexer,839000
2868991.036,indexer,839100
2869932.890,indexer,839200
2870965.038,indexer,839300
2871943.829,indexer,839400
2872922.660,indexer,839500
2873690.017,indexer,839600
2874470.224,indexer,839700
2875422.304,indexer,839800
2877303.305,indexer,839900
2878440.046,indexer,840000
2879158.899,indexer,840100
2879855.546,indexer,840200
2880545.491,indexer,840300
2881208.800,indexer,840400
2881749.320,indexer,840500
2882297.094,indexer,840600
2883388.455,indexer,840700
2885100.635,indexer,840800
2886215.249,indexer,840900
2887230.405,indexer,841000
2888277.478,indexer,841100
2889018.642,indexer,841200
2889770.497,indexer,841300
2890702.564,indexer,841400
2891757.949,indexer,841500
2892566.214,indexer,841600
2893403.415,indexer,841700
2895976.773,indexer,841800
2897321.158,indexer,841900
2898778.476,indexer,842000
2899772.813,indexer,842100
2900724.651,indexer,842200
2901797.267,indexer,842300
2903387.702,indexer,842400
2904952.624,indexer,842500
2907935.542,indexer,842600
2909016.299,indexer,842700
2910798.831,indexer,842800
2911690.081,indexer,842900
2912358.568,indexer,843000
2913348.308,indexer,843100
2914066.015,indexer,843200
2914985.998,indexer,843300
2915820.074,indexer,843400
2916649.060,indexer,843500
2917408.401,indexer,843600
2918264.405,indexer,843700
2919718.586,indexer,843800
2920637.249,indexer,843900
2921681.585,indexer,844000
2922610.743,indexer,844100
2923314.559,indexer,844200
2924061.246,indexer,844300
2924814.380,indexer,844400
2925475.240,indexer,844500
2926182.473,indexer,844600
2927080.076,indexer,844700
2928756.669,indexer,844800
2929573.283,indexer,844900
2930448.375,indexer,845000
2931202.157,indexer,845100
2931851.017,indexer,845200
2932575.942,indexer,845300
2933194.778,indexer,845400
2933867.980,indexer,845500
2934583.180,indexer,845600
2936242.997,indexer,845700
2937344.004,indexer,845800
2938524.647,indexer,845900
2939792.751,indexer,846000
2941089.538,indexer,846100
2942158.185,indexer,846200
2943243.688,indexer,846300
2944162.834,indexer,846400
2944995.517,indexer,846500
2946912.228,indexer,846600
2948169.868,indexer,846700
2949108.796,indexer,846800
2950211.385,indexer,846900
2951044.105,indexer,847000
2952619.977,indexer,847100
2953770.453,indexer,847200
2954433.742,indexer,847300
2955176.364,indexer,847400
2955926.587,indexer,847500
2957485.687,indexer,847600
2958490.572,indexer,847700
2959338.226,indexer,847800
2960051.563,indexer,847900
2960910.986,indexer,848000
2961720.630,indexer,848100
2962433.153,indexer,848200
2963082.994,indexer,848300
2964529.166,indexer,848400
2965596.737,indexer,848500
2967367.454,indexer,848600
2968178.663,indexer,848700
2969027.347,indexer,848800
2969766.666,indexer,848900
2970556.125,indexer,849000
2971288.009,indexer,849100
2972097.665,indexer,849200
2972920.274,indexer,849300
2973725.785,indexer,849400
2975549.228,indexer,849500
2977249.554,indexer,849600
2979244.602,indexer,849700
2980491.804,indexer,849800
2981637.310,indexer,849900
2982896.328,indexer,850000
2983995.210,indexer,850100
2984985.460,indexer,850200
2986320.279,indexer,850300
2988924.368,indexer,850400
2990053.194,indexer,850500
2991248.106,indexer,850600
2992225.530,indexer,850700
2993286.495,indexer,850800
2994463.278,indexer,850900
2995572.160,indexer,851000
2996395.546,indexer,851100
2997136.864,indexer,851200
2999079.805,indexer,851300
2999878.073,indexer,851400
3000907.130,indexer,851500
3001658.683,indexer,851600
3002341.879,indexer,851700
3003036.232,indexer,851800
3003952.548,indexer,851900
3004918.106,indexer,852000
3005716.089,indexer,852100
3007851.377,indexer,852200
3008915.660,indexer,852300
3009862.429,indexer,852400
3010889.291,indexer,852500
3011734.038,indexer,852600
3012743.520,indexer,852700
3013586.275,indexer,852800
3014296.662,indexer,852900
3015003.946,indexer,853000
3015618.291,indexer,853100
3017414.961,indexer,853200
3018898.407,indexer,853300
3020476.865,indexer,853400
3021552.494,indexer,853500
3022974.041,indexer,853600
3024200.555,indexer,853700
3025317.469,indexer,853800
3026693.458,indexer,853900
3028289.660,indexer,854000
3031592.270,indexer,854100
3033045.930,indexer,854200
3034006.467,indexer,854300
3034637.962,indexer,854400
3035367.313,indexer,854500
3036008.205,indexer,854600
3036741.855,indexer,854700
3037337.769,indexer,854800
3038061.020,indexer,854900
3039677.024,indexer,855000
3040675.396,indexer,855100
3041739.256,indexer,855200
3042388.593,indexer,855300
3043153.364,indexer,855400
3044010.911,indexer,855500
3045036.159,indexer,855600
3045769.643,indexer,855700
3046548.450,indexer,855800
3047238.230,indexer,855900
3048815.336,indexer,856000
3049717.390,indexer,856100
3050426.591,indexer,856200
3051321.781,indexer,856300
3052132.718,indexer,856400
3053172.437,indexer,856500
3054066.404,indexer,856600
3054822.457,indexer,856700
3055649.315,indexer,856800
3056381.024,indexer,856900
3060009.752,indexer,857000
3061319.076,indexer,857100
3062547.101,indexer,857200
3063874.569,indexer,857300
3065071.141,indexer,857400
3066210.191,indexer,857500
3067132.937,indexer,857600
3068203.733,indexer,857700
3069277.111,indexer,857800
3071037.518,indexer,857900
3072070.328,indexer,858000
3072979.665,indexer,858100
3073935.296,indexer,858200
3074750.258,indexer,858300
3075457.295,indexer,858400
3076170.755,indexer,858500
3076864.390,indexer,858600
3077667.994,indexer,858700
3079247.420,indexer,858800
3080132.968,indexer,858900
3081067.527,indexer,859000
3081880.054,indexer,859100
3082955.758,indexer,859200
3083843.830,indexer,859300
3084708.761,indexer,859400
3085459.863,indexer,859500
3086260.762,indexer,859600
3087672.761,indexer,859700
3088409.122,indexer,859800
3089167.777,indexer,859900
3089761.735,indexer,860000
3090671.010,indexer,860100
3091363.333,indexer,860200
3091945.375,indexer,860300
3092692.848,indexer,860400
3093356.951,indexer,860500
3095306.877,indexer,860600
3096575.456,indexer,860700
3098164.214,indexer,860800
3099502.259,indexer,860900
3101182.755,indexer,861000
3102942.659,indexer,861100
3103926.134,indexer,861200
3105062.425,indexer,861300
3106269.367,indexer,861400
3107233.814,indexer,861500
3109257.444,indexer,861600
3109977.523,indexer,861700
3110815.499,indexer,861800
3111685.091,indexer,861900
3112451.692,indexer,862000
3113543.487,indexer,862100
3114454.378,indexer,862200
3115186.492,indexer,862300
3115953.968,indexer,862400
3116749.161,indexer,862500
3118800.375,indexer,862600
3119828.595,indexer,862700
3121004.822,indexer,862800
3121963.953,indexer,862900
3122798.990,indexer,863000
3123706.515,indexer,863100
3124499.539,indexer,863200
3125274.786,indexer,863300
3126028.515,indexer,863400
3126698.089,indexer,863500
3128211.893,indexer,863600
3129243.740,indexer,863700
3130352.900,indexer,863800
3131166.791,indexer,863900
3132157.466,indexer,864000
3133174.437,indexer,864100
3133999.934,indexer,864200
3134671.135,indexer,864300
3135250.321,indexer,864400
3135853.732,indexer,864500
3138242.610,indexer,864600
3139465.169,indexer,864700
3140856.883,indexer,864800
3142204.358,indexer,864900
3143344.600,indexer,865000
3144660.870,indexer,865100
3146625.520,indexer,865200
3147693.457,indexer,865300
3148554.564,indexer,865400
3150674.814,indexer,865500
3151706.208,indexer,865600
3152582.278,indexer,865700
3153571.081,indexer,865800
3154273.977,indexer,865900
3154944.145,indexer,866000
3155633.543,indexer,866100
3156398.681,indexer,866200
3157072.612,indexer,866300
3158446.113,indexer,866400
3159175.500,indexer,866500
3159878.850,indexer,866600
3160762.746,indexer,866700
3161530.385,indexer,866800
3162415.297,indexer,866900
3163044.149,indexer,867000
3163887.179,indexer,867100
3164869.334,indexer,867200
3166746.443,indexer,867300
3167795.599,indexer,867400
3168845.293,indexer,867500
3169593.437,indexer,867600
3170599.802,indexer,867700
3171570.774,indexer,867800
3172285.824,indexer,867900
3173183.023,indexer,868000
3173932.084,indexer,868100
3174703.373,indexer,868200
3177099.537,indexer,868300
3179596.132,indexer,868400
3181203.885,indexer,868500
3182260.519,indexer,868600
3183666.932,indexer,868700
3185215.756,indexer,868800
3186730.707,indexer,868900
3190177.391,indexer,869000
3191548.490,indexer,869100
3192784.822,indexer,869200
3194947.864,indexer,869300
3195958.941,indexer,869400
3196948.115,indexer,869500
3197753.663,indexer,869600
3198578.406,indexer,869700
3199521.011,indexer,869800
3200496.404,indexer,869900
3201489.027,indexer,870000
3202332.575,indexer,870100
3203284.606,indexer,870200
3205135.874,indexer,870300
3206697.212,indexer,870400
3207678.033,indexer,870500
3208570.020,indexer,870600
3209557.985,indexer,870700
3210489.448,indexer,870800
3211432.620,indexer,870900
3212162.037,indexer,871000
3212955.015,indexer,871100
3213609.423,indexer,871200
3215331.253,indexer,871300
3216628.852,indexer,871400
3217524.827,indexer,871500
3218398.213,indexer,871600
3219194.894,indexer,871700
3220199.133,indexer,871800
3220974.327,indexer,871900
3222420.498,indexer,872000
3223265.562,indexer,872100
3224116.242,indexer,872200
3226716.930,indexer,872300
3228258.744,indexer,872400
3229967.839,indexer,872500
3231678.705,indexer,872600
3233229.857,indexer,872700
3234567.518,indexer,872800
3235600.039,indexer,872900
3237005.255,indexer,873000
3238126.356,indexer,873100
3239191.055,indexer,873200
3240424.610,indexer,873300
3242795.741,indexer,873400
3243713.301,indexer,873500
3244623.920,indexer,873600
3245343.297,indexer,873700
3246087.774,indexer,873800
3246871.669,indexer,873900
3247585.860,indexer,874000
3248363.028,indexer,874100
3249231.754,indexer,874200
3250080.923,indexer,874300
3250855.294,indexer,874400
3253321.877,indexer,874500
3254286.568,indexer,874600
3255179.090,indexer,874700
3256094.229,indexer,874800
3256916.329,indexer,874900
3258016.412,indexer,875000
3259066.038,indexer,875100
3259973.044,indexer,875200
3260651.723,indexer,875300
3261374.331,indexer,875400
3262145.090,indexer,875500
3264134.270,indexer,875600
3265031.460,indexer,875700
3265845.844,indexer,875800
3266674.733,indexer,875900
3267403.186,indexer,876000
3268130.054,indexer,876100
3268932.032,indexer,876200
3269641.454,indexer,876300
3270422.827,indexer,876400
3271164.514,indexer,876500
3271879.992,indexer,876600
3272686.328,indexer,876700
3273543.187,indexer,876800
3277286.237,indexer,876900
3279340.632,indexer,877000
3281540.996,indexer,877100
3283568.886,indexer,877200
3285047.118,indexer,877300
3286753.320,indexer,877400
3288491.900,indexer,877500
3289574.208,indexer,877600
3290473.670,indexer,877700
3291454.328,indexer,877800
3292302.484,indexer,877900
3293043.599,indexer,878000
3295459.403,indexer,878100
3296489.650,indexer,878200
3297554.060,indexer,878300
3298433.918,indexer,878400
3299287.749,indexer,878500
3300385.850,indexer,878600
3301116.146,indexer,878700
3302095.819,indexer,878800
3302916.075,indexer,878900
3303647.791,indexer,879000
3304469.570,indexer,879100
3305216.093,indexer,879200
3307498.872,indexer,879300
3308693.423,indexer,879400
3309828.203,indexer,879500
3310788.004,indexer,879600
3311868.833,indexer,879700
3313071.015,indexer,879800
3314172.728,indexer,879900
3315193.262,indexer,880000
3316228.300,indexer,880100
3317018.608,indexer,880200
3318065.455,indexer,880300
3319074.154,indexer,880400
3321197.695,indexer,880500
3322201.204,indexer,880600
3323058.089,indexer,880700
3323929.181,indexer,880800
3325076.993,indexer,880900
3326027.787,indexer,881000
3326991.764,indexer,881100
3328191.514,indexer,881200
3329163.711,indexer,881300
3330241.139,indexer,881400
3331218.447,indexer,881500
3332052.294,indexer,881600
3335721.571,indexer,881700
3338494.816,indexer,881800
3340363.017,indexer,881900
3342562.082,indexer,882000
3344165.907,indexer,882100
3345549.921,indexer,882200
3348709.434,indexer,882300
3350081.861,indexer,882400
3351352.583,indexer,882500
3352296.775,indexer,882600
3353320.059,indexer,882700
3354028.328,indexer,882800
3356005.098,indexer,882900
3357077.185,indexer,883000
3358079.482,indexer,883100
3358923.653,indexer,883200
3359758.025,indexer,883300
3360555.667,indexer,883400
3361451.526,indexer,883500
3362436.848,indexer,883600
3363417.709,indexer,883700
3364508.719,indexer,883800
3365457.626,indexer,883900
3366148.275,indexer,884000
3368349.535,indexer,884100
3369756.169,indexer,884200
3370958.776,indexer,884300
3372055.722,indexer,884400
3373092.820,indexer,884500
3374121.723,indexer,884600
3374942.464,indexer,884700
3375845.908,indexer,884800
3376586.081,indexer,884900
3377232.013,indexer,885000
3377930.605,indexer,885100
3379663.433,indexer,885200
3380653.582,indexer,885300
3381389.425,indexer,885400
3382187.895,indexer,885500
3382894.233,indexer,885600
3383801.157,indexer,885700
3384823.296,indexer,885800
3385825.610,indexer,885900
3386598.947,indexer,886000
3387477.485,indexer,886100
3388329.781,indexer,886200
3389326.172,indexer,886300
3392441.500,indexer,886400
3394580.419,indexer,886500
3396412.450,indexer,886600
3398423.738,indexer,886700
3400231.417,indexer,886800
3401830.425,indexer,886900
3403356.081,indexer,887000
3404440.274,indexer,887100
3405300.183,indexer,887200
3406264.460,indexer,887300
3406935.061,indexer,887400
3407564.705,indexer,887500
3409373.299,indexer,887600
3410371.171,indexer,887700
3411157.615,indexer,887800
3411980.344,indexer,887900
3412786.888,indexer,888000
3413584.591,indexer,888100
3414371.623,indexer,888200
3415095.049,indexer,888300
3415744.695,indexer,888400
3416370.804,indexer,888500
3417379.818,indexer,888600
3419277.617,indexer,888700
3420634.098,indexer,888800
3421446.366,indexer,888900
3422127.247,indexer,889000
3422750.894,indexer,889100
3423535.568,indexer,889200
3424195.425,indexer,889300
3424873.480,indexer,889400
3425508.218,indexer,889500
3426237.441,indexer,889600
3426945.499,indexer,889700
3428579.602,indexer,889800
3429433.188,indexer,889900
3430203.238,indexer,890000
3430841.306,indexer,890100
3431434.102,indexer,890200
3432343.373,indexer,890300
3433007.818,indexer,890400
3433697.599,indexer,890500
3434448.712,indexer,890600
3435039.187,indexer,890700
3435684.508,indexer,890800
3436321.011,indexer,890900
3436862.344,indexer,891000
3439507.560,indexer,891100
3441314.681,indexer,891200
3443017.029,indexer,891300
3445497.504,indexer,891400
3446852.243,indexer,891500
3448548.170,indexer,891600
3449918.309,indexer,891700
3450873.341,indexer,891800
3451993.715,indexer,891900
3453161.895,indexer,892000
3453988.713,indexer,892100
3454698.422,indexer,892200
3455370.691,indexer,892300
3456108.727,indexer,892400
3457713.827,indexer,892500
3458720.312,indexer,892600
3459634.512,indexer,892700
3460296.156,indexer,892800
3461039.205,indexer,892900
3462085.586,indexer,893000
3462888.292,indexer,893100
3463438.423,indexer,893200
3464042.160,indexer,893300
3464653.015,indexer,893400
3466329.746,indexer,893500
3467496.487,indexer,893600
3468570.217,indexer,893700
3469763.324,indexer,893800
3471443.637,indexer,893900
3472579.296,indexer,894000
3473464.613,indexer,894100
3474157.093,indexer,894200
3475313.285,indexer,894300
3476256.875,indexer,894400
3477104.511,indexer,894500
3478787.220,indexer,894600
3479787.005,indexer,894700
3480783.832,indexer,894800
3481637.568,indexer,894900
3482616.441,indexer,895000
3483413.013,indexer,895100
3484127.942,indexer,895200
3484856.622,indexer,895300
3485517.094,indexer,895400
3486094.078,indexer,895500
3486811.192,indexer,895600
3487735.107,indexer,895700
3488714.853,indexer,895800
3492179.808,indexer,895900
3494088.574,indexer,896000
3496060.567,indexer,896100
3498442.095,indexer,896200
3500144.041,indexer,896300
3501475.378,indexer,896400
3504535.439,indexer,896500
3505591.282,indexer,896600
3506617.443,indexer,896700
3507532.626,indexer,896800
3508295.250,indexer,896900
3508956.306,indexer,897000
3510629.727,indexer,897100
3511349.126,indexer,897200
3512066.849,indexer,897300
3512786.758,indexer,897400
3513524.057,indexer,897500
3514400.459,indexer,897600
3515231.007,indexer,897700
3516141.763,indexer,897800
3517081.006,indexer,897900
3517820.414,indexer,898000
3518604.234,indexer,898100
3520172.573,indexer,898200
3520983.268,indexer,898300
3521969.534,indexer,898400
3522923.430,indexer,898500
3523602.650,indexer,898600
3524434.720,indexer,898700
3525293.136,indexer,898800
3525914.896,indexer,898900
3526570.253,indexer,899000
3527335.124,indexer,899100
3528062.650,indexer,899200
3528841.725,indexer,899300
3529725.840,indexer,899400
3531469.763,indexer,899500
3532326.022,indexer,899600
3533185.102,indexer,899700
3533935.807,indexer,899800
3534587.272,indexer,899900
3535366.697,indexer,900000
3536080.326,indexer,900100
3536641.600,indexer,900200
3537179.423,indexer,900300
3537828.898,indexer,900400
3538427.973,indexer,900500
3539106.663,indexer,900600
3539884.991,indexer,900700
3542145.159,indexer,900800
3543565.036,indexer,900900
3545245.829,indexer,901000
3546817.246,indexer,901100
3548300.283,indexer,901200
3549427.246,indexer,901300
3550772.202,indexer,901400
3552169.330,indexer,901500
3553480.266,indexer,901600
3554642.626,indexer,901700
3555422.685,indexer,901800
3556184.536,indexer,901900
3557105.159,indexer,902000
3558761.716,indexer,902100
3559484.028,indexer,902200
3560306.909,indexer,902300
3561035.111,indexer,902400
3561912.663,indexer,902500
3562824.341,indexer,902600
3563668.550,indexer,902700
3564420.160,indexer,902800
3565204.575,indexer,902900
3565907.690,indexer,903000
3566514.741,indexer,903100
3567251.605,indexer,903200
3568842.495,indexer,903300
3569886.683,indexer,903400
3570878.935,indexer,903500
3571981.071,indexer,903600
3572726.124,indexer,903700
3573508.316,indexer,903800
3574208.064,indexer,903900
3574817.334,indexer,904000
3575414.465,indexer,904100
3575928.318,indexer,904200
3576499.618,indexer,904300
3577042.842,indexer,904400
3577802.792,indexer,904500
3579305.837,indexer,904600
3580147.829,indexer,904700
3580834.819,indexer,904800
3581522.944,indexer,904900
3582392.350,indexer,905000
3583251.364,indexer,905100
3583951.921,indexer,905200
3584640.063,indexer,905300
3585260.213,indexer,905400
3585945.917,indexer,905500
3586626.762,indexer,905600
3587301.898,indexer,905700
3590237.421,indexer,905800
3592242.341,indexer,905900
3594337.429,indexer,906000
3596230.903,indexer,906100
3597859.483,indexer,906200
3599709.767,indexer,906300
3601160.337,indexer,906400
3602550.325,indexer,906500
3603675.563,indexer,906600
3604657.622,indexer,906700
3605793.845,indexer,906800
3606853.918,indexer,906900
3608691.480,indexer,907000
3609736.025,indexer,907100
3610487.943,indexer,907200
3611312.483,indexer,907300
3612315.045,indexer,907400
3613118.711,indexer,907500
3613917.566,indexer,907600
3614900.186,indexer,907700
3615774.255,indexer,907800
3616552.565,indexer,907900
3617358.286,indexer,908000
3619191.311,indexer,908100
3620395.545,indexer,908200
3621441.332,indexer,908300
3622150.225,indexer,908400
3622922.718,indexer,908500
3623638.288,indexer,908600
3624192.859,indexer,908700
3624982.300,indexer,908800
3625728.368,indexer,908900
3627082.572,indexer,909000
3628045.393,indexer,909100
3629066.933,indexer,909200
3631265.528,indexer,909300
3632160.763,indexer,909400
3632994.786,indexer,909500
3633946.529,indexer,909600
3634719.709,indexer,909700
3635648.467,indexer,909800
3636518.527,indexer,909900
3637206.545,indexer,910000
3637991.277,indexer,910100
3638713.411,indexer,910200
3639424.382,indexer,910300
3641543.662,indexer,910400
3643274.793,indexer,910500
3644600.828,indexer,910600
3646246.966,indexer,910700
3649346.664,indexer,910800
3650653.339,indexer,910900
3651655.436,indexer,911000
3652541.129,indexer,911100
3653470.396,indexer,911200
3655310.010,indexer,911300
3656478.065,indexer,911400
3658414.403,indexer,911500
3659621.936,indexer,911600
3660853.076,indexer,911700
3661725.167,indexer,911800
3662482.030,indexer,911900
3663376.465,indexer,912000
3664153.500,indexer,912100
3665124.849,indexer,912200
3665919.777,indexer,912300
3666541.314,indexer,912400
3667188.347,indexer,912500
3668616.925,indexer,912600
3669609.397,indexer,912700
3670702.164,indexer,912800
3671407.759,indexer,912900
3672346.941,indexer,913000
3673286.614,indexer,913100
3674053.699,indexer,913200
3674775.925,indexer,913300
3675393.256,indexer,913400
3675989.782,indexer,913500
3676594.203,indexer,913600
3677998.742,indexer,913700
3679028.193,indexer,913800
3679734.427,indexer,913900
3680387.395,indexer,914000
3681071.768,indexer,914100
3681747.043,indexer,914200
3682394.875,indexer,914300
3683159.150,indexer,914400
3683864.428,indexer,914500
3684635.804,indexer,914600
3685306.966,indexer,914700
3687463.504,indexer,914800
3689120.174,indexer,914900
3690282.781,indexer,915000
3691669.146,indexer,915100
3692865.790,indexer,915200
3693965.173,indexer,915300
3694930.799,indexer,915400
3695868.387,indexer,915500
3696784.554,indexer,915600
3697826.876,indexer,915700
3698802.307,indexer,915800
3699763.797,indexer,915900
3702100.445,indexer,916000
3702919.748,indexer,916100
3703546.401,indexer,916200
3704271.347,indexer,916300
3705016.009,indexer,916400
3705710.504,indexer,916500
3706400.932,indexer,916600
3706957.119,indexer,916700
3707492.109,indexer,916800
3708550.115,indexer,916900
3709426.136,indexer,917000
3711292.184,indexer,917100
3712204.710,indexer,917200
3713152.347,indexer,917300
3714008.281,indexer,917400
3714924.257,indexer,917500
3715874.475,indexer,917600
3716649.662,indexer,917700
3717429.421,indexer,917800
3718018.319,indexer,917900
3719116.544,indexer,918000
3720207.908,indexer,918100
3722390.164,indexer,918200
3723354.859,indexer,918300
3724233.336,indexer,918400
3725348.778,indexer,918500
3726354.808,indexer,918600
3727047.026,indexer,918700
3727889.615,indexer,918800
3728682.323,indexer,918900
3729325.594,indexer,919000
3730761.496,indexer,919100
3731812.227,indexer,919200
3734475.127,indexer,919300
3736487.404,indexer,919400
3737990.520,indexer,919500
3739554.009,indexer,919600
3740490.071,indexer,919700
3741248.971,indexer,919800
3742501.455,indexer,919900
3743550.783,indexer,920000
3744493.261,indexer,920100
3745465.233,indexer,920200
3746287.776,indexer,920300
3748177.432,indexer,920400
3749037.826,indexer,920500
3750488.406,indexer,920600
3751306.734,indexer,920700
3752191.966,indexer,920800
3753143.707,indexer,920900
3754032.366,indexer,921000
3754802.493,indexer,921100
3755437.169,indexer,921200
3756110.920,indexer,921300
3756872.367,indexer,921400
3758258.352,indexer,921500
3759186.639,indexer,921600
3760086.316,indexer,921700
3760831.143,indexer,921800
3761493.695,indexer,921900
3762370.912,indexer,922000
3763394.041,indexer,922100
3764154.298,indexer,922200
3764940.207,indexer,922300
3765623.580,indexer,922400
3766214.172,indexer,922500
3766918.425,indexer,922600
3768483.471,indexer,922700
3769445.413,indexer,922800
3770051.612,indexer,922900
3770738.262,indexer,923000
3771484.204,indexer,923100
3772237.576,indexer,923200
3773035.752,indexer,923300
3773761.351,indexer,923400
3774499.073,indexer,923500
3775332.810,indexer,923600
3776194.156,indexer,923700
3778477.245,indexer,923800
3779724.024,indexer,923900
3781055.353,indexer,924000
3783008.207,indexer,924100
3784806.400,indexer,924200
3786049.073,indexer,924300
3787207.188,indexer,924400
3788500.292,indexer,924500
3791422.607,indexer,924600
3792358.902,indexer,924700
3793413.858,indexer,924800
3795406.899,indexer,924900
3796351.654,indexer,925000
3797239.656,indexer,925100
3798159.223,indexer,925200
3798795.423,indexer,925300
3799577.180,indexer,925400
3800230.576,indexer,925500
3800939.921,indexer,925600
3801609.685,indexer,925700
3802322.576,indexer,925800
3802852.490,indexer,925900
3803677.811,indexer,926000
3805395.869,indexer,926100
3806340.730,indexer,926200
3807043.000,indexer,926300
3807712.414,indexer,926400
3808751.957,indexer,926500
3809625.691,indexer,926600
3810338.354,indexer,926700
3810840.510,indexer,926800
3811521.271,indexer,926900
3812752.014,indexer,927000
3813538.664,indexer,927100
3815276.838,indexer,927200
3816105.892,indexer,927300
3816777.860,indexer,927400
3817514.530,indexer,927500
3818302.710,indexer,927600
3818904.911,indexer,927700
3819631.753,indexer,927800
3820217.235,indexer,927900
3820879.664,indexer,928000
3821587.901,indexer,928100
3822439.795,indexer,928200
3824141.776,indexer,928300
3825331.516,indexer,928400
3826386.821,indexer,928500
3827431.653,indexer,928600
3828366.750,indexer,928700
3829360.165,indexer,928800
3830520.974,indexer,928900
3831700.997,indexer,929000
3832851.627,indexer,929100
3833996.129,indexer,929200
3835092.634,indexer,929300
3836799.753,indexer,929400
3837493.303,indexer,929500
3838121.656,indexer,929600
3838763.795,indexer,929700
3839537.706,indexer,929800
3840340.883,indexer,929900
3841105.368,indexer,930000
3841855.095,indexer,930100
3842730.481,indexer,930200
3843463.172,indexer,930300
3844131.965,indexer,930400
3845555.161,indexer,930500
3846620.909,indexer,930600
3847785.237,indexer,930700
3848452.278,indexer,930800
3849203.700,indexer,930900
3849871.353,indexer,931000
3850767.919,indexer,931100
3851864.846,indexer,931200
3852554.165,indexer,931300
3853207.107,indexer,931400
3853891.958,indexer,931500
3855411.694,indexer,931600
3856249.274,indexer,931700
3857060.208,indexer,931800
3857917.561,indexer,931900
3858535.037,indexer,932000
3859253.504,indexer,932100
3860044.878,indexer,932200
3860992.892,indexer,932300
3861618.638,indexer,932400
3862358.177,indexer,932500
3863285.674,indexer,932600
3863992.370,indexer,932700
3865988.575,indexer,932800
3867144.443,indexer,932900
3868410.092,indexer,933000
3869794.066,indexer,933100
3871123.942,indexer,933200
3872180.830,indexer,933300
3873215.753,indexer,933400
3874295.356,indexer,933500
3875381.977,indexer,933600
3876296.271,indexer,933700
3877480.235,indexer,933800
3878394.704,indexer,933900
3880350.400,indexer,934000
3881330.784,indexer,934100
3882681.428,indexer,934200
3883653.165,indexer,934300
3884473.013,indexer,934400
3885065.860,indexer,934500
3885933.041,indexer,934600
3886610.434,indexer,934700
3887331.614,indexer,934800
3888071.540,indexer,934900
3888656.514,indexer,935000
3890341.509,indexer,935100
3891850.342,indexer,935200
3892869.885,indexer,935300
3893633.594,indexer,935400
3894435.226,indexer,935500
3895122.636,indexer,935600
3895856.879,indexer,935700
3896788.519,indexer,935800
3897530.083,indexer,935900
3898198.198,indexer,936000
3898985.144,indexer,936100
3899463.070,indexer,936200
3900755.100,indexer,936300
3901389.253,indexer,936400
3901967.235,indexer,936500
3902488.431,indexer,936600
3903056.413,indexer,936700
3903528.361,indexer,936800
3903993.668,indexer,936900
3904474.026,indexer,937000
3904914.356,indexer,937100
3905533.621,indexer,937200
3906221.618,indexer,937300
3907892.177,indexer,937400
3909190.340,indexer,937500
3910429.783,indexer,937600
3911412.932,indexer,937700
3912559.627,indexer,937800
3913437.174,indexer,937900
3914944.801,indexer,938000
3916026.028,indexer,938100
3917076.961,indexer,938200
3917822.234,indexer,938300
3918576.724,indexer,938400
3919478.411,indexer,938500
3921583.115,indexer,938600
3922395.867,indexer,938700
3923144.748,indexer,938800
3923902.177,indexer,938900
3924626.026,indexer,939000
3925366.281,indexer,939100
3926079.254,indexer,939200
3926850.819,indexer,939300
3927443.206,indexer,939400
3928119.679,indexer,939500
3928726.823,indexer,939600
3929291.435,indexer,939700
3930644.804,indexer,939800
3931428.609,indexer,939900
3932200.057,indexer,940000
3932997.260,indexer,940100
3933659.775,indexer,940200
3934439.239,indexer,940300
3935218.633,indexer,940400
3935839.525,indexer,940500
3936492.435,indexer,940600
3937022.711,indexer,940700
3937482.560,indexer,940800
3938763.076,indexer,940900
3939516.082,indexer,941000
3942088.774,indexer,941100
3942873.389,indexer,941200
3943400.769,indexer,941300
3944014.542,indexer,941400
3944720.774,indexer,941500
3945193.539,indexer,941600
3945643.185,indexer,941700
3946171.481,indexer,941800
3946747.042,indexer,941900
3948344.306,indexer,942000
3949091.686,indexer,942100
3949949.100,indexer,942200
3950705.767,indexer,942300
3951568.468,indexer,942400
3952537.804,indexer,942500
3953566.046,indexer,942600
3954499.996,indexer,942700
3955212.039,indexer,942800
3955970.360,indexer,942900
3957952.714,indexer,943000
3959080.612,indexer,943100
3959784.384,indexer,943200
3960607.420,indexer,943300
3961311.770,indexer,943400
3962058.740,indexer,943500
3962862.916,indexer,943600
3963570.538,indexer,943700
3964226.460,indexer,943800
3964849.043,indexer,943900
3966373.834,indexer,944000
3967253.989,indexer,944100
3968094.406,indexer,944200
3968791.934,indexer,944300
3969498.440,indexer,944400
3970329.220,indexer,944500
3971010.585,indexer,944600
3971661.972,indexer,944700
3972415.484,indexer,944800
3972990.811,indexer,944900
3974355.347,indexer,945000
3975247.861,indexer,945100
3975929.521,indexer,945200
3976519.935,indexer,945300
3977202.282,indexer,945400
3977878.835,indexer,945500
3978492.032,indexer,945600
3978978.701,indexer,945700
3979531.247,indexer,945800
3979995.902,indexer,945900
3982208.737,indexer,946000
3983741.838,indexer,946100
3985228.801,indexer,946200
3986541.772,indexer,946300
3987660.129,indexer,946400
3988725.936,indexer,946500
3989622.822,indexer,946600
3990430.449,indexer,946700
3991072.488,indexer,946800
3991833.009,indexer,946900
3993534.012,indexer,947000
3994819.995,indexer,947100
3995654.178,indexer,947200
3996577.824,indexer,947300
3997537.606,indexer,947400
3998256.431,indexer,947500
3998949.512,indexer,947600
3999488.995,indexer,947700
4000022.827,indexer,947800
4000627.565,indexer,947900
4001216.275,indexer,948000
4002997.108,indexer,948100
4004034.137,indexer,948200
4004804.619,indexer,948300
4005768.196,indexer,948400
4006469.854,indexer,948500
4007159.716,indexer,948600
4007755.013,indexer,948700
4008271.582,indexer,948800
4008807.926,indexer,948900
4009519.815,indexer,949000
4010905.093,indexer,949100
4011533.396,indexer,949200
4012154.593,indexer,949300
4012697.649,indexer,949400
4013330.588,indexer,949500
4014039.412,indexer,949600
4014625.971,indexer,949700
4015157.032,indexer,949800
4015719.946,indexer,949900
4016307.339,indexer,950000
4018211.436,indexer,950100
4019328.516,indexer,950200
4020694.809,indexer,950300
4022054.976,indexer,950400
4023518.403,indexer,950500
4025088.851,indexer,950600
4026598.153,indexer,950700
4027852.288,indexer,950800
4028942.240,indexer,950900
4029842.451,indexer,951000
4031498.529,indexer,951100
4033011.910,indexer,951200
4034081.810,indexer,951300
4034860.710,indexer,951400
4035719.421,indexer,951500
4036651.998,indexer,951600
4037388.794,indexer,951700
4038099.949,indexer,951800
4038764.369,indexer,951900
4040305.363,indexer,952000
4041288.577,indexer,952100
4044544.606,indexer,952200
4045421.750,indexer,952300
4046185.787,indexer,952400
4046994.888,indexer,952500
4047815.430,indexer,952600
4048547.209,indexer,952700
4049166.493,indexer,952800
4049845.328,indexer,952900
4051241.671,indexer,953000
4051937.560,indexer,953100
4052623.725,indexer,953200
4053254.843,indexer,953300
4053939.393,indexer,953400
4054493.461,indexer,953500
4055071.016,indexer,953600
4055664.249,indexer,953700
4056338.339,indexer,953800
4058158.362,indexer,953900
4059201.538,indexer,954000
4060071.184,indexer,954100
4061177.085,indexer,954200
4062013.173,indexer,954300
4063088.960,indexer,954400
4064028.374,indexer,954500
4064982.748,indexer,954600
4065791.500,indexer,954700
4067589.903,indexer,954800
4068501.378,indexer,954900
4069231.143,indexer,955000
4069950.998,indexer,955100
4070701.013,indexer,955200
4071437.144,indexer,955300
4072129.177,indexer,955400
4072958.636,indexer,955500
4073586.036,indexer,955600
4074941.712,indexer,955700
4075674.027,indexer,955800
4076563.078,indexer,955900
4077286.639,indexer,956000
4077944.630,indexer,956100
4078771.777,indexer,956200
4079444.460,indexer,956300
4080121.640,indexer,956400
4080810.046,indexer,956500
4082096.841,indexer,956600
4082694.287,indexer,956700
4083185.870,indexer,956800
4083721.309,indexer,956900
4084491.557,indexer,957000
4085101.425,indexer,957100
4085828.303,indexer,957200
4086441.911,indexer,957300
4087037.492,indexer,957400
4089040.212,indexer,957500
4090307.272,indexer,957600
4091419.740,indexer,957700
4092727.317,indexer,957800
4093991.688,indexer,957900
4095050.807,indexer,958000
4096198.261,indexer,958100
4097129.509,indexer,958200
4097990.040,indexer,958300
4100111.340,indexer,958400
4100975.954,indexer,958500
4101672.262,indexer,958600
4102287.909,indexer,958700
4103101.808,indexer,958800
4103789.660,indexer,958900
4104461.387,indexer,959000
4105180.611,indexer,959100
4105934.218,indexer,959200
4107451.817,indexer,959300
4108353.795,indexer,959400
4109142.399,indexer,959500
4109853.870,indexer,959600
4110771.363,indexer,959700
4111496.899,indexer,959800
4112119.879,indexer,959900
4112827.814,indexer,960000
4113514.078,indexer,960100
4114889.802,indexer,960200
4115608.687,indexer,960300
4116555.404,indexer,960400
4117957.652,indexer,960500
4118686.337,indexer,960600
4119339.154,indexer,960700
4119988.586,indexer,960800
4120704.187,indexer,960900
4121446.792,indexer,961000
4123525.964,indexer,961100
4124830.437,indexer,961200
4126237.676,indexer,961300
4127559.315,indexer,961400
4128673.841,indexer,961500
4129803.093,indexer,961600
4130669.926,indexer,961700
4131500.392,indexer,961800
4132300.317,indexer,961900
4134372.885,indexer,962000
4135389.657,indexer,962100
4136122.202,indexer,962200
4136845.796,indexer,962300
4137580.509,indexer,962400
4138300.199,indexer,962500
4138903.625,indexer,962600
4139598.832,indexer,962700
4140259.656,indexer,962800
4141796.235,indexer,962900
4142678.130,indexer,963000
4143594.158,indexer,963100
4144359.204,indexer,963200
4145275.995,indexer,963300
4146297.136,indexer,963400
4147136.975,indexer,963500
4147757.472,indexer,963600
4148361.279,indexer,963700
4149707.340,indexer,963800
4150452.154,indexer,963900
4151026.644,indexer,964000
4151733.269,indexer,964100
4152699.762,indexer,964200
4153314.328,indexer,964300
4153960.593,indexer,964400
4154594.539,indexer,964500
4155164.572,indexer,964600
4156910.437,indexer,964700
4157969.898,indexer,964800
4159216.630,indexer,964900
4160340.905,indexer,965000
4161740.550,indexer,965100
4163364.939,indexer,965200
4164548.945,indexer,965300
4165674.345,indexer,965400
4168651.728,indexer,965500
4170401.244,indexer,965600
4171209.547,indexer,965700
4171804.459,indexer,965800
4172403.822,indexer,965900
4173017.031,indexer,966000
4173832.478,indexer,966100
4174564.063,indexer,966200
4175271.709,indexer,966300
4175910.280,indexer,966400
4177312.629,indexer,966500
4178093.263,indexer,966600
4178799.212,indexer,966700
4179455.220,indexer,966800
4180127.760,indexer,966900
4180846.252,indexer,967000
4181480.888,indexer,967100
4182256.425,indexer,967200
4182893.359,indexer,967300
4184189.245,indexer,967400
4184856.366,indexer,967500
4185490.090,indexer,967600
4186037.073,indexer,967700
4186654.162,indexer,967800
4187171.910,indexer,967900
4187794.835,indexer,968000
4188530.515,indexer,968100
4189202.498,indexer,968200
4190924.005,indexer,968300
4191902.343,indexer,968400
4192849.385,indexer,968500
4194600.333,indexer,968600
4195720.146,indexer,968700
4196874.868,indexer,968800
4198145.442,indexer,968900
4199541.827,indexer,969000
4200890.806,indexer,969100
4202828.643,indexer,969200
4203911.122,indexer,969300
4205041.138,indexer,969400
4206021.897,indexer,969500
4207163.447,indexer,969600
4208056.249,indexer,969700
4209160.203,indexer,969800
4209846.959,indexer,969900
4210401.102,indexer,970000
4212202.362,indexer,970100
4213265.314,indexer,970200
4214181.230,indexer,970300
4215112.344,indexer,970400
4215858.342,indexer,970500
4216623.705,indexer,970600
4560501.103,addresses,0
4560508.615,addresses,100
4560514.121,addresses,200
4560521.926,addresses,300
4560524.497,addresses,400
4560528.114,addresses,500
4560529.976,addresses,600
4560535.416,addresses,700
4560537.388,addresses,800
4560539.336,addresses,900
4560541.095,addresses,1000
4560543.332,addresses,1100
4560545.541,addresses,1200
4560551.505,addresses,1300
4560553.452,addresses,1400
4560555.318,addresses,1500
4560569.821,addresses,1600
4560580.703,addresses,1700
4560586.807,addresses,1800
4560595.999,addresses,1900
4560597.944,addresses,2000
4560600.373,addresses,2100
4560602.064,addresses,2200
4560604.033,addresses,2300
4560613.589,addresses,2400
4560625.537,addresses,2500
4560627.588,addresses,2600
4560629.157,addresses,2700
4560633.374,addresses,2800
4560635.134,addresses,2900
4560636.790,addresses,3000
4560638.444,addresses,3100
4560640.482,addresses,3200
4560644.628,addresses,3300
4560646.193,addresses,3400
4560647.787,addresses,3500
4560649.535,addresses,3600
4560652.351,addresses,3700
4560657.095,addresses,3800
4560660.362,addresses,3900
4560665.866,addresses,4000
4560670.150,addresses,4100
4560671.678,addresses,4200
4560673.201,addresses,4300
4560675.048,addresses,4400
4560680.375,addresses,4500
4560681.865,addresses,4600
4560683.411,addresses,4700
4560685.302,addresses,4800
4560686.873,addresses,4900
4560690.702,addresses,5000
4560692.383,addresses,5100
4560694.158,addresses,5200
4560695.470,addresses,5300
4560701.373,addresses,5400
4560702.868,addresses,5500
4560928.737,addresses,5600
4560930.123,addresses,5700
4560931.434,addresses,5800
4560932.988,addresses,5900
4560934.513,addresses,6000
4560935.860,addresses,6100
4560937.574,addresses,6200
4560939.132,addresses,6300
4560940.688,addresses,6400
4560944.600,addresses,6500
4560946.220,addresses,6600
4560947.632,addresses,6700
4560949.048,addresses,6800
4560950.524,addresses,6900
4560952.191,addresses,7000
4560953.554,addresses,7100
4560955.057,addresses,7200
4560956.371,addresses,7300
4560957.786,addresses,7400
4560959.133,addresses,7500
4560960.938,addresses,7600
4560962.424,addresses,7700
4560963.772,addresses,7800
4560965.233,addresses,7900
4560966.806,addresses,8000
4561009.024,addresses,8100
4561012.184,addresses,8200
4561013.538,addresses,8300
4561015.293,addresses,8400
4561016.629,addresses,8500
4561018.295,addresses,8600
4561019.782,addresses,8700
4561021.298,addresses,8800
4561022.769,addresses,8900
4561024.159,addresses,9000
4561025.591,addresses,9100
4561027.088,addresses,9200
4561028.768,addresses,9300
4561030.099,addresses,9400
4561031.432,addresses,9500
4561033.033,addresses,9600
4561034.530,addresses,9700
4561035.833,addresses,9800
4561039.476,addresses,9900
4561052.703,addresses,10000
4561054.097,addresses,10100
4561055.463,addresses,10200
4561056.734,addresses,10300
4561058.207,addresses,10400
4561059.453,addresses,10500
4561060.999,addresses,10600
4561062.281,addresses,10700
4561063.948,addresses,10800
4561065.253,addresses,10900
4561066.597,addresses,11000
4561068.378,addresses,11100
4561069.795,addresses,11200
4561072.825,addresses,11300
4561074.251,addresses,11400
4561075.518,addresses,11500
4561077.123,addresses,11600
4561078.483,addresses,11700
4561079.771,addresses,11800
4561081.018,addresses,11900
4561082.505,addresses,12000
4561083.973,addresses,12100
4561085.366,addresses,12200
4561086.822,addresses,12300
4561088.178,addresses,12400
4561089.484,addresses,12500
4561090.692,addresses,12600
4561091.904,addresses,12700
4561093.628,addresses,12800
4561094.877,addresses,12900
4561096.091,addresses,13000
4561097.450,addresses,13100
4561099.114,addresses,13200
4561100.548,addresses,13300
4561101.932,addresses,13400
4561106.191,addresses,13500
4561107.925,addresses,13600
4561109.361,addresses,13700
4561110.729,addresses,13800
4561112.075,addresses,13900
4561113.712,addresses,14000
4561115.303,addresses,14100
4561116.788,addresses,14200
4561118.018,addresses,14300
4561119.481,addresses,14400
4561120.735,addresses,14500
4561122.146,addresses,14600
4561123.380,addresses,14700
4561124.959,addresses,14800
4561126.345,addresses,14900
4561127.608,addresses,15000
4561129.036,addresses,15100
4561130.449,addresses,15200
4561131.909,addresses,15300
4561133.248,addresses,15400
4561134.698,addresses,15500
4561136.618,addresses,15600
4561138.071,addresses,15700
4561139.245,addresses,15800
4561140.400,addresses,15900
4561141.739,addresses,16000
4561143.077,addresses,16100
4561144.426,addresses,16200
4561146.161,addresses,16300
4561147.903,addresses,16400
4561151.645,addresses,16500
4561153.074,addresses,16600
4561154.449,addresses,16700
4561156.078,addresses,16800
4561157.634,addresses,16900
4561158.950,addresses,17000
4561160.865,addresses,17100
4561162.770,addresses,17200
4561164.158,addresses,17300
4561165.592,addresses,17400
4561166.874,addresses,17500
4561168.565,addresses,17600
4561170.119,addresses,17700
4561171.643,addresses,17800
4561173.484,addresses,17900
4561175.297,addresses,18000
4561176.718,addresses,18100
4561178.818,addresses,18200
4561180.268,addresses,18300
4561182.110,addresses,18400
4561183.639,addresses,18500
4561185.556,addresses,18600
4561187.411,addresses,18700
4561189.072,addresses,18800
4561190.726,addresses,18900
4561192.453,addresses,19000
4561194.089,addresses,19100
4561195.637,addresses,19200
4561196.912,addresses,19300
4561198.515,addresses,19400
4561200.313,addresses,19500
4561202.002,addresses,19600
4561203.314,addresses,19700
4561204.822,addresses,19800
4561206.552,addresses,19900
4561214.214,addresses,20000
4561215.916,addresses,20100
4561217.258,addresses,20200
4561218.626,addresses,20300
4561220.335,addresses,20400
4561223.064,addresses,20500
4561224.315,addresses,20600
4561225.566,addresses,20700
4561227.025,addresses,20800
4561228.564,addresses,20900
4561230.214,addresses,21000
4561232.226,addresses,21100
4561233.844,addresses,21200
4561235.268,addresses,21300
4561236.895,addresses,21400
4561238.599,addresses,21500
4561240.155,addresses,21600
4561241.652,addresses,21700
4561242.867,addresses,21800
4561244.377,addresses,21900
4561246.128,addresses,22000
4561247.915,addresses,22100
4561249.319,addresses,22200
4561251.036,addresses,22300
4561252.694,addresses,22400
4561254.184,addresses,22500
4561255.793,addresses,22600
4561257.551,addresses,22700
4561259.175,addresses,22800
4561260.587,addresses,22900
4561262.095,addresses,23000
4561263.824,addresses,23100
4561265.522,addresses,23200
4561267.091,addresses,23300
4561268.418,addresses,23400
4561270.321,addresses,23500
4561276.441,addresses,23600
4561277.829,addresses,23700
4561279.323,addresses,23800
4561280.826,addresses,23900
4561282.421,addresses,24000
4561284.049,addresses,24100
4561285.417,addresses,24200
4561286.851,addresses,24300
4561288.499,addresses,24400
4561289.876,addresses,24500
4561291.239,addresses,24600
4561293.141,addresses,24700
4561295.050,addresses,24800
4561296.730,addresses,24900
4561298.327,addresses,25000
4561299.901,addresses,25100
4561301.453,addresses,25200
4561302.888,addresses,25300
4561304.377,addresses,25400
4561305.866,addresses,25500
4561307.365,addresses,25600
4561308.893,addresses,25700
4561310.248,addresses,25800
4561311.503,addresses,25900
4561312.850,addresses,26000
4561313.991,addresses,26100
4561315.604,addresses,26200
4561316.967,addresses,26300
4561318.539,addresses,26400
4561320.225,addresses,26500
4561321.702,addresses,26600
4561323.370,addresses,26700
4561325.323,addresses,26800
4561326.819,addresses,26900
4561328.172,addresses,27000
4561331.936,addresses,27100
4561333.580,addresses,27200
4561334.764,addresses,27300
4561335.937,addresses,27400
4561337.697,addresses,27500
4561339.382,addresses,27600
4561340.889,addresses,27700
4561342.244,addresses,27800
4561343.711,addresses,27900
4561345.779,addresses,28000
4561347.220,addresses,28100
4561349.348,addresses,28200
4561350.740,addresses,28300
4561352.155,addresses,28400
4561353.717,addresses,28500
4561355.275,addresses,28600
4561356.475,addresses,28700
4561358.008,addresses,28800
4561359.678,addresses,28900
4561360.950,addresses,29000
4561362.256,addresses,29100
4561363.952,addresses,29200
4561365.323,addresses,29300
4561367.331,addresses,29400
4561368.801,addresses,29500
4561370.543,addresses,29600
4561372.295,addresses,29700
4561373.640,addresses,29800
4561375.168,addresses,29900
4561379.573,addresses,30000
4561380.996,addresses,30100
4561382.481,addresses,30200
4561383.916,addresses,30300
4561385.908,addresses,30400
4561387.499,addresses,30500
4561389.033,addresses,30600
4561393.979,addresses,30700
4561395.371,addresses,30800
4561396.432,addresses,30900
4561397.554,addresses,31000
4561398.899,addresses,31100
4561400.565,addresses,31200
4561402.477,addresses,31300
4561404.209,addresses,31400
4561405.626,addresses,31500
4561407.498,addresses,31600
4561409.122,addresses,31700
4561410.913,addresses,31800
4561412.389,addresses,31900
4561413.919,addresses,32000
4561415.572,addresses,32100
4561417.442,addresses,32200
4561419.076,addresses,32300
4561420.931,addresses,32400
4561422.502,addresses,32500
4561423.958,addresses,32600
4561425.269,addresses,32700
4561426.778,addresses,32800
4561428.860,addresses,32900
4561430.303,addresses,33000
4561431.648,addresses,33100
4561433.468,addresses,33200
4561435.291,addresses,33300
4561436.663,addresses,33400
4561438.632,addresses,33500
4561440.355,addresses,33600
4561441.927,addresses,33700
4561443.550,addresses,33800
4561445.213,addresses,33900
4561447.093,addresses,34000
4561449.093,addresses,34100
4561450.630,addresses,34200
4561452.231,addresses,34300
4561454.323,addresses,34400
4561455.919,addresses,34500
4561457.562,addresses,34600
4561459.291,addresses,34700
4561460.843,addresses,34800
4561462.537,addresses,34900
4561467.497,addresses,35000
4561469.355,addresses,35100
4561471.296,addresses,35200
4561472.779,addresses,35300
4561474.279,addresses,35400
4561476.232,addresses,35500
4561478.284,addresses,35600
4561479.783,addresses,35700
4561481.770,addresses,35800
4561483.223,addresses,35900
4561484.918,addresses,36000
4561486.718,addresses,36100
4561488.111,addresses,36200
4561489.877,addresses,36300
4561495.417,addresses,36400
4561497.084,addresses,36500
4561498.853,addresses,36600
4561500.585,addresses,36700
4561502.188,addresses,36800
4561503.621,addresses,36900
4561506.026,addresses,37000
4561507.618,addresses,37100
4561509.136,addresses,37200
4561510.591,addresses,37300
4561512.621,addresses,37400
4561514.092,addresses,37500
4561516.205,addresses,37600
4561517.691,addresses,37700
4561519.255,addresses,37800
4561521.299,addresses,37900
4561523.723,addresses,38000
4561525.288,addresses,38100
4561527.580,addresses,38200
4561528.875,addresses,38300
4561530.495,addresses,38400
4561532.881,addresses,38500
4561534.303,addresses,38600
4561535.715,addresses,38700
4561537.442,addresses,38800
4561539.535,addresses,38900
4561541.192,addresses,39000
4561543.013,addresses,39100
4561545.270,addresses,39200
4561546.818,addresses,39300
4561548.384,addresses,39400
4561551.048,addresses,39500
4561552.616,addresses,39600
4561554.420,addresses,39700
4561556.093,addresses,39800
4561557.519,addresses,39900
4561562.791,addresses,40000
4561564.352,addresses,40100
4561565.499,addresses,40200
4561567.378,addresses,40300
4561569.788,addresses,40400
4561571.053,addresses,40500
4561572.589,addresses,40600
4561574.316,addresses,40700
4561575.793,addresses,40800
4561578.003,addresses,40900
4561579.364,addresses,41000
4561581.239,addresses,41100
4561583.114,addresses,41200
4561584.675,addresses,41300
4561585.969,addresses,41400
4561587.439,addresses,41500
4561588.941,addresses,41600
4561590.154,addresses,41700
4561591.318,addresses,41800
4561592.411,addresses,41900
4561593.844,addresses,42000
4561595.906,addresses,42100
4561597.356,addresses,42200
4561599.357,addresses,42300
4561601.129,addresses,42400
4561602.676,addresses,42500
4561604.259,addresses,42600
4561605.946,addresses,42700
4561607.660,addresses,42800
4561609.173,addresses,42900
4561610.539,addresses,43000
4561612.131,addresses,43100
4561614.723,addresses,43200
4561616.119,addresses,43300
4561621.029,addresses,43400
4561622.286,addresses,43500
4561624.052,addresses,43600
4561625.948,addresses,43700
4561627.813,addresses,43800
4561629.380,addresses,43900
4561631.758,addresses,44000
4561633.863,addresses,44100
4561635.484,addresses,44200
4561637.407,addresses,44300
4561639.499,addresses,44400
4561640.778,addresses,44500
4561642.563,addresses,44600
4561645.286,addresses,44700
4561646.835,addresses,44800
4561648.501,addresses,44900
4561649.971,addresses,45000
4561651.916,addresses,45100
4561653.290,addresses,45200
4561655.348,addresses,45300
4561657.242,addresses,45400
4561658.490,addresses,45500
4561660.403,addresses,45600
4561661.842,addresses,45700
4561663.219,addresses,45800
4561665.004,addresses,45900
4561666.800,addresses,46000
4561668.643,addresses,46100
4561670.438,addresses,46200
4561671.813,addresses,46300
4561673.791,addresses,46400
4561675.419,addresses,46500
4561677.142,addresses,46600
4561678.227,addresses,46700
4561679.677,addresses,46800
4561680.965,addresses,46900
4561682.645,addresses,47000
4561684.114,addresses,47100
4561685.847,addresses,47200
4561687.308,addresses,47300
4561688.790,addresses,47400
4561690.642,addresses,47500
4561692.824,addresses,47600
4561694.339,addresses,47700
4561695.413,addresses,47800
4561696.513,addresses,47900
4561697.929,addresses,48000
4561699.515,addresses,48100
4561701.582,addresses,48200
4561703.040,addresses,48300
4561705.431,addresses,48400
4561707.165,addresses,48500
4561708.879,addresses,48600
4561710.045,addresses,48700
4561711.855,addresses,48800
4561713.200,addresses,48900
4561715.388,addresses,49000
4561717.155,addresses,49100
4561718.801,addresses,49200
4561720.359,addresses,49300
4561722.274,addresses,49400
4561723.682,addresses,49500
4561725.491,addresses,49600
4561727.139,addresses,49700
4561728.901,addresses,49800
4561730.478,addresses,49900
4561737.034,addresses,50000
4561738.653,addresses,50100
4561740.418,addresses,50200
4561742.238,addresses,50300
4561744.529,addresses,50400
4561746.540,addresses,50500
4561748.277,addresses,50600
4561750.187,addresses,50700
4561752.210,addresses,50800
4561753.655,addresses,50900
4561755.278,addresses,51000
4561757.416,addresses,51100
4561759.004,addresses,51200
4561760.812,addresses,51300
4561762.340,addresses,51400
4561764.310,addresses,51500
4561766.720,addresses,51600
4561768.682,addresses,51700
4561771.777,addresses,51800
4561773.478,addresses,51900
4561775.392,addresses,52000
4561776.959,addresses,52100
4561781.849,addresses,52200
4561784.005,addresses,52300
4561785.755,addresses,52400
4561787.125,addresses,52500
4561788.242,addresses,52600
4561789.457,addresses,52700
4561791.668,addresses,52800
4561793.124,addresses,52900
4561795.068,addresses,53000
4561796.799,addresses,53100
4561798.471,addresses,53200
4561800.622,addresses,53300
4561802.260,addresses,53400
4561803.818,addresses,53500
4561806.207,addresses,53600
4561808.815,addresses,53700
4561810.626,addresses,53800
4561812.219,addresses,53900
4561814.343,addresses,54000
4561816.769,addresses,54100
4561818.052,addresses,54200
4561820.154,addresses,54300
4561822.123,addresses,54400
4561823.538,addresses,54500
4561825.359,addresses,54600
4561826.858,addresses,54700
4561828.621,addresses,54800
4561830.421,addresses,54900
4561832.670,addresses,55000
4561834.127,addresses,55100
4561836.243,addresses,55200
4561838.127,addresses,55300
4561840.205,addresses,55400
4561842.233,addresses,55500
4561844.104,addresses,55600
4561846.217,addresses,55700
4561847.762,addresses,55800
4561850.120,addresses,55900
4561852.207,addresses,56000
4561853.999,addresses,56100
4561855.550,addresses,56200
4561856.859,addresses,56300
4561858.957,addresses,56400
4561860.553,addresses,56500
4561862.036,addresses,56600
4561863.966,addresses,56700
4561865.910,addresses,56800
4561867.621,addresses,56900
4561869.128,addresses,57000
4561870.838,addresses,57100
4561873.036,addresses,57200
4561875.386,addresses,57300
4561877.385,addresses,57400
4561879.141,addresses,57500
4561881.170,addresses,57600
4561882.540,addresses,57700
4561883.942,addresses,57800
4561885.808,addresses,57900
4561887.699,addresses,58000
4561889.502,addresses,58100
4561892.302,addresses,58200
4561894.032,addresses,58300
4561895.787,addresses,58400
4561897.304,addresses,58500
4561898.627,addresses,58600
4561900.019,addresses,58700
4561902.264,addresses,58800
4561906.379,addresses,58900
4561908.549,addresses,59000
4561909.917,addresses,59100
4561912.162,addresses,59200
4561913.852,addresses,59300
4561915.214,addresses,59400
4561916.773,addresses,59500
4561919.424,addresses,59600
4561920.895,addresses,59700
4561922.308,addresses,59800
4561924.148,addresses,59900
4561930.130,addresses,60000
4561931.743,addresses,60100
4561933.442,addresses,60200
4561934.900,addresses,60300
4561936.918,addresses,60400
4561938.236,addresses,60500
4561939.634,addresses,60600
4561940.949,addresses,60700
4561942.469,addresses,60800
4561944.425,addresses,60900
4561945.796,addresses,61000
4561947.622,addresses,61100
4561949.265,addresses,61200
4561950.650,addresses,61300
4561952.316,addresses,61400
4561953.833,addresses,61500
4561955.673,addresses,61600
4561957.009,addresses,61700
4561958.879,addresses,61800
4561960.875,addresses,61900
4561962.714,addresses,62000
4561964.307,addresses,62100
4561966.714,addresses,62200
4561972.234,addresses,62300
4561973.895,addresses,62400
4561975.488,addresses,62500
4561977.216,addresses,62600
4561978.670,addresses,62700
4561980.375,addresses,62800
4561982.014,addresses,62900
4561984.100,addresses,63000
4561985.870,addresses,63100
4561988.331,addresses,63200
4561989.624,addresses,63300
4561991.937,addresses,63400
4561993.305,addresses,63500
4561994.962,addresses,63600
4561997.247,addresses,63700
4561999.015,addresses,63800
4562000.465,addresses,63900
4562003.112,addresses,64000
4562005.197,addresses,64100
4562006.643,addresses,64200
4562008.746,addresses,64300
4562011.833,addresses,64400
4562013.285,addresses,64500
4562014.702,addresses,64600
4562016.147,addresses,64700
4562018.084,addresses,64800
4562019.990,addresses,64900
4562021.932,addresses,65000
4562024.303,addresses,65100
4562026.823,addresses,65200
4562028.162,addresses,65300
4562030.120,addresses,65400
4562032.151,addresses,65500
4562034.186,addresses,65600
4562039.561,addresses,65700
4562041.732,addresses,65800
4562043.128,addresses,65900
4562044.845,addresses,66000
4562046.744,addresses,66100
4562048.145,addresses,66200
4562050.305,addresses,66300
4562052.392,addresses,66400
4562053.946,addresses,66500
4562055.735,addresses,66600
4562058.062,addresses,66700
4562059.689,addresses,66800
4562061.290,addresses,66900
4562062.866,addresses,67000
4562064.103,addresses,67100
4562065.793,addresses,67200
4562068.248,addresses,67300
4562071.011,addresses,67400
4562072.850,addresses,67500
4562075.339,addresses,67600
4562076.810,addresses,67700
4562078.437,addresses,67800
4562079.839,addresses,67900
4562081.396,addresses,68000
4562084.325,addresses,68100
4562088.313,addresses,68200
4562090.549,addresses,68300
4562092.735,addresses,68400
4562094.179,addresses,68500
4562096.458,addresses,68600
4562098.420,addresses,68700
4562101.131,addresses,68800
4562102.555,addresses,68900
4562104.223,addresses,69000
4562106.166,addresses,69100
4562107.805,addresses,69200
4562110.390,addresses,69300
4562111.810,addresses,69400
4562113.538,addresses,69500
4562115.807,addresses,69600
4562117.657,addresses,69700
4562120.065,addresses,69800
4562121.487,addresses,69900
4562129.111,addresses,70000
4562131.017,addresses,70100
4562132.970,addresses,70200
4562134.441,addresses,70300
4562136.083,addresses,70400
4562137.836,addresses,70500
4562139.528,addresses,70600
4562141.559,addresses,70700
4562144.286,addresses,70800
4562145.832,addresses,70900
4562147.673,addresses,71000
4562149.387,addresses,71100
4562151.114,addresses,71200
4562152.580,addresses,71300
4562153.976,addresses,71400
4562155.743,addresses,71500
4562158.130,addresses,71600
4562159.535,addresses,71700
4562161.431,addresses,71800
4562163.685,addresses,71900
4562165.150,addresses,72000
4562167.377,addresses,72100
4562169.120,addresses,72200
4562170.553,addresses,72300
4562172.054,addresses,72400
4562174.039,addresses,72500
4562175.509,addresses,72600
4562177.213,addresses,72700
4562179.045,addresses,72800
4562180.975,addresses,72900
4562182.358,addresses,73000
4562184.800,addresses,73100
4562186.703,addresses,73200
4562188.135,addresses,73300
4562189.636,addresses,73400
4562191.419,addresses,73500
4562193.343,addresses,73600
4562195.555,addresses,73700
4562197.564,addresses,73800
4562200.015,addresses,73900
4562202.781,addresses,74000
4562204.374,addresses,74100
4562205.624,addresses,74200
4562206.924,addresses,74300
4562209.252,addresses,74400
4562211.092,addresses,74500
4562213.097,addresses,74600
4562214.873,addresses,74700
4562216.484,addresses,74800
4562217.923,addresses,74900
4562219.431,addresses,75000
4562221.455,addresses,75100
4562223.337,addresses,75200
4562224.984,addresses,75300
4562226.753,addresses,75400
4562232.370,addresses,75500
4562233.931,addresses,75600
4562236.857,addresses,75700
4562238.724,addresses,75800
4562240.289,addresses,75900
4562243.000,addresses,76000
4562245.430,addresses,76100
4562247.843,addresses,76200
4562249.958,addresses,76300
4562251.572,addresses,76400
4562253.386,addresses,76500
4562255.653,addresses,76600
4562257.116,addresses,76700
4562258.717,addresses,76800
4562261.189,addresses,76900
4562263.159,addresses,77000
4562265.274,addresses,77100
4562267.225,addresses,77200
4562270.037,addresses,77300
4562271.690,addresses,77400
4562273.251,addresses,77500
4562275.176,addresses,77600
4562276.775,addresses,77700
4562278.102,addresses,77800
4562279.508,addresses,77900
4562281.048,addresses,78000
4562283.165,addresses,78100
4562286.340,addresses,78200
4562288.376,addresses,78300
4562290.387,addresses,78400
4562292.360,addresses,78500
4562293.748,addresses,78600
4562295.129,addresses,78700
4562298.547,addresses,78800
4562300.621,addresses,78900
4562302.226,addresses,79000
4562304.169,addresses,79100
4562306.208,addresses,79200
4562309.264,addresses,79300
4562311.982,addresses,79400
4562313.446,addresses,79500
4562315.164,addresses,79600
4562316.513,addresses,79700
4562318.079,addresses,79800
4562319.578,addresses,79900
4562328.499,addresses,80000
4562330.525,addresses,80100
4562332.095,addresses,80200
4562333.909,addresses,80300
4562335.501,addresses,80400
4562337.344,addresses,80500
4562341.052,addresses,80600
4562343.401,addresses,80700
4562344.871,addresses,80800
4562347.110,addresses,80900
4562349.319,addresses,81000
4562351.006,addresses,81100
4562353.532,addresses,81200
4562355.054,addresses,81300
4562356.611,addresses,81400
4562359.075,addresses,81500
4562361.177,addresses,81600
4562362.684,addresses,81700
4562364.632,addresses,81800
4562366.553,addresses,81900
4562368.191,addresses,82000
4562371.338,addresses,82100
4562373.411,addresses,82200
4562375.492,addresses,82300
4562377.282,addresses,82400
4562378.499,addresses,82500
4562379.619,addresses,82600
4562381.204,addresses,82700
4562383.769,addresses,82800
4562385.312,addresses,82900
4562386.771,addresses,83000
4562388.148,addresses,83100
4562389.969,addresses,83200
4562391.960,addresses,83300
4562394.065,addresses,83400
4562396.687,addresses,83500
4562398.468,addresses,83600
4562399.871,addresses,83700
4562401.469,addresses,83800
4562402.813,addresses,83900
4562404.405,addresses,84000
4562406.306,addresses,84100
4562407.876,addresses,84200
4562409.366,addresses,84300
4562410.959,addresses,84400
4562413.587,addresses,84500
4562415.287,addresses,84600
4562417.081,addresses,84700
4562419.084,addresses,84800
4562420.876,addresses,84900
4562422.760,addresses,85000
4562424.112,addresses,85100
4562426.380,addresses,85200
4562428.236,addresses,85300
4562429.744,addresses,85400
4562431.231,addresses,85500
4562433.583,addresses,85600
4562435.344,addresses,85700
4562436.847,addresses,85800
4562439.025,addresses,85900
4562440.814,addresses,86000
4562442.689,addresses,86100
4562444.515,addresses,86200
4562446.607,addresses,86300
4562448.877,addresses,86400
4562450.429,addresses,86500
4562451.903,addresses,86600
4562453.911,addresses,86700
4562455.343,addresses,86800
4562456.982,addresses,86900
4562458.548,addresses,87000
4562460.651,addresses,87100
4562462.399,addresses,87200
4562463.951,addresses,87300
4562465.269,addresses,87400
4562466.699,addresses,87500
4562469.073,addresses,87600
4562470.875,addresses,87700
4562472.285,addresses,87800
4562473.731,addresses,87900
4562476.007,addresses,88000
4562477.490,addresses,88100
4562479.544,addresses,88200
4562480.995,addresses,88300
4562482.482,addresses,88400
4562484.403,addresses,88500
4562485.960,addresses,88600
4562487.496,addresses,88700
4562489.394,addresses,88800
4562491.411,addresses,88900
4562492.910,addresses,89000
4562494.353,addresses,89100
4562495.669,addresses,89200
4562497.152,addresses,89300
4562498.680,addresses,89400
4562500.894,addresses,89500
4562502.917,addresses,89600
4562504.402,addresses,89700
4562505.997,addresses,89800
4562507.937,addresses,89900
4562516.832,addresses,90000
4562518.475,addresses,90100
4562520.422,addresses,90200
4562521.780,addresses,90300
4562523.505,addresses,90400
4562524.823,addresses,90500
4562526.879,addresses,90600
4562530.861,addresses,90700
4562532.403,addresses,90800
4562534.371,addresses,90900
4562536.391,addresses,91000
4562537.979,addresses,91100
4562542.898,addresses,91200
4562544.376,addresses,91300
4562546.324,addresses,91400
4562547.642,addresses,91500
4562550.150,addresses,91600
4562551.601,addresses,91700
4562552.984,addresses,91800
4562554.317,addresses,91900
4562555.710,addresses,92000
4562557.949,addresses,92100
4562559.724,addresses,92200
4562561.481,addresses,92300
4562563.598,addresses,92400
4562565.026,addresses,92500
4562566.522,addresses,92600
4562567.965,addresses,92700
4562570.028,addresses,92800
4562572.135,addresses,92900
4562573.973,addresses,93000
4562575.823,addresses,93100
4562577.710,addresses,93200
4562579.314,addresses,93300
4562580.814,addresses,93400
4562582.262,addresses,93500
4562584.889,addresses,93600
4562587.097,addresses,93700
4562589.089,addresses,93800
4562590.984,addresses,93900
4562592.686,addresses,94000
4562594.810,addresses,94100
4562597.137,addresses,94200
4562599.037,addresses,94300
4562600.788,addresses,94400
4562602.669,addresses,94500
4562604.036,addresses,94600
4562605.450,addresses,94700
4562609.092,addresses,94800
4562610.470,addresses,94900
4562611.968,addresses,95000
4562613.696,addresses,95100
4562615.199,addresses,95200
4562617.234,addresses,95300
4562620.436,addresses,95400
4562621.882,addresses,95500
4562624.227,addresses,95600
4562625.634,addresses,95700
4562626.972,addresses,95800
4562628.273,addresses,95900
4562630.462,addresses,96000
4562632.114,addresses,96100
4562634.414,addresses,96200
4562636.798,addresses,96300
4562638.901,addresses,96400
4562640.244,addresses,96500
4562642.484,addresses,96600
4562644.315,addresses,96700
4562647.377,addresses,96800
4562648.681,addresses,96900
4562650.194,addresses,97000
4562651.593,addresses,97100
4562653.306,addresses,97200
4562654.837,addresses,97300
4562656.817,addresses,97400
4562658.317,addresses,97500
4562660.726,addresses,97600
4562662.636,addresses,97700
4562664.093,addresses,97800
4562666.127,addresses,97900
4562667.825,addresses,98000
4562669.286,addresses,98100
4562672.424,addresses,98200
4562673.955,addresses,98300
4562675.509,addresses,98400
4562676.874,addresses,98500
4562678.383,addresses,98600
4562679.942,addresses,98700
4562682.361,addresses,98800
4562684.316,addresses,98900
4562685.917,addresses,99000
4562687.978,addresses,99100
4562690.054,addresses,99200
4562692.624,addresses,99300
4562695.226,addresses,99400
4562696.767,addresses,99500
4562698.930,addresses,99600
4562700.830,addresses,99700
4562702.849,addresses,99800
4562704.916,addresses,99900
4562713.232,addresses,100000
4562714.795,addresses,100100
4562718.301,addresses,100200
4562719.512,addresses,100300
4562721.690,addresses,100400
4562724.324,addresses,100500
4562726.635,addresses,100600
4562728.711,addresses,100700
4562730.513,addresses,100800
4562732.519,addresses,100900
4562735.034,addresses,101000
4562737.420,addresses,101100
4562739.733,addresses,101200
4562742.367,addresses,101300
4562744.535,addresses,101400
4562746.216,addresses,101500
4562748.161,addresses,101600
4562749.668,addresses,101700
4562751.232,addresses,101800
4562753.018,addresses,101900
4562754.864,addresses,102000
4562756.665,addresses,102100
4562758.342,addresses,102200
4562759.964,addresses,102300
4562762.468,addresses,102400
4562764.446,addresses,102500
4562765.920,addresses,102600
4562768.211,addresses,102700
4562770.484,addresses,102800
4562772.089,addresses,102900
4562774.395,addresses,103000
4562776.505,addresses,103100
4562779.182,addresses,103200
4562781.969,addresses,103300
4562783.464,addresses,103400
4562784.888,addresses,103500
4562787.041,addresses,103600
4562789.114,addresses,103700
4562791.367,addresses,103800
4562792.877,addresses,103900
4562795.158,addresses,104000
4562797.843,addresses,104100
4562799.642,addresses,104200
4562801.651,addresses,104300
4562803.390,addresses,104400
4562805.246,addresses,104500
4562806.684,addresses,104600
4562808.876,addresses,104700
4562810.629,addresses,104800
4562812.648,addresses,104900
4562815.421,addresses,105000
4562817.712,addresses,105100
4562820.216,addresses,105200
4562822.096,addresses,105300
4562824.313,addresses,105400
4562826.430,addresses,105500
4562828.060,addresses,105600
4562830.129,addresses,105700
4562831.896,addresses,105800
4562833.390,addresses,105900
4562835.532,addresses,106000
4562837.364,addresses,106100
4562839.438,addresses,106200
4562840.933,addresses,106300
4562843.177,addresses,106400
4562845.113,addresses,106500
4562846.660,addresses,106600
4562848.243,addresses,106700
4562849.990,addresses,106800
4562851.486,addresses,106900
4562854.627,addresses,107000
4562857.170,addresses,107100
4562859.012,addresses,107200
4562863.645,addresses,107300
4562865.419,addresses,107400
4562868.372,addresses,107500
4562871.125,addresses,107600
4562874.542,addresses,107700
4562876.181,addresses,107800
4562878.170,addresses,107900
4562880.573,addresses,108000
4562883.268,addresses,108100
4562885.969,addresses,108200
4562887.631,addresses,108300
4562889.858,addresses,108400
4562892.325,addresses,108500
4562894.505,addresses,108600
4562896.623,addresses,108700
4562898.658,addresses,108800
4562903.318,addresses,108900
4562905.673,addresses,109000
4562908.695,addresses,109100
4562911.446,addresses,109200
4562913.225,addresses,109300
4562914.883,addresses,109400
4562916.589,addresses,109500
4562919.236,addresses,109600
4562920.934,addresses,109700
4562923.493,addresses,109800
4562925.558,addresses,109900
4562938.677,addresses,110000
4562941.171,addresses,110100
4562943.514,addresses,110200
4562946.015,addresses,110300
4562948.018,addresses,110400
4562949.725,addresses,110500
4562951.459,addresses,110600
4562953.639,addresses,110700
4562957.060,addresses,110800
4562959.276,addresses,110900
4562960.877,addresses,111000
4562964.148,addresses,111100
4562966.476,addresses,111200
4562970.111,addresses,111300
4562971.847,addresses,111400
4562973.628,addresses,111500
4562975.775,addresses,111600
4562977.655,addresses,111700
4562979.478,addresses,111800
4562980.933,addresses,111900
4562982.713,addresses,112000
4562984.826,addresses,112100
4562986.676,addresses,112200
4562988.255,addresses,112300
4562990.669,addresses,112400
4562992.927,addresses,112500
4562994.757,addresses,112600
4562996.561,addresses,112700
4562999.018,addresses,112800
4563001.423,addresses,112900
4563003.297,addresses,113000
4563005.133,addresses,113100
4563007.288,addresses,113200
4563009.233,addresses,113300
4563011.056,addresses,113400
4563013.412,addresses,113500
4563016.978,addresses,113600
4563019.087,addresses,113700
4563022.102,addresses,113800
4563024.416,addresses,113900
4563026.618,addresses,114000
4563029.731,addresses,114100
4563031.961,addresses,114200
4563034.055,addresses,114300
4563036.138,addresses,114400
4563038.128,addresses,114500
4563040.677,addresses,114600
4563042.493,addresses,114700
4563044.742,addresses,114800
4563046.701,addresses,114900
4563048.963,addresses,115000
4563051.005,addresses,115100
4563053.595,addresses,115200
4563055.684,addresses,115300
4563058.953,addresses,115400
4563060.845,addresses,115500
4563064.406,addresses,115600
4563070.048,addresses,115700
4563072.886,addresses,115800
4563075.261,addresses,115900
4563077.406,addresses,116000
4563080.694,addresses,116100
4563083.181,addresses,116200
4563086.255,addresses,116300
4563088.373,addresses,116400
4563092.850,addresses,116500
4563094.651,addresses,116600
4563096.629,addresses,116700
4563099.071,addresses,116800
4563102.392,addresses,116900
4563104.522,addresses,117000
4563106.554,addresses,117100
4563108.641,addresses,117200
4563110.299,addresses,117300
4563112.478,addresses,117400
4563114.115,addresses,117500
4563120.119,addresses,117600
4563122.141,addresses,117700
4563124.266,addresses,117800
4563126.313,addresses,117900
4563128.103,addresses,118000
4563129.811,addresses,118100
4563133.086,addresses,118200
4563134.914,addresses,118300
4563136.846,addresses,118400
4563140.034,addresses,118500
4563142.820,addresses,118600
4563144.930,addresses,118700
4563147.318,addresses,118800
4563149.495,addresses,118900
4563151.561,addresses,119000
4563155.152,addresses,119100
4563157.856,addresses,119200
4563159.923,addresses,119300
4563161.786,addresses,119400
4563164.195,addresses,119500
4563166.191,addresses,119600
4563168.198,addresses,119700
4563170.414,addresses,119800
4563173.049,addresses,119900
4563187.832,addresses,120000
4563190.637,addresses,120100
4563192.356,addresses,120200
4563194.079,addresses,120300
4563196.286,addresses,120400
4563199.588,addresses,120500
4563202.725,addresses,120600
4563204.677,addresses,120700
4563206.486,addresses,120800
4563209.397,addresses,120900
4563211.266,addresses,121000
4563213.292,addresses,121100
4563216.111,addresses,121200
4563218.471,addresses,121300
4563220.191,addresses,121400
4563222.119,addresses,121500
4563224.442,addresses,121600
4563226.605,addresses,121700
4563228.366,addresses,121800
4563230.452,addresses,121900
4563232.907,addresses,122000
4563234.899,addresses,122100
4563236.743,addresses,122200
4563238.515,addresses,122300
4563240.398,addresses,122400
4563242.902,addresses,122500
4563245.771,addresses,122600
4563247.586,addresses,122700
4563249.582,addresses,122800
4563251.558,addresses,122900
4563254.058,addresses,123000
4563255.936,addresses,123100
4563258.801,addresses,123200
4563260.905,addresses,123300
4563262.878,addresses,123400
4563264.826,addresses,123500
4563267.850,addresses,123600
4563270.229,addresses,123700
4563271.906,addresses,123800
4563273.758,addresses,123900
4563276.847,addresses,124000
4563279.575,addresses,124100
4563281.981,addresses,124200
4563283.747,addresses,124300
4563291.172,addresses,124400
4563293.072,addresses,124500
4563295.921,addresses,124600
4563299.158,addresses,124700
4563301.751,addresses,124800
4563304.136,addresses,124900
4563306.608,addresses,125000
4563310.076,addresses,125100
4563312.314,addresses,125200
4563314.517,addresses,125300
4563316.975,addresses,125400
4563320.162,addresses,125500
4563323.438,addresses,125600
4563327.442,addresses,125700
4563331.486,addresses,125800
4563333.684,addresses,125900
4563337.364,addresses,126000
4563340.921,addresses,126100
4563344.479,addresses,126200
4563348.079,addresses,126300
4563350.727,addresses,126400
4563353.361,addresses,126500
4563355.593,addresses,126600
4563357.533,addresses,126700
4563360.189,addresses,126800
4563362.285,addresses,126900
4563364.632,addresses,127000
4563367.372,addresses,127100
4563369.511,addresses,127200
4563371.398,addresses,127300
4563373.975,addresses,127400
4563375.863,addresses,127500
4563378.922,addresses,127600
4563382.914,addresses,127700
4563386.252,addresses,127800
4563389.213,addresses,127900
4563392.938,addresses,128000
4563396.626,addresses,128100
4563400.614,addresses,128200
4563403.805,addresses,128300
4563409.578,addresses,128400
4563412.066,addresses,128500
4563414.225,addresses,128600
4563417.268,addresses,128700
4563419.653,addresses,128800
4563422.233,addresses,128900
4563425.889,addresses,129000
4563429.956,addresses,129100
4563432.479,addresses,129200
4563435.658,addresses,129300
4563438.202,addresses,129400
4563440.888,addresses,129500
4563446.765,addresses,129600
4563450.368,addresses,129700
4563452.793,addresses,129800
4563455.619,addresses,129900
4563480.975,addresses,130000
4563484.912,addresses,130100
4563487.121,addresses,130200
4563490.249,addresses,130300
4563493.161,addresses,130400
4563496.607,addresses,130500
4563500.759,addresses,130600
4563503.225,addresses,130700
4563507.585,addresses,130800
4563510.516,addresses,130900
4563513.422,addresses,131000
4563516.900,addresses,131100
4563520.159,addresses,131200
4563524.127,addresses,131300
4563527.150,addresses,131400
4563530.171,addresses,131500
4563533.191,addresses,131600
4563536.413,addresses,131700
4563539.029,addresses,131800
4563541.759,addresses,131900
4563545.710,addresses,132000
4563548.481,addresses,132100
4563551.590,addresses,132200
4563555.175,addresses,132300
4563558.326,addresses,132400
4563560.652,addresses,132500
4563563.861,addresses,132600
4563566.650,addresses,132700
4563568.918,addresses,132800
4563572.495,addresses,132900
4563576.087,addresses,133000
4563578.733,addresses,133100
4563583.613,addresses,133200
4563587.320,addresses,133300
4563590.094,addresses,133400
4563593.203,addresses,133500
4563596.623,addresses,133600
4563600.282,addresses,133700
4563604.736,addresses,133800
4563607.585,addresses,133900
4563610.400,addresses,134000
4563613.536,addresses,134100
4563616.706,addresses,134200
4563620.998,addresses,134300
4563625.166,addresses,134400
4563629.743,addresses,134500
4563632.988,addresses,134600
4563636.583,addresses,134700
4563640.684,addresses,134800
4563643.866,addresses,134900
4563647.118,addresses,135000
4563651.201,addresses,135100
4563654.865,addresses,135200
4563660.196,addresses,135300
4563665.279,addresses,135400
4563668.948,addresses,135500
4563672.621,addresses,135600
4563675.930,addresses,135700
4563680.687,addresses,135800
4563685.135,addresses,135900
4563688.448,addresses,136000
4563692.120,addresses,136100
4563695.832,addresses,136200
4563699.948,addresses,136300
4563703.395,addresses,136400
4563706.620,addresses,136500
4563709.600,addresses,136600
4563713.151,addresses,136700
4563720.087,addresses,136800
4563723.082,addresses,136900
4563725.517,addresses,137000
4563728.500,addresses,137100
4563731.861,addresses,137200
4563734.528,addresses,137300
4563737.233,addresses,137400
4563739.667,addresses,137500
4563742.805,addresses,137600
4563746.634,addresses,137700
4563748.884,addresses,137800
4563751.391,addresses,137900
4563754.820,addresses,138000
4563757.754,addresses,138100
4563762.055,addresses,138200
4563764.291,addresses,138300
4563767.764,addresses,138400
4563770.360,addresses,138500
4563773.588,addresses,138600
4563775.939,addresses,138700
4563778.637,addresses,138800
4563781.124,addresses,138900
4563783.533,addresses,139000
4563786.425,addresses,139100
4563789.829,addresses,139200
4563793.454,addresses,139300
4563796.850,addresses,139400
4563800.634,addresses,139500
4563804.005,addresses,139600
4563807.244,addresses,139700
4563810.787,addresses,139800
4563813.539,addresses,139900
4563874.873,addresses,140000
4563878.783,addresses,140100
4563881.783,addresses,140200
4563884.680,addresses,140300
4563888.364,addresses,140400
4563891.169,addresses,140500
4563895.902,addresses,140600
4563899.769,addresses,140700
4563903.036,addresses,140800
4563907.262,addresses,140900
4563911.720,addresses,141000
4563916.565,addresses,141100
4563920.064,addresses,141200
4563923.477,addresses,141300
4563927.251,addresses,141400
4563930.343,addresses,141500
4563934.946,addresses,141600
4563937.945,addresses,141700
4563940.488,addresses,141800
4563943.137,addresses,141900
4563945.716,addresses,142000
4563948.914,addresses,142100
4563951.514,addresses,142200
4563955.037,addresses,142300
4563958.898,addresses,142400
4563962.268,addresses,142500
4563965.473,addresses,142600
4563968.814,addresses,142700
4563971.707,addresses,142800
4563976.226,addresses,142900
4563979.177,addresses,143000
4563983.651,addresses,143100
4563987.812,addresses,143200
4563991.098,addresses,143300
4563993.689,addresses,143400
4563996.863,addresses,143500
4563999.390,addresses,143600
4564003.190,addresses,143700
4564006.088,addresses,143800
4564009.444,addresses,143900
4564013.090,addresses,144000
4564015.774,addresses,144100
4564018.405,addresses,144200
4564021.974,addresses,144300
4564025.927,addresses,144400
4564028.409,addresses,144500
4564031.766,addresses,144600
4564036.272,addresses,144700
4564039.022,addresses,144800
4564042.224,addresses,144900
4564046.411,addresses,145000
4564049.035,addresses,145100
4564052.328,addresses,145200
4564056.199,addresses,145300
4564059.565,addresses,145400
4564062.148,addresses,145500
4564064.887,addresses,145600
4564068.542,addresses,145700
4564071.931,addresses,145800
4564075.536,addresses,145900
4564079.426,addresses,146000
4564082.776,addresses,146100
4564088.523,addresses,146200
4564091.875,addresses,146300
4564094.727,addresses,146400
4564097.192,addresses,146500
4564099.795,addresses,146600
4564104.437,addresses,146700
4564107.803,addresses,146800
4564111.541,addresses,146900
4564113.570,addresses,147000
4564116.743,addresses,147100
4564119.819,addresses,147200
4564123.849,addresses,147300
4564151.059,addresses,147400
4564155.777,addresses,147500
4564159.387,addresses,147600
4564162.149,addresses,147700
4564164.408,addresses,147800
4564168.588,addresses,147900
4564171.079,addresses,148000
4564176.283,addresses,148100
4564179.936,addresses,148200
4564182.127,addresses,148300
4564185.071,addresses,148400
4564188.705,addresses,148500
4564192.404,addresses,148600
4564194.442,addresses,148700
4564197.155,addresses,148800
4564200.487,addresses,148900
4564203.523,addresses,149000
4564206.245,addresses,149100
4564209.951,addresses,149200
4564214.210,addresses,149300
4564217.130,addresses,149400
4564220.591,addresses,149500
4564223.536,addresses,149600
4564227.673,addresses,149700
4564230.028,addresses,149800
4564232.946,addresses,149900
4564313.080,addresses,150000
4564315.953,addresses,150100
4564318.065,addresses,150200
4564322.027,addresses,150300
4564325.516,addresses,150400
4564329.638,addresses,150500
4564332.061,addresses,150600
4564336.315,addresses,150700
4564340.074,addresses,150800
4564342.831,addresses,150900
4564345.979,addresses,151000
4564348.620,addresses,151100
4564351.874,addresses,151200
4564354.555,addresses,151300
4564356.608,addresses,151400
4564359.822,addresses,151500
4564363.607,addresses,151600
4564366.664,addresses,151700
4564370.319,addresses,151800
4564373.421,addresses,151900
4564376.011,addresses,152000
4564378.896,addresses,152100
4564381.737,addresses,152200
4564385.204,addresses,152300
4564389.160,addresses,152400
4564392.280,addresses,152500
4564394.318,addresses,152600
4564398.025,addresses,152700
4564401.997,addresses,152800
4564405.511,addresses,152900
4564407.633,addresses,153000
4564415.013,addresses,153100
4564419.881,addresses,153200
4564422.145,addresses,153300
4564424.871,addresses,153400
4564427.730,addresses,153500
4564432.737,addresses,153600
4564435.822,addresses,153700
4564438.729,addresses,153800
4564441.412,addresses,153900
4564444.447,addresses,154000
4564449.578,addresses,154100
4564452.922,addresses,154200
4564455.070,addresses,154300
4564458.270,addresses,154400
4564461.040,addresses,154500
4564464.024,addresses,154600
4564467.074,addresses,154700
4564470.750,addresses,154800
4564473.459,addresses,154900
4564476.686,addresses,155000
4564480.256,addresses,155100
4564483.224,addresses,155200
4564490.130,addresses,155300
4564492.842,addresses,155400
4564496.009,addresses,155500
4564501.097,addresses,155600
4564504.190,addresses,155700
4564506.947,addresses,155800
4564510.036,addresses,155900
4564512.452,addresses,156000
4564516.311,addresses,156100
4564518.707,addresses,156200
4564522.034,addresses,156300
4564524.882,addresses,156400
4564528.982,addresses,156500
4564531.301,addresses,156600
4564534.362,addresses,156700
4564536.990,addresses,156800
4564539.369,addresses,156900
4564541.387,addresses,157000
4564543.700,addresses,157100
4564547.773,addresses,157200
4564550.731,addresses,157300
4564552.930,addresses,157400
4564555.899,addresses,157500
4564559.573,addresses,157600
4564561.910,addresses,157700
4564565.760,addresses,157800
4564568.688,addresses,157900
4564574.175,addresses,158000
4564576.348,addresses,158100
4564580.555,addresses,158200
4564584.368,addresses,158300
4564590.252,addresses,158400
4564592.485,addresses,158500
4564598.685,addresses,158600
4564601.639,addresses,158700
4564604.970,addresses,158800
4564606.961,addresses,158900
4564609.208,addresses,159000
4564612.515,addresses,159100
4564616.321,addresses,159200
4564618.633,addresses,159300
4564622.806,addresses,159400
4564625.432,addresses,159500
4564631.206,addresses,159600
4564634.278,addresses,159700
4564636.557,addresses,159800
4564638.628,addresses,159900
4564694.716,addresses,160000
4564698.034,addresses,160100
4564701.394,addresses,160200
4564703.903,addresses,160300
4564707.654,addresses,160400
4564710.160,addresses,160500
4564713.145,addresses,160600
4564715.806,addresses,160700
4564721.116,addresses,160800
4564725.234,addresses,160900
4564730.096,addresses,161000
4564732.573,addresses,161100
4564740.782,addresses,161200
4564743.894,addresses,161300
4564746.970,addresses,161400
4564750.331,addresses,161500
4564754.112,addresses,161600
4564757.550,addresses,161700
4564762.052,addresses,161800
4564767.351,addresses,161900
4564770.917,addresses,162000
4564775.206,addresses,162100
4564777.895,addresses,162200
4564780.393,addresses,162300
4564783.200,addresses,162400
4564785.646,addresses,162500
4564790.203,addresses,162600
4564794.561,addresses,162700
4564798.068,addresses,162800
4564801.902,addresses,162900
4564805.170,addresses,163000
4564808.020,addresses,163100
4564811.861,addresses,163200
4564815.302,addresses,163300
4564818.008,addresses,163400
4564820.989,addresses,163500
4564825.397,addresses,163600
4564827.801,addresses,163700
4564830.188,addresses,163800
4564832.858,addresses,163900
4564836.498,addresses,164000
4564839.286,addresses,164100
4564841.998,addresses,164200
4564845.470,addresses,164300
4564848.707,addresses,164400
4564852.956,addresses,164500
4564856.035,addresses,164600
4564858.944,addresses,164700
4564862.099,addresses,164800
4564864.469,addresses,164900
4564867.733,addresses,165000
4564870.456,addresses,165100
4564875.669,addresses,165200
4564878.841,addresses,165300
4564881.504,addresses,165400
4564885.209,addresses,165500
4564888.038,addresses,165600
4564890.414,addresses,165700
4564895.584,addresses,165800
4564899.687,addresses,165900
4564902.932,addresses,166000
4564905.212,addresses,166100
4564909.781,addresses,166200
4564912.969,addresses,166300
4564915.357,addresses,166400
4564918.593,addresses,166500
4564922.503,addresses,166600
4564926.720,addresses,166700
4564932.171,addresses,166800
4564935.908,addresses,166900
4564938.552,addresses,167000
4564942.295,addresses,167100
4564946.422,addresses,167200
4564948.651,addresses,167300
4564951.012,addresses,167400
4564954.023,addresses,167500
4564957.738,addresses,167600
4564960.999,addresses,167700
4564964.378,addresses,167800
4564970.104,addresses,167900
4564974.708,addresses,168000
4564978.082,addresses,168100
4564982.926,addresses,168200
4564988.013,addresses,168300
4564991.033,addresses,168400
4564994.887,addresses,168500
4564997.330,addresses,168600
4565000.516,addresses,168700
4565004.993,addresses,168800
4565007.688,addresses,168900
4565010.789,addresses,169000
4565013.307,addresses,169100
4565019.607,addresses,169200
4565023.270,addresses,169300
4565027.410,addresses,169400
4565030.409,addresses,169500
4565033.678,addresses,169600
4565036.224,addresses,169700
4565039.548,addresses,169800
4565041.927,addresses,169900
4565102.586,addresses,170000
4565105.398,addresses,170100
4565108.134,addresses,170200
4565112.784,addresses,170300
4565115.760,addresses,170400
4565118.056,addresses,170500
4565121.143,addresses,170600
4565124.767,addresses,170700
4565127.490,addresses,170800
4565129.972,addresses,170900
4565133.174,addresses,171000
4565136.240,addresses,171100
4565140.251,addresses,171200
4565142.965,addresses,171300
4565146.335,addresses,171400
4565153.798,addresses,171500
4565156.494,addresses,171600
4565163.720,addresses,171700
4565166.223,addresses,171800
4565168.720,addresses,171900
4565171.242,addresses,172000
4565176.650,addresses,172100
4565179.187,addresses,172200
4565182.500,addresses,172300
4565187.502,addresses,172400
4565191.172,addresses,172500
4565194.314,addresses,172600
4565196.603,addresses,172700
4565199.455,addresses,172800
4565202.158,addresses,172900
4565204.720,addresses,173000
4565208.499,addresses,173100
4565213.143,addresses,173200
4565216.281,addresses,173300
4565218.934,addresses,173400
4565222.658,addresses,173500
4565225.504,addresses,173600
4565227.972,addresses,173700
4565230.138,addresses,173800
4565233.820,addresses,173900
4565237.812,addresses,174000
4565242.155,addresses,174100
4565245.937,addresses,174200
4565250.197,addresses,174300
4565253.547,addresses,174400
4565257.655,addresses,174500
4565260.775,addresses,174600
4565263.263,addresses,174700
4565266.253,addresses,174800
4565270.218,addresses,174900
4565273.272,addresses,175000
4565276.806,addresses,175100
4565281.504,addresses,175200
4565286.000,addresses,175300
4565290.026,addresses,175400
4565293.637,addresses,175500
4565297.776,addresses,175600
4565300.884,addresses,175700
4565304.045,addresses,175800
4565308.343,addresses,175900
4565313.670,addresses,176000
4565316.544,addresses,176100
4565321.324,addresses,176200
4565325.235,addresses,176300
4565329.743,addresses,176400
4565333.147,addresses,176500
4565336.802,addresses,176600
4565339.630,addresses,176700
4565343.164,addresses,176800
4565345.835,addresses,176900
4565348.970,addresses,177000
4565355.146,addresses,177100
4565359.655,addresses,177200
4565363.403,addresses,177300
4565367.097,addresses,177400
4565373.481,addresses,177500
4565377.567,addresses,177600
4565380.697,addresses,177700
4565386.295,addresses,177800
4565389.173,addresses,177900
4565392.796,addresses,178000
4565396.124,addresses,178100
4565399.536,addresses,178200
4565403.480,addresses,178300
4565408.850,addresses,178400
4565412.424,addresses,178500
4565417.767,addresses,178600
4565421.576,addresses,178700
4565426.394,addresses,178800
4565430.365,addresses,178900
4565433.673,addresses,179000
4565438.195,addresses,179100
4565442.890,addresses,179200
4565445.922,addresses,179300
4565449.817,addresses,179400
4565455.464,addresses,179500
4565459.303,addresses,179600
4565462.967,addresses,179700
4565468.388,addresses,179800
4565473.492,addresses,179900
4565538.579,addresses,180000
4565546.146,addresses,180100
4565551.886,addresses,180200
4565556.538,addresses,180300
4565561.763,addresses,180400
4565566.093,addresses,180500
4565572.700,addresses,180600
4565578.722,addresses,180700
4565586.580,addresses,180800
4565592.565,addresses,180900
4565598.868,addresses,181000
4565605.562,addresses,181100
4565612.691,addresses,181200
4565618.710,addresses,181300
4565623.424,addresses,181400
4565629.954,addresses,181500
4565638.993,addresses,181600
4565645.276,addresses,181700
4565649.436,addresses,181800
4565654.646,addresses,181900
4565662.372,addresses,182000
4565667.232,addresses,182100
4565673.192,addresses,182200
4565679.998,addresses,182300
4565684.502,addresses,182400
4565689.334,addresses,182500
4565695.119,addresses,182600
4565698.747,addresses,182700
4565708.916,addresses,182800
4565715.806,addresses,182900
4565721.754,addresses,183000
4565729.556,addresses,183100
4565736.127,addresses,183200
4565740.940,addresses,183300
4565747.085,addresses,183400
4565753.052,addresses,183500
4565760.112,addresses,183600
4565764.661,addresses,183700
4565770.305,addresses,183800
4565777.384,addresses,183900
4565784.109,addresses,184000
4565791.830,addresses,184100
4565798.496,addresses,184200
4565804.493,addresses,184300
4565811.720,addresses,184400
4565819.047,addresses,184500
4565826.583,addresses,184600
4565834.104,addresses,184700
4565842.579,addresses,184800
4565848.566,addresses,184900
4565855.484,addresses,185000
4565863.117,addresses,185100
4565869.088,addresses,185200
4565874.129,addresses,185300
4565880.300,addresses,185400
4565885.511,addresses,185500
4565892.098,addresses,185600
4565898.116,addresses,185700
4565903.131,addresses,185800
4565910.457,addresses,185900
4565916.727,addresses,186000
4565921.407,addresses,186100
4565926.068,addresses,186200
4565932.034,addresses,186300
4565946.655,addresses,186400
4565954.311,addresses,186500
4565959.250,addresses,186600
4565965.003,addresses,186700
4565976.289,addresses,186800
4565983.117,addresses,186900
4565987.658,addresses,187000
4565993.218,addresses,187100
4565999.755,addresses,187200
4566005.710,addresses,187300
4566011.959,addresses,187400
4566017.410,addresses,187500
4566023.789,addresses,187600
4566029.101,addresses,187700
4566035.656,addresses,187800
4566041.742,addresses,187900
4566046.951,addresses,188000
4566052.036,addresses,188100
4566057.967,addresses,188200
4566064.259,addresses,188300
4566072.049,addresses,188400
4566078.463,addresses,188500
4566086.796,addresses,188600
4566093.534,addresses,188700
4566099.725,addresses,188800
4566104.347,addresses,188900
4566110.067,addresses,189000
4566115.161,addresses,189100
4566121.357,addresses,189200
4566129.729,addresses,189300
4566137.854,addresses,189400
4566143.930,addresses,189500
4566149.295,addresses,189600
4566154.784,addresses,189700
4566161.195,addresses,189800
4566167.422,addresses,189900
4566272.128,addresses,190000
4566280.677,addresses,190100
4566286.141,addresses,190200
4566292.412,addresses,190300
4566297.780,addresses,190400
4566302.995,addresses,190500
4566312.668,addresses,190600
4566316.977,addresses,190700
4566322.819,addresses,190800
4566328.417,addresses,190900
4566332.709,addresses,191000
4566337.582,addresses,191100
4566344.587,addresses,191200
4566350.770,addresses,191300
4566355.535,addresses,191400
4566362.854,addresses,191500
4566368.579,addresses,191600
4566376.203,addresses,191700
4566383.232,addresses,191800
4566388.410,addresses,191900
4566394.736,addresses,192000
4566400.051,addresses,192100
4566404.597,addresses,192200
4566409.324,addresses,192300
4566415.401,addresses,192400
4566420.727,addresses,192500
4566427.209,addresses,192600
4566434.095,addresses,192700
4566442.390,addresses,192800
4566448.684,addresses,192900
4566454.522,addresses,193000
4566460.004,addresses,193100
4566467.734,addresses,193200
4566473.845,addresses,193300
4566478.821,addresses,193400
4566485.395,addresses,193500
4566493.002,addresses,193600
4566500.150,addresses,193700
4566508.085,addresses,193800
4566520.695,addresses,193900
4566528.586,addresses,194000
4566534.590,addresses,194100
4566541.745,addresses,194200
4566550.241,addresses,194300
4566558.437,addresses,194400
4566566.244,addresses,194500
4566571.846,addresses,194600
4566579.933,addresses,194700
4566586.104,addresses,194800
4566593.791,addresses,194900
4566600.723,addresses,195000
4566606.397,addresses,195100
4566613.433,addresses,195200
4566620.483,addresses,195300
4566624.607,addresses,195400
4566630.842,addresses,195500
4566638.610,addresses,195600
4566643.978,addresses,195700
4566648.276,addresses,195800
4566657.143,addresses,195900
4566664.403,addresses,196000
4566670.855,addresses,196100
4566677.238,addresses,196200
4566682.455,addresses,196300
4566687.431,addresses,196400
4566693.969,addresses,196500
4566702.189,addresses,196600
4566716.836,addresses,196700
4566723.635,addresses,196800
4566729.330,addresses,196900
4566734.479,addresses,197000
4566742.455,addresses,197100
4566751.542,addresses,197200
4566755.719,addresses,197300
4566763.701,addresses,197400
4566770.759,addresses,197500
4566778.085,addresses,197600
4566783.438,addresses,197700
4566791.819,addresses,197800
4566796.663,addresses,197900
4566804.710,addresses,198000
4566810.369,addresses,198100
4566819.738,addresses,198200
4566825.298,addresses,198300
4566835.342,addresses,198400
4566842.715,addresses,198500
4566849.388,addresses,198600
4566855.415,addresses,198700
4566865.357,addresses,198800
4566871.907,addresses,198900
4566878.712,addresses,199000
4566883.265,addresses,199100
4566889.223,addresses,199200
4566894.126,addresses,199300
4566899.299,addresses,199400
4566905.114,addresses,199500
4566912.459,addresses,199600
4566923.111,addresses,199700
4566928.853,addresses,199800
4566933.270,addresses,199900
4567061.392,addresses,200000
4567067.707,addresses,200100
4567073.644,addresses,200200
4567081.156,addresses,200300
4567086.318,addresses,200400
4567092.826,addresses,200500
4567099.603,addresses,200600
4567105.454,addresses,200700
4567111.718,addresses,200800
4567116.283,addresses,200900
4567124.059,addresses,201000
4567129.657,addresses,201100
4567135.024,addresses,201200
4567139.573,addresses,201300
4567147.230,addresses,201400
4567157.795,addresses,201500
4567168.444,addresses,201600
4567176.121,addresses,201700
4567181.552,addresses,201800
4567189.868,addresses,201900
4567199.602,addresses,202000
4567205.192,addresses,202100
4567210.756,addresses,202200
4567216.848,addresses,202300
4567224.574,addresses,202400
4567232.447,addresses,202500
4567237.896,addresses,202600
4567243.900,addresses,202700
4567252.260,addresses,202800
4567257.385,addresses,202900
4567265.451,addresses,203000
4567271.727,addresses,203100
4567279.556,addresses,203200
4567286.213,addresses,203300
4567291.932,addresses,203400
4567298.696,addresses,203500
4567304.808,addresses,203600
4567310.032,addresses,203700
4567315.951,addresses,203800
4567320.826,addresses,203900
4567327.792,addresses,204000
4567338.456,addresses,204100
4567346.167,addresses,204200
4567351.991,addresses,204300
4567358.331,addresses,204400
4567369.342,addresses,204500
4567377.103,addresses,204600
4567388.807,addresses,204700
4567396.931,addresses,204800
4567402.444,addresses,204900
4567408.241,addresses,205000
4567412.620,addresses,205100
4567417.242,addresses,205200
4567420.665,addresses,205300
4567425.461,addresses,205400
4567430.770,addresses,205500
4567436.566,addresses,205600
4567443.511,addresses,205700
4567448.504,addresses,205800
4567454.069,addresses,205900
4567462.894,addresses,206000
4567469.131,addresses,206100
4567474.898,addresses,206200
4567482.069,addresses,206300
4567486.732,addresses,206400
4567492.470,addresses,206500
4567497.395,addresses,206600
4567502.607,addresses,206700
4567510.995,addresses,206800
4567517.071,addresses,206900
4567523.283,addresses,207000
4567531.055,addresses,207100
4567536.425,addresses,207200
4567540.785,addresses,207300
4567545.517,addresses,207400
4567551.242,addresses,207500
4567557.795,addresses,207600
4567562.765,addresses,207700
4567568.291,addresses,207800
4567573.092,addresses,207900
4567580.123,addresses,208000
4567585.616,addresses,208100
4567593.689,addresses,208200
4567599.518,addresses,208300
4567607.009,addresses,208400
4567613.297,addresses,208500
4567622.235,addresses,208600
4567628.758,addresses,208700
4567637.414,addresses,208800
4567644.547,addresses,208900
4567656.994,addresses,209000
4567663.056,addresses,209100
4567673.237,addresses,209200
4567677.735,addresses,209300
4567682.729,addresses,209400
4567688.004,addresses,209500
4567696.535,addresses,209600
4567703.565,addresses,209700
4567711.641,addresses,209800
4567720.054,addresses,209900
4567861.108,addresses,210000
4567870.601,addresses,210100
4567876.783,addresses,210200
4567882.364,addresses,210300
4567890.243,addresses,210400
4567895.804,addresses,210500
4567900.829,addresses,210600
4567905.845,addresses,210700
4567912.696,addresses,210800
4567920.455,addresses,210900
4567926.504,addresses,211000
4567935.805,addresses,211100
4567944.992,addresses,211200
4567950.487,addresses,211300
4567955.888,addresses,211400
4567961.719,addresses,211500
4567971.018,addresses,211600
4567976.373,addresses,211700
4567982.979,addresses,211800
4567988.723,addresses,211900
4567996.167,addresses,212000
4568005.498,addresses,212100
4568013.910,addresses,212200
4568020.830,addresses,212300
4568032.142,addresses,212400
4568038.112,addresses,212500
4568046.222,addresses,212600
4568052.284,addresses,212700
4568060.634,addresses,212800
4568068.404,addresses,212900
4568077.706,addresses,213000
4568085.181,addresses,213100
4568096.992,addresses,213200
4568103.689,addresses,213300
4568110.745,addresses,213400
4568116.245,addresses,213500
4568123.289,addresses,213600
4568129.798,addresses,213700
4568135.140,addresses,213800
4568140.402,addresses,213900
4568147.417,addresses,214000
4568155.526,addresses,214100
4568161.345,addresses,214200
4568168.331,addresses,214300
4568175.418,addresses,214400
4568184.946,addresses,214500
4568192.824,addresses,214600
4568198.645,addresses,214700
4568205.391,addresses,214800
4568212.856,addresses,214900
4568217.235,addresses,215000
4568226.313,addresses,215100
4568233.590,addresses,215200
4568240.696,addresses,215300
4568245.472,addresses,215400
4568253.787,addresses,215500
4568260.349,addresses,215600
4568267.141,addresses,215700
4568273.727,addresses,215800
4568279.405,addresses,215900
4568290.190,addresses,216000
4568300.056,addresses,216100
4568307.342,addresses,216200
4568317.071,addresses,216300
4568327.833,addresses,216400
4568333.552,addresses,216500
4568341.961,addresses,216600
4568348.600,addresses,216700
4568361.838,addresses,216800
4568368.682,addresses,216900
4568378.440,addresses,217000
4568387.048,addresses,217100
4568398.537,addresses,217200
4568406.054,addresses,217300
4568414.243,addresses,217400
4568422.834,addresses,217500
4568433.002,addresses,217600
4568440.104,addresses,217700
4568448.266,addresses,217800
4568454.530,addresses,217900
4568462.953,addresses,218000
4568472.039,addresses,218100
4568480.371,addresses,218200
4568486.489,addresses,218300
4568493.448,addresses,218400
4568502.166,addresses,218500
4568508.684,addresses,218600
4568516.044,addresses,218700
4568527.465,addresses,218800
4568538.480,addresses,218900
4568546.436,addresses,219000
4568558.556,addresses,219100
4568570.161,addresses,219200
4568577.435,addresses,219300
4568584.631,addresses,219400
4568590.268,addresses,219500
4568598.747,addresses,219600
4568636.010,addresses,219700
4568643.982,addresses,219800
4568650.417,addresses,219900
4568805.182,addresses,220000
4568813.855,addresses,220100
4568824.334,addresses,220200
4568831.298,addresses,220300
4568839.420,addresses,220400
4568848.695,addresses,220500
4568857.588,addresses,220600
4568866.025,addresses,220700
4568876.122,addresses,220800
4568883.347,addresses,220900
4568889.494,addresses,221000
4568897.297,addresses,221100
4568905.385,addresses,221200
4568914.358,addresses,221300
4568923.407,addresses,221400
4568928.785,addresses,221500
4568939.329,addresses,221600
4568947.157,addresses,221700
4568955.167,addresses,221800
4568962.720,addresses,221900
4568971.140,addresses,222000
4568978.093,addresses,222100
4568983.659,addresses,222200
4568990.123,addresses,222300
4568998.913,addresses,222400
4569007.355,addresses,222500
4569013.989,addresses,222600
4569022.464,addresses,222700
4569030.826,addresses,222800
4569042.973,addresses,222900
4569051.231,addresses,223000
4569059.085,addresses,223100
4569067.711,addresses,223200
4569075.740,addresses,223300
4569081.746,addresses,223400
4569089.440,addresses,223500
4569101.244,addresses,223600
4569110.339,addresses,223700
4569118.961,addresses,223800
4569127.614,addresses,223900
4569136.002,addresses,224000
4569144.995,addresses,224100
4569151.658,addresses,224200
4569158.555,addresses,224300
4569169.725,addresses,224400
4569177.811,addresses,224500
4569189.831,addresses,224600
4569196.524,addresses,224700
4569206.751,addresses,224800
4569213.772,addresses,224900
4569220.038,addresses,225000
4569229.412,addresses,225100
4569242.273,addresses,225200
4569250.538,addresses,225300
4569261.185,addresses,225400
4569270.708,addresses,225500
4569279.312,addresses,225600
4569289.085,addresses,225700
4569299.744,addresses,225800
4569309.231,addresses,225900
4569318.126,addresses,226000
4569325.114,addresses,226100
4569330.831,addresses,226200
4569338.767,addresses,226300
4569344.306,addresses,226400
4569355.099,addresses,226500
4569360.560,addresses,226600
4569366.315,addresses,226700
4569373.049,addresses,226800
4569378.967,addresses,226900
4569384.203,addresses,227000
4569389.408,addresses,227100
4569395.442,addresses,227200
4569401.325,addresses,227300
4569410.613,addresses,227400
4569417.015,addresses,227500
4569426.220,addresses,227600
4569433.010,addresses,227700
4569440.221,addresses,227800
4569449.019,addresses,227900
4569458.644,addresses,228000
4569466.226,addresses,228100
4569478.372,addresses,228200
4569489.811,addresses,228300
4569501.391,addresses,228400
4569509.598,addresses,228500
4569517.100,addresses,228600
4569524.771,addresses,228700
4569534.360,addresses,228800
4569541.570,addresses,228900
4569550.115,addresses,229000
4569557.853,addresses,229100
4569572.152,addresses,229200
4569582.732,addresses,229300
4569593.415,addresses,229400
4569602.709,addresses,229500
4569618.517,addresses,229600
4569629.338,addresses,229700
4569638.701,addresses,229800
4569646.446,addresses,229900
4569831.903,addresses,230000
4569840.358,addresses,230100
4569850.878,addresses,230200
4569859.482,addresses,230300
4569869.446,addresses,230400
4569876.954,addresses,230500
4569887.553,addresses,230600
4569896.014,addresses,230700
4569907.117,addresses,230800
4569919.632,addresses,230900
4569929.162,addresses,231000
4569940.634,addresses,231100
4569952.184,addresses,231200
4569960.541,addresses,231300
4569969.778,addresses,231400
4569985.087,addresses,231500
4570002.694,addresses,231600
4570012.426,addresses,231700
4570021.795,addresses,231800
4570032.985,addresses,231900
4570044.245,addresses,232000
4570055.811,addresses,232100
4570065.317,addresses,232200
4570074.548,addresses,232300
4570083.528,addresses,232400
4570092.735,addresses,232500
4570101.648,addresses,232600
4570108.807,addresses,232700
4570117.584,addresses,232800
4570129.902,addresses,232900
4570141.182,addresses,233000
4570148.898,addresses,233100
4570157.515,addresses,233200
4570169.519,addresses,233300
4570175.935,addresses,233400
4570182.771,addresses,233500
4570190.947,addresses,233600
4570199.776,addresses,233700
4570206.837,addresses,233800
4570214.905,addresses,233900
4570227.840,addresses,234000
4570236.571,addresses,234100
4570246.938,addresses,234200
4570256.673,addresses,234300
4570268.419,addresses,234400
4570275.281,addresses,234500
4570284.855,addresses,234600
4570294.691,addresses,234700
4570306.334,addresses,234800
4570315.584,addresses,234900
4570324.463,addresses,235000
4570335.439,addresses,235100
4570351.432,addresses,235200
4570361.839,addresses,235300
4570369.408,addresses,235400
4570380.673,addresses,235500
4570392.036,addresses,235600
4570404.047,addresses,235700
4570411.392,addresses,235800
4570418.982,addresses,235900
4570427.661,addresses,236000
4570438.843,addresses,236100
4570447.756,addresses,236200
4570458.603,addresses,236300
4570468.906,addresses,236400
4570477.943,addresses,236500
4570486.659,addresses,236600
4570495.938,addresses,236700
4570504.262,addresses,236800
4570512.488,addresses,236900
4570521.933,addresses,237000
4570530.760,addresses,237100
4570540.623,addresses,237200
4570548.011,addresses,237300
4570554.679,addresses,237400
4570566.437,addresses,237500
4570574.740,addresses,237600
4570587.893,addresses,237700
4570595.041,addresses,237800
4570603.640,addresses,237900
4570610.689,addresses,238000
4570616.967,addresses,238100
4570627.423,addresses,238200
4570635.047,addresses,238300
4570645.840,addresses,238400
4570656.811,addresses,238500
4570670.650,addresses,238600
4570678.755,addresses,238700
4570686.218,addresses,238800
4570692.305,addresses,238900
4570698.770,addresses,239000
4570704.797,addresses,239100
4570712.408,addresses,239200
4570721.344,addresses,239300
4570726.857,addresses,239400
4570731.982,addresses,239500
4570745.219,addresses,239600
4570752.702,addresses,239700
4570760.880,addresses,239800
4570769.407,addresses,239900
4570985.892,addresses,240000
4570993.572,addresses,240100
4571003.238,addresses,240200
4571010.525,addresses,240300
4571020.002,addresses,240400
4571025.994,addresses,240500
4571036.940,addresses,240600
4571044.043,addresses,240700
4571051.178,addresses,240800
4571061.049,addresses,240900
4571067.144,addresses,241000
4571073.414,addresses,241100
4571082.181,addresses,241200
4571089.679,addresses,241300
4571096.230,addresses,241400
4571106.851,addresses,241500
4571115.870,addresses,241600
4571121.474,addresses,241700
4571130.896,addresses,241800
4571136.613,addresses,241900
4571143.642,addresses,242000
4571151.781,addresses,242100
4571158.677,addresses,242200
4571166.266,addresses,242300
4571174.662,addresses,242400
4571182.307,addresses,242500
4571192.504,addresses,242600
4571199.979,addresses,242700
4571209.344,addresses,242800
4571218.187,addresses,242900
4571227.872,addresses,243000
4571234.462,addresses,243100
4571241.375,addresses,243200
4571247.658,addresses,243300
4571255.261,addresses,243400
4571264.006,addresses,243500
4571276.059,addresses,243600
4571287.503,addresses,243700
4571292.860,addresses,243800
4571302.850,addresses,243900
4571309.157,addresses,244000
4571317.108,addresses,244100
4571323.828,addresses,244200
4571332.198,addresses,244300
4571339.094,addresses,244400
4571346.446,addresses,244500
4571353.637,addresses,244600
4571362.924,addresses,244700
4571372.090,addresses,244800
4571377.365,addresses,244900
4571383.214,addresses,245000
4571390.171,addresses,245100
4571396.721,addresses,245200
4571401.351,addresses,245300
4571409.699,addresses,245400
4571418.780,addresses,245500
4571424.679,addresses,245600
4571431.149,addresses,245700
4571439.131,addresses,245800
4571449.067,addresses,245900
4571458.576,addresses,246000
4571466.786,addresses,246100
4571476.458,addresses,246200
4571484.542,addresses,246300
4571491.312,addresses,246400
4571498.397,addresses,246500
4571506.229,addresses,246600
4571514.912,addresses,246700
4571523.299,addresses,246800
4571531.418,addresses,246900
4571542.825,addresses,247000
4571551.398,addresses,247100
4571558.016,addresses,247200
4571563.807,addresses,247300
4571570.816,addresses,247400
4571575.757,addresses,247500
4571581.345,addresses,247600
4571587.225,addresses,247700
4571594.265,addresses,247800
4571600.520,addresses,247900
4571614.108,addresses,248000
4571620.548,addresses,248100
4571634.589,addresses,248200
4571643.418,addresses,248300
4571651.832,addresses,248400
4571658.833,addresses,248500
4571668.813,addresses,248600
4571676.556,addresses,248700
4571685.367,addresses,248800
4571694.691,addresses,248900
4571711.424,addresses,249000
4571718.040,addresses,249100
4571728.692,addresses,249200
4571740.827,addresses,249300
4571750.926,addresses,249400
4571760.573,addresses,249500
4571769.472,addresses,249600
4571782.876,addresses,249700
4571791.775,addresses,249800
4571798.674,addresses,249900
4572106.042,addresses,250000
4572132.145,addresses,250100
4572149.653,addresses,250200
4572159.319,addresses,250300
4572167.383,addresses,250400
4572175.221,addresses,250500
4572183.233,addresses,250600
4572189.497,addresses,250700
4572201.909,addresses,250800
4572208.306,addresses,250900
4572215.734,addresses,251000
4572221.481,addresses,251100
4572229.963,addresses,251200
4572241.998,addresses,251300
4572248.776,addresses,251400
4572254.726,addresses,251500
4572263.244,addresses,251600
4572268.025,addresses,251700
4572274.386,addresses,251800
4572285.499,addresses,251900
4572295.415,addresses,252000
4572304.470,addresses,252100
4572312.452,addresses,252200
4572319.653,addresses,252300
4572334.194,addresses,252400
4572342.701,addresses,252500
4572348.927,addresses,252600
4572357.715,addresses,252700
4572364.164,addresses,252800
4572375.931,addresses,252900
4572383.705,addresses,253000
4572393.895,addresses,253100
4572401.169,addresses,253200
4572409.675,addresses,253300
4572416.503,addresses,253400
4572423.338,addresses,253500
4572429.896,addresses,253600
4572440.065,addresses,253700
4572448.580,addresses,253800
4572455.712,addresses,253900
4572462.559,addresses,254000
4572470.176,addresses,254100
4572478.369,addresses,254200
4572487.891,addresses,254300
4572497.910,addresses,254400
4572504.927,addresses,254500
4572512.507,addresses,254600
4572524.827,addresses,254700
4572535.059,addresses,254800
4572544.046,addresses,254900
4572552.407,addresses,255000
4572563.230,addresses,255100
4572573.366,addresses,255200
4572581.073,addresses,255300
4572587.347,addresses,255400
4572594.989,addresses,255500
4572601.556,addresses,255600
4572608.431,addresses,255700
4572617.569,addresses,255800
4572625.643,addresses,255900
4572633.602,addresses,256000
4572639.980,addresses,256100
4572651.853,addresses,256200
4572661.242,addresses,256300
4572669.666,addresses,256400
4572678.446,addresses,256500
4572688.434,addresses,256600
4572697.148,addresses,256700
4572706.697,addresses,256800
4572712.387,addresses,256900
4572721.421,addresses,257000
4572728.642,addresses,257100
4572736.879,addresses,257200
4572744.080,addresses,257300
4572753.432,addresses,257400
4572758.926,addresses,257500
4572767.789,addresses,257600
4572777.422,addresses,257700
4572790.326,addresses,257800
4572795.304,addresses,257900
4572804.106,addresses,258000
4572812.811,addresses,258100
4572820.103,addresses,258200
4572826.726,addresses,258300
4572836.433,addresses,258400
4572844.523,addresses,258500
4572854.199,addresses,258600
4572865.510,addresses,258700
4572871.911,addresses,258800
4572880.107,addresses,258900
4572886.035,addresses,259000
4572892.805,addresses,259100
4572902.423,addresses,259200
4572909.305,addresses,259300
4572921.957,addresses,259400
4572927.547,addresses,259500
4572934.359,addresses,259600
4572942.319,addresses,259700
4572951.513,addresses,259800
4572964.043,addresses,259900
4573190.619,addresses,260000
4573205.725,addresses,260100
4573212.374,addresses,260200
4573222.260,addresses,260300
4573233.430,addresses,260400
4573242.504,addresses,260500
4573251.324,addresses,260600
4573256.993,addresses,260700
4573264.323,addresses,260800
4573274.373,addresses,260900
4573282.781,addresses,261000
4573293.573,addresses,261100
4573303.530,addresses,261200
4573310.712,addresses,261300
4573319.980,addresses,261400
4573328.058,addresses,261500
4573337.951,addresses,261600
4573347.390,addresses,261700
4573356.717,addresses,261800
4573362.341,addresses,261900
4573369.933,addresses,262000
4573376.478,addresses,262100
4573383.104,addresses,262200
4573396.078,addresses,262300
4573403.156,addresses,262400
4573411.373,addresses,262500
4573420.132,addresses,262600
4573430.876,addresses,262700
4573440.822,addresses,262800
4573447.074,addresses,262900
4573457.255,addresses,263000
4573462.661,addresses,263100
4573470.880,addresses,263200
4573478.832,addresses,263300
4573484.458,addresses,263400
4573489.728,addresses,263500
4573495.985,addresses,263600
4573505.096,addresses,263700
4573513.064,addresses,263800
4573519.364,addresses,263900
4573525.651,addresses,264000
4573534.054,addresses,264100
4573543.478,addresses,264200
4573550.222,addresses,264300
4573559.424,addresses,264400
4573566.826,addresses,264500
4573578.086,addresses,264600
4573585.106,addresses,264700
4573595.126,addresses,264800
4573600.724,addresses,264900
4573610.249,addresses,265000
4573619.707,addresses,265100
4573629.090,addresses,265200
4573635.822,addresses,265300
4573644.770,addresses,265400
4573651.435,addresses,265500
4573661.898,addresses,265600
4573672.141,addresses,265700
4573682.576,addresses,265800
4573690.018,addresses,265900
4573701.861,addresses,266000
4573710.286,addresses,266100
4573716.602,addresses,266200
4573722.880,addresses,266300
4573730.199,addresses,266400
4573736.370,addresses,266500
4573746.543,addresses,266600
4573752.933,addresses,266700
4573762.880,addresses,266800
4573774.133,addresses,266900
4573782.358,addresses,267000
4573789.832,addresses,267100
4573800.557,addresses,267200
4573810.675,addresses,267300
4573816.916,addresses,267400
4573824.647,addresses,267500
4573834.447,addresses,267600
4573839.719,addresses,267700
4573848.015,addresses,267800
4573857.445,addresses,267900
4573866.923,addresses,268000
4573875.919,addresses,268100
4573885.913,addresses,268200
4573897.153,addresses,268300
4573907.121,addresses,268400
4573917.346,addresses,268500
4573929.825,addresses,268600
4573946.907,addresses,268700
4573957.647,addresses,268800
4573965.267,addresses,268900
4573976.258,addresses,269000
4573984.266,addresses,269100
4573991.464,addresses,269200
4574000.693,addresses,269300
4574007.163,addresses,269400
4574018.695,addresses,269500
4574028.486,addresses,269600
4574041.825,addresses,269700
4574050.168,addresses,269800
4574057.912,addresses,269900
4574346.373,addresses,270000
4574357.424,addresses,270100
4574366.569,addresses,270200
4574378.330,addresses,270300
4574394.642,addresses,270400
4574407.615,addresses,270500
4574421.961,addresses,270600
4574434.892,addresses,270700
4574448.086,addresses,270800
4574460.882,addresses,270900
4574471.472,addresses,271000
4574488.789,addresses,271100
4574498.410,addresses,271200
4574514.409,addresses,271300
4574522.611,addresses,271400
4574534.358,addresses,271500
4574548.146,addresses,271600
4574560.731,addresses,271700
4574572.818,addresses,271800
4574584.942,addresses,271900
4574601.808,addresses,272000
4574612.858,addresses,272100
4574625.117,addresses,272200
4574640.141,addresses,272300
4574650.000,addresses,272400
4574660.407,addresses,272500
4574669.625,addresses,272600
4574681.921,addresses,272700
4574693.547,addresses,272800
4574705.682,addresses,272900
4574718.735,addresses,273000
4574731.879,addresses,273100
4574745.693,addresses,273200
4574756.022,addresses,273300
4574763.608,addresses,273400
4574772.925,addresses,273500
4574790.555,addresses,273600
4574798.682,addresses,273700
4574805.472,addresses,273800
4574812.353,addresses,273900
4574822.350,addresses,274000
4574831.833,addresses,274100
4574843.687,addresses,274200
4574858.512,addresses,274300
4574871.166,addresses,274400
4574878.859,addresses,274500
4574894.812,addresses,274600
4574905.736,addresses,274700
4574916.655,addresses,274800
4574926.055,addresses,274900
4574933.594,addresses,275000
4574947.131,addresses,275100
4574956.208,addresses,275200
4574968.083,addresses,275300
4574976.923,addresses,275400
4574985.153,addresses,275500
4574997.159,addresses,275600
4575009.259,addresses,275700
4575017.427,addresses,275800
4575029.812,addresses,275900
4575039.583,addresses,276000
4575055.408,addresses,276100
4575068.271,addresses,276200
4575078.152,addresses,276300
4575090.173,addresses,276400
4575103.107,addresses,276500
4575167.116,addresses,276600
4575175.335,addresses,276700
4575189.257,addresses,276800
4575197.214,addresses,276900
4575205.061,addresses,277000
4575218.407,addresses,277100
4575231.362,addresses,277200
4575244.495,addresses,277300
4575252.156,addresses,277400
4575262.488,addresses,277500
4575272.025,addresses,277600
4575281.507,addresses,277700
4575291.992,addresses,277800
4575299.653,addresses,277900
4575307.837,addresses,278000
4575312.886,addresses,278100
4575323.536,addresses,278200
4575338.968,addresses,278300
4575352.216,addresses,278400
4575362.648,addresses,278500
4575374.075,addresses,278600
4575386.144,addresses,278700
4575397.747,addresses,278800
4575406.730,addresses,278900
4575418.986,addresses,279000
4575426.154,addresses,279100
4575436.563,addresses,279200
4575444.046,addresses,279300
4575456.937,addresses,279400
4575464.041,addresses,279500
4575473.338,addresses,279600
4575483.313,addresses,279700
4575491.525,addresses,279800
4575498.603,addresses,279900
4575900.644,addresses,280000
4575911.187,addresses,280100
4575918.231,addresses,280200
4575926.569,addresses,280300
4575944.489,addresses,280400
4575953.268,addresses,280500
4575965.660,addresses,280600
4575973.940,addresses,280700
4575982.243,addresses,280800
4575993.491,addresses,280900
4576005.603,addresses,281000
4576014.479,addresses,281100
4576024.802,addresses,281200
4576034.374,addresses,281300
4576043.950,addresses,281400
4576052.089,addresses,281500
4576072.257,addresses,281600
4576089.622,addresses,281700
4576099.965,addresses,281800
4576108.367,addresses,281900
4576122.103,addresses,282000
4576135.662,addresses,282100
4576143.979,addresses,282200
4576154.966,addresses,282300
4576164.668,addresses,282400
4576173.525,addresses,282500
4576182.141,addresses,282600
4576191.752,addresses,282700
4576205.153,addresses,282800
4576220.212,addresses,282900
4576235.367,addresses,283000
4576247.334,addresses,283100
4576257.042,addresses,283200
4576265.947,addresses,283300
4576277.668,addresses,283400
4576287.968,addresses,283500
4576297.775,addresses,283600
4576305.710,addresses,283700
4576312.995,addresses,283800
4576320.729,addresses,283900
4576335.848,addresses,284000
4576347.917,addresses,284100
4576358.614,addresses,284200
4576379.061,addresses,284300
4576393.732,addresses,284400
4576408.079,addresses,284500
4576418.900,addresses,284600
4576430.206,addresses,284700
4576440.020,addresses,284800
4576451.229,addresses,284900
4576463.100,addresses,285000
4576480.436,addresses,285100
4576496.209,addresses,285200
4576505.248,addresses,285300
4576519.399,addresses,285400
4576531.013,addresses,285500
4576543.474,addresses,285600
4576554.822,addresses,285700
4576566.029,addresses,285800
4576581.061,addresses,285900
4576596.613,addresses,286000
4576607.382,addresses,286100
4576623.204,addresses,286200
4576638.977,addresses,286300
4576653.786,addresses,286400
4576664.200,addresses,286500
4576677.139,addresses,286600
4576686.257,addresses,286700
4576697.862,addresses,286800
4576711.420,addresses,286900
4576725.874,addresses,287000
4576737.032,addresses,287100
4576762.392,addresses,287200
4576774.675,addresses,287300
4576784.350,addresses,287400
4576798.919,addresses,287500
4576811.338,addresses,287600
4576823.202,addresses,287700
4576837.801,addresses,287800
4576854.712,addresses,287900
4576872.032,addresses,288000
4576887.220,addresses,288100
4576900.809,addresses,288200
4576911.311,addresses,288300
4576928.084,addresses,288400
4576941.446,addresses,288500
4576958.245,addresses,288600
4576979.491,addresses,288700
4576998.565,addresses,288800
4577018.013,addresses,288900
4577029.489,addresses,289000
4577046.748,addresses,289100
4577059.911,addresses,289200
4577069.993,addresses,289300
4577082.637,addresses,289400
4577092.866,addresses,289500
4577107.136,addresses,289600
4577118.873,addresses,289700
4577131.264,addresses,289800
4577144.939,addresses,289900
4577557.225,addresses,290000
4577571.122,addresses,290100
4577583.809,addresses,290200
4577601.355,addresses,290300
4577621.744,addresses,290400
4577641.720,addresses,290500
4577655.332,addresses,290600
4577665.777,addresses,290700
4577679.848,addresses,290800
4577689.215,addresses,290900
4577699.389,addresses,291000
4577712.196,addresses,291100
4577723.026,addresses,291200
4577732.461,addresses,291300
4577746.242,addresses,291400
4577756.460,addresses,291500
4577772.132,addresses,291600
4577783.864,addresses,291700
4577796.150,addresses,291800
4577809.522,addresses,291900
4577818.049,addresses,292000
4577826.872,addresses,292100
4577838.390,addresses,292200
4577851.546,addresses,292300
4577867.290,addresses,292400
4577880.330,addresses,292500
4577892.165,addresses,292600
4577903.699,addresses,292700
4577916.657,addresses,292800
4577926.605,addresses,292900
4577936.895,addresses,293000
4577945.488,addresses,293100
4577957.974,addresses,293200
4577969.850,addresses,293300
4577984.168,addresses,293400
4577998.562,addresses,293500
4578013.341,addresses,293600
4578028.640,addresses,293700
4578044.270,addresses,293800
4578052.382,addresses,293900
4578066.522,addresses,294000
4578081.725,addresses,294100
4578091.263,addresses,294200
4578100.590,addresses,294300
4578116.532,addresses,294400
4578126.308,addresses,294500
4578138.234,addresses,294600
4578149.635,addresses,294700
4578163.524,addresses,294800
4578174.362,addresses,294900
4578188.457,addresses,295000
4578198.650,addresses,295100
4578217.211,addresses,295200
4578226.425,addresses,295300
4578236.324,addresses,295400
4578245.539,addresses,295500
4578258.483,addresses,295600
4578275.103,addresses,295700
4578283.476,addresses,295800
4578298.950,addresses,295900
4578310.681,addresses,296000
4578322.753,addresses,296100
4578336.342,addresses,296200
4578349.876,addresses,296300
4578362.422,addresses,296400
4578376.776,addresses,296500
4578393.501,addresses,296600
4578402.554,addresses,296700
4578417.604,addresses,296800
4578431.450,addresses,296900
4578443.373,addresses,297000
4578454.197,addresses,297100
4578473.567,addresses,297200
4578484.700,addresses,297300
4578496.389,addresses,297400
4578507.792,addresses,297500
4578526.326,addresses,297600
4578539.633,addresses,297700
4578548.116,addresses,297800
4578560.133,addresses,297900
4578576.341,addresses,298000
4578585.289,addresses,298100
4578601.465,addresses,298200
4578611.218,addresses,298300
4578627.330,addresses,298400
4578642.232,addresses,298500
4578653.110,addresses,298600
4578670.025,addresses,298700
4578680.544,addresses,298800
4578693.205,addresses,298900
4578705.873,addresses,299000
4578717.956,addresses,299100
4578733.262,addresses,299200
4578745.426,addresses,299300
4578753.681,addresses,299400
4578764.233,addresses,299500
4578779.610,addresses,299600
4578790.995,addresses,299700
4578809.313,addresses,299800
4578823.728,addresses,299900
4579279.174,addresses,300000
4579294.070,addresses,300100
4579303.488,addresses,300200
4579319.169,addresses,300300
4579332.268,addresses,300400
4579343.011,addresses,300500
4579355.103,addresses,300600
4579368.737,addresses,300700
4579382.329,addresses,300800
4579396.143,addresses,300900
4579407.565,addresses,301000
4579422.647,addresses,301100
4579433.653,addresses,301200
4579448.532,addresses,301300
4579466.053,addresses,301400
4579476.853,addresses,301500
4579489.518,addresses,301600
4579502.362,addresses,301700
4579518.893,addresses,301800
4579537.188,addresses,301900
4579557.805,addresses,302000
4579572.156,addresses,302100
4579587.195,addresses,302200
4579600.328,addresses,302300
4579612.628,addresses,302400
4579622.523,addresses,302500
4579636.650,addresses,302600
4579648.745,addresses,302700
4579662.338,addresses,302800
4579678.461,addresses,302900
4579689.448,addresses,303000
4579701.901,addresses,303100
4579718.739,addresses,303200
4579729.178,addresses,303300
4579741.066,addresses,303400
4579751.640,addresses,303500
4579763.798,addresses,303600
4579778.212,addresses,303700
4579787.718,addresses,303800
4579798.458,addresses,303900
4579809.860,addresses,304000
4579821.758,addresses,304100
4579831.121,addresses,304200
4579846.988,addresses,304300
4579863.457,addresses,304400
4579879.885,addresses,304500
4579892.033,addresses,304600
4579902.395,addresses,304700
4579915.485,addresses,304800
4579927.898,addresses,304900
4579939.127,addresses,305000
4579948.912,addresses,305100
4579968.322,addresses,305200
4579983.076,addresses,305300
4579997.870,addresses,305400
4580010.142,addresses,305500
4580023.876,addresses,305600
4580034.378,addresses,305700
4580046.914,addresses,305800
4580055.525,addresses,305900
4580073.048,addresses,306000
4580082.342,addresses,306100
4580097.337,addresses,306200
4580112.229,addresses,306300
4580123.872,addresses,306400
4580133.835,addresses,306500
4580145.914,addresses,306600
4580156.413,addresses,306700
4580167.934,addresses,306800
4580180.288,addresses,306900
4580190.778,addresses,307000
4580199.243,addresses,307100
4580209.765,addresses,307200
4580227.048,addresses,307300
4580242.079,addresses,307400
4580254.360,addresses,307500
4580266.537,addresses,307600
4580279.085,addresses,307700
4580290.059,addresses,307800
4580300.203,addresses,307900
4580316.691,addresses,308000
4580333.358,addresses,308100
4580353.119,addresses,308200
4580360.757,addresses,308300
4580371.304,addresses,308400
4580387.808,addresses,308500
4580400.638,addresses,308600
4580420.321,addresses,308700
4580441.556,addresses,308800
4580458.213,addresses,308900
4580462.494,bitview_vecs,831040
4580474.201,addresses,309000
4580487.522,addresses,309100
4580504.575,addresses,309200
4580513.845,addresses,309300
4580523.719,addresses,309400
4580537.211,addresses,309500
4580548.177,addresses,309600
4580563.396,addresses,309700
4580581.280,addresses,309800
4580592.919,addresses,309900
4581085.579,addresses,310000
4581099.311,addresses,310100
4581114.352,addresses,310200
4581131.778,addresses,310300
4581143.530,addresses,310400
4581155.214,addresses,310500
4581171.597,addresses,310600
4581184.598,addresses,310700
4581205.611,addresses,310800
4581217.604,addresses,310900
4581226.260,addresses,311000
4581240.145,addresses,311100
4581253.646,addresses,311200
4581266.224,addresses,311300
4581282.990,addresses,311400
4581293.522,addresses,311500
4581307.626,addresses,311600
4581321.458,addresses,311700
4581335.077,addresses,311800
4581353.973,addresses,311900
4581367.839,addresses,312000
4581379.430,addresses,312100
4581394.752,addresses,312200
4581412.334,addresses,312300
4581430.319,addresses,312400
4581454.439,addresses,312500
4581467.722,addresses,312600
4581477.009,addresses,312700
4581493.126,addresses,312800
4581509.109,addresses,312900
4581519.353,addresses,313000
4581534.995,addresses,313100
4581548.811,addresses,313200
4581560.599,addresses,313300
4581572.659,addresses,313400
4581583.874,addresses,313500
4581598.818,addresses,313600
4581610.474,addresses,313700
4581622.779,addresses,313800
4581640.889,addresses,313900
4581658.996,addresses,314000
4581675.850,addresses,314100
4581688.923,addresses,314200
4581706.521,addresses,314300
4581721.033,addresses,314400
4581731.481,addresses,314500
4581747.332,addresses,314600
4581761.700,addresses,314700
4581775.178,addresses,314800
4581789.903,addresses,314900
4581803.952,addresses,315000
4581817.557,addresses,315100
4581834.349,addresses,315200
4581849.751,addresses,315300
4581861.163,addresses,315400
4581886.837,addresses,315500
4581899.900,addresses,315600
4581913.907,addresses,315700
4581927.292,addresses,315800
4581942.830,addresses,315900
4581956.617,addresses,316000
4581971.059,addresses,316100
4581983.323,addresses,316200
4582000.960,addresses,316300
4582015.085,addresses,316400
4582028.731,addresses,316500
4582047.384,addresses,316600
4582060.056,addresses,316700
4582078.946,addresses,316800
4582092.177,addresses,316900
4582113.729,addresses,317000
4582126.582,addresses,317100
4582143.785,addresses,317200
4582162.307,addresses,317300
4582178.079,addresses,317400
4582197.208,addresses,317500
4582209.746,addresses,317600
4582228.540,addresses,317700
4582248.363,addresses,317800
4582257.070,addresses,317900
4582271.889,addresses,318000
4582286.631,addresses,318100
4582301.993,addresses,318200
4582312.924,addresses,318300
4582323.857,addresses,318400
4582336.749,addresses,318500
4582350.203,addresses,318600
4582366.723,addresses,318700
4582390.795,addresses,318800
4582403.682,addresses,318900
4582419.274,addresses,319000
4582433.620,addresses,319100
4582449.676,addresses,319200
4582467.931,addresses,319300
4582478.353,addresses,319400
4582494.209,addresses,319500
4582514.601,addresses,319600
4582526.133,addresses,319700
4582540.643,addresses,319800
4582558.130,addresses,319900
4583104.434,addresses,320000
4583131.276,addresses,320100
4583147.673,addresses,320200
4583162.531,addresses,320300
4583178.121,addresses,320400
4583191.198,addresses,320500
4583207.010,addresses,320600
4583229.807,addresses,320700
4583249.513,addresses,320800
4583266.026,addresses,320900
4583284.143,addresses,321000
4583297.135,addresses,321100
4583310.389,addresses,321200
4583324.871,addresses,321300
4583346.403,addresses,321400
4583358.077,addresses,321500
4583371.607,addresses,321600
4583382.427,addresses,321700
4583393.168,addresses,321800
4583406.524,addresses,321900
4583420.384,addresses,322000
4583436.197,addresses,322100
4583450.864,addresses,322200
4583463.756,addresses,322300
4583482.577,addresses,322400
4583499.088,addresses,322500
4583512.829,addresses,322600
4583528.331,addresses,322700
4583544.830,addresses,322800
4583557.231,addresses,322900
4583574.845,addresses,323000
4583590.987,addresses,323100
4583605.755,addresses,323200
4583622.484,addresses,323300
4583637.175,addresses,323400
4583649.632,addresses,323500
4583664.523,addresses,323600
4583687.617,addresses,323700
4583710.491,addresses,323800
4583723.007,addresses,323900
4583742.479,addresses,324000
4583755.997,addresses,324100
4583776.424,addresses,324200
4583788.664,addresses,324300
4583804.038,addresses,324400
4583819.911,addresses,324500
4583833.694,addresses,324600
4583850.163,addresses,324700
4583865.676,addresses,324800
4583882.793,addresses,324900
4583899.561,addresses,325000
4583915.356,addresses,325100
4583933.513,addresses,325200
4583951.425,addresses,325300
4583970.368,addresses,325400
4583990.589,addresses,325500
4584012.542,addresses,325600
4584031.006,addresses,325700
4584045.431,addresses,325800
4584059.956,addresses,325900
4584075.903,addresses,326000
4584099.721,addresses,326100
4584117.381,addresses,326200
4584130.066,addresses,326300
4584148.484,addresses,326400
4584162.225,addresses,326500
4584175.998,addresses,326600
4584191.216,addresses,326700
4584206.893,addresses,326800
4584221.854,addresses,326900
4584237.423,addresses,327000
4584254.387,addresses,327100
4584276.454,addresses,327200
4584291.654,addresses,327300
4584306.834,addresses,327400
4584327.294,addresses,327500
4584342.885,addresses,327600
4584355.444,addresses,327700
4584367.055,addresses,327800
4584382.984,addresses,327900
4584395.613,addresses,328000
4584408.340,addresses,328100
4584427.982,addresses,328200
4584445.239,addresses,328300
4584461.634,addresses,328400
4584473.017,addresses,328500
4584486.280,addresses,328600
4584501.102,addresses,328700
4584516.480,addresses,328800
4584540.613,addresses,328900
4584557.046,addresses,329000
4584572.434,addresses,329100
4584592.147,addresses,329200
4584609.200,addresses,329300
4584629.227,addresses,329400
4584649.428,addresses,329500
4584670.612,addresses,329600
4584686.664,addresses,329700
4584874.552,addresses,329800
4584893.304,addresses,329900
4585444.181,addresses,330000
4585476.322,addresses,330100
4585496.927,addresses,330200
4585533.235,addresses,330300
4585551.299,addresses,330400
4585570.045,addresses,330500
4585585.296,addresses,330600
4585604.184,addresses,330700
4585629.490,addresses,330800
4585653.264,addresses,330900
4585681.784,addresses,331000
4585698.992,addresses,331100
4585718.354,addresses,331200
4585736.640,addresses,331300
4585755.507,addresses,331400
4585772.398,addresses,331500
4585792.786,addresses,331600
4585809.948,addresses,331700
4585825.385,addresses,331800
4585850.003,addresses,331900
4585872.270,addresses,332000
4585886.274,addresses,332100
4585901.483,addresses,332200
4585917.623,addresses,332300
4585939.802,addresses,332400
4585962.666,addresses,332500
4585980.130,addresses,332600
4585999.317,addresses,332700
4586019.138,addresses,332800
4586039.138,addresses,332900
4586056.166,addresses,333000
4586071.043,addresses,333100
4586094.482,addresses,333200
4586115.953,addresses,333300
4586132.498,addresses,333400
4586149.558,addresses,333500
4586172.888,addresses,333600
4586194.789,addresses,333700
4586215.684,addresses,333800
4586229.964,addresses,333900
4586249.674,addresses,334000
4586268.865,addresses,334100
4586284.862,addresses,334200
4586301.826,addresses,334300
4586328.499,addresses,334400
4586359.157,addresses,334500
4586379.255,addresses,334600
4586397.032,addresses,334700
4586422.639,addresses,334800
4586441.249,addresses,334900
4586461.332,addresses,335000
4586476.817,addresses,335100
4586502.262,addresses,335200
4586524.783,addresses,335300
4586543.267,addresses,335400
4586560.726,addresses,335500
4586580.797,addresses,335600
4586597.561,addresses,335700
4586608.358,addresses,335800
4586621.984,addresses,335900
4586639.469,addresses,336000
4586652.012,addresses,336100
4586670.059,addresses,336200
4586683.097,addresses,336300
4586706.132,addresses,336400
4586719.310,addresses,336500
4586734.281,addresses,336600
4586749.955,addresses,336700
4586769.031,addresses,336800
4586783.578,addresses,336900
4586793.474,addresses,337000
4586815.458,addresses,337100
4586836.376,addresses,337200
4586861.511,addresses,337300
4586877.007,addresses,337400
4586894.873,addresses,337500
4586916.736,addresses,337600
4586933.814,addresses,337700
4586950.223,addresses,337800
4586964.844,addresses,337900
4586988.714,addresses,338000
4587004.875,addresses,338100
4587025.025,addresses,338200
4587044.431,addresses,338300
4587071.742,addresses,338400
4587085.186,addresses,338500
4587100.751,addresses,338600
4587119.595,addresses,338700
4587153.698,addresses,338800
4587181.894,addresses,338900
4587201.948,addresses,339000
4587227.081,addresses,339100
4587248.513,addresses,339200
4587264.374,addresses,339300
4587286.906,addresses,339400
4587302.511,addresses,339500
4587320.851,addresses,339600
4587340.058,addresses,339700
4587361.813,addresses,339800
4587383.020,addresses,339900
4588006.752,addresses,340000
4588035.290,addresses,340100
4588055.676,addresses,340200
4588075.403,addresses,340300
4588094.213,addresses,340400
4588122.344,addresses,340500
4588149.548,addresses,340600
4588179.726,addresses,340700
4588207.788,addresses,340800
4588221.614,addresses,340900
4588236.283,addresses,341000
4588254.456,addresses,341100
4588276.611,addresses,341200
4588295.324,addresses,341300
4588316.542,addresses,341400
4588328.019,addresses,341500
4588353.582,addresses,341600
4588371.002,addresses,341700
4588396.522,addresses,341800
4588413.908,addresses,341900
4588438.167,addresses,342000
4588456.753,addresses,342100
4588470.507,addresses,342200
4588489.345,addresses,342300
4588508.817,addresses,342400
4588526.159,addresses,342500
4588550.302,addresses,342600
4588569.973,addresses,342700
4588595.251,addresses,342800
4588611.276,addresses,342900
4588626.110,addresses,343000
4588643.482,addresses,343100
4588667.874,addresses,343200
4588691.296,addresses,343300
4588712.408,addresses,343400
4588732.283,addresses,343500
4588766.412,addresses,343600
4588787.222,addresses,343700
4588806.787,addresses,343800
4588835.375,addresses,343900
4588854.829,addresses,344000
4588875.061,addresses,344100
4588887.092,addresses,344200
4588908.988,addresses,344300
4588925.235,addresses,344400
4588953.196,addresses,344500
4588972.427,addresses,344600
4588992.676,addresses,344700
4589015.801,addresses,344800
4589043.208,addresses,344900
4589065.287,addresses,345000
4589083.664,addresses,345100
4589107.492,addresses,345200
4589124.238,addresses,345300
4589144.467,addresses,345400
4589162.146,addresses,345500
4589187.678,addresses,345600
4589203.781,addresses,345700
4589226.399,addresses,345800
4589249.853,addresses,345900
4589271.448,addresses,346000
4589290.699,addresses,346100
4589315.735,addresses,346200
4589337.582,addresses,346300
4589358.077,addresses,346400
4589377.636,addresses,346500
4589396.394,addresses,346600
4589409.071,addresses,346700
4589435.003,addresses,346800
4589454.906,addresses,346900
4589475.993,addresses,347000
4589493.453,addresses,347100
4589514.330,addresses,347200
4589534.965,addresses,347300
4589556.453,addresses,347400
4589577.496,addresses,347500
4589602.120,addresses,347600
4589618.071,addresses,347700
4589640.449,addresses,347800
4589661.651,addresses,347900
4589681.199,addresses,348000
4589698.672,addresses,348100
4589720.370,addresses,348200
4589740.952,addresses,348300
4589766.430,addresses,348400
4589785.546,addresses,348500
4589806.275,addresses,348600
4589822.035,addresses,348700
4589845.251,addresses,348800
4589865.387,addresses,348900
4589875.942,addresses,349000
4589896.444,addresses,349100
4589911.559,addresses,349200
4589925.496,addresses,349300
4589943.591,addresses,349400
4589960.245,addresses,349500
4589976.704,addresses,349600
4589996.214,addresses,349700
4590010.060,addresses,349800
4590037.637,addresses,349900
4590807.903,addresses,350000
4590831.480,addresses,350100
4590851.840,addresses,350200
4590876.190,addresses,350300
4590896.049,addresses,350400
4590917.017,addresses,350500
4590936.864,addresses,350600
4590956.878,addresses,350700
4590974.106,addresses,350800
4591004.920,addresses,350900
4591026.104,addresses,351000
4591042.208,addresses,351100
4591070.145,addresses,351200
4591092.460,addresses,351300
4591110.406,addresses,351400
4591138.590,addresses,351500
4591159.787,addresses,351600
4591181.995,addresses,351700
4591196.727,addresses,351800
4591223.227,addresses,351900
4591248.393,addresses,352000
4591267.708,addresses,352100
4591287.289,addresses,352200
4591308.229,addresses,352300
4591330.696,addresses,352400
4591346.881,addresses,352500
4591365.490,addresses,352600
4591386.551,addresses,352700
4591407.931,addresses,352800
4591428.849,addresses,352900
4591447.230,addresses,353000
4591465.664,addresses,353100
4591485.887,addresses,353200
4591505.642,addresses,353300
4591528.936,addresses,353400
4591552.605,addresses,353500
4591576.548,addresses,353600
4591594.981,addresses,353700
4591614.573,addresses,353800
4591642.120,addresses,353900
4591664.193,addresses,354000
4591683.333,addresses,354100
4591712.164,addresses,354200
4591733.238,addresses,354300
4591758.897,addresses,354400
4591774.144,addresses,354500
4591789.282,addresses,354600
4591808.110,addresses,354700
4591826.706,addresses,354800
4591845.463,addresses,354900
4591867.406,addresses,355000
4591885.109,addresses,355100
4591907.217,addresses,355200
4591926.839,addresses,355300
4591952.703,addresses,355400
4591970.720,addresses,355500
4591997.297,addresses,355600
4592015.533,addresses,355700
4592036.984,addresses,355800
4592052.569,addresses,355900
4592084.407,addresses,356000
4592103.507,addresses,356100
4592127.525,addresses,356200
4592150.760,addresses,356300
4592171.597,addresses,356400
4592189.270,addresses,356500
4592207.143,addresses,356600
4592226.988,addresses,356700
4592239.999,addresses,356800
4592259.291,addresses,356900
4592279.187,addresses,357000
4592300.044,addresses,357100
4592327.132,addresses,357200
4592343.773,addresses,357300
4592362.393,addresses,357400
4592386.212,addresses,357500
4592417.413,addresses,357600
4592443.952,addresses,357700
4592462.208,addresses,357800
4592490.241,addresses,357900
4592518.158,addresses,358000
4592537.578,addresses,358100
4592557.161,addresses,358200
4592582.100,addresses,358300
4592608.842,addresses,358400
4592623.784,addresses,358500
4592649.776,addresses,358600
4592676.110,addresses,358700
4592694.657,addresses,358800
4592723.442,addresses,358900
4592754.473,addresses,359000
4592777.230,addresses,359100
4592798.826,addresses,359200
4592821.979,addresses,359300
4592844.951,addresses,359400
4592866.880,addresses,359500
4592891.960,addresses,359600
4592914.454,addresses,359700
4592927.642,addresses,359800
4592953.710,addresses,359900
4593780.857,addresses,360000
4593812.930,addresses,360100
4593845.203,addresses,360200
4593876.844,addresses,360300
4593904.052,addresses,360400
4593933.574,addresses,360500
4593963.656,addresses,360600
4593985.735,addresses,360700
4594023.176,addresses,360800
4594041.932,addresses,360900
4594075.678,addresses,361000
4594106.397,addresses,361100
4594135.659,addresses,361200
4594170.344,addresses,361300
4594192.747,addresses,361400
4594217.982,addresses,361500
4594242.769,addresses,361600
4594268.746,addresses,361700
4594300.928,addresses,361800
4594330.994,addresses,361900
4594367.527,addresses,362000
4594395.803,addresses,362100
4594420.660,addresses,362200
4594443.133,addresses,362300
4594470.088,addresses,362400
4594495.617,addresses,362500
4594512.303,addresses,362600
4594544.524,addresses,362700
4594578.935,addresses,362800
4594599.016,addresses,362900
4594627.568,addresses,363000
4594654.349,addresses,363100
4594686.798,addresses,363200
4594715.866,addresses,363300
4594742.091,addresses,363400
4594760.468,addresses,363500
4594788.647,addresses,363600
4594810.235,addresses,363700
4594832.096,addresses,363800
4594852.701,addresses,363900
4594880.598,addresses,364000
4594903.470,addresses,364100
4594930.180,addresses,364200
4594958.433,addresses,364300
4594987.931,addresses,364400
4595016.846,addresses,364500
4595048.773,addresses,364600
4595075.601,addresses,364700
4595108.341,addresses,364800
4595140.287,addresses,364900
4595167.172,addresses,365000
4595198.809,addresses,365100
4595230.130,addresses,365200
4595255.211,addresses,365300
4595279.366,addresses,365400
4595300.975,addresses,365500
4595337.440,addresses,365600
4595376.412,addresses,365700
4595399.759,addresses,365800
4595424.951,addresses,365900
4595448.633,addresses,366000
4595475.181,addresses,366100
4595501.465,addresses,366200
4595525.832,addresses,366300
4595556.571,addresses,366400
4595581.625,addresses,366500
4595605.516,addresses,366600
4595623.534,addresses,366700
4595651.319,addresses,366800
4595671.657,addresses,366900
4595695.391,addresses,367000
4595721.416,addresses,367100
4595761.226,addresses,367200
4595785.782,addresses,367300
4595814.136,addresses,367400
4595848.171,addresses,367500
4595896.987,addresses,367600
4595929.284,addresses,367700
4595972.177,addresses,367800
4596005.046,addresses,367900
4596041.226,addresses,368000
4596064.278,addresses,368100
4596085.901,addresses,368200
4596112.335,addresses,368300
4596159.924,addresses,368400
4596191.342,addresses,368500
4596229.354,addresses,368600
4596260.944,addresses,368700
4596294.690,addresses,368800
4596324.767,addresses,368900
4596351.515,addresses,369000
4596372.954,addresses,369100
4596393.453,addresses,369200
4596428.522,addresses,369300
4596443.272,addresses,369400
4596472.235,addresses,369500
4596501.140,addresses,369600
4596526.109,addresses,369700
4596550.525,addresses,369800
4596579.497,addresses,369900
4597379.027,addresses,370000
4597399.103,addresses,370100
4597426.420,addresses,370200
4597451.499,addresses,370300
4597480.737,addresses,370400
4597505.676,addresses,370500
4597529.475,addresses,370600
4597551.764,addresses,370700
4597590.923,addresses,370800
4597616.548,addresses,370900
4597638.698,addresses,371000
4597659.788,addresses,371100
4597689.128,addresses,371200
4597717.432,addresses,371300
4597743.409,addresses,371400
4597769.666,addresses,371500
4597793.807,addresses,371600
4597817.355,addresses,371700
4597846.612,addresses,371800
4597870.763,addresses,371900
4597900.208,addresses,372000
4597928.443,addresses,372100
4597943.266,addresses,372200
4597967.255,addresses,372300
4597993.655,addresses,372400
4598019.167,addresses,372500
4598045.285,addresses,372600
4598073.820,addresses,372700
4598107.405,addresses,372800
4598131.698,addresses,372900
4598147.302,addresses,373000
4598173.625,addresses,373100
4598204.412,addresses,373200
4598223.553,addresses,373300
4598249.295,addresses,373400
4598275.962,addresses,373500
4598319.980,addresses,373600
4598349.620,addresses,373700
4598377.015,addresses,373800
4598404.559,addresses,373900
4598429.918,addresses,374000
4598460.309,addresses,374100
4598482.435,addresses,374200
4598503.681,addresses,374300
4598534.729,addresses,374400
4598565.571,addresses,374500
4598593.581,addresses,374600
4598622.137,addresses,374700
4598654.098,addresses,374800
4598682.532,addresses,374900
4598714.135,addresses,375000
4598740.914,addresses,375100
4598768.658,addresses,375200
4598794.755,addresses,375300
4598823.829,addresses,375400
4598852.918,addresses,375500
4598874.117,addresses,375600
4598899.137,addresses,375700
4598925.320,addresses,375800
4598946.909,addresses,375900
4598980.439,addresses,376000
4599001.245,addresses,376100
4599019.465,addresses,376200
4599042.873,addresses,376300
4599066.285,addresses,376400
4599093.174,addresses,376500
4599122.553,addresses,376600
4599147.812,addresses,376700
4599174.368,addresses,376800
4599210.829,addresses,376900
4599234.921,addresses,377000
4599264.648,addresses,377100
4599295.028,addresses,377200
4599321.541,addresses,377300
4599337.798,addresses,377400
4599361.933,addresses,377500
4599390.494,addresses,377600
4599409.877,addresses,377700
4599437.267,addresses,377800
4599462.730,addresses,377900
4599498.563,addresses,378000
4599528.643,addresses,378100
4599557.793,addresses,378200
4599580.766,addresses,378300
4599601.718,addresses,378400
4599630.475,addresses,378500
4599662.089,addresses,378600
4599688.220,addresses,378700
4599711.219,addresses,378800
4599735.153,addresses,378900
4599773.446,addresses,379000
4599813.571,addresses,379100
4599841.760,addresses,379200
4599876.663,addresses,379300
4599908.165,addresses,379400
4599937.230,addresses,379500
4599961.360,addresses,379600
4599991.663,addresses,379700
4600025.640,addresses,379800
4600049.360,addresses,379900
4601104.860,addresses,380000
4601165.307,addresses,380100
4601200.616,addresses,380200
4601236.651,addresses,380300
4601268.893,addresses,380400
4601294.470,addresses,380500
4601327.402,addresses,380600
4601353.841,addresses,380700
4601380.798,addresses,380800
4601408.991,addresses,380900
4601447.222,addresses,381000
4601477.084,addresses,381100
4601505.751,addresses,381200
4601532.466,addresses,381300
4601557.667,addresses,381400
4601584.884,addresses,381500
4601628.949,addresses,381600
4601678.118,addresses,381700
4601758.848,addresses,381800
4601808.350,addresses,381900
4601880.688,addresses,382000
4601917.626,addresses,382100
4601952.203,addresses,382200
4601982.571,addresses,382300
4602010.470,addresses,382400
4602038.935,addresses,382500
4602063.149,addresses,382600
4602091.568,addresses,382700
4602123.445,addresses,382800
4602147.950,addresses,382900
4602176.935,addresses,383000
4602200.346,addresses,383100
4602228.031,addresses,383200
4602254.032,addresses,383300
4602275.098,addresses,383400
4602305.546,addresses,383500
4602346.569,addresses,383600
4602372.520,addresses,383700
4602396.246,addresses,383800
4602427.575,addresses,383900
4602459.866,addresses,384000
4602491.030,addresses,384100
4602523.342,addresses,384200
4602553.062,addresses,384300
4602593.655,addresses,384400
4602617.187,addresses,384500
4602641.090,addresses,384600
4602661.919,addresses,384700
4602685.572,addresses,384800
4602708.848,addresses,384900
4602744.300,addresses,385000
4602767.545,addresses,385100
4602802.062,addresses,385200
4602839.490,addresses,385300
4602863.361,addresses,385400
4602978.029,addresses,385500
4603017.049,addresses,385600
4603046.145,addresses,385700
4603074.452,addresses,385800
4603094.468,addresses,385900
4603134.580,addresses,386000
4603165.710,addresses,386100
4603197.822,addresses,386200
4603230.387,addresses,386300
4603257.381,addresses,386400
4603283.421,addresses,386500
4603312.371,addresses,386600
4603338.634,addresses,386700
4603371.091,addresses,386800
4603397.403,addresses,386900
4603427.664,addresses,387000
4603460.149,addresses,387100
4603495.690,addresses,387200
4603525.235,addresses,387300
4603555.772,addresses,387400
4603584.593,addresses,387500
4603618.949,addresses,387600
4603644.448,addresses,387700
4603669.601,addresses,387800
4603699.625,addresses,387900
4603736.628,addresses,388000
4603776.514,addresses,388100
4603814.290,addresses,388200
4603850.951,addresses,388300
4603884.542,addresses,388400
4603911.850,addresses,388500
4603943.858,addresses,388600
4603978.343,addresses,388700
4604021.060,addresses,388800
4604054.340,addresses,388900
4604084.842,addresses,389000
4604117.222,addresses,389100
4604153.011,addresses,389200
4604178.096,addresses,389300
4604209.945,addresses,389400
4604243.981,addresses,389500
4604285.219,addresses,389600
4604319.379,addresses,389700
4604349.198,addresses,389800
4604384.723,addresses,389900
4605632.893,addresses,390000
4605677.864,addresses,390100
4605712.308,addresses,390200
4605738.864,addresses,390300
4605763.729,addresses,390400
4605795.619,addresses,390500
4605821.185,addresses,390600
4605850.134,addresses,390700
4605886.651,addresses,390800
4605911.268,addresses,390900
4605939.759,addresses,391000
4605980.099,addresses,391100
4606007.210,addresses,391200
4606034.558,addresses,391300
4606061.696,addresses,391400
4606087.112,addresses,391500
4606117.864,addresses,391600
4606137.329,addresses,391700
4606169.740,addresses,391800
4606201.497,addresses,391900
4606243.555,addresses,392000
4606273.534,addresses,392100
4606314.691,addresses,392200
4606340.385,addresses,392300
4606370.947,addresses,392400
4606399.122,addresses,392500
4606428.020,addresses,392600
4606451.787,addresses,392700
4606490.241,addresses,392800
4606527.383,addresses,392900
4606554.808,addresses,393000
4606591.013,addresses,393100
4606633.489,addresses,393200
4606668.483,addresses,393300
4606701.548,addresses,393400
4606736.994,addresses,393500
4606772.161,addresses,393600
4606807.915,addresses,393700
4606837.178,addresses,393800
4606871.077,addresses,393900
4606912.827,addresses,394000
4606947.514,addresses,394100
4606988.537,addresses,394200
4607039.123,addresses,394300
4607076.699,addresses,394400
4607104.983,addresses,394500
4607137.159,addresses,394600
4607179.105,addresses,394700
4607212.651,addresses,394800
4607238.686,addresses,394900
4607267.796,addresses,395000
4607305.566,addresses,395100
4607344.790,addresses,395200
4607380.614,addresses,395300
4607429.094,addresses,395400
4607460.090,addresses,395500
4607496.709,addresses,395600
4607527.435,addresses,395700
4607554.569,addresses,395800
4607586.455,addresses,395900
4607622.655,addresses,396000
4607656.396,addresses,396100
4607696.877,addresses,396200
4607729.944,addresses,396300
4607767.520,addresses,396400
4607796.355,addresses,396500
4607820.669,addresses,396600
4607855.710,addresses,396700
4607889.626,addresses,396800
4607920.066,addresses,396900
4607947.559,addresses,397000
4607977.352,addresses,397100
4608022.412,addresses,397200
4608059.595,addresses,397300
4608096.228,addresses,397400
4608124.725,addresses,397500
4608161.196,addresses,397600
4608194.086,addresses,397700
4608225.122,addresses,397800
4608261.751,addresses,397900
4608307.898,addresses,398000
4608341.880,addresses,398100
4608380.407,addresses,398200
4608411.533,addresses,398300
4608444.026,addresses,398400
4608481.505,addresses,398500
4608519.182,addresses,398600
4608546.401,addresses,398700
4608586.229,addresses,398800
4608618.073,addresses,398900
4608655.603,addresses,399000
4608685.948,addresses,399100
4608732.132,addresses,399200
4608782.254,addresses,399300
4608833.079,addresses,399400
4608880.696,addresses,399500
4609212.676,addresses,399600
4609273.475,addresses,399700
4609316.713,addresses,399800
4609355.537,addresses,399900
4610674.238,addresses,400000
4610806.601,addresses,400100
4610877.958,addresses,400200
4610929.670,addresses,400300
4610973.567,addresses,400400
4611020.314,addresses,400500
4611081.105,addresses,400600
4611142.954,addresses,400700
4611201.290,addresses,400800
4611251.284,addresses,400900
4611298.883,addresses,401000
4611343.641,addresses,401100
4611397.969,addresses,401200
4611435.201,addresses,401300
4611464.017,addresses,401400
4611500.476,addresses,401500
4611546.805,addresses,401600
4611585.723,addresses,401700
4611618.872,addresses,401800
4611662.621,addresses,401900
4611694.097,addresses,402000
4611734.189,addresses,402100
4611766.090,addresses,402200
4611797.112,addresses,402300
4611826.552,addresses,402400
4611854.937,addresses,402500
4611884.811,addresses,402600
4611923.717,addresses,402700
4611969.952,addresses,402800
4611996.651,addresses,402900
4612035.656,addresses,403000
4612074.191,addresses,403100
4612110.485,addresses,403200
4612143.134,addresses,403300
4612176.720,addresses,403400
4612205.545,addresses,403500
4612254.938,addresses,403600
4612296.335,addresses,403700
4612335.683,addresses,403800
4612373.047,addresses,403900
4612405.242,addresses,404000
4612441.993,addresses,404100
4612469.888,addresses,404200
4612501.433,addresses,404300
4612550.977,addresses,404400
4612584.052,addresses,404500
4612613.044,addresses,404600
4612648.191,addresses,404700
4612685.454,addresses,404800
4612727.757,addresses,404900
4612768.200,addresses,405000
4612818.126,addresses,405100
4612861.559,addresses,405200
4612896.126,addresses,405300
4612940.655,addresses,405400
4612981.130,addresses,405500
4613019.110,addresses,405600
4613051.042,addresses,405700
4613085.017,addresses,405800
4613124.924,addresses,405900
4613161.384,addresses,406000
4613203.430,addresses,406100
4613241.889,addresses,406200
4613279.160,addresses,406300
4613331.597,addresses,406400
4613370.580,addresses,406500
4613398.206,addresses,406600
4613437.210,addresses,406700
4613476.457,addresses,406800
4613513.582,addresses,406900
4613552.948,addresses,407000
4613582.687,addresses,407100
4613632.871,addresses,407200
4613674.646,addresses,407300
4613710.534,addresses,407400
4613748.582,addresses,407500
4613788.456,addresses,407600
4613824.839,addresses,407700
4613867.971,addresses,407800
4613906.737,addresses,407900
4613942.017,addresses,408000
4613977.508,addresses,408100
4614023.874,addresses,408200
4614055.247,addresses,408300
4614091.537,addresses,408400
4614131.268,addresses,408500
4614162.709,addresses,408600
4614190.033,addresses,408700
4614236.846,addresses,408800
4614281.144,addresses,408900
4614322.601,addresses,409000
4614358.053,addresses,409100
4614431.654,addresses,409200
4614478.304,addresses,409300
4614525.946,addresses,409400
4614558.935,addresses,409500
4614602.160,addresses,409600
4614640.709,addresses,409700
4614680.091,addresses,409800
4614727.812,addresses,409900
4616246.852,addresses,410000
4616316.986,addresses,410100
4616355.203,addresses,410200
4616404.190,addresses,410300
4616442.159,addresses,410400
4616474.464,addresses,410500
4616514.895,addresses,410600
4616568.429,addresses,410700
4616609.770,addresses,410800
4616654.271,addresses,410900
4616702.337,addresses,411000
4616758.164,addresses,411100
4616801.240,addresses,411200
4616841.340,addresses,411300
4616876.662,addresses,411400
4616917.416,addresses,411500
4638858.447,addresses,411600
4639294.092,addresses,411700
4639581.219,addresses,411800
4639787.998,addresses,411900
4639953.468,addresses,412000
4640099.098,addresses,412100
4640251.523,addresses,412200
4640364.428,addresses,412300
4640512.489,addresses,412400
4640579.185,addresses,412500
4640632.863,addresses,412600
4640682.039,addresses,412700
4640736.889,addresses,412800
4640880.116,addresses,412900
4640933.911,addresses,413000
4640965.221,addresses,413100
4641028.746,addresses,413200
4641111.524,addresses,413300
4641216.785,addresses,413400
4641273.239,addresses,413500
4641377.075,addresses,413600
4641453.229,addresses,413700
4641542.648,addresses,413800
4641610.198,addresses,413900
4641707.882,addresses,414000
4641762.040,addresses,414100
4641811.651,addresses,414200
4641876.495,addresses,414300
4641935.460,addresses,414400
4641995.220,addresses,414500
4642065.598,addresses,414600
4642113.071,addresses,414700
4642178.033,addresses,414800
4642336.598,addresses,414900
4642378.479,addresses,415000
4642431.849,addresses,415100
4642493.629,addresses,415200
4642537.513,addresses,415300
4642603.966,addresses,415400
4642657.823,addresses,415500
4642742.962,addresses,415600
4642809.049,addresses,415700
4642850.486,addresses,415800
4642902.187,addresses,415900
4642971.601,addresses,416000
4643019.451,addresses,416100
4643075.384,addresses,416200
4643120.874,addresses,416300
4643172.452,addresses,416400
4643211.576,addresses,416500
4643251.522,addresses,416600
4643313.632,addresses,416700
4643363.532,addresses,416800
4643415.447,addresses,416900
4643463.783,addresses,417000
4643514.463,addresses,417100
4643561.960,addresses,417200
4643621.469,addresses,417300
4643663.389,addresses,417400
4643700.283,addresses,417500
4643770.724,addresses,417600
4643820.314,addresses,417700
4643890.545,addresses,417800
4643963.916,addresses,417900
4644018.110,addresses,418000
4644060.042,addresses,418100
4644109.430,addresses,418200
4644157.046,addresses,418300
4644202.742,addresses,418400
4644241.917,addresses,418500
4644292.082,addresses,418600
4644330.150,addresses,418700
4644377.379,addresses,418800
4644423.579,addresses,418900
4644454.603,addresses,419000
4644476.395,addresses,419100
4644513.768,addresses,419200
4644547.257,addresses,419300
4644585.887,addresses,419400
4644628.989,addresses,419500
4644669.455,addresses,419600
4644702.474,addresses,419700
4644737.670,addresses,419800
4644781.848,addresses,419900
4646590.000,addresses,420000
4646682.470,addresses,420100
4646757.431,addresses,420200
4646808.485,addresses,420300
4646865.228,addresses,420400
4646906.851,addresses,420500
4646955.679,addresses,420600
4647002.715,addresses,420700
4647070.236,addresses,420800
4647123.328,addresses,420900
4647170.622,addresses,421000
4647235.111,addresses,421100
4647277.802,addresses,421200
4647314.514,addresses,421300
4647353.961,addresses,421400
4647391.933,addresses,421500
4647442.725,addresses,421600
4647487.885,addresses,421700
4647532.515,addresses,421800
4647587.100,addresses,421900
4647660.439,addresses,422000
4647702.389,addresses,422100
4647751.154,addresses,422200
4647788.742,addresses,422300
4647841.373,addresses,422400
4647902.931,addresses,422500
4647948.626,addresses,422600
4648001.313,addresses,422700
4648048.103,addresses,422800
4648092.130,addresses,422900
4648148.475,addresses,423000
4648187.031,addresses,423100
4648242.688,addresses,423200
4648299.854,addresses,423300
4648344.237,addresses,423400
4648398.493,addresses,423500
4648458.534,addresses,423600
4648507.087,addresses,423700
4648544.467,addresses,423800
4648596.696,addresses,423900
4648639.774,addresses,424000
4648691.304,addresses,424100
4648731.156,addresses,424200
4648828.293,addresses,424300
4648879.796,addresses,424400
4648931.857,addresses,424500
4648997.054,addresses,424600
4649053.969,addresses,424700
4649121.468,addresses,424800
4649195.004,addresses,424900
4649254.589,addresses,425000
4649306.967,addresses,425100
4649346.104,addresses,425200
4649390.278,addresses,425300
4649440.475,addresses,425400
4649483.779,addresses,425500
4649559.804,addresses,425600
4649594.677,addresses,425700
4649636.562,addresses,425800
4649674.063,addresses,425900
4649712.668,addresses,426000
4649748.304,addresses,426100
4649774.292,addresses,426200
4649816.583,addresses,426300
4649878.952,addresses,426400
4649928.829,addresses,426500
4649971.298,addresses,426600
4650010.740,addresses,426700
4650075.151,addresses,426800
4650117.496,addresses,426900
4650178.067,addresses,427000
4650223.437,addresses,427100
4650277.386,addresses,427200
4650326.836,addresses,427300
4650368.865,addresses,427400
4650446.063,addresses,427500
4650498.844,addresses,427600
4650557.492,addresses,427700
4650603.266,addresses,427800
4650653.246,addresses,427900
4650694.540,addresses,428000
4650756.269,addresses,428100
4650791.945,addresses,428200
4650835.244,addresses,428300
4650892.889,addresses,428400
4650943.666,addresses,428500
4650987.656,addresses,428600
4651038.419,addresses,428700
4651088.055,addresses,428800
4651137.608,addresses,428900
4651192.949,addresses,429000
4651238.460,addresses,429100
4651284.582,addresses,429200
4651313.225,addresses,429300
4651348.646,addresses,429400
4651397.985,addresses,429500
4651440.744,addresses,429600
4651477.464,addresses,429700
4651573.439,addresses,429800
4651621.830,addresses,429900
4653393.903,addresses,430000
4653460.547,addresses,430100
4653515.204,addresses,430200
4653576.936,addresses,430300
4653633.263,addresses,430400
4653689.088,addresses,430500
4653745.611,addresses,430600
4653788.589,addresses,430700
4653853.773,addresses,430800
4653889.593,addresses,430900
4653941.518,addresses,431000
4654000.516,addresses,431100
4654061.887,addresses,431200
4654103.695,addresses,431300
4654146.951,addresses,431400
4654200.184,addresses,431500
4654242.704,addresses,431600
4654288.012,addresses,431700
4654349.536,addresses,431800
4654384.760,addresses,431900
4654437.075,addresses,432000
4654490.560,addresses,432100
4654552.078,addresses,432200
4654601.731,addresses,432300
4654653.058,addresses,432400
4654679.739,addresses,432500
4654739.094,addresses,432600
4654816.698,addresses,432700
4654864.506,addresses,432800
4654920.995,addresses,432900
4654957.407,addresses,433000
4654992.866,addresses,433100
4655048.146,addresses,433200
4655087.505,addresses,433300
4655135.966,addresses,433400
4655180.344,addresses,433500
4655235.466,addresses,433600
4655278.341,addresses,433700
4655320.847,addresses,433800
4655371.774,addresses,433900
4655440.430,addresses,434000
4655494.176,addresses,434100
4655542.202,addresses,434200
4655590.223,addresses,434300
4655652.124,addresses,434400
4655696.770,addresses,434500
4655742.195,addresses,434600
4655788.475,addresses,434700
4655850.897,addresses,434800
4655898.644,addresses,434900
4655929.612,addresses,435000
4655970.235,addresses,435100
4656036.385,addresses,435200
4656077.387,addresses,435300
4656108.367,addresses,435400
4656159.164,addresses,435500
4656222.519,addresses,435600
4656273.905,addresses,435700
4656330.354,addresses,435800
4656485.077,addresses,435900
4656578.565,addresses,436000
4656639.473,addresses,436100
4656702.245,addresses,436200
4656746.994,addresses,436300
4656819.231,addresses,436400
4656928.194,addresses,436500
4657006.260,addresses,436600
4657098.214,addresses,436700
4657172.125,addresses,436800
4657365.485,addresses,436900
4657455.991,addresses,437000
4657520.026,addresses,437100
4657607.302,addresses,437200
4657674.703,addresses,437300
4657719.900,addresses,437400
4657768.561,addresses,437500
4657826.025,addresses,437600
4657885.326,addresses,437700
4658260.329,addresses,437800
4658382.830,addresses,437900
4658446.069,addresses,438000
4658512.407,addresses,438100
4658555.679,addresses,438200
4658604.990,addresses,438300
4658643.137,addresses,438400
4658679.149,addresses,438500
4658718.371,addresses,438600
4658749.356,addresses,438700
4658803.706,addresses,438800
4658838.328,addresses,438900
4658897.376,addresses,439000
4658943.700,addresses,439100
4658992.061,addresses,439200
4659047.084,addresses,439300
4659118.814,addresses,439400
4659176.830,addresses,439500
4659246.966,addresses,439600
4659281.832,addresses,439700
4659343.571,addresses,439800
4659390.202,addresses,439900
4662754.999,addresses,440000
4663064.842,addresses,440100
4663199.929,addresses,440200
4663334.851,addresses,440300
4663433.800,addresses,440400
4663544.241,addresses,440500
4663631.367,addresses,440600
4663707.360,addresses,440700
4663794.955,addresses,440800
4663843.201,addresses,440900
4663900.049,addresses,441000
4663968.675,addresses,441100
4664028.316,addresses,441200
4664083.385,addresses,441300
4664132.639,addresses,441400
4664197.163,addresses,441500
4664254.011,addresses,441600
4664459.221,addresses,441700
4664517.399,addresses,441800
4664570.812,addresses,441900
4664642.573,addresses,442000
4664689.154,addresses,442100
4664734.883,addresses,442200
4664785.237,addresses,442300
4664845.580,addresses,442400
4664887.112,addresses,442500
4664947.861,addresses,442600
4665002.298,addresses,442700
4665102.936,addresses,442800
4665158.884,addresses,442900
4665203.825,addresses,443000
4665247.019,addresses,443100
4665347.858,addresses,443200
4665395.854,addresses,443300
4665487.056,addresses,443400
4665540.216,addresses,443500
4665618.878,addresses,443600
4665685.878,addresses,443700
4665750.338,addresses,443800
4665789.232,addresses,443900
4665837.617,addresses,444000
4665889.971,addresses,444100
4665982.992,addresses,444200
4666036.948,addresses,444300
4666101.226,addresses,444400
4666156.177,addresses,444500
4666262.695,addresses,444600
4666324.796,addresses,444700
4666419.559,addresses,444800
4666487.259,addresses,444900
4666535.274,addresses,445000
4666578.307,addresses,445100
4666648.478,addresses,445200
4666718.414,addresses,445300
4666780.172,addresses,445400
4666845.542,addresses,445500
4666922.243,addresses,445600
4666985.805,addresses,445700
4667036.134,addresses,445800
4667083.918,addresses,445900
4667150.193,addresses,446000
4667191.997,addresses,446100
4667234.446,addresses,446200
4667304.228,addresses,446300
4667455.137,addresses,446400
4667532.121,addresses,446500
4667607.912,addresses,446600
4667673.348,addresses,446700
4667732.585,addresses,446800
4667785.976,addresses,446900
4667925.569,addresses,447000
4667992.310,addresses,447100
4668079.344,addresses,447200
4668124.319,addresses,447300
4668169.999,addresses,447400
4668225.742,addresses,447500
4668286.761,addresses,447600
4668343.479,addresses,447700
4668400.554,addresses,447800
4668435.266,addresses,447900
4668484.784,addresses,448000
4668533.363,addresses,448100
4668577.222,addresses,448200
4668627.563,addresses,448300
4668661.949,addresses,448400
4668698.924,addresses,448500
4668740.163,addresses,448600
4668788.251,addresses,448700
4668850.644,addresses,448800
4668904.023,addresses,448900
4668949.169,addresses,449000
4668990.846,addresses,449100
4669034.777,addresses,449200
4669072.777,addresses,449300
4669107.214,addresses,449400
4669135.681,addresses,449500
4669173.989,addresses,449600
4669214.593,addresses,449700
4669272.316,addresses,449800
4669313.895,addresses,449900
4671892.678,addresses,450000
4671996.478,addresses,450100
4672069.000,addresses,450200
4672127.435,addresses,450300
4672199.130,addresses,450400
4672258.599,addresses,450500
4672315.251,addresses,450600
4672434.219,addresses,450700
4672497.990,addresses,450800
4672561.888,addresses,450900
4672632.950,addresses,451000
4672689.216,addresses,451100
4672761.338,addresses,451200
4672817.111,addresses,451300
4672880.743,addresses,451400
4672949.345,addresses,451500
4673003.590,addresses,451600
4673046.917,addresses,451700
4673093.676,addresses,451800
4673136.499,addresses,451900
4673186.896,addresses,452000
4673242.344,addresses,452100
4673298.509,addresses,452200
4673381.602,addresses,452300
4673431.397,addresses,452400
4673499.192,addresses,452500
4673538.887,addresses,452600
4673614.172,addresses,452700
4673668.680,addresses,452800
4673714.069,addresses,452900
4673752.513,addresses,453000
4673832.920,addresses,453100
4673881.223,addresses,453200
4673929.755,addresses,453300
4673968.885,addresses,453400
4674019.476,addresses,453500
4674082.129,addresses,453600
4674145.942,addresses,453700
4674240.567,addresses,453800
4674383.837,addresses,453900
4674452.122,addresses,454000
4674498.456,addresses,454100
4674554.490,addresses,454200
4674726.779,addresses,454300
4674786.043,addresses,454400
4674836.821,addresses,454500
4674987.510,addresses,454600
4675036.088,addresses,454700
4675102.220,addresses,454800
4675252.789,addresses,454900
4675297.637,addresses,455000
4675346.513,addresses,455100
4675453.542,addresses,455200
4675526.779,addresses,455300
4675575.822,addresses,455400
4675676.458,addresses,455500
4675808.968,addresses,455600
4675856.776,addresses,455700
4675936.713,addresses,455800
4676032.880,addresses,455900
4676096.786,addresses,456000
4676144.825,addresses,456100
4676209.960,addresses,456200
4676324.235,addresses,456300
4676399.570,addresses,456400
4676463.500,addresses,456500
4676507.494,addresses,456600
4676567.479,addresses,456700
4676619.666,addresses,456800
4676658.179,addresses,456900
4676707.178,addresses,457000
4676749.484,addresses,457100
4676907.058,addresses,457200
4676969.424,addresses,457300
4677019.500,addresses,457400
4677071.520,addresses,457500
4677135.556,addresses,457600
4677184.107,addresses,457700
4677230.268,addresses,457800
4677283.837,addresses,457900
4677341.699,addresses,458000
4677430.017,addresses,458100
4677489.982,addresses,458200
4677532.834,addresses,458300
4677682.826,addresses,458400
4677729.683,addresses,458500
4677767.863,addresses,458600
4677813.363,addresses,458700
4677860.712,addresses,458800
4677904.317,addresses,458900
4677957.855,addresses,459000
4678003.750,addresses,459100
4678060.535,addresses,459200
4678171.282,addresses,459300
4678227.052,addresses,459400
4678286.398,addresses,459500
4678360.403,addresses,459600
4678479.659,addresses,459700
4678526.845,addresses,459800
4678576.202,addresses,459900
4682415.874,addresses,460000
4682722.763,addresses,460100
4682882.520,addresses,460200
4683100.337,addresses,460300
4683219.412,addresses,460400
4683272.234,addresses,460500
4683326.279,addresses,460600
4683383.929,addresses,460700
4683439.532,addresses,460800
4683492.590,addresses,460900
4683536.632,addresses,461000
4683594.893,addresses,461100
4683665.432,addresses,461200
4683716.180,addresses,461300
4683830.379,addresses,461400
4683897.917,addresses,461500
4683961.755,addresses,461600
4684008.865,addresses,461700
4684061.842,addresses,461800
4684125.952,addresses,461900
4684183.472,addresses,462000
4684225.140,addresses,462100
4684266.854,addresses,462200
4684309.557,addresses,462300
4684370.163,addresses,462400
4684432.212,addresses,462500
4684476.944,addresses,462600
4684530.514,addresses,462700
4684656.816,addresses,462800
4684735.449,addresses,462900
4684787.529,addresses,463000
4684829.206,addresses,463100
4684873.072,addresses,463200
4684950.167,addresses,463300
4684993.028,addresses,463400
4685038.762,addresses,463500
4685104.938,addresses,463600
4685154.176,addresses,463700
4685209.771,addresses,463800
4685255.500,addresses,463900
4685309.330,addresses,464000
4685356.683,addresses,464100
4685443.314,addresses,464200
4685544.151,addresses,464300
4685597.081,addresses,464400
4685657.188,addresses,464500
4685701.514,addresses,464600
4685741.743,addresses,464700
4685794.448,addresses,464800
4685839.155,addresses,464900
4685893.154,addresses,465000
4685944.230,addresses,465100
4686006.316,addresses,465200
4686058.171,addresses,465300
4686154.697,addresses,465400
4686251.551,addresses,465500
4686364.388,addresses,465600
4686422.025,addresses,465700
4686473.213,addresses,465800
4686550.005,addresses,465900
4686627.580,addresses,466000
4686680.451,addresses,466100
4686725.211,addresses,466200
4686774.154,addresses,466300
4686829.374,addresses,466400
4686872.048,addresses,466500
4686916.441,addresses,466600
4686962.766,addresses,466700
4687075.558,addresses,466800
4687144.636,addresses,466900
4687192.762,addresses,467000
4687246.868,addresses,467100
4687297.188,addresses,467200
4687359.137,addresses,467300
4687416.770,addresses,467400
4687471.289,addresses,467500
4687528.834,addresses,467600
4687593.456,addresses,467700
4687641.160,addresses,467800
4687692.317,addresses,467900
4687750.452,addresses,468000
4687868.257,addresses,468100
4687928.426,addresses,468200
4687975.208,addresses,468300
4688042.152,addresses,468400
4688096.115,addresses,468500
4688159.146,addresses,468600
4688211.244,addresses,468700
4688275.361,addresses,468800
4688369.432,addresses,468900
4688415.073,addresses,469000
4688472.476,addresses,469100
4688531.180,addresses,469200
4688595.429,addresses,469300
4688691.966,addresses,469400
4688751.840,addresses,469500
4688827.610,addresses,469600
4688898.024,addresses,469700
4688942.385,addresses,469800
4688991.129,addresses,469900
4692944.432,addresses,470000
4693167.130,addresses,470100
4693292.499,addresses,470200
4693362.816,addresses,470300
4693441.968,addresses,470400
4693534.583,addresses,470500
4693617.009,addresses,470600
4693676.635,addresses,470700
4693732.597,addresses,470800
4693830.217,addresses,470900
4693933.664,addresses,471000
4693985.971,addresses,471100
4694050.396,addresses,471200
4694134.924,addresses,471300
4694253.653,addresses,471400
4694295.885,addresses,471500
4694350.354,addresses,471600
4694387.561,addresses,471700
4696629.624,addresses,471800
4696711.796,addresses,471900
4696802.162,addresses,472000
4696910.574,addresses,472100
4696976.525,addresses,472200
4697030.222,addresses,472300
4697197.985,addresses,472400
4697261.231,addresses,472500
4697314.184,addresses,472600
4697371.393,addresses,472700
4697440.647,addresses,472800
4697491.821,addresses,472900
4697552.562,addresses,473000
4697604.841,addresses,473100
4697685.001,addresses,473200
4697737.304,addresses,473300
4697783.617,addresses,473400
4697833.088,addresses,473500
4697969.655,addresses,473600
4698038.784,addresses,473700
4698086.828,addresses,473800
4698123.385,addresses,473900
4698172.442,addresses,474000
4698222.395,addresses,474100
4698261.750,addresses,474200
4698296.004,addresses,474300
4698353.426,addresses,474400
4698410.163,addresses,474500
4698468.104,addresses,474600
4698526.926,addresses,474700
4698567.879,addresses,474800
4698612.271,addresses,474900
4698664.065,addresses,475000
4698832.783,addresses,475100
4698895.033,addresses,475200
4698937.828,addresses,475300
4698979.746,addresses,475400
4699019.282,addresses,475500
4699084.541,addresses,475600
4699119.559,addresses,475700
4699154.011,addresses,475800
4699233.191,addresses,475900
4699286.604,addresses,476000
4699344.531,addresses,476100
4699412.682,addresses,476200
4699469.641,addresses,476300
4699522.853,addresses,476400
4699600.558,addresses,476500
4699695.705,addresses,476600
4699745.589,addresses,476700
4699788.712,addresses,476800
4699835.713,addresses,476900
4699870.708,addresses,477000
4699907.235,addresses,477100
4699945.953,addresses,477200
4699980.793,addresses,477300
4700034.751,addresses,477400
4700079.988,addresses,477500
4700130.556,addresses,477600
4700174.273,addresses,477700
4700222.190,addresses,477800
4700272.039,addresses,477900
4700327.544,addresses,478000
4700373.347,addresses,478100
4700432.606,addresses,478200
4700504.767,addresses,478300
4700601.655,addresses,478400
4700648.315,addresses,478500
4700674.000,addresses,478600
4700711.577,addresses,478700
4700766.655,addresses,478800
4700804.195,addresses,478900
4700845.933,addresses,479000
4700892.880,addresses,479100
4700936.816,addresses,479200
4700979.193,addresses,479300
4701027.662,addresses,479400
4701067.798,addresses,479500
4701124.759,addresses,479600
4701159.376,addresses,479700
4701206.761,addresses,479800
4701259.136,addresses,479900
4704335.570,addresses,480000
4704468.827,addresses,480100
4704535.864,addresses,480200
4704593.807,addresses,480300
4704650.821,addresses,480400
4704709.093,addresses,480500
4704757.778,addresses,480600
4704820.639,addresses,480700
4704871.100,addresses,480800
4704916.994,addresses,480900
4705001.041,addresses,481000
4705066.442,addresses,481100
4705128.307,addresses,481200
4705178.626,addresses,481300
4705226.545,addresses,481400
4705271.237,addresses,481500
4705319.003,addresses,481600
4705364.497,addresses,481700
4705410.775,addresses,481800
4705455.908,addresses,481900
4705532.153,addresses,482000
4705573.909,addresses,482100
4705617.040,addresses,482200
4705653.556,addresses,482300
4705703.833,addresses,482400
4705776.685,addresses,482500
4705862.298,addresses,482600
4705908.065,addresses,482700
4706010.137,addresses,482800
4706052.154,addresses,482900
4706090.432,addresses,483000
4706133.333,addresses,483100
4706183.611,addresses,483200
4706220.372,addresses,483300
4706253.166,addresses,483400
4706318.362,addresses,483500
4706369.683,addresses,483600
4706404.300,addresses,483700
4706444.972,addresses,483800
4706483.709,addresses,483900
4706600.695,addresses,484000
4706643.782,addresses,484100
4706697.672,addresses,484200
4706734.239,addresses,484300
4706777.225,addresses,484400
4706818.080,addresses,484500
4706868.228,addresses,484600
4706903.234,addresses,484700
4706942.691,addresses,484800
4706977.964,addresses,484900
4707021.587,addresses,485000
4707060.762,addresses,485100
4707106.205,addresses,485200
4707145.889,addresses,485300
4707179.632,addresses,485400
4707287.354,addresses,485500
4707390.499,addresses,485600
4707418.164,addresses,485700
4707454.841,addresses,485800
4707499.747,addresses,485900
4707562.096,addresses,486000
4707604.807,addresses,486100
4707662.357,addresses,486200
4707702.662,addresses,486300
4707747.429,addresses,486400
4707792.859,addresses,486500
4707828.574,addresses,486600
4707864.948,addresses,486700
4707925.366,addresses,486800
4707968.559,addresses,486900
4708015.609,addresses,487000
4708063.468,addresses,487100
4708191.537,addresses,487200
4708230.503,addresses,487300
4708277.373,addresses,487400
4708334.217,addresses,487500
4708380.297,addresses,487600
4708422.360,addresses,487700
4708467.744,addresses,487800
4708521.943,addresses,487900
4708570.865,addresses,488000
4708620.788,addresses,488100
4708676.029,addresses,488200
4708734.636,addresses,488300
4708791.259,addresses,488400
4708840.113,addresses,488500
4708960.679,addresses,488600
4709012.282,addresses,488700
4709100.543,addresses,488800
4709147.877,addresses,488900
4709208.168,addresses,489000
4709258.839,addresses,489100
4709330.857,addresses,489200
4709392.168,addresses,489300
4709441.500,addresses,489400
4709487.044,addresses,489500
4709563.945,addresses,489600
4709687.774,addresses,489700
4709736.002,addresses,489800
4709856.059,addresses,489900
4713403.116,addresses,490000
4713589.597,addresses,490100
4713747.661,addresses,490200
4713901.729,addresses,490300
4714004.789,addresses,490400
4714098.995,addresses,490500
4714178.288,addresses,490600
4714275.722,addresses,490700
4714366.348,addresses,490800
4714452.886,addresses,490900
4714608.737,addresses,491000
4714664.643,addresses,491100
4714742.293,addresses,491200
4714795.835,addresses,491300
4714864.362,addresses,491400
4714957.135,addresses,491500
4715029.420,addresses,491600
4715155.847,addresses,491700
4715224.729,addresses,491800
4715293.324,addresses,491900
4715419.969,addresses,492000
4715547.724,addresses,492100
4715662.190,addresses,492200
4715802.491,addresses,492300
4715935.924,addresses,492400
4716049.104,addresses,492500
4716147.027,addresses,492600
4716251.073,addresses,492700
4716443.765,addresses,492800
4716536.348,addresses,492900
4716613.392,addresses,493000
4716740.370,addresses,493100
4716798.604,addresses,493200
4716859.125,addresses,493300
4716921.995,addresses,493400
4716978.090,addresses,493500
4717054.492,addresses,493600
4717124.202,addresses,493700
4717188.177,addresses,493800
4717279.222,addresses,493900
4717377.608,addresses,494000
4717493.808,addresses,494100
4717552.518,addresses,494200
4717602.206,addresses,494300
4717670.151,addresses,494400
4717729.425,addresses,494500
4717802.956,addresses,494600
4717879.772,addresses,494700
4717965.029,addresses,494800
4718029.257,addresses,494900
4718161.034,addresses,495000
4718220.746,addresses,495100
4718300.293,addresses,495200
4718391.204,addresses,495300
4718460.954,addresses,495400
4718540.500,addresses,495500
4718609.248,addresses,495600
4718693.202,addresses,495700
4718766.263,addresses,495800
4718820.145,addresses,495900
4718879.759,addresses,496000
4718936.452,addresses,496100
4719000.445,addresses,496200
4719052.875,addresses,496300
4719118.648,addresses,496400
4719172.543,addresses,496500
4719227.518,addresses,496600
4719284.496,addresses,496700
4719351.905,addresses,496800
4719405.244,addresses,496900
4719459.170,addresses,497000
4719528.151,addresses,497100
4719579.767,addresses,497200
4719627.467,addresses,497300
4719673.700,addresses,497400
4719722.503,addresses,497500
4719789.485,addresses,497600
4719849.499,addresses,497700
4719912.726,addresses,497800
4719970.489,addresses,497900
4720030.387,addresses,498000
4720078.446,addresses,498100
4720138.569,addresses,498200
4720201.655,addresses,498300
4720277.006,addresses,498400
4720327.681,addresses,498500
4720374.036,addresses,498600
4720424.090,addresses,498700
4720486.495,addresses,498800
4723783.827,addresses,498900
4723892.033,addresses,499000
4723968.875,addresses,499100
4724052.115,addresses,499200
4724117.281,addresses,499300
4724199.088,addresses,499400
4724264.791,addresses,499500
4724335.213,addresses,499600
4724393.558,addresses,499700
4724446.380,addresses,499800
4724500.658,addresses,499900
4724554.955,addresses,500000
4724610.001,addresses,500100
4724677.364,addresses,500200
4724741.170,addresses,500300
4724798.055,addresses,500400
4724849.773,addresses,500500
4724900.731,addresses,500600
4724959.337,addresses,500700
4725015.228,addresses,500800
4725076.331,addresses,500900
4725127.697,addresses,501000
4725173.955,addresses,501100
4725248.495,addresses,501200
4725301.186,addresses,501300
4725351.264,addresses,501400
4725409.694,addresses,501500
4725477.610,addresses,501600
4725521.945,addresses,501700
4725574.906,addresses,501800
4725631.889,addresses,501900
4725695.294,addresses,502000
4725737.774,addresses,502100
4725790.155,addresses,502200
4725855.824,addresses,502300
4725908.298,addresses,502400
4725956.731,addresses,502500
4726005.986,addresses,502600
4726053.502,addresses,502700
4726107.911,addresses,502800
4726166.452,addresses,502900
4726211.366,addresses,503000
4726267.744,addresses,503100
4726317.822,addresses,503200
4726361.814,addresses,503300
4726414.708,addresses,503400
4726462.787,addresses,503500
4726525.200,addresses,503600
4726604.045,addresses,503700
4726654.155,addresses,503800
4726701.925,addresses,503900
4726758.330,addresses,504000
4726796.185,addresses,504100
4726842.089,addresses,504200
4726894.058,addresses,504300
4726960.007,addresses,504400
4727006.703,addresses,504500
4727056.239,addresses,504600
4727104.150,addresses,504700
4727167.486,addresses,504800
4727217.160,addresses,504900
4727276.904,addresses,505000
4727335.936,addresses,505100
4727383.963,addresses,505200
4727432.872,addresses,505300
4727475.889,addresses,505400
4727515.216,addresses,505500
4727579.152,addresses,505600
4727616.829,addresses,505700
4727653.869,addresses,505800
4727705.251,addresses,505900
4727766.961,addresses,506000
4727821.419,addresses,506100
4727857.566,addresses,506200
4727902.691,addresses,506300
4727950.326,addresses,506400
4727988.103,addresses,506500
4728041.597,addresses,506600
4728079.601,addresses,506700
4728122.200,addresses,506800
4728172.012,addresses,506900
4728210.101,addresses,507000
4728256.653,addresses,507100
4728309.693,addresses,507200
4728357.854,addresses,507300
4728399.982,addresses,507400
4728446.726,addresses,507500
4732759.134,addresses,507600
4733050.942,addresses,507700
4733181.765,addresses,507800
4733298.420,addresses,507900
4733442.744,addresses,508000
4733527.434,addresses,508100
4733592.203,addresses,508200
4733653.907,addresses,508300
4733720.380,addresses,508400
4733772.766,addresses,508500
4733828.750,addresses,508600
4733882.108,addresses,508700
4733944.740,addresses,508800
4734010.409,addresses,508900
4734061.751,addresses,509000
4734109.827,addresses,509100
4734161.133,addresses,509200
4734211.963,addresses,509300
4734256.227,addresses,509400
4734304.976,addresses,509500
4734363.084,addresses,509600
4734418.305,addresses,509700
4734478.890,addresses,509800
4734520.232,addresses,509900
4734577.973,addresses,510000
4734634.237,addresses,510100
4734683.481,addresses,510200
4734741.523,addresses,510300
4734791.225,addresses,510400
4734837.042,addresses,510500
4734874.620,addresses,510600
4734922.881,addresses,510700
4734958.562,addresses,510800
4734986.735,addresses,510900
4735040.846,addresses,511000
4735091.042,addresses,511100
4735146.791,addresses,511200
4735191.988,addresses,511300
4735239.527,addresses,511400
4735283.510,addresses,511500
4735321.003,addresses,511600
4735373.345,addresses,511700
4735417.977,addresses,511800
4735468.819,addresses,511900
4735524.864,addresses,512000
4735585.025,addresses,512100
4735632.874,addresses,512200
4735682.801,addresses,512300
4735741.109,addresses,512400
4735802.436,addresses,512500
4735871.197,addresses,512600
4735911.894,addresses,512700
4735971.072,addresses,512800
4736038.629,addresses,512900
4736092.819,addresses,513000
4736131.058,addresses,513100
4736190.129,addresses,513200
4736224.453,addresses,513300
4736272.772,addresses,513400
4736316.811,addresses,513500
4736358.866,addresses,513600
4736405.358,addresses,513700
4736436.543,addresses,513800
4736467.912,addresses,513900
4736505.354,addresses,514000
4736534.943,addresses,514100
4736561.902,addresses,514200
4736607.238,addresses,514300
4736664.673,addresses,514400
4736691.434,addresses,514500
4736735.850,addresses,514600
4736773.946,addresses,514700
4736825.027,addresses,514800
4736855.231,addresses,514900
4736887.233,addresses,515000
4736927.567,addresses,515100
4736960.364,addresses,515200
4737008.650,addresses,515300
4737056.703,addresses,515400
4737101.277,addresses,515500
4737166.088,addresses,515600
4737210.406,addresses,515700
4737249.313,addresses,515800
4737310.183,addresses,515900
4737343.168,addresses,516000
4737365.245,addresses,516100
4737403.966,addresses,516200
4737433.370,addresses,516300
4737471.130,addresses,516400
4737507.829,addresses,516500
4737554.362,addresses,516600
4737594.896,addresses,516700
4737627.859,addresses,516800
4737670.085,addresses,516900
4737705.503,addresses,517000
4737737.659,addresses,517100
4737768.683,addresses,517200
4737793.498,addresses,517300
4737830.582,addresses,517400
4737870.578,addresses,517500
4743597.600,addresses,517600
4743861.080,addresses,517700
4744035.256,addresses,517800
4744383.776,addresses,517900
4744533.887,addresses,518000
4744647.216,addresses,518100
4744732.019,addresses,518200
4744821.439,addresses,518300
4744934.092,addresses,518400
4745040.923,addresses,518500
4745118.861,addresses,518600
4745193.531,addresses,518700
4745294.262,addresses,518800
4745362.288,addresses,518900
4745431.503,addresses,519000
4745602.300,addresses,519100
4745740.998,addresses,519200
4745889.176,addresses,519300
4745978.957,addresses,519400
4746189.943,addresses,519500
4746419.471,addresses,519600
4746668.166,addresses,519700
4746874.667,addresses,519800
4747068.805,addresses,519900
4747288.225,addresses,520000
4747481.567,addresses,520100
4747746.013,addresses,520200
4747961.941,addresses,520300
4748113.866,addresses,520400
4748279.649,addresses,520500
4748466.536,addresses,520600
4748622.183,addresses,520700
4748783.470,addresses,520800
4748914.622,addresses,520900
4749096.505,addresses,521000
4749301.555,addresses,521100
4749503.961,addresses,521200
4749654.327,addresses,521300
4749762.701,addresses,521400
4749915.496,addresses,521500
4750114.656,addresses,521600
4750233.199,addresses,521700
4750377.009,addresses,521800
4750434.979,addresses,521900
4750511.495,addresses,522000
4750564.074,addresses,522100
4750627.666,addresses,522200
4750720.339,addresses,522300
4750784.841,addresses,522400
4750818.112,addresses,522500
4750873.658,addresses,522600
4750929.228,addresses,522700
4751008.571,addresses,522800
4751046.071,addresses,522900
4751098.598,addresses,523000
4751137.532,addresses,523100
4751199.635,addresses,523200
4751253.123,addresses,523300
4751291.383,addresses,523400
4751338.508,addresses,523500
4751395.012,addresses,523600
4751461.464,addresses,523700
4751497.416,addresses,523800
4751539.621,addresses,523900
4751586.431,addresses,524000
4751644.321,addresses,524100
4752372.101,addresses,524200
4752398.789,addresses,524300
4752453.668,addresses,524400
4752525.599,addresses,524500
4752601.279,addresses,524600
4752632.843,addresses,524700
4752667.078,addresses,524800
4752716.218,addresses,524900
4752766.285,addresses,525000
4752804.819,addresses,525100
4752840.559,addresses,525200
4752877.863,addresses,525300
4752909.816,addresses,525400
4752994.723,addresses,525500
4753046.234,addresses,525600
4753079.448,addresses,525700
4753132.279,addresses,525800
4753175.555,addresses,525900
4753226.165,addresses,526000
4753271.303,addresses,526100
4753312.688,addresses,526200
4753352.178,addresses,526300
4753408.231,addresses,526400
4753468.805,addresses,526500
4753508.218,addresses,526600
4753562.262,addresses,526700
4753600.523,addresses,526800
4753644.689,addresses,526900
4753689.987,addresses,527000
4753723.825,addresses,527100
4753781.876,addresses,527200
4753824.232,addresses,527300
4753883.957,addresses,527400
4753937.105,addresses,527500
4757234.439,addresses,527600
4757316.750,addresses,527700
4757385.798,addresses,527800
4757450.188,addresses,527900
4757519.276,addresses,528000
4757593.128,addresses,528100
4757655.824,addresses,528200
4757736.326,addresses,528300
4757803.629,addresses,528400
4757847.993,addresses,528500
4757892.835,addresses,528600
4757960.934,addresses,528700
4758011.776,addresses,528800
4758045.178,addresses,528900
4758072.406,addresses,529000
4758111.314,addresses,529100
4758183.616,addresses,529200
4758249.797,addresses,529300
4758295.816,addresses,529400
4758344.492,addresses,529500
4758386.575,addresses,529600
4758427.378,addresses,529700
4758473.217,addresses,529800
4758515.528,addresses,529900
4758546.445,addresses,530000
4758580.201,addresses,530100
4758626.284,addresses,530200
4758696.694,addresses,530300
4758764.081,addresses,530400
4758817.699,addresses,530500
4758851.107,addresses,530600
4758900.976,addresses,530700
4758952.866,addresses,530800
4758996.107,addresses,530900
4759022.579,addresses,531000
4759056.999,addresses,531100
4759115.349,addresses,531200
4759159.404,addresses,531300
4759204.805,addresses,531400
4759244.166,addresses,531500
4759318.144,addresses,531600
4759393.622,addresses,531700
4759459.758,addresses,531800
4759531.447,addresses,531900
4759580.001,addresses,532000
4759620.623,addresses,532100
4759669.385,addresses,532200
4759710.160,addresses,532300
4759764.952,addresses,532400
4759811.476,addresses,532500
4759841.514,addresses,532600
4759876.686,addresses,532700
4759930.735,addresses,532800
4759960.285,addresses,532900
4759993.607,addresses,533000
4760012.693,addresses,533100
4760055.329,addresses,533200
4760099.751,addresses,533300
4760154.978,addresses,533400
4760195.087,addresses,533500
4760239.189,addresses,533600
4760271.717,addresses,533700
4760307.322,addresses,533800
4760356.766,addresses,533900
4760391.705,addresses,534000
4760431.559,addresses,534100
4760456.564,addresses,534200
4760483.085,addresses,534300
4760519.271,addresses,534400
4760568.460,addresses,534500
4760614.209,addresses,534600
4760661.176,addresses,534700
4760699.927,addresses,534800
4760742.472,addresses,534900
4760775.417,addresses,535000
4760818.073,addresses,535100
4760853.491,addresses,535200
4760875.578,addresses,535300
4760907.738,addresses,535400
4760975.149,addresses,535500
4761030.970,addresses,535600
4761068.651,addresses,535700
4761108.815,addresses,535800
4761156.405,addresses,535900
4761194.834,addresses,536000
4761237.988,addresses,536100
4761266.423,addresses,536200
4761299.050,addresses,536300
4761327.819,addresses,536400
4761371.075,addresses,536500
4761413.885,addresses,536600
4761450.743,addresses,536700
4761499.102,addresses,536800
4761673.073,addresses,536900
4761725.484,addresses,537000
4761770.578,addresses,537100
4761816.218,addresses,537200
4761851.353,addresses,537300
4761895.361,addresses,537400
4761925.440,addresses,537500
4765544.288,addresses,537600
4765683.244,addresses,537700
4765758.273,addresses,537800
4765928.407,addresses,537900
4766015.083,addresses,538000
4766059.974,addresses,538100
4766132.541,addresses,538200
4766203.195,addresses,538300
4766255.328,addresses,538400
4766291.667,addresses,538500
4766346.490,addresses,538600
4766385.497,addresses,538700
4766436.996,addresses,538800
4766486.543,addresses,538900
4766537.310,addresses,539000
4766587.741,addresses,539100
4766636.056,addresses,539200
4766674.994,addresses,539300
4766717.570,addresses,539400
4766751.844,addresses,539500
4766797.607,addresses,539600
4766838.358,addresses,539700
4766884.331,addresses,539800
4766931.521,addresses,539900
4767000.650,addresses,540000
4767046.326,addresses,540100
4767088.010,addresses,540200
4767126.263,addresses,540300
4767193.898,addresses,540400
4767223.284,addresses,540500
4767250.608,addresses,540600
4767297.082,addresses,540700
4767333.820,addresses,540800
4767371.837,addresses,540900
4767411.905,addresses,541000
4767450.178,addresses,541100
4767485.336,addresses,541200
4767521.675,addresses,541300
4767555.314,addresses,541400
4767593.797,addresses,541500
4767627.852,addresses,541600
4767661.950,addresses,541700
4767694.507,addresses,541800
4767727.550,addresses,541900
4767773.326,addresses,542000
4767803.291,addresses,542100
4767831.840,addresses,542200
4767868.606,addresses,542300
4767912.007,addresses,542400
4767943.562,addresses,542500
4767972.825,addresses,542600
4767999.122,addresses,542700
4768031.239,addresses,542800
4768073.256,addresses,542900
4768100.993,addresses,543000
4768137.024,addresses,543100
4768178.647,addresses,543200
4768212.138,addresses,543300
4768243.309,addresses,543400
4768279.744,addresses,543500
4768315.528,addresses,543600
4768344.181,addresses,543700
4768372.891,addresses,543800
4768402.516,addresses,543900
4768440.638,addresses,544000
4768481.677,addresses,544100
4768511.885,addresses,544200
4768548.403,addresses,544300
4768586.879,addresses,544400
4768626.966,addresses,544500
4768669.479,addresses,544600
4768702.616,addresses,544700
4768740.389,addresses,544800
4768776.253,addresses,544900
4768841.841,addresses,545000
4768880.777,addresses,545100
4768932.846,addresses,545200
4768968.249,addresses,545300
4769006.340,addresses,545400
4769049.577,addresses,545500
4769087.199,addresses,545600
4769124.163,addresses,545700
4769172.855,addresses,545800
4769210.831,addresses,545900
4769250.383,addresses,546000
4769287.715,addresses,546100
4769325.686,addresses,546200
4769359.959,addresses,546300
4769407.445,addresses,546400
4769448.126,addresses,546500
4769483.668,addresses,546600
4769512.086,addresses,546700
4769555.844,addresses,546800
4769592.040,addresses,546900
4769621.713,addresses,547000
4769668.730,addresses,547100
4769720.362,addresses,547200
4769764.161,addresses,547300
4769799.562,addresses,547400
4769834.290,addresses,547500
4773282.757,addresses,547600
4773372.994,addresses,547700
4773454.763,addresses,547800
4773562.971,addresses,547900
4773639.340,addresses,548000
4773690.110,addresses,548100
4773751.446,addresses,548200
4773802.219,addresses,548300
4773867.225,addresses,548400
4773942.697,addresses,548500
4773982.478,addresses,548600
4774021.949,addresses,548700
4774083.539,addresses,548800
4774129.572,addresses,548900
4774174.805,addresses,549000
4774250.515,addresses,549100
4774310.220,addresses,549200
4774359.299,addresses,549300
4774412.679,addresses,549400
4774455.439,addresses,549500
4774501.534,addresses,549600
4774541.444,addresses,549700
4774581.117,addresses,549800
4774626.984,addresses,549900
4774697.944,addresses,550000
4774746.571,addresses,550100
4774795.193,addresses,550200
4774843.856,addresses,550300
4774889.326,addresses,550400
4774929.301,addresses,550500
4774968.611,addresses,550600
4775012.911,addresses,550700
4775068.134,addresses,550800
4775128.758,addresses,550900
4775172.230,addresses,551000
4775214.522,addresses,551100
4775266.860,addresses,551200
4775302.286,addresses,551300
4775340.416,addresses,551400
4775382.700,addresses,551500
4775429.644,addresses,551600
4775470.007,addresses,551700
4775516.318,addresses,551800
4775567.379,addresses,551900
4775618.409,addresses,552000
4775682.863,addresses,552100
4775720.309,addresses,552200
4775755.404,addresses,552300
4775800.512,addresses,552400
4775841.169,addresses,552500
4775876.210,addresses,552600
4775924.093,addresses,552700
4775970.237,addresses,552800
4776014.898,addresses,552900
4776049.528,addresses,553000
4776085.651,addresses,553100
4776121.938,addresses,553200
4776158.818,addresses,553300
4776192.338,addresses,553400
4776228.736,addresses,553500
4776286.878,addresses,553600
4776323.800,addresses,553700
4776356.490,addresses,553800
4776391.372,addresses,553900
4776426.954,addresses,554000
4776463.645,addresses,554100
4776495.306,addresses,554200
4776529.788,addresses,554300
4776574.708,addresses,554400
4776609.539,addresses,554500
4776657.765,addresses,554600
4776694.750,addresses,554700
4776740.842,addresses,554800
4776767.098,addresses,554900
4776794.929,addresses,555000
4776819.340,addresses,555100
4776849.026,addresses,555200
4776879.268,addresses,555300
4776905.514,addresses,555400
4776934.049,addresses,555500
4776964.985,addresses,555600
4776991.209,addresses,555700
4777039.201,addresses,555800
4777068.068,addresses,555900
4777101.798,addresses,556000
4777133.162,addresses,556100
4777160.376,addresses,556200
4777187.307,addresses,556300
4777219.455,addresses,556400
4777247.289,addresses,556500
4777272.240,addresses,556600
4777301.241,addresses,556700
4777335.413,addresses,556800
4777365.815,addresses,556900
4777396.533,addresses,557000
4777432.324,addresses,557100
4777462.266,addresses,557200
4777488.743,addresses,557300
4777519.506,addresses,557400
4777553.854,addresses,557500
4782678.872,addresses,557600
4782880.957,addresses,557700
4783033.554,addresses,557800
4783131.477,addresses,557900
4783266.631,addresses,558000
4783390.683,addresses,558100
4783450.980,addresses,558200
4783520.757,addresses,558300
4783600.726,addresses,558400
4783665.680,addresses,558500
4783728.483,addresses,558600
4783808.900,addresses,558700
4783878.684,addresses,558800
4783943.211,addresses,558900
4784004.482,addresses,559000
4784057.033,addresses,559100
4784127.630,addresses,559200
4784159.302,addresses,559300
4784208.230,addresses,559400
4784262.780,addresses,559500
4784320.110,addresses,559600
4784368.901,addresses,559700
4784421.549,addresses,559800
4784463.799,addresses,559900
4784521.482,addresses,560000
4784582.392,addresses,560100
4784623.467,addresses,560200
4784660.678,addresses,560300
4784701.013,addresses,560400
4784743.846,addresses,560500
4784794.618,addresses,560600
4784837.229,addresses,560700
4784899.781,addresses,560800
4784938.521,addresses,560900
4784978.408,addresses,561000
4785018.328,addresses,561100
4785054.395,addresses,561200
4785089.783,addresses,561300
4785126.604,addresses,561400
4785165.504,addresses,561500
4785217.677,addresses,561600
4785261.057,addresses,561700
4785294.161,addresses,561800
4785333.444,addresses,561900
4785371.637,addresses,562000
4785401.475,addresses,562100
4785446.477,addresses,562200
4785483.496,addresses,562300
4785527.473,addresses,562400
4785561.275,addresses,562500
4785595.356,addresses,562600
4785665.325,addresses,562700
4785716.495,addresses,562800
4785760.070,addresses,562900
4785797.682,addresses,563000
4785845.329,addresses,563100
4785895.447,addresses,563200
4785929.641,addresses,563300
4785955.636,addresses,563400
4785987.288,addresses,563500
4786027.884,addresses,563600
4786066.071,addresses,563700
4786111.388,addresses,563800
4786163.717,addresses,563900
4786218.427,addresses,564000
4786259.034,addresses,564100
4786298.298,addresses,564200
4786329.734,addresses,564300
4786368.836,addresses,564400
4786406.285,addresses,564500
4786441.467,addresses,564600
4786483.747,addresses,564700
4786528.668,addresses,564800
4786575.943,addresses,564900
4786608.894,addresses,565000
4786647.575,addresses,565100
4786685.281,addresses,565200
4786727.137,addresses,565300
4786762.398,addresses,565400
4786792.668,addresses,565500
4786832.390,addresses,565600
4786875.355,addresses,565700
4786915.771,addresses,565800
4786953.429,addresses,565900
4786990.961,addresses,566000
4787043.861,addresses,566100
4787083.431,addresses,566200
4787119.096,addresses,566300
4787155.703,addresses,566400
4787185.138,addresses,566500
4787226.005,addresses,566600
4787266.637,addresses,566700
4787310.367,addresses,566800
4787349.904,addresses,566900
4787392.702,addresses,567000
4787431.001,addresses,567100
4787491.439,addresses,567200
4787527.144,addresses,567300
4787564.315,addresses,567400
4787597.254,addresses,567500
4790884.221,addresses,567600
4791020.294,addresses,567700
4791110.019,addresses,567800
4791189.789,addresses,567900
4791281.505,addresses,568000
4791354.499,addresses,568100
4791426.932,addresses,568200
4791495.521,addresses,568300
4791572.185,addresses,568400
4791620.991,addresses,568500
4791666.905,addresses,568600
4791720.513,addresses,568700
4791806.075,addresses,568800
4791862.854,addresses,568900
4791914.629,addresses,569000
4791996.206,addresses,569100
4792061.929,addresses,569200
4792113.994,addresses,569300
4792166.023,addresses,569400
4792212.191,addresses,569500
4792263.903,addresses,569600
4792307.652,addresses,569700
4792365.590,addresses,569800
4792439.060,addresses,569900
4792499.895,addresses,570000
4792559.317,addresses,570100
4792607.746,addresses,570200
4792660.023,addresses,570300
4792720.898,addresses,570400
4792764.367,addresses,570500
4792821.092,addresses,570600
4792867.647,addresses,570700
4792930.823,addresses,570800
4792977.066,addresses,570900
4793025.801,addresses,571000
4793074.293,addresses,571100
4793131.793,addresses,571200
4793175.277,addresses,571300
4793218.661,addresses,571400
4793272.571,addresses,571500
4793310.745,addresses,571600
4793359.647,addresses,571700
4793402.220,addresses,571800
4793441.899,addresses,571900
4793499.340,addresses,572000
4793542.288,addresses,572100
4793587.230,addresses,572200
4793626.834,addresses,572300
4793680.558,addresses,572400
4793722.858,addresses,572500
4793761.978,addresses,572600
4793799.335,addresses,572700
4793848.068,addresses,572800
4793893.325,addresses,572900
4793938.639,addresses,573000
4793982.430,addresses,573100
4794043.673,addresses,573200
4794084.500,addresses,573300
4794126.423,addresses,573400
4794166.047,addresses,573500
4794212.357,addresses,573600
4794244.229,addresses,573700
4794285.053,addresses,573800
4794322.433,addresses,573900
4794387.135,addresses,574000
4794423.604,addresses,574100
4794458.551,addresses,574200
4794496.021,addresses,574300
4794539.792,addresses,574400
4794585.480,addresses,574500
4794624.015,addresses,574600
4794662.089,addresses,574700
4794713.394,addresses,574800
4794751.115,addresses,574900
4794792.653,addresses,575000
4794835.649,addresses,575100
4794884.348,addresses,575200
4794929.233,addresses,575300
4794973.324,addresses,575400
4795047.238,addresses,575500
4795109.079,addresses,575600
4795151.278,addresses,575700
4795197.230,addresses,575800
4795243.548,addresses,575900
4795291.337,addresses,576000
4795334.975,addresses,576100
4795379.727,addresses,576200
4795421.268,addresses,576300
4795470.763,addresses,576400
4795521.866,addresses,576500
4795563.257,addresses,576600
4795609.770,addresses,576700
4795650.677,addresses,576800
4795685.849,addresses,576900
4795730.587,addresses,577000
4795773.036,addresses,577100
4795818.140,addresses,577200
4795856.131,addresses,577300
4795904.101,addresses,577400
4795951.252,addresses,577500
4799715.605,addresses,577600
4799920.279,addresses,577700
4800052.919,addresses,577800
4800169.112,addresses,577900
4800320.789,addresses,578000
4800431.533,addresses,578100
4800529.271,addresses,578200
4800629.498,addresses,578300
4800722.189,addresses,578400
4800789.662,addresses,578500
4800860.722,addresses,578600
4800943.233,addresses,578700
4801035.429,addresses,578800
4801108.629,addresses,578900
4801173.813,addresses,579000
4801240.359,addresses,579100
4801311.524,addresses,579200
4801380.622,addresses,579300
4801445.104,addresses,579400
4801505.727,addresses,579500
4801564.405,addresses,579600
4801633.809,addresses,579700
4801687.769,addresses,579800
4801735.887,addresses,579900
4801787.703,addresses,580000
4801836.962,addresses,580100
4801904.975,addresses,580200
4801959.454,addresses,580300
4802020.641,addresses,580400
4802076.539,addresses,580500
4802131.965,addresses,580600
4802188.964,addresses,580700
4802250.916,addresses,580800
4802307.109,addresses,580900
4802376.888,addresses,581000
4802433.661,addresses,581100
4802491.136,addresses,581200
4802541.712,addresses,581300
4802592.441,addresses,581400
4802640.699,addresses,581500
4802696.719,addresses,581600
4802754.352,addresses,581700
4802805.016,addresses,581800
4802876.135,addresses,581900
4802955.106,addresses,582000
4803002.256,addresses,582100
4803059.288,addresses,582200
4803109.546,addresses,582300
4803165.759,addresses,582400
4803219.680,addresses,582500
4803282.985,addresses,582600
4803352.354,addresses,582700
4803415.901,addresses,582800
4803466.953,addresses,582900
4803510.629,addresses,583000
4803551.564,addresses,583100
4803596.683,addresses,583200
4803649.162,addresses,583300
4803700.496,addresses,583400
4803752.548,addresses,583500
4803808.537,addresses,583600
4803854.504,addresses,583700
4803894.100,addresses,583800
4803929.962,addresses,583900
4803987.065,addresses,584000
4804022.764,addresses,584100
4804054.674,addresses,584200
4804087.944,addresses,584300
4804129.121,addresses,584400
4804167.825,addresses,584500
4804208.460,addresses,584600
4804262.278,addresses,584700
4804315.439,addresses,584800
4804364.706,addresses,584900
4804409.421,addresses,585000
4804451.985,addresses,585100
4804496.013,addresses,585200
4804530.499,addresses,585300
4804564.964,addresses,585400
4804603.104,addresses,585500
4804651.759,addresses,585600
4804704.217,addresses,585700
4804750.210,addresses,585800
4804795.119,addresses,585900
4804848.071,addresses,586000
4804894.834,addresses,586100
4804932.656,addresses,586200
4804963.770,addresses,586300
4805002.091,addresses,586400
4805032.315,addresses,586500
4805071.982,addresses,586600
4805121.206,addresses,586700
4805157.919,addresses,586800
4805217.092,addresses,586900
4805256.301,addresses,587000
4805291.777,addresses,587100
4805328.243,addresses,587200
4805361.546,addresses,587300
4805387.023,addresses,587400
4805416.402,addresses,587500
4808912.935,addresses,587600
4809117.025,addresses,587700
4809311.139,addresses,587800
4809424.537,addresses,587900
4809532.081,addresses,588000
4809643.065,addresses,588100
4809736.524,addresses,588200
4809833.626,addresses,588300
4809899.477,addresses,588400
4809946.846,addresses,588500
4810008.230,addresses,588600
4810077.263,addresses,588700
4810176.337,addresses,588800
4810248.819,addresses,588900
4810313.538,addresses,589000
4810389.080,addresses,589100
4810461.995,addresses,589200
4810536.633,addresses,589300
4810608.520,addresses,589400
4810660.068,addresses,589500
4810704.628,addresses,589600
4810749.218,addresses,589700
4810800.537,addresses,589800
4810855.294,addresses,589900
4810927.285,addresses,590000
4810989.010,addresses,590100
4811038.490,addresses,590200
4811089.524,addresses,590300
4811142.194,addresses,590400
4811194.202,addresses,590500
4811237.593,addresses,590600
4811282.641,addresses,590700
4811326.792,addresses,590800
4811368.750,addresses,590900
4811436.920,addresses,591000
4811491.852,addresses,591100
4811549.487,addresses,591200
4811605.668,addresses,591300
4811669.900,addresses,591400
4811715.133,addresses,591500
4811793.426,addresses,591600
4811919.622,addresses,591700
4811993.091,addresses,591800
4812044.631,addresses,591900
4812100.534,addresses,592000
4812147.514,addresses,592100
4812193.768,addresses,592200
4812230.444,addresses,592300
4812272.409,addresses,592400
4812318.169,addresses,592500
4812355.921,addresses,592600
4812385.379,addresses,592700
4812425.280,addresses,592800
4812464.163,addresses,592900
4812504.411,addresses,593000
4812548.761,addresses,593100
4812616.507,addresses,593200
4812655.907,addresses,593300
4812705.669,addresses,593400
4812744.690,addresses,593500
4812801.954,addresses,593600
4812839.604,addresses,593700
4812866.190,addresses,593800
4812899.203,addresses,593900
4812940.299,addresses,594000
4812982.718,addresses,594100
4813033.036,addresses,594200
4813066.366,addresses,594300
4813111.504,addresses,594400
4813154.628,addresses,594500
4813202.585,addresses,594600
4813244.193,addresses,594700
4813285.652,addresses,594800
4813323.910,addresses,594900
4813361.402,addresses,595000
4813390.300,addresses,595100
4813465.185,addresses,595200
4813506.068,addresses,595300
4813544.555,addresses,595400
4813588.373,addresses,595500
4813644.549,addresses,595600
4813682.702,addresses,595700
4813723.159,addresses,595800
4813761.180,addresses,595900
4813798.859,addresses,596000
4813829.994,addresses,596100
4813869.142,addresses,596200
4813914.331,addresses,596300
4813963.227,addresses,596400
4814002.476,addresses,596500
4814039.123,addresses,596600
4814084.456,addresses,596700
4814135.879,addresses,596800
4814180.033,addresses,596900
4814211.303,addresses,597000
4814245.095,addresses,597100
4814283.872,addresses,597200
4814326.477,addresses,597300
4814366.473,addresses,597400
4814401.188,addresses,597500
4818330.635,addresses,597600
4818474.933,addresses,597700
4818592.899,addresses,597800
4818714.877,addresses,597900
4818808.658,addresses,598000
4818873.067,addresses,598100
4818956.966,addresses,598200
4819040.417,addresses,598300
4819126.982,addresses,598400
4819206.650,addresses,598500
4819266.557,addresses,598600
4819343.308,addresses,598700
4819416.718,addresses,598800
4819471.593,addresses,598900
4819531.421,addresses,599000
4819592.630,addresses,599100
4819648.938,addresses,599200
4819721.559,addresses,599300
4819782.523,addresses,599400
4819834.874,addresses,599500
4819902.312,addresses,599600
4819961.218,addresses,599700
4820021.752,addresses,599800
4820060.014,addresses,599900
4820124.427,addresses,600000
4820173.606,addresses,600100
4820215.378,addresses,600200
4820262.295,addresses,600300
4820332.071,addresses,600400
4820370.952,addresses,600500
4820420.610,addresses,600600
4820461.764,addresses,600700
4820516.347,addresses,600800
4820565.078,addresses,600900
4820616.349,addresses,601000
4820670.213,addresses,601100
4820739.511,addresses,601200
4820790.869,addresses,601300
4820869.667,addresses,601400
4820923.148,addresses,601500
4820980.711,addresses,601600
4821041.009,addresses,601700
4821083.836,addresses,601800
4821134.893,addresses,601900
4821189.624,addresses,602000
4821235.062,addresses,602100
4821277.534,addresses,602200
4821324.325,addresses,602300
4821390.143,addresses,602400
4821434.580,addresses,602500
4821490.561,addresses,602600
4821534.947,addresses,602700
4821591.803,addresses,602800
4821639.582,addresses,602900
4821687.405,addresses,603000
4821726.387,addresses,603100
4821773.257,addresses,603200
4821810.728,addresses,603300
4821858.685,addresses,603400
4821895.806,addresses,603500
4821950.534,addresses,603600
4821988.795,addresses,603700
4822033.682,addresses,603800
4822068.394,addresses,603900
4822131.111,addresses,604000
4822169.299,addresses,604100
4822208.512,addresses,604200
4822246.067,addresses,604300
4822292.381,addresses,604400
4822336.759,addresses,604500
4822372.996,addresses,604600
4822414.381,addresses,604700
4822470.222,addresses,604800
4822515.212,addresses,604900
4822554.095,addresses,605000
4822585.612,addresses,605100
4822620.649,addresses,605200
4822665.288,addresses,605300
4822708.046,addresses,605400
4822754.811,addresses,605500
4822807.327,addresses,605600
4822842.984,addresses,605700
4822884.757,addresses,605800
4822918.951,addresses,605900
4822967.126,addresses,606000
4823007.081,addresses,606100
4823041.175,addresses,606200
4823087.709,addresses,606300
4823136.350,addresses,606400
4823185.554,addresses,606500
4823245.306,addresses,606600
4823294.087,addresses,606700
4823342.788,addresses,606800
4823379.787,addresses,606900
4823423.739,addresses,607000
4823461.116,addresses,607100
4823497.301,addresses,607200
4823542.003,addresses,607300
4823587.462,addresses,607400
4823628.278,addresses,607500
4827520.467,addresses,607600
4827706.075,addresses,607700
4827818.903,addresses,607800
4827917.011,addresses,607900
4828028.849,addresses,608000
4828084.994,addresses,608100
4828161.730,addresses,608200
4828258.728,addresses,608300
4828354.755,addresses,608400
4828425.796,addresses,608500
4828505.414,addresses,608600
4828814.864,addresses,608700
4828889.651,addresses,608800
4828946.610,addresses,608900
4829006.289,addresses,609000
4829047.273,addresses,609100
4829099.218,addresses,609200
4829132.820,addresses,609300
4829194.141,addresses,609400
4829250.033,addresses,609500
4829315.132,addresses,609600
4829353.654,addresses,609700
4829401.445,addresses,609800
4829440.161,addresses,609900
4829508.023,addresses,610000
4829559.930,addresses,610100
4829605.078,addresses,610200
4829641.422,addresses,610300
4829697.260,addresses,610400
4829749.821,addresses,610500
4829800.089,addresses,610600
4829846.510,addresses,610700
4829877.468,addresses,610800
4829912.668,addresses,610900
4829961.595,addresses,611000
4830002.539,addresses,611100
4830050.963,addresses,611200
4830091.099,addresses,611300
4830129.265,addresses,611400
4830166.634,addresses,611500
4830221.448,addresses,611600
4830266.394,addresses,611700
4830308.990,addresses,611800
4830353.273,addresses,611900
4830418.497,addresses,612000
4830474.947,addresses,612100
4830515.968,addresses,612200
4830558.439,addresses,612300
4830600.582,addresses,612400
4830628.669,addresses,612500
4830670.525,addresses,612600
4830712.534,addresses,612700
4830808.665,addresses,612800
4830878.776,addresses,612900
4830932.854,addresses,613000
4830978.142,addresses,613100
4831017.225,addresses,613200
4831059.465,addresses,613300
4831101.946,addresses,613400
4831157.229,addresses,613500
4831200.541,addresses,613600
4831249.020,addresses,613700
4831288.173,addresses,613800
4831330.635,addresses,613900
4831381.221,addresses,614000
4831430.381,addresses,614100
4831483.545,addresses,614200
4831525.436,addresses,614300
4831573.029,addresses,614400
4831606.784,addresses,614500
4831638.464,addresses,614600
4831677.853,addresses,614700
4831725.959,addresses,614800
4831772.155,addresses,614900
4831828.316,addresses,615000
4831882.000,addresses,615100
4831919.703,addresses,615200
4831966.019,addresses,615300
4832008.031,addresses,615400
4832049.048,addresses,615500
4832101.846,addresses,615600
4832140.685,addresses,615700
4832189.977,addresses,615800
4832248.353,addresses,615900
4832305.020,addresses,616000
4832341.191,addresses,616100
4832387.620,addresses,616200
4832441.267,addresses,616300
4832498.204,addresses,616400
4832541.705,addresses,616500
4832584.284,addresses,616600
4832657.113,addresses,616700
4832706.186,addresses,616800
4832754.268,addresses,616900
4832803.262,addresses,617000
4832847.885,addresses,617100
4832907.610,addresses,617200
4832955.613,addresses,617300
4833020.776,addresses,617400
4833063.022,addresses,617500
4837069.874,addresses,617600
4837250.516,addresses,617700
4837417.923,addresses,617800
4837520.978,addresses,617900
4837667.259,addresses,618000
4837781.841,addresses,618100
4837903.325,addresses,618200
4838005.211,addresses,618300
4838115.934,addresses,618400
4838180.284,addresses,618500
4838245.329,addresses,618600
4838307.981,addresses,618700
4838389.047,addresses,618800
4838457.182,addresses,618900
4838539.387,addresses,619000
4838603.711,addresses,619100
4838679.082,addresses,619200
4838741.495,addresses,619300
4838801.076,addresses,619400
4838850.483,addresses,619500
4838922.298,addresses,619600
4838966.025,addresses,619700
4839021.814,addresses,619800
4839086.606,addresses,619900
4839151.584,addresses,620000
4839209.593,addresses,620100
4839275.483,addresses,620200
4839311.518,addresses,620300
4839377.737,addresses,620400
4839435.900,addresses,620500
4839480.259,addresses,620600
4839523.771,addresses,620700
4839562.083,addresses,620800
4839613.401,addresses,620900
4839676.497,addresses,621000
4839733.926,addresses,621100
4839796.647,addresses,621200
4839862.579,addresses,621300
4839929.428,addresses,621400
4839998.864,addresses,621500
4840084.843,addresses,621600
4840149.062,addresses,621700
4840220.346,addresses,621800
4840288.093,addresses,621900
4840349.240,addresses,622000
4840412.753,addresses,622100
4840476.067,addresses,622200
4840531.269,addresses,622300
4840587.981,addresses,622400
4840640.984,addresses,622500
4840695.415,addresses,622600
4840747.811,addresses,622700
4840817.433,addresses,622800
4840872.709,addresses,622900
4840923.878,addresses,623000
4840973.869,addresses,623100
4841035.628,addresses,623200
4841073.190,addresses,623300
4841121.521,addresses,623400
4841171.639,addresses,623500
4841233.068,addresses,623600
4841277.451,addresses,623700
4841320.485,addresses,623800
4841359.026,addresses,623900
4841412.853,addresses,624000
4841461.755,addresses,624100
4841508.505,addresses,624200
4841559.766,addresses,624300
4841623.766,addresses,624400
4841728.727,addresses,624500
4841780.512,addresses,624600
4841861.084,addresses,624700
4841974.041,addresses,624800
4842015.342,addresses,624900
4842059.097,addresses,625000
4842104.151,addresses,625100
4842151.578,addresses,625200
4842203.218,addresses,625300
4842239.614,addresses,625400
4842278.202,addresses,625500
4842310.917,addresses,625600
4842350.119,addresses,625700
4842394.931,addresses,625800
4842427.976,addresses,625900
4842478.901,addresses,626000
4842521.061,addresses,626100
4842577.941,addresses,626200
4842621.014,addresses,626300
4842680.153,addresses,626400
4842728.542,addresses,626500
4842771.522,addresses,626600
4842809.066,addresses,626700
4842861.501,addresses,626800
4842918.214,addresses,626900
4842962.357,addresses,627000
4843006.973,addresses,627100
4843057.173,addresses,627200
4843109.913,addresses,627300
4843158.318,addresses,627400
4843210.116,addresses,627500
4847227.464,addresses,627600
4847345.741,addresses,627700
4847474.057,addresses,627800
4847583.821,addresses,627900
4847711.314,addresses,628000
4847791.775,addresses,628100
4847889.215,addresses,628200
4847980.019,addresses,628300
4848085.592,addresses,628400
4848157.304,addresses,628500
4848233.274,addresses,628600
4848297.669,addresses,628700
4848363.691,addresses,628800
4848453.176,addresses,628900
4848537.414,addresses,629000
4848604.604,addresses,629100
4848682.045,addresses,629200
4848757.783,addresses,629300
4848831.417,addresses,629400
4848903.525,addresses,629500
4848983.521,addresses,629600
4849046.279,addresses,629700
4849100.995,addresses,629800
4849159.648,addresses,629900
4849232.282,addresses,630000
4849290.518,addresses,630100
4849363.831,addresses,630200
4849426.124,addresses,630300
4849495.780,addresses,630400
4849553.985,addresses,630500
4849611.183,addresses,630600
4849671.878,addresses,630700
4849740.878,addresses,630800
4849815.558,addresses,630900
4849872.994,addresses,631000
4849937.505,addresses,631100
4850004.048,addresses,631200
4850069.111,addresses,631300
4850126.788,addresses,631400
4850188.931,addresses,631500
4850262.836,addresses,631600
4850324.159,addresses,631700
4850385.586,addresses,631800
4850440.085,addresses,631900
4850507.977,addresses,632000
4850567.787,addresses,632100
4850636.675,addresses,632200
4850691.476,addresses,632300
4850748.204,addresses,632400
4850793.645,addresses,632500
4850850.946,addresses,632600
4850908.539,addresses,632700
4850971.378,addresses,632800
4851021.746,addresses,632900
4851081.510,addresses,633000
4851142.433,addresses,633100
4851192.232,addresses,633200
4851240.783,addresses,633300
4851276.296,addresses,633400
4851311.600,addresses,633500
4851357.786,addresses,633600
4851399.125,addresses,633700
4851457.499,addresses,633800
4851504.101,addresses,633900
4851567.380,addresses,634000
4851620.435,addresses,634100
4851672.679,addresses,634200
4851721.758,addresses,634300
4851772.664,addresses,634400
4851814.619,addresses,634500
4851857.715,addresses,634600
4851890.091,addresses,634700
4851933.533,addresses,634800
4851981.560,addresses,634900
4852026.914,addresses,635000
4852091.011,addresses,635100
4852153.150,addresses,635200
4852201.588,addresses,635300
4852255.947,addresses,635400
4852305.925,addresses,635500
4852360.352,addresses,635600
4852398.841,addresses,635700
4852441.229,addresses,635800
4852494.726,addresses,635900
4852568.852,addresses,636000
4852619.034,addresses,636100
4859971.777,addresses,636200
4860323.895,addresses,636300
4860594.649,addresses,636400
4860743.108,addresses,636500
4860867.936,addresses,636600
4860968.357,addresses,636700
4861099.136,addresses,636800
4861253.873,addresses,636900
4861354.972,addresses,637000
4861465.836,addresses,637100
4861594.246,addresses,637200
4861704.897,addresses,637300
4861800.104,addresses,637400
4861866.221,addresses,637500
4861950.497,addresses,637600
4862034.841,addresses,637700
4862090.291,addresses,637800
4862152.305,addresses,637900
4862248.718,addresses,638000
4862336.298,addresses,638100
4862411.768,addresses,638200
4862493.410,addresses,638300
4862592.746,addresses,638400
4862670.068,addresses,638500
4862734.798,addresses,638600
4862809.143,addresses,638700
4862881.459,addresses,638800
4862933.523,addresses,638900
4862988.416,addresses,639000
4863055.550,addresses,639100
4863132.286,addresses,639200
4863198.563,addresses,639300
4863263.055,addresses,639400
4863329.887,addresses,639500
4863402.643,addresses,639600
4863472.225,addresses,639700
4863548.563,addresses,639800
4863610.298,addresses,639900
4863687.173,addresses,640000
4863752.443,addresses,640100
4863825.906,addresses,640200
4863895.466,addresses,640300
4863966.260,addresses,640400
4864049.855,addresses,640500
4864117.742,addresses,640600
4864175.847,addresses,640700
4864240.028,addresses,640800
4864303.546,addresses,640900
4864383.269,addresses,641000
4864447.824,addresses,641100
4864521.173,addresses,641200
4864580.930,addresses,641300
4864641.703,addresses,641400
4864703.948,addresses,641500
4864775.103,addresses,641600
4864831.502,addresses,641700
4864893.080,addresses,641800
4864954.017,addresses,641900
4865019.297,addresses,642000
4865081.166,addresses,642100
4865144.208,addresses,642200
4865226.220,addresses,642300
4865290.697,addresses,642400
4865361.388,addresses,642500
4865419.981,addresses,642600
4865480.345,addresses,642700
4865548.028,addresses,642800
4865606.797,addresses,642900
4865663.461,addresses,643000
4865725.426,addresses,643100
4865800.404,addresses,643200
4865857.568,addresses,643300
4865944.200,addresses,643400
4865997.000,addresses,643500
4866065.114,addresses,643600
4866124.242,addresses,643700
4866180.369,addresses,643800
4866238.682,addresses,643900
4866298.182,addresses,644000
4866359.589,addresses,644100
4866421.886,addresses,644200
4866484.949,addresses,644300
4866558.913,addresses,644400
4869950.367,addresses,644500
4870121.921,addresses,644600
4870215.447,addresses,644700
4870304.523,addresses,644800
4870379.234,addresses,644900
4870448.808,addresses,645000
4870515.652,addresses,645100
4870598.314,addresses,645200
4870670.657,addresses,645300
4870743.145,addresses,645400
4870814.386,addresses,645500
4870899.302,addresses,645600
4870964.452,addresses,645700
4871023.052,addresses,645800
4871084.371,addresses,645900
4871159.457,addresses,646000
4871217.563,addresses,646100
4871284.456,addresses,646200
4871362.277,addresses,646300
4871431.031,addresses,646400
4871496.452,addresses,646500
4871559.664,addresses,646600
4871625.214,addresses,646700
4871704.425,addresses,646800
4871765.369,addresses,646900
4871834.228,addresses,647000
4871894.240,addresses,647100
4871955.877,addresses,647200
4872006.900,addresses,647300
4872061.898,addresses,647400
4872112.704,addresses,647500
4872189.954,addresses,647600
4872245.399,addresses,647700
4872299.795,addresses,647800
4872348.471,addresses,647900
4872398.203,addresses,648000
4872436.507,addresses,648100
4872483.139,addresses,648200
4872536.865,addresses,648300
4872590.689,addresses,648400
4872645.188,addresses,648500
4872699.627,addresses,648600
4872750.892,addresses,648700
4872811.842,addresses,648800
4872856.473,addresses,648900
4872913.434,addresses,649000
4872963.101,addresses,649100
4873015.576,addresses,649200
4873068.343,addresses,649300
4873124.628,addresses,649400
4873177.636,addresses,649500
4873239.831,addresses,649600
4873297.452,addresses,649700
4873353.382,addresses,649800
4873408.792,addresses,649900
4873468.999,addresses,650000
4873523.164,addresses,650100
4873567.054,addresses,650200
4873613.192,addresses,650300
4873678.027,addresses,650400
4873731.667,addresses,650500
4873782.955,addresses,650600
4873837.303,addresses,650700
4873897.864,addresses,650800
4873951.615,addresses,650900
4874004.795,addresses,651000
4874052.885,addresses,651100
4874108.630,addresses,651200
4874152.224,addresses,651300
4874199.874,addresses,651400
4874252.200,addresses,651500
4874322.002,addresses,651600
4874360.775,bitview_vecs,467200
4874375.832,addresses,651700
4874447.095,addresses,651800
4874497.707,addresses,651900
4874556.653,addresses,652000
4874605.767,addresses,652100
4874650.197,addresses,652200
4874696.524,addresses,652300
4874745.973,addresses,652400
4874794.251,addresses,652500
4874845.730,addresses,652600
4874892.688,addresses,652700
4874952.829,addresses,652800
4879108.096,addresses,652900
4879281.329,addresses,653000
4879425.108,addresses,653100
4879542.634,addresses,653200
4879629.685,addresses,653300
4879754.447,addresses,653400
4879856.212,addresses,653500
4879960.152,addresses,653600
4880054.392,addresses,653700
4880150.580,addresses,653800
4880237.828,addresses,653900
4880329.041,addresses,654000
4880409.145,addresses,654100
4880490.167,addresses,654200
4880568.445,addresses,654300
4880663.193,addresses,654400
4880739.491,addresses,654500
4880822.843,addresses,654600
4880907.073,addresses,654700
4880994.450,addresses,654800
4881070.351,addresses,654900
4881141.937,addresses,655000
4881220.115,addresses,655100
4881298.760,addresses,655200
4881368.755,addresses,655300
4881432.485,addresses,655400
4881496.920,addresses,655500
4881575.708,addresses,655600
4881645.922,addresses,655700
4881713.291,addresses,655800
4881779.890,addresses,655900
4881858.848,addresses,656000
4881918.941,addresses,656100
4881977.861,addresses,656200
4882031.043,addresses,656300
4882097.863,addresses,656400
4882155.745,addresses,656500
4882208.782,addresses,656600
4882268.408,addresses,656700
4882331.964,addresses,656800
4882383.295,addresses,656900
4882433.790,addresses,657000
4882486.815,addresses,657100
4882544.432,addresses,657200
4882633.171,addresses,657300
4882693.199,addresses,657400
4882753.681,addresses,657500
4882818.561,addresses,657600
4882879.062,addresses,657700
4882936.011,addresses,657800
4882995.423,addresses,657900
4883056.734,addresses,658000
4883110.827,addresses,658100
4883156.045,addresses,658200
4883205.377,addresses,658300
4883276.368,addresses,658400
4883335.877,addresses,658500
4883393.180,addresses,658600
4883453.832,addresses,658700
4883520.187,addresses,658800
4883574.538,addresses,658900
4883623.923,addresses,659000
4883674.294,addresses,659100
4883723.371,addresses,659200
4883776.331,addresses,659300
4883832.633,addresses,659400
4883891.449,addresses,659500
4883956.350,addresses,659600
4884012.482,addresses,659700
4884063.243,addresses,659800
4884115.033,addresses,659900
4884174.778,addresses,660000
4884226.120,addresses,660100
4884277.456,addresses,660200
4884330.861,addresses,660300
4884366.857,bitview_vecs,587840
4884385.102,addresses,660400
4884435.569,addresses,660500
4889099.784,addresses,660600
4889357.678,addresses,660700
4889557.710,addresses,660800
4889746.231,addresses,660900
4889871.815,addresses,661000
4889992.431,addresses,661100
4890108.925,addresses,661200
4890200.875,addresses,661300
4890309.519,addresses,661400
4890397.356,addresses,661500
4890495.412,addresses,661600
4890634.589,addresses,661700
4890744.580,addresses,661800
4890854.510,addresses,661900
4890993.763,addresses,662000
4891075.441,addresses,662100
4891155.011,addresses,662200
4891245.394,addresses,662300
4891336.589,addresses,662400
4891414.700,addresses,662500
4891483.491,addresses,662600
4891556.370,addresses,662700
4891635.233,addresses,662800
4891709.716,addresses,662900
4891786.332,addresses,663000
4891866.888,addresses,663100
4891972.555,addresses,663200
4892065.378,addresses,663300
4892146.475,addresses,663400
4892223.282,addresses,663500
4892308.119,addresses,663600
4892380.681,addresses,663700
4892456.315,addresses,663800
4892531.506,addresses,663900
4892608.508,addresses,664000
4892677.153,addresses,664100
4892763.419,addresses,664200
4892860.163,addresses,664300
4892965.817,addresses,664400
4893041.670,addresses,664500
4893123.024,addresses,664600
4893197.283,addresses,664700
4893276.714,addresses,664800
4893347.971,addresses,664900
4893426.136,addresses,665000
4893517.087,addresses,665100
4893607.187,addresses,665200
4893679.771,addresses,665300
4893750.504,addresses,665400
4893823.493,addresses,665500
4893904.086,addresses,665600
4893975.485,addresses,665700
4894039.703,addresses,665800
4894139.636,addresses,665900
4894213.646,addresses,666000
4894279.157,addresses,666100
4894340.033,addresses,666200
4894368.800,bitview_vecs,688640
4894407.386,addresses,666300
4894479.419,addresses,666400
4894545.228,addresses,666500
4894606.172,addresses,666600
4894669.826,addresses,666700
4894731.329,addresses,666800
4894796.342,addresses,666900
4894856.439,addresses,667000
4894914.302,addresses,667100
4894979.753,addresses,667200
4895036.432,addresses,667300
4895090.966,addresses,667400
4895146.083,addresses,667500
4895209.568,addresses,667600
4899855.990,addresses,667700
4900058.026,addresses,667800
4900223.998,addresses,667900
4900386.250,addresses,668000
4900507.119,addresses,668100
4900632.344,addresses,668200
4900750.141,addresses,668300
4900877.728,addresses,668400
4901011.774,addresses,668500
4901110.815,addresses,668600
4901215.412,addresses,668700
4901321.311,addresses,668800
4901413.821,addresses,668900
4901508.643,addresses,669000
4901591.300,addresses,669100
4901739.127,addresses,669200
4901900.895,addresses,669300
4901982.543,addresses,669400
4902060.193,addresses,669500
4902150.432,addresses,669600
4902227.376,addresses,669700
4902310.361,addresses,669800
4902393.714,addresses,669900
4902485.362,addresses,670000
4902559.742,addresses,670100
4902629.469,addresses,670200
4902704.670,addresses,670300
4902785.836,addresses,670400
4902857.976,addresses,670500
4902934.538,addresses,670600
4903013.640,addresses,670700
4903092.467,addresses,670800
4903160.276,addresses,670900
4903229.475,addresses,671000
4903296.974,addresses,671100
4903373.068,addresses,671200
4903441.006,addresses,671300
4903510.296,addresses,671400
4903578.066,addresses,671500
4903646.336,addresses,671600
4903713.165,addresses,671700
4903778.910,addresses,671800
4903840.929,addresses,671900
4903913.059,addresses,672000
4903983.167,addresses,672100
4904042.336,addresses,672200
4904099.105,addresses,672300
4904164.424,addresses,672400
4904224.810,addresses,672500
4904290.163,addresses,672600
4904346.684,addresses,672700
4904410.336,addresses,672800
4904468.822,addresses,672900
4904558.841,addresses,673000
4904618.001,addresses,673100
4904691.385,addresses,673200
4904776.920,addresses,673300
4904838.465,addresses,673400
4904893.819,addresses,673500
4904956.128,addresses,673600
4905024.035,addresses,673700
4905082.427,addresses,673800
4905141.239,addresses,673900
4905207.116,addresses,674000
4905264.320,addresses,674100
4905316.804,addresses,674200
4905374.846,addresses,674300
4905432.419,addresses,674400
4905490.322,addresses,674500
4905550.002,addresses,674600
4910998.638,addresses,674700
4911159.610,addresses,674800
4911250.708,addresses,674900
4911336.700,addresses,675000
4911415.794,addresses,675100
4911498.626,addresses,675200
4911569.351,addresses,675300
4911637.255,addresses,675400
4911707.274,addresses,675500
4911814.918,addresses,675600
4911884.348,addresses,675700
4911948.296,addresses,675800
4912011.504,addresses,675900
4912095.940,addresses,676000
4912157.826,addresses,676100
4912222.089,addresses,676200
4912281.417,addresses,676300
4912352.557,addresses,676400
4912412.054,addresses,676500
4912476.995,addresses,676600
4912532.998,addresses,676700
4912601.801,addresses,676800
4912664.382,addresses,676900
4912721.476,addresses,677000
4912779.605,addresses,677100
4912848.773,addresses,677200
4912909.581,addresses,677300
4912971.552,addresses,677400
4913029.521,addresses,677500
4913099.575,addresses,677600
4913165.910,addresses,677700
4913226.462,addresses,677800
4913293.389,addresses,677900
4913363.496,addresses,678000
4913423.305,addresses,678100
4913482.805,addresses,678200
4913543.875,addresses,678300
4913619.408,addresses,678400
4913679.580,addresses,678500
4913738.885,addresses,678600
4913798.077,addresses,678700
4913871.289,addresses,678800
4913930.727,addresses,678900
4913986.857,addresses,679000
4914048.620,addresses,679100
4914116.479,addresses,679200
4914181.995,addresses,679300
4914238.799,addresses,679400
4914300.963,addresses,679500
4914372.594,addresses,679600
4914434.410,addresses,679700
4914498.047,addresses,679800
4914557.972,addresses,679900
4914628.090,addresses,680000
4914683.597,addresses,680100
4914735.735,addresses,680200
4914792.537,addresses,680300
4914857.061,addresses,680400
4914910.796,addresses,680500
4914965.072,addresses,680600
4915022.511,addresses,680700
4915089.686,addresses,680800
4915147.318,addresses,680900
4915203.256,addresses,681000
4915255.842,addresses,681100
4915316.097,addresses,681200
4915369.462,addresses,681300
4915425.271,addresses,681400
4915478.346,addresses,681500
4915538.582,addresses,681600
4915588.995,addresses,681700
4915800.751,addresses,681800
4920745.442,addresses,681900
4921063.365,addresses,682000
4921252.959,addresses,682100
4921395.792,addresses,682200
4921535.704,addresses,682300
4921682.784,addresses,682400
4921791.114,addresses,682500
4921899.445,addresses,682600
4921997.588,addresses,682700
4922115.604,addresses,682800
4922218.528,addresses,682900
4922315.335,addresses,683000
4922415.752,addresses,683100
4922520.766,addresses,683200
4922600.206,addresses,683300
4922679.179,addresses,683400
4922761.583,addresses,683500
4922852.275,addresses,683600
4922932.793,addresses,683700
4923011.398,addresses,683800
4923111.615,addresses,683900
4923203.991,addresses,684000
4923281.394,addresses,684100
4923361.757,addresses,684200
4923428.815,addresses,684300
4923510.256,addresses,684400
4923574.047,addresses,684500
4923636.822,addresses,684600
4923700.945,addresses,684700
4923773.121,addresses,684800
4923832.899,addresses,684900
4923894.447,addresses,685000
4923953.311,addresses,685100
4924017.583,addresses,685200
4924078.558,addresses,685300
4924135.412,addresses,685400
4924198.400,addresses,685500
4924277.543,addresses,685600
4924334.037,addresses,685700
4924384.652,addresses,685800
4924439.387,addresses,685900
4924518.770,addresses,686000
4924574.874,addresses,686100
4924629.775,addresses,686200
4924683.986,addresses,686300
4924734.880,addresses,686400
4924774.000,addresses,686500
4924817.808,addresses,686600
4924869.581,addresses,686700
4924921.794,addresses,686800
4924964.981,addresses,686900
4925018.667,addresses,687000
4925069.687,addresses,687100
4925135.570,addresses,687200
4925192.143,addresses,687300
4925240.312,addresses,687400
4925285.488,addresses,687500
4925347.039,addresses,687600
4925398.636,addresses,687700
4925455.481,addresses,687800
4925506.928,addresses,687900
4925566.083,addresses,688000
4925614.899,addresses,688100
4925695.144,addresses,688200
4925743.603,addresses,688300
4925807.254,addresses,688400
4925878.900,addresses,688500
4925938.995,addresses,688600
4925993.797,addresses,688700
4926059.312,addresses,688800
4926113.736,addresses,688900
4926167.096,addresses,689000
4926225.216,addresses,689100
4926295.102,addresses,689200
4926357.686,addresses,689300
4926419.010,addresses,689400
4926478.677,addresses,689500
4932167.600,addresses,689600
4932293.632,addresses,689700
4932386.869,addresses,689800
4932455.104,addresses,689900
4932524.650,addresses,690000
4932594.777,addresses,690100
4932652.274,addresses,690200
4932709.639,addresses,690300
4932765.000,addresses,690400
4932813.827,addresses,690500
4932868.233,addresses,690600
4932926.131,addresses,690700
4932991.330,addresses,690800
4933056.199,addresses,690900
4933105.705,addresses,691000
4933152.455,addresses,691100
4933220.092,addresses,691200
4933266.266,addresses,691300
4933307.657,addresses,691400
4933350.227,addresses,691500
4933395.488,addresses,691600
4933445.418,addresses,691700
4933494.706,addresses,691800
4933553.335,addresses,691900
4933613.171,addresses,692000
4933666.585,addresses,692100
4933721.775,addresses,692200
4933780.054,addresses,692300
4933832.032,addresses,692400
4933882.308,addresses,692500
4933924.375,addresses,692600
4933969.591,addresses,692700
4934041.198,addresses,692800
4934089.684,addresses,692900
4934134.202,addresses,693000
4934183.605,addresses,693100
4934236.069,addresses,693200
4934297.868,addresses,693300
4934342.705,addresses,693400
4934390.288,addresses,693500
4934449.498,addresses,693600
4934487.488,addresses,693700
4934539.232,addresses,693800
4934599.918,addresses,693900
4934651.845,addresses,694000
4934699.533,addresses,694100
4934758.229,addresses,694200
4934805.692,addresses,694300
4934863.535,addresses,694400
4934912.338,addresses,694500
4934962.477,addresses,694600
4935008.855,addresses,694700
4935062.199,addresses,694800
4935108.248,addresses,694900
4935170.700,addresses,695000
4935222.529,addresses,695100
4935283.057,addresses,695200
4935337.529,addresses,695300
4935395.622,addresses,695400
4935458.164,addresses,695500
4935520.427,addresses,695600
4935566.352,addresses,695700
4935602.857,addresses,695800
4935638.370,addresses,695900
4935737.502,addresses,696000
4935856.567,addresses,696100
4935970.354,addresses,696200
4936043.947,addresses,696300
4936114.548,addresses,696400
4936181.031,addresses,696500
4936240.532,addresses,696600
4936296.159,addresses,696700
4936356.579,addresses,696800
4936404.236,addresses,696900
4936602.436,addresses,697000
4936716.711,addresses,697100
4936818.078,addresses,697200
4936871.978,addresses,697300
4936940.715,addresses,697400
4936987.353,addresses,697500
4937050.604,addresses,697600
4937099.804,addresses,697700
4937143.388,addresses,697800
4937203.538,addresses,697900
4937263.608,addresses,698000
4937305.554,addresses,698100
4937354.234,addresses,698200
4937425.854,addresses,698300
4937519.269,addresses,698400
4937583.452,addresses,698500
4937656.463,addresses,698600
4937722.791,addresses,698700
4937794.079,addresses,698800
4937855.767,addresses,698900
4937902.166,addresses,699000
4937949.312,addresses,699100
4938001.178,addresses,699200
4938045.823,addresses,699300
4938103.556,addresses,699400
4938153.695,addresses,699500
4943043.595,addresses,699600
4943244.644,addresses,699700
4943391.007,addresses,699800
4943528.460,addresses,699900
4943640.726,addresses,700000
4943741.985,addresses,700100
4943812.635,addresses,700200
4943893.703,addresses,700300
4944005.657,addresses,700400
4944064.187,addresses,700500
4944154.788,addresses,700600
4944241.386,addresses,700700
4944357.952,addresses,700800
4944439.681,addresses,700900
4944539.518,addresses,701000
4944592.240,addresses,701100
4944661.261,addresses,701200
4944709.676,addresses,701300
4944772.208,addresses,701400
4944845.027,addresses,701500
4944926.194,addresses,701600
4945013.635,addresses,701700
4945073.180,addresses,701800
4945146.920,addresses,701900
4945230.205,addresses,702000
4945274.523,addresses,702100
4945335.871,addresses,702200
4945396.166,addresses,702300
4945496.137,addresses,702400
4945571.253,addresses,702500
4945627.820,addresses,702600
4945694.776,addresses,702700
4945775.692,addresses,702800
4945841.584,addresses,702900
4945892.562,addresses,703000
4945969.507,addresses,703100
4946020.747,addresses,703200
4946071.783,addresses,703300
4946126.949,addresses,703400
4946195.739,addresses,703500
4946265.872,addresses,703600
4946332.723,addresses,703700
4946396.860,addresses,703800
4946486.839,addresses,703900
4946579.532,addresses,704000
4946655.609,addresses,704100
4946727.108,addresses,704200
4946789.130,addresses,704300
4946848.339,addresses,704400
4946979.015,addresses,704500
4947055.440,addresses,704600
4947129.675,addresses,704700
4947199.722,addresses,704800
4947253.256,addresses,704900
4947321.781,addresses,705000
4947399.874,addresses,705100
4947487.680,addresses,705200
4947555.944,addresses,705300
4947604.759,addresses,705400
4947660.289,addresses,705500
4947756.893,addresses,705600
4947841.866,addresses,705700
4947903.241,addresses,705800
4947983.788,addresses,705900
4948075.750,addresses,706000
4948154.822,addresses,706100
4948297.033,addresses,706200
4948392.577,addresses,706300
4948502.414,addresses,706400
4948568.867,addresses,706500
4948620.578,addresses,706600
4948700.475,addresses,706700
4948775.485,addresses,706800
4948872.257,addresses,706900
4948935.520,addresses,707000
4948990.298,addresses,707100
4949058.846,addresses,707200
4949131.464,addresses,707300
4949188.961,addresses,707400
4949251.175,addresses,707500
4949320.320,addresses,707600
4949378.181,addresses,707700
4949453.990,addresses,707800
4949509.285,addresses,707900
4949627.663,addresses,708000
4949688.921,addresses,708100
4949756.814,addresses,708200
4949816.651,addresses,708300
4949879.427,addresses,708400
4949934.843,addresses,708500
4954887.468,addresses,708600
4955137.107,addresses,708700
4955355.523,addresses,708800
4955541.807,addresses,708900
4955700.461,addresses,709000
4955871.281,addresses,709100
4956009.703,addresses,709200
4956132.964,addresses,709300
4956220.703,addresses,709400
4956305.384,addresses,709500
4956384.786,addresses,709600
4956459.574,addresses,709700
4956529.724,addresses,709800
4956621.002,addresses,709900
4956721.034,addresses,710000
4956797.184,addresses,710100
4956879.030,addresses,710200
4956951.690,addresses,710300
4957025.803,addresses,710400
4957100.439,addresses,710500
4957163.504,addresses,710600
4957217.257,addresses,710700
4957371.039,addresses,710800
4957473.720,addresses,710900
4957539.660,addresses,711000
4957608.173,addresses,711100
4957690.978,addresses,711200
4957771.769,addresses,711300
4957856.273,addresses,711400
4957923.521,addresses,711500
4957998.664,addresses,711600
4958055.569,addresses,711700
4958125.983,addresses,711800
4958206.571,addresses,711900
4958295.828,addresses,712000
4958359.982,addresses,712100
4958428.678,addresses,712200
4958508.731,addresses,712300
4958584.735,addresses,712400
4958647.972,addresses,712500
4958708.073,addresses,712600
4958770.530,addresses,712700
4958838.564,addresses,712800
4958912.867,addresses,712900
4958969.454,addresses,713000
4959036.052,addresses,713100
4959088.841,addresses,713200
4959147.126,addresses,713300
4959209.594,addresses,713400
4959253.209,addresses,713500
4959317.295,addresses,713600
4959365.460,addresses,713700
4959408.535,addresses,713800
4959457.688,addresses,713900
4959522.629,addresses,714000
4959571.494,addresses,714100
4959628.864,addresses,714200
4959687.518,addresses,714300
4959757.143,addresses,714400
4959814.081,addresses,714500
4959867.350,addresses,714600
4959922.178,addresses,714700
4959973.454,addresses,714800
4960023.561,addresses,714900
4960082.738,addresses,715000
4960140.235,addresses,715100
4960200.991,addresses,715200
4960264.603,addresses,715300
4960314.512,addresses,715400
4960374.476,addresses,715500
4960438.865,addresses,715600
4960505.222,addresses,715700
4960548.470,addresses,715800
4960606.379,addresses,715900
4960671.746,addresses,716000
4960809.134,addresses,716100
4960887.329,addresses,716200
4960970.520,addresses,716300
4961046.339,addresses,716400
4961127.795,addresses,716500
4961202.777,addresses,716600
4961240.481,addresses,716700
4961306.677,addresses,716800
4961348.242,addresses,716900
4961400.298,addresses,717000
4961461.763,addresses,717100
4961536.120,addresses,717200
4961594.120,addresses,717300
4961800.571,addresses,717400
4968091.880,addresses,717500
4968345.023,addresses,717600
4968469.947,addresses,717700
4968594.654,addresses,717800
4968675.019,addresses,717900
4968792.778,addresses,718000
4968909.045,addresses,718100
4969016.989,addresses,718200
4969101.085,addresses,718300
4969193.535,addresses,718400
4969259.815,addresses,718500
4969319.716,addresses,718600
4969391.680,addresses,718700
4969475.706,addresses,718800
4969534.075,addresses,718900
4969583.798,addresses,719000
4969668.575,addresses,719100
4969780.872,addresses,719200
4969849.844,addresses,719300
4969909.835,addresses,719400
4969965.924,addresses,719500
4970024.899,addresses,719600
4970098.493,addresses,719700
4970179.036,addresses,719800
4970278.249,addresses,719900
4970345.095,addresses,720000
4970402.915,addresses,720100
4970466.278,addresses,720200
4970529.368,addresses,720300
4970599.775,addresses,720400
4970658.651,addresses,720500
4970725.597,addresses,720600
4970790.093,addresses,720700
4970854.584,addresses,720800
4970905.080,addresses,720900
4970944.965,addresses,721000
4970998.992,addresses,721100
4971072.639,addresses,721200
4971128.741,addresses,721300
4971184.704,addresses,721400
4971244.471,addresses,721500
4971304.274,addresses,721600
4971363.058,addresses,721700
4971411.959,addresses,721800
4971482.060,addresses,721900
4971548.056,addresses,722000
4971592.896,addresses,722100
4971646.671,addresses,722200
4971714.792,addresses,722300
4971787.666,addresses,722400
4971862.580,addresses,722500
4971931.368,addresses,722600
4972014.532,addresses,722700
4972081.545,addresses,722800
4972152.069,addresses,722900
4972222.579,addresses,723000
4972263.305,addresses,723100
4972315.901,addresses,723200
4972365.363,addresses,723300
4972419.907,addresses,723400
4972478.595,addresses,723500
4972534.150,addresses,723600
4972584.496,addresses,723700
4972639.188,addresses,723800
4972696.312,addresses,723900
4972763.311,addresses,724000
4972809.426,addresses,724100
4972856.367,addresses,724200
4972902.457,addresses,724300
4972965.523,addresses,724400
4973018.954,addresses,724500
4973060.386,addresses,724600
4973113.514,addresses,724700
4973178.858,addresses,724800
4973235.800,addresses,724900
4973285.743,addresses,725000
4973338.984,addresses,725100
4973402.753,addresses,725200
4973459.204,addresses,725300
4973517.863,addresses,725400
4973573.875,addresses,725500
4973655.595,addresses,725600
4973719.103,addresses,725700
4973787.994,addresses,725800
4973849.783,addresses,725900
4973910.595,addresses,726000
4973968.217,addresses,726100
4974019.537,addresses,726200
4974073.762,addresses,726300
4974142.574,addresses,726400
4974197.572,addresses,726500
4974273.859,addresses,726600
4974343.057,addresses,726700
4979221.683,addresses,726800
4979527.210,addresses,726900
4979643.008,addresses,727000
4979750.587,addresses,727100
4979895.471,addresses,727200
4980021.072,addresses,727300
4980142.114,addresses,727400
4980258.110,addresses,727500
4980354.264,addresses,727600
4980436.273,addresses,727700
4980537.463,addresses,727800
4980607.497,addresses,727900
4980696.737,addresses,728000
4980767.119,addresses,728100
4980852.786,addresses,728200
4980911.289,addresses,728300
4981003.493,addresses,728400
4981055.526,addresses,728500
4981133.429,addresses,728600
4981210.978,addresses,728700
4981283.092,addresses,728800
4981366.730,addresses,728900
4981437.761,addresses,729000
4981482.319,addresses,729100
4981554.892,addresses,729200
4981626.304,addresses,729300
4981695.239,addresses,729400
4981761.185,addresses,729500
4981843.934,addresses,729600
4981908.079,addresses,729700
4981982.664,addresses,729800
4982057.003,addresses,729900
4982140.601,addresses,730000
4982219.114,addresses,730100
4982275.836,addresses,730200
4982338.333,addresses,730300
4982397.524,addresses,730400
4982450.541,addresses,730500
4982515.703,addresses,730600
4982574.008,addresses,730700
4982642.908,addresses,730800
4982731.305,addresses,730900
4982793.782,addresses,731000
4982846.193,addresses,731100
4982896.745,addresses,731200
4982944.480,addresses,731300
4983000.394,addresses,731400
4983062.402,addresses,731500
4983131.480,addresses,731600
4983185.359,addresses,731700
4983247.078,addresses,731800
4983309.690,addresses,731900
4983364.502,addresses,732000
4983414.790,addresses,732100
4983462.325,addresses,732200
4983503.901,addresses,732300
4983554.561,addresses,732400
4983611.306,addresses,732500
4983674.233,addresses,732600
4983726.775,addresses,732700
4983790.992,addresses,732800
4983843.296,addresses,732900
4983889.391,addresses,733000
4983943.495,addresses,733100
4983989.977,addresses,733200
4984036.030,addresses,733300
4984081.660,addresses,733400
4984132.750,addresses,733500
4984192.119,addresses,733600
4984256.732,addresses,733700
4984300.694,addresses,733800
4984356.842,addresses,733900
4984424.532,addresses,734000
4984474.561,addresses,734100
4984530.630,addresses,734200
4984585.974,addresses,734300
4984629.851,addresses,734400
4984669.523,addresses,734500
4984725.013,addresses,734600
4984774.915,addresses,734700
4984833.103,addresses,734800
4984881.470,addresses,734900
4984941.093,addresses,735000
4985014.003,addresses,735100
4985084.199,addresses,735200
4985130.045,addresses,735300
4985184.148,addresses,735400
4985239.116,addresses,735500
4985313.685,addresses,735600
4985395.150,addresses,735700
4985493.395,addresses,735800
4985649.787,addresses,735900
4985748.115,addresses,736000
4985829.494,addresses,736100
4985893.784,addresses,736200
4991568.277,addresses,736300
4991988.293,addresses,736400
4992204.922,addresses,736500
4992520.266,addresses,736600
4992650.145,addresses,736700
4992798.207,addresses,736800
4992899.981,addresses,736900
4993003.917,addresses,737000
4993122.307,addresses,737100
4993234.040,addresses,737200
4993312.473,addresses,737300
4993367.626,addresses,737400
4993446.298,addresses,737500
4993532.152,addresses,737600
4993605.386,addresses,737700
4993689.047,addresses,737800
4993764.816,addresses,737900
4993837.381,addresses,738000
4993916.064,addresses,738100
4993985.120,addresses,738200
4994034.695,addresses,738300
4994090.462,addresses,738400
4994151.816,addresses,738500
4994225.430,addresses,738600
4994293.723,addresses,738700
4994372.266,addresses,738800
4994447.201,addresses,738900
4994516.666,addresses,739000
4994586.948,addresses,739100
4994659.278,addresses,739200
4994709.889,addresses,739300
4994749.717,addresses,739400
4994802.200,addresses,739500
4994885.595,addresses,739600
4994945.059,addresses,739700
4995040.551,addresses,739800
4995103.029,addresses,739900
4995170.678,addresses,740000
4995230.978,addresses,740100
4995276.994,addresses,740200
4995339.221,addresses,740300
4995401.609,addresses,740400
4995464.573,addresses,740500
4995540.392,addresses,740600
4995622.968,addresses,740700
4995704.982,addresses,740800
4995761.652,addresses,740900
4995820.084,addresses,741000
4995882.123,addresses,741100
4995955.554,addresses,741200
4996012.609,addresses,741300
4996067.451,addresses,741400
4996130.238,addresses,741500
4996194.315,addresses,741600
4996243.664,addresses,741700
4996301.882,addresses,741800
4996360.074,addresses,741900
4996412.473,addresses,742000
4996460.735,addresses,742100
4996518.495,addresses,742200
4996559.150,addresses,742300
4996617.757,addresses,742400
4996669.430,addresses,742500
4996736.531,addresses,742600
4996783.715,addresses,742700
4996852.202,addresses,742800
4996920.145,addresses,742900
4996970.296,addresses,743000
4997024.287,addresses,743100
4997091.441,addresses,743200
4997148.927,addresses,743300
4997193.073,addresses,743400
4997239.068,addresses,743500
4997292.808,addresses,743600
4997348.396,addresses,743700
4997409.462,addresses,743800
4997488.819,addresses,743900
4997543.987,addresses,744000
4997594.286,addresses,744100
4997680.163,addresses,744200
4997742.897,addresses,744300
4997788.717,addresses,744400
4997850.462,addresses,744500
4997913.972,addresses,744600
4997987.685,addresses,744700
4998059.917,addresses,744800
4998127.874,addresses,744900
4998210.436,addresses,745000
4998266.633,addresses,745100
4998319.213,addresses,745200
4998367.771,addresses,745300
4998420.611,addresses,745400
4998475.959,addresses,745500
4998544.402,addresses,745600
5003664.207,addresses,745700
5003920.145,addresses,745800
5004081.005,addresses,745900
5004215.808,addresses,746000
5004357.521,addresses,746100
5004433.863,addresses,746200
5004502.742,addresses,746300
5004599.093,addresses,746400
5004726.280,addresses,746500
5004813.758,addresses,746600
5004920.079,addresses,746700
5004992.671,addresses,746800
5005079.236,addresses,746900
5005179.463,addresses,747000
5005258.317,addresses,747100
5005340.589,addresses,747200
5005416.047,addresses,747300
5005485.130,addresses,747400
5005563.120,addresses,747500
5005633.161,addresses,747600
5005711.944,addresses,747700
5005776.121,addresses,747800
5005860.648,addresses,747900
5005944.465,addresses,748000
5006009.304,addresses,748100
5006074.972,addresses,748200
5006138.216,addresses,748300
5006192.970,addresses,748400
5006253.255,addresses,748500
5006330.391,addresses,748600
5006394.714,addresses,748700
5006492.137,addresses,748800
5006572.441,addresses,748900
5006646.607,addresses,749000
5006719.987,addresses,749100
5006812.805,addresses,749200
5006873.855,addresses,749300
5006933.285,addresses,749400
5006998.861,addresses,749500
5007072.450,addresses,749600
5007136.528,addresses,749700
5007204.712,addresses,749800
5007282.892,addresses,749900
5007357.473,addresses,750000
5007425.293,addresses,750100
5007508.224,addresses,750200
5007560.519,addresses,750300
5007624.590,addresses,750400
5007676.127,addresses,750500
5007741.884,addresses,750600
5007793.726,addresses,750700
5007864.290,addresses,750800
5007912.639,addresses,750900
5007975.971,addresses,751000
5008037.376,addresses,751100
5008087.472,addresses,751200
5008148.394,addresses,751300
5008206.369,addresses,751400
5008248.809,addresses,751500
5008319.425,addresses,751600
5008378.814,addresses,751700
5008441.853,addresses,751800
5008515.135,addresses,751900
5008592.510,addresses,752000
5008675.273,addresses,752100
5008753.926,addresses,752200
5008831.900,addresses,752300
5008917.443,addresses,752400
5008961.430,addresses,752500
5009011.612,addresses,752600
5009062.082,addresses,752700
5009169.081,addresses,752800
5009231.744,addresses,752900
5009307.309,addresses,753000
5009379.725,addresses,753100
5009470.359,addresses,753200
5009538.113,addresses,753300
5009612.915,addresses,753400
5009666.837,addresses,753500
5009712.376,addresses,753600
5009766.280,addresses,753700
5009831.847,addresses,753800
5009901.328,addresses,753900
5010245.589,addresses,754000
5010317.178,addresses,754100
5010388.877,addresses,754200
5010455.978,addresses,754300
5010536.941,addresses,754400
5010587.104,addresses,754500
5010635.744,addresses,754600
5010698.702,addresses,754700
5010768.839,addresses,754800
5010827.568,addresses,754900
5010902.556,addresses,755000
5010954.542,addresses,755100
5011054.776,addresses,755200
5011118.399,addresses,755300
5015569.299,addresses,755400
5015895.521,addresses,755500
5016086.602,addresses,755600
5016246.781,addresses,755700
5016402.861,addresses,755800
5016575.943,addresses,755900
5016725.178,addresses,756000
5016844.581,addresses,756100
5016938.229,addresses,756200
5017040.814,addresses,756300
5017154.900,addresses,756400
5017224.080,addresses,756500
5017297.032,addresses,756600
5017361.638,addresses,756700
5017460.061,addresses,756800
5017582.967,addresses,756900
5017665.041,addresses,757000
5017766.660,addresses,757100
5017834.383,addresses,757200
5017930.938,addresses,757300
5018027.225,addresses,757400
5018112.770,addresses,757500
5018235.203,addresses,757600
5018307.084,addresses,757700
5018364.875,addresses,757800
5018427.465,addresses,757900
5018507.271,addresses,758000
5018580.849,addresses,758100
5018647.700,addresses,758200
5018730.305,addresses,758300
5018869.413,addresses,758400
5019286.362,addresses,758500
5019604.292,addresses,758600
5019740.369,addresses,758700
5019936.985,addresses,758800
5020027.240,addresses,758900
5020125.071,addresses,759000
5020219.003,addresses,759100
5020329.101,addresses,759200
5020469.879,addresses,759300
5020546.705,addresses,759400
5020617.537,addresses,759500
5020691.481,addresses,759600
5020753.870,addresses,759700
5020821.851,addresses,759800
5020880.904,addresses,759900
5020937.866,addresses,760000
5021004.346,addresses,760100
5021066.195,addresses,760200
5021137.763,addresses,760300
5021219.398,addresses,760400
5021275.760,addresses,760500
5021339.730,addresses,760600
5021393.751,addresses,760700
5021448.618,addresses,760800
5021505.545,addresses,760900
5021560.991,addresses,761000
5021608.071,addresses,761100
5021687.394,addresses,761200
5021757.181,addresses,761300
5021869.609,addresses,761400
5021935.926,addresses,761500
5022001.818,addresses,761600
5022060.560,addresses,761700
5022127.464,addresses,761800
5022196.384,addresses,761900
5022255.179,addresses,762000
5022304.660,addresses,762100
5022371.505,addresses,762200
5022425.453,addresses,762300
5022489.218,addresses,762400
5022563.323,addresses,762500
5022616.256,addresses,762600
5022680.491,addresses,762700
5022738.012,addresses,762800
5022784.050,addresses,762900
5022841.300,addresses,763000
5022901.534,addresses,763100
5022989.882,addresses,763200
5023048.874,addresses,763300
5023112.462,addresses,763400
5023173.506,addresses,763500
5023234.515,addresses,763600
5023290.945,addresses,763700
5023355.353,addresses,763800
5023431.190,addresses,763900
5023504.577,addresses,764000
5023583.562,addresses,764100
5023652.947,addresses,764200
5023720.305,addresses,764300
5023795.438,addresses,764400
5023858.918,addresses,764500
5023966.549,addresses,764600
5029561.790,addresses,764700
5029817.145,addresses,764800
5029935.144,addresses,764900
5030144.697,addresses,765000
5030251.968,addresses,765100
5030371.960,addresses,765200
5030465.758,addresses,765300
5030579.595,addresses,765400
5030658.762,addresses,765500
5030764.865,addresses,765600
5030870.085,addresses,765700
5030977.831,addresses,765800
5031058.956,addresses,765900
5031179.878,addresses,766000
5031317.751,addresses,766100
5031455.045,addresses,766200
5031534.782,addresses,766300
5031627.417,addresses,766400
5031717.566,addresses,766500
5031837.098,addresses,766600
5032020.630,addresses,766700
5032096.956,addresses,766800
5032161.074,addresses,766900
5032228.448,addresses,767000
5032332.286,addresses,767100
5032437.956,addresses,767200
5032526.404,addresses,767300
5032609.046,addresses,767400
5032694.154,addresses,767500
5032790.691,addresses,767600
5032882.467,addresses,767700
5032958.525,addresses,767800
5033022.495,addresses,767900
5033108.002,addresses,768000
5033227.545,addresses,768100
5033340.371,addresses,768200
5033456.485,addresses,768300
5033612.711,addresses,768400
5033716.396,addresses,768500
5033801.652,addresses,768600
5033908.314,addresses,768700
5034004.656,addresses,768800
5034069.701,addresses,768900
5034136.817,addresses,769000
5034217.887,addresses,769100
5034303.175,addresses,769200
5034358.649,addresses,769300
5034428.802,addresses,769400
5034496.935,addresses,769500
5034574.413,addresses,769600
5034620.865,addresses,769700
5034685.692,addresses,769800
5034737.294,addresses,769900
5034797.987,addresses,770000
5034867.161,addresses,770100
5034924.449,addresses,770200
5034984.882,addresses,770300
5035057.562,addresses,770400
5035116.067,addresses,770500
5035195.419,addresses,770600
5035245.581,addresses,770700
5035300.497,addresses,770800
5035357.413,addresses,770900
5035406.649,addresses,771000
5035474.310,addresses,771100
5035607.456,addresses,771200
5035674.684,addresses,771300
5035730.938,addresses,771400
5035803.098,addresses,771500
5035881.052,addresses,771600
5035954.839,addresses,771700
5036038.764,addresses,771800
5036093.166,addresses,771900
5036155.587,addresses,772000
5036207.040,addresses,772100
5036252.863,addresses,772200
5036332.994,addresses,772300
5036394.219,addresses,772400
5036454.481,addresses,772500
5036521.869,addresses,772600
5036575.629,addresses,772700
5036645.445,addresses,772800
5036717.638,addresses,772900
5036774.038,addresses,773000
5036852.567,addresses,773100
5036913.009,addresses,773200
5036985.641,addresses,773300
5037318.791,addresses,773400
5037470.770,addresses,773500
5043684.970,addresses,773600
5043962.632,addresses,773700
5044192.322,addresses,773800
5044382.769,addresses,773900
5044562.905,addresses,774000
5044765.109,addresses,774100
5044877.621,addresses,774200
5045012.811,addresses,774300
5045218.719,addresses,774400
5045397.946,addresses,774500
5045637.459,addresses,774600
5045781.469,addresses,774700
5045990.784,addresses,774800
5046135.066,addresses,774900
5046256.229,addresses,775000
5046355.392,addresses,775100
5046470.401,addresses,775200
5046628.434,addresses,775300
5046740.472,addresses,775400
5046911.096,addresses,775500
5047088.028,addresses,775600
5047218.636,addresses,775700
5047382.753,addresses,775800
5047521.092,addresses,775900
5047650.075,addresses,776000
5047745.537,addresses,776100
5047823.049,addresses,776200
5047925.072,addresses,776300
5048039.182,addresses,776400
5048124.310,addresses,776500
5048213.367,addresses,776600
5048310.476,addresses,776700
5048402.701,addresses,776800
5048516.418,addresses,776900
5048618.385,addresses,777000
5048708.623,addresses,777100
5048799.259,addresses,777200
5048872.537,addresses,777300
5048993.633,addresses,777400
5049070.460,addresses,777500
5049162.221,addresses,777600
5049246.526,addresses,777700
5049326.287,addresses,777800
5049416.174,addresses,777900
5049532.506,addresses,778000
5049612.562,addresses,778100
5049711.810,addresses,778200
5049800.496,addresses,778300
5049879.679,addresses,778400
5049966.935,addresses,778500
5050055.398,addresses,778600
5050138.546,addresses,778700
5050238.875,addresses,778800
5050307.483,addresses,778900
5050379.517,addresses,779000
5050456.642,addresses,779100
5050547.949,addresses,779200
5050614.310,addresses,779300
5050687.696,addresses,779400
5050774.502,addresses,779500
5050886.335,addresses,779600
5050970.197,addresses,779700
5051055.567,addresses,779800
5051131.853,addresses,779900
5051272.665,addresses,780000
5051376.154,addresses,780100
5051482.392,addresses,780200
5051556.517,addresses,780300
5051687.995,addresses,780400
5051778.484,addresses,780500
5051867.578,addresses,780600
5052006.552,addresses,780700
5052132.425,addresses,780800
5052250.528,addresses,780900
5052361.660,addresses,781000
5052462.797,addresses,781100
5052579.336,addresses,781200
5052694.640,addresses,781300
5052782.944,addresses,781400
5052867.855,addresses,781500
5052992.402,addresses,781600
5053096.026,addresses,781700
5053187.491,addresses,781800
5053290.945,addresses,781900
5053393.819,addresses,782000
5053469.797,addresses,782100
5053558.302,addresses,782200
5053621.795,addresses,782300
5053734.970,addresses,782400
5060166.407,addresses,782500
5060599.793,addresses,782600
5060892.094,addresses,782700
5061167.839,addresses,782800
5061378.374,addresses,782900
5061566.841,addresses,783000
5061715.277,addresses,783100
5061879.579,addresses,783200
5062045.477,addresses,783300
5062212.259,addresses,783400
5062356.375,addresses,783500
5062525.070,addresses,783600
5062673.730,addresses,783700
5062867.469,addresses,783800
5063019.589,addresses,783900
5063183.515,addresses,784000
5063336.524,addresses,784100
5063446.996,addresses,784200
5063569.155,addresses,784300
5063723.436,addresses,784400
5063821.427,addresses,784500
5063905.009,addresses,784600
5064006.783,addresses,784700
5064197.568,addresses,784800
5064346.121,addresses,784900
5064501.420,addresses,785000
5064647.193,addresses,785100
5064801.121,addresses,785200
5064949.577,addresses,785300
5065083.333,addresses,785400
5065202.987,addresses,785500
5065324.040,addresses,785600
5065423.933,addresses,785700
5065513.689,addresses,785800
5065610.740,addresses,785900
5065724.028,addresses,786000
5065824.509,addresses,786100
5065913.668,addresses,786200
5066030.524,addresses,786300
5066147.325,addresses,786400
5066233.926,addresses,786500
5066316.025,addresses,786600
5066378.177,addresses,786700
5066470.779,addresses,786800
5066571.521,addresses,786900
5066659.482,addresses,787000
5066744.780,addresses,787100
5066846.658,addresses,787200
5066922.373,addresses,787300
5067023.234,addresses,787400
5067089.217,addresses,787500
5067163.473,addresses,787600
5067232.999,addresses,787700
5067296.470,addresses,787800
5067366.277,addresses,787900
5067449.128,addresses,788000
5067535.104,addresses,788100
5067599.196,addresses,788200
5067675.116,addresses,788300
5067763.516,addresses,788400
5067821.852,addresses,788500
5067877.649,addresses,788600
5067935.637,addresses,788700
5068012.566,addresses,788800
5068072.216,addresses,788900
5068143.694,addresses,789000
5068220.634,addresses,789100
5068296.327,addresses,789200
5068364.794,addresses,789300
5068434.622,addresses,789400
5068494.665,addresses,789500
5068568.181,addresses,789600
5068625.706,addresses,789700
5068697.330,addresses,789800
5068776.214,addresses,789900
5068851.068,addresses,790000
5068923.927,addresses,790100
5068990.959,addresses,790200
5069054.593,addresses,790300
5069134.709,addresses,790400
5069196.569,addresses,790500
5069258.295,addresses,790600
5069316.772,addresses,790700
5069395.643,addresses,790800
5069474.748,addresses,790900
5069540.866,addresses,791000
5069617.520,addresses,791100
5069697.247,addresses,791200
5069763.499,addresses,791300
5069841.233,addresses,791400
5069998.002,addresses,791500
5070087.752,addresses,791600
5076354.671,addresses,791700
5076681.770,addresses,791800
5076944.500,addresses,791900
5077311.188,addresses,792000
5077589.278,addresses,792100
5077871.378,addresses,792200
5078111.422,addresses,792300
5078470.720,addresses,792400
5078672.526,addresses,792500
5078940.720,addresses,792600
5079137.480,addresses,792700
5079346.133,addresses,792800
5079564.863,addresses,792900
5079905.732,addresses,793000
5080101.283,addresses,793100
5080313.439,addresses,793200
5080523.821,addresses,793300
5080672.807,addresses,793400
5080835.855,addresses,793500
5081049.596,addresses,793600
5081228.215,addresses,793700
5081359.047,addresses,793800
5081510.369,addresses,793900
5081883.620,addresses,794000
5082377.925,addresses,794100
5082553.222,addresses,794200
5082950.002,addresses,794300
5083184.595,addresses,794400
5083613.511,addresses,794500
5083737.366,addresses,794600
5083890.174,addresses,794700
5084389.148,addresses,794800
5084554.154,addresses,794900
5084682.805,addresses,795000
5084851.885,addresses,795100
5085962.969,addresses,795200
5086327.763,addresses,795300
5086694.233,addresses,795400
5086920.987,addresses,795500
5087144.065,addresses,795600
5087286.217,addresses,795700
5089400.254,addresses,795800
5089567.271,addresses,795900
5089788.249,addresses,796000
5089962.086,addresses,796100
5092503.914,addresses,796200
5092738.386,addresses,796300
5092963.170,addresses,796400
5093115.816,addresses,796500
5097511.923,addresses,796600
5097834.037,addresses,796700
5098170.125,addresses,796800
5098436.054,addresses,796900
5098736.099,addresses,797000
5098974.901,addresses,797100
5099444.096,addresses,797200
5099610.724,addresses,797300
5099782.161,addresses,797400
5099951.947,addresses,797500
5106942.459,addresses,797600
5107133.129,addresses,797700
5107306.480,addresses,797800
5107423.876,addresses,797900
5107583.119,addresses,798000
5115300.320,addresses,798100
5115532.684,addresses,798200
5115742.653,addresses,798300
5116005.587,addresses,798400
5116230.158,addresses,798500
5116527.727,addresses,798600
5116763.136,addresses,798700
5116950.843,addresses,798800
5127058.124,addresses,798900
5127368.232,addresses,799000
5127638.775,addresses,799100
5127847.240,addresses,799200
5128066.553,addresses,799300
5128206.137,addresses,799400
5128400.754,addresses,799500
5128698.480,addresses,799600
5128890.585,addresses,799700
5129015.875,addresses,799800
5141119.088,addresses,799900
5141670.750,addresses,800000
5151543.362,addresses,800100
5151896.032,addresses,800200
5152257.847,addresses,800300
5152566.082,addresses,800400
5152823.008,addresses,800500
5153040.961,addresses,800600
5153293.755,addresses,800700
5153500.230,addresses,800800
5153668.799,addresses,800900
5153808.414,addresses,801000
5154016.663,addresses,801100
5154252.615,addresses,801200
5154450.982,addresses,801300
5154633.910,addresses,801400
5154784.507,addresses,801500
5154967.934,addresses,801600
5155118.109,addresses,801700
5155225.179,addresses,801800
5155324.050,addresses,801900
5155437.015,addresses,802000
5155557.556,addresses,802100
5155688.383,addresses,802200
5155815.180,addresses,802300
5155926.419,addresses,802400
5156039.643,addresses,802500
5156145.826,addresses,802600
5156242.378,addresses,802700
5156325.616,addresses,802800
5156412.834,addresses,802900
5156494.279,addresses,803000
5156574.379,addresses,803100
5156691.963,addresses,803200
5156776.838,addresses,803300
5156867.813,addresses,803400
5156960.393,addresses,803500
5157049.399,addresses,803600
5157157.342,addresses,803700
5157302.246,addresses,803800
5157402.718,addresses,803900
5157493.999,addresses,804000
5157588.402,addresses,804100
5157678.391,addresses,804200
5157781.615,addresses,804300
5157886.649,addresses,804400
5157957.502,addresses,804500
5158045.753,addresses,804600
5158121.747,addresses,804700
5158207.682,addresses,804800
5158290.336,addresses,804900
5158369.284,addresses,805000
5158460.218,addresses,805100
5158571.487,addresses,805200
5158641.338,addresses,805300
5158737.222,addresses,805400
5158838.813,addresses,805500
5158999.324,addresses,805600
5159084.124,addresses,805700
5159168.850,addresses,805800
5159227.938,addresses,805900
5159291.311,addresses,806000
5159358.321,addresses,806100
5159416.715,addresses,806200
5159489.915,addresses,806300
5159577.438,addresses,806400
5159647.192,addresses,806500
5159716.677,addresses,806600
5159787.012,addresses,806700
5159885.824,addresses,806800
5159946.307,addresses,806900
5160211.961,addresses,807000
5160341.889,addresses,807100
5160446.533,addresses,807200
5160542.176,addresses,807300
5160632.011,addresses,807400
5160724.090,addresses,807500
5160804.999,addresses,807600
5160891.915,addresses,807700
5160955.703,addresses,807800
5161041.127,addresses,807900
5167933.312,addresses,808000
5168212.053,addresses,808100
5168429.623,addresses,808200
5168683.086,addresses,808300
5169040.425,addresses,808400
5169390.973,addresses,808500
5169770.478,addresses,808600
5170016.684,addresses,808700
5170222.064,addresses,808800
5170406.629,addresses,808900
5170532.531,addresses,809000
5170668.618,addresses,809100
5170873.498,addresses,809200
5171162.324,addresses,809300
5171403.750,addresses,809400
5171570.814,addresses,809500
5171804.982,addresses,809600
5171938.370,addresses,809700
5172133.720,addresses,809800
5172286.410,addresses,809900
5172428.260,addresses,810000
5172552.988,addresses,810100
5172706.415,addresses,810200
5172884.045,addresses,810300
5173107.811,addresses,810400
5173333.366,addresses,810500
5173479.511,addresses,810600
5173610.646,addresses,810700
5173744.009,addresses,810800
5173843.033,addresses,810900
5173956.231,addresses,811000
5174056.406,addresses,811100
5174182.828,addresses,811200
5174287.566,addresses,811300
5174410.395,addresses,811400
5174502.705,addresses,811500
5174627.835,addresses,811600
5174712.467,addresses,811700
5174814.133,addresses,811800
5174902.693,addresses,811900
5175012.847,addresses,812000
5175113.514,addresses,812100
5175221.757,addresses,812200
5175301.282,addresses,812300
5175453.963,addresses,812400
5175590.003,addresses,812500
5175696.462,addresses,812600
5175809.786,addresses,812700
5175946.550,addresses,812800
5176036.536,addresses,812900
5176166.957,addresses,813000
5176278.298,addresses,813100
5176385.884,addresses,813200
5176477.577,addresses,813300
5176597.694,addresses,813400
5176706.712,addresses,813500
5176870.987,addresses,813600
5177070.029,addresses,813700
5177217.448,addresses,813800
5177366.384,addresses,813900
5177525.672,addresses,814000
5177644.094,addresses,814100
5177739.841,addresses,814200
5177844.735,addresses,814300
5177965.069,addresses,814400
5178070.644,addresses,814500
5178199.896,addresses,814600
5178304.455,addresses,814700
5178442.847,addresses,814800
5178584.248,addresses,814900
5178718.654,addresses,815000
5178809.071,addresses,815100
5178934.033,addresses,815200
5179017.196,addresses,815300
5179091.930,addresses,815400
5179218.890,addresses,815500
5179370.837,addresses,815600
5179537.228,addresses,815700
5180419.660,addresses,815800
5180610.547,addresses,815900
5188806.399,addresses,816000
5189740.610,addresses,816100
5190191.824,addresses,816200
5190480.893,addresses,816300
5190786.431,addresses,816400
5190962.029,addresses,816500
5191234.106,addresses,816600
5191556.957,addresses,816700
5191859.717,addresses,816800
5192066.455,addresses,816900
5192255.891,addresses,817000
5192495.720,addresses,817100
5192724.452,addresses,817200
5192847.737,addresses,817300
5192982.133,addresses,817400
5193070.008,addresses,817500
5193232.471,addresses,817600
5193385.384,addresses,817700
5193536.072,addresses,817800
5193681.956,addresses,817900
5193846.795,addresses,818000
5193959.883,addresses,818100
5194095.405,addresses,818200
5194235.096,addresses,818300
5194352.816,addresses,818400
5194455.387,addresses,818500
5194564.964,addresses,818600
5194725.267,addresses,818700
5194916.411,addresses,818800
5195078.842,addresses,818900
5195209.704,addresses,819000
5195341.596,addresses,819100
5195550.734,addresses,819200
5195673.133,addresses,819300
5195786.259,addresses,819400
5195891.472,addresses,819500
5196001.189,addresses,819600
5196118.638,addresses,819700
5196309.571,addresses,819800
5196430.851,addresses,819900
5196616.661,addresses,820000
5196761.382,addresses,820100
5196912.404,addresses,820200
5197076.672,addresses,820300
5197198.162,addresses,820400
5197290.828,addresses,820500
5197389.721,addresses,820600
5197505.756,addresses,820700
5197648.135,addresses,820800
5197783.393,addresses,820900
5198077.028,addresses,821000
5198172.219,addresses,821100
5198281.243,addresses,821200
5198362.437,addresses,821300
5198465.705,addresses,821400
5198533.505,addresses,821500
5198618.166,addresses,821600
5198703.510,addresses,821700
5198790.704,addresses,821800
5198871.658,addresses,821900
5198972.991,addresses,822000
5199054.195,addresses,822100
5199136.048,addresses,822200
5199219.305,addresses,822300
5199320.197,addresses,822400
5199448.826,addresses,822500
5199535.770,addresses,822600
5199608.321,addresses,822700
5199691.999,addresses,822800
5199773.378,addresses,822900
5199863.579,addresses,823000
5199964.094,addresses,823100
5200062.838,addresses,823200
5200180.853,addresses,823300
5200278.416,addresses,823400
5200384.107,addresses,823500
5200472.649,addresses,823600
5200539.254,addresses,823700
5200617.971,addresses,823800
5200711.654,addresses,823900
5200852.467,addresses,824000
5201000.584,addresses,824100
5201121.955,addresses,824200
5201237.993,addresses,824300
5201447.971,addresses,824400
5201561.144,addresses,824500
5208064.068,addresses,824600
5208641.354,addresses,824700
5209089.895,addresses,824800
5209358.914,addresses,824900
5209591.351,addresses,825000
5209814.998,addresses,825100
5210059.781,addresses,825200
5210198.198,addresses,825300
5210355.524,addresses,825400
5210498.098,addresses,825500
5210674.435,addresses,825600
5210750.091,addresses,825700
5210824.736,addresses,825800
5210941.602,addresses,825900
5211064.034,addresses,826000
5211181.685,addresses,826100
5211318.945,addresses,826200
5211431.933,addresses,826300
5211557.027,addresses,826400
5211664.045,addresses,826500
5211758.570,addresses,826600
5211847.887,addresses,826700
5211963.468,addresses,826800
5212080.015,addresses,826900
5212222.300,addresses,827000
5212343.302,addresses,827100
5212551.290,addresses,827200
5212668.919,addresses,827300
5212780.399,addresses,827400
5212903.611,addresses,827500
5212993.883,addresses,827600
5213069.001,addresses,827700
5213138.694,addresses,827800
5213200.736,addresses,827900
5213311.833,addresses,828000
5213390.368,addresses,828100
5213487.830,addresses,828200
5213591.539,addresses,828300
5213700.179,addresses,828400
5213795.874,addresses,828500
5213878.175,addresses,828600
5213959.856,addresses,828700
5214040.604,addresses,828800
5214117.987,addresses,828900
5214197.059,addresses,829000
5214322.358,addresses,829100
5214402.002,addresses,829200
5214502.724,addresses,829300
5214579.387,addresses,829400
5214660.532,addresses,829500
5214774.992,addresses,829600
5214872.401,addresses,829700
5214976.751,addresses,829800
5215084.550,addresses,829900
5215211.240,addresses,830000
5215297.852,addresses,830100
5215401.997,addresses,830200
5215537.893,addresses,830300
5215650.374,addresses,830400
5215768.883,addresses,830500
5215868.550,addresses,830600
5215981.687,addresses,830700
5216104.271,addresses,830800
5216211.897,addresses,830900
5216317.170,addresses,831000
5216453.836,addresses,831100
5216591.623,addresses,831200
5216697.890,addresses,831300
5216781.994,addresses,831400
5216885.141,addresses,831500
5216995.266,addresses,831600
5217087.568,addresses,831700
5217170.077,addresses,831800
5217248.507,addresses,831900
5217366.361,addresses,832000
5217480.124,addresses,832100
5217603.105,addresses,832200
5217758.581,addresses,832300
5217929.936,addresses,832400
5218156.243,addresses,832500
5218349.168,addresses,832600
5218487.073,addresses,832700
5218637.684,addresses,832800
5218769.628,addresses,832900
5218874.969,addresses,833000
5219002.478,addresses,833100
5219183.987,addresses,833200
5219364.636,addresses,833300
5219497.177,addresses,833400
5220023.686,addresses,833500
5227208.821,addresses,833600
5227891.855,addresses,833700
5228329.913,addresses,833800
5228654.634,addresses,833900
5228982.247,addresses,834000
5229315.462,addresses,834100
5229649.651,addresses,834200
5230061.762,addresses,834300
5230602.829,addresses,834400
5230957.121,addresses,834500
5231261.469,addresses,834600
5231524.951,addresses,834700
5231880.703,addresses,834800
5232077.618,addresses,834900
5232260.611,addresses,835000
5232415.268,addresses,835100
5232661.047,addresses,835200
5232835.453,addresses,835300
5233036.275,addresses,835400
5233184.718,addresses,835500
5233404.803,addresses,835600
5233575.876,addresses,835700
5233748.136,addresses,835800
5233950.652,addresses,835900
5234126.313,addresses,836000
5234281.450,addresses,836100
5234470.325,addresses,836200
5234653.899,addresses,836300
5234869.719,addresses,836400
5234996.579,addresses,836500
5235150.698,addresses,836600
5235296.033,addresses,836700
5235464.006,addresses,836800
5235637.354,addresses,836900
5235783.068,addresses,837000
5235891.108,addresses,837100
5236041.531,addresses,837200
5236196.947,addresses,837300
5236321.673,addresses,837400
5236458.194,addresses,837500
5236640.984,addresses,837600
5236802.471,addresses,837700
5236956.303,addresses,837800
5237079.512,addresses,837900
5237222.430,addresses,838000
5237316.059,addresses,838100
5237436.618,addresses,838200
5237569.152,addresses,838300
5237721.599,addresses,838400
5237859.083,addresses,838500
5237959.869,addresses,838600
5238072.301,addresses,838700
5238228.254,addresses,838800
5238361.328,addresses,838900
5238450.421,addresses,839000
5238565.600,addresses,839100
5238678.944,addresses,839200
5238780.113,addresses,839300
5238898.013,addresses,839400
5239022.393,addresses,839500
5239142.475,addresses,839600
5239263.604,addresses,839700
5239372.834,addresses,839800
5239478.093,addresses,839900
5239609.750,addresses,840000
5239680.614,addresses,840100
5239752.920,addresses,840200
5239833.353,addresses,840300
5239938.503,addresses,840400
5240001.204,addresses,840500
5240077.434,addresses,840600
5240193.553,addresses,840700
5240336.311,addresses,840800
5240490.887,addresses,840900
5240617.372,addresses,841000
5240728.217,addresses,841100
5240831.638,addresses,841200
5240947.607,addresses,841300
5241073.716,addresses,841400
5241177.865,addresses,841500
5241315.422,addresses,841600
5241457.438,addresses,841700
5241560.919,addresses,841800
5241684.798,addresses,841900
5241814.038,addresses,842000
5241895.266,addresses,842100
5241992.850,addresses,842200
5242088.550,addresses,842300
5242236.859,addresses,842400
5242355.540,addresses,842500
5242498.427,addresses,842600
5242602.302,addresses,842700
5242715.651,addresses,842800
5242802.190,addresses,842900
5242878.484,addresses,843000
5242972.322,addresses,843100
5243085.221,addresses,843200
5243214.896,addresses,843300
5243438.751,addresses,843400
5243610.934,addresses,843500
5250595.684,addresses,843600
5251197.244,addresses,843700
5251685.758,addresses,843800
5251970.297,addresses,843900
5252239.381,addresses,844000
5252426.902,addresses,844100
5252590.105,addresses,844200
5252752.097,addresses,844300
5253046.099,addresses,844400
5253326.375,addresses,844500
5253510.281,addresses,844600
5253701.752,addresses,844700
5253947.914,addresses,844800
5254118.342,addresses,844900
5254295.172,addresses,845000
5254436.711,addresses,845100
5254610.710,addresses,845200
5254812.340,addresses,845300
5255013.575,addresses,845400
5255172.749,addresses,845500
5255325.162,addresses,845600
5255609.762,addresses,845700
5255881.395,addresses,845800
5256117.643,addresses,845900
5256251.567,addresses,846000
5256393.900,addresses,846100
5256582.220,addresses,846200
5256756.152,addresses,846300
5257047.976,addresses,846400
5257217.308,addresses,846500
5257492.351,addresses,846600
5257762.093,addresses,846700
5257955.069,addresses,846800
5258125.111,addresses,846900
5258259.215,addresses,847000
5272412.992,addresses,847100
5273083.103,addresses,847200
5273452.901,addresses,847300
5273839.623,addresses,847400
5274146.684,addresses,847500
5274525.946,addresses,847600
5274876.628,addresses,847700
5275064.870,addresses,847800
5275288.211,addresses,847900
5275533.021,addresses,848000
5275817.984,addresses,848100
5276030.450,addresses,848200
5276250.464,addresses,848300
5276549.376,addresses,848400
5276705.243,addresses,848500
5276945.104,addresses,848600
5277125.623,addresses,848700
5277321.495,addresses,848800
5277466.562,addresses,848900
5277591.412,addresses,849000
5277700.278,addresses,849100
5277870.222,addresses,849200
5278065.736,addresses,849300
5278195.301,addresses,849400
5278475.484,addresses,849500
5278612.900,addresses,849600
5278715.552,addresses,849700
5279032.968,addresses,849800
5279145.097,addresses,849900
5279626.680,addresses,850000
5279803.431,addresses,850100
5279932.181,addresses,850200
5280440.487,addresses,850300
5280621.723,addresses,850400
5280737.926,addresses,850500
5281569.075,addresses,850600
5281858.864,addresses,850700
5282169.725,addresses,850800
5282542.344,addresses,850900
5282875.503,addresses,851000
5284734.837,addresses,851100
5284984.896,addresses,851200
5285193.489,addresses,851300
5285341.624,addresses,851400
5285538.181,addresses,851500
5287906.946,addresses,851600
5288090.856,addresses,851700
5288283.354,addresses,851800
5291605.056,addresses,851900
5291927.945,addresses,852000
5292221.465,addresses,852100
5292666.003,addresses,852200
5292896.281,addresses,852300
5293107.344,addresses,852400
5293330.999,addresses,852500
5293437.843,addresses,852600
5293581.369,addresses,852700
5293755.740,addresses,852800
5293867.463,addresses,852900
5293960.832,addresses,853000
5294050.197,addresses,853100
5294149.097,addresses,853200
5294236.828,addresses,853300
5294319.124,addresses,853400
5294396.335,addresses,853500
5322766.377,addresses,853600
5323266.750,addresses,853700
5323646.040,addresses,853800
5323883.702,addresses,853900
5335539.948,addresses,854000
5335960.255,addresses,854100
5336169.196,addresses,854200
5336405.252,addresses,854300
5336655.687,addresses,854400
5336925.764,addresses,854500
5337160.746,addresses,854600
5337396.581,addresses,854700
5337628.179,addresses,854800
5337839.603,addresses,854900
5338050.135,addresses,855000
5338215.857,addresses,855100
5338436.746,addresses,855200
5338609.077,addresses,855300
5338735.601,addresses,855400
5338889.298,addresses,855500
5339052.047,addresses,855600
5339177.073,addresses,855700
5339285.081,addresses,855800
5339385.109,addresses,855900
5339497.574,addresses,856000
5339580.713,addresses,856100
5339670.446,addresses,856200
5339794.483,addresses,856300
5339937.829,addresses,856400
5340040.157,addresses,856500
5340132.250,addresses,856600
5340208.417,addresses,856700
5340294.729,addresses,856800
5340358.689,addresses,856900
5340424.173,addresses,857000
5340493.424,addresses,857100
5340560.557,addresses,857200
5340607.876,addresses,857300
5340665.053,addresses,857400
5340728.246,addresses,857500
5340791.323,addresses,857600
5340852.549,addresses,857700
5340916.201,addresses,857800
5340971.320,addresses,857900
5341030.835,addresses,858000
5341084.715,addresses,858100
5341139.273,addresses,858200
5341197.918,addresses,858300
5341259.196,addresses,858400
5341319.627,addresses,858500
5341386.940,addresses,858600
5341450.416,addresses,858700
5341508.469,addresses,858800
5341571.583,addresses,858900
5341651.067,addresses,859000
5341723.947,addresses,859100
5341799.482,addresses,859200
5341855.638,addresses,859300
5341915.691,addresses,859400
5341969.177,addresses,859500
5342030.503,addresses,859600
5342082.451,addresses,859700
5342130.590,addresses,859800
5342193.877,addresses,859900
5342244.271,addresses,860000
5342300.285,addresses,860100
5342357.570,addresses,860200
5342400.415,addresses,860300
5342453.362,addresses,860400
5342498.518,addresses,860500
5342551.868,addresses,860600
5342606.003,addresses,860700
5342680.390,addresses,860800
5342739.349,addresses,860900
5342795.361,addresses,861000
5342871.367,addresses,861100
5342942.280,addresses,861200
5343000.638,addresses,861300
5343059.312,addresses,861400
5343113.246,addresses,861500
5343192.779,addresses,861600
5343257.986,addresses,861700
5343319.875,addresses,861800
5343379.550,addresses,861900
5343450.905,addresses,862000
5343509.945,addresses,862100
5343585.403,addresses,862200
5343639.503,addresses,862300
5343698.810,addresses,862400
5343749.999,addresses,862500
5344287.648,addresses,862600
5344436.769,addresses,862700
5344535.892,addresses,862800
5344626.621,addresses,862900
5344726.139,addresses,863000
5344810.347,addresses,863100
5344882.672,addresses,863200
5344955.250,addresses,863300
5345017.193,addresses,863400
5345087.037,addresses,863500
5350622.373,addresses,863600
5351826.369,addresses,863700
5354588.487,addresses,863800
5356437.156,addresses,863900
5360626.022,addresses,864000
5360926.603,addresses,864100
5363810.227,addresses,864200
5364005.411,addresses,864300
5364228.254,addresses,864400
5364436.983,addresses,864500
5364700.743,addresses,864600
5364882.439,addresses,864700
5365075.111,addresses,864800
5365244.054,addresses,864900
5365376.035,addresses,865000
5365526.661,addresses,865100
5366259.949,addresses,865200
5366380.039,addresses,865300
5366501.298,addresses,865400
5366619.978,addresses,865500
5366788.300,addresses,865600
5366932.434,addresses,865700
5367967.324,addresses,865800
5368099.766,addresses,865900
5369388.197,addresses,866000
5369545.514,addresses,866100
5369677.270,addresses,866200
5369791.030,addresses,866300
5369944.410,addresses,866400
5370095.480,addresses,866500
5370190.329,addresses,866600
5370279.457,addresses,866700
5370391.538,addresses,866800
5370485.762,addresses,866900
5370568.374,addresses,867000
5370667.354,addresses,867100
5370758.837,addresses,867200
5370846.344,addresses,867300
5370935.816,addresses,867400
5371020.392,addresses,867500
5371099.786,addresses,867600
5371168.473,addresses,867700
5371246.582,addresses,867800
5371338.916,addresses,867900
5371487.426,addresses,868000
5371579.166,addresses,868100
5371659.024,addresses,868200
5371769.267,addresses,868300
5371854.246,addresses,868400
5371928.256,addresses,868500
5371998.496,addresses,868600
5372155.631,addresses,868700
5372245.092,addresses,868800
5372329.859,addresses,868900
5372430.612,addresses,869000
5372540.010,addresses,869100
5372668.505,addresses,869200
5372761.781,addresses,869300
5372854.422,addresses,869400
5372954.374,addresses,869500
5373069.766,addresses,869600
5373189.907,addresses,869700
5373322.789,addresses,869800
5373502.832,addresses,869900
5373719.299,addresses,870000
5373858.852,addresses,870100
5374027.145,addresses,870200
5374166.899,addresses,870300
5374320.269,addresses,870400
5374410.870,addresses,870500
5374514.867,addresses,870600
5374595.441,addresses,870700
5374697.081,addresses,870800
5374781.106,addresses,870900
5374882.152,addresses,871000
5374980.987,addresses,871100
5375102.821,addresses,871200
5375205.080,addresses,871300
5375345.242,addresses,871400
5375448.786,addresses,871500
5375571.248,addresses,871600
5375669.177,addresses,871700
5375765.316,addresses,871800
5375841.532,addresses,871900
5375946.547,addresses,872000
5376020.564,addresses,872100
5376105.056,addresses,872200
5376171.275,addresses,872300
5376243.781,addresses,872400
5376317.807,addresses,872500
5376382.231,addresses,872600
5376447.767,addresses,872700
5376523.785,addresses,872800
5376587.353,addresses,872900
5376668.473,addresses,873000
5376727.943,addresses,873100
5376817.788,addresses,873200
5376888.612,addresses,873300
5376979.721,addresses,873400
5377056.380,addresses,873500
5382697.537,addresses,873600
5382878.506,addresses,873700
5382989.549,addresses,873800
5383102.294,addresses,873900
5383219.750,addresses,874000
5383336.829,addresses,874100
5383436.879,addresses,874200
5383539.773,addresses,874300
5383641.861,addresses,874400
5383726.822,addresses,874500
5383826.887,addresses,874600
5383898.203,addresses,874700
5383978.524,addresses,874800
5384070.362,addresses,874900
5384157.252,addresses,875000
5384251.618,addresses,875100
5384355.992,addresses,875200
5384427.874,addresses,875300
5384514.227,addresses,875400
5384594.183,addresses,875500
5384672.820,addresses,875600
5384735.879,addresses,875700
5384801.564,addresses,875800
5384859.154,addresses,875900
5384928.273,addresses,876000
5385003.304,addresses,876100
5385072.884,addresses,876200
5385142.058,addresses,876300
5385217.023,addresses,876400
5385281.797,addresses,876500
5385341.131,addresses,876600
5385400.886,addresses,876700
5385467.415,addresses,876800
5385512.400,addresses,876900
5385585.310,addresses,877000
5385658.152,addresses,877100
5385743.579,addresses,877200
5385805.400,addresses,877300
5385865.969,addresses,877400
5385933.298,addresses,877500
5386001.444,addresses,877600
5386074.789,addresses,877700
5386124.887,addresses,877800
5386185.706,addresses,877900
5386251.834,addresses,878000
5386310.474,addresses,878100
5386385.399,addresses,878200
5386469.520,addresses,878300
5386540.052,addresses,878400
5386597.290,addresses,878500
5386646.718,addresses,878600
5386708.668,addresses,878700
5386762.225,addresses,878800
5386856.913,addresses,878900
5386917.553,addresses,879000
5386976.811,addresses,879100
5387035.837,addresses,879200
5387090.678,addresses,879300
5387158.567,addresses,879400
5387219.352,addresses,879500
5387282.667,addresses,879600
5387345.680,addresses,879700
5387403.313,addresses,879800
5387455.004,addresses,879900
5387534.734,addresses,880000
5387600.541,addresses,880100
5387653.768,addresses,880200
5387718.033,addresses,880300
5387784.590,addresses,880400
5387834.744,addresses,880500
5387893.355,addresses,880600
5387955.041,addresses,880700
5388018.330,addresses,880800
5388066.531,addresses,880900
5388121.543,addresses,881000
5388191.152,addresses,881100
5388297.328,addresses,881200
5388362.542,addresses,881300
5388414.163,addresses,881400
5388463.190,addresses,881500
5388533.238,addresses,881600
5388598.156,addresses,881700
5388641.771,addresses,881800
5388701.295,addresses,881900
5388753.169,addresses,882000
5388822.610,addresses,882100
5388877.968,addresses,882200
5388932.191,addresses,882300
5389004.511,addresses,882400
5389059.120,addresses,882500
5389114.237,addresses,882600
5389156.144,addresses,882700
5389207.685,addresses,882800
5389248.899,addresses,882900
5389297.578,addresses,883000
5389343.850,addresses,883100
5389403.715,addresses,883200
5389453.847,addresses,883300
5389514.761,addresses,883400
5389569.713,addresses,883500
5394722.993,addresses,883600
5394857.829,addresses,883700
5394936.750,addresses,883800
5394999.529,addresses,883900
5395065.552,addresses,884000
5395124.377,addresses,884100
5395191.712,addresses,884200
5395380.350,addresses,884300
5395465.394,addresses,884400
5395547.425,addresses,884500
5395613.589,addresses,884600
5395669.088,addresses,884700
5395751.352,addresses,884800
5395810.868,addresses,884900
5395859.904,addresses,885000
5395911.055,addresses,885100
5395987.615,addresses,885200
5396058.171,addresses,885300
5396111.622,addresses,885400
5396177.690,addresses,885500
5396246.188,addresses,885600
5396314.030,addresses,885700
5396386.497,addresses,885800
5396454.118,addresses,885900
5396513.817,addresses,886000
5396581.662,addresses,886100
5396645.225,addresses,886200
5396712.549,addresses,886300
5396793.205,addresses,886400
5396856.228,addresses,886500
5396989.501,addresses,886600
5397052.760,addresses,886700
5397150.888,addresses,886800
5397203.974,addresses,886900
5397256.152,addresses,887000
5397316.113,addresses,887100
5397402.948,addresses,887200
5397461.519,addresses,887300
5397522.592,addresses,887400
5397580.602,addresses,887500
5397642.877,addresses,887600
5397704.251,addresses,887700
5397767.296,addresses,887800
5397819.404,addresses,887900
5397898.182,addresses,888000
5397965.008,addresses,888100
5398029.830,addresses,888200
5398097.051,addresses,888300
5398167.875,addresses,888400
5398225.096,addresses,888500
5398279.914,addresses,888600
5398343.897,addresses,888700
5398407.353,addresses,888800
5398454.642,addresses,888900
5398497.411,addresses,889000
5398546.849,addresses,889100
5398596.535,addresses,889200
5398652.017,addresses,889300
5398701.953,addresses,889400
5398748.442,addresses,889500
5398808.504,addresses,889600
5398866.509,addresses,889700
5398912.242,addresses,889800
5398968.137,addresses,889900
5399030.221,addresses,890000
5399082.453,addresses,890100
5399131.662,addresses,890200
5399189.319,addresses,890300
5399246.311,addresses,890400
5399298.625,addresses,890500
5399352.935,addresses,890600
5399412.882,addresses,890700
5399474.012,addresses,890800
5399518.113,addresses,890900
5399561.728,addresses,891000
5399614.789,addresses,891100
5399667.388,addresses,891200
5399714.878,addresses,891300
5399774.591,addresses,891400
5399815.852,addresses,891500
5399892.460,addresses,891600
5399947.387,addresses,891700
5399998.911,addresses,891800
5400044.197,addresses,891900
5400106.970,addresses,892000
5400155.732,addresses,892100
5400195.344,addresses,892200
5400234.121,addresses,892300
5400293.525,addresses,892400
5400334.036,addresses,892500
5400387.138,addresses,892600
5400435.253,addresses,892700
5400489.584,addresses,892800
5400545.699,addresses,892900
5400589.745,addresses,893000
5400642.116,addresses,893100
5400685.721,addresses,893200
5400735.615,addresses,893300
5400787.873,addresses,893400
5400839.802,addresses,893500
5406251.320,addresses,893600
5406420.576,addresses,893700
5406510.499,addresses,893800
5406582.251,addresses,893900
5406668.808,addresses,894000
5406738.435,addresses,894100
5406829.304,addresses,894200
5406991.743,addresses,894300
5407066.467,addresses,894400
5407125.176,addresses,894500
5407192.672,addresses,894600
5407259.062,addresses,894700
5407327.112,addresses,894800
5407383.980,addresses,894900
5407463.569,addresses,895000
5407513.886,addresses,895100
5407568.235,addresses,895200
5407616.296,addresses,895300
5407668.604,addresses,895400
5407717.266,addresses,895500
5407789.238,addresses,895600
5407849.799,addresses,895700
5407910.263,addresses,895800
5407978.689,addresses,895900
5408061.213,addresses,896000
5408110.588,addresses,896100
5408168.386,addresses,896200
5408223.828,addresses,896300
5408279.602,addresses,896400
5408341.654,addresses,896500
5408425.661,addresses,896600
5408500.075,addresses,896700
5408558.292,addresses,896800
5408614.092,addresses,896900
5408672.727,addresses,897000
5408728.016,addresses,897100
5408783.182,addresses,897200
5408834.618,addresses,897300
5408889.352,addresses,897400
5408958.060,addresses,897500
5409035.572,addresses,897600
5409107.590,addresses,897700
5409185.005,addresses,897800
5409298.784,addresses,897900
5409370.514,addresses,898000
5409432.652,addresses,898100
5409490.823,addresses,898200
5409539.553,addresses,898300
5409607.894,addresses,898400
5409669.438,addresses,898500
5409715.078,addresses,898600
5409786.402,addresses,898700
5409850.162,addresses,898800
5409898.602,addresses,898900
5409949.065,addresses,899000
5410030.139,addresses,899100
5410082.728,addresses,899200
5410128.478,addresses,899300
5410177.841,addresses,899400
5410232.359,addresses,899500
5410308.131,addresses,899600
5410380.687,addresses,899700
5410444.353,addresses,899800
5410496.810,addresses,899900
5410556.314,addresses,900000
5410614.479,addresses,900100
5410659.635,addresses,900200
5410696.041,addresses,900300
5410749.679,addresses,900400
5410804.058,addresses,900500
5410859.036,addresses,900600
5410914.689,addresses,900700
5410974.881,addresses,900800
5411027.741,addresses,900900
5411094.755,addresses,901000
5411149.326,addresses,901100
5411206.961,addresses,901200
5411263.718,addresses,901300
5411309.478,addresses,901400
5411354.942,addresses,901500
5411420.911,addresses,901600
5411472.885,addresses,901700
5411528.679,addresses,901800
5411583.863,addresses,901900
5411719.101,addresses,902000
5412054.491,addresses,902100
5412904.428,addresses,902200
5412954.903,addresses,902300
5413013.853,addresses,902400
5413074.726,addresses,902500
5413130.268,addresses,902600
5413182.607,addresses,902700
5413235.232,addresses,902800
5413286.799,addresses,902900
5413342.750,addresses,903000
5413387.478,addresses,903100
5413438.692,addresses,903200
5413475.209,addresses,903300
5413518.166,addresses,903400
5413579.810,addresses,903500
5417619.431,addresses,903600
5417763.846,addresses,903700
5417908.818,addresses,903800
5417994.569,addresses,903900
5418065.654,addresses,904000
5418114.151,addresses,904100
5418174.181,addresses,904200
5418226.535,addresses,904300
5418292.034,addresses,904400
5418361.298,addresses,904500
5418430.438,addresses,904600
5418490.604,addresses,904700
5418570.949,addresses,904800
5418631.871,addresses,904900
5418712.944,addresses,905000
5418804.640,addresses,905100
5418868.587,addresses,905200
5418931.761,addresses,905300
5419022.395,addresses,905400
5419104.121,addresses,905500
5419193.766,addresses,905600
5419256.999,addresses,905700
5419317.003,addresses,905800
5419393.734,addresses,905900
5419473.874,addresses,906000
5419570.574,addresses,906100
5419620.785,addresses,906200
5419681.338,addresses,906300
5419738.693,addresses,906400
5419793.157,addresses,906500
5419854.411,addresses,906600
5419917.806,addresses,906700
5419998.809,addresses,906800
5420061.069,addresses,906900
5420111.923,addresses,907000
5420167.433,addresses,907100
5420229.520,addresses,907200
5420279.352,addresses,907300
5420331.463,addresses,907400
5420385.927,addresses,907500
5420458.962,addresses,907600
5420549.326,addresses,907700
5420613.700,addresses,907800
5420695.306,addresses,907900
5420764.772,addresses,908000
5420819.742,addresses,908100
5420893.047,addresses,908200
5420943.121,addresses,908300
5420992.489,addresses,908400
5421038.582,addresses,908500
5421090.013,addresses,908600
5421136.950,addresses,908700
5421199.957,addresses,908800
5421256.175,addresses,908900
5421308.287,addresses,909000
5421365.296,addresses,909100
5421430.870,addresses,909200
5421499.991,addresses,909300
5421549.574,addresses,909400
5421601.082,addresses,909500
5421667.974,addresses,909600
5421722.155,addresses,909700
5421773.246,addresses,909800
5421830.552,addresses,909900
5421888.741,addresses,910000
5421956.221,addresses,910100
5422021.534,addresses,910200
5422072.581,addresses,910300
5422131.872,addresses,910400
5422189.744,addresses,910500
5422234.642,addresses,910600
5422308.955,addresses,910700
5422371.996,addresses,910800
5422424.613,addresses,910900
5422480.594,addresses,911000
5422529.406,addresses,911100
5422587.765,addresses,911200
5422638.107,addresses,911300
5422684.257,addresses,911400
5422731.240,addresses,911500
5422789.763,addresses,911600
5422844.958,addresses,911700
5422899.591,addresses,911800
5422945.116,addresses,911900
5423007.627,addresses,912000
5423052.944,addresses,912100
5423102.772,addresses,912200
5423156.361,addresses,912300
5423204.761,addresses,912400
5423274.485,addresses,912500
5423322.413,addresses,912600
5423368.202,addresses,912700
5423421.083,addresses,912800
5423470.086,addresses,912900
5423522.206,addresses,913000
5423575.643,addresses,913100
5423635.691,addresses,913200
5423697.182,addresses,913300
5423750.557,addresses,913400
5423792.975,addresses,913500
5428388.767,addresses,913600
5428527.011,addresses,913700
5428624.314,addresses,913800
5428696.724,addresses,913900
5428777.454,addresses,914000
5428844.662,addresses,914100
5428894.382,addresses,914200
5428962.349,addresses,914300
5429056.232,addresses,914400
5429128.190,addresses,914500
5429181.980,addresses,914600
5429238.941,addresses,914700
5429308.090,addresses,914800
5429373.001,addresses,914900
5429438.271,addresses,915000
5429510.038,addresses,915100
5429579.071,addresses,915200
5429639.053,addresses,915300
5429691.093,addresses,915400
5429742.522,addresses,915500
5429797.160,addresses,915600
5429851.236,addresses,915700
5429903.962,addresses,915800
5429957.758,addresses,915900
5430025.637,addresses,916000
5430088.087,addresses,916100
5430140.427,addresses,916200
5430198.583,addresses,916300
5430265.819,addresses,916400
5430330.238,addresses,916500
5430373.613,addresses,916600
5430421.693,addresses,916700
5430471.656,addresses,916800
5430520.995,addresses,916900
5430576.782,addresses,917000
5430636.824,addresses,917100
5430701.769,addresses,917200
5430771.256,addresses,917300
5430838.927,addresses,917400
5430905.718,addresses,917500
5430992.968,addresses,917600
5431050.755,addresses,917700
5431119.609,addresses,917800
5431180.732,addresses,917900
5431269.912,addresses,918000
5431363.892,addresses,918100
5431432.405,addresses,918200
5431505.758,addresses,918300
5431576.478,addresses,918400
5431654.581,addresses,918500
5431715.484,addresses,918600
5431759.809,addresses,918700
5431831.829,addresses,918800
5431891.411,addresses,918900
5431937.398,addresses,919000
5431995.532,addresses,919100
5432067.382,addresses,919200
5432121.357,addresses,919300
5432184.613,addresses,919400
5432231.650,addresses,919500
5432295.016,addresses,919600
5432339.747,addresses,919700
5432379.274,addresses,919800
5432430.663,addresses,919900
5432494.257,addresses,920000
5432538.294,addresses,920100
5432609.681,addresses,920200
5432659.459,addresses,920300
5432729.634,addresses,920400
5432784.650,addresses,920500
5432837.489,addresses,920600
5432882.765,addresses,920700
5432941.953,addresses,920800
5432990.845,addresses,920900
5433047.168,addresses,921000
5433107.576,addresses,921100
5433165.212,addresses,921200
5433214.514,addresses,921300
5433287.260,addresses,921400
5433345.861,addresses,921500
5433407.284,addresses,921600
5433459.712,addresses,921700
5433517.409,addresses,921800
5433557.282,addresses,921900
5433615.562,addresses,922000
5433676.031,addresses,922100
5433736.921,addresses,922200
5433803.507,addresses,922300
5433870.006,addresses,922400
5433921.718,addresses,922500
5433982.686,addresses,922600
5434043.090,addresses,922700
5434105.232,addresses,922800
5434151.645,addresses,922900
5434203.213,addresses,923000
5434258.496,addresses,923100
5434323.234,addresses,923200
5434369.999,addresses,923300
5434417.478,addresses,923400
5434470.057,addresses,923500
5439655.841,addresses,923600
5439820.065,addresses,923700
5439924.694,addresses,923800
5439995.204,addresses,923900
5440075.466,addresses,924000
5440187.922,addresses,924100
5440281.219,addresses,924200
5440358.440,addresses,924300
5440451.055,addresses,924400
5440541.324,addresses,924500
5440630.121,addresses,924600
5440696.236,addresses,924700
5440779.029,addresses,924800
5440840.507,addresses,924900
5440892.882,addresses,925000
5440958.000,addresses,925100
5441065.350,addresses,925200
5441123.165,addresses,925300
5441184.073,addresses,925400
5441242.008,addresses,925500
5441314.083,addresses,925600
5441376.908,addresses,925700
5441426.757,addresses,925800
5441485.259,addresses,925900
5441545.892,addresses,926000
5441610.907,addresses,926100
5441728.125,addresses,926200
5441800.274,addresses,926300
5441987.578,addresses,926400
5442051.752,addresses,926500
5442113.087,addresses,926600
5442155.354,addresses,926700
5442202.535,addresses,926800
5442247.961,addresses,926900
5442306.045,addresses,927000
5442358.134,addresses,927100
5442438.618,addresses,927200
5442551.301,addresses,927300
5442615.156,addresses,927400
5442750.954,addresses,927500
5442823.905,addresses,927600
5442868.130,addresses,927700
5442924.830,addresses,927800
5442986.287,addresses,927900
5443053.710,addresses,928000
5443099.025,addresses,928100
5443167.451,addresses,928200
5443226.008,addresses,928300
5443297.618,addresses,928400
5443352.654,addresses,928500
5443409.518,addresses,928600
5443452.102,addresses,928700
5443506.948,addresses,928800
5443553.774,addresses,928900
5443608.819,addresses,929000
5443658.271,addresses,929100
5443717.669,addresses,929200
5443767.738,addresses,929300
5443808.976,addresses,929400
5443858.902,addresses,929500
5443916.806,addresses,929600
5443961.471,addresses,929700
5444010.686,addresses,929800
5444063.455,addresses,929900
5444117.299,addresses,930000
5444169.606,addresses,930100
5444286.357,addresses,930200
5444388.850,addresses,930300
5444500.022,addresses,930400
5444563.879,addresses,930500
5444654.086,addresses,930600
5444709.493,addresses,930700
5444805.311,addresses,930800
5444858.714,addresses,930900
5444906.911,addresses,931000
5444958.455,addresses,931100
5445018.267,addresses,931200
5445067.943,addresses,931300
5445114.035,addresses,931400
5445165.166,addresses,931500
5445219.317,addresses,931600
5445260.530,addresses,931700
5445320.935,addresses,931800
5445364.446,addresses,931900
5445415.347,addresses,932000
5445460.007,addresses,932100
5445514.717,addresses,932200
5445567.605,addresses,932300
5445627.066,addresses,932400
5445688.959,addresses,932500
5445778.701,addresses,932600
5445832.493,addresses,932700
5445883.161,addresses,932800
5445930.834,addresses,932900
5445974.950,addresses,933000
5446033.983,addresses,933100
5446092.555,addresses,933200
5446149.198,addresses,933300
5446198.821,addresses,933400
5446237.493,addresses,933500
5451386.100,addresses,933600
5451527.593,addresses,933700
5451616.673,addresses,933800
5451697.330,addresses,933900
5451776.242,addresses,934000
5451856.474,addresses,934100
5451924.355,addresses,934200
5452002.846,addresses,934300
5452078.836,addresses,934400
5452142.017,addresses,934500
5452214.692,addresses,934600
5452275.522,addresses,934700
5452356.777,addresses,934800
5452422.038,addresses,934900
5452474.426,addresses,935000
5452552.048,addresses,935100
5452666.655,addresses,935200
5452733.497,addresses,935300
5452774.752,addresses,935400
5452818.901,addresses,935500
5452865.479,addresses,935600
5452908.212,addresses,935700
5452955.948,addresses,935800
5452995.082,addresses,935900
5453048.533,addresses,936000
5453101.857,addresses,936100
5453136.172,addresses,936200
5453181.397,addresses,936300
5453238.601,addresses,936400
5453277.683,addresses,936500
5453321.579,addresses,936600
5453353.376,addresses,936700
5453397.638,addresses,936800
5453435.251,addresses,936900
5453473.926,addresses,937000
5453514.131,addresses,937100
5453566.956,addresses,937200
5453612.967,addresses,937300
5453651.484,addresses,937400
5453696.774,addresses,937500
5453755.248,addresses,937600
5453804.835,addresses,937700
5453841.969,addresses,937800
5453884.803,addresses,937900
5453949.661,addresses,938000
5453991.269,addresses,938100
5454038.583,addresses,938200
5454082.624,addresses,938300
5454132.065,addresses,938400
5454188.080,addresses,938500
5454242.811,addresses,938600
5454291.919,addresses,938700
5454347.578,addresses,938800
5454393.760,addresses,938900
5454440.847,addresses,939000
5454497.208,addresses,939100
5454558.355,addresses,939200
5454624.037,addresses,939300
5454664.881,addresses,939400
5454724.947,addresses,939500
5454776.738,addresses,939600
5454826.274,addresses,939700
5454870.872,addresses,939800
5454916.803,addresses,939900
5454967.434,addresses,940000
5455018.890,addresses,940100
5455067.211,addresses,940200
5455123.369,addresses,940300
5455177.306,addresses,940400
5455223.702,addresses,940500
5455280.389,addresses,940600
5455332.337,addresses,940700
5455398.201,addresses,940800
5455450.530,addresses,940900
5455513.851,addresses,941000
5455561.918,addresses,941100
5455624.064,addresses,941200
5455665.108,addresses,941300
5455713.414,addresses,941400
5455766.288,addresses,941500
5455813.387,addresses,941600
5455850.317,addresses,941700
5455890.374,addresses,941800
5455932.458,addresses,941900
5455984.226,addresses,942000
5456023.732,addresses,942100
5456070.781,addresses,942200
5456107.178,addresses,942300
5456158.569,addresses,942400
5456202.629,addresses,942500
5456242.706,addresses,942600
5456282.123,addresses,942700
5456323.301,addresses,942800
5456370.501,addresses,942900
5456420.361,addresses,943000
5456485.139,addresses,943100
5456532.648,addresses,943200
5456582.633,addresses,943300
5456633.497,addresses,943400
5456676.321,addresses,943500
5460644.764,addresses,943600
5460773.121,addresses,943700
5460835.336,addresses,943800
5460894.765,addresses,943900
5460971.071,addresses,944000
5461041.377,addresses,944100
5461113.433,addresses,944200
5461162.339,addresses,944300
5461235.053,addresses,944400
5461306.849,addresses,944500
5461366.182,addresses,944600
5461417.908,addresses,944700
5461476.519,addresses,944800
5461527.884,addresses,944900
5461585.301,addresses,945000
5461646.530,addresses,945100
5461715.201,addresses,945200
5461777.355,addresses,945300
5461835.363,addresses,945400
5461893.294,addresses,945500
5461953.059,addresses,945600
5462003.383,addresses,945700
5462045.791,addresses,945800
5462092.714,addresses,945900
5462169.409,addresses,946000
5462231.101,addresses,946100
5462299.779,addresses,946200
5462366.018,addresses,946300
5462430.125,addresses,946400
5462489.014,addresses,946500
5462565.902,addresses,946600
5462608.176,addresses,946700
5462667.329,addresses,946800
5462744.372,addresses,946900
5462788.175,addresses,947000
5462849.193,addresses,947100
5462909.822,addresses,947200
5462965.533,addresses,947300
5463021.609,addresses,947400
5463075.426,addresses,947500
5463136.222,addresses,947600
5463186.994,addresses,947700
5463237.229,addresses,947800
5463296.059,addresses,947900
5463358.871,addresses,948000
5463421.575,addresses,948100
5463487.225,addresses,948200
5463541.207,addresses,948300
5463609.280,addresses,948400
5463669.943,addresses,948500
5463712.376,addresses,948600
5463764.674,addresses,948700
5463811.562,addresses,948800
5463851.490,addresses,948900
5463903.602,addresses,949000
5463956.120,addresses,949100
5464014.468,addresses,949200
5464061.928,addresses,949300
5464111.139,addresses,949400
5464159.772,addresses,949500
5464219.705,addresses,949600
5464268.308,addresses,949700
5464313.026,addresses,949800
5464360.803,addresses,949900
5464426.134,addresses,950000
5464474.724,addresses,950100
5464528.008,addresses,950200
5464589.442,addresses,950300
5464654.346,addresses,950400
5464761.181,addresses,950500
5464820.936,addresses,950600
5464869.161,addresses,950700
5464923.558,addresses,950800
5464971.255,addresses,950900
5465025.387,addresses,951000
5465085.781,addresses,951100
5465151.451,addresses,951200
5465214.989,addresses,951300
5465259.142,addresses,951400
5465319.085,addresses,951500
5465390.212,addresses,951600
5465439.690,addresses,951700
5465492.149,addresses,951800
5465545.216,addresses,951900
5465605.541,addresses,952000
5465666.977,addresses,952100
5465735.617,addresses,952200
5465800.795,addresses,952300
5465872.566,addresses,952400
5465937.519,addresses,952500
5465995.077,addresses,952600
5466051.693,addresses,952700
5466111.991,addresses,952800
5466175.198,addresses,952900
5466233.232,addresses,953000
5466280.510,addresses,953100
5466335.032,addresses,953200
5466390.121,addresses,953300
5466443.050,addresses,953400
5466484.138,addresses,953500
5470977.054,addresses,953600
5471142.817,addresses,953700
5471292.486,addresses,953800
5471416.384,addresses,953900
5471500.064,addresses,954000
5471567.042,addresses,954100
5471751.298,addresses,954200
5471839.653,addresses,954300
5471913.157,addresses,954400
5471965.576,addresses,954500
5472017.710,addresses,954600
5472062.017,addresses,954700
5472124.186,addresses,954800
5472195.353,addresses,954900
5472257.074,addresses,955000
5472313.480,addresses,955100
5472395.243,addresses,955200
5472446.030,addresses,955300
5472502.800,addresses,955400
5472560.203,addresses,955500
5472612.601,addresses,955600
5472663.950,addresses,955700
5472712.461,addresses,955800
5472770.269,addresses,955900
5472845.919,addresses,956000
5472912.635,addresses,956100
5472968.421,addresses,956200
5473033.287,addresses,956300
5473105.854,addresses,956400
5473165.696,addresses,956500
5473215.718,addresses,956600
5473280.335,addresses,956700
5473333.863,addresses,956800
5473383.441,addresses,956900
5473439.424,addresses,957000
5473497.027,addresses,957100
5473555.840,addresses,957200
5473610.655,addresses,957300
5473676.613,addresses,957400
5473749.626,addresses,957500
5473804.880,addresses,957600
5473846.652,addresses,957700
5473891.187,addresses,957800
5473941.980,addresses,957900
5473993.835,addresses,958000
5474191.305,addresses,958100
5474326.332,addresses,958200
5474455.086,addresses,958300
5474602.211,addresses,958400
5474712.488,addresses,958500
5474805.006,addresses,958600
5474870.469,addresses,958700
5474980.508,addresses,958800
5475047.645,addresses,958900
5475101.823,addresses,959000
5475158.535,addresses,959100
5475218.392,addresses,959200
5475270.564,addresses,959300
5475314.888,addresses,959400
5475368.562,addresses,959500
5475430.386,addresses,959600
5475474.044,addresses,959700
5475519.310,addresses,959800
5475573.695,addresses,959900
5475632.603,addresses,960000
5475681.834,addresses,960100
5475736.811,addresses,960200
5475790.639,addresses,960300
5475875.773,addresses,960400
5475950.672,addresses,960500
5476017.151,addresses,960600
5476069.037,addresses,960700
5476137.675,addresses,960800
5476207.126,addresses,960900
5476263.657,addresses,961000
5476320.629,addresses,961100
5476387.651,addresses,961200
5476442.509,addresses,961300
5476503.107,addresses,961400
5476557.396,addresses,961500
5476612.869,addresses,961600
5476655.327,addresses,961700
5476706.163,addresses,961800
5476757.267,addresses,961900
5476816.691,addresses,962000
5476866.369,addresses,962100
5476919.228,addresses,962200
5476961.342,addresses,962300
5477021.242,addresses,962400
5477076.693,addresses,962500
5477120.146,addresses,962600
5477165.255,addresses,962700
5477217.174,addresses,962800
5477264.692,addresses,962900
5477311.946,addresses,963000
5477360.089,addresses,963100
5477419.396,addresses,963200
5477480.203,addresses,963300
5477568.888,addresses,963400
5477647.537,addresses,963500
5482708.203,addresses,963600
5482849.267,addresses,963700
5482935.758,addresses,963800
5483041.571,addresses,963900
5483191.996,addresses,964000
5483269.268,addresses,964100
5483344.613,addresses,964200
5483404.830,addresses,964300
5483489.913,addresses,964400
5483555.555,addresses,964500
5483614.231,addresses,964600
5483660.285,addresses,964700
5483725.062,addresses,964800
5483784.863,addresses,964900
5483842.520,addresses,965000
5483919.486,addresses,965100
5483986.546,addresses,965200
5484047.167,addresses,965300
5484109.672,addresses,965400
5484170.684,addresses,965500
5484238.157,addresses,965600
5484293.770,addresses,965700
5484339.817,addresses,965800
5484389.218,addresses,965900
5484477.769,addresses,966000
5484539.997,addresses,966100
5484593.623,addresses,966200
5484656.616,addresses,966300
5484725.447,addresses,966400
5484773.766,addresses,966500
5484823.751,addresses,966600
5484870.486,addresses,966700
5484919.005,addresses,966800
5484974.312,addresses,966900
5485028.494,addresses,967000
5485073.645,addresses,967100
5485138.818,addresses,967200
5485192.327,addresses,967300
5485246.784,addresses,967400
5485300.955,addresses,967500
5485364.747,addresses,967600
5485418.648,addresses,967700
5485470.947,addresses,967800
5485562.145,addresses,967900
5485637.261,addresses,968000
5485692.128,addresses,968100
5485776.537,addresses,968200
5485838.577,addresses,968300
5485908.324,addresses,968400
5485961.556,addresses,968500
5486028.134,addresses,968600
5486079.644,addresses,968700
5486129.347,addresses,968800
5486187.469,addresses,968900
5486242.016,addresses,969000
5486316.757,addresses,969100
5486393.013,addresses,969200
5486495.371,addresses,969300
5486558.055,addresses,969400
5486626.226,addresses,969500
5486705.597,addresses,969600
5486761.535,addresses,969700
5486848.659,addresses,969800
5486896.052,addresses,969900
5486946.720,addresses,970000
5486997.777,addresses,970100
5487051.970,addresses,970200
5487106.478,addresses,970300
5487181.332,addresses,970400
5487231.510,addresses,970500
5487290.974,addresses,970600
5496591.459,indexer,970700
5496807.351,addresses,970700
