timestamp_ms,height
16973.135,0
16977.619,100
16983.273,200
16987.192,300
16991.543,400
16995.744,500
16999.908,600
17003.313,700
17007.521,800
17011.073,900
17015.471,1000
17019.646,1100
17023.781,1200
17027.176,1300
17031.339,1400
17035.060,1500
17039.168,1600
17043.062,1700
17047.011,1800
17050.881,1900
17055.165,2000
17059.074,2100
17062.790,2200
17066.751,2300
17070.420,2400
17074.589,2500
17078.226,2600
17082.341,2700
17086.152,2800
17090.351,2900
17094.417,3000
17098.822,3100
17102.375,3200
17106.481,3300
17109.969,3400
17113.763,3500
17117.680,3600
17121.762,3700
17125.764,3800
17129.799,3900
17133.723,4000
17137.981,4100
17141.902,4200
17145.790,4300
17149.790,4400
17153.659,4500
17157.644,4600
17161.302,4700
17165.489,4800
17169.173,4900
17173.504,5000
17177.195,5100
17181.170,5200
17184.974,5300
17188.824,5400
17192.673,5500
17196.865,5600
17200.589,5700
17204.531,5800
17208.478,5900
17212.403,6000
17216.605,6100
17220.461,6200
17224.534,6300
17228.254,6400
17232.267,6500
17236.206,6600
17240.378,6700
17244.316,6800
17248.273,6900
17251.985,7000
17256.046,7100
17260.040,7200
17263.747,7300
17267.612,7400
17271.558,7500
17275.250,7600
17279.249,7700
17283.252,7800
17287.004,7900
17291.176,8000
17294.781,8100
17299.310,8200
17302.532,8300
17306.858,8400
17310.546,8500
17314.785,8600
17318.385,8700
17322.484,8800
17326.126,8900
17329.918,9000
17333.799,9100
17337.904,9200
17341.919,9300
17345.592,9400
17349.603,9500
17353.466,9600
17357.456,9700
17361.290,9800
17365.460,9900
17577.598,10000
17584.804,10100
17591.073,10200
17596.642,10300
17601.307,10400
17606.359,10500
17610.843,10600
17615.269,10700
17619.316,10800
17623.299,10900
17627.152,11000
17631.388,11100
17635.197,11200
17639.021,11300
17642.817,11400
17647.189,11500
17651.011,11600
17654.935,11700
17658.810,11800
17662.614,11900
17666.573,12000
17670.246,12100
17674.367,12200
17678.013,12300
17682.279,12400
17685.891,12500
17689.955,12600
17693.709,12700
17697.425,12800
17701.078,12900
17704.961,13000
17708.962,13100
17712.980,13200
17716.713,13300
17720.319,13400
17724.515,13500
17727.976,13600
17731.907,13700
17735.605,13800
17739.701,13900
17743.402,14000
17747.666,14100
17751.371,14200
17755.261,14300
17759.327,14400
17763.541,14500
17767.708,14600
17771.754,14700
17775.335,14800
17779.108,14900
17783.171,15000
17786.796,15100
17790.854,15200
17794.433,15300
17798.407,15400
17801.939,15500
17805.988,15600
17809.493,15700
17813.447,15800
17817.098,15900
17820.860,16000
17824.903,16100
17828.449,16200
17832.798,16300
17836.558,16400
17840.606,16500
17844.221,16600
17848.285,16700
17851.919,16800
17855.987,16900
17859.626,17000
17863.574,17100
17867.363,17200
17871.299,17300
17874.964,17400
17878.592,17500
17882.282,17600
17885.107,17700
17888.500,17800
17892.249,17900
17895.893,18000
17899.811,18100
17903.332,18200
17907.110,18300
17910.754,18400
17914.696,18500
17918.395,18600
17922.371,18700
17926.293,18800
17930.481,18900
17934.201,19000
17938.262,19100
17941.760,19200
17945.576,19300
17949.561,19400
17953.267,19500
17957.066,19600
17960.912,19700
17965.069,19800
17968.801,19900
18078.931,20000
18083.923,20100
18088.903,20200
18093.550,20300
18098.411,20400
18102.365,20500
18106.815,20600
18110.846,20700
18114.982,20800
18118.983,20900
18123.026,21000
18127.000,21100
18131.216,21200
18134.563,21300
18138.434,21400
18142.244,21500
18146.228,21600
18150.235,21700
18153.965,21800
18158.075,21900
18161.974,22000
18166.063,22100
18169.963,22200
18173.970,22300
18177.564,22400
18181.540,22500
18185.583,22600
18189.459,22700
18193.150,22800
18196.966,22900
18200.894,23000
18204.911,23100
18208.724,23200
18212.551,23300
18216.504,23400
18220.341,23500
18224.414,23600
18227.825,23700
18231.870,23800
18235.642,23900
18239.831,24000
18243.497,24100
18247.400,24200
18251.183,24300
18254.888,24400
18258.761,24500
18262.645,24600
18266.643,24700
18270.404,24800
18274.811,24900
18278.598,25000
18282.935,25100
18286.727,25200
18290.542,25300
18293.880,25400
18298.064,25500
18301.904,25600
18305.950,25700
18309.727,25800
18313.684,25900
18317.570,26000
18321.486,26100
18325.509,26200
18329.414,26300
18333.537,26400
18337.548,26500
18341.528,26600
18345.358,26700
18349.515,26800
18353.589,26900
18357.633,27000
18361.484,27100
18365.486,27200
18369.230,27300
18373.523,27400
18377.164,27500
18381.592,27600
18384.346,27700
18387.544,27800
18391.555,27900
18394.866,28000
18399.118,28100
18403.249,28200
18407.312,28300
18411.115,28400
18414.964,28500
18418.785,28600
18422.636,28700
18426.606,28800
18430.637,28900
18434.415,29000
18438.492,29100
18442.887,29200
18446.678,29300
18450.530,29400
18454.609,29500
18458.512,29600
18462.174,29700
18466.532,29800
18470.382,29900
18602.525,30000
18608.601,30100
18614.078,30200
18619.392,30300
18624.086,30400
18628.522,30500
18633.311,30600
18637.606,30700
18642.055,30800
18646.034,30900
18650.257,31000
18654.462,31100
18658.628,31200
18662.485,31300
18666.558,31400
18670.700,31500
18674.749,31600
18678.552,31700
18682.724,31800
18686.379,31900
18690.577,32000
18694.620,32100
18698.730,32200
18702.493,32300
18706.638,32400
18710.351,32500
18714.477,32600
18718.327,32700
18722.562,32800
18726.240,32900
18730.266,33000
18734.339,33100
18738.581,33200
18742.590,33300
18746.490,33400
18750.437,33500
18754.528,33600
18758.573,33700
18762.299,33800
18766.336,33900
18770.151,34000
18774.496,34100
18778.044,34200
18782.078,34300
18786.031,34400
18790.409,34500
18794.519,34600
18798.648,34700
18802.426,34800
18806.510,34900
18810.274,35000
18814.646,35100
18818.544,35200
18822.619,35300
18826.443,35400
18830.483,35500
18834.350,35600
18838.630,35700
18842.518,35800
18846.661,35900
18850.496,36000
18854.563,36100
18858.614,36200
18862.771,36300
18866.693,36400
18870.723,36500
18874.834,36600
18878.674,36700
18882.773,36800
18885.630,36900
18889.313,37000
18892.763,37100
18896.706,37200
18900.475,37300
18904.279,37400
18908.457,37500
18912.637,37600
18916.654,37700
18920.781,37800
18924.773,37900
18928.444,38000
18932.614,38100
18936.581,38200
18940.730,38300
18945.028,38400
18949.127,38500
18952.894,38600
18957.338,38700
18961.150,38800
18965.593,38900
18969.583,39000
18973.734,39100
18977.558,39200
18981.730,39300
18986.017,39400
18990.417,39500
18994.356,39600
18998.919,39700
19002.935,39800
19007.009,39900
19119.725,40000
19125.114,40100
19130.036,40200
19135.419,40300
19140.410,40400
19145.120,40500
19149.681,40600
19153.959,40700
19158.237,40800
19162.477,40900
19166.837,41000
19171.004,41100
19175.158,41200
19179.366,41300
19183.466,41400
19187.606,41500
19191.829,41600
19195.861,41700
19200.377,41800
19204.537,41900
19208.710,42000
19212.528,42100
19216.888,42200
19220.712,42300
19224.997,42400
19228.738,42500
19233.011,42600
19236.756,42700
19241.289,42800
19245.177,42900
19249.344,43000
19253.600,43100
19257.685,43200
19261.780,43300
19265.968,43400
19270.084,43500
19274.600,43600
19278.910,43700
19283.405,43800
19287.461,43900
19291.727,44000
19296.049,44100
19300.189,44200
19304.346,44300
19308.423,44400
19312.945,44500
19316.987,44600
19321.125,44700
19325.329,44800
19329.588,44900
19333.758,45000
19337.926,45100
19342.203,45200
19346.384,45300
19350.476,45400
19354.654,45500
19358.946,45600
19363.228,45700
19367.267,45800
19371.942,45900
19376.235,46000
19380.629,46100
19384.088,46200
19388.025,46300
19392.068,46400
19395.953,46500
19400.114,46600
19404.550,46700
19408.712,46800
19413.258,46900
19417.260,47000
19422.009,47100
19426.142,47200
19430.301,47300
19434.417,47400
19438.791,47500
19442.675,47600
19446.830,47700
19450.891,47800
19455.171,47900
19459.226,48000
19463.497,48100
19467.682,48200
19471.747,48300
19475.700,48400
19480.142,48500
19484.405,48600
19488.517,48700
19492.640,48800
19497.216,48900
19501.339,49000
19506.368,49100
19510.797,49200
19515.488,49300
19519.687,49400
19524.032,49500
19528.433,49600
19532.806,49700
19537.420,49800
19542.367,49900
19757.793,50000
19770.581,50100
19779.944,50200
19786.456,50300
19792.424,50400
19798.580,50500
19803.535,50600
19808.684,50700
19813.551,50800
19818.790,50900
19823.172,51000
19828.351,51100
19833.219,51200
19837.405,51300
19841.846,51400
19846.321,51500
19850.574,51600
19855.841,51700
19865.711,51800
19870.182,51900
19874.875,52000
19879.610,52100
19883.888,52200
19887.552,52300
19891.966,52400
19896.070,52500
19901.395,52600
19906.256,52700
19911.172,52800
19915.809,52900
19920.476,53000
19925.505,53100
19930.419,53200
19935.574,53300
19940.173,53400
19945.177,53500
19950.135,53600
19954.821,53700
19959.507,53800
19964.375,53900
19968.839,54000
19973.744,54100
19978.072,54200
19982.820,54300
19987.331,54400
19992.275,54500
19997.009,54600
20001.100,54700
20006.519,54800
20011.314,54900
20016.004,55000
20020.313,55100
20025.175,55200
20030.069,55300
20034.723,55400
20039.255,55500
20044.385,55600
20049.107,55700
20053.035,55800
20058.794,55900
20063.589,56000
20068.159,56100
20073.230,56200
20078.427,56300
20083.474,56400
20088.548,56500
20092.819,56600
20097.625,56700
20102.235,56800
20107.392,56900
20111.977,57000
20116.968,57100
20121.733,57200
20126.692,57300
20131.482,57400
20136.793,57500
20141.427,57600
20146.480,57700
20151.236,57800
20156.677,57900
20162.382,58000
20167.514,58100
20172.015,58200
20176.366,58300
20181.255,58400
20186.385,58500
20191.636,58600
20196.968,58700
20202.006,58800
20207.405,58900
20212.299,59000
20217.846,59100
20223.506,59200
20228.874,59300
20234.320,59400
20239.479,59500
20244.847,59600
20250.462,59700
20255.977,59800
20261.205,59900
20398.831,60000
20406.101,60100
20413.184,60200
20420.118,60300
20425.691,60400
20432.650,60500
20438.627,60600
20443.428,60700
20449.549,60800
20455.101,60900
20461.023,61000
20466.915,61100
20472.167,61200
20477.547,61300
20483.053,61400
20487.767,61500
20493.017,61600
20498.765,61700
20503.382,61800
20508.382,61900
20513.657,62000
20519.523,62100
20525.276,62200
20530.608,62300
20536.141,62400
20541.084,62500
20547.085,62600
20552.625,62700
20557.302,62800
20562.227,62900
20567.447,63000
20572.733,63100
20578.550,63200
20584.202,63300
20590.433,63400
20595.786,63500
20601.265,63600
20606.314,63700
20611.675,63800
20617.026,63900
20623.283,64000
20628.154,64100
20633.467,64200
20638.547,64300
20644.030,64400
20649.444,64500
20654.051,64600
20659.282,64700
20664.864,64800
20670.710,64900
20676.091,65000
20681.405,65100
20686.563,65200
20691.372,65300
20696.398,65400
20701.753,65500
20710.279,65600
20719.368,65700
20727.758,65800
20735.321,65900
20743.970,66000
20751.656,66100
20760.004,66200
20766.944,66300
20774.001,66400
20780.304,66500
20786.961,66600
20793.854,66700
20800.658,66800
20808.959,66900
20817.000,67000
20823.758,67100
20829.852,67200
20843.561,67300
20857.126,67400
20863.854,67500
20870.561,67600
20876.715,67700
20883.727,67800
20891.038,67900
20898.480,68000
20905.854,68100
20913.264,68200
20919.971,68300
20926.846,68400
20933.880,68500
20942.340,68600
20948.315,68700
20956.566,68800
20963.329,68900
20971.073,69000
20978.789,69100
20985.618,69200
20994.625,69300
21001.607,69400
21008.995,69500
21016.510,69600
21023.929,69700
21030.757,69800
21037.559,69900
21169.437,70000
21180.374,70100
21190.779,70200
21198.700,70300
21205.728,70400
21212.705,70500
21219.953,70600
21227.228,70700
21234.206,70800
21244.413,70900
21250.406,71000
21257.517,71100
21263.731,71200
21269.667,71300
21275.744,71400
21281.449,71500
21287.449,71600
21292.897,71700
21298.897,71800
21305.596,71900
21311.746,72000
21320.034,72100
21326.867,72200
21332.653,72300
21340.015,72400
21346.452,72500
21353.792,72600
21360.713,72700
21367.485,72800
21374.266,72900
21379.807,73000
21386.095,73100
21392.595,73200
21400.964,73300
21407.327,73400
21413.275,73500
21419.005,73600
21425.918,73700
21432.068,73800
21438.852,73900
21446.391,74000
21452.088,74100
21458.206,74200
21463.813,74300
21469.723,74400
21475.374,74500
21481.063,74600
21487.818,74700
21496.430,74800
21503.194,74900
21511.504,75000
21519.757,75100
21527.524,75200
21534.228,75300
21541.055,75400
21547.777,75500
21553.866,75600
21559.749,75700
21565.566,75800
21571.881,75900
21577.753,76000
21583.616,76100
21591.350,76200
21597.006,76300
21603.364,76400
21609.189,76500
21616.302,76600
21622.335,76700
21628.479,76800
21635.303,76900
21641.687,77000
21647.776,77100
21653.857,77200
21661.471,77300
21667.905,77400
21674.854,77500
21681.993,77600
21688.723,77700
21695.129,77800
21701.614,77900
21707.414,78000
21713.206,78100
21719.703,78200
21726.123,78300
21732.510,78400
21738.755,78500
21744.733,78600
21751.782,78700
21758.671,78800
21766.040,78900
21772.403,79000
21778.489,79100
21785.297,79200
21791.071,79300
21798.312,79400
21806.167,79500
21812.971,79600
21819.365,79700
21826.134,79800
21833.173,79900
21979.528,80000
21989.687,80100
21997.209,80200
22004.739,80300
22013.446,80400
22020.704,80500
22026.918,80600
22033.340,80700
22039.840,80800
22046.701,80900
22054.031,81000
22062.007,81100
22071.483,81200
22080.750,81300
22090.672,81400
22097.224,81500
22104.872,81600
22111.869,81700
22119.709,81800
22126.167,81900
22134.101,82000
22141.400,82100
22147.950,82200
22156.035,82300
22163.137,82400
22169.401,82500
22176.337,82600
22184.734,82700
22195.996,82800
22203.774,82900
22211.350,83000
22218.559,83100
22227.965,83200
22236.076,83300
22244.162,83400
22251.858,83500
22260.318,83600
22268.139,83700
22276.216,83800
22283.735,83900
22290.790,84000
22298.675,84100
22305.493,84200
22313.750,84300
22320.614,84400
22328.092,84500
22335.205,84600
22342.119,84700
22349.391,84800
22356.184,84900
22363.257,85000
22370.304,85100
22376.179,85200
22382.774,85300
22388.762,85400
22394.376,85500
22400.784,85600
22407.174,85700
22413.282,85800
22419.376,85900
22426.406,86000
22434.872,86100
22443.590,86200
22452.650,86300
22459.989,86400
22469.050,86500
22476.602,86600
22483.933,86700
22491.819,86800
22500.924,86900
22508.980,87000
22517.494,87100
22524.318,87200
22532.422,87300
22539.205,87400
22546.891,87500
22553.425,87600
22561.263,87700
22568.517,87800
22576.502,87900
22584.398,88000
22591.438,88100
22599.673,88200
22606.163,88300
22612.858,88400
22619.325,88500
22625.906,88600
22632.116,88700
22637.354,88800
22644.529,88900
22651.057,89000
22657.978,89100
22664.333,89200
22670.421,89300
22676.968,89400
22683.170,89500
22689.759,89600
22696.007,89700
22702.807,89800
22710.125,89900
22894.508,90000
22901.456,90100
22911.167,90200
22922.153,90300
22931.437,90400
22942.511,90500
22951.329,90600
22960.508,90700
22969.386,90800
22975.784,90900
22982.665,91000
22989.075,91100
22995.808,91200
23002.263,91300
23008.626,91400
23014.703,91500
23020.429,91600
23026.344,91700
23032.976,91800
23038.995,91900
23045.244,92000
23064.008,92100
23078.554,92200
23085.117,92300
23091.347,92400
23097.511,92500
23103.389,92600
23109.494,92700
23118.998,92800
23134.875,92900
23153.650,93000
23169.213,93100
23179.845,93200
23186.527,93300
23194.388,93400
23201.823,93500
23209.170,93600
23223.996,93700
23238.967,93800
23249.589,93900
23259.372,94000
23267.407,94100
23275.046,94200
23282.226,94300
23289.476,94400
23295.958,94500
23302.979,94600
23309.299,94700
23316.970,94800
23325.636,94900
23333.475,95000
23340.538,95100
23348.740,95200
23355.569,95300
23362.380,95400
23367.957,95500
23375.083,95600
23381.396,95700
23387.836,95800
23393.334,95900
23399.739,96000
23406.995,96100
23414.722,96200
23422.800,96300
23430.218,96400
23437.469,96500
23444.360,96600
23450.984,96700
23459.029,96800
23466.804,96900
23475.127,97000
23483.528,97100
23491.504,97200
23500.835,97300
23510.857,97400
23519.141,97500
23528.759,97600
23537.476,97700
23545.373,97800
23553.592,97900
23561.693,98000
23569.504,98100
23577.577,98200
23586.673,98300
23594.032,98400
23602.389,98500
23613.561,98600
23621.434,98700
23630.105,98800
23638.730,98900
23647.354,99000
23655.899,99100
23664.700,99200
23673.305,99300
23682.405,99400
23691.841,99500
23700.053,99600
23708.267,99700
23716.123,99800
23724.890,99900
23852.681,100000
23863.821,100100
23874.139,100200
23883.192,100300
23890.942,100400
23897.857,100500
23906.583,100600
23914.912,100700
23923.632,100800
23933.570,100900
23945.316,101000
23955.627,101100
23965.854,101200
23975.263,101300
23984.307,101400
23994.539,101500
24004.385,101600
24015.296,101700
24025.215,101800
24035.739,101900
24047.077,102000
24057.147,102100
24068.765,102200
24078.524,102300
24088.292,102400
24098.666,102500
24108.545,102600
24118.537,102700
24128.764,102800
24139.480,102900
24148.642,103000
24158.015,103100
24166.654,103200
24176.125,103300
24187.024,103400
24196.353,103500
24205.509,103600
24214.791,103700
24224.434,103800
24235.036,103900
24247.839,104000
24259.606,104100
24270.335,104200
24281.919,104300
24294.007,104400
24304.190,104500
24314.105,104600
24323.339,104700
24333.222,104800
24342.982,104900
24353.269,105000
24364.790,105100
24375.359,105200
24386.957,105300
24402.881,105400
24414.365,105500
24424.926,105600
24434.121,105700
24444.777,105800
24454.279,105900
24462.705,106000
24471.547,106100
24480.020,106200
24489.840,106300
24499.047,106400
24506.868,106500
24516.688,106600
24525.033,106700
24533.842,106800
24542.487,106900
24552.289,107000
24561.660,107100
24573.846,107200
24587.870,107300
24601.590,107400
24614.572,107500
24628.088,107600
24640.346,107700
24652.807,107800
24663.926,107900
24675.400,108000
24689.070,108100
24702.348,108200
24714.821,108300
24726.182,108400
24737.471,108500
24748.194,108600
24760.071,108700
24772.901,108800
24785.661,108900
24798.079,109000
24811.201,109100
24823.689,109200
24834.952,109300
24847.802,109400
24860.095,109500
24872.666,109600
24884.829,109700
24897.733,109800
24910.654,109900
25058.089,110000
25075.471,110100
25088.960,110200
25101.852,110300
25113.526,110400
25126.306,110500
25137.500,110600
25149.475,110700
25161.482,110800
25173.112,110900
25186.664,111000
25200.566,111100
25214.664,111200
25230.124,111300
25243.496,111400
25258.230,111500
25273.490,111600
25286.899,111700
25298.422,111800
25310.522,111900
25321.325,112000
25332.588,112100
25344.469,112200
25355.522,112300
25367.851,112400
25378.871,112500
25392.051,112600
25405.820,112700
25418.201,112800
25430.311,112900
25442.847,113000
25456.687,113100
25471.136,113200
25485.246,113300
25499.495,113400
25515.207,113500
25530.394,113600
25545.730,113700
25560.522,113800
25575.401,113900
25590.255,114000
25605.876,114100
25621.658,114200
25635.682,114300
25654.343,114400
25669.918,114500
25684.441,114600
25701.100,114700
25715.840,114800
25729.987,114900
25743.591,115000
25757.754,115100
25772.812,115200
25787.005,115300
25802.234,115400
25816.284,115500
25831.352,115600
25844.522,115700
25857.870,115800
25870.908,115900
25883.936,116000
25896.765,116100
25909.278,116200
25922.538,116300
25936.074,116400
25948.515,116500
25962.780,116600
25976.287,116700
25991.296,116800
26002.893,116900
26016.848,117000
26031.010,117100
26044.564,117200
26058.182,117300
26071.236,117400
26084.711,117500
26098.415,117600
26110.894,117700
26125.235,117800
26138.294,117900
26152.280,118000
26166.609,118100
26180.364,118200
26195.260,118300
26209.695,118400
26223.637,118500
26237.700,118600
26250.210,118700
26263.176,118800
26276.390,118900
26291.094,119000
26308.682,119100
26323.274,119200
26339.775,119300
26352.578,119400
26366.437,119500
26378.980,119600
26392.811,119700
26407.279,119800
26422.281,119900
26601.562,120000
26621.178,120100
26636.533,120200
26650.769,120300
26666.641,120400
26682.275,120500
26698.818,120600
26713.323,120700
26728.225,120800
26743.440,120900
26758.341,121000
26774.844,121100
26790.610,121200
26806.200,121300
26819.600,121400
26834.747,121500
26847.814,121600
26862.761,121700
26877.970,121800
26891.984,121900
26906.315,122000
26922.025,122100
26936.484,122200
26950.846,122300
26963.627,122400
26977.863,122500
26990.952,122600
27004.790,122700
27018.849,122800
27032.754,122900
27047.070,123000
27061.503,123100
27076.743,123200
27091.640,123300
27106.676,123400
27122.109,123500
27139.856,123600
27155.297,123700
27171.193,123800
27185.383,123900
27201.802,124000
27217.573,124100
27233.122,124200
27249.193,124300
27265.393,124400
27281.122,124500
27296.776,124600
27312.381,124700
27327.757,124800
27342.751,124900
27360.011,125000
27379.664,125100
27396.284,125200
27411.222,125300
27428.942,125400
27445.297,125500
27462.324,125600
27477.944,125700
27493.779,125800
27510.403,125900
27526.226,126000
27541.497,126100
27556.230,126200
27572.438,126300
27588.198,126400
27604.903,126500
27620.900,126600
27637.253,126700
27653.801,126800
27669.499,126900
27686.092,127000
27705.339,127100
27722.871,127200
27741.314,127300
27758.871,127400
27776.309,127500
27794.553,127600
27813.261,127700
27832.916,127800
27852.136,127900
27870.734,128000
27889.410,128100
27909.422,128200
27928.620,128300
27951.895,128400
27971.740,128500
27992.366,128600
28011.840,128700
28031.129,128800
28051.070,128900
28068.843,129000
28092.006,129100
28113.525,129200
28137.263,129300
28160.894,129400
28189.375,129500
28211.904,129600
28235.216,129700
28255.244,129800
28278.217,129900
28500.457,130000
28524.548,130100
28545.024,130200
28565.244,130300
28592.161,130400
28611.825,130500
28631.432,130600
28653.920,130700
28676.576,130800
28698.396,130900
28718.558,131000
28739.494,131100
28760.632,131200
28785.620,131300
28808.458,131400
28830.304,131500
28851.031,131600
28874.854,131700
28895.212,131800
28915.194,131900
28935.353,132000
28956.301,132100
28976.592,132200
28994.518,132300
29016.089,132400
29033.385,132500
29052.730,132600
29072.435,132700
29090.359,132800
29111.938,132900
29130.369,133000
29151.473,133100
29173.898,133200
29197.152,133300
29220.123,133400
29246.311,133500
29269.876,133600
29292.733,133700
29314.394,133800
29335.992,133900
29358.520,134000
29379.715,134100
29401.672,134200
29426.236,134300
29448.458,134400
29469.492,134500
29493.569,134600
29516.579,134700
29537.592,134800
29560.560,134900
29584.762,135000
29609.285,135100
29633.395,135200
29655.448,135300
29678.314,135400
29699.930,135500
29724.029,135600
29751.539,135700
29773.985,135800
29798.331,135900
29821.195,136000
29841.767,136100
29864.248,136200
29887.554,136300
29909.720,136400
29932.086,136500
29965.987,136600
29988.060,136700
30009.680,136800
30032.443,136900
30055.166,137000
30078.465,137100
30102.897,137200
30125.644,137300
30148.947,137400
30171.425,137500
30194.624,137600
30216.851,137700
30237.797,137800
30261.143,137900
30284.373,138000
30306.863,138100
30328.046,138200
30347.422,138300
30369.516,138400
30394.226,138500
30417.230,138600
30444.645,138700
30465.452,138800
30485.129,138900
30507.066,139000
30527.164,139100
30550.772,139200
30572.721,139300
30595.499,139400
30616.597,139500
30638.465,139600
30661.642,139700
30686.731,139800
30709.739,139900
30917.263,140000
30945.022,140100
30971.494,140200
30999.001,140300
31019.771,140400
31044.360,140500
31068.786,140600
31090.525,140700
31112.974,140800
31138.564,140900
31164.864,141000
31191.081,141100
31216.829,141200
31240.840,141300
31265.458,141400
31288.393,141500
31313.235,141600
31339.605,141700
31363.029,141800
31385.506,141900
31409.252,142000
31433.072,142100
31459.371,142200
31483.938,142300
31507.910,142400
31533.742,142500
31570.788,142600
31594.149,142700
31618.514,142800
31643.580,142900
31669.085,143000
31692.907,143100
31713.177,143200
31736.437,143300
31758.822,143400
31781.777,143500
31802.151,143600
31824.303,143700
31844.513,143800
31872.256,143900
31894.766,144000
31916.846,144100
31941.616,144200
31963.838,144300
31987.525,144400
32009.161,144500
32033.570,144600
32055.822,144700
32077.400,144800
32096.631,144900
32121.718,145000
32143.766,145100
32164.836,145200
32185.220,145300
32205.812,145400
32224.661,145500
32247.630,145600
32269.556,145700
32289.313,145800
32307.720,145900
32329.106,146000
32354.394,146100
32384.925,146200
32407.112,146300
32429.611,146400
32452.099,146500
32475.305,146600
32501.425,146700
32524.884,146800
32549.247,146900
32573.047,147000
32595.576,147100
32618.103,147200
32638.246,147300
32657.952,147400
32679.025,147500
32702.600,147600
32722.008,147700
32741.443,147800
32761.231,147900
32783.663,148000
32805.746,148100
32825.182,148200
32846.189,148300
32867.412,148400
32887.859,148500
32909.543,148600
32929.982,148700
32951.592,148800
32974.509,148900
32998.786,149000
33021.743,149100
33043.044,149200
33064.200,149300
33086.182,149400
33111.516,149500
33132.802,149600
33155.088,149700
33175.175,149800
33194.085,149900
33408.453,150000
33429.760,150100
33450.668,150200
33473.376,150300
33495.933,150400
33516.315,150500
33535.962,150600
33556.524,150700
33577.797,150800
33598.976,150900
33619.348,151000
33643.301,151100
33663.687,151200
33682.752,151300
33702.135,151400
33722.579,151500
33740.459,151600
33761.393,151700
33782.318,151800
33803.465,151900
33823.029,152000
33842.088,152100
33862.207,152200
33881.211,152300
33900.919,152400
33920.544,152500
33939.834,152600
33960.727,152700
33983.018,152800
34002.676,152900
34021.088,153000
34040.849,153100
34061.573,153200
34080.469,153300
34099.931,153400
34121.142,153500
34142.113,153600
34161.126,153700
34181.620,153800
34201.004,153900
34219.706,154000
34239.337,154100
34258.781,154200
34277.661,154300
34298.164,154400
34317.228,154500
34337.093,154600
34356.820,154700
34379.133,154800
34398.801,154900
34418.548,155000
34439.399,155100
34460.148,155200
34482.349,155300
34502.364,155400
34524.403,155500
34545.179,155600
34563.328,155700
34584.285,155800
34602.960,155900
34621.942,156000
34641.466,156100
34661.008,156200
34680.104,156300
34706.548,156400
34732.257,156500
34751.627,156600
34770.932,156700
34789.639,156800
34809.334,156900
34827.548,157000
34845.144,157100
34864.790,157200
34885.683,157300
34904.878,157400
34923.189,157500
34942.588,157600
34962.071,157700
34981.982,157800
34998.367,157900
35016.194,158000
35034.903,158100
35052.577,158200
35074.813,158300
35095.871,158400
35114.181,158500
35133.293,158600
35154.060,158700
35172.292,158800
35190.374,158900
35209.238,159000
35226.321,159100
35242.638,159200
35262.024,159300
35279.657,159400
35299.138,159500
35317.026,159600
35335.165,159700
35354.317,159800
35372.004,159900
35549.900,160000
35570.617,160100
35592.371,160200
35613.427,160300
35632.416,160400
35652.140,160500
35670.444,160600
35691.947,160700
35713.432,160800
35731.782,160900
35751.978,161000
35770.165,161100
35790.073,161200
35810.081,161300
35829.779,161400
35851.166,161500
35875.055,161600
35899.054,161700
35919.885,161800
35939.441,161900
35962.052,162000
35982.262,162100
36001.397,162200
36021.895,162300
36042.197,162400
36061.977,162500
36081.353,162600
36102.206,162700
36124.674,162800
36146.245,162900
36168.733,163000
36188.184,163100
36208.167,163200
36228.059,163300
36246.629,163400
36264.763,163500
36283.829,163600
36316.038,163700
36337.882,163800
36360.659,163900
36381.630,164000
36402.992,164100
36421.391,164200
36441.771,164300
36460.454,164400
36480.019,164500
36497.741,164600
36517.731,164700
36539.133,164800
36559.283,164900
36580.445,165000
36601.028,165100
36620.849,165200
36642.579,165300
36663.201,165400
36685.188,165500
36707.732,165600
36729.073,165700
36751.817,165800
36772.278,165900
36794.408,166000
36816.676,166100
36839.448,166200
36862.500,166300
36883.609,166400
36903.580,166500
36924.659,166600
36948.296,166700
36972.895,166800
36997.675,166900
37022.925,167000
37048.044,167100
37069.540,167200
37089.871,167300
37107.963,167400
37127.420,167500
37146.148,167600
37166.086,167700
37187.721,167800
37210.740,167900
37230.894,168000
37251.977,168100
37275.131,168200
37295.587,168300
37314.404,168400
37333.876,168500
37352.658,168600
37372.532,168700
37394.222,168800
37413.826,168900
37433.745,169000
37452.096,169100
37473.149,169200
37494.375,169300
37517.096,169400
37539.108,169500
37560.376,169600
37582.722,169700
37605.351,169800
37636.439,169900
37923.434,170000
37943.628,170100
37964.344,170200
37983.157,170300
38000.100,170400
38017.360,170500
38033.846,170600
38051.126,170700
38067.618,170800
38084.267,170900
38100.319,171000
38121.752,171100
38141.334,171200
38161.595,171300
38184.122,171400
38202.652,171500
38219.626,171600
38235.401,171700
38253.439,171800
38274.755,171900
38292.435,172000
38310.262,172100
38326.730,172200
38345.095,172300
38363.349,172400
38381.254,172500
38398.455,172600
38414.021,172700
38431.101,172800
38449.821,172900
38468.064,173000
38487.617,173100
38506.940,173200
38525.031,173300
38544.635,173400
38569.708,173500
38590.497,173600
38608.670,173700
38625.717,173800
38643.863,173900
38662.242,174000
38684.296,174100
38705.676,174200
38724.772,174300
38747.597,174400
38770.368,174500
38791.913,174600
38812.111,174700
38832.353,174800
38850.552,174900
38871.055,175000
38892.983,175100
38916.449,175200
38939.688,175300
38962.129,175400
38984.951,175500
39010.958,175600
39033.231,175700
39058.512,175800
39079.456,175900
39103.770,176000
39133.127,176100
39157.012,176200
39177.566,176300
39198.832,176400
39222.028,176500
39243.828,176600
39264.124,176700
39284.137,176800
39303.889,176900
39325.765,177000
39349.486,177100
39371.753,177200
39394.177,177300
39417.037,177400
39438.103,177500
39457.388,177600
39478.328,177700
39499.576,177800
39518.521,177900
39540.849,178000
39563.044,178100
39586.429,178200
39609.731,178300
39635.248,178400
39660.986,178500
39685.716,178600
39711.183,178700
39734.755,178800
39759.213,178900
39783.978,179000
39810.358,179100
39836.279,179200
39863.219,179300
39894.322,179400
39927.371,179500
39952.125,179600
39982.621,179700
40013.143,179800
40043.942,179900
40351.930,180000
40396.451,180100
40432.982,180200
40470.037,180300
40507.239,180400
40540.741,180500
40575.364,180600
40617.409,180700
40665.985,180800
40708.071,180900
40746.017,181000
40789.412,181100
40831.666,181200
40874.906,181300
40914.371,181400
40957.218,181500
40999.089,181600
41033.759,181700
41063.087,181800
41103.286,181900
41145.324,182000
41188.320,182100
41240.234,182200
41277.197,182300
41315.277,182400
41351.284,182500
41389.847,182600
41419.833,182700
41447.463,182800
41495.241,182900
41542.184,183000
41594.412,183100
41640.319,183200
41663.422,183300
41705.821,183400
41747.904,183500
41781.792,183600
41820.712,183700
41867.742,183800
41910.611,183900
41951.606,184000
41996.223,184100
42029.054,184200
42067.543,184300
42123.535,184400
42187.312,184500
42243.622,184600
42300.034,184700
42365.605,184800
42409.709,184900
42456.134,185000
42503.825,185100
42543.661,185200
42581.118,185300
42632.916,185400
42671.690,185500
42713.146,185600
42753.922,185700
42787.204,185800
42822.257,185900
42854.303,186000
42892.638,186100
42930.626,186200
42972.392,186300
43012.941,186400
43054.660,186500
43095.970,186600
43133.930,186700
43171.455,186800
43216.195,186900
43254.812,187000
43286.919,187100
43320.661,187200
43362.936,187300
43397.491,187400
43431.296,187500
43466.920,187600
43504.527,187700
43538.451,187800
43576.066,187900
43609.160,188000
43644.696,188100
43677.287,188200
43710.544,188300
43754.176,188400
43798.189,188500
43839.432,188600
43880.475,188700
43920.136,188800
43951.644,188900
43991.941,189000
44023.702,189100
44059.926,189200
44110.323,189300
44154.118,189400
44198.561,189500
44252.901,189600
44293.124,189700
44335.753,189800
44381.883,189900
44881.973,190000
44930.878,190100
44972.023,190200
45015.696,190300
45059.007,190400
45105.987,190500
45143.287,190600
45180.536,190700
45215.135,190800
45250.853,190900
45285.385,191000
45315.970,191100
45358.229,191200
45402.500,191300
45439.580,191400
45476.542,191500
45541.898,191600
45595.071,191700
45647.072,191800
45688.895,191900
45726.554,192000
45764.419,192100
45802.208,192200
45841.939,192300
45884.676,192400
45932.789,192500
45979.806,192600
46021.810,192700
46064.979,192800
46109.821,192900
46153.245,193000
46192.459,193100
46229.231,193200
46268.191,193300
46302.425,193400
46344.318,193500
46381.482,193600
46434.481,193700
46481.602,193800
46521.077,193900
46568.606,194000
46621.015,194100
46673.427,194200
46731.395,194300
46785.068,194400
46834.188,194500
46893.814,194600
46932.552,194700
46982.757,194800
47022.145,194900
47063.676,195000
47115.521,195100
47161.349,195200
47198.803,195300
47239.418,195400
47279.363,195500
47326.385,195600
47365.277,195700
47406.541,195800
47452.989,195900
47493.687,196000
47535.825,196100
47573.739,196200
47613.576,196300
47648.501,196400
47697.264,196500
47745.225,196600
47791.540,196700
47836.493,196800
47877.254,196900
47918.529,197000
47960.410,197100
48010.064,197200
48048.344,197300
48092.440,197400
48138.010,197500
48183.525,197600
48222.234,197700
48262.530,197800
48304.344,197900
48345.521,198000
48387.116,198100
48427.110,198200
48479.988,198300
48530.316,198400
48568.359,198500
48608.165,198600
48663.599,198700
48706.174,198800
48744.826,198900
48784.778,199000
48819.955,199100
48853.369,199200
48888.166,199300
48939.450,199400
48985.881,199500
49047.934,199600
49094.336,199700
49132.385,199800
49171.092,199900
49671.374,200000
49708.783,200100
49743.974,200200
49782.417,200300
49819.930,200400
49858.739,200500
49902.747,200600
49951.901,200700
49989.720,200800
50032.247,200900
50079.043,201000
50109.711,201100
50145.914,201200
50185.671,201300
50225.062,201400
50271.460,201500
50322.016,201600
50368.379,201700
50413.178,201800
50464.578,201900
50514.282,202000
50556.789,202100
50602.152,202200
50651.981,202300
50699.145,202400
50748.644,202500
50798.095,202600
50840.692,202700
50884.071,202800
50926.281,202900
50969.184,203000
51016.612,203100
51061.101,203200
51104.802,203300
51143.841,203400
51187.874,203500
51233.445,203600
51275.918,203700
51324.997,203800
51363.664,203900
51407.437,204000
51450.522,204100
51491.355,204200
51536.648,204300
51579.956,204400
51632.657,204500
51683.283,204600
51729.998,204700
51770.811,204800
51810.409,204900
51850.863,205000
51887.074,205100
51920.454,205200
51951.438,205300
51981.008,205400
52013.518,205500
52047.068,205600
52085.993,205700
52131.134,205800
52170.318,205900
52208.064,206000
52246.046,206100
52285.133,206200
52323.784,206300
52357.159,206400
52401.142,206500
52442.229,206600
52486.223,206700
52531.061,206800
52573.551,206900
52616.106,207000
52656.888,207100
52696.632,207200
52736.632,207300
52771.930,207400
52807.003,207500
52847.718,207600
52885.953,207700
52924.954,207800
52972.787,207900
53017.120,208000
53064.607,208100
53110.544,208200
53157.322,208300
53212.336,208400
53250.836,208500
53300.700,208600
53349.124,208700
53393.894,208800
53443.460,208900
53490.598,209000
53559.715,209100
53602.211,209200
53641.296,209300
53678.602,209400
53722.951,209500
53769.822,209600
53810.128,209700
53853.944,209800
53893.868,209900
54524.829,210000
54576.642,210100
54620.385,210200
54667.627,210300
54716.540,210400
54753.580,210500
54787.666,210600
54824.233,210700
54857.746,210800
54909.048,210900
54959.932,211000
55015.995,211100
55070.062,211200
55121.905,211300
55161.088,211400
55204.075,211500
55251.857,211600
55292.400,211700
55335.203,211800
55379.197,211900
55434.649,212000
55485.848,212100
55546.353,212200
55592.596,212300
55636.788,212400
55687.797,212500
55737.778,212600
55790.855,212700
55844.892,212800
55892.381,212900
55960.863,213000
56014.329,213100
56062.313,213200
56107.220,213300
56158.621,213400
56213.115,213500
56255.659,213600
56298.875,213700
56339.209,213800
56387.407,213900
56429.197,214000
56492.933,214100
56536.273,214200
56583.491,214300
56622.706,214400
56661.307,214500
56694.502,214600
56730.024,214700
56771.982,214800
56817.879,214900
56859.839,215000
56907.540,215100
56955.337,215200
57001.429,215300
57045.968,215400
57088.621,215500
57131.198,215600
57174.524,215700
57228.571,215800
57277.440,215900
57328.278,216000
57388.645,216100
57448.335,216200
57502.223,216300
57557.500,216400
57604.171,216500
57661.200,216600
57712.769,216700
57792.843,216800
57849.456,216900
57914.086,217000
57973.638,217100
58024.278,217200
58080.787,217300
58127.765,217400
58174.838,217500
58220.151,217600
58276.408,217700
58332.041,217800
58376.886,217900
58432.093,218000
58487.339,218100
58537.355,218200
58588.756,218300
58641.814,218400
58695.464,218500
58746.683,218600
58795.944,218700
58840.752,218800
58885.671,218900
58930.028,219000
58986.777,219100
59041.850,219200
59093.944,219300
59146.486,219400
59192.446,219500
59242.500,219600
59295.519,219700
59342.595,219800
59387.551,219900
60097.849,220000
60156.704,220100
60223.249,220200
60280.355,220300
60342.575,220400
60398.406,220500
60463.160,220600
60519.509,220700
60580.030,220800
60641.130,220900
60695.512,221000
60751.363,221100
60810.850,221200
60870.427,221300
60921.615,221400
60968.094,221500
61025.890,221600
61069.220,221700
61119.655,221800
61170.931,221900
61224.248,222000
61280.754,222100
61331.226,222200
61387.446,222300
61436.362,222400
61497.531,222500
61553.375,222600
61619.012,222700
61684.785,222800
61741.055,222900
61796.915,223000
61852.856,223100
61914.041,223200
61970.297,223300
62020.962,223400
62073.486,223500
62130.398,223600
62201.420,223700
62262.391,223800
62325.197,223900
62378.103,224000
62428.766,224100
62482.397,224200
62540.116,224300
62602.836,224400
62670.242,224500
62738.017,224600
62799.070,224700
62868.294,224800
62921.478,224900
62972.792,225000
63029.087,225100
63095.772,225200
63168.227,225300
63250.945,225400
63322.022,225500
63383.841,225600
63443.120,225700
63497.988,225800
63552.350,225900
63619.779,226000
63681.506,226100
63723.900,226200
63766.852,226300
63812.653,226400
63858.246,226500
63906.216,226600
63961.528,226700
64012.587,226800
64062.295,226900
64108.768,227000
64159.591,227100
64208.475,227200
64265.703,227300
64314.690,227400
64371.929,227500
64424.208,227600
64476.329,227700
64527.552,227800
64588.658,227900
64653.426,228000
64715.041,228100
64788.160,228200
64861.847,228300
64919.231,228400
64987.347,228500
65052.889,228600
65118.859,228700
65179.359,228800
65247.801,228900
65301.075,229000
65347.508,229100
65412.382,229200
65475.858,229300
65550.646,229400
65618.905,229500
65700.952,229600
65774.460,229700
65865.296,229800
65935.234,229900
66776.978,230000
66847.133,230100
66921.813,230200
66996.002,230300
67081.666,230400
67146.735,230500
67224.273,230600
67305.346,230700
67388.150,230800
67473.169,230900
67534.587,231000
67606.835,231100
67670.569,231200
67731.201,231300
67796.219,231400
67861.189,231500
67930.465,231600
67997.314,231700
68055.154,231800
68131.535,231900
68186.289,232000
68271.223,232100
68343.442,232200
68401.454,232300
68462.577,232400
68519.779,232500
68582.449,232600
68653.726,232700
68720.694,232800
68787.776,232900
68872.256,233000
68938.181,233100
69007.428,233200
69065.737,233300
69123.089,233400
69193.954,233500
69263.867,233600
69325.763,233700
69382.210,233800
69446.973,233900
69509.122,234000
69578.211,234100
69645.797,234200
69720.936,234300
69787.796,234400
69843.392,234500
69907.743,234600
69964.667,234700
70044.127,234800
70109.504,234900
70171.822,235000
70239.691,235100
70303.847,235200
70372.549,235300
70453.742,235400
70521.610,235500
70588.170,235600
70659.243,235700
70719.654,235800
70780.497,235900
70838.805,236000
70910.658,236100
70977.775,236200
71047.569,236300
71119.131,236400
71192.137,236500
71251.908,236600
71316.485,236700
71387.307,236800
71441.955,236900
71500.186,237000
71564.931,237100
71628.169,237200
71693.351,237300
71748.804,237400
71809.148,237500
71876.328,237600
71931.881,237700
71994.672,237800
72052.127,237900
72100.357,238000
72153.906,238100
72206.796,238200
72264.521,238300
72334.878,238400
72393.571,238500
72456.667,238600
72512.780,238700
72573.765,238800
72624.243,238900
72679.549,239000
72727.801,239100
72774.105,239200
72822.430,239300
72871.106,239400
72918.220,239500
72974.782,239600
73036.754,239700
73128.375,239800
73179.198,239900
74137.895,240000
74194.661,240100
74260.434,240200
74322.543,240300
74374.160,240400
74423.173,240500
74477.414,240600
74523.064,240700
74574.148,240800
74626.263,240900
74676.835,241000
74722.034,241100
74769.085,241200
74811.933,241300
74863.707,241400
74912.206,241500
74965.164,241600
75017.464,241700
75058.245,241800
75108.433,241900
75167.553,242000
75229.232,242100
75284.660,242200
75348.703,242300
75402.028,242400
75469.578,242500
75523.005,242600
75572.589,242700
75618.066,242800
75664.067,242900
75707.432,243000
75755.945,243100
75809.609,243200
75863.324,243300
75922.814,243400
75981.912,243500
76034.503,243600
76085.202,243700
76138.730,243800
76196.528,243900
76240.729,244000
76281.382,244100
76326.784,244200
76378.656,244300
76430.744,244400
76475.940,244500
76518.011,244600
76563.837,244700
76617.875,244800
76655.268,244900
76703.426,245000
76743.461,245100
76783.129,245200
76819.721,245300
76860.588,245400
76901.620,245500
76951.956,245600
76995.174,245700
77043.670,245800
77091.400,245900
77134.761,246000
77186.387,246100
77243.603,246200
77311.249,246300
77359.183,246400
77403.167,246500
77445.982,246600
77491.210,246700
77536.337,246800
77590.594,246900
77639.561,247000
77686.393,247100
77733.156,247200
77802.249,247300
77856.432,247400
77901.403,247500
77941.766,247600
77989.511,247700
78030.996,247800
78068.469,247900
78123.472,248000
78174.007,248100
78229.412,248200
78283.097,248300
78337.862,248400
78388.470,248500
78449.497,248600
78491.607,248700
78536.727,248800
78578.771,248900
78630.684,249000
78678.685,249100
78725.382,249200
78774.199,249300
78830.181,249400
78894.482,249500
78947.493,249600
79021.373,249700
79072.429,249800
79129.171,249900
79864.364,250000
79924.023,250100
79975.933,250200
80025.878,250300
80082.406,250400
80143.209,250500
80201.829,250600
80258.927,250700
80321.002,250800
80376.003,250900
80447.846,251000
80496.490,251100
80549.847,251200
80605.725,251300
80650.779,251400
80690.112,251500
80734.386,251600
80773.474,251700
80831.535,251800
80917.058,251900
80972.204,252000
81037.766,252100
81108.013,252200
81172.387,252300
81241.480,252400
81316.578,252500
81366.790,252600
81419.349,252700
81462.621,252800
81510.183,252900
81565.574,253000
81628.135,253100
81685.536,253200
81752.625,253300
81801.625,253400
81855.797,253500
81908.503,253600
81959.337,253700
82006.759,253800
82057.406,253900
82106.022,254000
82160.769,254100
82211.795,254200
82264.992,254300
82320.067,254400
82373.625,254500
82434.279,254600
82489.046,254700
82538.836,254800
82591.157,254900
82640.759,255000
82695.317,255100
82743.530,255200
82785.922,255300
82825.148,255400
82867.597,255500
82907.229,255600
82947.867,255700
82994.861,255800
83043.816,255900
83089.610,256000
83137.906,256100
83196.951,256200
83263.286,256300
83333.828,256400
83392.124,256500
83447.270,256600
83496.981,256700
83546.640,256800
83588.997,256900
83638.791,257000
83684.385,257100
83745.700,257200
83789.608,257300
83835.097,257400
83879.742,257500
83928.876,257600
83970.383,257700
84013.696,257800
84054.050,257900
84094.823,258000
84138.892,258100
84190.942,258200
84251.234,258300
84311.272,258400
84360.437,258500
84424.709,258600
84480.208,258700
84525.552,258800
84581.145,258900
84632.145,259000
84683.879,259100
84730.985,259200
84779.264,259300
84821.865,259400
84870.808,259500
84915.504,259600
84969.482,259700
85020.893,259800
85072.058,259900
85845.017,260000
85916.510,260100
85973.804,260200
86049.569,260300
86101.319,260400
86174.039,260500
86231.524,260600
86284.109,260700
86343.255,260800
86401.999,260900
86471.222,261000
86530.601,261100
86614.499,261200
86673.925,261300
86746.816,261400
86806.052,261500
86886.211,261600
86953.409,261700
87007.781,261800
87061.206,261900
87104.395,262000
87162.822,262100
87231.175,262200
87302.211,262300
87362.895,262400
87428.604,262500
87493.699,262600
87560.815,262700
87618.581,262800
87685.104,262900
87752.644,263000
87803.552,263100
87858.071,263200
87916.542,263300
87978.972,263400
88036.365,263500
88090.344,263600
88156.075,263700
88212.836,263800
88268.357,263900
88329.496,264000
88379.901,264100
88462.217,264200
88525.292,264300
88587.970,264400
88653.217,264500
88709.120,264600
88779.058,264700
88838.257,264800
88892.436,264900
88960.592,265000
89024.732,265100
89087.922,265200
89147.773,265300
89226.213,265400
89286.361,265500
89358.197,265600
89428.264,265700
89498.220,265800
89552.638,265900
89610.616,266000
89664.882,266100
89717.968,266200
89774.538,266300
89828.394,266400
89883.880,266500
89968.130,266600
90026.797,266700
90102.491,266800
90166.513,266900
90232.109,267000
90284.895,267100
90355.749,267200
90408.662,267300
90458.725,267400
90509.621,267500
90562.849,267600
90606.760,267700
90665.326,267800
90720.445,267900
90797.314,268000
90885.891,268100
90971.480,268200
91050.786,268300
91130.746,268400
91228.515,268500
91328.179,268600
91428.856,268700
91513.377,268800
91584.208,268900
91642.003,269000
91716.249,269100
91777.257,269200
91848.065,269300
91914.409,269400
92003.577,269500
92083.520,269600
92162.532,269700
92241.498,269800
92296.376,269900
93074.268,270000
93132.418,270100
93212.339,270200
93325.942,270300
93464.472,270400
93604.396,270500
93705.406,270600
93800.201,270700
93902.559,270800
94021.827,270900
94135.751,271000
94227.827,271100
94311.140,271200
94393.590,271300
94471.196,271400
94561.059,271500
94656.106,271600
94771.435,271700
94875.679,271800
95006.977,271900
95117.507,272000
95208.383,272100
95327.664,272200
95430.363,272300
95507.125,272400
95587.874,272500
95679.470,272600
95773.415,272700
95860.770,272800
95942.028,272900
96043.639,273000
96148.615,273100
96243.211,273200
96345.784,273300
96408.674,273400
96498.632,273500
96573.922,273600
96642.721,273700
96706.887,273800
96766.843,273900
96860.708,274000
96942.755,274100
97007.412,274200
97096.546,274300
97186.247,274400
97252.977,274500
97330.073,274600
97406.117,274700
97479.183,274800
97549.122,274900
97619.019,275000
97691.101,275100
97767.830,275200
97850.183,275300
97935.303,275400
98002.099,275500
98082.167,275600
98166.606,275700
98226.904,275800
98297.875,275900
98367.539,276000
98437.603,276100
98515.667,276200
98590.504,276300
98652.148,276400
98717.808,276500
98794.612,276600
98865.483,276700
98940.004,276800
99019.111,276900
99085.124,277000
99149.288,277100
99222.214,277200
99287.839,277300
99347.668,277400
99428.793,277500
99491.753,277600
99580.143,277700
99650.420,277800
99717.877,277900
99779.684,278000
99823.119,278100
99880.088,278200
99956.236,278300
100039.620,278400
100120.944,278500
100189.778,278600
100306.775,278700
100371.119,278800
100448.420,278900
100539.488,279000
100610.925,279100
100699.561,279200
100761.184,279300
100837.000,279400
100901.604,279500
100965.814,279600
101024.772,279700
101092.944,279800
101149.402,279900
102182.579,280000
102247.096,280100
102301.357,280200
102373.577,280300
102452.479,280400
102522.293,280500
102599.818,280600
102695.127,280700
102753.562,280800
102824.784,280900
102891.172,281000
102962.995,281100
103021.288,281200
103082.935,281300
103149.862,281400
103218.646,281500
103301.517,281600
103379.012,281700
103458.353,281800
103528.003,281900
103597.252,282000
103667.256,282100
103737.789,282200
103810.286,282300
103886.487,282400
103956.133,282500
104025.645,282600
104101.886,282700
104184.253,282800
104266.051,282900
104348.862,283000
104432.785,283100
104506.656,283200
104579.225,283300
104643.697,283400
104714.895,283500
104771.602,283600
104842.511,283700
104933.601,283800
104994.869,283900
105070.890,284000
105144.308,284100
105235.175,284200
105306.615,284300
105394.680,284400
105470.090,284500
105572.948,284600
105660.373,284700
105726.022,284800
105806.134,284900
105882.973,285000
105962.700,285100
106041.694,285200
106119.451,285300
106204.614,285400
106287.107,285500
106358.710,285600
106437.081,285700
106511.949,285800
106592.208,285900
106668.599,286000
106732.449,286100
106793.796,286200
106860.135,286300
106938.805,286400
107023.194,286500
107097.915,286600
107173.528,286700
107258.921,286800
107340.330,286900
107434.341,287000
107525.905,287100
107596.366,287200
107667.606,287300
107745.748,287400
107824.128,287500
107904.678,287600
108011.788,287700
108106.957,287800
108201.596,287900
108279.474,288000
108363.620,288100
108444.307,288200
108536.219,288300
108666.525,288400
108749.275,288500
108833.198,288600
108929.159,288700
109067.555,288800
109183.862,288900
109287.531,289000
109389.010,289100
109481.430,289200
109564.982,289300
109658.985,289400
109741.846,289500
109822.740,289600
109905.930,289700
109981.743,289800
110095.412,289900
111504.947,290000
111622.214,290100
111723.831,290200
111826.919,290300
111924.377,290400
112041.932,290500
112173.191,290600
112250.127,290700
112333.945,290800
112433.738,290900
112506.332,291000
112610.749,291100
112681.912,291200
112766.990,291300
112852.854,291400
112929.565,291500
113025.647,291600
113103.601,291700
113192.183,291800
113302.286,291900
113369.274,292000
113433.140,292100
113509.750,292200
113584.927,292300
113683.531,292400
113776.127,292500
113861.259,292600
113967.644,292700
114035.959,292800
114103.278,292900
114173.951,293000
114234.029,293100
114299.823,293200
114376.951,293300
114441.744,293400
114512.450,293500
114579.983,293600
114664.551,293700
114741.579,293800
114800.406,293900
114869.271,294000
114933.145,294100
114999.162,294200
115059.564,294300
115125.160,294400
115187.594,294500
115259.540,294600
115335.998,294700
115422.368,294800
115503.768,294900
115579.957,295000
115650.074,295100
115734.501,295200
115799.340,295300
115876.152,295400
115930.897,295500
115977.296,295600
116044.961,295700
116110.874,295800
116197.814,295900
116270.374,296000
116355.755,296100
116436.846,296200
116512.330,296300
116588.162,296400
116652.583,296500
116722.192,296600
116787.074,296700
116908.993,296800
116977.323,296900
117047.406,297000
117122.087,297100
117228.433,297200
117295.109,297300
117374.047,297400
117448.884,297500
117573.990,297600
117649.558,297700
117710.522,297800
117803.898,297900
117881.993,298000
117949.186,298100
118034.472,298200
118108.941,298300
118201.428,298400
118284.788,298500
118357.266,298600
118426.357,298700
118491.656,298800
118563.606,298900
118635.852,299000
118703.469,299100
118794.356,299200
118880.669,299300
118950.330,299400
119031.585,299500
119125.322,299600
119198.307,299700
119287.992,299800
119361.649,299900
120566.696,300000
120642.245,300100
120707.869,300200
120804.364,300300
120891.104,300400
120981.861,300500
121069.547,300600
121156.135,300700
121261.457,300800
121361.442,300900
121446.567,301000
121529.842,301100
121603.352,301200
121689.984,301300
121767.108,301400
121847.077,301500
121928.610,301600
122011.046,301700
122117.935,301800
122209.548,301900
122302.822,302000
122381.634,302100
122473.238,302200
122572.024,302300
122646.034,302400
122724.633,302500
122813.183,302600
122908.692,302700
123009.138,302800
123115.515,302900
123204.520,303000
123312.456,303100
123410.421,303200
123491.243,303300
123573.773,303400
123661.875,303500
123759.701,303600
123847.757,303700
123932.990,303800
124020.241,303900
124105.598,304000
124201.002,304100
124272.178,304200
124373.326,304300
124474.374,304400
124571.195,304500
124675.155,304600
124753.227,304700
124834.499,304800
124928.062,304900
125019.910,305000
125098.641,305100
125195.118,305200
125282.108,305300
125370.385,305400
125469.509,305500
125563.809,305600
125642.217,305700
125720.476,305800
125780.663,305900
125857.609,306000
125933.589,306100
126012.732,306200
126102.264,306300
126195.288,306400
126274.152,306500
126364.310,306600
126448.804,306700
126535.378,306800
126610.073,306900
126683.865,307000
126754.977,307100
126812.398,307200
126922.550,307300
127031.873,307400
127117.284,307500
127193.170,307600
127277.037,307700
127369.906,307800
127449.059,307900
127533.578,308000
127601.319,308100
127688.364,308200
127753.606,308300
127829.302,308400
127909.895,308500
128001.096,308600
128122.704,308700
128235.524,308800
128329.062,308900
128436.812,309000
128534.355,309100
128606.636,309200
128671.980,309300
128751.117,309400
128837.876,309500
128915.546,309600
129027.777,309700
129153.716,309800
129250.264,309900
130531.989,310000
130649.364,310100
130741.311,310200
130843.824,310300
130909.990,310400
130988.349,310500
131086.398,310600
131168.721,310700
131252.356,310800
131348.651,310900
131427.635,311000
131540.077,311100
131615.790,311200
131692.899,311300
131779.377,311400
131840.460,311500
131918.831,311600
131992.742,311700
132082.196,311800
132168.647,311900
132256.639,312000
132348.910,312100
132431.975,312200
132517.571,312300
132589.581,312400
132678.644,312500
132752.836,312600
132819.724,312700
132909.940,312800
132991.735,312900
133063.140,313000
133152.724,313100
133222.065,313200
133324.337,313300
133411.451,313400
133499.926,313500
133577.336,313600
133649.039,313700
133722.080,313800
133801.067,313900
133888.956,314000
133978.800,314100
134073.965,314200
134175.872,314300
134248.348,314400
134337.144,314500
134420.116,314600
134483.969,314700
134551.668,314800
134618.572,314900
134698.728,315000
134775.850,315100
134857.083,315200
134957.780,315300
135033.055,315400
135125.556,315500
135203.597,315600
135280.274,315700
135363.909,315800
135480.560,315900
135552.977,316000
135619.458,316100
135692.802,316200
135764.163,316300
135847.152,316400
135932.189,316500
136008.922,316600
136089.798,316700
136199.725,316800
136274.931,316900
136361.226,317000
136438.306,317100
136517.020,317200
136590.953,317300
136674.734,317400
136767.281,317500
136840.567,317600
136911.247,317700
136994.449,317800
137057.141,317900
137140.634,318000
137211.921,318100
137290.577,318200
137358.715,318300
137414.547,318400
137487.144,318500
137560.735,318600
137653.283,318700
137747.416,318800
137819.258,318900
137914.954,319000
137992.406,319100
138067.486,319200
138162.153,319300
138221.077,319400
138291.627,319500
138386.464,319600
138454.369,319700
138547.271,319800
138651.788,319900
140026.995,320000
140130.905,320100
140210.913,320200
140285.763,320300
140379.606,320400
140449.697,320500
140526.610,320600
140616.379,320700
140722.455,320800
140825.225,320900
140942.558,321000
141030.025,321100
141111.165,321200
141198.944,321300
141301.739,321400
141382.587,321500
141474.775,321600
141550.706,321700
141643.102,321800
141735.403,321900
141824.388,322000
141917.712,322100
142014.907,322200
142120.655,322300
142228.946,322400
142328.875,322500
142423.406,322600
142537.465,322700
142633.010,322800
142720.006,322900
142832.424,323000
142947.209,323100
143071.228,323200
143180.622,323300
143280.455,323400
143372.290,323500
143466.414,323600
143564.625,323700
143660.458,323800
143733.889,323900
143833.060,324000
143926.245,324100
144029.932,324200
144138.296,324300
144241.071,324400
144354.175,324500
144476.890,324600
144563.032,324700
144653.517,324800
144746.677,324900
144821.619,325000
144928.448,325100
145032.743,325200
145135.129,325300
145236.845,325400
145348.425,325500
145436.707,325600
145558.746,325700
145670.009,325800
145744.333,325900
145868.667,326000
145976.089,326100
146075.573,326200
146191.727,326300
146292.133,326400
146383.632,326500
146485.037,326600
146613.365,326700
146707.749,326800
146802.806,326900
146891.207,327000
146994.887,327100
147084.485,327200
147194.832,327300
147298.414,327400
147411.292,327500
147536.532,327600
147642.107,327700
147736.098,327800
147822.860,327900
147908.691,328000
147994.385,328100
148082.130,328200
148181.286,328300
148292.892,328400
148388.453,328500
148525.287,328600
148626.872,328700
148729.496,328800
148845.350,328900
148947.186,329000
149031.634,329100
149134.319,329200
149236.247,329300
149325.329,329400
149447.265,329500
149559.027,329600
149662.429,329700
149797.604,329800
149903.144,329900
151593.586,330000
151746.258,330100
151881.785,330200
152026.213,330300
152154.549,330400
152330.325,330500
152446.068,330600
152615.148,330700
152745.175,330800
152877.872,330900
153008.869,331000
153125.305,331100
153232.577,331200
153363.706,331300
153486.903,331400
153597.677,331500
153721.415,331600
153819.698,331700
153921.770,331800
154035.294,331900
154116.555,332000
154219.211,332100
154303.517,332200
154395.687,332300
154510.323,332400
154671.104,332500
154773.154,332600
154914.596,332700
155027.788,332800
155142.356,332900
155238.522,333000
155347.804,333100
155442.346,333200
155550.438,333300
155647.284,333400
155755.669,333500
155866.429,333600
155963.660,333700
156073.118,333800
156159.224,333900
156248.367,334000
156348.800,334100
156430.532,334200
156530.640,334300
156640.400,334400
156780.141,334500
156909.464,334600
157027.616,334700
157197.733,334800
157329.565,334900
157447.091,335000
157549.312,335100
157660.412,335200
157794.774,335300
157900.804,335400
158002.050,335500
158111.018,335600
158209.543,335700
158289.678,335800
158371.183,335900
158457.858,336000
158585.268,336100
158684.789,336200
158761.823,336300
158867.087,336400
158951.154,336500
159075.315,336600
159182.387,336700
159275.247,336800
159355.656,336900
159433.559,337000
159534.787,337100
159662.204,337200
159756.980,337300
159879.163,337400
159998.605,337500
160101.542,337600
160239.079,337700
160331.924,337800
160453.555,337900
160574.015,338000
160684.088,338100
160810.780,338200
160931.108,338300
161056.683,338400
161162.290,338500
161294.781,338600
161404.022,338700
161574.513,338800
161741.421,338900
161882.840,339000
162046.479,339100
162153.487,339200
162340.348,339300
162467.197,339400
162563.135,339500
162836.939,339600
162948.437,339700
163095.885,339800
163228.650,339900
165277.579,340000
165429.027,340100
165570.461,340200
165708.718,340300
165857.190,340400
166023.296,340500
166200.401,340600
166345.988,340700
166459.051,340800
166556.344,340900
166662.456,341000
166794.632,341100
166908.428,341200
167020.104,341300
167153.912,341400
167240.281,341500
167373.482,341600
167509.812,341700
167637.505,341800
167740.990,341900
167863.320,342000
167961.450,342100
168061.023,342200
168174.315,342300
168303.943,342400
168446.574,342500
168602.406,342600
168706.072,342700
168831.908,342800
168948.218,342900
169055.629,343000
169209.453,343100
169341.625,343200
169494.236,343300
169644.297,343400
169766.552,343500
169930.352,343600
170048.142,343700
170168.754,343800
170303.455,343900
170429.549,344000
170550.145,344100
170653.299,344200
170757.101,344300
170850.042,344400
171020.169,344500
171164.959,344600
171280.240,344700
171400.382,344800
171543.529,344900
171673.311,345000
171789.568,345100
171923.666,345200
172060.953,345300
172185.280,345400
172315.248,345500
172468.139,345600
172595.478,345700
172731.602,345800
172883.890,345900
173003.401,346000
173124.200,346100
173241.086,346200
173383.783,346300
173512.717,346400
173631.002,346500
173795.719,346600
173895.700,346700
174006.481,346800
174128.114,346900
174253.730,347000
174362.684,347100
174482.203,347200
174612.474,347300
174740.429,347400
174857.697,347500
174964.089,347600
175056.431,347700
175172.760,347800
175306.757,347900
175414.332,348000
175543.246,348100
175668.124,348200
175779.890,348300
175906.096,348400
176026.539,348500
176133.809,348600
176355.667,348700
176476.327,348800
176672.046,348900
176747.676,349000
176850.187,349100
176938.924,349200
177047.227,349300
177164.051,349400
177247.310,349500
177363.530,349600
177469.050,349700
177556.653,349800
177671.696,349900
180586.474,350000
180747.571,350100
180944.972,350200
181138.797,350300
181310.066,350400
181464.867,350500
181629.373,350600
181768.419,350700
181895.079,350800
182027.937,350900
182159.998,351000
182311.331,351100
182468.923,351200
182634.752,351300
182764.230,351400
182935.453,351500
183060.045,351600
183208.917,351700
183348.600,351800
183499.719,351900
183647.127,352000
183820.870,352100
183981.631,352200
184159.050,352300
184286.288,352400
184437.547,352500
184575.336,352600
184708.275,352700
184846.794,352800
185003.398,352900
185156.470,353000
185296.331,353100
185443.566,353200
185589.133,353300
185759.120,353400
185925.391,353500
186059.755,353600
186185.334,353700
186290.967,353800
186441.912,353900
186602.070,354000
186722.046,354100
186964.932,354200
187130.327,354300
187261.348,354400
187381.849,354500
187501.712,354600
187647.294,354700
187773.216,354800
187901.495,354900
188054.902,355000
188174.396,355100
188309.265,355200
188437.790,355300
188574.579,355400
188725.638,355500
188871.658,355600
189032.229,355700
189161.694,355800
189287.581,355900
189440.681,356000
189589.205,356100
189722.583,356200
189858.122,356300
189982.336,356400
190133.372,356500
190263.522,356600
190399.279,356700
190502.074,356800
190630.472,356900
190760.312,357000
190898.770,357100
191060.024,357200
191183.083,357300
191285.051,357400
191408.752,357500
191532.076,357600
191674.523,357700
191804.443,357800
191944.765,357900
192084.935,358000
192206.341,358100
192351.851,358200
192658.049,358300
192829.547,358400
192961.545,358500
193132.095,358600
193285.804,358700
193404.721,358800
193530.275,358900
193691.678,359000
193846.937,359100
193992.226,359200
194180.344,359300
194319.944,359400
194431.035,359500
194573.141,359600
194684.970,359700
194773.097,359800
194891.148,359900
197380.958,360000
197535.808,360100
197696.156,360200
197856.088,360300
198011.086,360400
198194.570,360500
198370.303,360600
198539.652,360700
198695.781,360800
198824.387,360900
199009.951,361000
199198.630,361100
199369.952,361200
199614.788,361300
199769.861,361400
199914.707,361500
200072.175,361600
200258.073,361700
200443.377,361800
200588.621,361900
200765.214,362000
200945.337,362100
201139.813,362200
201268.150,362300
201416.456,362400
201545.269,362500
201666.441,362600
201827.212,362700
202011.496,362800
202125.794,362900
202275.932,363000
202446.063,363100
202596.185,363200
202796.759,363300
202986.880,363400
203162.887,363500
203363.229,363600
203510.655,363700
203662.587,363800
203773.529,363900
203918.077,364000
204038.472,364100
204256.483,364200
204466.508,364300
204686.844,364400
204899.179,364500
205110.457,364600
205283.180,364700
205500.876,364800
205741.364,364900
205928.125,365000
206149.369,365100
206329.340,365200
206498.698,365300
206655.798,365400
206831.452,365500
207025.723,365600
207180.216,365700
207464.881,365800
207617.786,365900
207775.890,366000
207939.517,366100
208087.389,366200
208213.145,366300
208403.468,366400
208550.835,366500
208664.147,366600
208806.628,366700
208915.622,366800
209034.241,366900
209144.178,367000
209272.178,367100
209421.775,367200
209608.486,367300
209804.422,367400
209985.765,367500
210199.680,367600
210392.720,367700
210588.028,367800
210777.406,367900
210956.636,368000
211065.425,368100
211221.557,368200
211436.500,368300
211629.592,368400
211825.296,368500
212091.632,368600
212277.681,368700
212437.718,368800
212556.487,368900
212669.574,369000
212794.408,369100
212903.899,369200
213028.457,369300
213138.511,369400
213274.556,369500
213489.346,369600
213731.188,369700
213882.633,369800
214020.923,369900
217929.580,370000
218177.838,370100
218487.293,370200
218827.289,370300
219081.499,370400
219378.306,370500
219666.180,370600
219939.202,370700
220205.565,370800
220442.484,370900
220677.657,371000
220993.440,371100
221273.650,371200
221485.616,371300
221761.362,371400
222038.529,371500
222270.742,371600
222501.923,371700
222764.891,371800
222974.117,371900
223155.094,372000
223366.829,372100
223543.304,372200
223744.161,372300
223934.769,372400
224170.168,372500
224331.695,372600
224574.512,372700
224795.887,372800
224984.290,372900
225140.224,373000
225279.298,373100
225454.183,373200
225582.807,373300
225744.773,373400
225897.901,373500
226138.890,373600
226325.251,373700
226548.064,373800
226731.179,373900
226890.069,374000
227090.793,374100
227267.923,374200
227467.161,374300
227655.399,374400
227840.912,374500
228087.484,374600
228341.637,374700
228516.983,374800
228778.853,374900
229020.623,375000
229218.869,375100
229382.520,375200
229554.258,375300
229746.478,375400
229943.417,375500
230112.200,375600
230329.659,375700
230488.258,375800
230657.388,375900
230833.518,376000
230978.928,376100
231128.295,376200
231297.407,376300
231420.800,376400
231624.111,376500
231772.424,376600
231901.637,376700
232161.183,376800
232400.290,376900
232560.356,377000
232765.500,377100
232936.151,377200
233122.205,377300
233273.362,377400
233419.395,377500
233573.878,377600
233724.226,377700
233890.253,377800
234078.747,377900
234261.353,378000
234423.992,378100
234620.897,378200
234825.036,378300
235013.414,378400
235231.038,378500
235392.271,378600
235531.838,378700
235711.402,378800
235869.142,378900
236032.046,379000
236192.648,379100
236371.518,379200
236583.003,379300
236750.188,379400
236921.357,379500
237128.171,379600
237307.321,379700
237509.024,379800
237665.863,379900
240663.961,380000
241046.561,380100
241301.860,380200
241600.078,380300
241891.794,380400
242146.202,380500
242414.257,380600
242643.026,380700
242873.409,380800
243121.034,380900
243421.256,381000
243711.056,381100
243991.086,381200
244218.198,381300
244433.897,381400
244652.053,381500
244934.344,381600
245174.817,381700
245444.673,381800
245719.658,381900
246020.708,382000
246471.775,382100
246718.439,382200
246968.636,382300
247194.710,382400
247408.879,382500
247605.757,382600
247799.386,382700
247986.129,382800
248170.872,382900
248407.506,383000
248684.831,383100
248889.453,383200
249073.345,383300
249241.759,383400
249445.945,383500
249639.199,383600
249795.251,383700
249950.311,383800
250116.652,383900
250275.610,384000
250532.513,384100
250705.346,384200
250875.188,384300
251063.098,384400
251243.892,384500
251391.519,384600
251547.793,384700
251672.897,384800
251861.296,384900
252026.318,385000
252196.484,385100
252384.813,385200
252563.577,385300
252719.451,385400
252947.868,385500
253117.482,385600
253308.986,385700
253481.717,385800
253619.409,385900
253861.472,386000
254045.986,386100
254194.400,386200
254446.868,386300
254740.648,386400
254904.554,386500
255105.789,386600
255281.687,386700
255467.066,386800
255639.778,386900
255792.437,387000
255970.132,387100
256220.986,387200
256392.699,387300
256555.954,387400
256758.410,387500
256942.593,387600
257098.778,387700
257287.427,387800
257472.807,387900
257670.663,388000
257946.474,388100
258119.656,388200
258307.617,388300
258498.174,388400
258674.672,388500
258866.599,388600
259052.887,388700
259253.483,388800
259456.531,388900
259624.628,389000
259807.653,389100
260028.307,389200
260200.091,389300
260377.520,389400
260573.072,389500
260809.264,389600
261013.689,389700
261176.046,389800
261394.963,389900
264820.264,390000
265860.724,390100
266375.395,390200
266872.538,390300
267311.442,390400
267788.911,390500
268123.260,390600
268539.095,390700
268867.064,390800
269287.083,390900
269559.609,391000
269854.844,391100
270214.681,391200
270528.689,391300
270839.995,391400
271141.245,391500
271449.427,391600
271712.990,391700
272028.833,391800
272398.357,391900
272735.923,392000
273071.835,392100
273421.506,392200
273666.491,392300
273959.000,392400
274191.128,392500
274397.306,392600
274597.168,392700
274841.440,392800
275142.429,392900
275341.198,393000
275564.747,393100
275862.370,393200
276083.332,393300
276367.557,393400
276758.599,393500
277005.620,393600
277280.852,393700
277556.807,393800
277789.055,393900
278019.461,394000
278304.188,394100
278673.575,394200
278922.541,394300
279234.108,394400
279456.798,394500
279639.713,394600
279815.527,394700
279993.765,394800
280185.670,394900
280374.794,395000
280603.734,395100
280853.658,395200
281074.581,395300
281330.389,395400
281541.642,395500
281731.467,395600
281977.143,395700
282305.608,395800
282468.213,395900
282664.044,396000
282870.792,396100
283147.051,396200
283394.278,396300
283603.330,396400
283784.813,396500
283943.910,396600
284141.427,396700
284348.385,396800
284556.324,396900
284813.058,397000
285084.589,397100
285276.690,397200
285494.368,397300
285694.998,397400
285907.358,397500
286107.696,397600
286324.098,397700
286571.301,397800
286737.141,397900
286944.794,398000
287129.589,398100
287331.355,398200
287516.480,398300
287721.573,398400
287923.260,398500
288159.256,398600
288361.120,398700
288596.557,398800
288821.641,398900
288994.942,399000
289180.524,399100
289410.957,399200
289625.217,399300
289847.540,399400
290118.224,399500
290347.899,399600
290641.111,399700
290876.513,399800
291105.322,399900
295099.329,400000
295554.585,400100
296060.835,400200
296364.824,400300
296653.571,400400
296991.027,400500
297345.914,400600
297675.741,400700
298007.003,400800
298307.638,400900
298651.806,401000
298932.511,401100
299278.077,401200
299664.867,401300
300062.747,401400
300388.052,401500
300589.639,401600
300839.234,401700
301048.480,401800
301318.950,401900
301504.902,402000
301731.054,402100
301907.450,402200
302101.122,402300
302301.330,402400
302517.406,402500
302785.455,402600
303030.360,402700
303226.749,402800
303441.650,402900
303700.744,403000
303907.352,403100
304097.043,403200
304352.960,403300
304548.188,403400
304714.500,403500
304921.974,403600
305169.927,403700
305369.546,403800
305570.664,403900
305769.196,404000
305959.000,404100
306127.582,404200
306312.586,404300
306482.485,404400
306667.794,404500
306884.553,404600
307100.406,404700
307317.054,404800
307545.145,404900
307763.075,405000
308011.628,405100
308265.743,405200
308637.184,405300
308909.373,405400
309150.255,405500
309360.638,405600
309530.631,405700
309732.834,405800
309933.758,405900
310114.056,406000
310350.256,406100
310642.915,406200
310828.231,406300
311036.041,406400
311210.101,406500
311387.225,406600
311603.095,406700
311802.188,406800
312029.681,406900
312248.699,407000
312428.559,407100
312634.681,407200
312860.010,407300
313039.992,407400
313268.094,407500
313473.425,407600
313630.884,407700
313825.291,407800
314055.303,407900
314230.413,408000
314458.782,408100
314663.528,408200
314854.667,408300
315065.237,408400
315289.875,408500
315466.371,408600
315646.802,408700
315860.660,408800
316131.046,408900
316344.893,409000
316582.514,409100
316840.274,409200
317086.447,409300
317342.277,409400
317687.738,409500
317904.292,409600
318090.383,409700
318293.430,409800
318505.600,409900
322438.990,410000
323365.116,410100
324065.328,410200
324572.043,410300
325013.884,410400
325328.253,410500
325739.023,410600
326091.868,410700
326423.937,410800
326768.143,410900
327031.109,411000
327365.735,411100
327732.024,411200
328077.779,411300
328394.185,411400
328795.145,411500
329058.261,411600
329364.090,411700
329687.606,411800
329964.761,411900
330245.300,412000
330609.079,412100
330933.982,412200
331213.945,412300
331549.845,412400
331932.098,412500
332262.118,412600
332565.117,412700
332878.508,412800
333121.677,412900
333420.608,413000
333629.737,413100
333966.506,413200
334306.097,413300
334602.519,413400
334909.721,413500
335188.057,413600
335497.936,413700
335747.963,413800
335962.107,413900
336211.486,414000
336476.690,414100
336714.601,414200
337006.161,414300
337273.955,414400
337508.039,414500
337754.797,414600
338062.448,414700
338323.562,414800
338499.459,414900
338745.851,415000
338961.523,415100
339240.559,415200
339476.288,415300
339718.723,415400
339918.913,415500
340275.949,415600
340610.445,415700
340834.345,415800
341047.468,415900
341326.610,416000
341584.081,416100
341931.800,416200
342184.922,416300
342432.790,416400
342694.880,416500
342969.017,416600
343238.664,416700
343489.925,416800
343750.144,416900
343995.301,417000
344212.450,417100
344408.349,417200
344690.113,417300
344959.665,417400
345191.365,417500
345438.333,417600
345707.051,417700
345968.760,417800
346183.405,417900
346425.762,418000
346648.935,418100
346835.519,418200
347074.869,418300
347319.373,418400
347554.886,418500
347759.306,418600
348002.095,418700
348182.492,418800
348396.081,418900
348595.928,419000
348770.914,419100
348986.258,419200
349264.219,419300
349526.492,419400
349727.263,419500
349923.990,419600
350140.617,419700
350482.773,419800
350697.538,419900
354765.616,420000
355333.402,420100
355962.903,420200
356510.657,420300
356921.995,420400
357381.238,420500
357897.352,420600
358274.332,420700
358606.718,420800
358919.034,420900
359202.977,421000
359475.995,421100
359861.417,421200
360159.607,421300
360447.369,421400
360752.445,421500
361087.465,421600
361416.818,421700
361681.025,421800
361969.951,421900
362213.492,422000
362501.864,422100
362739.786,422200
363008.226,422300
363319.194,422400
363590.738,422500
363849.766,422600
364117.544,422700
364410.995,422800
364670.811,422900
364957.575,423000
365190.228,423100
365445.501,423200
365682.426,423300
365988.300,423400
366248.691,423500
366510.214,423600
366733.230,423700
366960.172,423800
367186.441,423900
367399.627,424000
367598.002,424100
367836.737,424200
368070.634,424300
368295.655,424400
368590.611,424500
368879.080,424600
369187.965,424700
369414.566,424800
369697.666,424900
369911.689,425000
370123.325,425100
370308.260,425200
370541.363,425300
370759.791,425400
371021.895,425500
371351.336,425600
371594.790,425700
371817.325,425800
372109.446,425900
372322.124,426000
372697.098,426100
372877.784,426200
373095.309,426300
373374.944,426400
373601.534,426500
373847.377,426600
374106.631,426700
374309.904,426800
374570.858,426900
374797.945,427000
375006.473,427100
375189.923,427200
375375.720,427300
375599.482,427400
375813.860,427500
376032.063,427600
376258.434,427700
376503.882,427800
376722.082,427900
376934.129,428000
377139.313,428100
377350.905,428200
377544.342,428300
377767.891,428400
378047.145,428500
378298.716,428600
378541.485,428700
378754.510,428800
379020.998,428900
379240.604,429000
379452.076,429100
379660.903,429200
379864.973,429300
380184.950,429400
380386.663,429500
380606.625,429600
380950.893,429700
381181.026,429800
381557.118,429900
385687.563,430000
386548.476,430100
387189.590,430200
387867.335,430300
388390.710,430400
388956.088,430500
389511.054,430600
389967.243,430700
390578.733,430800
391065.264,430900
391521.227,431000
391923.833,431100
392422.289,431200
392945.934,431300
393189.797,431400
393561.980,431500
393981.472,431600
394477.749,431700
395080.595,431800
395472.180,431900
395934.030,432000
396363.160,432100
396816.331,432200
397193.230,432300
397537.827,432400
397885.929,432500
398300.618,432600
398691.731,432700
399083.066,432800
399600.197,432900
399935.907,433000
400298.499,433100
400700.626,433200
401045.987,433300
401396.867,433400
401695.909,433500
401945.512,433600
402270.175,433700
402543.917,433800
402845.265,433900
403129.122,434000
403411.433,434100
403694.144,434200
403971.767,434300
404279.109,434400
404550.806,434500
404940.269,434600
405240.645,434700
405598.214,434800
405891.235,434900
406199.324,435000
406488.532,435100
406805.175,435200
407098.490,435300
407575.354,435400
407945.381,435500
408219.895,435600
408516.660,435700
408866.810,435800
409167.055,435900
409562.376,436000
409894.972,436100
410183.984,436200
410461.272,436300
410706.840,436400
411039.571,436500
411254.288,436600
411475.337,436700
411748.302,436800
412025.307,436900
412518.085,437000
412865.081,437100
413113.858,437200
413411.813,437300
413680.345,437400
413962.197,437500
414183.942,437600
414441.458,437700
414686.608,437800
414949.226,437900
415221.568,438000
415518.524,438100
415805.965,438200
416091.019,438300
416371.874,438400
416680.269,438500
416979.086,438600
417250.103,438700
417723.443,438800
418036.256,438900
418388.946,439000
418729.324,439100
419140.171,439200
419466.638,439300
419747.172,439400
420125.507,439500
420473.362,439600
420763.073,439700
421087.880,439800
421429.056,439900
426476.600,440000
428200.769,440100
429325.719,440200
430165.669,440300
430965.542,440400
431787.382,440500
432435.919,440600
433244.219,440700
434075.128,440800
434741.979,440900
435342.550,441000
436088.854,441100
436764.062,441200
437346.713,441300
437795.976,441400
438319.066,441500
438866.305,441600
439326.845,441700
439706.221,441800
440118.356,441900
440497.727,442000
440822.633,442100
441175.645,442200
441695.901,442300
442044.378,442400
442550.735,442500
442914.215,442600
443319.044,442700
443694.580,442800
444003.150,442900
444330.815,443000
444588.828,443100
444933.138,443200
445267.172,443300
445596.375,443400
446028.866,443500
446421.281,443600
446805.566,443700
447207.131,443800
447492.164,443900
447845.777,444000
448244.378,444100
448537.921,444200
449001.716,444300
449313.926,444400
449741.963,444500
450124.416,444600
450635.972,444700
451075.450,444800
451388.969,444900
451682.161,445000
452022.471,445100
452314.759,445200
452645.272,445300
453023.972,445400
453355.108,445500
453680.203,445600
453996.427,445700
454311.281,445800
454679.214,445900
455004.366,446000
455287.071,446100
455566.765,446200
455923.595,446300
456230.118,446400
456573.849,446500
456925.120,446600
457267.237,446700
457614.995,446800
457933.388,446900
458272.187,447000
458608.656,447100
458895.055,447200
459251.784,447300
459582.545,447400
460064.654,447500
460495.331,447600
460798.477,447700
461089.464,447800
461350.123,447900
461712.002,448000
462152.517,448100
462394.021,448200
462672.683,448300
462907.383,448400
463166.698,448500
463426.920,448600
463846.846,448700
464102.429,448800
464367.368,448900
464594.106,449000
464856.221,449100
465378.911,449200
465585.516,449300
465804.960,449400
466012.982,449500
466241.526,449600
467520.874,449700
467831.811,449800
468210.720,449900
473387.991,450000
474959.852,450100
476010.901,450200
476744.563,450300
477730.477,450400
478601.265,450500
479184.384,450600
479804.473,450700
480401.923,450800
480922.310,450900
481421.703,451000
481895.341,451100
482345.132,451200
482989.973,451300
483559.412,451400
484093.119,451500
484634.436,451600
485187.575,451700
485711.115,451800
486167.808,451900
486625.412,452000
487125.564,452100
487582.859,452200
488051.754,452300
488667.181,452400
489052.008,452500
489416.609,452600
489725.575,452700
490097.310,452800
490430.120,452900
490787.845,453000
491366.033,453100
491698.754,453200
492046.459,453300
492379.508,453400
492727.830,453500
493072.870,453600
493468.563,453700
493806.953,453800
494243.352,453900
494553.853,454000
494915.314,454100
495402.743,454200
495761.819,454300
496157.136,454400
496647.689,454500
496984.151,454600
497373.708,454700
497819.232,454800
498145.130,454900
498439.527,455000
498768.904,455100
499086.418,455200
499440.846,455300
500042.547,455400
500392.704,455500
500785.715,455600
501179.704,455700
501519.052,455800
501849.550,455900
502180.153,456000
502502.682,456100
502805.619,456200
503210.728,456300
503569.115,456400
503958.058,456500
504281.528,456600
504647.257,456700
504997.703,456800
505340.729,456900
505756.760,457000
506075.043,457100
506431.413,457200
506843.776,457300
507170.236,457400
507611.408,457500
508089.939,457600
508593.186,457700
508963.345,457800
509322.083,457900
509617.517,458000
509981.294,458100
510360.220,458200
510676.664,458300
511020.594,458400
511452.636,458500
511751.845,458600
512396.013,458700
512743.323,458800
513062.159,458900
513366.440,459000
513802.755,459100
514127.623,459200
514448.226,459300
514747.051,459400
516274.600,459500
516605.338,459600
516964.618,459700
517323.610,459800
517661.710,459900
524545.312,460000
525825.304,460100
526652.546,460200
527275.746,460300
528063.622,460400
528759.947,460500
529490.329,460600
530129.148,460700
530721.702,460800
531328.601,460900
531910.810,461000
532484.255,461100
533132.136,461200
533687.002,461300
534223.094,461400
534868.435,461500
535399.552,461600
535940.878,461700
536408.677,461800
536883.173,461900
537366.463,462000
537886.876,462100
538294.113,462200
538753.919,462300
539228.472,462400
539730.528,462500
540223.014,462600
540638.146,462700
541050.739,462800
541591.563,462900
541986.013,463000
542435.796,463100
542845.953,463200
543232.016,463300
543658.027,463400
544051.778,463500
544468.514,463600
544953.405,463700
545286.933,463800
545806.034,463900
546359.656,464000
546806.792,464100
547229.977,464200
547649.949,464300
548075.728,464400
548932.056,464500
549351.615,464600
549807.825,464700
550247.131,464800
550694.137,464900
551117.201,465000
551549.447,465100
551945.485,465200
552461.692,465300
552827.828,465400
553197.028,465500
553790.380,465600
554267.736,465700
554672.433,465800
555021.863,465900
555444.700,466000
555850.270,466100
556181.575,466200
556519.176,466300
556896.813,466400
557379.111,466500
557750.827,466600
558275.662,466700
558664.686,466800
559047.010,466900
559382.399,467000
559756.511,467100
560134.252,467200
560486.487,467300
560940.323,467400
561505.579,467500
562308.316,467600
562738.852,467700
563203.564,467800
563785.238,467900
564180.740,468000
564698.817,468100
565155.998,468200
565549.882,468300
565940.083,468400
566783.845,468500
567239.305,468600
568699.188,468700
569125.245,468800
569479.534,468900
569897.209,469000
570259.628,469100
570699.021,469200
571101.092,469300
571502.457,469400
571846.336,469500
572182.196,469600
572505.059,469700
572951.166,469800
573551.072,469900
579955.626,470000
581981.345,470100
583235.860,470200
584485.281,470300
585889.896,470400
587129.962,470500
588014.755,470600
588882.770,470700
589687.634,470800
590591.218,470900
591165.446,471000
591725.637,471100
592206.686,471200
592625.912,471300
593058.773,471400
593609.842,471500
594077.375,471600
594558.261,471700
595137.721,471800
595864.368,471900
596414.341,472000
596949.818,472100
597460.486,472200
597916.324,472300
598329.197,472400
598770.649,472500
599171.077,472600
599688.748,472700
600274.072,472800
600824.136,472900
601226.237,473000
601639.973,473100
602064.214,473200
602463.056,473300
602854.507,473400
603281.547,473500
603715.764,473600
604218.299,473700
604601.377,473800
604979.200,473900
605353.374,474000
605676.367,474100
606031.646,474200
606369.448,474300
606697.598,474400
607009.162,474500
607576.687,474600
607944.379,474700
608271.354,474800
608670.487,474900
609071.190,475000
609479.988,475100
610022.033,475200
610349.448,475300
610783.415,475400
611085.418,475500
611438.853,475600
611774.846,475700
612091.889,475800
612469.592,475900
612874.160,476000
613176.581,476100
613507.998,476200
613850.212,476300
614171.664,476400
614481.830,476500
614804.020,476600
615073.620,476700
615392.231,476800
615700.173,476900
616038.811,477000
616351.629,477100
616594.496,477200
617101.011,477300
617435.624,477400
617761.628,477500
618106.430,477600
618441.541,477700
618860.209,477800
619183.228,477900
619488.167,478000
619788.836,478100
620148.285,478200
620534.362,478300
620936.779,478400
621325.291,478500
621591.514,478600
621873.697,478700
622213.665,478800
622530.467,478900
622967.514,479000
623385.275,479100
623694.461,479200
624215.326,479300
624560.136,479400
624896.384,479500
625249.595,479600
625566.498,479700
627188.068,479800
627567.455,479900
632986.554,480000
634102.712,480100
634883.058,480200
635732.686,480300
636333.162,480400
636983.083,480500
637547.550,480600
638008.850,480700
638388.916,480800
638880.822,480900
639347.151,481000
639783.173,481100
640211.183,481200
640696.741,481300
641154.673,481400
641583.320,481500
641991.352,481600
642380.963,481700
642841.061,481800
643244.742,481900
643679.343,482000
644206.982,482100
644733.010,482200
645172.154,482300
645531.082,482400
645966.919,482500
646335.336,482600
646739.650,482700
647270.735,482800
647651.794,482900
648039.464,483000
648570.183,483100
648930.403,483200
649244.136,483300
649540.602,483400
649878.124,483500
650233.817,483600
650537.361,483700
650858.577,483800
651226.429,483900
651532.127,484000
651912.432,484100
652282.197,484200
652563.277,484300
652848.672,484400
653100.481,484500
653642.796,484600
653924.517,484700
654217.343,484800
654594.274,484900
654878.595,485000
655202.547,485100
655471.740,485200
655820.298,485300
656096.966,485400
656467.274,485500
656783.235,485600
657060.947,485700
657433.769,485800
657804.664,485900
658144.525,486000
658525.004,486100
658909.133,486200
659195.674,486300
659483.495,486400
659785.577,486500
660061.002,486600
660321.079,486700
660590.984,486800
660930.111,486900
661304.137,487000
661832.919,487100
662158.454,487200
662515.771,487300
662827.384,487400
663121.975,487500
663376.427,487600
663669.269,487700
664075.481,487800
664482.721,487900
664846.416,488000
665257.664,488100
665787.405,488200
666073.578,488300
666505.795,488400
666865.197,488500
667252.108,488600
667532.012,488700
667793.068,488800
668175.745,488900
668505.113,489000
668809.887,489100
669179.319,489200
669520.970,489300
669886.184,489400
670191.360,489500
671461.639,489600
671843.484,489700
672241.160,489800
672652.352,489900
678433.967,490000
679840.122,490100
680895.335,490200
682030.042,490300
682941.465,490400
683765.711,490500
684643.478,490600
685486.873,490700
686867.367,490800
687552.962,490900
688204.002,491000
689618.735,491100
690249.345,491200
690777.920,491300
691365.181,491400
691864.585,491500
692332.455,491600
692825.672,491700
693306.561,491800
693638.318,491900
694128.088,492000
694639.823,492100
695107.059,492200
695696.166,492300
696190.951,492400
696615.237,492500
697130.192,492600
697596.598,492700
698123.472,492800
698588.260,492900
699100.313,493000
699651.834,493100
700112.068,493200
700601.413,493300
701050.470,493400
701585.547,493500
702188.668,493600
702759.904,493700
703193.541,493800
703649.380,493900
704107.244,494000
704634.186,494100
705178.813,494200
705991.202,494300
706500.906,494400
706970.818,494500
707449.469,494600
707901.763,494700
708399.095,494800
708811.389,494900
709376.404,495000
709846.624,495100
710307.891,495200
710704.222,495300
711081.738,495400
711484.039,495500
711905.520,495600
712315.894,495700
712752.177,495800
713284.482,495900
713676.729,496000
714120.913,496100
714532.458,496200
715015.987,496300
715423.951,496400
715892.998,496500
716321.166,496600
716838.403,496700
717294.817,496800
717741.315,496900
718185.873,497000
718737.475,497100
719286.755,497200
719704.918,497300
720088.252,497400
720528.902,497500
721003.589,497600
721471.481,497700
721925.940,497800
722418.865,497900
722843.200,498000
723489.679,498100
725224.151,498200
725857.052,498300
726442.728,498400
727281.502,498500
727774.567,498600
728223.471,498700
728687.476,498800
729098.535,498900
729567.849,499000
730000.091,499100
730418.868,499200
730905.786,499300
731347.118,499400
731773.457,499500
732195.929,499600
732766.729,499700
733380.712,499800
733826.100,499900
741100.271,500000
743365.845,500100
744993.641,500200
746576.545,500300
747619.309,500400
748596.218,500500
749586.436,500600
750555.056,500700
751451.962,500800
752618.268,500900
753359.813,501000
754054.682,501100
754809.587,501200
755555.619,501300
756233.669,501400
756895.029,501500
757504.520,501600
758101.613,501700
758768.254,501800
759912.283,501900
760775.052,502000
761556.904,502100
761989.372,502200
762563.218,502300
763074.728,502400
763640.301,502500
764182.702,502600
764743.741,502700
765351.713,502800
765909.023,502900
766443.622,503000
766934.939,503100
767376.559,503200
767820.989,503300
768363.070,503400
768825.855,503500
769448.611,503600
769890.054,503700
770334.102,503800
770776.853,503900
771329.889,504000
771760.966,504100
772195.726,504200
772617.821,504300
773129.514,504400
773726.276,504500
774205.765,504600
774635.328,504700
775078.876,504800
775484.235,504900
775902.912,505000
776330.685,505100
776942.128,505200
777669.379,505300
778167.366,505400
778734.436,505500
779444.667,505600
780335.328,505700
780718.436,505800
781195.017,505900
781679.313,506000
782278.541,506100
782789.086,506200
783233.411,506300
783689.148,506400
784070.761,506500
784769.780,506600
785265.025,506700
785722.999,506800
786193.619,506900
786582.846,507000
786925.631,507100
787300.037,507200
787644.311,507300
788002.712,507400
788335.721,507500
788614.880,507600
789062.124,507700
789439.000,507800
789806.206,507900
790335.091,508000
790917.591,508100
792835.170,508200
793644.512,508300
794382.914,508400
795091.594,508500
796148.761,508600
796851.887,508700
797538.909,508800
798071.766,508900
798853.606,509000
799444.361,509100
800042.650,509200
800644.563,509300
801276.721,509400
801935.382,509500
802655.678,509600
803213.305,509700
803718.652,509800
804489.342,509900
811800.822,510000
815686.025,510100
818055.645,510200
819789.484,510300
820901.151,510400
821660.080,510500
822436.392,510600
822957.163,510700
823947.352,510800
824499.482,510900
825238.155,511000
826104.975,511100
826843.644,511200
827650.118,511300
828695.673,511400
829229.631,511500
829675.587,511600
830316.048,511700
831261.346,511800
832210.586,511900
832932.461,512000
833625.422,512100
834189.821,512200
834882.126,512300
835394.402,512400
836053.981,512500
836602.852,512600
837219.691,512700
837804.295,512800
838124.041,512900
838487.636,513000
838903.965,513100
839392.738,513200
839757.816,513300
840487.515,513400
840922.534,513500
841267.673,513600
841612.755,513700
841886.975,513800
842243.534,513900
842496.971,514000
842710.888,514100
843012.576,514200
843366.250,514300
843684.167,514400
844046.897,514500
844481.646,514600
844740.910,514700
845100.089,514800
845369.586,514900
845599.951,515000
845826.492,515100
846162.393,515200
846462.101,515300
846715.920,515400
846978.019,515500
847385.222,515600
847689.468,515700
848004.367,515800
848273.291,515900
848516.332,516000
848795.506,516100
849021.813,516200
849259.986,516300
849498.323,516400
849949.027,516500
850268.448,516600
850534.191,516700
850829.902,516800
851162.688,516900
851528.523,517000
851745.903,517100
851944.516,517200
852191.788,517300
852403.548,517400
852653.753,517500
852918.460,517600
853190.216,517700
853530.256,517800
853825.637,517900
854067.234,518000
854370.674,518100
854668.141,518200
854906.489,518300
855174.022,518400
855532.042,518500
855842.395,518600
856382.782,518700
856620.497,518800
856878.008,518900
857140.909,519000
857434.656,519100
858005.157,519200
858310.269,519300
858514.305,519400
858778.709,519500
859071.712,519600
859364.238,519700
859724.066,519800
860108.831,519900
864333.903,520000
866084.801,520100
868347.202,520200
869981.651,520300
870421.422,520400
870956.756,520500
871412.761,520600
871796.949,520700
872254.465,520800
872663.899,520900
873099.021,521000
873722.041,521100
874241.176,521200
874692.457,521300
875122.983,521400
875565.819,521500
875912.439,521600
876377.922,521700
876922.864,521800
877237.126,521900
877570.677,522000
877901.364,522100
878287.853,522200
878725.359,522300
879003.860,522400
879238.154,522500
879558.697,522600
879961.799,522700
880263.164,522800
880587.863,522900
880901.994,523000
881207.019,523100
881819.238,523200
882256.555,523300
882510.610,523400
882877.778,523500
883204.637,523600
883555.017,523700
883855.442,523800
884245.053,523900
884556.492,524000
884866.385,524100
885227.926,524200
885451.989,524300
885760.157,524400
886039.683,524500
886223.356,524600
886478.334,524700
886779.258,524800
887129.476,524900
887486.839,525000
887789.197,525100
888114.176,525200
888387.072,525300
888666.926,525400
889123.999,525500
889347.815,525600
889691.792,525700
890647.118,525800
892581.498,525900
893555.633,526000
894253.271,526100
894969.126,526200
895627.385,526300
896282.392,526400
897067.772,526500
897506.823,526600
897795.421,526700
898077.103,526800
898484.308,526900
898845.042,527000
899359.746,527100
900101.906,527200
900473.499,527300
900826.974,527400
901547.198,527500
902111.204,527600
902376.938,527700
902628.319,527800
902857.620,527900
903114.922,528000
903378.863,528100
903692.929,528200
904120.900,528300
904484.854,528400
904775.108,528500
905082.834,528600
905328.426,528700
905644.498,528800
905902.134,528900
906115.369,529000
906434.395,529100
906941.021,529200
907644.521,529300
908205.229,529400
908951.357,529500
909314.761,529600
909605.240,529700
909958.508,529800
910433.801,529900
914852.855,530000
917307.511,530100
919712.006,530200
921930.256,530300
923350.385,530400
924453.683,530500
925148.225,530600
925748.167,530700
926678.036,530800
927159.243,530900
927633.281,531000
928193.478,531100
928877.086,531200
929758.345,531300
930219.426,531400
930967.382,531500
932270.796,531600
933130.793,531700
933904.868,531800
934752.166,531900
935950.728,532000
936399.051,532100
937017.001,532200
937626.922,532300
938236.924,532400
938798.915,532500
939341.077,532600
939736.284,532700
940182.137,532800
940557.283,532900
940945.562,533000
941189.365,533100
941483.340,533200
941812.685,533300
942354.784,533400
942805.998,533500
943370.114,533600
944064.506,533700
944431.165,533800
944865.252,533900
945290.720,534000
945612.997,534100
945956.713,534200
946361.847,534300
946770.358,534400
947124.267,534500
947585.671,534600
947963.896,534700
948344.115,534800
948707.787,534900
949029.697,535000
949444.718,535100
949729.793,535200
949993.953,535300
950555.925,535400
951069.277,535500
951497.829,535600
951865.582,535700
952215.596,535800
952546.382,535900
952916.472,536000
953391.934,536100
953738.366,536200
954003.368,536300
954273.645,536400
954631.781,536500
954960.575,536600
955438.930,536700
955843.908,536800
956133.258,536900
956421.810,537000
956773.736,537100
957155.995,537200
957446.684,537300
957704.880,537400
958290.057,537500
958555.503,537600
958900.778,537700
959174.177,537800
959520.732,537900
959838.879,538000
960075.946,538100
960387.647,538200
960713.224,538300
960987.340,538400
961239.303,538500
961496.312,538600
961768.921,538700
962086.073,538800
962692.657,538900
963121.324,539000
963484.965,539100
963749.191,539200
964106.812,539300
964494.570,539400
964800.803,539500
965108.560,539600
965459.745,539700
965732.883,539800
966122.683,539900
970108.858,540000
971208.295,540100
972010.166,540200
972785.296,540300
973887.288,540400
974672.493,540500
975123.344,540600
975551.626,540700
975934.630,540800
976554.454,540900
977252.046,541000
977711.260,541100
978116.036,541200
978629.784,541300
979120.101,541400
979596.929,541500
980079.327,541600
980468.070,541700
980919.966,541800
981396.749,541900
981849.879,542000
982229.606,542100
982623.489,542200
983022.771,542300
983495.737,542400
983938.213,542500
984277.792,542600
984664.764,542700
984995.968,542800
985492.306,542900
985834.259,543000
986251.522,543100
986616.097,543200
986996.669,543300
987336.930,543400
987784.557,543500
988121.374,543600
988432.891,543700
988779.976,543800
989147.221,543900
989545.886,544000
989994.123,544100
990391.618,544200
990848.102,544300
991223.676,544400
991646.846,544500
992163.672,544600
992561.129,544700
992877.698,544800
993272.444,544900
993929.361,545000
994445.029,545100
995013.843,545200
995537.749,545300
995964.920,545400
996486.480,545500
996851.596,545600
997242.101,545700
997736.875,545800
998209.002,545900
998701.426,546000
999237.675,546100
999714.219,546200
1000149.971,546300
1000711.843,546400
1001184.917,546500
1001604.119,546600
1001947.539,546700
1002347.965,546800
1002737.275,546900
1003157.833,547000
1003635.142,547100
1004052.023,547200
1004529.060,547300
1004925.907,547400
1005311.827,547500
1006108.930,547600
1006649.660,547700
1007038.975,547800
1007543.813,547900
1008026.060,548000
1008399.184,548100
1008826.203,548200
1009177.559,548300
1009854.712,548400
1010348.634,548500
1010746.395,548600
1011115.560,548700
1011607.540,548800
1012182.129,548900
1012605.547,549000
1013175.400,549100
1013657.832,549200
1014094.091,549300
1014631.176,549400
1015099.237,549500
1015509.907,549600
1015916.670,549700
1016298.172,549800
1016961.079,549900
1022151.030,550000
1024542.161,550100
1026871.249,550200
1028501.481,550300
1029754.652,550400
1031145.224,550500
1032052.245,550600
1033179.999,550700
1034607.444,550800
1036240.055,550900
1037402.894,551000
1038461.205,551100
1039240.399,551200
1040420.825,551300
1041443.973,551400
1042429.128,551500
1043446.567,551600
1044294.745,551700
1045210.471,551800
1046121.170,551900
1046854.405,552000
1047548.629,552100
1048259.446,552200
1049158.007,552300
1049751.456,552400
1050350.442,552500
1050991.625,552600
1051618.442,552700
1052323.787,552800
1053048.057,552900
1053700.531,553000
1054450.265,553100
1055148.243,553200
1055874.002,553300
1056441.925,553400
1057015.187,553500
1057711.481,553600
1058302.351,553700
1058800.551,553800
1059337.641,553900
1059836.202,554000
1060492.054,554100
1061150.200,554200
1061900.873,554300
1062480.199,554400
1063128.311,554500
1063658.240,554600
1064212.200,554700
1064808.688,554800
1065689.141,554900
1066258.687,555000
1066671.047,555100
1067194.645,555200
1067631.497,555300
1068149.586,555400
1068615.281,555500
1069027.157,555600
1069497.851,555700
1069947.049,555800
1070356.295,555900
1070866.208,556000
1071279.198,556100
1071618.701,556200
1071986.887,556300
1072417.810,556400
1072826.535,556500
1073261.376,556600
1073706.034,556700
1074218.908,556800
1074733.045,556900
1075360.328,557000
1075949.532,557100
1076340.845,557200
1077084.651,557300
1077462.122,557400
1077871.447,557500
1078470.280,557600
1078874.759,557700
1079288.750,557800
1079701.058,557900
1080343.540,558000
1080787.369,558100
1081149.505,558200
1081519.876,558300
1081914.119,558400
1082514.741,558500
1082956.600,558600
1083883.271,558700
1084402.517,558800
1084863.567,558900
1085451.771,559000
1091530.055,559100
1092567.119,559200
1093342.672,559300
1094233.232,559400
1095186.208,559500
1095933.033,559600
1096803.701,559700
1097531.540,559800
1098325.336,559900
1099142.035,560000
1100029.036,560100
1100570.295,560200
1101152.239,560300
1101725.723,560400
1102330.991,560500
1103003.765,560600
1103590.200,560700
1104217.760,560800
1104770.068,560900
1105391.388,561000
1105852.282,561100
1106270.378,561200
1106859.925,561300
1107302.886,561400
1107767.655,561500
1108333.218,561600
1108886.991,561700
1109348.950,561800
1109900.687,561900
1110344.991,562000
1110832.369,562100
1111434.926,562200
1111879.460,562300
1112367.607,562400
1112849.071,562500
1113488.141,562600
1114024.292,562700
1114545.081,562800
1115176.041,562900
1115741.878,563000
1116380.566,563100
1116862.387,563200
1117409.995,563300
1117736.354,563400
1118173.472,563500
1118611.696,563600
1119314.405,563700
1119900.636,563800
1120474.571,563900
1121040.203,564000
1121587.409,564100
1122029.167,564200
1122480.839,564300
1122966.997,564400
1123419.267,564500
1123898.392,564600
1124438.708,564700
1124984.333,564800
1125526.536,564900
1125981.514,565000
1126456.336,565100
1126801.342,565200
1127340.185,565300
1127804.698,565400
1128214.879,565500
1128912.462,565600
1129569.855,565700
1130436.636,565800
1130933.096,565900
1131458.188,566000
1131932.133,566100
1132417.500,566200
1132920.155,566300
1133358.155,566400
1133873.203,566500
1134437.466,566600
1135081.410,566700
1136061.182,566800
1136603.421,566900
1137138.172,567000
1137550.083,567100
1137901.888,567200
1138326.335,567300
1138714.400,567400
1139055.146,567500
1139546.843,567600
1140042.254,567700
1140367.231,567800
1140827.362,567900
1141322.968,568000
1142294.593,568100
1143068.081,568200
1143511.826,568300
1144089.403,568400
1144563.942,568500
1145081.670,568600
1145645.075,568700
1146457.128,568800
1146943.481,568900
1147505.730,569000
1156678.290,569100
1158294.061,569200
1159868.925,569300
1161475.466,569400
1162825.559,569500
1163895.116,569600
1164874.022,569700
1165740.770,569800
1166692.917,569900
1167609.231,570000
1168660.516,570100
1169434.607,570200
1170333.290,570300
1171180.808,570400
1171897.918,570500
1172690.364,570600
1173421.209,570700
1174210.686,570800
1174887.525,570900
1175592.583,571000
1176267.948,571100
1176939.291,571200
1177530.812,571300
1178189.654,571400
1178717.993,571500
1179213.558,571600
1179807.752,571700
1180459.390,571800
1181001.481,571900
1181574.546,572000
1182286.041,572100
1182993.548,572200
1183734.744,572300
1184350.780,572400
1184856.149,572500
1185301.624,572600
1185881.708,572700
1186398.298,572800
1186970.998,572900
1187753.557,573000
1188494.510,573100
1189006.217,573200
1189539.797,573300
1190112.363,573400
1190781.170,573500
1191335.421,573600
1191785.236,573700
1192464.269,573800
1193011.599,573900
1193593.871,574000
1194122.704,574100
1194692.283,574200
1195198.267,574300
1195771.392,574400
1196362.118,574500
1196941.444,574600
1197731.059,574700
1198350.219,574800
1198838.367,574900
1199443.452,575000
1199981.311,575100
1200567.270,575200
1201142.903,575300
1201915.286,575400
1202576.114,575500
1203466.818,575600
1204121.556,575700
1204813.917,575800
1205667.854,575900
1206358.221,576000
1206946.624,576100
1207513.885,576200
1208209.046,576300
1208762.943,576400
1209367.194,576500
1209927.779,576600
1210553.416,576700
1211743.227,576800
1212285.148,576900
1212795.654,577000
1213388.089,577100
1213993.093,577200
1214601.389,577300
1215152.927,577400
1215715.877,577500
1216218.238,577600
1216720.577,577700
1217203.516,577800
1217656.989,577900
1218328.613,578000
1227777.656,578100
1229849.846,578200
1231584.850,578300
1233000.302,578400
1234266.223,578500
1235264.419,578600
1236231.322,578700
1237352.543,578800
1238428.387,578900
1239472.132,579000
1240294.168,579100
1240929.451,579200
1241730.043,579300
1242368.046,579400
1242984.949,579500
1243706.718,579600
1244333.452,579700
1244983.962,579800
1245705.755,579900
1246375.856,580000
1246993.888,580100
1247657.162,580200
1248217.997,580300
1248888.214,580400
1249474.921,580500
1250104.694,580600
1250801.307,580700
1251410.430,580800
1252163.452,580900
1252867.580,581000
1253512.657,581100
1254454.774,581200
1255105.553,581300
1255743.340,581400
1256332.211,581500
1256902.927,581600
1257621.616,581700
1258268.272,581800
1259163.015,581900
1259902.465,582000
1260643.101,582100
1261292.888,582200
1262045.742,582300
1262695.689,582400
1263396.517,582500
1264280.269,582600
1265069.111,582700
1265779.207,582800
1266502.587,582900
1267365.158,583000
1267921.492,583100
1268461.953,583200
1269031.947,583300
1269577.105,583400
1270130.440,583500
1270707.961,583600
1271336.720,583700
1272120.961,583800
1272584.747,583900
1273331.616,584000
1273765.126,584100
1274188.357,584200
1274841.026,584300
1275417.559,584400
1275874.279,584500
1276392.778,584600
1277008.467,584700
1277654.945,584800
1278236.784,584900
1278791.768,585000
1279388.024,585100
1279989.697,585200
1280681.277,585300
1281616.655,585400
1282111.776,585500
1282791.849,585600
1283418.688,585700
1283986.776,585800
1284629.392,585900
1285216.542,586000
1292626.102,586100
1295337.854,586200
1296713.201,586300
1297836.904,586400
1300667.191,586500
1302100.491,586600
1303782.146,586700
1304940.452,586800
1305899.787,586900
1306990.602,587000
1307851.341,587100
1308615.605,587200
1309210.756,587300
1309810.845,587400
1310511.592,587500
1311124.965,587600
1311890.992,587700
1312924.380,587800
1313734.101,587900
1314470.940,588000
1315290.234,588100
1316027.387,588200
1316806.143,588300
1317376.656,588400
1317859.739,588500
1318494.177,588600
1319034.741,588700
1320007.295,588800
1320831.625,588900
1321799.046,589000
1322890.720,589100
1323624.452,589200
1324332.141,589300
1325178.774,589400
1325780.383,589500
1326250.908,589600
1326784.509,589700
1327293.869,589800
1328031.576,589900
1328737.935,590000
1329343.482,590100
1329930.399,590200
1330484.109,590300
1331029.293,590400
1331611.076,590500
1332216.788,590600
1332783.864,590700
1333224.980,590800
1333771.438,590900
1334328.916,591000
1334983.399,591100
1335742.962,591200
1336334.204,591300
1336862.454,591400
1337345.051,591500
1337895.456,591600
1338304.160,591700
1338727.688,591800
1339302.881,591900
1339852.725,592000
1340330.465,592100
1341000.227,592200
1341508.730,592300
1342022.466,592400
1342538.954,592500
1342976.967,592600
1343597.583,592700
1344080.353,592800
1344604.076,592900
1345118.698,593000
1345604.828,593100
1346123.964,593200
1346934.275,593300
1347565.509,593400
1348039.482,593500
1348903.376,593600
1349414.470,593700
1349715.797,593800
1350512.650,593900
1350907.066,594000
1358136.770,594100
1360648.226,594200
1361759.252,594300
1363043.521,594400
1363936.561,594500
1365088.084,594600
1365979.699,594700
1366814.951,594800
1367601.156,594900
1368854.179,595000
1369412.167,595100
1370405.602,595200
1371434.361,595300
1372184.470,595400
1372950.120,595500
1373654.915,595600
1374260.310,595700
1374871.442,595800
1375446.846,595900
1376016.151,596000
1376604.986,596100
1377215.947,596200
1378026.135,596300
1378767.206,596400
1379361.253,596500
1379844.883,596600
1380320.921,596700
1380863.721,596800
1381462.896,596900
1381896.555,597000
1382373.452,597100
1382920.241,597200
1383528.435,597300
1384150.215,597400
1384811.378,597500
1385358.753,597600
1385988.341,597700
1386664.688,597800
1387231.432,597900
1387737.399,598000
1388151.813,598100
1388655.940,598200
1389100.370,598300
1389666.999,598400
1390215.898,598500
1390802.171,598600
1391322.402,598700
1391838.344,598800
1392282.935,598900
1392800.001,599000
1393374.026,599100
1393734.087,599200
1394235.353,599300
1394807.287,599400
1395263.152,599500
1395826.786,599600
1396322.999,599700
1396884.582,599800
1397333.528,599900
1397887.748,600000
1398383.249,600100
1398876.311,600200
1399301.519,600300
1399983.255,600400
1400433.009,600500
1400939.684,600600
1401305.412,600700
1401792.877,600800
1402503.744,600900
1403086.975,601000
1403725.146,601100
1404278.362,601200
1404870.157,601300
1405643.346,601400
1406277.858,601500
1406869.305,601600
1407933.615,601700
1408760.895,601800
1409338.744,601900
1409890.297,602000
1410480.984,602100
1411026.976,602200
1411530.086,602300
1412230.148,602400
1412802.376,602500
1413482.959,602600
1414124.012,602700
1414706.392,602800
1415204.677,602900
1416160.761,603000
1424172.654,603100
1425977.996,603200
1427505.427,603300
1429565.215,603400
1431082.934,603500
1433096.586,603600
1434206.987,603700
1435310.515,603800
1437632.367,603900
1439132.005,604000
1440974.328,604100
1442892.086,604200
1444015.029,604300
1444933.423,604400
1445830.748,604500
1446630.400,604600
1447499.442,604700
1448542.750,604800
1449582.466,604900
1450396.959,605000
1450891.248,605100
1451490.557,605200
1452159.151,605300
1452889.974,605400
1453688.037,605500
1454425.134,605600
1454953.928,605700
1455578.852,605800
1456150.172,605900
1456769.884,606000
1457421.459,606100
1458013.578,606200
1458710.412,606300
1459425.140,606400
1460170.349,606500
1461181.650,606600
1462113.456,606700
1462705.697,606800
1463237.591,606900
1463908.663,607000
1464371.268,607100
1464862.608,607200
1465504.387,607300
1466047.027,607400
1466655.453,607500
1467438.343,607600
1467994.409,607700
1468563.681,607800
1469106.307,607900
1469662.331,608000
1470031.333,608100
1470517.480,608200
1471026.002,608300
1471597.511,608400
1472195.928,608500
1472803.983,608600
1473458.949,608700
1474028.569,608800
1474620.813,608900
1475096.661,609000
1475509.198,609100
1475947.331,609200
1476302.109,609300
1476759.519,609400
1477349.879,609500
1478022.192,609600
1478567.134,609700
1479191.552,609800
1480210.821,609900
1480810.714,610000
1481674.503,610100
1482386.762,610200
1483540.689,610300
1484114.079,610400
1484619.021,610500
1485158.552,610600
1486267.309,610700
1486627.151,610800
1487028.210,610900
1487589.643,611000
1493503.103,611100
1495036.487,611200
1496315.168,611300
1497070.063,611400
1498013.010,611500
1499129.388,611600
1500287.839,611700
1501536.212,611800
1502579.698,611900
1503731.556,612000
1504838.731,612100
1505710.947,612200
1506686.358,612300
1507489.356,612400
1508021.174,612500
1508921.770,612600
1509684.244,612700
1510943.406,612800
1512001.386,612900
1512859.685,613000
1513855.006,613100
1514485.137,613200
1515576.494,613300
1516421.851,613400
1517134.185,613500
1517829.092,613600
1518521.598,613700
1519197.290,613800
1519797.283,613900
1520586.265,614000
1521398.656,614100
1522141.135,614200
1522889.604,614300
1523605.531,614400
1524059.384,614500
1524516.806,614600
1525204.632,614700
1525889.574,614800
1526727.850,614900
1527543.444,615000
1528450.002,615100
1528999.008,615200
1529690.643,615300
1530322.007,615400
1530783.403,615500
1531370.584,615600
1532047.853,615700
1532645.998,615800
1533347.760,615900
1534168.418,616000
1534722.037,616100
1535411.796,616200
1536060.619,616300
1536820.658,616400
1537432.027,616500
1538033.773,616600
1538682.028,616700
1539280.757,616800
1539910.521,616900
1540587.861,617000
1541396.732,617100
1542129.698,617200
1542842.470,617300
1543413.244,617400
1543964.213,617500
1544575.473,617600
1545114.682,617700
1545633.456,617800
1546118.255,617900
1546855.794,618000
1547736.552,618100
1548378.475,618200
1549136.600,618300
1549660.287,618400
1550201.018,618500
1550718.708,618600
1551228.381,618700
1551686.173,618800
1553481.307,618900
1554162.749,619000
1561899.032,619100
1564402.978,619200
1566451.494,619300
1568316.800,619400
1569639.889,619500
1572230.915,619600
1573535.887,619700
1574702.910,619800
1575961.801,619900
1577136.180,620000
1579502.505,620100
1582387.969,620200
1583798.801,620300
1584690.499,620400
1585370.853,620500
1586111.842,620600
1586779.808,620700
1587289.101,620800
1588049.627,620900
1589044.784,621000
1589810.766,621100
1590581.193,621200
1591395.547,621300
1592504.676,621400
1593572.802,621500
1594607.825,621600
1595560.094,621700
1596544.018,621800
1597378.308,621900
1598209.997,622000
1599246.730,622100
1600122.438,622200
1600969.276,622300
1601762.720,622400
1602434.475,622500
1603193.668,622600
1603813.874,622700
1604741.730,622800
1605763.886,622900
1606553.955,623000
1607176.399,623100
1607696.012,623200
1608203.857,623300
1608827.999,623400
1609293.548,623500
1609837.728,623600
1610432.230,623700
1611027.505,623800
1611632.502,623900
1612289.412,624000
1612820.201,624100
1613415.079,624200
1614233.119,624300
1614935.938,624400
1615379.803,624500
1615870.325,624600
1616580.365,624700
1617136.658,624800
1617821.896,624900
1618483.415,625000
1618991.844,625100
1619584.582,625200
1620074.107,625300
1620618.326,625400
1621142.211,625500
1621861.278,625600
1622448.110,625700
1623088.561,625800
1623665.580,625900
1624578.026,626000
1631839.046,626100
1632887.602,626200
1633868.642,626300
1634876.602,626400
1635822.198,626500
1636547.213,626600
1637344.600,626700
1638140.178,626800
1639336.013,626900
1640399.568,627000
1641269.347,627100
1641879.690,627200
1642693.138,627300
1643496.714,627400
1644189.530,627500
1645218.381,627600
1646619.930,627700
1647493.655,627800
1648269.833,627900
1649095.468,628000
1649825.580,628100
1650548.270,628200
1651398.009,628300
1652123.016,628400
1652962.803,628500
1653940.232,628600
1655103.541,628700
1655852.717,628800
1656450.144,628900
1657204.898,629000
1658040.426,629100
1658694.699,629200
1659579.350,629300
1660412.809,629400
1661263.922,629500
1662210.239,629600
1662956.055,629700
1663588.317,629800
1664172.586,629900
1664861.292,630000
1665712.336,630100
1666406.785,630200
1667152.655,630300
1667986.332,630400
1668710.863,630500
1669399.068,630600
1670107.184,630700
1670852.475,630800
1671510.463,630900
1672168.600,631000
1672870.106,631100
1673532.844,631200
1674181.764,631300
1674861.570,631400
1675757.075,631500
1676440.485,631600
1677013.636,631700
1677675.433,631800
1678572.719,631900
1679349.812,632000
1680190.589,632100
1681134.569,632200
1682906.495,632300
1683580.114,632400
1684114.581,632500
1684715.029,632600
1685447.365,632700
1686791.256,632800
1687667.618,632900
1688272.943,633000
1688982.808,633100
1689511.660,633200
1690089.840,633300
1690499.468,633400
1690953.298,633500
1691486.900,633600
1692085.755,633700
1692797.945,633800
1693403.201,633900
1693987.381,634000
1703329.473,634100
1708023.882,634200
1710978.583,634300
1712627.448,634400
1713984.647,634500
1715607.471,634600
1716626.986,634700
1717784.736,634800
1719118.976,634900
1720298.175,635000
1721464.798,635100
1722828.018,635200
1723997.920,635300
1725139.810,635400
1726184.945,635500
1727097.128,635600
1727938.395,635700
1728675.412,635800
1729785.152,635900
1731030.650,636000
1731962.400,636100
1733066.283,636200
1733813.373,636300
1734783.482,636400
1735496.061,636500
1736269.692,636600
1736874.948,636700
1737673.797,636800
1738445.393,636900
1739186.404,637000
1739909.824,637100
1740795.203,637200
1741453.838,637300
1742343.845,637400
1742980.371,637500
1743716.308,637600
1744530.250,637700
1745047.676,637800
1746744.429,637900
1747453.674,638000
1748271.786,638100
1749058.925,638200
1749994.396,638300
1750725.321,638400
1751723.484,638500
1752484.143,638600
1753219.636,638700
1753867.536,638800
1754557.870,638900
1755188.751,639000
1755779.947,639100
1756518.481,639200
1757297.834,639300
1758023.443,639400
1758949.747,639500
1759588.102,639600
1760268.605,639700
1760918.793,639800
1761662.142,639900
1762555.933,640000
1768188.081,640100
1769866.960,640200
1771146.573,640300
1772280.200,640400
1773213.966,640500
1774448.434,640600
1775513.496,640700
1776447.164,640800
1777427.550,640900
1778707.750,641000
1779711.033,641100
1780793.021,641200
1781746.587,641300
1782692.095,641400
1783791.670,641500
1785241.792,641600
1786176.532,641700
1787163.375,641800
1788232.383,641900
1789201.359,642000
1790087.343,642100
1790932.571,642200
1791759.613,642300
1792584.262,642400
1793402.246,642500
1794206.525,642600
1795010.015,642700
1795874.165,642800
1796764.259,642900
1797611.685,643000
1798402.329,643100
1799359.875,643200
1800180.095,643300
1800940.308,643400
1801716.257,643500
1802477.610,643600
1803234.863,643700
1804078.607,643800
1805180.725,643900
1805912.920,644000
1806716.501,644100
1807486.365,644200
1808270.794,644300
1809085.401,644400
1809849.814,644500
1810574.094,644600
1811482.070,644700
1812136.320,644800
1812867.367,644900
1813729.668,645000
1814581.866,645100
1815284.499,645200
1816017.873,645300
1816692.026,645400
1817599.598,645500
1818279.557,645600
1819223.126,645700
1819877.842,645800
1820533.301,645900
1821621.239,646000
1823581.556,646100
1824399.227,646200
1825275.589,646300
1826843.063,646400
1827741.681,646500
1828514.099,646600
1829447.447,646700
1830244.765,646800
1831075.283,646900
1832016.757,647000
1840067.737,647100
1842530.984,647200
1844790.445,647300
1847330.450,647400
1849477.391,647500
1851413.238,647600
1852851.187,647700
1854368.244,647800
1855586.294,647900
1856759.871,648000
1857937.017,648100
1858954.834,648200
1860151.986,648300
1861097.670,648400
1862153.008,648500
1863486.365,648600
1864707.580,648700
1865822.834,648800
1866889.594,648900
1867977.977,649000
1869355.173,649100
1870301.493,649200
1871153.515,649300
1872148.966,649400
1873067.510,649500
1873999.722,649600
1874910.115,649700
1875754.089,649800
1876624.794,649900
1877448.692,650000
1878255.932,650100
1878953.374,650200
1879885.380,650300
1880674.453,650400
1881763.262,650500
1882611.513,650600
1883345.546,650700
1884126.598,650800
1884979.996,650900
1885922.928,651000
1886978.319,651100
1887848.363,651200
1888519.702,651300
1889167.054,651400
1889908.075,651500
1890690.745,651600
1891518.822,651700
1892382.099,651800
1893153.648,651900
1893906.394,652000
1894760.562,652100
1895643.036,652200
1896810.308,652300
1897524.365,652400
1898549.218,652500
1899462.726,652600
1900224.102,652700
1901156.628,652800
1902203.613,652900
1902990.305,653000
1909451.962,653100
1910830.385,653200
1912305.013,653300
1913590.941,653400
1914691.063,653500
1915772.087,653600
1917026.186,653700
1918305.939,653800
1919546.883,653900
1920592.765,654000
1921682.430,654100
1922715.200,654200
1923688.356,654300
1924674.130,654400
1925643.615,654500
1926640.846,654600
1927662.379,654700
1928581.685,654800
1929584.807,654900
1930522.743,655000
1931475.521,655100
1932322.493,655200
1933234.772,655300
1934221.389,655400
1935228.231,655500
1936377.138,655600
1937704.376,655700
1938724.794,655800
1939830.667,655900
1941426.664,656000
1942379.121,656100
1943500.238,656200
1944304.606,656300
1945199.216,656400
1946114.199,656500
1947096.929,656600
1948294.509,656700
1949106.628,656800
1950261.152,656900
1951117.324,657000
1952102.956,657100
1952837.393,657200
1953657.107,657300
1954643.876,657400
1955801.562,657500
1956726.799,657600
1957582.823,657700
1958534.825,657800
1959572.474,657900
1960578.258,658000
1961668.298,658100
1962394.145,658200
1963228.100,658300
1964095.346,658400
1965067.983,658500
1966031.419,658600
1967888.360,658700
1969258.033,658800
1970304.799,658900
1971116.025,659000
1982384.207,659100
1986133.905,659200
1989270.056,659300
1992477.792,659400
1995811.009,659500
1997665.010,659600
1999315.589,659700
2000580.676,659800
2002233.693,659900
2003489.950,660000
2004860.916,660100
2006584.081,660200
2008005.058,660300
2009093.758,660400
2010330.545,660500
2011569.519,660600
2012689.442,660700
2013663.452,660800
2014657.868,660900
2015542.744,661000
2016584.327,661100
2017598.662,661200
2018453.457,661300
2019438.194,661400
2020486.136,661500
2021565.915,661600
2022926.237,661700
2024399.711,661800
2025649.424,661900
2027239.544,662000
2028491.846,662100
2029871.093,662200
2031010.419,662300
2031944.962,662400
2033028.112,662500
2033895.952,662600
2034827.562,662700
2035993.616,662800
2037205.813,662900
2038188.690,663000
2042110.985,663100
2044140.182,663200
2045778.648,663300
2047026.006,663400
2048160.439,663500
2049484.031,663600
2050761.262,663700
2051892.819,663800
2052958.458,663900
2054189.885,664000
2055473.463,664100
2056787.085,664200
2058317.277,664300
2059907.731,664400
2061120.357,664500
2062334.409,664600
2063386.970,664700
2064467.647,664800
2065643.625,664900
2066910.806,665000
2068220.497,665100
2069430.890,665200
2070599.018,665300
2071682.634,665400
2072802.019,665500
2073977.051,665600
2074933.379,665700
2075897.062,665800
2077679.305,665900
2078820.871,666000
2079726.183,666100
2080579.550,666200
2081675.773,666300
2082617.986,666400
2083793.329,666500
2084937.047,666600
2085824.792,666700
2086626.662,666800
2087632.725,666900
2088776.883,667000
2089597.787,667100
2090396.689,667200
2091248.080,667300
2092350.439,667400
2093225.278,667500
2094069.293,667600
2094931.260,667700
2095714.503,667800
2096570.452,667900
2097411.131,668000
2098273.215,668100
2099245.309,668200
2100166.839,668300
2101015.351,668400
2102151.404,668500
2103051.989,668600
2103954.973,668700
2104931.329,668800
2106328.932,668900
2107258.209,669000
2115593.234,669100
2119373.217,669200
2122160.110,669300
2125483.160,669400
2128096.583,669500
2130081.465,669600
2132006.233,669700
2134384.421,669800
2136757.870,669900
2138956.607,670000
2140784.440,670100
2143116.654,670200
2144556.967,670300
2145998.317,670400
2147508.949,670500
2149108.685,670600
2150602.538,670700
2151901.156,670800
2153212.373,670900
2154670.647,671000
2155969.697,671100
2157185.557,671200
2158323.692,671300
2159585.795,671400
2160925.244,671500
2162059.618,671600
2163297.242,671700
2164609.610,671800
2165755.444,671900
2166945.521,672000
2168211.087,672100
2169418.245,672200
2170376.358,672300
2171669.070,672400
2172841.083,672500
2173893.310,672600
2174787.376,672700
2175754.042,672800
2176885.190,672900
2177979.812,673000
2183036.162,673100
2184789.472,673200
2186117.608,673300
2187639.941,673400
2189080.908,673500
2190280.165,673600
2191544.429,673700
2192664.811,673800
2193760.744,673900
2195360.891,674000
2196701.014,674100
2197840.614,674200
2198996.338,674300
2200362.704,674400
2201664.863,674500
2203626.237,674600
2204870.872,674700
2205943.187,674800
2206883.020,674900
2207897.208,675000
2209014.855,675100
2209978.567,675200
2210849.067,675300
2211702.853,675400
2212782.882,675500
2213615.982,675600
2214511.679,675700
2215510.437,675800
2216507.691,675900
2217682.583,676000
2218887.397,676100
2219779.906,676200
2220696.300,676300
2221603.180,676400
2222443.522,676500
2223231.019,676600
2224146.488,676700
2224907.653,676800
2226014.316,676900
2226973.001,677000
2227832.385,677100
2229046.547,677200
2229917.447,677300
2230855.374,677400
2231745.341,677500
2232625.375,677600
2233752.217,677700
2234650.067,677800
2235677.822,677900
2236642.876,678000
2237633.801,678100
2238571.956,678200
2239437.933,678300
2240536.715,678400
2241398.409,678500
2242423.918,678600
2243375.365,678700
2244471.273,678800
2245615.694,678900
2247094.586,679000
2256256.913,679100
2259393.691,679200
2262262.128,679300
2264678.171,679400
2266878.921,679500
2269220.790,679600
2271344.591,679700
2273406.626,679800
2275089.563,679900
2276620.898,680000
2278190.793,680100
2279426.449,680200
2280883.729,680300
2282205.878,680400
2283679.442,680500
2285137.391,680600
2286521.351,680700
2287818.792,680800
2289008.465,680900
2290452.855,681000
2291601.840,681100
2292656.493,681200
2293983.275,681300
2295262.244,681400
2296707.911,681500
2298104.471,681600
2299652.050,681700
2301073.075,681800
2302680.974,681900
2303882.461,682000
2305693.987,682100
2306833.886,682200
2307921.064,682300
2309530.965,682400
2310447.234,682500
2311331.763,682600
2312187.298,682700
2313669.699,682800
2314847.429,682900
2315823.274,683000
2320009.484,683100
2321423.400,683200
2322767.037,683300
2323983.138,683400
2325045.805,683500
2326296.075,683600
2327211.969,683700
2328434.266,683800
2329464.447,683900
2330686.154,684000
2331707.496,684100
2333051.546,684200
2334260.479,684300
2335224.810,684400
2336168.045,684500
2337135.803,684600
2338117.267,684700
2339068.763,684800
2340107.953,684900
2340960.678,685000
2341856.845,685100
2342654.755,685200
2343598.150,685300
2344362.705,685400
2345613.687,685500
2346734.685,685600
2348038.252,685700
2348804.481,685800
2349601.961,685900
2350655.793,686000
2351403.467,686100
2352374.494,686200
2353441.911,686300
2354240.775,686400
2354881.919,686500
2355629.451,686600
2356583.290,686700
2357346.998,686800
2358476.191,686900
2359245.994,687000
2360057.761,687100
2360919.387,687200
2361673.004,687300
2362594.730,687400
2363562.231,687500
2364346.799,687600
2365063.295,687700
2366115.075,687800
2367042.728,687900
2367821.592,688000
2368557.846,688100
2370053.698,688200
2370666.901,688300
2371423.746,688400
2372656.904,688500
2373913.014,688600
2374791.157,688700
2375669.744,688800
2376808.431,688900
2377737.887,689000
2378776.749,689100
2379845.983,689200
2380759.107,689300
2381654.397,689400
2383112.349,689500
2384033.864,689600
2385527.966,689700
2386464.989,689800
2388843.638,689900
2389883.115,690000
2399097.407,690100
2401514.241,690200
2402947.981,690300
2404438.217,690400
2405808.893,690500
2407174.131,690600
2408657.458,690700
2410182.961,690800
2411979.886,690900
2413135.880,691000
2414136.958,691100
2415554.996,691200
2416670.565,691300
2417610.953,691400
2418279.134,691500
2418877.221,691600
2419685.674,691700
2420622.130,691800
2423045.558,691900
2424014.431,692000
2424987.489,692100
2425874.439,692200
2426718.197,692300
2427604.871,692400
2428414.611,692500
2429240.204,692600
2429941.971,692700
2430992.991,692800
2431706.700,692900
2432560.626,693000
2433374.482,693100
2434243.524,693200
2435023.168,693300
2435768.891,693400
2436527.554,693500
2437487.154,693600
2437959.484,693700
2438707.726,693800
2439542.506,693900
2440131.380,694000
2440845.693,694100
2441663.193,694200
2442556.878,694300
2443491.534,694400
2444185.375,694500
2444857.840,694600
2445556.108,694700
2446286.643,694800
2446905.602,694900
2447842.866,695000
2448650.188,695100
2449609.336,695200
2450606.735,695300
2451513.508,695400
2452233.004,695500
2453242.234,695600
2454032.154,695700
2455080.194,695800
2455790.586,695900
2456848.609,696000
2463137.781,696100
2468615.715,696200
2470925.855,696300
2473009.514,696400
2475092.550,696500
2476755.921,696600
2478308.334,696700
2479670.475,696800
2480619.281,696900
2481329.205,697000
2482255.374,697100
2483431.799,697200
2484475.699,697300
2485442.625,697400
2486467.808,697500
2487582.381,697600
2488438.292,697700
2489145.555,697800
2490185.532,697900
2491073.269,698000
2491740.618,698100
2492867.653,698200
2493799.776,698300
2494681.299,698400
2495754.592,698500
2496918.842,698600
2497976.080,698700
2499047.042,698800
2500059.689,698900
2500779.566,699000
2501642.247,699100
2502783.032,699200
2503509.092,699300
2504598.865,699400
2505384.273,699500
2506303.898,699600
2507462.045,699700
2508333.606,699800
2509214.430,699900
2510134.525,700000
2511009.165,700100
2511735.587,700200
2512639.514,700300
2513515.122,700400
2514435.623,700500
2515430.322,700600
2516317.602,700700
2517183.053,700800
2518047.752,700900
2518906.715,701000
2519636.339,701100
2520329.758,701200
2521015.438,701300
2521676.277,701400
2522797.495,701500
2523972.752,701600
2524906.192,701700
2525736.249,701800
2526968.604,701900
2527731.605,702000
2533116.554,702100
2535188.646,702200
2536908.701,702300
2538456.313,702400
2540311.358,702500
2541697.355,702600
2543016.102,702700
2544788.310,702800
2546469.400,702900
2547786.243,703000
2549601.828,703100
2550687.864,703200
2551704.685,703300
2552789.250,703400
2554093.499,703500
2555667.714,703600
2556756.661,703700
2557985.351,703800
2559429.063,703900
2560825.150,704000
2562296.467,704100
2563882.989,704200
2564864.077,704300
2565834.740,704400
2567393.070,704500
2568663.084,704600
2569876.175,704700
2571028.929,704800
2572002.570,704900
2573226.059,705000
2574855.856,705100
2576108.593,705200
2577950.580,705300
2578962.002,705400
2579758.361,705500
2581366.581,705600
2582606.973,705700
2583603.806,705800
2585131.439,705900
2586532.744,706000
2587824.895,706100
2589041.131,706200
2590147.675,706300
2591617.733,706400
2592756.263,706500
2593411.416,706600
2594527.121,706700
2595501.300,706800
2596528.829,706900
2597559.719,707000
2602411.009,707100
2604272.141,707200
2605820.827,707300
2606852.450,707400
2608107.780,707500
2609324.989,707600
2610542.305,707700
2611997.609,707800
2613123.515,707900
2614317.855,708000
2615683.378,708100
2617073.613,708200
2618682.697,708300
2620272.003,708400
2621075.494,708500
2621925.596,708600
2622811.404,708700
2623895.209,708800
2625421.187,708900
2627207.916,709000
2630041.074,709100
2631237.822,709200
2632628.224,709300
2633894.330,709400
2634804.702,709500
2635590.813,709600
2636297.213,709700
2637161.554,709800
2638324.197,709900
2639317.076,710000
2640799.996,710100
2641699.054,710200
2642612.901,710300
2643451.121,710400
2644704.167,710500
2645684.523,710600
2646348.028,710700
2647451.190,710800
2648451.653,710900
2649322.876,711000
2650157.587,711100
2651150.952,711200
2651997.328,711300
2653187.921,711400
2654163.795,711500
2655152.508,711600
2655940.639,711700
2656830.030,711800
2657819.546,711900
2658915.794,712000
2659780.185,712100
2660720.013,712200
2661822.788,712300
2662866.776,712400
2663760.061,712500
2664593.111,712600
2665450.822,712700
2666415.633,712800
2667248.978,712900
2668122.657,713000
2675270.221,713100
2679328.452,713200
2681266.463,713300
2682969.606,713400
2684589.477,713500
2686831.285,713600
2688487.487,713700
2689927.111,713800
2691475.319,713900
2692757.392,714000
2694288.493,714100
2695619.039,714200
2696920.687,714300
2698699.509,714400
2699864.785,714500
2701093.744,714600
2702251.513,714700
2703217.626,714800
2704500.556,714900
2705596.734,715000
2706755.829,715100
2707668.328,715200
2708556.450,715300
2709459.745,715400
2710459.593,715500
2711319.452,715600
2712040.742,715700
2713049.140,715800
2714005.045,715900
2714866.909,716000
2717643.009,716100
2718882.865,716200
2720213.987,716300
2721365.466,716400
2722890.962,716500
2723861.621,716600
2724370.368,716700
2725111.962,716800
2725724.276,716900
2726424.884,717000
2727478.863,717100
2728797.632,717200
2730026.348,717300
2731040.466,717400
2732009.039,717500
2732777.402,717600
2733686.431,717700
2734489.567,717800
2735251.289,717900
2735964.319,718000
2743042.263,718100
2744890.838,718200
2746147.215,718300
2747580.306,718400
2748522.834,718500
2749734.988,718600
2750881.835,718700
2752053.856,718800
2752937.666,718900
2753684.773,719000
2754712.871,719100
2755820.184,719200
2757021.444,719300
2758139.308,719400
2759066.333,719500
2759822.929,719600
2761075.725,719700
2762469.428,719800
2764375.646,719900
2765487.393,720000
2766461.417,720100
2767777.471,720200
2768786.075,720300
2769841.247,720400
2770862.613,720500
2771933.246,720600
2773442.889,720700
2774498.318,720800
2775245.631,720900
2775954.044,721000
2776680.640,721100
2777687.640,721200
2778834.329,721300
2780074.784,721400
2781110.218,721500
2782217.184,721600
2783288.132,721700
2784130.998,721800
2785483.624,721900
2786687.053,722000
2787533.753,722100
2788445.969,722200
2789969.369,722300
2792474.732,722400
2796399.871,722500
2803878.661,722600
2805809.451,722700
2807048.457,722800
2808535.773,722900
2809421.628,723000
2814634.868,723100
2816701.044,723200
2818250.024,723300
2819841.856,723400
2821347.229,723500
2822600.872,723600
2824037.079,723700
2825188.071,723800
2826623.212,723900
2828023.159,724000
2829116.886,724100
2830168.419,724200
2831291.301,724300
2832817.244,724400
2833874.995,724500
2834718.632,724600
2835816.672,724700
2837325.922,724800
2838615.107,724900
2839560.996,725000
2840443.146,725100
2841294.246,725200
2842178.078,725300
2843187.271,725400
2845693.603,725500
2847369.796,725600
2848449.290,725700
2849500.618,725800
2850392.703,725900
2851289.917,726000
2852228.905,726100
2852996.173,726200
2853793.270,726300
2854761.244,726400
2855677.655,726500
2856601.480,726600
2857656.960,726700
2858632.476,726800
2859626.667,726900
2860526.320,727000
2861161.158,727100
2861877.738,727200
2862518.224,727300
2863734.361,727400
2864788.008,727500
2865577.355,727600
2866460.922,727700
2867504.700,727800
2868173.962,727900
2869194.375,728000
2870027.266,728100
2870529.434,728200
2871243.598,728300
2872030.885,728400
2872662.218,728500
2873615.283,728600
2874488.485,728700
2875193.796,728800
2876206.689,728900
2877097.167,729000
2881719.687,729100
2883400.454,729200
2884924.843,729300
2886567.225,729400
2887989.799,729500
2889474.406,729600
2890985.682,729700
2892264.013,729800
2893725.628,729900
2895062.172,730000
2896495.657,730100
2897438.843,730200
2898396.957,730300
2899144.021,730400
2900072.188,730500
2901149.533,730600
2902007.560,730700
2902857.296,730800
2903956.069,730900
2904981.916,731000
2905948.580,731100
2906586.553,731200
2907305.542,731300
2908365.071,731400
2909576.595,731500
2910658.709,731600
2911718.189,731700
2912824.835,731800
2913790.461,731900
2914565.661,732000
2915400.112,732100
2916185.457,732200
2916777.063,732300
2917454.817,732400
2918405.845,732500
2919369.853,732600
2920130.043,732700
2920890.111,732800
2921763.040,732900
2922700.458,733000
2923745.516,733100
2924479.991,733200
2925466.168,733300
2926157.368,733400
2926845.511,733500
2927648.117,733600
2928708.883,733700
2929626.526,733800
2930402.674,733900
2931285.977,734000
2932062.702,734100
2933098.785,734200
2933888.028,734300
2934584.432,734400
2935208.222,734500
2936223.488,734600
2936991.901,734700
2937926.155,734800
2938698.769,734900
2939506.015,735000
2940441.236,735100
2941532.826,735200
2942284.356,735300
2943307.931,735400
2943964.467,735500
2944681.466,735600
2946148.736,735700
2947000.640,735800
2947683.592,735900
2948794.590,736000
2957002.316,736100
2959250.151,736200
2961935.767,736300
2963661.636,736400
2965371.939,736500
2967217.857,736600
2968964.532,736700
2970414.938,736800
2971851.042,736900
2973084.030,737000
2974392.127,737100
2976000.721,737200
2977085.088,737300
2979041.770,737400
2980088.664,737500
2981014.864,737600
2981999.863,737700
2983163.457,737800
2984381.916,737900
2985210.247,738000
2986120.873,738100
2986960.819,738200
2987619.113,738300
2988345.875,738400
2989112.755,738500
2989914.093,738600
2990832.127,738700
2991964.188,738800
2992904.333,738900
2993786.727,739000
2994660.713,739100
2995520.433,739200
2996142.711,739300
2996678.083,739400
2997432.249,739500
2998552.187,739600
2999241.997,739700
3000035.593,739800
3000654.425,739900
3001435.536,740000
3002470.224,740100
3003282.375,740200
3004189.763,740300
3005440.091,740400
3006522.182,740500
3007890.594,740600
3009484.435,740700
3010874.981,740800
3011905.389,740900
3012912.439,741000
3018683.594,741100
3020879.603,741200
3023292.935,741300
3025294.736,741400
3026563.505,741500
3027596.486,741600
3028591.795,741700
3029720.195,741800
3031225.409,741900
3032209.694,742000
3033172.771,742100
3034549.717,742200
3036879.965,742300
3041250.726,742400
3044661.763,742500
3046847.184,742600
3048255.060,742700
3049543.658,742800
3050546.800,742900
3051390.444,743000
3052310.074,743100
3053346.812,743200
3054220.197,743300
3055061.399,743400
3055732.944,743500
3056431.588,743600
3057258.498,743700
3058399.523,743800
3059474.610,743900
3060350.648,744000
3061327.335,744100
3062869.698,744200
3063631.136,744300
3064178.482,744400
3064896.869,744500
3065676.619,744600
3067038.685,744700
3068118.827,744800
3069629.380,744900
3070867.674,745000
3072122.428,745100
3072993.129,745200
3073914.309,745300
3074724.391,745400
3075526.679,745500
3076459.195,745600
3077507.968,745700
3078921.091,745800
3079910.741,745900
3080761.516,746000
3086572.073,746100
3088106.163,746200
3089277.730,746300
3090455.821,746400
3092157.830,746500
3093592.391,746600
3095456.578,746700
3096800.790,746800
3098640.408,746900
3100273.446,747000
3101626.977,747100
3102733.340,747200
3103923.084,747300
3105123.339,747400
3105998.142,747500
3106946.929,747600
3108277.609,747700
3109161.284,747800
3110748.472,747900
3111883.397,748000
3112709.500,748100
3113658.588,748200
3114420.621,748300
3115007.399,748400
3115787.318,748500
3116849.000,748600
3117682.057,748700
3119241.931,748800
3120561.973,748900
3121569.607,749000
3122429.926,749100
3123553.275,749200
3124261.656,749300
3125213.761,749400
3126032.644,749500
3126859.477,749600
3127599.815,749700
3128622.588,749800
3129713.750,749900
3131090.219,750000
3131800.369,750100
3132676.757,750200
3133410.643,750300
3134173.790,750400
3135247.644,750500
3135995.818,750600
3136826.985,750700
3138150.363,750800
3139000.561,750900
3140111.673,751000
3140933.352,751100
3141630.032,751200
3142736.083,751300
3143614.553,751400
3144146.459,751500
3144929.702,751600
3145729.042,751700
3146607.220,751800
3147500.664,751900
3148364.962,752000
3154273.903,752100
3155929.762,752200
3157650.483,752300
3159095.606,752400
3159928.843,752500
3160644.667,752600
3161292.867,752700
3162780.142,752800
3164067.030,752900
3165169.756,753000
3166495.465,753100
3167768.114,753200
3168870.684,753300
3169929.301,753400
3171176.736,753500
3171764.094,753600
3172581.363,753700
3173413.042,753800
3174515.236,753900
3177042.616,754000
3178126.752,754100
3179195.301,754200
3180379.352,754300
3181579.888,754400
3182271.694,754500
3182940.778,754600
3183791.597,754700
3184702.456,754800
3185803.704,754900
3186760.098,755000
3187554.957,755100
3188466.721,755200
3189402.806,755300
3190396.857,755400
3191124.032,755500
3191820.064,755600
3192627.453,755700
3193405.890,755800
3194351.272,755900
3195274.674,756000
3196076.132,756100
3196920.344,756200
3197843.020,756300
3198801.174,756400
3199498.608,756500
3200204.237,756600
3200768.540,756700
3201452.087,756800
3202395.167,756900
3203099.545,757000
3204134.739,757100
3204666.801,757200
3205492.591,757300
3206489.534,757400
3208463.392,757500
3209322.355,757600
3209972.094,757700
3210583.178,757800
3211377.852,757900
3211985.994,758000
3219063.863,758100
3221164.967,758200
3223323.971,758300
3226084.527,758400
3232810.443,758500
3238735.112,758600
3243021.161,758700
3244749.170,758800
3245899.639,758900
3247038.069,759000
3248079.354,759100
3250893.746,759200
3254623.383,759300
3260213.495,759400
3261421.504,759500
3262371.130,759600
3263820.671,759700
3264872.093,759800
3265867.259,759900
3266654.593,760000
3267530.141,760100
3268656.701,760200
3269900.748,760300
3271323.330,760400
3272592.910,760500
3273651.749,760600
3274566.524,760700
3275485.042,760800
3276333.744,760900
3277335.514,761000
3281612.421,761100
3283530.923,761200
3285107.774,761300
3286377.860,761400
3287667.707,761500
3288771.768,761600
3289916.488,761700
3291084.802,761800
3292153.675,761900
3293794.725,762000
3294758.452,762100
3296194.290,762200
3297353.387,762300
3298338.025,762400
3300490.182,762500
3301598.932,762600
3302941.076,762700
3303888.566,762800
3304768.772,762900
3306043.513,763000
3307282.068,763100
3308677.869,763200
3310449.973,763300
3311878.823,763400
3313358.637,763500
3314576.293,763600
3315758.935,763700
3317137.507,763800
3318254.766,763900
3319205.160,764000
3320574.210,764100
3321885.565,764200
3323517.399,764300
3325256.423,764400
3326531.644,764500
3328168.951,764600
3329589.429,764700
3331149.160,764800
3332203.797,764900
3333865.195,765000
3335186.648,765100
3336621.236,765200
3337707.764,765300
3338880.555,765400
3340392.352,765500
3341508.826,765600
3343097.600,765700
3344978.525,765800
3346122.897,765900
3347451.185,766000
3354392.271,766100
3358817.198,766200
3360429.493,766300
3361939.453,766400
3363606.972,766500
3365105.647,766600
3372962.398,766700
3382019.717,766800
3383376.001,766900
3384407.355,767000
3385614.858,767100
3386587.582,767200
3387684.288,767300
3388650.132,767400
3389750.431,767500
3390925.652,767600
3392055.423,767700
3393421.928,767800
3394556.753,767900
3395788.022,768000
3397603.997,768100
3398735.225,768200
3399941.595,768300
3400940.656,768400
3401919.062,768500
3402959.099,768600
3404136.059,768700
3405151.723,768800
3405921.896,768900
3406696.974,769000
3407672.393,769100
3409050.178,769200
3409912.242,769300
3411433.469,769400
3412622.191,769500
3413979.212,769600
3414823.043,769700
3415663.024,769800
3416269.387,769900
3417090.650,770000
3422603.205,770100
3424106.489,770200
3425465.687,770300
3426774.145,770400
3427720.833,770500
3429822.920,770600
3430798.569,770700
3431508.696,770800
3432376.895,770900
3433131.223,771000
3433996.257,771100
3441040.362,771200
3445616.494,771300
3447538.999,771400
3452240.930,771500
3454324.647,771600
3455297.249,771700
3456336.376,771800
3457158.624,771900
3457931.211,772000
3458655.347,772100
3459294.631,772200
3460418.627,772300
3461278.679,772400
3462270.221,772500
3463174.242,772600
3464004.486,772700
3464856.416,772800
3465927.111,772900
3466923.529,773000
3467850.470,773100
3468726.604,773200
3469650.903,773300
3470868.001,773400
3471729.738,773500
3472637.912,773600
3473323.071,773700
3474177.998,773800
3474871.612,773900
3475641.135,774000
3476703.981,774100
3477506.620,774200
3478471.478,774300
3479415.502,774400
3480683.606,774500
3481871.289,774600
3482731.748,774700
3483840.084,774800
3484873.878,774900
3485891.217,775000
3491745.249,775100
3493576.881,775200
3495532.708,775300
3497003.047,775400
3498788.777,775500
3500247.867,775600
3501532.960,775700
3503246.343,775800
3504283.823,775900
3505551.119,776000
3507043.298,776100
3508044.132,776200
3509431.677,776300
3511171.221,776400
3512219.273,776500
3513284.468,776600
3514465.269,776700
3515570.990,776800
3516732.739,776900
3517697.405,777000
3518794.017,777100
3519839.968,777200
3520746.193,777300
3521870.315,777400
3522710.185,777500
3523809.521,777600
3524838.501,777700
3525897.558,777800
3526997.245,777900
3528010.021,778000
3529335.464,778100
3530853.838,778200
3531878.269,778300
3533307.987,778400
3534610.496,778500
3535844.711,778600
3536944.597,778700
3538108.478,778800
3538996.577,778900
3539864.273,779000
3540782.640,779100
3541750.463,779200
3542843.178,779300
3543726.240,779400
3544855.663,779500
3545923.059,779600
3547049.329,779700
3547983.503,779800
3548878.312,779900
3549953.785,780000
3555769.021,780100
3558573.796,780200
3559926.433,780300
3561459.918,780400
3562590.251,780500
3564594.327,780600
3566356.562,780700
3568294.969,780800
3569821.512,780900
3572113.631,781000
3573360.344,781100
3574421.419,781200
3575697.119,781300
3576911.408,781400
3577818.189,781500
3579130.440,781600
3580561.723,781700
3581790.977,781800
3583213.059,781900
3584348.577,782000
3585496.081,782100
3586396.417,782200
3587346.832,782300
3588336.755,782400
3589369.488,782500
3590501.989,782600
3591684.591,782700
3592606.706,782800
3593745.830,782900
3594840.803,783000
3596025.737,783100
3597146.795,783200
3598236.696,783300
3599440.340,783400
3600484.978,783500
3601442.027,783600
3602469.947,783700
3603555.990,783800
3604744.307,783900
3606197.548,784000
3607664.233,784100
3608865.299,784200
3610046.731,784300
3611069.110,784400
3611885.113,784500
3612795.052,784600
3613673.820,784700
3614982.507,784800
3616221.186,784900
3617460.264,785000
3624004.661,785100
3626606.294,785200
3629476.631,785300
3631967.728,785400
3633855.013,785500
3635625.937,785600
3637309.839,785700
3638752.854,785800
3640412.779,785900
3641905.720,786000
3643609.840,786100
3645425.769,786200
3647125.385,786300
3648706.892,786400
3650001.589,786500
3651219.836,786600
3652170.737,786700
3653219.402,786800
3654350.285,786900
3655569.106,787000
3656641.072,787100
3657917.711,787200
3659065.430,787300
3660292.714,787400
3661430.212,787500
3662379.096,787600
3663295.346,787700
3664156.166,787800
3665088.402,787900
3665959.204,788000
3667189.812,788100
3668127.352,788200
3669221.418,788300
3670364.833,788400
3671179.289,788500
3671927.015,788600
3672673.987,788700
3673456.081,788800
3674176.313,788900
3675070.773,789000
3675881.516,789100
3676731.818,789200
3677753.755,789300
3678574.545,789400
3679516.479,789500
3680429.293,789600
3681147.705,789700
3682268.212,789800
3683164.553,789900
3683912.874,790000
3692001.308,790100
3694147.245,790200
3696298.084,790300
3698400.011,790400
3699968.721,790500
3701595.153,790600
3702922.492,790700
3704446.143,790800
3705734.371,790900
3707017.523,791000
3708409.882,791100
3709524.912,791200
3710697.212,791300
3711977.065,791400
3713025.776,791500
3714135.704,791600
3715255.733,791700
3716114.241,791800
3717243.934,791900
3718578.427,792000
3719705.831,792100
3720900.175,792200
3722071.082,792300
3723129.638,792400
3724127.347,792500
3725286.762,792600
3726385.203,792700
3727620.706,792800
3728769.604,792900
3729969.867,793000
3731011.378,793100
3732367.593,793200
3733523.888,793300
3734606.439,793400
3735858.672,793500
3737477.353,793600
3739024.723,793700
3740332.980,793800
3741223.861,793900
3742064.419,794000
3743260.412,794100
3744297.053,794200
3745588.152,794300
3746583.982,794400
3747593.522,794500
3748354.052,794600
3749345.706,794700
3750167.764,794800
3751135.104,794900
3752089.147,795000
3761304.091,795100
3763688.471,795200
3766225.658,795300
3768931.940,795400
3770937.390,795500
3772649.449,795600
3774254.660,795700
3775635.856,795800
3776932.062,795900
3778171.279,796000
3779414.215,796100
3780675.432,796200
3782158.028,796300
3783763.207,796400
3785275.776,796500
3786533.539,796600
3787694.127,796700
3788772.011,796800
3789771.265,796900
3791025.534,797000
3792437.768,797100
3793940.712,797200
3795112.889,797300
3796334.247,797400
3797554.167,797500
3798554.370,797600
3799570.448,797700
3800348.740,797800
3801228.654,797900
3802224.095,798000
3803353.966,798100
3804438.442,798200
3805503.362,798300
3806733.000,798400
3807884.817,798500
3809244.269,798600
3810700.122,798700
3811977.097,798800
3812876.483,798900
3813921.878,799000
3815072.676,799100
3815999.926,799200
3817229.200,799300
3818695.519,799400
3819890.399,799500
3821035.912,799600
3822093.288,799700
3822840.941,799800
3824138.861,799900
3825119.922,800000
3833367.587,800100
3835903.989,800200
3838516.528,800300
3841409.337,800400
3843832.841,800500
3845711.036,800600
3847641.327,800700
3849247.865,800800
3850383.344,800900
3851748.032,801000
3853241.368,801100
3854721.542,801200
3856076.130,801300
3857647.942,801400
3858941.045,801500
3860288.821,801600
3862060.752,801700
3863167.560,801800
3864179.269,801900
3865453.802,802000
3866744.851,802100
3867884.757,802200
3869141.307,802300
3870481.568,802400
3871661.933,802500
3872953.753,802600
3874431.912,802700
3876281.235,802800
3877868.989,802900
3878804.102,803000
3879634.938,803100
3880704.326,803200
3881719.273,803300
3883245.646,803400
3884233.131,803500
3885329.669,803600
3886485.675,803700
3887779.288,803800
3888807.332,803900
3889758.453,804000
3896470.649,804100
3899293.313,804200
3901981.927,804300
3903803.799,804400
3905346.112,804500
3906945.304,804600
3908288.948,804700
3909819.744,804800
3910944.853,804900
3912322.606,805000
3913602.322,805100
3915475.331,805200
3916811.470,805300
3918474.878,805400
3920046.872,805500
3922010.365,805600
3923364.173,805700
3924669.414,805800
3925774.852,805900
3926695.557,806000
3928053.673,806100
3929229.142,806200
3930459.063,806300
3931884.013,806400
3933023.238,806500
3934519.484,806600
3935658.115,806700
3936771.175,806800
3937767.831,806900
3938646.603,807000
3939834.586,807100
3940869.661,807200
3942210.626,807300
3943610.156,807400
3945199.117,807500
3946549.159,807600
3948304.624,807700
3949677.668,807800
3951571.317,807900
3952768.514,808000
3954049.518,808100
3955240.881,808200
3956536.343,808300
3957803.145,808400
3959165.108,808500
3960544.573,808600
3962171.209,808700
3964092.151,808800
3965861.660,808900
3968134.871,809000
3977277.180,809100
3981412.367,809200
3985811.662,809300
3988405.526,809400
3990776.592,809500
3993406.181,809600
3995321.952,809700
3997951.472,809800
4000636.293,809900
4002647.830,810000
4005095.094,810100
4007310.282,810200
4009250.487,810300
4011101.885,810400
4012824.659,810500
4014342.780,810600
4016346.543,810700
4018632.937,810800
4021652.355,810900
4023897.902,811000
4025887.410,811100
4026774.509,811200
4028381.667,811300
4029951.896,811400
4031128.622,811500
4033034.013,811600
4034366.744,811700
4036485.639,811800
4038777.418,811900
4040419.696,812000
4045778.360,812100
4047453.215,812200
4048705.220,812300
4050313.392,812400
4052033.624,812500
4053357.232,812600
4055078.373,812700
4057115.502,812800
4058505.753,812900
4060018.397,813000
4062175.123,813100
4063755.393,813200
4064942.175,813300
4066810.732,813400
4067969.707,813500
4069862.652,813600
4072070.593,813700
4073758.194,813800
4075788.424,813900
4077815.896,814000
4079406.364,814100
4080816.180,814200
4082373.056,814300
4084237.537,814400
4085630.768,814500
4087399.062,814600
4089207.050,814700
4090798.815,814800
4092796.987,814900
4094590.756,815000
4095934.901,815100
4097443.709,815200
4098758.956,815300
4100128.243,815400
4101633.986,815500
4102966.675,815600
4104700.960,815700
4107047.109,815800
4108379.618,815900
4109858.651,816000
4119308.479,816100
4123220.342,816200
4125514.522,816300
4128046.341,816400
4129674.477,816500
4131774.867,816600
4133964.610,816700
4135826.981,816800
4137395.930,816900
4138880.453,817000
4140372.704,817100
4142073.675,817200
4143405.410,817300
4144774.140,817400
4145911.039,817500
4147408.100,817600
4149421.427,817700
4150898.492,817800
4152609.836,817900
4154204.882,818000
4155427.924,818100
4157215.036,818200
4158932.783,818300
4160231.998,818400
4161468.445,818500
4162815.969,818600
4164234.824,818700
4165790.789,818800
4167538.822,818900
4169080.887,819000
4170827.114,819100
4173436.380,819200
4174886.538,819300
4176750.064,819400
4178308.232,819500
4179366.125,819600
4180912.134,819700
4183003.531,819800
4184431.381,819900
4186304.486,820000
4195804.710,820100
4198914.229,820200
4201472.768,820300
4203885.245,820400
4206093.893,820500
4207782.325,820600
4209821.682,820700
4211924.462,820800
4213348.196,820900
4214675.450,821000
4215827.474,821100
4217056.874,821200
4218273.184,821300
4219691.823,821400
4220707.073,821500
4221686.768,821600
4222808.192,821700
4223944.761,821800
4225313.194,821900
4226645.393,822000
4227766.230,822100
4229174.458,822200
4230596.603,822300
4231971.488,822400
4234205.961,822500
4235553.871,822600
4236780.387,822700
4238041.617,822800
4239087.214,822900
4240423.730,823000
4241833.420,823100
4243011.728,823200
4244702.963,823300
4246253.124,823400
4247600.549,823500
4248660.394,823600
4249555.387,823700
4250622.653,823800
4252178.516,823900
4254155.618,824000
4265110.785,824100
4268580.828,824200
4272127.006,824300
4277150.676,824400
4280019.924,824500
4282856.469,824600
4285930.116,824700
4288796.113,824800
4290609.124,824900
4293274.523,825000
4295798.339,825100
4298286.335,825200
4300013.561,825300
4302544.218,825400
4305357.208,825500
4307258.578,825600
4308396.220,825700
4309485.917,825800
4311022.082,825900
4312857.095,826000
4314653.693,826100
4316622.484,826200
4318362.628,826300
4320540.482,826400
4322301.715,826500
4324451.589,826600
4326474.996,826700
4328320.963,826800
4330696.092,826900
4332447.057,827000
4340339.311,827100
4344295.455,827200
4347455.395,827300
4351117.757,827400
4353300.873,827500
4355253.347,827600
4357495.656,827700
4359089.102,827800
4360710.900,827900
4362388.218,828000
4364246.545,828100
4366163.674,828200
4368111.224,828300
4370029.934,828400
4371647.257,828500
4373043.031,828600
4374104.391,828700
4375231.362,828800
4376417.812,828900
4377700.025,829000
4378932.272,829100
4380053.863,829200
4381591.443,829300
4382828.179,829400
4384323.710,829500
4386065.555,829600
4387572.157,829700
4389344.103,829800
4391536.356,829900
4393489.269,830000
4395175.843,830100
4397299.508,830200
4399615.834,830300
4401184.683,830400
4402939.728,830500
4404803.169,830600
4406763.988,830700
4408438.833,830800
4410122.093,830900
4411901.911,831000
4421782.448,831100
4425662.944,831200
4428842.717,831300
4431516.220,831400
4434288.539,831500
4436901.905,831600
4439195.090,831700
4441162.963,831800
4442970.408,831900
4445475.774,832000
4447571.618,832100
4450148.071,832200
4452830.935,832300
4454963.652,832400
4458640.504,832500
4461341.161,832600
4463586.569,832700
4465422.845,832800
4467454.986,832900
4469340.024,833000
4471325.002,833100
4473933.394,833200
4476651.546,833300
4479135.348,833400
4481360.151,833500
4483014.390,833600
4484510.258,833700
4486691.924,833800
4488184.133,833900
4489775.623,834000
4497387.009,834100
4500150.404,834200
4504389.603,834300
4508359.548,834400
4512957.721,834500
4516998.245,834600
4519639.529,834700
4522531.666,834800
4524782.282,834900
4527083.987,835000
4529194.382,835100
4531151.245,835200
4533057.089,835300
4535598.097,835400
4537643.018,835500
4540491.469,835600
4542705.944,835700
4544201.205,835800
4548601.879,835900
4550393.339,836000
4551900.304,836100
4554179.761,836200
4556170.431,836300
4557981.791,836400
4559536.127,836500
4561181.953,836600
4562678.924,836700
4564258.235,836800
4565996.905,836900
4567857.275,837000
4573753.997,837100
4576416.188,837200
4579552.566,837300
4583140.792,837400
4585520.047,837500
4587883.318,837600
4590873.638,837700
4595865.419,837800
4598133.280,837900
4600556.559,838000
4602204.722,838100
4603963.260,838200
4606103.443,838300
4607881.006,838400
4609674.199,838500
4611134.572,838600
4612678.050,838700
4614150.316,838800
4615722.460,838900
4616963.744,839000
4618370.963,839100
4619671.299,839200
4621110.811,839300
4622431.797,839400
4623740.206,839500
4625288.193,839600
4626557.790,839700
4627796.853,839800
4629097.295,839900
4631280.975,840000
4635188.186,840100
4636206.432,840200
4637505.147,840300
4638812.164,840400
4639736.614,840500
4640868.167,840600
4642667.060,840700
4644366.159,840800
4646235.653,840900
4648445.105,841000
4650335.810,841100
4651906.380,841200
4653793.538,841300
4656136.910,841400
4657851.791,841500
4659621.406,841600
4661834.610,841700
4663343.253,841800
4665216.096,841900
4666784.684,842000
4667952.709,842100
4669347.893,842200
4670721.941,842300
4672878.013,842400
4674629.906,842500
4676502.560,842600
4677957.455,842700
4679518.751,842800
4681126.316,842900
4681972.509,843000
4683622.614,843100
4685049.675,843200
4686544.328,843300
4688023.121,843400
4689562.412,843500
4691999.843,843600
4694499.241,843700
4695981.328,843800
4697312.724,843900
4698648.859,844000
4709255.652,844100
4713686.107,844200
4716354.925,844300
4719911.844,844400
4723597.864,844500
4726554.893,844600
4728633.669,844700
4730831.376,844800
4732644.335,844900
4734455.144,845000
4735604.471,845100
4736912.257,845200
4738370.541,845300
4739990.423,845400
4741650.896,845500
4743534.717,845600
4744738.647,845700
4746355.383,845800
4748217.374,845900
4749390.381,846000
4750507.491,846100
4751500.659,846200
4752834.104,846300
4754374.282,846400
4755619.065,846500
4757149.990,846600
4758729.110,846700
4760279.741,846800
4762566.076,846900
4764537.216,847000
4771355.995,847100
4773056.952,847200
4774737.427,847300
4776441.495,847400
4778386.253,847500
4780240.656,847600
4782077.141,847700
4783487.258,847800
4784803.094,847900
4786354.981,848000
4788722.372,848100
4790603.481,848200
4792461.957,848300
4794617.504,848400
4796442.788,848500
4798383.567,848600
4799947.540,848700
4801861.533,848800
4803610.661,848900
4805222.214,849000
4807291.542,849100
4809073.694,849200
4811226.357,849300
4813421.535,849400
4815004.368,849500
4817326.635,849600
4821099.187,849700
4823134.486,849800
4825017.322,849900
4826501.130,850000
4828058.380,850100
4829911.098,850200
4831942.283,850300
4833825.539,850400
4835601.886,850500
4838633.416,850600
4840506.295,850700
4842296.779,850800
4845327.070,850900
4851993.820,851000
4863641.440,851100
4870336.791,851200
4875831.564,851300
4879578.620,851400
4884728.646,851500
4888977.258,851600
4892234.311,851700
4895692.716,851800
4898371.094,851900
4899973.053,852000
4902049.480,852100
4906212.154,852200
4909322.178,852300
4911955.005,852400
4916585.106,852500
4918428.331,852600
4921438.650,852700
4924223.455,852800
4926050.662,852900
4928450.731,853000
4934176.836,853100
4936846.189,853200
4941051.537,853300
4943808.063,853400
4946167.334,853500
4949195.279,853600
4951475.039,853700
4953840.684,853800
4956664.919,853900
4960986.661,854000
4967305.544,854100
4972311.042,854200
4975243.758,854300
4977664.576,854400
4980354.683,854500
4982569.892,854600
4985355.582,854700
4987797.553,854800
4990521.707,854900
4993444.738,855000
5002627.639,855100
5008034.732,855200
5011611.466,855300
5015947.283,855400
5020327.987,855500
5025198.640,855600
5029522.477,855700
5033803.430,855800
5036215.447,855900
5038901.891,856000
5041852.507,856100
5044001.474,856200
5048697.155,856300
5055527.989,856400
5061924.774,856500
5066381.810,856600
5070090.664,856700
5074380.693,856800
5078416.689,856900
5080835.388,857000
5086742.997,857100
5088564.380,857200
5091207.071,857300
5093191.271,857400
5096038.413,857500
5098407.976,857600
5100537.167,857700
5102466.727,857800
5104285.194,857900
5106052.400,858000
5107384.982,858100
5109030.028,858200
5110655.303,858300
5112215.994,858400
5114031.923,858500
5116086.261,858600
5117921.553,858700
5120052.093,858800
5122752.446,858900
5125575.048,859000
5128287.913,859100
5131634.572,859200
5133477.354,859300
5135411.390,859400
5137420.330,859500
5139271.428,859600
5140706.163,859700
5142123.455,859800
5144423.175,859900
5145888.528,860000
5154950.514,860100
5158306.011,860200
5160821.810,860300
5164643.678,860400
5166928.130,860500
5170569.704,860600
5173543.259,860700
5177908.024,860800
5181184.366,860900
5184100.470,861000
5188511.971,861100
5191836.700,861200
5194025.271,861300
5197210.743,861400
5199740.038,861500
5202349.499,861600
5204460.330,861700
5207274.929,861800
5209944.366,861900
5212294.688,862000
5218648.027,862100
5222263.045,862200
5225200.116,862300
5228205.073,862400
5230816.222,862500
5234293.415,862600
5237714.272,862700
5241345.023,862800
5244658.819,862900
5247522.681,863000
5250024.679,863100
5251923.379,863200
5254264.300,863300
5256930.647,863400
5258990.862,863500
5261319.919,863600
5263599.466,863700
5266982.779,863800
5269518.034,863900
5272002.306,864000
5276951.025,864100
5280287.716,864200
5282041.290,864300
5283676.292,864400
5285519.160,864500
5287687.685,864600
5289295.819,864700
5291419.595,864800
5293166.875,864900
5294639.929,865000
5301147.194,865100
5307476.197,865200
5310806.005,865300
5312929.654,865400
5316078.623,865500
5318642.847,865600
5320737.160,865700
5323080.434,865800
5325053.984,865900
5326983.548,866000
5329128.628,866100
5331423.091,866200
5333139.289,866300
5335022.331,866400
5337248.950,866500
5339373.645,866600
5341196.127,866700
5342816.229,866800
5344625.421,866900
5346249.114,867000
5348996.027,867100
5350751.546,867200
5352787.355,867300
5354867.575,867400
5357651.110,867500
5359736.455,867600
5362571.651,867700
5365166.932,867800
5367425.970,867900
5370742.666,868000
5379342.835,868100
5382370.717,868200
5385561.903,868300
5389495.713,868400
5392115.179,868500
5395028.546,868600
5398643.214,868700
5403256.939,868800
5407687.480,868900
5411926.654,869000
5416631.894,869100
5420798.332,869200
5424445.099,869300
5427133.229,869400
5429621.579,869500
5431938.816,869600
5435081.545,869700
5438688.004,869800
5442973.098,869900
5447708.615,870000
5457489.634,870100
5464043.637,870200
5468464.390,870300
5473506.066,870400
5476048.629,870500
5480302.782,870600
5483735.949,870700
5486260.633,870800
5488840.988,870900
5490834.548,871000
5493646.366,871100
5495757.189,871200
5498202.223,871300
5502742.725,871400
5505710.394,871500
5508900.031,871600
5511479.761,871700
5514526.975,871800
5517153.543,871900
5521319.672,872000
5528223.357,872100
5531229.349,872200
5533675.082,872300
5535840.643,872400
5538264.416,872500
5540837.757,872600
5543835.467,872700
5546362.119,872800
5548907.426,872900
5552122.721,873000
5554495.565,873100
5557328.592,873200
5560149.286,873300
5563884.651,873400
5566774.300,873500
5569378.000,873600
5572539.818,873700
5575980.554,873800
5579250.583,873900
5581904.236,874000
5584734.550,874100
5587133.362,874200
5589409.133,874300
5591593.320,874400
5594949.533,874500
5597164.226,874600
5599335.933,874700
5601385.585,874800
5603873.065,874900
5606939.787,875000
5617853.418,875100
5623062.600,875200
5627484.215,875300
5631629.111,875400
5635357.118,875500
5639411.501,875600
5643262.502,875700
5647217.446,875800
5650856.129,875900
5654261.766,876000
5657219.813,876100
5660216.915,876200
5663046.701,876300
5665910.165,876400
5669083.308,876500
5672185.061,876600
5676093.333,876700
5679249.739,876800
5683810.175,876900
5686339.059,877000
5693149.759,877100
5697714.589,877200
5701709.097,877300
5706148.677,877400
5710661.847,877500
5713245.443,877600
5715910.721,877700
5718716.381,877800
5721657.624,877900
5723994.867,878000
5727725.303,878100
5730374.356,878200
5733371.402,878300
5735515.750,878400
5737490.323,878500
5740584.868,878600
5742813.909,878700
5746402.780,878800
5750445.104,878900
5753993.342,879000
5760197.698,879100
5765054.763,879200
5769355.760,879300
5773885.502,879400
5777800.532,879500
5780733.131,879600
5784236.667,879700
5788619.971,879800
5793100.821,879900
5796271.877,880000
5799874.406,880100
5802318.592,880200
5805189.773,880300
5808183.319,880400
5812711.901,880500
5816319.934,880600
5819508.069,880700
5822638.580,880800
5828157.651,880900
5833000.922,881000
5840236.585,881100
5845601.883,881200
5850686.809,881300
5855126.569,881400
5859520.526,881500
5863214.196,881600
5867448.494,881700
5873777.880,881800
5879060.528,881900
5883415.827,882000
5889338.703,882100
5893504.205,882200
5897292.274,882300
5900463.497,882400
5903334.204,882500
5906493.090,882600
5909920.598,882700
5912569.066,882800
5915469.835,882900
5920005.111,883000
5928473.399,883100
5933596.779,883200
5937628.294,883300
5941223.668,883400
5944994.378,883500
5949622.185,883600
5954710.106,883700
5959931.777,883800
5965428.802,883900
5969514.931,884000
5973409.269,884100
5977917.482,884200
5988031.500,884300
5990649.853,884400
5993318.622,884500
5995479.996,884600
5997183.631,884700
5999774.935,884800
6001699.837,884900
6003161.279,885000
6006899.402,885100
6009419.350,885200
6012802.482,885300
6015458.506,885400
6018851.935,885500
6021647.861,885600
6025230.099,885700
6029288.395,885800
6033293.390,885900
6035687.931,886000
6038911.736,886100
6041680.299,886200
6045872.538,886300
6049695.814,886400
6053298.492,886500
6056854.642,886600
6060462.698,886700
6063713.959,886800
6066230.558,886900
6071036.405,887000
6078888.148,887100
6082495.650,887200
6085109.878,887300
6087104.641,887400
6089121.750,887500
6090939.029,887600
6093172.682,887700
6094658.789,887800
6096032.540,887900
6097633.613,888000
6099383.686,888100
6101164.733,888200
6103059.484,888300
6105002.119,888400
6106656.218,888500
6109006.845,888600
6111548.125,888700
6114422.168,888800
6116187.682,888900
6117579.115,889000
6118870.594,889100
6120374.341,889200
6122015.907,889300
6123820.062,889400
6125400.038,889500
6127134.272,889600
6128808.386,889700
6130164.689,889800
6132056.327,889900
6134075.066,890000
6139033.060,890100
6141268.218,890200
6143840.231,890300
6146047.598,890400
6148520.536,890500
6150264.834,890600
6152067.037,890700
6154297.548,890800
6156006.938,890900
6157569.552,891000
6158996.822,891100
6160791.233,891200
6162786.212,891300
6167082.012,891400
6168364.020,891500
6170918.740,891600
6172855.890,891700
6174176.558,891800
6175988.701,891900
6177405.143,892000
6178953.227,892100
6180090.109,892200
6181454.255,892300
6183013.722,892400
6184201.150,892500
6186032.172,892600
6188952.157,892700
6190456.258,892800
6192193.241,892900
6193541.893,893000
6194951.498,893100
6196192.740,893200
6197499.277,893300
6198793.467,893400
6200318.020,893500
6201948.133,893600
6203521.752,893700
6204794.868,893800
6206205.153,893900
6207477.188,894000
6215586.751,894100
6218168.968,894200
6233449.716,894300
6238255.489,894400
6241686.805,894500
6244609.515,894600
6247739.878,894700
6250688.915,894800
6252784.926,894900
6256086.004,895000
6258422.398,895100
6260664.176,895200
6263370.318,895300
6265337.061,895400
6267165.844,895500
6269382.485,895600
6272826.416,895700
6276550.923,895800
6279975.571,895900
6283495.733,896000
6291085.025,896100
6296475.114,896200
6301359.975,896300
6305343.803,896400
6307871.125,896500
6310388.354,896600
6313224.920,896700
6315252.472,896800
6317363.569,896900
6319324.694,897000
6321442.913,897100
6323245.354,897200
6324748.837,897300
6326358.755,897400
6328227.528,897500
6330054.306,897600
6332054.208,897700
6334502.243,897800
6337810.942,897900
6339849.310,898000
6341685.910,898100
6343490.705,898200
6345610.359,898300
6347903.338,898400
6350472.252,898500
6352234.694,898600
6354590.021,898700
6356846.177,898800
6358342.667,898900
6360106.450,899000
6368643.454,899100
6372496.441,899200
6375291.785,899300
6378792.980,899400
6381589.833,899500
6385162.331,899600
6387903.171,899700
6390563.104,899800
6392708.790,899900
6395178.648,900000
6397249.191,900100
6399122.560,900200
6400877.474,900300
6402796.783,900400
6404651.056,900500
6407106.818,900600
6409321.350,900700
6411187.201,900800
6413192.727,900900
6415110.241,901000
6417620.318,901100
6420013.987,901200
6422047.940,901300
6424850.050,901400
6426757.737,901500
6429371.524,901600
6431918.645,901700
6433781.899,901800
6435589.076,901900
6438858.463,902000
6444692.075,902100
6446795.116,902200
6449629.363,902300
6451619.046,902400
6454104.709,902500
6456460.742,902600
6458779.019,902700
6460582.200,902800
6462352.044,902900
6464145.733,903000
6465851.539,903100
6467592.165,903200
6469052.343,903300
6470671.587,903400
6472950.572,903500
6474971.253,903600
6476804.869,903700
6478760.995,903800
6480605.263,903900
6482334.197,904000
6484285.264,904100
6485620.202,904200
6486670.761,904300
6488690.283,904400
6491137.961,904500
6492954.996,904600
6494869.329,904700
6496721.280,904800
6498727.620,904900
6501573.864,905000
6509623.775,905100
6513060.522,905200
6516267.147,905300
6518957.755,905400
6522341.951,905500
6525344.195,905600
6527362.380,905700
6529313.948,905800
6531912.492,905900
6534018.294,906000
6537203.873,906100
6539046.871,906200
6541150.249,906300
6543018.995,906400
6545276.608,906500
6547163.515,906600
6549606.939,906700
6553859.602,906800
6555963.151,906900
6558056.046,907000
6559828.540,907100
6561324.601,907200
6562873.304,907300
6564734.234,907400
6566644.323,907500
6568564.791,907600
6571618.630,907700
6573594.716,907800
6575688.005,907900
6577930.398,908000
6584429.856,908100
6587552.979,908200
6589832.369,908300
6591735.164,908400
6593896.838,908500
6595805.052,908600
6597395.075,908700
6599484.951,908800
6601446.081,908900
6603136.354,909000
6604964.543,909100
6606924.156,909200
6609097.993,909300
6610932.278,909400
6613045.339,909500
6615719.566,909600
6617298.578,909700
6619594.753,909800
6621684.206,909900
6623352.095,910000
6625629.062,910100
6627514.045,910200
6630156.124,910300
6632076.058,910400
6633613.192,910500
6635339.767,910600
6637578.257,910700
6639180.925,910800
6641251.932,910900
6642989.469,911000
6648913.214,911100
6651496.055,911200
6653915.109,911300
6656094.745,911400
6658225.281,911500
6660641.415,911600
6663300.148,911700
6665390.210,911800
6667279.255,911900
6669509.540,912000
6671189.178,912100
6673304.243,912200
6675332.807,912300
6676835.343,912400
6678547.350,912500
6680398.555,912600
6681772.714,912700
6683268.804,912800
6684920.942,912900
6686737.341,913000
6689102.416,913100
6691232.321,913200
6692958.791,913300
6694914.388,913400
6696260.782,913500
6698074.499,913600
6699594.576,913700
6702036.629,913800
6703897.780,913900
6705482.537,914000
6707042.748,914100
6708390.587,914200
6709986.740,914300
6712043.026,914400
6714394.875,914500
6715770.921,914600
6717200.393,914700
6718635.467,914800
6720596.735,914900
6722642.777,915000
6730019.339,915100
6733059.452,915200
6735450.175,915300
6737383.034,915400
6739316.351,915500
6740815.175,915600
6742744.778,915700
6745579.074,915800
6747706.501,915900
6749591.627,916000
6752061.909,916100
6753887.770,916200
6756306.191,916300
6758620.187,916400
6760686.204,916500
6763264.973,916600
6764905.324,916700
6766619.792,916800
6768426.790,916900
6770381.283,917000
6772422.513,917100
6773998.269,917200
6776325.023,917300
6778728.669,917400
6781245.135,917500
6783927.253,917600
6786192.935,917700
6788757.217,917800
6790309.151,917900
6793002.776,918000
6804087.602,918100
6810538.746,918200
6814428.364,918300
6817596.665,918400
6821326.044,918500
6825108.562,918600
6827079.788,918700
6829423.284,918800
6831476.775,918900
6833437.915,919000
6835371.138,919100
6837172.841,919200
6839004.963,919300
6841733.095,919400
6843653.391,919500
6845951.678,919600
6847431.738,919700
6848588.271,919800
6850820.675,919900
6853054.294,920000
6855238.945,920100
6857323.393,920200
6858951.861,920300
6860735.123,920400
6862596.399,920500
6864187.282,920600
6865707.718,920700
6867494.879,920800
6868945.604,920900
6870851.876,921000
6877065.236,921100
6879338.575,921200
6881549.579,921300
6883672.746,921400
6885684.577,921500
6887430.526,921600
6889360.765,921700
6891159.040,921800
6892554.673,921900
6894318.696,922000
6896592.830,922100
6899266.841,922200
6901844.380,922300
6903824.839,922400
6905495.075,922500
6907831.882,922600
6909499.387,922700
6911876.551,922800
6913305.324,922900
6914987.608,923000
6916981.282,923100
6918984.897,923200
6920583.453,923300
6922534.734,923400
6924369.343,923500
6926674.190,923600
6928737.843,923700
6930314.932,923800
6931602.183,923900
6933312.860,924000
6935719.800,924100
6938646.767,924200
6940359.446,924300
6942166.441,924400
6944608.779,924500
6947687.849,924600
6950074.003,924700
6952244.230,924800
6953617.560,924900
6955439.254,925000
6963221.755,925100
6967639.679,925200
6970494.920,925300
6973084.897,925400
6975255.662,925500
6977496.601,925600
6979609.606,925700
6981830.385,925800
6983801.549,925900
6986159.006,926000
6989429.014,926100
6991603.698,926200
6993498.305,926300
6995657.745,926400
6999788.071,926500
7002572.481,926600
7004948.788,926700
7006316.208,926800
7008959.239,926900
7010629.959,927000
7012500.164,927100
7015082.229,927200
7017365.568,927300
7019070.325,927400
7021546.378,927500
7023426.290,927600
7024875.933,927700
7026608.052,927800
7028110.018,927900
7029705.077,928000
7035559.628,928100
7039050.572,928200
7041351.873,928300
7045041.381,928400
7046978.828,928500
7048656.450,928600
7049818.568,928700
7051408.999,928800
7053014.544,928900
7054711.884,929000
7056364.920,929100
7057967.327,929200
7059746.871,929300
7061514.639,929400
7062907.169,929500
7064128.620,929600
7065415.858,929700
7066785.278,929800
7067896.285,929900
7069190.236,930000
7071175.895,930100
7073469.999,930200
7075907.567,930300
7078272.228,930400
7080887.533,930500
7082936.223,930600
7084716.205,930700
7086369.286,930800
7089384.181,930900
7090856.613,931000
7092570.726,931100
7094265.622,931200
7096170.731,931300
7098071.174,931400
7100281.666,931500
7103452.381,931600
7105263.018,931700
7107793.972,931800
7110155.934,931900
7111262.540,932000
7119094.371,932100
7122425.381,932200
7125283.520,932300
7127642.116,932400
7131025.840,932500
7136634.164,932600
7139775.003,932700
7142310.573,932800
7144478.757,932900
7146195.287,933000
7148177.212,933100
7150266.210,933200
7152357.347,933300
7154037.911,933400
7155564.910,933500
7157629.028,933600
7159527.013,933700
7161953.206,933800
7164104.234,933900
7165692.268,934000
7167560.804,934100
7169656.385,934200
7171990.292,934300
7174096.437,934400
7175623.518,934500
7178308.948,934600
7180252.891,934700
7182224.865,934800
7184098.225,934900
7185769.006,935000
7192314.646,935100
7197698.171,935200
7200118.321,935300
7201379.959,935400
7202764.945,935500
7203885.138,935600
7205030.626,935700
7206449.550,935800
7207710.214,935900
7209067.473,936000
7211060.202,936100
7212116.259,936200
7213421.865,936300
7214723.744,936400
7216031.720,936500
7217459.498,936600
7218230.279,936700
7219203.104,936800
7220249.048,936900
7221351.217,937000
7222419.687,937100
7224006.589,937200
7225133.497,937300
7226115.841,937400
7227235.982,937500
7228694.457,937600
7229879.394,937700
7231308.253,937800
7232539.240,937900
7235812.319,938000
7237656.527,938100
7239164.992,938200
7240854.772,938300
7242079.344,938400
7243683.324,938500
7245031.854,938600
7246618.070,938700
7248127.168,938800
7249366.120,938900
7250647.402,939000
7256933.132,939100
7259675.014,939200
7262667.497,939300
7265061.499,939400
7268493.968,939500
7270184.752,939600
7271989.379,939700
7273740.765,939800
7275581.997,939900
7277144.114,940000
7279265.371,940100
7281118.274,940200
7282831.475,940300
7284914.475,940400
7287072.783,940500
7289550.567,940600
7291126.151,940700
7292748.810,940800
7294644.866,940900
7296766.229,941000
7298544.715,941100
7299959.252,941200
7301291.126,941300
7303212.091,941400
7304949.580,941500
7306097.510,941600
7307440.524,941700
7308688.125,941800
7309982.030,941900
7311589.167,942000
7312842.939,942100
7314253.116,942200
7315255.336,942300
7316589.165,942400
7317877.783,942500
7319240.653,942600
7320398.052,942700
7321363.484,942800
7323367.406,942900
7324987.275,943000
7331784.657,943100
7333509.206,943200
7335421.649,943300
7337136.529,943400
7338606.005,943500
7340475.141,943600
7342195.663,943700
7343593.262,943800
7345294.283,943900
7346896.201,944000
7348620.419,944100
7350345.924,944200
7351963.658,944300
7353662.175,944400
7355305.289,944500
7356796.680,944600
7358125.891,944700
7359732.381,944800
7361092.127,944900
7362622.370,945000
7364647.233,945100
7368445.986,945200
7370487.277,945300
7372680.217,945400
7374520.806,945500
7376145.605,945600
7377672.741,945700
7378996.305,945800
7380348.333,945900
7382537.794,946000
7384264.751,946100
7385789.907,946200
7388229.636,946300
7389607.940,946400
7391057.488,946500
7393315.138,946600
7394595.961,946700
7395855.736,946800
7397408.196,946900
7398474.167,947000
7407827.945,947100
7411433.777,947200
7414945.388,947300
7420443.155,947400
7424500.529,947500
7427997.802,947600
7430987.619,947700
7433896.163,947800
7437126.103,947900
7439862.944,948000
7442648.260,948100
7444996.882,948200
7446799.303,948300
7449497.716,948400
7451629.051,948500
7453247.971,948600
7455088.476,948700
7456426.707,948800
7457759.306,948900
7459195.907,949000
7460811.793,949100
7462425.070,949200
7464176.876,949300
7465766.926,949400
7467158.686,949500
7468831.802,949600
7470348.993,949700
7471537.129,949800
7472873.018,949900
7474341.289,950000
7479710.186,950100
7481768.235,950200
7484115.394,950300
7486013.411,950400
7488030.135,950500
7490019.154,950600
7491493.464,950700
7492641.595,950800
7493903.215,950900
7495168.618,951000
7496550.310,951100
7498245.923,951200
7499837.386,951300
7501024.289,951400
7502540.402,951500
7504019.996,951600
7505492.438,951700
7506741.499,951800
7508136.802,951900
7509753.317,952000
7511427.763,952100
7513462.202,952200
7515578.118,952300
7517403.684,952400
7519126.235,952500
7521570.567,952600
7523196.398,952700
7524960.145,952800
7527293.040,952900
7529530.811,953000
7530938.313,953100
7532327.829,953200
7534032.478,953300
7535877.990,953400
7537399.605,953500
7539189.946,953600
7540645.814,953700
7543285.786,953800
7546020.740,953900
7547389.984,954000
7555228.090,954100
7558900.840,954200
7561700.734,954300
7563554.529,954400
7565377.457,954500
7567267.014,954600
7568810.051,954700
7570990.913,954800
7573155.220,954900
7574877.689,955000
7577063.688,955100
7578958.716,955200
7581001.283,955300
7583187.466,955400
7585215.889,955500
7586725.583,955600
7588145.957,955700
7589756.403,955800
7591528.880,955900
7593599.326,956000
7595384.741,956100
7597850.136,956200
7599681.975,956300
7601649.406,956400
7603200.673,956500
7604735.818,956600
7606297.214,956700
7607622.842,956800
7608897.947,956900
7610869.874,957000
7612461.168,957100
7614143.004,957200
7615501.894,957300
7617002.736,957400
7618525.190,957500
7620512.519,957600
7621670.526,957700
7622880.024,957800
7624298.271,957900
7625539.125,958000
7636704.806,958100
7642130.901,958200
7645959.759,958300
7650523.421,958400
7654237.954,958500
7656647.923,958600
7658537.339,958700
7660776.775,958800
7663063.186,958900
7665375.416,959000
7667890.280,959100
7669927.854,959200
7671714.823,959300
7673373.130,959400
7675449.062,959500
7677194.508,959600
7678588.578,959700
7680174.752,959800
7681754.349,959900
7683769.550,960000
7685590.735,960100
7687955.043,960200
7689955.907,960300
7696834.911,960400
7706829.371,960500
7710976.626,960600
7714706.658,960700
7718199.131,960800
7721238.816,960900
7724357.810,961000
7732323.940,961100
7736147.033,961200
7739250.589,961300
7741948.092,961400
7744529.095,961500
7746495.934,961600
7748299.494,961700
7750235.214,961800
7751925.363,961900
7753717.850,962000
7755659.035,962100
7757744.108,962200
7759283.872,962300
7761254.271,962400
7763065.783,962500
7764853.512,962600
7766395.694,962700
7768211.326,962800
7769987.222,962900
7771840.545,963000
7773694.720,963100
7775494.262,963200
7777599.490,963300
7780910.802,963400
7783240.795,963500
7785026.235,963600
7786717.269,963700
7788557.373,963800
7790583.089,963900
7793476.050,964000
7802235.691,964100
7805333.290,964200
8787559.788,0
8787775.209,100
8787786.664,200
8787796.141,300
8787804.984,400
8787813.878,500
8787823.890,600
8787833.135,700
8787842.139,800
8787851.150,900
8787860.664,1000
8787871.888,1100
8787880.530,1200
8787889.406,1300
8787898.336,1400
8787906.801,1500
8787915.643,1600
8787924.215,1700
8787932.887,1800
8787942.018,1900
8787950.561,2000
8787963.952,2100
8787972.906,2200
8787981.434,2300
8787989.982,2400
8787999.118,2500
8788008.283,2600
8788017.173,2700
8788025.852,2800
8788034.984,2900
8788043.598,3000
8788052.798,3100
8788062.075,3200
8788070.994,3300
8788079.996,3400
8788088.516,3500
8788097.765,3600
8788106.650,3700
8788115.323,3800
8788124.384,3900
8788133.120,4000
8788160.560,4100
8788169.710,4200
8788178.884,4300
8788188.212,4400
8788197.614,4500
8788206.821,4600
8788216.063,4700
8788224.687,4800
8788233.940,4900
8788242.599,5000
8788251.342,5100
8788260.415,5200
8788269.531,5300
8788278.374,5400
8788286.828,5500
8788296.276,5600
8788305.063,5700
8788314.052,5800
8788323.046,5900
8788331.782,6000
8788340.927,6100
8788350.100,6200
8788359.099,6300
8788368.464,6400
8788377.265,6500
8788386.075,6600
8788394.698,6700
8788404.299,6800
8788412.835,6900
8788421.655,7000
8788430.660,7100
8788439.804,7200
8788448.778,7300
8788458.191,7400
8788467.116,7500
8788476.208,7600
8788484.861,7700
8788493.472,7800
8788502.398,7900
8788511.462,8000
8788520.433,8100
8788576.878,8200
8788587.027,8300
8788595.692,8400
8788604.399,8500
8788614.978,8600
8788624.360,8700
8788633.381,8800
8788642.251,8900
8788651.123,9000
8788660.118,9100
8788669.260,9200
8788677.949,9300
8788687.203,9400
8788696.061,9500
8788705.000,9600
8788713.823,9700
8788723.532,9800
8788732.730,9900
8789016.056,10000
8789026.889,10100
8789036.077,10200
8789045.598,10300
8789054.549,10400
8789063.919,10500
8789073.000,10600
8789082.318,10700
8789091.179,10800
8789100.185,10900
8789108.691,11000
8789118.794,11100
8789127.696,11200
8789136.549,11300
8789145.852,11400
8789154.735,11500
8789164.188,11600
8789173.343,11700
8789182.125,11800
8789191.098,11900
8789199.832,12000
8789210.302,12100
8789219.424,12200
8789228.193,12300
8789237.467,12400
8789246.251,12500
8789255.023,12600
8789263.967,12700
8789273.194,12800
8789282.215,12900
8789290.708,13000
8789300.045,13100
8789309.330,13200
8789318.026,13300
8789327.018,13400
8789335.923,13500
8789344.752,13600
8789353.669,13700
8789362.744,13800
8789371.667,13900
8789380.835,14000
8789393.214,14100
8789402.391,14200
8789411.708,14300
8789420.436,14400
8789429.102,14500
8789438.106,14600
8789447.231,14700
8789456.509,14800
8789465.444,14900
8789474.533,15000
8789483.322,15100
8789492.199,15200
8789501.226,15300
8789510.305,15400
8789519.124,15500
8789528.488,15600
8789537.062,15700
8789545.878,15800
8789554.737,15900
8789564.063,16000
8789573.279,16100
8789582.488,16200
8789590.951,16300
8789599.841,16400
8789608.471,16500
8789617.943,16600
8789627.203,16700
8789636.569,16800
8789645.713,16900
8789654.726,17000
8789664.000,17100
8789673.345,17200
8789682.786,17300
8789692.309,17400
8789701.118,17500
8789710.052,17600
8789719.166,17700
8789728.372,17800
8789737.906,17900
8789749.958,18000
8789759.313,18100
8789778.476,18200
8789787.879,18300
8789797.010,18400
8789806.788,18500
8789816.306,18600
8789825.213,18700
8789834.343,18800
8789843.254,18900
8789852.571,19000
8789862.128,19100
8789871.452,19200
8789880.526,19300
8789889.735,19400
8789899.139,19500
8789908.066,19600
8789917.515,19700
8789926.877,19800
8789936.173,19900
8790092.786,20000
8790103.688,20100
8790112.875,20200
8790122.234,20300
8790132.056,20400
8790141.599,20500
8790150.679,20600
8790159.737,20700
8790168.823,20800
8790178.114,20900
8790187.112,21000
8790196.765,21100
8790205.827,21200
8790215.037,21300
8790225.280,21400
8790234.648,21500
8790244.338,21600
8790253.617,21700
8790262.582,21800
8790271.634,21900
8790280.406,22000
8790291.372,22100
8790300.356,22200
8790309.416,22300
8790318.953,22400
8790328.419,22500
8790337.592,22600
8790346.734,22700
8790355.793,22800
8790365.081,22900
8790373.837,23000
8790382.614,23100
8790392.006,23200
8790400.819,23300
8790409.833,23400
8790419.348,23500
8790428.584,23600
8790437.871,23700
8790446.661,23800
8790455.708,23900
8790464.578,24000
8790476.062,24100
8790484.855,24200
8790494.508,24300
8790503.449,24400
8790512.851,24500
8790522.400,24600
8790531.503,24700
8790540.324,24800
8790549.922,24900
8790558.824,25000
8790568.756,25100
8790578.317,25200
8790587.385,25300
8790596.192,25400
8790605.195,25500
8790614.298,25600
8790623.385,25700
8790632.591,25800
8790641.542,25900
8790650.450,26000
8790659.425,26100
8790669.068,26200
8790678.461,26300
8790687.371,26400
8790696.840,26500
8790706.275,26600
8790715.481,26700
8790724.301,26800
8790734.229,26900
8790743.623,27000
8790752.747,27100
8790761.336,27200
8790772.690,27300
8790781.769,27400
8790791.151,27500
8790800.194,27600
8790809.411,27700
8790818.399,27800
8790827.297,27900
8790836.084,28000
8790844.882,28100
8790862.354,28200
8790871.642,28300
8790880.904,28400
8790889.946,28500
8790899.161,28600
8790908.319,28700
8790917.290,28800
8790926.283,28900
8790935.207,29000
8790944.236,29100
8790955.959,29200
8790965.236,29300
8790974.305,29400
8790983.739,29500
8790992.188,29600
8791001.737,29700
8791011.463,29800
8791020.567,29900
8791151.768,30000
8791162.376,30100
8791171.530,30200
8791180.687,30300
8791189.913,30400
8791199.016,30500
8791208.659,30600
8791217.309,30700
8791226.008,30800
8791234.744,30900
8791243.551,31000
8791253.287,31100
8791262.398,31200
8791271.468,31300
8791280.387,31400
8791289.631,31500
8791298.746,31600
8791307.398,31700
8791316.666,31800
8791325.363,31900
8791334.246,32000
8791344.993,32100
8791353.862,32200
8791362.848,32300
8791371.987,32400
8791381.571,32500
8791389.854,32600
8791398.693,32700
8791407.597,32800
8791416.458,32900
8791425.661,33000
8791434.309,33100
8791443.146,33200
8791451.788,33300
8791460.806,33400
8791469.760,33500
8791478.599,33600
8791487.810,33700
8791496.845,33800
8791505.488,33900
8791514.991,34000
8791525.901,34100
8791535.098,34200
8791544.069,34300
8791552.737,34400
8791562.557,34500
8791571.856,34600
8791581.139,34700
8791589.894,34800
8791598.673,34900
8791607.218,35000
8791615.976,35100
8791625.199,35200
8791633.847,35300
8791642.977,35400
8791651.568,35500
8791660.780,35600
8791670.319,35700
8791679.606,35800
8791688.711,35900
8791696.464,36000
8791705.472,36100
8791714.974,36200
8791723.823,36300
8791732.732,36400
8791741.333,36500
8791750.814,36600
8791759.404,36700
8791768.799,36800
8791777.774,36900
8791786.699,37000
8791795.779,37100
8791804.793,37200
8791813.371,37300
8791822.277,37400
8791831.229,37500
8791840.343,37600
8791849.455,37700
8791860.829,37800
8791870.510,37900
8791879.210,38000
8791888.393,38100
8791906.229,38200
8791915.347,38300
8791924.851,38400
8791933.549,38500
8791942.659,38600
8791951.806,38700
8791960.874,38800
8791970.082,38900
8791980.088,39000
8791989.558,39100
8791998.748,39200
8792007.566,39300
8792017.849,39400
8792027.292,39500
8792037.225,39600
8792046.973,39700
8792055.691,39800
8792064.715,39900
8792206.833,40000
8792217.608,40100
8792226.847,40200
8792235.985,40300
8792245.331,40400
8792254.875,40500
8792264.159,40600
8792273.821,40700
8792283.148,40800
8792292.452,40900
8792301.900,41000
8792311.736,41100
8792321.001,41200
8792329.630,41300
8792338.695,41400
8792347.767,41500
8792356.904,41600
8792365.659,41700
8792375.320,41800
8792383.793,41900
8792392.583,42000
8792403.046,42100
8792411.841,42200
8792420.573,42300
8792429.835,42400
8792439.575,42500
8792448.989,42600
8792457.838,42700
8792466.998,42800
8792475.920,42900
8792484.835,43000
8792494.097,43100
8792503.067,43200
8792512.427,43300
8792522.245,43400
8792531.490,43500
8792540.643,43600
8792550.152,43700
8792559.676,43800
8792568.742,43900
8792577.937,44000
8792589.605,44100
8792598.760,44200
8792608.135,44300
8792616.817,44400
8792626.809,44500
8792636.217,44600
8792645.064,44700
8792654.928,44800
8792664.862,44900
8792674.098,45000
8792683.121,45100
8792692.259,45200
8792701.010,45300
8792710.196,45400
8792719.516,45500
8792728.515,45600
8792737.611,45700
8792747.383,45800
8792756.794,45900
8792766.303,46000
8792774.898,46100
8792784.465,46200
8792794.015,46300
8792804.737,46400
8792814.165,46500
8792823.632,46600
8792832.599,46700
8792841.793,46800
8792850.863,46900
8792859.767,47000
8792869.771,47100
8792879.311,47200
8792888.681,47300
8792900.285,47400
8792909.768,47500
8792918.413,47600
8792928.008,47700
8792936.835,47800
8792946.348,47900
8792955.026,48000
8792964.555,48100
8792982.488,48200
8792991.905,48300
8793000.778,48400
8793010.707,48500
8793019.878,48600
8793029.083,48700
8793038.288,48800
8793047.732,48900
8793057.299,49000
8793067.151,49100
8793077.706,49200
8793087.299,49300
8793096.393,49400
8793105.348,49500
8793114.488,49600
8793123.745,49700
8793133.650,49800
8793143.559,49900
8793283.818,50000
8793294.838,50100
8793304.297,50200
8793314.380,50300
8793324.336,50400
8793333.483,50500
8793343.399,50600
8793353.153,50700
8793362.913,50800
8793372.914,50900
8793382.084,51000
8793393.272,51100
8793402.740,51200
8793412.741,51300
8793422.193,51400
8793432.081,51500
8793441.633,51600
8793451.194,51700
8793463.332,51800
8793473.039,51900
8793482.640,52000
8793493.782,52100
8793503.511,52200
8793513.281,52300
8793522.628,52400
8793532.374,52500
8793542.906,52600
8793552.691,52700
8793562.781,52800
8793572.312,52900
8793582.179,53000
8793592.105,53100
8793601.477,53200
8793612.086,53300
8793621.605,53400
8793632.425,53500
8793642.385,53600
8793651.787,53700
8793661.273,53800
8793671.166,53900
8793680.834,54000
8793693.225,54100
8793702.654,54200
8793712.242,54300
8793722.523,54400
8793732.442,54500
8793742.222,54600
8793751.550,54700
8793762.006,54800
8793771.503,54900
8793780.992,55000
8793791.114,55100
8793800.589,55200
8793810.580,55300
8793820.576,55400
8793830.674,55500
8793840.880,55600
8793850.456,55700
8793860.052,55800
8793870.368,55900
8793880.242,56000
8793890.166,56100
8793899.651,56200
8793909.421,56300
8793919.264,56400
8793928.666,56500
8793938.184,56600
8793947.889,56700
8793957.649,56800
8793967.781,56900
8793979.698,57000
8793989.771,57100
8793999.187,57200
8794009.090,57300
8794019.118,57400
8794029.323,57500
8794038.697,57600
8794048.776,57700
8794058.659,57800
8794068.563,57900
8794078.785,58000
8794088.631,58100
8794107.337,58200
8794117.069,58300
8794127.309,58400
8794137.023,58500
8794147.140,58600
8794158.413,58700
8794168.574,58800
8794178.970,58900
8794189.270,59000
8794199.390,59100
8794209.330,59200
8794219.813,59300
8794230.748,59400
8794240.256,59500
8794250.059,59600
8794260.424,59700
8794270.188,59800
8794280.180,59900
8794414.343,60000
8794425.552,60100
8794435.848,60200
8794446.079,60300
8794455.998,60400
8794466.843,60500
8794477.765,60600
8794487.340,60700
8794497.710,60800
8794507.507,60900
8794518.369,61000
8794529.352,61100
8794539.202,61200
8794549.994,61300
8794559.907,61400
8794569.444,61500
8794579.726,61600
8794590.196,61700
8794599.717,61800
8794609.253,61900
8794618.913,62000
8794631.344,62100
8794641.478,62200
8794651.576,62300
8794661.706,62400
8794671.487,62500
8794682.181,62600
8794692.434,62700
8794702.087,62800
8794712.149,62900
8794722.024,63000
8794732.042,63100
8794742.613,63200
8794752.721,63300
8794763.258,63400
8794773.819,63500
8794784.091,63600
8794793.545,63700
8794804.051,63800
8794813.599,63900
8794824.223,64000
8794836.209,64100
8794846.414,64200
8794856.129,64300
8794866.458,64400
8794876.507,64500
8794886.149,64600
8794896.417,64700
8794906.010,64800
8794915.876,64900
8794925.942,65000
8794936.339,65100
8794946.968,65200
8794956.730,65300
8794966.243,65400
8794976.075,65500
8794988.444,65600
8795000.298,65700
8795011.676,65800
8795023.036,65900
8795034.622,66000
8795045.665,66100
8795057.274,66200
8795068.378,66300
8795079.069,66400
8795090.524,66500
8795104.443,66600
8795115.658,66700
8795126.207,66800
8795137.879,66900
8795149.251,67000
8795159.995,67100
8795170.619,67200
8795184.368,67300
8795197.373,67400
8795208.653,67500
8795218.537,67600
8795229.065,67700
8795240.081,67800
8795252.302,67900
8795264.274,68000
8795276.124,68100
8795297.408,68200
8795308.343,68300
8795319.693,68400
8795330.431,68500
8795342.243,68600
8795353.327,68700
8795366.057,68800
8795377.468,68900
8795389.179,69000
8795400.645,69100
8795411.527,69200
8795423.822,69300
8795435.600,69400
8795446.851,69500
8795458.134,69600
8795470.133,69700
8795481.655,69800
8795493.503,69900
8795629.664,70000
8795642.809,70100
8795653.792,70200
8795665.179,70300
8795676.565,70400
8795687.123,70500
8795700.511,70600
8795712.123,70700
8795723.516,70800
8795735.948,70900
8795746.372,71000
8795759.162,71100
8795769.995,71200
8795780.347,71300
8795790.955,71400
8795801.543,71500
8795812.284,71600
8795823.103,71700
8795833.296,71800
8795843.714,71900
8795854.352,72000
8795867.952,72100
8795879.145,72200
8795889.437,72300
8795900.722,72400
8795911.027,72500
8795922.157,72600
8795933.365,72700
8795944.670,72800
8795955.393,72900
8795965.634,73000
8795976.369,73100
8795987.656,73200
8796000.353,73300
8796011.383,73400
8796022.082,73500
8796031.913,73600
8796042.815,73700
8796054.229,73800
8796064.892,73900
8796075.816,74000
8796088.571,74100
8796099.359,74200
8796109.234,74300
8796119.317,74400
8796130.000,74500
8796140.340,74600
8796152.071,74700
8796163.647,74800
8796175.206,74900
8796187.006,75000
8796198.729,75100
8796210.133,75200
8796220.907,75300
8796231.850,75400
8796243.411,75500
8796254.134,75600
8796265.189,75700
8796276.097,75800
8796290.095,75900
8796300.771,76000
8796311.020,76100
8796323.343,76200
8796333.596,76300
8796344.752,76400
8796355.546,76500
8796366.913,76600
8796377.663,76700
8796389.595,76800
8796400.602,76900
8796411.510,77000
8796422.743,77100
8796434.393,77200
8796445.905,77300
8796457.496,77400
8796469.430,77500
8796480.476,77600
8796491.777,77700
8796503.175,77800
8796514.975,77900
8796525.410,78000
8796535.865,78100
8796555.721,78200
8796567.278,78300
8796578.096,78400
8796589.090,78500
8796599.961,78600
8796610.924,78700
8796622.461,78800
8796634.387,78900
8796645.969,79000
8796657.369,79100
8796668.041,79200
8796679.111,79300
8796690.939,79400
8796703.019,79500
8796714.378,79600
8796724.994,79700
8796736.610,79800
8796747.402,79900
8796895.436,80000
8796908.223,80100
8796918.941,80200
8796930.290,80300
8796941.942,80400
8796953.124,80500
8796963.737,80600
8796974.571,80700
8796985.724,80800
8796997.092,80900
8797008.886,81000
8797021.976,81100
8797035.290,81200
8797047.785,81300
8797062.023,81400
8797073.336,81500
8797085.212,81600
8797096.030,81700
8797107.660,81800
8797118.983,81900
8797130.444,82000
8797144.085,82100
8797155.003,82200
8797167.168,82300
8797178.873,82400
8797189.930,82500
8797200.543,82600
8797213.447,82700
8797226.319,82800
8797238.256,82900
8797250.882,83000
8797262.365,83100
8797274.822,83200
8797287.166,83300
8797300.312,83400
8797312.417,83500
8797325.346,83600
8797337.453,83700
8797349.324,83800
8797360.705,83900
8797371.488,84000
8797385.899,84100
8797398.142,84200
8797410.889,84300
8797421.529,84400
8797433.167,84500
8797444.536,84600
8797455.967,84700
8797468.025,84800
8797479.604,84900
8797491.475,85000
8797502.986,85100
8797514.011,85200
8797524.972,85300
8797536.054,85400
8797549.949,85500
8797561.887,85600
8797572.591,85700
8797584.109,85800
8797594.986,85900
8797606.482,86000
8797618.758,86100
8797630.553,86200
8797643.460,86300
8797655.442,86400
8797667.985,86500
8797680.013,86600
8797691.053,86700
8797703.369,86800
8797716.405,86900
8797728.177,87000
8797740.192,87100
8797751.474,87200
8797763.887,87300
8797775.636,87400
8797787.100,87500
8797797.985,87600
8797809.749,87700
8797821.478,87800
8797833.281,87900
8797844.979,88000
8797856.160,88100
8797876.970,88200
8797888.766,88300
8797899.841,88400
8797911.797,88500
8797922.999,88600
8797933.709,88700
8797944.365,88800
8797956.111,88900
8797967.597,89000
8797979.173,89100
8797990.176,89200
8798000.602,89300
8798011.489,89400
8798022.006,89500
8798033.299,89600
8798044.282,89700
8798055.766,89800
8798067.783,89900
8798221.801,90000
8798234.642,90100
8798245.609,90200
8798257.206,90300
8798269.212,90400
8798281.150,90500
8798294.025,90600
8798304.837,90700
8798316.485,90800
8798327.779,90900
8798339.560,91000
8798351.444,91100
8798362.838,91200
8798374.704,91300
8798386.449,91400
8798397.376,91500
8798408.260,91600
8798418.416,91700
8798429.468,91800
8798441.253,91900
8798452.018,92000
8798469.400,92100
8798484.533,92200
8798496.991,92300
8798507.374,92400
8798519.011,92500
8798530.480,92600
8798541.586,92700
8798554.617,92800
8798570.667,92900
8798586.706,93000
8798601.912,93100
8798615.509,93200
8798626.703,93300
8798639.812,93400
8798651.622,93500
8798663.556,93600
8798679.405,93700
8798694.872,93800
8798709.306,93900
8798722.572,94000
8798737.866,94100
8798750.089,94200
8798762.246,94300
8798773.822,94400
8798785.517,94500
8798798.074,94600
8798810.332,94700
8798822.638,94800
8798835.319,94900
8798848.301,95000
8798860.637,95100
8798876.792,95200
8798888.693,95300
8798901.359,95400
8798912.059,95500
8798924.830,95600
8798936.212,95700
8798948.092,95800
8798959.877,95900
8798971.168,96000
8798984.080,96100
8798996.499,96200
8799008.752,96300
8799021.761,96400
8799034.468,96500
8799046.107,96600
8799058.462,96700
8799071.392,96800
8799084.517,96900
8799097.326,97000
8799111.111,97100
8799123.811,97200
8799138.439,97300
8799152.671,97400
8799166.036,97500
8799180.228,97600
8799192.889,97700
8799205.913,97800
8799218.867,97900
8799232.190,98000
8799245.147,98100
8799266.921,98200
8799280.549,98300
8799292.396,98400
8799305.798,98500
8799320.358,98600
8799332.519,98700
8799345.225,98800
8799358.109,98900
8799371.574,99000
8799384.397,99100
8799398.757,99200
8799411.755,99300
8799425.174,99400
8799438.786,99500
8799451.129,99600
8799463.703,99700
8799476.357,99800
8799489.149,99900
8799659.097,100000
8799674.618,100100
8799688.818,100200
8799701.513,100300
8799713.956,100400
8799726.021,100500
8799739.586,100600
8799751.125,100700
8799764.018,100800
8799778.136,100900
8799792.053,101000
8799805.712,101100
8799818.893,101200
8799832.141,101300
8799845.490,101400
8799858.299,101500
8799871.779,101600
8799885.541,101700
8799902.864,101800
8799916.085,101900
8799928.875,102000
8799945.072,102100
8799959.539,102200
8799972.116,102300
8799984.594,102400
8799997.723,102500
8800011.615,102600
8800024.148,102700
8800037.671,102800
8800051.462,102900
8800063.593,103000
8800076.976,103100
8800088.607,103200
8800102.048,103300
8800115.579,103400
8800128.238,103500
8800141.868,103600
8800154.682,103700
8800167.779,103800
8800181.374,103900
8800195.635,104000
8800214.666,104100
8800228.877,104200
8800243.724,104300
8800257.869,104400
8800271.862,104500
8800285.919,104600
8800298.940,104700
8800312.719,104800
8800325.829,104900
8800339.370,105000
8800353.575,105100
8800367.533,105200
8800382.738,105300
8800398.712,105400
8800412.934,105500
8800426.534,105600
8800439.599,105700
8800453.321,105800
8800467.708,105900
8800480.338,106000
8800493.101,106100
8800505.318,106200
8800518.112,106300
8800530.707,106400
8800542.440,106500
8800555.271,106600
8800567.192,106700
8800579.906,106800
8800593.269,106900
8800606.639,107000
8800620.045,107100
8800634.144,107200
8800649.790,107300
8800666.013,107400
8800680.389,107500
8800695.653,107600
8800710.270,107700
8800725.707,107800
8800739.867,107900
8800754.377,108000
8800769.543,108100
8800795.347,108200
8800810.943,108300
8800825.687,108400
8800838.989,108500
8800853.428,108600
8800867.799,108700
8800882.237,108800
8800896.651,108900
8800911.962,109000
8800927.502,109100
8800942.661,109200
8800956.430,109300
8800971.032,109400
8800985.149,109500
8800999.704,109600
8801015.484,109700
8801030.923,109800
8801045.458,109900
8801195.737,110000
8801212.312,110100
8801227.186,110200
8801242.034,110300
8801256.360,110400
8801271.619,110500
8801286.249,110600
8801300.142,110700
8801315.011,110800
8801329.494,110900
8801345.879,111000
8801361.537,111100
8801377.818,111200
8801393.351,111300
8801407.356,111400
8801423.655,111500
8801438.350,111600
8801454.098,111700
8801469.329,111800
8801484.240,111900
8801498.173,112000
8801514.276,112100
8801528.749,112200
8801542.869,112300
8801557.688,112400
8801571.422,112500
8801586.059,112600
8801601.323,112700
8801615.747,112800
8801630.577,112900
8801646.197,113000
8801661.981,113100
8801678.770,113200
8801694.305,113300
8801710.404,113400
8801726.511,113500
8801741.930,113600
8801757.507,113700
8801771.786,113800
8801787.254,113900
8801803.027,114000
8801822.750,114100
8801838.985,114200
8801854.377,114300
8801869.979,114400
8801885.583,114500
8801901.492,114600
8801917.467,114700
8801933.429,114800
8801949.658,114900
8801964.722,115000
8801980.496,115100
8801996.676,115200
8802012.180,115300
8802027.684,115400
8802042.526,115500
8802059.211,115600
8802077.756,115700
8802092.343,115800
8802107.496,115900
8802122.352,116000
8802137.534,116100
8802152.431,116200
8802167.507,116300
8802182.971,116400
8802198.324,116500
8802213.207,116600
8802228.491,116700
8802244.659,116800
8802259.083,116900
8802274.022,117000
8802289.986,117100
8802305.441,117200
8802321.394,117300
8802337.297,117400
8802352.512,117500
8802367.076,117600
8802382.367,117700
8802398.132,117800
8802414.074,117900
8802430.440,118000
8802446.736,118100
8802470.614,118200
8802487.498,118300
8802502.878,118400
8802519.500,118500
8802535.646,118600
8802550.965,118700
8802567.489,118800
8802583.502,118900
8802600.253,119000
8802617.415,119100
8802633.619,119200
8802651.469,119300
8802667.591,119400
8802684.379,119500
8802700.029,119600
8802715.620,119700
8802731.497,119800
8802749.173,119900
8802925.795,120000
8802942.816,120100
8802959.044,120200
8802975.340,120300
8802992.426,120400
8803008.890,120500
8803026.494,120600
8803042.759,120700
8803059.291,120800
8803074.833,120900
8803090.935,121000
8803108.161,121100
8803125.582,121200
8803142.607,121300
8803158.859,121400
8803174.253,121500
8803189.187,121600
8803205.335,121700
8803220.598,121800
8803235.801,121900
8803250.919,122000
8803268.856,122100
8803284.670,122200
8803300.585,122300
8803315.999,122400
8803331.712,122500
8803347.156,122600
8803362.319,122700
8803377.876,122800
8803393.706,122900
8803409.323,123000
8803425.384,123100
8803442.253,123200
8803458.738,123300
8803478.902,123400
8803495.574,123500
8803513.233,123600
8803529.130,123700
8803545.906,123800
8803562.134,123900
8803579.233,124000
8803599.526,124100
8803616.117,124200
8803633.810,124300
8803651.013,124400
8803668.382,124500
8803684.504,124600
8803700.852,124700
8803717.436,124800
8803733.007,124900
8803750.010,125000
8803767.374,125100
8803784.097,125200
8803799.367,125300
8803817.922,125400
8803834.626,125500
8803851.294,125600
8803867.406,125700
8803883.829,125800
8803901.024,125900
8803917.238,126000
8803933.406,126100
8803950.022,126200
8803966.463,126300
8803982.857,126400
8804001.218,126500
8804017.223,126600
8804033.223,126700
8804051.001,126800
8804066.799,126900
8804083.601,127000
8804101.150,127100
8804118.054,127200
8804136.310,127300
8804155.096,127400
8804172.400,127500
8804190.537,127600
8804209.009,127700
8804227.651,127800
8804247.280,127900
8804266.168,128000
8804284.843,128100
8804313.875,128200
8804333.534,128300
8804353.442,128400
8804371.613,128500
8804390.659,128600
8804409.558,128700
8804427.434,128800
8804445.795,128900
8804464.355,129000
8804486.234,129100
8804505.752,129200
8804528.489,129300
8804548.808,129400
8804572.434,129500
8804593.103,129600
8804612.833,129700
8804632.547,129800
8804653.852,129900
8804871.593,130000
8804893.796,130100
8804914.951,130200
8804935.060,130300
8804957.512,130400
8804978.221,130500
8804999.101,130600
8805020.106,130700
8805040.727,130800
8805061.268,130900
8805080.763,131000
8805102.683,131100
8805123.337,131200
8805145.790,131300
8805168.838,131400
8805189.814,131500
8805210.321,131600
8805231.024,131700
8805251.495,131800
8805271.708,131900
8805292.346,132000
8805313.521,132100
8805333.286,132200
8805351.251,132300
8805371.515,132400
8805389.703,132500
8805408.602,132600
8805429.460,132700
8805447.753,132800
8805467.158,132900
8805485.295,133000
8805505.219,133100
8805526.404,133200
8805547.835,133300
8805568.855,133400
8805596.249,133500
8805619.006,133600
8805640.361,133700
8805662.321,133800
8805683.265,133900
8805704.369,134000
8805727.822,134100
8805749.124,134200
8805770.689,134300
8805792.426,134400
8805813.172,134500
8805834.306,134600
8805855.593,134700
8805875.792,134800
8805897.866,134900
8805920.661,135000
8805943.815,135100
8805964.748,135200
8805985.941,135300
8806007.063,135400
8806026.878,135500
8806048.187,135600
8806071.471,135700
8806092.983,135800
8806113.931,135900
8806134.886,136000
8806155.049,136100
8806177.454,136200
8806199.003,136300
8806219.657,136400
8806240.468,136500
8806260.646,136600
8806281.547,136700
8806303.103,136800
8806325.401,136900
8806347.152,137000
8806369.092,137100
8806393.080,137200
8806415.028,137300
8806442.301,137400
8806469.046,137500
8806490.309,137600
8806510.243,137700
8806531.024,137800
8806552.085,137900
8806574.294,138000
8806596.105,138100
8806624.842,138200
8806644.566,138300
8806668.001,138400
8806687.751,138500
8806709.564,138600
8806729.607,138700
8806749.206,138800
8806769.270,138900
8806790.230,139000
8806810.272,139100
8806832.124,139200
8806853.277,139300
8806875.089,139400
8806895.736,139500
8806918.896,139600
8806940.096,139700
8806961.657,139800
8806983.236,139900
8807218.981,140000
8807243.505,140100
8807267.724,140200
8807290.270,140300
8807310.295,140400
8807332.497,140500
8807353.584,140600
8807372.971,140700
8807394.350,140800
8807416.059,140900
8807440.031,141000
8807463.117,141100
8807486.629,141200
8807509.344,141300
8807530.336,141400
8807551.156,141500
8807573.554,141600
8807595.213,141700
8807615.826,141800
8807640.591,141900
8807659.939,142000
8807682.693,142100
8807704.168,142200
8807723.978,142300
8807745.330,142400
8807766.498,142500
8807787.921,142600
8807808.236,142700
8807830.390,142800
8807851.585,142900
8807872.778,143000
8807893.847,143100
8807912.679,143200
8807933.352,143300
8807953.712,143400
8807974.963,143500
8807994.517,143600
8808014.245,143700
8808033.339,143800
8808057.356,143900
8808077.300,144000
8808101.606,144100
8808123.240,144200
8808144.862,144300
8808167.077,144400
8808187.345,144500
8808209.167,144600
8808231.333,144700
8808252.643,144800
8808272.338,144900
8808294.967,145000
8808315.675,145100
8808335.298,145200
8808354.600,145300
8808375.415,145400
8808393.969,145500
8808415.275,145600
8808434.854,145700
8808452.890,145800
8808471.250,145900
8808490.525,146000
8808512.503,146100
8808535.965,146200
8808557.586,146300
8808578.880,146400
8808598.943,146500
8808618.432,146600
8808639.805,146700
8808659.554,146800
8808680.811,146900
8808700.439,147000
8808720.537,147100
8808740.008,147200
8808759.448,147300
8808778.487,147400
8808798.804,147500
8808819.181,147600
8808837.766,147700
8808857.253,147800
8808876.869,147900
8808897.564,148000
8808918.095,148100
8808945.763,148200
8808965.239,148300
8808984.949,148400
8809004.300,148500
8809024.404,148600
8809044.104,148700
8809063.911,148800
8809085.067,148900
8809106.156,149000
8809127.124,149100
8809147.200,149200
8809167.634,149300
8809187.129,149400
8809206.509,149500
8809226.503,149600
8809247.580,149700
8809267.729,149800
8809287.053,149900
8809531.878,150000
8809553.760,150100
8809574.394,150200
8809596.062,150300
8809617.522,150400
8809636.750,150500
8809657.232,150600
8809677.452,150700
8809698.252,150800
8809724.878,150900
8809745.807,151000
8809768.921,151100
8809787.563,151200
8809806.253,151300
8809825.935,151400
8809844.870,151500
8809862.996,151600
8809883.323,151700
8809902.306,151800
8809922.623,151900
8809940.701,152000
8809962.950,152100
8809982.952,152200
8810001.881,152300
8810021.943,152400
8810041.646,152500
8810061.393,152600
8810081.671,152700
8810102.354,152800
8810122.491,152900
8810142.922,153000
8810161.704,153100
8810182.971,153200
8810201.985,153300
8810221.359,153400
8810240.716,153500
8810260.542,153600
8810279.724,153700
8810299.623,153800
8810319.953,153900
8810338.996,154000
8810363.275,154100
8810383.138,154200
8810402.080,154300
8810421.501,154400
8810440.527,154500
8810460.406,154600
8810479.961,154700
8810499.732,154800
8810518.499,154900
8810538.102,155000
8810557.794,155100
8810578.376,155200
8810599.325,155300
8810618.290,155400
8810638.510,155500
8810658.472,155600
8810678.609,155700
8810699.432,155800
8810718.183,155900
8810736.584,156000
8810757.034,156100
8810775.156,156200
8810795.256,156300
8810816.717,156400
8810837.342,156500
8810856.332,156600
8810876.338,156700
8810895.495,156800
8810915.196,156900
8810934.992,157000
8810953.822,157100
8810974.797,157200
8810995.870,157300
8811016.091,157400
8811035.243,157500
8811055.295,157600
8811074.784,157700
8811095.475,157800
8811112.911,157900
8811131.458,158000
8811150.453,158100
8811178.464,158200
8811200.188,158300
8811221.650,158400
8811240.648,158500
8811261.180,158600
8811281.563,158700
8811300.593,158800
8811319.471,158900
8811339.058,159000
8811357.976,159100
8811376.561,159200
8811396.691,159300
8811416.161,159400
8811436.574,159500
8811455.262,159600
8811475.284,159700
8811494.981,159800
8811515.095,159900
8811740.113,160000
8811762.505,160100
8811783.852,160200
8811805.113,160300
8811825.385,160400
8811844.633,160500
8811863.449,160600
8811885.172,160700
8811907.234,160800
8811926.601,160900
8811948.166,161000
8811967.803,161100
8811989.550,161200
8812009.447,161300
8812029.487,161400
8812050.971,161500
8812072.749,161600
8812095.192,161700
8812117.886,161800
8812138.189,161900
8812160.634,162000
8812189.773,162100
8812209.218,162200
8812230.304,162300
8812251.065,162400
8812271.126,162500
8812290.950,162600
8812311.541,162700
8812332.815,162800
8812353.118,162900
8812375.789,163000
8812395.666,163100
8812416.055,163200
8812435.411,163300
8812455.741,163400
8812474.110,163500
8812494.453,163600
8812515.107,163700
8812536.515,163800
8812559.000,163900
8812580.133,164000
8812605.017,164100
8812625.149,164200
8812646.001,164300
8812665.171,164400
8812685.813,164500
8812704.668,164600
8812725.463,164700
8812748.251,164800
8812768.054,164900
8812789.636,165000
8812810.207,165100
8812830.765,165200
8812852.581,165300
8812873.305,165400
8812894.204,165500
8812914.262,165600
8812935.315,165700
8812956.957,165800
8812976.879,165900
8812999.853,166000
8813020.260,166100
8813041.754,166200
8813063.814,166300
8813084.710,166400
8813103.722,166500
8813125.132,166600
8813148.870,166700
8813172.573,166800
8813196.513,166900
8813220.527,167000
8813242.952,167100
8813263.555,167200
8813283.872,167300
8813302.737,167400
8813322.373,167500
8813342.625,167600
8813362.477,167700
8813384.060,167800
8813406.465,167900
8813427.080,168000
8813448.444,168100
8813480.301,168200
8813501.182,168300
8813521.720,168400
8813541.736,168500
8813562.012,168600
8813582.500,168700
8813602.999,168800
8813623.374,168900
8813644.295,169000
8813664.505,169100
8813686.725,169200
8813709.617,169300
8813731.668,169400
8813753.157,169500
8813774.591,169600
8813796.101,169700
8813818.213,169800
8813839.119,169900
8814062.443,170000
8814084.241,170100
8814106.646,170200
8814127.953,170300
8814147.054,170400
8814167.104,170500
8814187.886,170600
8814206.180,170700
8814224.506,170800
8814245.214,170900
8814264.102,171000
8814287.804,171100
8814308.670,171200
8814334.072,171300
8814353.546,171400
8814374.057,171500
8814393.157,171600
8814412.129,171700
8814430.628,171800
8814449.242,171900
8814468.437,172000
8814490.354,172100
8814509.200,172200
8814530.419,172300
8814550.060,172400
8814570.872,172500
8814590.290,172600
8814608.304,172700
8814626.932,172800
8814648.355,172900
8814667.641,173000
8814688.921,173100
8814708.957,173200
8814729.116,173300
8814751.426,173400
8814772.882,173500
8814792.968,173600
8814812.539,173700
8814832.871,173800
8814852.693,173900
8814873.473,174000
8814902.534,174100
8814925.371,174200
8814946.572,174300
8814970.292,174400
8814992.159,174500
8815014.419,174600
8815034.578,174700
8815054.100,174800
8815073.937,174900
8815095.103,175000
8815117.233,175100
8815139.190,175200
8815161.788,175300
8815184.744,175400
8815208.043,175500
8815231.493,175600
8815253.270,175700
8815275.649,175800
8815297.058,175900
8815320.715,176000
8815345.204,176100
8815368.691,176200
8815389.680,176300
8815410.796,176400
8815432.825,176500
8815455.504,176600
8815476.195,176700
8815497.486,176800
8815518.087,176900
8815540.881,177000
8815563.289,177100
8815585.442,177200
8815606.954,177300
8815629.152,177400
8815650.342,177500
8815671.288,177600
8815693.246,177700
8815714.148,177800
8815734.158,177900
8815756.949,178000
8815779.188,178100
8815810.650,178200
8815834.111,178300
8815858.881,178400
8815883.397,178500
8815907.578,178600
8815931.654,178700
8815954.714,178800
8815980.353,178900
8816003.612,179000
8816028.813,179100
8816053.848,179200
8816077.378,179300
8816103.856,179400
8816132.051,179500
8816155.999,179600
8816183.148,179700
8816210.531,179800
8816238.176,179900
8816478.132,180000
8816511.490,180100
8816541.883,180200
8816572.297,180300
8816602.199,180400
8816629.580,180500
8816658.190,180600
8816688.732,180700
8816722.551,180800
8816753.446,180900
8816783.158,181000
8816819.930,181100
8816851.373,181200
8816884.527,181300
8816913.908,181400
8816947.597,181500
8816979.272,181600
8817006.679,181700
8817032.648,181800
8817061.780,181900
8817093.049,182000
8817128.777,182100
8817160.401,182200
8817189.458,182300
8817216.667,182400
8817246.330,182500
8817275.665,182600
8817298.160,182700
8817322.670,182800
8817355.495,182900
8817387.431,183000
8817424.183,183100
8817457.496,183200
8817479.532,183300
8817512.321,183400
8817543.949,183500
8817570.944,183600
8817599.673,183700
8817630.881,183800
8817660.313,183900
8817690.342,184000
8817725.575,184100
8817752.579,184200
8817782.397,184300
8817820.619,184400
8817860.055,184500
8817898.233,184600
8817935.058,184700
8817972.682,184800
8818004.137,184900
8818036.139,185000
8818070.415,185100
8818101.042,185200
8818131.086,185300
8818167.751,185400
8818198.191,185500
8818229.167,185600
8818260.494,185700
8818289.630,185800
8818318.042,185900
8818346.191,186000
8818376.192,186100
8818405.576,186200
8818436.853,186300
8818467.959,186400
8818498.543,186500
8818530.844,186600
8818562.861,186700
8818592.105,186800
8818620.293,186900
8818648.880,187000
8818676.912,187100
8818705.054,187200
8818746.380,187300
8818775.048,187400
8818802.901,187500
8818832.221,187600
8818862.950,187700
8818892.615,187800
8818923.083,187900
8818950.084,188000
8818978.375,188100
8819013.573,188200
8819041.038,188300
8819072.909,188400
8819105.757,188500
8819136.511,188600
8819169.068,188700
8819199.558,188800
8819226.259,188900
8819258.337,189000
8819284.380,189100
8819314.024,189200
8819345.441,189300
8819378.686,189400
8819410.392,189500
8819441.535,189600
8819472.308,189700
8819505.971,189800
8819541.501,189900
8819812.056,190000
8819850.839,190100
8819882.761,190200
8819914.410,190300
8819948.806,190400
8819981.898,190500
8820017.479,190600
8820047.311,190700
8820076.427,190800
8820106.751,190900
8820136.614,191000
8820164.346,191100
8820196.007,191200
8820230.312,191300
8820260.090,191400
8820290.297,191500
8820321.324,191600
8820358.142,191700
8820394.954,191800
8820426.546,191900
8820455.685,192000
8820489.141,192100
8820520.449,192200
8820549.714,192300
8820581.763,192400
8820614.523,192500
8820646.899,192600
8820678.915,192700
8820711.153,192800
8820746.298,192900
8820779.801,193000
8820810.103,193100
8820840.547,193200
8820870.147,193300
8820898.338,193400
8820929.045,193500
8820958.037,193600
8820992.119,193700
8821025.611,193800
8821055.266,193900
8821090.484,194000
8821130.855,194100
8821167.176,194200
8821203.534,194300
8821240.354,194400
8821274.697,194500
8821307.993,194600
8821342.140,194700
8821374.699,194800
8821405.401,194900
8821438.179,195000
8821473.784,195100
8821506.877,195200
8821537.006,195300
8821568.756,195400
8821599.567,195500
8821634.009,195600
8821664.433,195700
8821692.569,195800
8821723.488,195900
8821755.481,196000
8821787.165,196100
8821818.058,196200
8821850.600,196300
8821880.742,196400
8821917.855,196500
8821950.027,196600
8821982.670,196700
8822015.949,196800
8822046.859,196900
8822078.925,197000
8822112.814,197100
8822148.256,197200
8822180.350,197300
8822213.612,197400
8822247.966,197500
8822282.130,197600
8822313.105,197700
8822344.503,197800
8822377.094,197900
8822408.876,198000
8822439.351,198100
8822478.882,198200
8822510.823,198300
8822547.130,198400
8822578.098,198500
8822610.346,198600
8822641.338,198700
8822673.831,198800
8822703.595,198900
8822735.467,199000
8822764.701,199100
8822793.396,199200
8822823.717,199300
8822854.498,199400
8822889.335,199500
8822923.746,199600
8822956.462,199700
8822988.098,199800
8823018.010,199900
8823298.821,200000
8823337.589,200100
8823367.910,200200
8823400.531,200300
8823431.604,200400
8823460.836,200500
8823495.064,200600
8823531.296,200700
8823561.920,200800
8823594.843,200900
8823630.533,201000
8823660.681,201100
8823691.609,201200
8823725.195,201300
8823756.122,201400
8823794.919,201500
8823834.012,201600
8823873.507,201700
8823911.567,201800
8823950.964,201900
8823985.241,202000
8824019.379,202100
8824053.702,202200
8824089.387,202300
8824121.624,202400
8824155.575,202500
8824191.541,202600
8824224.334,202700
8824257.133,202800
8824292.161,202900
8824324.974,203000
8824362.168,203100
8824396.124,203200
8824432.153,203300
8824464.488,203400
8824499.037,203500
8824534.027,203600
8824568.701,203700
8824606.771,203800
8824638.932,203900
8824675.185,204000
8824714.605,204100
8824746.291,204200
8824781.540,204300
8824817.461,204400
8824849.808,204500
8824887.534,204600
8824922.710,204700
8824954.325,204800
8824986.789,204900
8825019.655,205000
8825051.856,205100
8825078.167,205200
8825105.951,205300
8825132.262,205400
8825161.678,205500
8825191.391,205600
8825223.016,205700
8825257.067,205800
8825288.068,205900
8825319.132,206000
8825350.763,206100
8825381.867,206200
8825413.414,206300
8825442.291,206400
8825474.546,206500
8825507.279,206600
8825541.060,206700
8825576.033,206800
8825610.114,206900
8825643.960,207000
8825676.518,207100
8825708.462,207200
8825740.450,207300
8825770.146,207400
8825799.041,207500
8825831.337,207600
8825863.226,207700
8825893.383,207800
8825926.488,207900
8825960.429,208000
8825995.136,208100
8826038.320,208200
8826073.372,208300
8826112.251,208400
8826143.943,208500
8826179.666,208600
8826215.023,208700
8826250.025,208800
8826285.692,208900
8826320.480,209000
8826354.522,209100
8826388.070,209200
8826419.248,209300
8826448.710,209400
8826481.671,209500
8826516.748,209600
8826547.975,209700
8826582.451,209800
8826615.924,209900
8826890.869,210000
8826933.037,210100
8826968.192,210200
8827003.091,210300
8827038.180,210400
8827068.679,210500
8827097.472,210600
8827128.842,210700
8827158.729,210800
8827197.150,210900
8827234.388,211000
8827274.247,211100
8827313.049,211200
8827348.959,211300
8827384.156,211400
8827420.709,211500
8827460.226,211600
8827494.266,211700
8827531.019,211800
8827568.722,211900
8827608.812,212000
8827654.915,212100
8827698.765,212200
8827736.360,212300
8827772.941,212400
8827812.092,212500
8827851.677,212600
8827893.392,212700
8827935.848,212800
8827973.238,212900
8828011.356,213000
8828050.798,213100
8828087.396,213200
8828120.697,213300
8828156.825,213400
8828193.228,213500
8828226.702,213600
8828261.921,213700
8828295.579,213800
8828332.794,213900
8828367.352,214000
8828409.506,214100
8828446.894,214200
8828483.473,214300
8828516.830,214400
8828550.224,214500
8828581.211,214600
8828612.946,214700
8828650.528,214800
8828687.052,214900
8828718.626,215000
8828758.076,215100
8828795.442,215200
8828831.319,215300
8828865.449,215400
8828901.786,215500
8828936.286,215600
8828971.153,215700
8829012.697,215800
8829049.770,215900
8829088.585,216000
8829132.484,216100
8829178.182,216200
8829216.594,216300
8829255.982,216400
8829293.778,216500
8829331.544,216600
8829371.695,216700
8829414.535,216800
8829456.828,216900
8829507.600,217000
8829555.579,217100
8829593.409,217200
8829629.399,217300
8829667.775,217400
8829706.362,217500
8829742.731,217600
8829786.998,217700
8829830.635,217800
8829869.706,217900
8829911.596,218000
8829952.885,218100
8830000.715,218200
8830039.938,218300
8830078.803,218400
8830120.327,218500
8830161.648,218600
8830199.488,218700
8830235.788,218800
8830270.291,218900
8830307.939,219000
8830350.934,219100
8830393.033,219200
8830434.388,219300
8830474.014,219400
8830511.093,219500
8830549.831,219600
8830591.029,219700
8830627.659,219800
8830663.688,219900
8830991.702,220000
8831041.512,220100
8831089.242,220200
8831131.728,220300
8831175.287,220400
8831219.452,220500
8831263.977,220600
8831306.351,220700
8831351.073,220800
8831395.618,220900
8831437.006,221000
8831480.695,221100
8831524.172,221200
8831563.578,221300
8831603.599,221400
8831638.843,221500
8831676.894,221600
8831711.185,221700
8831750.270,221800
8831789.873,221900
8831828.848,222000
8831873.334,222100
8831910.912,222200
8831952.578,222300
8831988.708,222400
8832032.363,222500
8832072.440,222600
8832113.894,222700
8832156.155,222800
8832196.122,222900
8832237.577,223000
8832277.486,223100
8832320.564,223200
8832364.940,223300
8832406.100,223400
8832447.091,223500
8832490.548,223600
8832539.969,223700
8832585.782,223800
8832632.087,223900
8832671.893,224000
8832716.537,224100
8832758.209,224200
8832799.778,224300
8832846.056,224400
8832892.121,224500
8832940.292,224600
8832986.506,224700
8833034.746,224800
8833075.293,224900
8833113.117,225000
8833154.582,225100
8833194.574,225200
8833237.663,225300
8833278.251,225400
8833325.701,225500
8833370.307,225600
8833413.869,225700
8833454.734,225800
8833496.247,225900
8833537.862,226000
8833581.536,226100
8833615.841,226200
8833649.870,226300
8833683.410,226400
8833719.216,226500
8833755.529,226600
8833794.171,226700
8833834.467,226800
8833875.517,226900
8833913.105,227000
8833954.509,227100
8833994.023,227200
8834036.365,227300
8834073.982,227400
8834115.917,227500
8834155.777,227600
8834196.789,227700
8834235.905,227800
8834282.840,227900
8834332.224,228000
8834378.310,228100
8834437.762,228200
8834486.957,228300
8834530.663,228400
8834579.414,228500
8834624.478,228600
8834669.300,228700
8834712.379,228800
8834758.212,228900
8834800.158,229000
8834838.478,229100
8834885.378,229200
8834934.118,229300
8834983.968,229400
8835035.111,229500
8835090.355,229600
8835142.052,229700
8835193.021,229800
8835248.616,229900
8835595.580,230000
8835647.107,230100
8835698.904,230200
8835752.465,230300
8835806.469,230400
8835851.217,230500
8835902.361,230600
8835956.851,230700
8836010.145,230800
8836070.415,230900
8836114.867,231000
8836165.181,231100
8836209.309,231200
8836250.868,231300
8836299.325,231400
8836346.275,231500
8836392.356,231600
8836441.990,231700
8836485.614,231800
8836539.634,231900
8836579.495,232000
8836638.449,232100
8836690.114,232200
8836732.013,232300
8836774.316,232400
8836817.276,232500
8836863.948,232600
8836912.421,232700
8836960.771,232800
8837008.331,232900
8837061.898,233000
8837108.424,233100
8837156.281,233200
8837200.663,233300
8837244.076,233400
8837290.803,233500
8837330.221,233600
8837375.051,233700
8837418.252,233800
8837466.431,233900
8837513.927,234000
8837566.483,234100
8837613.219,234200
8837662.549,234300
8837712.782,234400
8837756.920,234500
8837804.329,234600
8837849.292,234700
8837897.013,234800
8837948.560,234900
8837993.752,235000
8838042.233,235100
8838088.964,235200
8838135.580,235300
8838184.534,235400
8838231.954,235500
8838278.594,235600
8838328.056,235700
8838374.158,235800
8838420.757,235900
8838467.051,236000
8838514.581,236100
8838563.717,236200
8838615.036,236300
8838669.214,236400
8838721.048,236500
8838771.459,236600
8838823.214,236700
8838870.682,236800
8838914.750,236900
8838960.536,237000
8839008.632,237100
8839055.733,237200
8839103.391,237300
8839144.662,237400
8839192.048,237500
8839240.781,237600
8839284.607,237700
8839367.084,237800
8839415.150,237900
8839457.763,238000
8839502.549,238100
8839554.065,238200
8839600.722,238300
8839648.546,238400
8839695.474,238500
8839744.477,238600
8839789.578,238700
8839837.910,238800
8839880.387,238900
8839924.924,239000
8839965.292,239100
8840004.823,239200
8840045.461,239300
8840087.892,239400
8840127.585,239500
8840174.364,239600
8840215.517,239700
8840259.358,239800
8840301.469,239900
8840703.434,240000
8840749.021,240100
8840799.213,240200
8840846.788,240300
8840887.512,240400
8840928.568,240500
8840973.419,240600
8841013.831,240700
8841055.810,240800
8841099.816,240900
8841140.674,241000
8841179.841,241100
8841220.064,241200
8841257.633,241300
8841301.655,241400
8841348.715,241500
8841390.574,241600
8841430.622,241700
8841465.990,241800
8841506.174,241900
8841544.682,242000
8841592.367,242100
8841638.039,242200
8841687.642,242300
8841732.160,242400
8841781.217,242500
8841825.328,242600
8841866.191,242700
8841905.231,242800
8841945.925,242900
8841981.728,243000
8842024.888,243100
8842067.708,243200
8842114.280,243300
8842153.148,243400
8842197.647,243500
8842239.701,243600
8842282.973,243700
8842323.737,243800
8842365.519,243900
8842405.463,244000
8842445.901,244100
8842485.725,244200
8842526.768,244300
8842569.518,244400
8842608.718,244500
8842645.401,244600
8842682.553,244700
8842720.619,244800
8842755.041,244900
8842795.987,245000
8842832.778,245100
8842870.259,245200
8842904.451,245300
8842939.743,245400
8842975.235,245500
8843013.676,245600
8843049.583,245700
8843087.731,245800
8843125.104,245900
8843160.497,246000
8843199.815,246100
8843240.974,246200
8843288.957,246300
8843326.876,246400
8843363.099,246500
8843398.988,246600
8843438.707,246700
8843475.473,246800
8843514.078,246900
8843553.457,247000
8843591.838,247100
8843629.721,247200
8843668.728,247300
8843705.214,247400
8843740.732,247500
8843774.660,247600
8843808.223,247700
8843840.359,247800
8843873.105,247900
8843916.814,248000
8843957.347,248100
8844007.982,248200
8844047.933,248300
8844090.783,248400
8844130.745,248500
8844169.703,248600
8844205.420,248700
8844243.137,248800
8844276.819,248900
8844320.354,249000
8844361.839,249100
8844398.959,249200
8844439.244,249300
8844481.843,249400
8844525.544,249500
8844564.148,249600
8844610.824,249700
8844651.627,249800
8844693.967,249900
8845057.856,250000
8845110.178,250100
8845150.483,250200
8845189.997,250300
8845231.729,250400
8845274.443,250500
8845317.413,250600
8845359.427,250700
8845401.907,250800
8845438.025,250900
8845480.787,251000
8845518.632,251100
8845560.761,251200
8845601.186,251300
8845637.534,251400
8845672.027,251500
8845710.185,251600
8845749.660,251700
8845795.870,251800
8845848.918,251900
8845889.959,252000
8845937.462,252100
8845984.903,252200
8846028.958,252300
8846073.771,252400
8846122.962,252500
8846163.901,252600
8846205.581,252700
8846242.121,252800
8846281.534,252900
8846326.635,253000
8846372.927,253100
8846415.492,253200
8846460.592,253300
8846501.276,253400
8846547.609,253500
8846585.935,253600
8846628.043,253700
8846669.746,253800
8846714.627,253900
8846753.200,254000
8846799.059,254100
8846842.321,254200
8846888.502,254300
8846934.720,254400
8846982.048,254500
8847031.836,254600
8847078.085,254700
8847121.887,254800
8847163.098,254900
8847204.857,255000
8847248.128,255100
8847288.082,255200
8847323.326,255300
8847360.225,255400
8847397.509,255500
8847432.634,255600
8847468.364,255700
8847510.376,255800
8847552.747,255900
8847592.067,256000
8847633.988,256100
8847680.414,256200
8847723.473,256300
8847764.794,256400
8847807.195,256500
8847851.464,256600
8847894.495,256700
8847937.603,256800
8847975.346,256900
8848017.639,257000
8848054.525,257100
8848096.964,257200
8848134.135,257300
8848172.720,257400
8848211.999,257500
8848253.866,257600
8848290.524,257700
8848327.295,257800
8848362.868,257900
8848398.925,258000
8848434.823,258100
8848484.095,258200
8848524.515,258300
8848572.926,258400
8848613.155,258500
8848663.782,258600
8848709.132,258700
8848747.049,258800
8848791.945,258900
8848831.964,259000
8848873.900,259100
8848914.549,259200
8848955.056,259300
8848993.327,259400
8849031.999,259500
8849071.733,259600
8849116.139,259700
8849157.868,259800
8849201.852,259900
8849573.223,260000
8849618.983,260100
8849661.805,260200
8849711.785,260300
8849750.296,260400
8849796.545,260500
8849838.751,260600
8849878.026,260700
8849920.951,260800
8849961.854,260900
8850009.349,261000
8850052.074,261100
8850102.458,261200
8850158.192,261300
8850208.475,261400
8850256.192,261500
8850302.063,261600
8850347.386,261700
8850385.873,261800
8850425.537,261900
8850460.862,262000
8850506.376,262100
8850549.043,262200
8850596.715,262300
8850635.607,262400
8850678.762,262500
8850721.395,262600
8850769.354,262700
8850810.867,262800
8850855.889,262900
8850898.717,263000
8850937.023,263100
8850977.043,263200
8851018.590,263300
8851058.624,263400
8851098.718,263500
8851138.184,263600
8851180.061,263700
8851214.527,263800
8851252.855,263900
8851293.455,264000
8851337.252,264100
8851381.765,264200
8851423.423,264300
8851469.278,264400
8851513.048,264500
8851552.920,264600
8851597.987,264700
8851638.837,264800
8851673.460,264900
8851716.993,265000
8851760.576,265100
8851803.489,265200
8851846.081,265300
8851891.776,265400
8851936.185,265500
8851982.532,265600
8852033.797,265700
8852081.473,265800
8852123.298,265900
8852165.607,266000
8852206.558,266100
8852247.149,266200
8852289.334,266300
8852327.266,266400
8852369.522,266500
8852416.645,266600
8852459.592,266700
8852505.946,266800
8852546.631,266900
8852591.482,267000
8852630.293,267100
8852679.942,267200
8852721.896,267300
8852761.281,267400
8852799.974,267500
8852840.716,267600
8852876.544,267700
8852920.610,267800
8852960.149,267900
8853008.746,268000
8853054.125,268100
8853118.978,268200
8853178.643,268300
8853233.207,268400
8853293.345,268500
8853355.796,268600
8853413.948,268700
8853471.295,268800
8853521.929,268900
8853564.919,269000
8853622.248,269100
8853667.354,269200
8853716.321,269300
8853763.769,269400
8853825.187,269500
8853875.229,269600
8853930.560,269700
8853984.163,269800
8854024.929,269900
8854441.673,270000
8854490.206,270100
8854543.936,270200
8854603.993,270300
8854680.511,270400
8854757.726,270500
8854823.470,270600
8854884.555,270700
8854964.346,270800
8855028.216,270900
8855098.079,271000
8855158.235,271100
8855212.902,271200
8855267.257,271300
8855321.614,271400
8855377.789,271500
8855436.000,271600
8855508.274,271700
8855570.203,271800
8855638.325,271900
8855703.788,272000
8855762.823,272100
8855833.318,272200
8855895.634,272300
8855949.309,272400
8856001.073,272500
8856061.239,272600
8856123.553,272700
8856185.546,272800
8856242.549,272900
8856299.223,273000
8856364.002,273100
8856424.424,273200
8856485.646,273300
8856530.270,273400
8856586.580,273500
8856641.402,273600
8856691.202,273700
8856738.391,273800
8856784.255,273900
8856839.252,274000
8856900.159,274100
8856949.642,274200
8857011.983,274300
8857068.174,274400
8857115.116,274500
8857170.358,274600
8857227.266,274700
8857283.930,274800
8857337.372,274900
8857391.311,275000
8857447.380,275100
8857500.446,275200
8857557.560,275300
8857613.348,275400
8857664.170,275500
8857721.237,275600
8857781.121,275700
8857829.024,275800
8857879.468,275900
8857930.880,276000
8857982.893,276100
8858042.200,276200
8858097.818,276300
8858145.367,276400
8858197.881,276500
8858251.392,276600
8858303.020,276700
8858357.350,276800
8858409.366,276900
8858457.753,277000
8858509.466,277100
8858564.932,277200
8858615.669,277300
8858663.860,277400
8858722.716,277500
8858773.901,277600
8858831.351,277700
8858882.777,277800
8858934.288,277900
8858982.085,278000
8859018.639,278100
8859120.571,278200
8859185.517,278300
8859245.893,278400
8859303.192,278500
8859353.874,278600
8859410.686,278700
8859463.386,278800
8859522.622,278900
8859588.581,279000
8859637.834,279100
8859695.076,279200
8859763.371,279300
8859816.111,279400
8859866.850,279500
8859915.560,279600
8859962.438,279700
8860014.256,279800
8860058.760,279900
8860561.570,280000
8860620.147,280100
8860665.282,280200
8860717.128,280300
8860778.513,280400
8860833.769,280500
8860889.673,280600
8860948.355,280700
8860996.011,280800
8861053.882,280900
8861107.950,281000
8861163.743,281100
8861213.143,281200
8861259.081,281300
8861309.951,281400
8861363.086,281500
8861427.635,281600
8861486.828,281700
8861546.610,281800
8861598.036,281900
8861651.639,282000
8861709.629,282100
8861764.111,282200
8861820.374,282300
8861876.129,282400
8861929.758,282500
8861986.513,282600
8862042.127,282700
8862102.360,282800
8862161.172,282900
8862220.192,283000
8862274.403,283100
8862329.128,283200
8862384.108,283300
8862433.386,283400
8862484.804,283500
8862529.654,283600
8862582.974,283700
8862631.883,283800
8862680.053,283900
8862740.128,284000
8862801.440,284100
8862865.204,284200
8862921.953,284300
8862988.303,284400
8863047.514,284500
8863107.321,284600
8863170.850,284700
8863222.860,284800
8863276.742,284900
8863338.196,285000
8863397.640,285100
8863462.268,285200
8863520.586,285300
8863592.977,285400
8863677.773,285500
8863737.133,285600
8863797.223,285700
8863860.657,285800
8863923.284,285900
8863978.149,286000
8864028.712,286100
8864077.632,286200
8864135.220,286300
8864198.270,286400
8864258.793,286500
8864318.382,286600
8864371.999,286700
8864433.262,286800
8864489.762,286900
8864554.778,287000
8864620.241,287100
8864672.492,287200
8864726.851,287300
8864784.421,287400
8864843.042,287500
8864900.845,287600
8864969.840,287700
8865037.218,287800
8865099.641,287900
8865157.299,288000
8865214.420,288100
8865281.780,288200
8865337.715,288300
8865415.999,288400
8865475.182,288500
8865535.689,288600
8865604.465,288700
8865685.218,288800
8865766.414,288900
8865833.983,289000
8865902.712,289100
8865964.469,289200
8866024.204,289300
8866089.255,289400
8866146.064,289500
8866200.394,289600
8866258.689,289700
8866312.654,289800
8866381.015,289900
8866897.337,290000
8866980.584,290100
8867050.889,290200
8867124.621,290300
8867188.518,290400
8867269.412,290500
8867343.596,290600
8867395.374,290700
8867454.484,290800
8867511.265,290900
8867564.314,291000
8867635.046,291100
8867690.028,291200
8867751.382,291300
8867815.256,291400
8867874.178,291500
8867944.507,291600
8868002.974,291700
8868061.539,291800
8868130.439,291900
8868178.283,292000
8868229.753,292100
8868289.777,292200
8868346.359,292300
8868416.862,292400
8868485.707,292500
8868545.994,292600
8868610.174,292700
8868669.348,292800
8868729.863,292900
8868791.125,293000
8868843.654,293100
8868902.745,293200
8868969.535,293300
8869026.958,293400
8869085.326,293500
8869141.634,293600
8869205.465,293700
8869261.917,293800
8869315.643,293900
8869371.631,294000
8869432.748,294100
8869486.921,294200
8869538.654,294300
8869594.898,294400
8869649.265,294500
8869715.954,294600
8869780.945,294700
8869847.388,294800
8869912.656,294900
8869978.125,295000
8870037.884,295100
8870109.338,295200
8870162.389,295300
8870218.507,295400
8870266.079,295500
8870309.412,295600
8870368.491,295700
8870425.234,295800
8870485.942,295900
8870544.047,296000
8870616.525,296100
8870683.073,296200
8870742.457,296300
8870803.450,296400
8870856.130,296500
8870915.332,296600
8870971.947,296700
8871022.046,296800
8871080.067,296900
8871136.295,297000
8871195.473,297100
8871262.780,297200
8871317.490,297300
8871385.042,297400
8871446.415,297500
8871514.676,297600
8871573.444,297700
8871625.309,297800
8871681.532,297900
8871739.809,298000
8871794.523,298100
8871867.935,298200
8871924.045,298300
8871986.556,298400
8872050.524,298500
8872108.864,298600
8872162.966,298700
8872214.516,298800
8872270.671,298900
8872325.149,299000
8872381.188,299100
8872442.355,299200
8872507.741,299300
8872561.002,299400
8872622.817,299500
8872682.584,299600
8872741.838,299700
8872802.202,299800
8872863.961,299900
8873377.317,300000
8873439.971,300100
8873492.954,300200
8873561.951,300300
8873624.299,300400
8873690.626,300500
8873751.934,300600
8873812.704,300700
8873878.365,300800
8873949.373,300900
8874006.851,301000
8874069.914,301100
8874120.919,301200
8874186.883,301300
8874245.993,301400
8874307.445,301500
8874371.973,301600
8874432.801,301700
8874501.660,301800
8874564.012,301900
8874626.798,302000
8874688.921,302100
8874754.966,302200
8874822.399,302300
8874877.279,302400
8874936.637,302500
8875004.831,302600
8875068.711,302700
8875134.460,302800
8875207.395,302900
8875267.898,303000
8875335.078,303100
8875408.841,303200
8875466.048,303300
8875528.648,303400
8875589.462,303500
8875643.774,303600
8875706.783,303700
8875766.026,303800
8875824.353,303900
8875885.597,304000
8875955.227,304100
8876007.711,304200
8876076.084,304300
8876143.545,304400
8876210.216,304500
8876276.394,304600
8876330.144,304700
8876382.268,304800
8876453.354,304900
8876521.202,305000
8876578.471,305100
8876651.835,305200
8876714.793,305300
8876778.057,305400
8876843.891,305500
8876908.671,305600
8876963.038,305700
8877021.406,305800
8877071.417,305900
8877132.567,306000
8877191.004,306100
8877247.298,306200
8877308.816,306300
8877369.167,306400
8877427.633,306500
8877491.329,306600
8877554.189,306700
8877609.707,306800
8877662.798,306900
8877717.617,307000
8877769.158,307100
8877816.353,307200
8877881.372,307300
8877937.758,307400
8877995.282,307500
8878050.938,307600
8878106.650,307700
8878167.954,307800
8878224.323,307900
8878285.253,308000
8878335.119,308100
8878404.337,308200
8878457.741,308300
8878510.372,308400
8878569.912,308500
8878636.153,308600
8878716.597,308700
8878792.415,308800
8878859.938,308900
8878929.446,309000
8878998.561,309100
8879054.482,309200
8879105.761,309300
8879165.602,309400
8879231.744,309500
8879294.217,309600
8879374.481,309700
8879448.903,309800
8879514.899,309900
8880065.853,310000
8880139.590,310100
8880204.719,310200
8880273.465,310300
8880328.880,310400
8880393.181,310500
8880460.724,310600
8880523.235,310700
8880590.272,310800
8880656.733,310900
8880710.666,311000
8880783.646,311100
8880841.582,311200
8880903.784,311300
8880966.197,311400
8881016.841,311500
8881073.729,311600
8881133.422,311700
8881197.266,311800
8881262.800,311900
8881328.480,312000
8881393.720,312100
8881461.313,312200
8881528.739,312300
8881589.092,312400
8881655.586,312500
8881715.414,312600
8881766.832,312700
8881838.505,312800
8881904.676,312900
8881962.940,313000
8882030.224,313100
8882085.875,313200
8882149.393,313300
8882220.963,313400
8882277.798,313500
8882344.036,313600
8882399.113,313700
8882453.225,313800
8882525.934,313900
8882602.371,314000
8882680.048,314100
8882752.583,314200
8882822.134,314300
8882882.621,314400
8882950.163,314500
8883017.739,314600
8883071.096,314700
8883128.329,314800
8883180.111,314900
8883246.499,315000
8883308.466,315100
8883365.636,315200
8883432.085,315300
8883496.823,315400
8883575.006,315500
8883640.350,315600
8883704.953,315700
8883766.729,315800
8883860.263,315900
8883922.617,316000
8883983.527,316100
8884045.109,316200
8884105.576,316300
8884159.953,316400
8884217.465,316500
8884279.644,316600
8884345.066,316700
8884410.766,316800
8884476.637,316900
8884546.086,317000
8884601.339,317100
8884658.789,317200
8884724.994,317300
8884795.200,317400
8884868.072,317500
8884933.292,317600
8884994.508,317700
8885065.391,317800
8885119.057,317900
8885188.107,318000
8885246.145,318100
8885313.773,318200
8885368.876,318300
8885419.120,318400
8885478.727,318500
8885540.425,318600
8885615.197,318700
8885685.357,318800
8885745.005,318900
8885807.275,319000
8885871.114,319100
8885933.211,319200
8886006.288,319300
8886057.035,319400
8886115.908,319500
8886191.009,319600
8886248.848,319700
8886325.425,319800
8886412.023,319900
8887026.625,320000
8887106.964,320100
8887172.286,320200
8887232.354,320300
8887303.259,320400
8887354.338,320500
8887410.606,320600
8887490.125,320700
8887561.118,320800
8887632.912,320900
8887714.602,321000
8887780.628,321100
8887841.133,321200
8887906.195,321300
8887972.321,321400
8888032.605,321500
8888097.038,321600
8888154.186,321700
8888211.853,321800
8888277.836,321900
8888343.081,322000
8888413.236,322100
8888482.734,322200
8888561.324,322300
8888635.593,322400
8888703.215,322500
8888775.865,322600
8888845.171,322700
8888917.091,322800
8888984.014,322900
8889072.977,323000
8889151.680,323100
8889224.368,323200
8889301.062,323300
8889372.518,323400
8889437.567,323500
8889504.255,323600
8889578.667,323700
8889651.095,323800
8889709.631,323900
8889791.037,324000
8889858.816,324100
8889936.912,324200
8890004.950,324300
8890075.869,324400
8890155.509,324500
8890227.267,324600
8890291.668,324700
8890356.889,324800
8890423.859,324900
8890493.330,325000
8890571.131,325100
8890647.079,325200
8890726.042,325300
8890800.299,325400
8890876.251,325500
8890938.111,325600
8891010.073,325700
8891079.416,325800
8891138.986,325900
8891200.875,326000
8891290.678,326100
8891364.626,326200
8891441.937,326300
8891512.869,326400
8891578.916,326500
8891652.081,326600
8891724.022,326700
8891788.350,326800
8891857.657,326900
8891928.659,327000
8892010.141,327100
8892079.600,327200
8892160.560,327300
8892236.995,327400
8892309.612,327500
8892387.436,327600
8892451.669,327700
8892521.353,327800
8892584.962,327900
8892650.882,328000
8892721.100,328100
8892798.543,328200
8892875.789,328300
8892954.208,328400
8893022.870,328500
8893096.448,328600
8893165.575,328700
8893237.975,328800
8893326.748,328900
8893415.573,329000
8893484.786,329100
8893554.505,329200
8893636.367,329300
8893704.819,329400
8893790.725,329500
8893871.326,329600
8893946.652,329700
8894039.767,329800
8894123.550,329900
8894752.181,330000
8894839.619,330100
8894914.299,330200
8895000.083,330300
8895077.558,330400
8895170.971,330500
8895239.587,330600
8895315.419,330700
8895396.122,330800
8895468.353,330900
8895548.767,331000
8895613.328,331100
8895683.640,331200
8895766.505,331300
8895845.749,331400
8895935.134,331500
8896017.244,331600
8896089.403,331700
8896165.722,331800
8896245.772,331900
8896311.783,332000
8896394.422,332100
8896459.983,332200
8896533.592,332300
8896622.842,332400
8896719.279,332500
8896797.631,332600
8896895.181,332700
8896976.243,332800
8897060.427,332900
8897139.441,333000
8897215.074,333100
8897287.481,333200
8897377.287,333300
8897453.137,333400
8897534.997,333500
8897613.253,333600
8897681.802,333700
8897771.561,333800
8897848.497,333900
8897921.746,334000
8898007.935,334100
8898071.931,334200
8898154.106,334300
8898239.514,334400
8898333.837,334500
8898418.328,334600
8898508.290,334700
8898602.568,334800
8898692.225,334900
8898779.340,335000
8898858.057,335100
8898937.346,335200
8899024.841,335300
8899109.223,335400
8899190.624,335500
8899273.347,335600
8899349.194,335700
8899410.919,335800
8899480.145,335900
8899547.190,336000
8899616.955,336100
8899691.622,336200
8899748.249,336300
8899832.646,336400
8899897.310,336500
8899975.562,336600
8900048.074,336700
8900115.967,336800
8900177.013,336900
8900232.024,337000
8900295.134,337100
8900373.380,337200
8900447.341,337300
8900520.793,337400
8900600.976,337500
8900675.356,337600
8900762.104,337700
8900828.134,337800
8900906.732,337900
8900992.355,338000
8901067.354,338100
8901157.467,338200
8901239.807,338300
8901328.447,338400
8901400.141,338500
8901485.900,338600
8901565.246,338700
8901670.241,338800
8901760.215,338900
8901850.235,339000
8901937.459,339100
8902015.177,339200
8902188.560,339300
8902287.190,339400
8902355.513,339500
8902438.745,339600
8902521.963,339700
8902619.695,339800
8902704.741,339900
8903400.031,340000
8903502.503,340100
8903596.377,340200
8903692.219,340300
8903776.953,340400
8903902.884,340500
8904008.642,340600
8904096.272,340700
8904173.865,340800
8904242.739,340900
8904308.815,341000
8904387.046,341100
8904464.897,341200
8904541.910,341300
8904627.647,341400
8904685.663,341500
8904775.447,341600
8904855.912,341700
8904945.973,341800
8905020.518,341900
8905103.530,342000
8905179.408,342100
8905247.730,342200
8905312.812,342300
8905382.532,342400
8905452.816,342500
8905554.907,342600
8905630.384,342700
8905714.764,342800
8905797.071,342900
8905875.487,343000
8905964.152,343100
8906060.558,343200
8906159.761,343300
8906263.505,343400
8906355.285,343500
8906469.761,343600
8906560.408,343700
8906645.597,343800
8906732.236,343900
8906819.040,344000
8906903.538,344100
8906970.411,344200
8907051.133,344300
8907123.994,344400
8907221.363,344500
8907314.645,344600
8907392.284,344700
8907484.614,344800
8907576.355,344900
8907663.269,345000
8907734.734,345100
8907818.813,345200
8907903.432,345300
8907983.554,345400
8908065.937,345500
8908166.802,345600
8908241.208,345700
8908343.270,345800
8908433.043,345900
8908516.559,346000
8908608.980,346100
8908697.308,346200
8908791.088,346300
8908880.965,346400
8908968.896,346500
8909060.450,346600
8909153.966,346700
8909243.162,346800
8909335.813,346900
8909428.214,347000
8909514.518,347100
8909610.592,347200
8909709.450,347300
8909799.041,347400
8909885.329,347500
8909972.746,347600
8910048.566,347700
8910141.127,347800
8910235.977,347900
8910314.421,348000
8910396.236,348100
8910493.084,348200
8910585.591,348300
8910675.700,348400
8910760.008,348500
8910840.849,348600
8910919.618,348700
8911010.598,348800
8911107.366,348900
8911167.572,349000
8911247.697,349100
8911316.624,349200
8911389.703,349300
8911481.614,349400
8911547.636,349500
8911627.027,349600
8911716.372,349700
8911788.407,349800
8911886.036,349900
8912656.335,350000
8912762.658,350100
8912881.228,350200
8912996.384,350300
8913083.971,350400
8913162.685,350500
8913259.408,350600
8913347.214,350700
8913420.940,350800
8913517.374,350900
8913611.113,351000
8913698.070,351100
8913792.935,351200
8913892.305,351300
8913972.282,351400
8914069.863,351500
8914152.276,351600
8914248.390,351700
8914323.979,351800
8914418.853,351900
8914504.471,352000
8914593.222,352100
8914689.233,352200
8914779.528,352300
8914860.721,352400
8914945.085,352500
8915029.584,352600
8915117.186,352700
8915195.336,352800
8915280.912,352900
8915365.700,353000
8915440.491,353100
8915530.162,353200
8915616.498,353300
8915703.963,353400
8915811.174,353500
8915899.001,353600
8915991.116,353700
8916066.550,353800
8916156.762,353900
8916252.771,354000
8916331.141,354100
8916421.652,354200
8916524.769,354300
8916616.995,354400
8916694.819,354500
8916774.863,354600
8916867.169,354700
8916940.280,354800
8917036.986,354900
8917137.452,355000
8917215.988,355100
8917295.965,355200
8917383.408,355300
8917471.694,355400
8917554.621,355500
8917657.745,355600
8917746.726,355700
8917836.554,355800
8917921.085,355900
8918019.387,356000
8918106.054,356100
8918187.633,356200
8918267.034,356300
8918342.061,356400
8918422.292,356500
8918502.048,356600
8918591.751,356700
8918657.310,356800
8918742.375,356900
8918825.609,357000
8918907.260,357100
8919002.065,357200
8919089.256,357300
8919161.628,357400
8919248.058,357500
8919339.962,357600
8919426.662,357700
8919515.069,357800
8919614.357,357900
8919708.741,358000
8919790.371,358100
8919897.024,358200
8919996.298,358300
8920086.097,358400
8920167.984,358500
8920272.172,358600
8920376.936,358700
8920447.719,358800
8920538.493,358900
8920649.617,359000
8920745.505,359100
8920846.039,359200
8920949.081,359300
8921043.807,359400
8921124.987,359500
8921219.086,359600
8921298.387,359700
8921361.719,359800
8921448.549,359900
8922154.458,360000
8922257.502,360100
8922362.857,360200
8922469.486,360300
8922573.191,360400
8922664.405,360500
8922759.932,360600
8922860.368,360700
8922951.591,360800
8923029.926,360900
8923128.280,361000
8923244.026,361100
8923348.842,361200
8923470.418,361300
8923568.273,361400
8923661.253,361500
8923759.673,361600
8923861.979,361700
8923961.435,361800
8924047.395,361900
8924145.955,362000
8924253.366,362100
8924358.639,362200
8924435.478,362300
8924526.741,362400
8924602.852,362500
8924684.562,362600
8924777.316,362700
8924880.702,362800
8924955.326,362900
8925058.134,363000
8925168.750,363100
8925261.241,363200
8925375.010,363300
8925482.523,363400
8925573.289,363500
8925667.640,363600
8925765.114,363700
8925856.078,363800
8925932.078,363900
8926036.664,364000
8926128.684,364100
8926240.498,364200
8926348.396,364300
8926453.867,364400
8926558.360,364500
8926678.239,364600
8926792.120,364700
8926911.229,364800
8927038.703,364900
8927149.124,365000
8927277.335,365100
8927385.623,365200
8927489.214,365300
8927596.275,365400
8927699.021,365500
8927810.567,365600
8927908.723,365700
8928011.300,365800
8928104.452,365900
8928199.891,366000
8928295.910,366100
8928389.805,366200
8928481.777,366300
8928591.119,366400
8928687.168,366500
8928766.273,366600
8928852.347,366700
8928933.209,366800
8929017.399,366900
8929098.560,367000
8929197.184,367100
8929302.393,367200
8929401.830,367300
8929514.155,367400
8929660.088,367500
8929808.941,367600
8929950.106,367700
8930094.044,367800
8930233.935,367900
8930381.677,368000
8930463.565,368100
8930569.656,368200
8930665.130,368300
8930807.574,368400
8930963.907,368500
8931106.947,368600
8931258.205,368700
8931370.782,368800
8931458.906,368900
8931543.715,369000
8931633.163,369100
8931713.616,369200
8931823.234,369300
8931899.370,369400
8932005.425,369500
8932115.269,369600
8932199.907,369700
8932295.222,369800
8932394.678,369900
8933225.440,370000
8933313.698,370100
8933420.922,370200
8933532.732,370300
8933629.187,370400
8933734.648,370500
8933831.397,370600
8933912.753,370700
8934015.072,370800
8934097.068,370900
8934181.947,371000
8934267.996,371100
8934363.970,371200
8934454.319,371300
8934554.877,371400
8934660.205,371500
8934743.076,371600
8934836.452,371700
8934929.112,371800
8935018.599,371900
8935109.278,372000
8935199.173,372100
8935275.575,372200
8935373.364,372300
8935459.863,372400
8935571.284,372500
8935665.884,372600
8935783.642,372700
8935892.283,372800
8935985.547,372900
8936056.942,373000
8936146.303,373100
8936251.106,373200
8936329.883,373300
8936432.513,373400
8936529.997,373500
8936645.245,373600
8936749.382,373700
8936850.364,373800
8936946.320,373900
8937043.933,374000
8937158.963,374100
8937266.760,374200
8937372.311,374300
8937480.608,374400
8937584.167,374500
8937701.165,374600
8937822.235,374700
8937925.450,374800
8938045.095,374900
8938164.709,375000
8938269.743,375100
8938370.122,375200
8938463.199,375300
8938578.874,375400
8938688.443,375500
8938786.883,375600
8938896.519,375700
8938987.612,375800
8939078.910,375900
8939181.795,376000
8939275.606,376100
8939362.521,376200
8939463.420,376300
8939548.421,376400
8939668.588,376500
8939772.956,376600
8939865.614,376700
8939983.785,376800
8940091.236,376900
8940178.462,377000
8940283.488,377100
8940389.372,377200
8940479.710,377300
8940556.616,377400
8940656.481,377500
8940752.302,377600
8940845.995,377700
8940963.704,377800
8941088.297,377900
8941204.887,378000
8941318.767,378100
8941446.407,378200
8941567.450,378300
8941669.571,378400
8941779.607,378500
8941910.380,378600
8942021.232,378700
8942129.928,378800
8942238.511,378900
8942346.463,379000
8942455.998,379100
8942574.467,379200
8942714.432,379300
8942871.587,379400
8942992.647,379500
8943088.342,379600
8943209.298,379700
8943343.774,379800
8943456.817,379900
8944347.532,380000
8944483.128,380100
8944593.695,380200
8944729.255,380300
8944849.229,380400
8944943.384,380500
8945083.852,380600
8945204.253,380700
8945318.845,380800
8945433.078,380900
8945556.301,381000
8945673.554,381100
8945799.805,381200
8945917.762,381300
8946033.852,381400
8946149.188,381500
8946267.268,381600
8946381.388,381700
8946506.517,381800
8946638.343,381900
8946790.285,382000
8946957.905,382100
8947102.501,382200
8947240.720,382300
8947365.111,382400
8947476.078,382500
8947589.385,382600
8947716.447,382700
8947846.337,382800
8947949.589,382900
8948094.610,383000
8948200.368,383100
8948310.338,383200
8948428.095,383300
8948523.199,383400
8948654.707,383500
8948767.136,383600
8948867.315,383700
8948973.497,383800
8949080.081,383900
8949181.862,384000
8949326.104,384100
8949446.614,384200
8949554.164,384300
8949674.513,384400
8949792.690,384500
8949887.316,384600
8949994.122,384700
8950081.515,384800
8950195.615,384900
8950297.814,385000
8950395.137,385100
8950505.145,385200
8950612.875,385300
8950718.058,385400
8950835.461,385500
8950947.194,385600
8951072.639,385700
8951188.642,385800
8951279.980,385900
8951408.181,386000
8951532.276,386100
8951635.429,386200
8951767.090,386300
8951883.854,386400
8951999.344,386500
8952121.347,386600
8952231.026,386700
8952351.973,386800
8952468.085,386900
8952572.457,387000
8952700.969,387100
8952834.969,387200
8952967.004,387300
8953083.536,387400
8953220.026,387500
8953353.548,387600
8953459.656,387700
8953560.346,387800
8953682.598,387900
8953824.014,388000
8953953.294,388100
8954097.306,388200
8954240.052,388300
8954370.432,388400
8954480.103,388500
8954605.232,388600
8954735.845,388700
8954879.496,388800
8955018.399,388900
8955146.671,389000
8955275.891,389100
8955419.987,389200
8955540.541,389300
8955663.067,389400
8955808.038,389500
8955969.043,389600
8956116.329,389700
8956243.590,389800
8956380.961,389900
8957411.495,390000
8957567.802,390100
8957677.651,390200
8957801.702,390300
8957911.054,390400
8958024.341,390500
8958132.596,390600
8958273.464,390700
8958396.976,390800
8958530.513,390900
8958646.442,391000
8958767.217,391100
8958878.493,391200
8958986.659,391300
8959120.002,391400
8959235.512,391500
8959359.826,391600
8959455.580,391700
8959577.569,391800
8959702.712,391900
8959840.781,392000
8959960.160,392100
8960095.949,392200
8960208.474,392300
8960325.725,392400
8960453.963,392500
8960566.524,392600
8960683.038,392700
8960801.406,392800
8960931.290,392900
8961044.966,393000
8961181.930,393100
8961300.942,393200
8961435.294,393300
8961580.196,393400
8961728.661,393500
8961866.627,393600
8962012.256,393700
8962150.428,393800
8962270.212,393900
8962406.374,394000
8962577.943,394100
8962774.746,394200
8962929.358,394300
8963081.163,394400
8963208.226,394500
8963331.111,394600
8963458.227,394700
8963568.950,394800
8963693.240,394900
8963819.176,395000
8963971.391,395100
8964117.272,395200
8964255.337,395300
8964406.236,395400
8964555.753,395500
8964672.692,395600
8964825.827,395700
8964939.028,395800
8965052.769,395900
8965163.503,396000
8965297.447,396100
8965459.064,396200
8965607.258,396300
8965761.129,396400
8965893.696,396500
8966013.865,396600
8966146.194,396700
8966264.267,396800
8966387.287,396900
8966510.249,397000
8966626.349,397100
8966751.165,397200
8966884.331,397300
8967026.807,397400
8967191.112,397500
8967323.086,397600
8967443.310,397700
8967587.835,397800
8967704.392,397900
8967838.032,398000
8967961.071,398100
8968103.340,398200
8968228.960,398300
8968352.280,398400
8968480.947,398500
8968623.506,398600
8968756.758,398700
8968916.611,398800
8969070.867,398900
8969203.850,399000
8969334.616,399100
8969479.991,399200
8969622.812,399300
8969763.899,399400
8969937.145,399500
8970102.118,399600
8970279.752,399700
8970441.551,399800
8970608.316,399900
8971826.602,400000
8971986.723,400100
8972167.332,400200
8972315.226,400300
8972460.502,400400
8972646.939,400500
8972833.354,400600
8973005.254,400700
8973178.813,400800
8973335.787,400900
8973517.075,401000
8973680.731,401100
8973821.655,401200
8973987.572,401300
8974111.583,401400
8974247.760,401500
8974376.075,401600
8974518.166,401700
8974653.583,401800
8974831.389,401900
8974967.471,402000
8975107.714,402100
8975226.419,402200
8975343.557,402300
8975458.554,402400
8975587.071,402500
8975725.661,402600
8975873.134,402700
8976000.311,402800
8976123.538,402900
8976254.279,403000
8976393.204,403100
8976515.430,403200
8976661.987,403300
8976793.315,403400
8976908.554,403500
8977059.297,403600
8977206.195,403700
8977341.007,403800
8977473.714,403900
8977597.614,404000
8977739.055,404100
8977857.078,404200
8977978.200,404300
8978111.324,404400
8978233.154,404500
8978361.980,404600
8978516.658,404700
8978633.161,404800
8978817.891,404900
8978971.181,405000
8979112.139,405100
8979263.180,405200
8979395.885,405300
8979561.079,405400
8979743.331,405500
8979882.100,405600
8980004.408,405700
8980140.323,405800
8980288.238,405900
8980414.298,406000
8980555.204,406100
8980693.781,406200
8980817.809,406300
8980955.954,406400
8981077.898,406500
8981188.693,406600
8981306.524,406700
8981440.415,406800
8981580.049,406900
8981735.480,407000
8981854.229,407100
8981995.758,407200
8982130.253,407300
8982253.792,407400
8982395.100,407500
8982525.582,407600
8982639.970,407700
8982776.670,407800
8982924.850,407900
8983044.940,408000
8983192.093,408100
8983332.490,408200
8983457.790,408300
8983613.027,408400
8983749.745,408500
8983869.394,408600
8984003.381,408700
8984149.641,408800
8984314.222,408900
8984454.494,409000
8984604.038,409100
8984767.745,409200
8984926.268,409300
8985093.571,409400
8985242.782,409500
8985389.905,409600
8985510.571,409700
8985640.500,409800
8985789.638,409900
8987029.871,410000
8987203.089,410100
8987349.740,410200
8987514.596,410300
8987663.323,410400
8987793.567,410500
8987943.662,410600
8988069.604,410700
8988182.604,410800
8988305.346,410900
8988434.550,411000
8988573.796,411100
8988720.468,411200
8988865.603,411300
8989023.190,411400
8989168.260,411500
8989300.633,411600
8989442.104,411700
8989582.505,411800
8989721.635,411900
8989865.896,412000
8990031.956,412100
8990190.153,412200
8990336.322,412300
8990494.436,412400
8990647.357,412500
8990783.536,412600
8990926.781,412700
8991082.319,412800
8991192.351,412900
8991312.416,413000
8991416.067,413100
8991585.256,413200
8991736.643,413300
8991900.087,413400
8992045.465,413500
8992204.852,413600
8992381.259,413700
8992537.946,413800
8992675.289,413900
8992823.715,414000
8993005.654,414100
8993155.507,414200
8993321.780,414300
8993473.666,414400
8993627.536,414500
8993768.072,414600
8993926.172,414700
8994077.174,414800
8994189.136,414900
8994317.676,415000
8994455.026,415100
8994608.435,415200
8994751.659,415300
8994904.449,415400
8995033.842,415500
8995180.154,415600
8995336.499,415700
8995466.994,415800
8995592.818,415900
8995747.100,416000
8995910.143,416100
8996073.053,416200
8996238.644,416300
8996402.995,416400
8996583.080,416500
8996747.203,416600
8996942.894,416700
8997121.383,416800
8997266.835,416900
8997412.042,417000
8997548.348,417100
8997686.574,417200
8997859.615,417300
8998027.827,417400
8998192.252,417500
8998372.160,417600
8998532.218,417700
8998698.508,417800
8998838.721,417900
8998977.681,418000
8999129.622,418100
8999264.771,418200
8999419.650,418300
8999554.459,418400
8999706.519,418500
8999837.118,418600
8999997.219,418700
9000118.464,418800
9000275.532,418900
9000409.904,419000
9000515.848,419100
9000649.013,419200
9000784.347,419300
9000945.654,419400
9001084.264,419500
9001219.401,419600
9001373.771,419700
9001524.091,419800
9001666.983,419900
9002891.432,420000
9003021.161,420100
9003160.680,420200
9003313.547,420300
9003470.917,420400
9003625.751,420500
9003790.355,420600
9003933.054,420700
9004087.191,420800
9004231.138,420900
9004368.702,421000
9004508.340,421100
9004649.773,421200
9004798.305,421300
9004942.040,421400
9005095.830,421500
9005233.707,421600
9005387.787,421700
9005526.673,421800
9005680.952,421900
9005827.038,422000
9005963.463,422100
9006111.334,422200
9006270.251,422300
9006433.874,422400
9006598.554,422500
9006759.511,422600
9006903.084,422700
9007043.487,422800
9007191.698,422900
9007352.120,423000
9007511.698,423100
9007673.147,423200
9007810.373,423300
9007975.960,423400
9008120.631,423500
9008266.730,423600
9008406.352,423700
9008522.491,423800
9008651.489,423900
9008763.925,424000
9008893.368,424100
9009035.930,424200
9009202.213,424300
9009339.344,424400
9009499.366,424500
9009644.587,424600
9009799.560,424700
9009943.765,424800
9010094.398,424900
9010208.926,425000
9010343.479,425100
9010458.852,425200
9010579.873,425300
9010731.984,425400
9010888.227,425500
9011049.076,425600
9011205.765,425700
9011351.123,425800
9011486.164,425900
9011618.489,426000
9011767.298,426100
9011886.708,426200
9012020.227,426300
9012163.521,426400
9012296.917,426500
9012446.749,426600
9012588.406,426700
9012716.616,426800
9012879.444,426900
9013035.104,427000
9013174.509,427100
9013288.947,427200
9013406.383,427300
9013541.298,427400
9013690.368,427500
9013844.293,427600
9014007.259,427700
9014148.557,427800
9014297.660,427900
9014436.055,428000
9014575.541,428100
9014720.178,428200
9014831.781,428300
9014963.001,428400
9015128.866,428500
9015282.347,428600
9015427.368,428700
9015562.127,428800
9015720.872,428900
9015858.837,429000
9015995.606,429100
9016125.792,429200
9016241.939,429300
9016366.148,429400
9016487.432,429500
9016634.939,429600
9016762.347,429700
9016902.559,429800
9017035.462,429900
9018658.764,430000
9018822.176,430100
9018986.662,430200
9019148.613,430300
9019282.217,430400
9019435.548,430500
9019601.560,430600
9019748.961,430700
9019888.600,430800
9020018.637,430900
9020152.463,431000
9020301.790,431100
9020455.603,431200
9020575.983,431300
9020664.476,431400
9020781.928,431500
9020908.495,431600
9021069.490,431700
9021212.686,431800
9021338.407,431900
9021491.824,432000
9021640.278,432100
9021804.474,432200
9021952.863,432300
9022079.944,432400
9022201.481,432500
9022359.868,432600
9022514.281,432700
9022649.645,432800
9022808.037,432900
9022946.761,433000
9023090.666,433100
9023251.491,433200
9023396.910,433300
9023542.624,433400
9023683.831,433500
9023802.057,433600
9023944.902,433700
9024105.021,433800
9024271.629,433900
9024442.346,434000
9024597.831,434100
9024765.916,434200
9024927.748,434300
9025095.500,434400
9025236.930,434500
9025384.004,434600
9025543.575,434700
9025710.667,434800
9025860.061,434900
9026005.702,435000
9026186.076,435100
9026352.905,435200
9026509.758,435300
9026631.985,435400
9026791.341,435500
9026934.920,435600
9027127.560,435700
9027331.400,435800
9027517.405,435900
9027741.085,436000
9027953.614,436100
9028130.783,436200
9028283.745,436300
9028430.966,436400
9028582.091,436500
9028705.467,436600
9028824.023,436700
9028980.013,436800
9029133.584,436900
9029314.577,437000
9029475.135,437100
9029624.002,437200
9029793.250,437300
9029973.250,437400
9030129.169,437500
9030266.661,437600
9030422.012,437700
9030586.584,437800
9030749.311,437900
9030920.532,438000
9031103.829,438100
9031265.119,438200
9031423.514,438300
9031563.232,438400
9031703.019,438500
9031851.495,438600
9031993.109,438700
9032157.310,438800
9032303.172,438900
9032473.309,439000
9032763.124,439100
9032948.758,439200
9033137.061,439300
9033297.223,439400
9033484.938,439500
9033668.899,439600
9033831.547,439700
9034009.272,439800
9034197.113,439900
9036149.691,440000
9036364.758,440100
9036561.945,440200
9036768.912,440300
9036969.741,440400
9037157.328,440500
9037353.493,440600
9037555.877,440700
9037726.942,440800
9037898.893,440900
9038072.425,441000
9038260.141,441100
9038446.214,441200
9038617.072,441300
9038781.366,441400
9038974.000,441500
9039169.831,441600
9039352.555,441700
9039512.743,441800
9039670.083,441900
9039859.780,442000
9040042.455,442100
9040227.245,442200
9040406.856,442300
9040587.151,442400
9040753.012,442500
9040929.707,442600
9041102.178,442700
9041270.304,442800
9041427.583,442900
9041566.562,443000
9041701.104,443100
9041877.230,443200
9042024.290,443300
9042191.983,443400
9042365.155,443500
9042546.941,443600
9042730.351,443700
9042915.280,443800
9043064.965,443900
9043206.910,444000
9043384.485,444100
9043559.532,444200
9043749.164,444300
9043920.030,444400
9044105.097,444500
9044284.439,444600
9044460.127,444700
9044650.297,444800
9044822.669,444900
9044964.858,445000
9045101.337,445100
9045256.709,445200
9045424.846,445300
9045599.551,445400
9045753.096,445500
9045932.163,445600
9046108.025,445700
9046274.896,445800
9046451.993,445900
9046612.536,446000
9046750.988,446100
9046899.178,446200
9047089.587,446300
9047265.313,446400
9047444.249,446500
9047636.908,446600
9047839.196,446700
9048034.197,446800
9048217.431,446900
9048398.871,447000
9048584.913,447100
9048744.786,447200
9048894.995,447300
9049073.832,447400
9049251.594,447500
9049418.305,447600
9049593.000,447700
9049753.632,447800
9049902.069,447900
9050060.274,448000
9050218.179,448100
9050378.835,448200
9050526.672,448300
9050676.824,448400
9050816.333,448500
9050988.954,448600
9051174.455,448700
9051343.367,448800
9051526.450,448900
9051686.723,449000
9051848.016,449100
9051995.472,449200
9052132.035,449300
9052290.144,449400
9052427.217,449500
9052569.599,449600
9052754.449,449700
9052967.910,449800
9053173.136,449900
9055333.549,450000
9055561.756,450100
9055776.586,450200
9055950.524,450300
9056141.263,450400
9056367.819,450500
9056557.056,450600
9056763.940,450700
9056965.895,450800
9057163.978,450900
9057358.130,451000
9057537.699,451100
9057720.168,451200
9057912.981,451300
9058106.027,451400
9058302.566,451500
9058487.301,451600
9058668.423,451700
9058859.293,451800
9059050.116,451900
9059239.874,452000
9059432.473,452100
9059611.891,452200
9059789.568,452300
9059975.943,452400
9060161.727,452500
9060341.601,452600
9060513.399,452700
9060679.938,452800
9060858.708,452900
9061017.449,453000
9061201.394,453100
9061371.128,453200
9061552.184,453300
9061735.578,453400
9061911.837,453500
9062092.094,453600
9062291.377,453700
9062465.520,453800
9062649.948,453900
9062834.439,454000
9063024.482,454100
9063199.510,454200
9063376.387,454300
9063554.198,454400
9063738.298,454500
9063920.949,454600
9064103.829,454700
9064269.444,454800
9064442.918,454900
9064620.032,455000
9064797.452,455100
9064975.156,455200
9065159.759,455300
9065344.836,455400
9065522.023,455500
9065707.940,455600
9065891.637,455700
9066075.180,455800
9066263.579,455900
9066434.980,456000
9066613.737,456100
9066785.194,456200
9066964.341,456300
9067155.270,456400
9067339.701,456500
9067524.579,456600
9067724.776,456700
9067906.349,456800
9068074.822,456900
9068253.659,457000
9068441.589,457100
9068625.544,457200
9068808.840,457300
9068993.956,457400
9069191.032,457500
9069381.020,457600
9069567.917,457700
9069758.527,457800
9069950.152,457900
9070124.014,458000
9070305.669,458100
9070514.935,458200
9070698.391,458300
9070889.224,458400
9071073.932,458500
9071255.896,458600
9071436.184,458700
9071604.952,458800
9071786.755,458900
9071945.200,459000
9072085.014,459100
9072256.976,459200
9072451.342,459300
9072629.952,459400
9072809.111,459500
9072993.968,459600
9073179.205,459700
9073364.449,459800
9073560.024,459900
9075850.829,460000
9076043.910,460100
9076221.696,460200
9076425.871,460300
9076626.811,460400
9076821.817,460500
9077019.952,460600
9077218.491,460700
9077412.149,460800
9077593.620,460900
9077765.204,461000
9077935.816,461100
9078137.910,461200
9078333.776,461300
9078510.955,461400
9078691.262,461500
9078870.115,461600
9079061.986,461700
9079241.545,461800
9079428.652,461900
9079613.015,462000
9079797.153,462100
9079978.472,462200
9080148.670,462300
9080340.729,462400
9080524.252,462500
9080710.195,462600
9080896.026,462700
9081078.811,462800
9081257.013,462900
9081436.626,463000
9081609.831,463100
9081774.043,463200
9081946.689,463300
9082126.400,463400
9082312.542,463500
9082497.331,463600
9082698.285,463700
9082880.598,463800
9083068.026,463900
9083264.264,464000
9083445.188,464100
9083628.356,464200
9083829.129,464300
9084014.912,464400
9084207.783,464500
9084396.982,464600
9084590.791,464700
9084782.855,464800
9084970.155,464900
9085156.093,465000
9085348.183,465100
9085543.057,465200
9085725.032,465300
9085921.201,465400
9086113.091,465500
9086306.596,465600
9086491.789,465700
9086666.050,465800
9086851.507,465900
9087027.168,466000
9087214.974,466100
9087403.954,466200
9087602.212,466300
9087804.058,466400
9088011.611,466500
9088195.287,466600
9088375.664,466700
9088560.867,466800
9088746.000,466900
9088935.446,467000
9089129.726,467100
9089319.112,467200
9089516.255,467300
9089721.420,467400
9089931.749,467500
9090135.223,467600
9090335.022,467700
9090538.406,467800
9090738.681,467900
9090941.398,468000
9091150.656,468100
9091354.242,468200
9091554.622,468300
9091762.499,468400
9091980.983,468500
9092190.895,468600
9092397.808,468700
9092591.631,468800
9092777.836,468900
9092980.021,469000
9093181.006,469100
9093381.317,469200
9093583.878,469300
9093785.776,469400
9093993.491,469500
9094191.088,469600
9094380.481,469700
9094582.304,469800
9094766.960,469900
9097195.319,470000
9097429.430,470100
9097645.016,470200
9097862.066,470300
9098077.498,470400
9098299.081,470500
9098515.566,470600
9098733.135,470700
9098939.462,470800
9099153.408,470900
9099366.105,471000
9099580.399,471100
9099796.842,471200
9099996.957,471300
9100217.767,471400
9100435.631,471500
9100641.902,471600
9100833.132,471700
9101051.889,471800
9101267.306,471900
9101478.794,472000
9101694.335,472100
9101898.420,472200
9102098.434,472300
9102294.963,472400
9102498.826,472500
9102693.560,472600
9102891.966,472700
9103097.597,472800
9103292.663,472900
9103495.129,473000
9103693.530,473100
9103889.054,473200
9104072.805,473300
9104267.702,473400
9104464.990,473500
9104660.307,473600
9104844.407,473700
9105009.543,473800
9105170.425,473900
9105332.863,474000
9105524.960,474100
9105697.270,474200
9105874.366,474300
9106060.870,474400
9106232.114,474500
9106434.380,474600
9106627.264,474700
9106792.041,474800
9106959.502,474900
9107138.533,475000
9107292.490,475100
9107478.546,475200
9107660.183,475300
9107848.444,475400
9108011.860,475500
9108208.878,475600
9108394.269,475700
9108572.306,475800
9108776.025,475900
9108976.812,476000
9109151.399,476100
9109340.649,476200
9109546.029,476300
9109744.355,476400
9109950.195,476500
9110145.729,476600
9110302.571,476700
9110501.725,476800
9110686.256,476900
9110873.056,477000
9111054.422,477100
9111177.777,477200
9111371.445,477300
9111560.746,477400
9111757.446,477500
9111964.466,477600
9112158.989,477700
9112364.073,477800
9112568.657,477900
9112757.362,478000
9112958.130,478100
9113172.702,478200
9113362.786,478300
9113562.864,478400
9113769.357,478500
9113907.112,478600
9114113.658,478700
9114328.967,478800
9114518.901,478900
9114725.920,479000
9114918.504,479100
9115097.719,479200
9115277.180,479300
9115463.059,479400
9115651.738,479500
9115863.612,479600
9116065.022,479700
9116267.443,479800
9116465.694,479900
9119172.156,480000
9119413.082,480100
9119629.087,480200
9119861.058,480300
9120081.021,480400
9120301.307,480500
9120522.630,480600
9120732.720,480700
9120937.818,480800
9121156.064,480900
9121373.309,481000
9121567.856,481100
9121775.053,481200
9121985.601,481300
9122188.815,481400
9122401.393,481500
9122601.176,481600
9122806.821,481700
9123014.388,481800
9123209.194,481900
9123402.558,482000
9123600.818,482100
9123815.872,482200
9124023.778,482300
9124225.752,482400
9124437.576,482500
9124644.508,482600
9124857.005,482700
9125066.264,482800
9125270.699,482900
9125468.191,483000
9125666.485,483100
9125863.346,483200
9126028.882,483300
9126189.457,483400
9126378.572,483500
9126586.431,483600
9126747.583,483700
9126906.403,483800
9127123.366,483900
9127292.853,484000
9127504.685,484100
9127689.727,484200
9127860.447,484300
9128039.489,484400
9128190.047,484500
9128397.762,484600
9128570.524,484700
9128744.967,484800
9128918.415,484900
9129071.206,485000
9129252.069,485100
9129393.067,485200
9129627.076,485300
9129787.304,485400
9129999.738,485500
9130156.288,485600
9130291.082,485700
9130457.375,485800
9130648.212,485900
9130861.650,486000
9131070.771,486100
9131283.313,486200
9131451.072,486300
9131609.818,486400
9131779.917,486500
9131950.537,486600
9132103.783,486700
9132259.456,486800
9132446.408,486900
9132658.784,487000
9132866.027,487100
9133024.417,487200
9133225.943,487300
9133414.152,487400
9133596.682,487500
9133755.833,487600
9133910.289,487700
9134116.494,487800
9134346.686,487900
9134565.063,488000
9134732.312,488100
9134926.796,488200
9135095.044,488300
9135312.810,488400
9135518.926,488500
9135711.976,488600
9135878.368,488700
9136046.556,488800
9136201.737,488900
9136398.773,489000
9136595.032,489100
9136798.707,489200
9137009.365,489300
9137217.844,489400
9137414.618,489500
9137627.831,489600
9137847.418,489700
9138072.923,489800
9138289.263,489900
9141025.305,490000
9141222.744,490100
9141442.438,490200
9141657.118,490300
9141880.453,490400
9142088.576,490500
9142310.701,490600
9142538.647,490700
9142748.321,490800
9142978.474,490900
9143202.277,491000
9143392.308,491100
9143602.138,491200
9143822.964,491300
9144053.052,491400
9144303.177,491500
9144529.254,491600
9144742.990,491700
9144941.079,491800
9145092.642,491900
9145314.622,492000
9145541.645,492100
9145769.357,492200
9146006.585,492300
9146229.132,492400
9146449.735,492500
9146676.053,492600
9146928.015,492700
9147178.136,492800
9147411.174,492900
9147644.672,493000
9147878.559,493100
9148095.395,493200
9148337.651,493300
9148578.768,493400
9148797.415,493500
9149030.066,493600
9149259.667,493700
9149483.118,493800
9149713.421,493900
9149956.147,494000
9150217.000,494100
9150451.872,494200
9150675.456,494300
9150895.945,494400
9151117.990,494500
9151348.706,494600
9151579.943,494700
9151807.879,494800
9152043.406,494900
9152291.066,495000
9152539.027,495100
9152785.078,495200
9153007.830,495300
9153220.151,495400
9153443.535,495500
9153660.127,495600
9153889.870,495700
9154127.371,495800
9154345.430,495900
9154574.491,496000
9154801.223,496100
9155029.478,496200
9155265.981,496300
9155491.986,496400
9155726.093,496500
9155958.443,496600
9156192.849,496700
9156439.454,496800
9156670.520,496900
9156907.121,497000
9157132.706,497100
9157362.340,497200
9157597.302,497300
9157813.175,497400
9158064.095,497500
9158304.327,497600
9158549.243,497700
9158795.778,497800
9159036.351,497900
9159286.435,498000
9159515.232,498100
9159778.333,498200
9160032.603,498300
9160285.218,498400
9160548.042,498500
9160964.739,498600
9161266.651,498700
9161537.822,498800
9161783.538,498900
9162024.338,499000
9162274.009,499100
9162529.481,499200
9162766.146,499300
9163035.796,499400
9163267.956,499500
9163511.013,499600
9163754.382,499700
9164000.319,499800
9164249.806,499900
9167643.728,500000
9168123.311,500100
9168380.019,500200
9168643.266,500300
9168901.542,500400
9169180.030,500500
9169455.672,500600
9169722.456,500700
9169989.479,500800
9170270.513,500900
9170521.099,501000
9170786.051,501100
9171045.841,501200
9171323.206,501300
9171603.628,501400
9171883.708,501500
9172161.472,501600
9172417.731,501700
9172683.807,501800
9172961.354,501900
9173228.784,502000
9173508.699,502100
9173759.275,502200
9174014.135,502300
9174283.047,502400
9174541.081,502500
9174803.920,502600
9175058.628,502700
9175322.125,502800
9175583.653,502900
9175844.750,503000
9176107.574,503100
9176354.434,503200
9176604.158,503300
9176865.442,503400
9177115.790,503500
9177379.716,503600
9177626.392,503700
9177883.509,503800
9178150.709,503900
9178402.971,504000
9178649.977,504100
9178897.695,504200
9179134.906,504300
9179384.271,504400
9179627.594,504500
9179886.402,504600
9180144.575,504700
9180390.299,504800
9180635.963,504900
9180910.728,505000
9181191.704,505100
9181434.576,505200
9181706.813,505300
9181954.374,505400
9182217.780,505500
9182468.946,505600
9182716.647,505700
9182974.638,505800
9183214.371,505900
9183468.118,506000
9183742.398,506100
9183993.838,506200
9184253.274,506300
9184522.943,506400
9184765.871,506500
9185013.139,506600
9185255.707,506700
9185497.384,506800
9185742.414,506900
9185981.638,507000
9186223.839,507100
9186481.478,507200
9186739.286,507300
9186980.479,507400
9187204.903,507500
9187407.258,507600
9187648.375,507700
9187876.515,507800
9188171.962,507900
9188463.447,508000
9188761.563,508100
9189070.045,508200
9189398.367,508300
9189719.880,508400
9190035.653,508500
9190329.944,508600
9190676.994,508700
9191023.039,508800
9191352.545,508900
9191682.311,509000
9192024.145,509100
9192362.228,509200
9192686.379,509300
9192962.209,509400
9193256.661,509500
9193590.534,509600
9193912.121,509700
9194209.396,509800
9194493.370,509900
9198693.118,510000
9199004.336,510100
9199252.084,510200
9199495.989,510300
9199728.847,510400
9199981.433,510500
9200253.125,510600
9200508.540,510700
9200750.436,510800
9200918.109,510900
9201135.816,511000
9201400.944,511100
9201655.013,511200
9201894.469,511300
9202226.268,511400
9202486.183,511500
9202689.604,511600
9202925.356,511700
9203258.864,511800
9203600.051,511900
9203920.973,512000
9204263.333,512100
9204567.113,512200
9204904.702,512300
9205213.288,512400
9205535.655,512500
9205867.112,512600
9206211.893,512700
9206498.884,512800
9206798.163,512900
9207152.482,513000
9207467.867,513100
9207777.241,513200
9207980.276,513300
9208245.587,513400
9208420.573,513500
9208610.875,513600
9208823.977,513700
9208985.825,513800
9209131.697,513900
9209276.583,514000
9209419.285,514100
9209588.228,514200
9209777.205,514300
9209968.405,514400
9210130.031,514500
9210332.260,514600
9210518.766,514700
9210732.928,514800
9210907.535,514900
9211060.615,515000
9211199.423,515100
9211355.933,515200
9211552.237,515300
9211724.956,515400
9211892.857,515500
9212096.308,515600
9212252.105,515700
9212403.877,515800
9212565.632,515900
9212728.110,516000
9212853.514,516100
9212991.872,516200
9213132.289,516300
9213278.164,516400
9213467.623,516500
9213625.723,516600
9213786.261,516700
9213951.672,516800
9214125.870,516900
9214302.782,517000
9214434.624,517100
9214552.032,517200
9214683.503,517300
9214825.767,517400
9214994.141,517500
9215159.909,517600
9215289.812,517700
9215475.563,517800
9215666.824,517900
9215826.245,518000
9216013.413,518100
9216171.694,518200
9216335.867,518300
9216505.408,518400
9216745.070,518500
9216933.079,518600
9217116.723,518700
9217270.596,518800
9217422.087,518900
9217599.758,519000
9217757.345,519100
9217976.046,519200
9218145.771,519300
9218268.471,519400
9218415.630,519500
9218603.239,519600
9218805.587,519700
9219020.694,519800
9219264.502,519900
9222963.727,520000
9223208.574,520100
9223436.030,520200
9223660.595,520300
9223803.695,520400
9223986.180,520500
9224177.371,520600
9224347.223,520700
9224538.169,520800
9224724.029,520900
9224917.184,521000
9225145.369,521100
9225365.030,521200
9225567.298,521300
9225749.707,521400
9225926.184,521500
9226100.060,521600
9226330.462,521700
9226547.204,521800
9226718.028,521900
9226894.876,522000
9227069.553,522100
9227282.014,522200
9227526.848,522300
9227689.356,522400
9227811.952,522500
9227993.482,522600
9228202.688,522700
9228367.440,522800
9228550.217,522900
9228728.970,523000
9228879.511,523100
9229139.094,523200
9229348.080,523300
9229490.131,523400
9229647.681,523500
9229799.501,523600
9229979.203,523700
9230142.707,523800
9230329.604,523900
9230510.425,524000
9230684.444,524100
9230873.119,524200
9230999.591,524300
9231175.514,524400
9231326.973,524500
9231428.964,524600
9231559.574,524700
9231707.146,524800
9231899.186,524900
9232088.214,525000
9232255.566,525100
9232420.467,525200
9232592.574,525300
9232754.679,525400
9232944.490,525500
9233066.988,525600
9233219.816,525700
9233389.310,525800
9233625.444,525900
9233856.454,526000
9234017.758,526100
9234250.566,526200
9234456.937,526300
9234692.253,526400
9234926.532,526500
9235132.334,526600
9235288.693,526700
9235458.810,526800
9235639.253,526900
9235804.905,527000
9235993.653,527100
9236248.958,527200
9236435.282,527300
9236639.201,527400
9236825.936,527500
9237015.023,527600
9237151.184,527700
9237282.683,527800
9237398.362,527900
9237536.354,528000
9237702.488,528100
9237869.220,528200
9238146.019,528300
9238385.471,528400
9238557.352,528500
9238726.989,528600
9238873.883,528700
9239049.035,528800
9239189.327,528900
9239305.651,529000
9239442.915,529100
9239634.354,529200
9239866.874,529300
9240101.831,529400
9240341.945,529500
9240517.969,529600
9240690.072,529700
9240867.454,529800
9241071.001,529900
9244104.238,530000
9244302.552,530100
9244491.871,530200
9244751.866,530300
9244997.185,530400
9245199.006,530500
9245385.215,530600
9245558.194,530700
9245738.992,530800
9245884.860,530900
9246028.386,531000
9246182.197,531100
9246407.639,531200
9246639.753,531300
9246861.887,531400
9247084.523,531500
9247397.261,531600
9247724.581,531700
9248012.811,531800
9248341.151,531900
9248553.776,532000
9248727.095,532100
9248952.316,532200
9249132.122,532300
9249368.367,532400
9249606.669,532500
9249799.771,532600
9249979.131,532700
9250156.034,532800
9250349.631,532900
9250530.759,533000
9250641.671,533100
9250785.031,533200
9250971.736,533300
9251187.445,533400
9251414.600,533500
9251619.102,533600
9251831.969,533700
9252005.042,533800
9252210.561,533900
9252407.939,534000
9252590.913,534100
9252727.916,534200
9252870.433,534300
9253059.201,534400
9253260.224,534500
9253483.131,534600
9253680.153,534700
9253882.551,534800
9254086.686,534900
9254264.116,535000
9254444.694,535100
9254593.947,535200
9254729.006,535300
9254871.125,535400
9255084.339,535500
9255297.180,535600
9255508.489,535700
9255699.298,535800
9255875.432,535900
9256076.068,536000
9256254.799,536100
9256437.086,536200
9256597.610,536300
9256734.169,536400
9256895.051,536500
9257078.904,536600
9257275.497,536700
9257499.870,536800
9257668.266,536900
9257861.675,537000
9258058.601,537100
9258237.448,537200
9258401.056,537300
9258543.938,537400
9258672.705,537500
9258837.659,537600
9259041.824,537700
9259193.992,537800
9259375.545,537900
9259562.178,538000
9259702.157,538100
9259897.856,538200
9260095.391,538300
9260247.750,538400
9260405.570,538500
9260566.784,538600
9260719.763,538700
9260922.634,538800
9261113.730,538900
9261317.148,539000
9261525.404,539100
9261681.841,539200
9261871.358,539300
9262072.650,539400
9262237.862,539500
9262403.843,539600
9262572.007,539700
9262731.345,539800
9262945.621,539900
9266270.230,540000
9266528.304,540100
9266723.036,540200
9266932.739,540300
9267167.104,540400
9267324.637,540500
9267496.552,540600
9267660.816,540700
9267836.520,540800
9268061.566,540900
9268283.043,541000
9268443.068,541100
9268625.970,541200
9268835.717,541300
9269014.783,541400
9269219.526,541500
9269385.581,541600
9269535.235,541700
9269712.765,541800
9269903.997,541900
9270112.092,542000
9270293.558,542100
9270471.538,542200
9270664.051,542300
9270889.467,542400
9271076.576,542500
9271247.231,542600
9271402.419,542700
9271557.644,542800
9271744.717,542900
9271909.342,543000
9272097.209,543100
9272288.801,543200
9272487.051,543300
9272665.574,543400
9272873.594,543500
9273026.781,543600
9273181.272,543700
9273333.827,543800
9273486.379,543900
9273700.759,544000
9273928.821,544100
9274092.326,544200
9274294.543,544300
9274487.781,544400
9274662.711,544500
9274881.605,544600
9275050.278,544700
9275206.548,544800
9275403.140,544900
9275629.876,545000
9275834.282,545100
9276032.359,545200
9276234.842,545300
9276432.135,545400
9276655.025,545500
9276854.566,545600
9277063.250,545700
9277258.262,545800
9277480.910,545900
9277688.534,546000
9277921.489,546100
9278158.447,546200
9278365.595,546300
9278579.962,546400
9278800.066,546500
9278990.411,546600
9279163.220,546700
9279348.828,546800
9279548.931,546900
9279754.191,547000
9279997.845,547100
9280241.631,547200
9280486.756,547300
9280690.168,547400
9280908.681,547500
9281099.356,547600
9281282.796,547700
9281459.842,547800
9281707.831,547900
9281925.304,548000
9282100.049,548100
9282399.762,548200
9282588.271,548300
9282814.945,548400
9283047.845,548500
9283237.000,548600
9283419.381,548700
9283659.244,548800
9283883.921,548900
9284081.580,549000
9284321.088,549100
9284541.138,549200
9284774.645,549300
9285005.666,549400
9285221.369,549500
9285403.808,549600
9285580.108,549700
9285778.692,549800
9286005.206,549900
9289194.582,550000
9289463.767,550100
9289716.838,550200
9289979.911,550300
9290199.032,550400
9290406.388,550500
9290566.857,550600
9290786.441,550700
9291069.599,550800
9291342.846,550900
9291605.157,551000
9291838.239,551100
9292082.043,551200
9292297.298,551300
9292504.979,551400
9292729.990,551500
9292971.039,551600
9293196.432,551700
9293427.816,551800
9293688.878,551900
9293942.248,552000
9294196.483,552100
9294415.608,552200
9294622.326,552300
9294829.937,552400
9295076.737,552500
9295282.357,552600
9295507.307,552700
9295747.291,552800
9295987.865,552900
9296204.245,553000
9296403.079,553100
9296603.508,553200
9296815.326,553300
9297041.663,553400
9297287.438,553500
9297530.871,553600
9297764.353,553700
9297968.743,553800
9298200.123,553900
9298404.125,554000
9298620.095,554100
9298842.219,554200
9299063.372,554300
9299294.873,554400
9299515.134,554500
9299743.040,554600
9299977.042,554700
9300192.666,554800
9300356.534,554900
9300532.975,555000
9300688.182,555100
9300850.900,555200
9301031.589,555300
9301202.117,555400
9301380.232,555500
9301548.679,555600
9301734.175,555700
9301935.795,555800
9302104.703,555900
9302294.665,556000
9302469.479,556100
9302637.248,556200
9302794.866,556300
9302959.126,556400
9303120.197,556500
9303276.797,556600
9303447.025,556700
9303644.974,556800
9303834.026,556900
9304013.993,557000
9304179.654,557100
9304334.524,557200
9304491.545,557300
9304665.923,557400
9304879.269,557500
9305057.236,557600
9305252.465,557700
9305438.637,557800
9305596.729,557900
9305796.244,558000
9305977.730,558100
9306148.514,558200
9306328.395,558300
9306493.391,558400
9306655.506,558500
9306845.488,558600
9307052.585,558700
9307250.913,558800
9307455.141,558900
9307664.947,559000
9307861.383,559100
9308044.586,559200
9308174.872,559300
9308346.098,559400
9308528.903,559500
9308709.315,559600
9308925.772,559700
9309131.232,559800
9309323.508,559900
9312479.825,560000
9312730.835,560100
9312920.630,560200
9313092.868,560300
9313274.135,560400
9313471.913,560500
9313705.237,560600
9313904.178,560700
9314097.261,560800
9314298.022,560900
9314518.591,561000
9314721.896,561100
9314906.284,561200
9315088.540,561300
9315272.171,561400
9315449.161,561500
9315654.287,561600
9315862.874,561700
9316037.295,561800
9316249.626,561900
9316432.614,562000
9316607.063,562100
9316813.337,562200
9316980.292,562300
9317171.948,562400
9317335.815,562500
9317510.921,562600
9317810.006,562700
9318076.501,562800
9318319.124,562900
9318500.733,563000
9318705.775,563100
9318916.674,563200
9319125.936,563300
9319259.772,563400
9319436.628,563500
9319622.524,563600
9319834.368,563700
9320044.294,563800
9320261.051,563900
9320479.441,564000
9320731.611,564100
9320944.118,564200
9321108.506,564300
9321308.265,564400
9321498.448,564500
9321682.385,564600
9321913.351,564700
9322114.602,564800
9322327.929,564900
9322511.119,565000
9322725.677,565100
9322905.226,565200
9323129.102,565300
9323320.006,565400
9323486.287,565500
9323666.583,565600
9323916.565,565700
9324106.275,565800
9324335.744,565900
9324553.827,566000
9324773.984,566100
9324979.712,566200
9325170.422,566300
9325351.839,566400
9325497.297,566500
9325709.810,566600
9325934.594,566700
9326134.007,566800
9326346.088,566900
9326588.316,567000
9326792.202,567100
9326984.511,567200
9327179.976,567300
9327366.799,567400
9327493.287,567500
9327684.681,567600
9327892.399,567700
9328069.609,567800
9328279.234,567900
9328475.558,568000
9328681.518,568100
9328892.920,568200
9329068.196,568300
9329257.659,568400
9329432.729,568500
9329574.105,568600
9329774.132,568700
9330003.367,568800
9330210.029,568900
9330435.861,569000
9330679.243,569100
9330905.802,569200
9331118.854,569300
9331351.660,569400
9331574.287,569500
9331791.081,569600
9332002.783,569700
9332244.662,569800
9332484.987,569900
9335629.161,570000
9335957.382,570100
9336220.778,570200
9336491.609,570300
9336761.068,570400
9336990.529,570500
9337219.040,570600
9337439.503,570700
9337707.660,570800
9337973.070,570900
9338232.736,571000
9338487.575,571100
9338730.416,571200
9338973.038,571300
9339204.345,571400
9339416.307,571500
9339628.271,571600
9339882.264,571700
9340134.678,571800
9340358.594,571900
9340626.760,572000
9340884.792,572100
9341127.860,572200
9341355.053,572300
9341592.422,572400
9341814.544,572500
9342059.903,572600
9342266.892,572700
9342490.177,572800
9342738.807,572900
9342999.306,573000
9343244.318,573100
9343464.770,573200
9343703.831,573300
9343948.499,573400
9344162.889,573500
9344359.435,573600
9344533.864,573700
9344773.018,573800
9345008.758,573900
9345259.894,574000
9345473.306,574100
9345683.762,574200
9345893.540,574300
9346104.601,574400
9346362.681,574500
9346574.346,574600
9346800.705,574700
9347027.207,574800
9347260.190,574900
9347506.292,575000
9347750.691,575100
9347992.139,575200
9348240.951,575300
9348483.363,575400
9348743.415,575500
9349010.885,575600
9349257.309,575700
9349510.356,575800
9349753.821,575900
9350014.054,576000
9350277.971,576100
9350533.842,576200
9350792.942,576300
9351050.744,576400
9351313.617,576500
9351566.541,576600
9351823.516,576700
9352051.862,576800
9352265.591,576900
9352512.559,577000
9352760.648,577100
9353010.604,577200
9353246.077,577300
9353480.413,577400
9353737.931,577500
9353988.368,577600
9354235.373,577700
9354461.710,577800
9354670.838,577900
9354915.169,578000
9355178.180,578100
9355449.241,578200
9355716.056,578300
9355952.134,578400
9356170.463,578500
9356424.904,578600
9356696.980,578700
9356947.233,578800
9357211.231,578900
9357442.807,579000
9357699.364,579100
9357959.496,579200
9358230.469,579300
9358475.645,579400
9358711.010,579500
9358951.458,579600
9359189.489,579700
9359428.588,579800
9359627.805,579900
9363058.230,580000
9363308.703,580100
9363562.799,580200
9363828.262,580300
9364094.170,580400
9364380.797,580500
9364664.065,580600
9364934.300,580700
9365265.398,580800
9365544.780,580900
9365807.723,581000
9366078.703,581100
9366361.045,581200
9366637.585,581300
9366911.691,581400
9367157.383,581500
9367416.568,581600
9367700.128,581700
9367974.041,581800
9368261.444,581900
9368552.510,582000
9368808.146,582100
9369073.079,582200
9369355.898,582300
9369628.872,582400
9369935.295,582500
9370249.135,582600
9370523.155,582700
9370815.840,582800
9371093.387,582900
9371362.215,583000
9371578.067,583100
9371805.227,583200
9372064.038,583300
9372342.688,583400
9372603.939,583500
9372866.150,583600
9373112.072,583700
9373355.689,583800
9373595.580,583900
9373843.590,584000
9374052.810,584100
9374235.864,584200
9374412.321,584300
9374618.770,584400
9374834.532,584500
9375093.186,584600
9375336.800,584700
9375614.957,584800
9375887.213,584900
9376155.078,585000
9376422.790,585100
9376673.250,585200
9376890.771,585300
9377082.403,585400
9377286.317,585500
9377535.716,585600
9377769.418,585700
9377998.151,585800
9378270.163,585900
9378541.949,586000
9378804.975,586100
9379075.224,586200
9379260.477,586300
9379436.268,586400
9379631.851,586500
9379866.537,586600
9380119.007,586700
9380317.755,586800
9380569.659,586900
9380813.391,587000
9381035.047,587100
9381234.751,587200
9381420.601,587300
9381583.168,587400
9381743.943,587500
9381902.315,587600
9382128.628,587700
9382373.531,587800
9382599.682,587900
9382799.925,588000
9383033.464,588100
9383286.916,588200
9383515.387,588300
9383713.267,588400
9383889.466,588500
9384086.274,588600
9384284.233,588700
9384550.827,588800
9384804.003,588900
9385050.725,589000
9385316.772,589100
9385584.398,589200
9385830.312,589300
9386068.392,589400
9386276.751,589500
9386417.794,589600
9386606.388,589700
9386793.229,589800
9387065.700,589900
9390559.943,590000
9390824.036,590100
9391047.675,590200
9391290.478,590300
9391501.180,590400
9391721.318,590500
9391921.972,590600
9392132.948,590700
9392298.433,590800
9392525.560,590900
9392768.135,591000
9393020.640,591100
9393288.180,591200
9393548.340,591300
9393785.841,591400
9393991.142,591500
9394207.745,591600
9394366.887,591700
9394546.655,591800
9394812.947,591900
9395047.814,592000
9395256.670,592100
9395496.632,592200
9395700.544,592300
9395912.412,592400
9396141.445,592500
9396327.397,592600
9396483.493,592700
9396677.095,592800
9396878.840,592900
9397118.372,593000
9397342.590,593100
9397575.725,593200
9397813.909,593300
9398021.070,593400
9398225.722,593500
9398470.095,593600
9398674.694,593700
9398824.198,593800
9398981.385,593900
9399159.027,594000
9399424.596,594100
9399635.414,594200
9399843.032,594300
9400072.547,594400
9400256.698,594500
9400465.408,594600
9400673.091,594700
9400879.954,594800
9401066.521,594900
9401284.147,595000
9401430.043,595100
9401686.527,595200
9401914.330,595300
9402140.836,595400
9402403.495,595500
9402596.751,595600
9402811.377,595700
9403014.998,595800
9403198.378,595900
9403381.313,596000
9403549.464,596100
9403747.758,596200
9404010.381,596300
9404243.659,596400
9404463.381,596500
9404685.280,596600
9404875.819,596700
9405085.298,596800
9405334.307,596900
9405502.077,597000
9405680.898,597100
9405872.241,597200
9406104.996,597300
9406332.093,597400
9406538.533,597500
9406755.554,597600
9406947.415,597700
9407151.157,597800
9407381.841,597900
9407546.241,598000
9407728.536,598100
9407916.684,598200
9408092.973,598300
9408296.804,598400
9408497.698,598500
9408676.844,598600
9408914.911,598700
9409130.414,598800
9409299.284,598900
9409517.763,599000
9409719.607,599100
9409867.928,599200
9410063.928,599300
9410295.497,599400
9410490.337,599500
9410726.814,599600
9410937.847,599700
9411171.740,599800
9411337.777,599900
9414703.269,600000
9414931.642,600100
9415115.967,600200
9415293.375,600300
9415511.615,600400
9415689.382,600500
9415927.407,600600
9416116.648,600700
9416347.247,600800
9416606.781,600900
9416861.486,601000
9417169.465,601100
9417428.496,601200
9417679.920,601300
9417944.890,601400
9418204.027,601500
9418467.937,601600
9418711.521,601700
9418931.451,601800
9419216.576,601900
9419473.317,602000
9419682.126,602100
9419899.619,602200
9420124.061,602300
9420397.151,602400
9420643.987,602500
9420927.532,602600
9421180.462,602700
9421449.487,602800
9421685.779,602900
9421920.029,603000
9422145.265,603100
9422319.781,603200
9422512.496,603300
9422733.643,603400
9422941.055,603500
9423201.416,603600
9423398.989,603700
9423617.907,603800
9423839.656,603900
9424103.813,604000
9424375.012,604100
9424649.946,604200
9424862.786,604300
9425077.781,604400
9425334.431,604500
9425542.327,604600
9425770.808,604700
9426011.922,604800
9426279.621,604900
9426509.110,605000
9426690.390,605100
9426858.749,605200
9427066.947,605300
9427294.268,605400
9427542.873,605500
9427789.884,605600
9427981.396,605700
9428203.996,605800
9428388.359,605900
9428635.716,606000
9428866.362,606100
9429041.418,606200
9429233.131,606300
9429469.583,606400
9429670.509,606500
9429863.925,606600
9430075.838,606700
9430280.914,606800
9430477.259,606900
9430722.577,607000
9430902.067,607100
9431061.876,607200
9431250.916,607300
9431467.945,607400
9431717.558,607500
9431982.524,607600
9432252.270,607700
9432472.099,607800
9432685.470,607900
9432916.186,608000
9433078.059,608100
9433293.836,608200
9433542.782,608300
9433760.279,608400
9434017.205,608500
9434277.935,608600
9434509.841,608700
9434709.304,608800
9434927.656,608900
9435133.631,609000
9435299.311,609100
9435470.662,609200
9435600.666,609300
9435799.144,609400
9436028.230,609500
9436316.598,609600
9436499.390,609700
9436697.007,609800
9436869.125,609900
9440204.918,610000
9440478.074,610100
9440660.433,610200
9440834.476,610300
9441043.255,610400
9441237.503,610500
9441478.960,610600
9441689.496,610700
9441841.164,610800
9442000.585,610900
9442248.886,611000
9442437.141,611100
9442664.590,611200
9442852.041,611300
9443011.515,611400
9443197.053,611500
9443431.608,611600
9443681.826,611700
9443912.556,611800
9444113.169,611900
9444371.523,612000
9444629.000,612100
9444841.823,612200
9445068.130,612300
9445260.585,612400
9445413.343,612500
9445618.994,612600
9445835.098,612700
9446117.566,612800
9446372.713,612900
9446594.170,613000
9446821.905,613100
9447013.471,613200
9447227.398,613300
9447453.118,613400
9447670.785,613500
9447855.423,613600
9448057.575,613700
9448267.932,613800
9448476.777,613900
9448723.677,614000
9448969.728,614100
9449194.178,614200
9449404.276,614300
9449629.616,614400
9449795.752,614500
9449971.382,614600
9450163.224,614700
9450383.695,614800
9450655.616,614900
9450899.114,615000
9451141.501,615100
9451320.673,615200
9451574.938,615300
9451800.759,615400
9451988.421,615500
9452262.498,615600
9452463.772,615700
9452682.734,615800
9452959.964,615900
9453214.663,616000
9453427.439,616100
9453679.479,616200
9453953.719,616300
9454234.111,616400
9454482.214,616500
9454705.368,616600
9454926.753,616700
9455145.875,616800
9455403.835,616900
9455672.982,617000
9455911.833,617100
9456191.918,617200
9456442.977,617300
9456668.906,617400
9456904.670,617500
9457132.454,617600
9457336.375,617700
9457552.601,617800
9457748.894,617900
9458006.806,618000
9458251.633,618100
9458521.589,618200
9458786.395,618300
9459006.241,618400
9459197.170,618500
9459399.378,618600
9459606.670,618700
9459816.735,618800
9460037.640,618900
9460274.364,619000
9460513.651,619100
9460750.996,619200
9460989.370,619300
9461207.218,619400
9461401.782,619500
9461630.230,619600
9461800.543,619700
9461985.535,619800
9462245.175,619900
9465547.398,620000
9465850.952,620100
9466110.119,620200
9466302.861,620300
9466559.128,620400
9466787.445,620500
9467009.381,620600
9467216.577,620700
9467367.552,620800
9467614.845,620900
9467873.637,621000
9468142.815,621100
9468399.588,621200
9468686.555,621300
9468982.575,621400
9469288.250,621500
9469557.823,621600
9469827.843,621700
9470090.764,621800
9470366.841,621900
9470640.007,622000
9470903.408,622100
9471165.009,622200
9471441.000,622300
9471686.596,622400
9471895.904,622500
9472111.791,622600
9472352.178,622700
9472612.678,622800
9472859.517,622900
9473105.221,623000
9473374.457,623100
9473595.730,623200
9473791.048,623300
9474015.861,623400
9474181.802,623500
9474376.896,623600
9474624.808,623700
9474864.278,623800
9475095.389,623900
9475368.044,624000
9475599.457,624100
9475841.674,624200
9476098.642,624300
9476295.144,624400
9476473.218,624500
9476641.014,624600
9476871.709,624700
9477140.762,624800
9477382.120,624900
9477610.650,625000
9477821.708,625100
9478064.851,625200
9478245.908,625300
9478440.265,625400
9478647.666,625500
9478798.782,625600
9478997.656,625700
9479203.456,625800
9479398.040,625900
9479632.679,626000
9479881.058,626100
9480129.510,626200
9480343.451,626300
9480636.148,626400
9480925.125,626500
9481147.861,626600
9481337.874,626700
9481547.226,626800
9481787.189,626900
9482023.464,627000
9482245.876,627100
9482465.660,627200
9482742.362,627300
9483017.744,627400
9483278.288,627500
9483547.107,627600
9483812.455,627700
9484046.314,627800
9484295.510,627900
9484554.816,628000
9484810.632,628100
9485089.422,628200
9485386.109,628300
9485657.844,628400
9485945.359,628500
9486244.753,628600
9486505.861,628700
9486737.557,628800
9486949.278,628900
9487211.868,629000
9487485.424,629100
9487749.365,629200
9488033.737,629300
9488332.035,629400
9488638.390,629500
9488922.956,629600
9489223.846,629700
9489489.665,629800
9489760.648,629900
9493473.106,630000
9493792.695,630100
9494085.886,630200
9494388.394,630300
9494730.581,630400
9495042.069,630500
9495331.084,630600
9495625.211,630700
9495941.522,630800
9496276.756,630900
9496587.938,631000
9496890.688,631100
9497182.720,631200
9497467.017,631300
9497761.639,631400
9498058.787,631500
9498356.258,631600
9498641.555,631700
9498921.085,631800
9499198.228,631900
9499481.033,632000
9499765.517,632100
9500043.195,632200
9500319.557,632300
9500584.802,632400
9500806.984,632500
9501070.296,632600
9501366.259,632700
9501662.492,632800
9501943.122,632900
9502193.098,633000
9502462.163,633100
9502666.815,633200
9502909.099,633300
9503074.694,633400
9503271.906,633500
9503457.908,633600
9503668.790,633700
9503950.797,633800
9504203.542,633900
9504410.558,634000
9504683.187,634100
9504953.304,634200
9505215.494,634300
9505455.909,634400
9505693.484,634500
9505921.370,634600
9506097.726,634700
9506301.386,634800
9506538.435,634900
9506799.307,635000
9507077.832,635100
9507355.104,635200
9507618.794,635300
9507887.635,635400
9508151.524,635500
9508371.775,635600
9508573.904,635700
9508783.659,635800
9509037.462,635900
9509319.126,636000
9509590.688,636100
9509865.253,636200
9510132.788,636300
9510413.705,636400
9510653.322,636500
9510879.080,636600
9511076.023,636700
9511313.492,636800
9511568.714,636900
9511831.613,637000
9512105.445,637100
9512382.522,637200
9512611.427,637300
9512886.083,637400
9513114.447,637500
9513368.333,637600
9513580.864,637700
9513787.017,637800
9514041.574,637900
9514305.812,638000
9514551.502,638100
9514834.368,638200
9515102.684,638300
9515383.834,638400
9515663.931,638500
9515910.917,638600
9516182.280,638700
9516415.426,638800
9516639.604,638900
9516858.492,639000
9517092.442,639100
9517375.047,639200
9517642.850,639300
9517915.359,639400
9518192.405,639500
9518468.003,639600
9518744.339,639700
9519010.946,639800
9519539.569,639900
9523568.527,640000
9523880.305,640100
9524184.778,640200
9524489.108,640300
9524790.727,640400
9525097.522,640500
9525406.766,640600
9525690.928,640700
9525996.543,640800
9526298.117,640900
9526605.104,641000
9526930.162,641100
9527258.003,641200
9527564.215,641300
9527872.270,641400
9528177.265,641500
9528498.767,641600
9528819.412,641700
9529125.240,641800
9529435.751,641900
9529746.147,642000
9530069.672,642100
9530368.074,642200
9530671.830,642300
9530997.578,642400
9531305.187,642500
9531626.791,642600
9531932.988,642700
9532233.821,642800
9532551.905,642900
9532844.338,643000
9533141.891,643100
9533444.255,643200
9533722.288,643300
9534000.903,643400
9534263.279,643500
9534550.639,643600
9534820.279,643700
9535093.641,643800
9535375.461,643900
9535621.803,644000
9535881.915,644100
9536174.410,644200
9536475.219,644300
9536764.140,644400
9537042.801,644500
9537329.242,644600
9537604.141,644700
9537883.348,644800
9538174.421,644900
9538431.100,645000
9538680.851,645100
9538959.073,645200
9539251.243,645300
9539533.673,645400
9539822.716,645500
9540101.467,645600
9540406.038,645700
9540694.617,645800
9540988.041,645900
9541264.692,646000
9541527.123,646100
9541810.907,646200
9542116.755,646300
9542407.733,646400
9542690.137,646500
9542982.621,646600
9543272.999,646700
9543574.808,646800
9543864.360,646900
9544147.411,647000
9544445.599,647100
9544724.279,647200
9544982.649,647300
9545276.999,647400
9545543.592,647500
9545830.867,647600
9546125.360,647700
9546406.545,647800
9546668.567,647900
9546896.447,648000
9547090.966,648100
9547346.174,648200
9547621.202,648300
9547888.518,648400
9548175.433,648500
9548459.546,648600
9548722.539,648700
9549005.764,648800
9549249.434,648900
9549531.408,649000
9549797.133,649100
9550042.107,649200
9550324.586,649300
9550588.712,649400
9550874.631,649500
9551167.709,649600
9551445.642,649700
9551713.560,649800
9552000.080,649900
9556048.715,650000
9556412.010,650100
9556672.096,650200
9556920.234,650300
9557194.915,650400
9557482.258,650500
9557769.034,650600
9558050.964,650700
9558346.960,650800
9558636.575,650900
9558915.047,651000
9559199.357,651100
9559483.989,651200
9559730.342,651300
9559989.851,651400
9560287.770,651500
9560588.165,651600
9560874.496,651700
9561139.442,651800
9561421.050,651900
9561713.635,652000
9561988.835,652100
9562248.628,652200
9562514.084,652300
9562756.435,652400
9563042.615,652500
9563333.455,652600
9563582.134,652700
9563878.557,652800
9564149.416,652900
9564403.426,653000
9564683.015,653100
9564905.855,653200
9565132.173,653300
9565410.667,653400
9565708.517,653500
9565977.652,653600
9566281.111,653700
9566598.011,653800
9566899.552,653900
9567192.592,654000
9567493.486,654100
9567788.845,654200
9568084.520,654300
9568374.348,654400
9568676.585,654500
9568968.015,654600
9569262.017,654700
9569549.304,654800
9569838.229,654900
9570126.950,655000
9570415.934,655100
9570717.687,655200
9571011.690,655300
9571309.793,655400
9571613.313,655500
9571929.714,655600
9572258.332,655700
9572568.880,655800
9572899.759,655900
9573207.041,656000
9573505.038,656100
9573803.647,656200
9574077.588,656300
9574381.181,656400
9574671.834,656500
9574955.287,656600
9575259.169,656700
9575549.927,656800
9575812.525,656900
9576070.304,657000
9576357.508,657100
9576626.556,657200
9576920.633,657300
9577233.910,657400
9577559.041,657500
9577865.136,657600
9578183.050,657700
9578485.098,657800
9578788.813,657900
9579056.226,658000
9579293.669,658100
9579527.380,658200
9579784.621,658300
9580086.018,658400
9580391.902,658500
9580689.970,658600
9580988.223,658700
9581304.592,658800
9581612.474,658900
9581908.953,659000
9582208.714,659100
9582465.952,659200
9582762.217,659300
9583070.131,659400
9583373.952,659500
9583668.197,659600
9583950.159,659700
9584243.751,659800
9584543.552,659900
9588656.787,660000
9588985.497,660100
9589277.231,660200
9589574.674,660300
9589856.031,660400
9590155.157,660500
9590466.370,660600
9590764.872,660700
9591066.647,660800
9591383.506,660900
9591689.743,661000
9591997.798,661100
9592262.466,661200
9592528.935,661300
9592850.414,661400
9593154.356,661500
9593463.729,661600
9593798.135,661700
9594138.977,661800
9594457.410,661900
9594773.506,662000
9595085.665,662100
9595409.107,662200
9595736.668,662300
9596052.131,662400
9596375.427,662500
9596679.704,662600
9596992.894,662700
9597318.704,662800
9597628.325,662900
9597941.484,663000
9598264.068,663100
9598607.005,663200
9598952.105,663300
9599281.932,663400
9599610.199,663500
9599935.771,663600
9600258.724,663700
9600587.572,663800
9600900.240,663900
9601201.672,664000
9601516.493,664100
9601862.487,664200
9602211.250,664300
9602553.959,664400
9602884.865,664500
9603220.404,664600
9603536.453,664700
9603848.965,664800
9604193.365,664900
9604520.439,665000
9604871.622,665100
9605224.717,665200
9605539.445,665300
9605863.547,665400
9606211.667,665500
9606548.053,665600
9606877.524,665700
9607183.718,665800
9607518.329,665900
9607844.152,666000
9608150.715,666100
9608449.036,666200
9608754.247,666300
9609068.413,666400
9609378.957,666500
9609686.653,666600
9609983.503,666700
9610276.896,666800
9610583.136,666900
9610882.172,667000
9611190.127,667100
9611483.815,667200
9611773.671,667300
9612076.666,667400
9612381.135,667500
9612679.046,667600
9612983.489,667700
9613268.121,667800
9613564.500,667900
9613862.213,668000
9614156.319,668100
9614472.146,668200
9614783.329,668300
9615074.975,668400
9615372.242,668500
9615667.335,668600
9615978.546,668700
9616276.409,668800
9616578.778,668900
9616887.231,669000
9617185.580,669100
9617495.438,669200
9617861.782,669300
9618169.804,669400
9618493.048,669500
9618805.241,669600
9619106.054,669700
9619434.656,669800
9619751.367,669900
9624368.765,670000
9624791.791,670100
9625090.912,670200
9625401.209,670300
9625723.607,670400
9626046.225,670500
9626366.047,670600
9626689.840,670700
9627009.537,670800
9627334.748,670900
9627669.855,671000
9627995.510,671100
9628323.720,671200
9628650.034,671300
9628996.437,671400
9629318.400,671500
9629639.119,671600
9629996.288,671700
9630338.802,671800
9630675.388,671900
9630991.854,672000
9631317.692,672100
9631634.439,672200
9631951.912,672300
9632276.514,672400
9632617.210,672500
9632951.458,672600
9633275.933,672700
9633588.774,672800
9633901.991,672900
9634225.026,673000
9634542.950,673100
9634860.893,673200
9635171.701,673300
9635485.803,673400
9635806.208,673500
9636115.170,673600
9636455.229,673700
9636768.401,673800
9637079.523,673900
9637396.803,674000
9637716.991,674100
9638046.196,674200
9638358.496,674300
9638660.763,674400
9638995.949,674500
9639338.840,674600
9639679.105,674700
9640003.294,674800
9640313.325,674900
9640620.668,675000
9640934.583,675100
9641228.917,675200
9641532.853,675300
9641825.659,675400
9642129.454,675500
9642468.979,675600
9642844.260,675700
9643159.813,675800
9643484.883,675900
9643810.910,676000
9644138.621,676100
9644449.646,676200
9644755.080,676300
9645053.940,676400
9645357.656,676500
9645674.817,676600
9646008.236,676700
9646312.159,676800
9646632.962,676900
9646953.130,677000
9647252.326,677100
9647560.832,677200
9647858.156,677300
9648169.943,677400
9648465.290,677500
9648774.039,677600
9649079.597,677700
9649388.347,677800
9649710.363,677900
9650008.448,678000
9650311.475,678100
9650618.620,678200
9650924.648,678300
9651226.428,678400
9651526.160,678500
9651824.945,678600
9652121.319,678700
9652445.071,678800
9652757.719,678900
9653053.655,679000
9653362.022,679100
9653671.239,679200
9653978.230,679300
9654283.320,679400
9654591.682,679500
9654900.007,679600
9655197.482,679700
9655533.763,679800
9655836.448,679900
9660511.317,680000
9661045.852,680100
9661355.313,680200
9661689.063,680300
9662029.447,680400
9662364.648,680500
9662692.355,680600
9663030.075,680700
9663356.925,680800
9663688.097,680900
9664025.518,681000
9664350.978,681100
9664664.925,681200
9664995.748,681300
9665330.865,681400
9665666.304,681500
9666010.632,681600
9666361.460,681700
9666721.921,681800
9667075.610,681900
9667433.511,682000
9667788.317,682100
9668121.081,682200
9668460.394,682300
9668796.723,682400
9669122.804,682500
9669442.860,682600
9669773.988,682700
9670115.503,682800
9670476.657,682900
9670820.467,683000
9671153.142,683100
9671492.496,683200
9671821.356,683300
9672166.453,683400
9672517.886,683500
9672859.757,683600
9673179.965,683700
9673525.380,683800
9673874.982,683900
9674223.668,684000
9674559.543,684100
9674914.005,684200
9675260.182,684300
9675581.890,684400
9675911.711,684500
9676241.562,684600
9676576.164,684700
9676906.865,684800
9677233.426,684900
9677559.491,685000
9677876.106,685100
9678199.863,685200
9678508.046,685300
9678815.847,685400
9679146.420,685500
9679504.371,685600
9679833.602,685700
9680139.512,685800
9680454.994,685900
9680782.228,686000
9681086.879,686100
9681420.195,686200
9681739.358,686300
9682006.659,686400
9682313.030,686500
9682566.031,686600
9682850.768,686700
9683131.474,686800
9683450.916,686900
9683740.133,687000
9684038.602,687100
9684345.455,687200
9684640.569,687300
9684931.770,687400
9685206.203,687500
9685514.807,687600
9685813.257,687700
9686131.687,687800
9686434.987,687900
9686775.947,688000
9687045.976,688100
9687613.707,688200
9687939.383,688300
9688260.686,688400
9688593.700,688500
9688934.966,688600
9689263.384,688700
9689573.432,688800
9689895.077,688900
9690209.632,689000
9690537.103,689100
9690858.108,689200
9691174.894,689300
9691496.864,689400
9691806.799,689500
9692123.180,689600
9692449.209,689700
9692754.307,689800
9693053.333,689900
9698059.579,690000
9698436.799,690100
9698697.602,690200
9698943.451,690300
9699184.767,690400
9699389.509,690500
9699646.442,690600
9699921.041,690700
9700199.769,690800
9700477.784,690900
9700687.738,691000
9700925.122,691100
9701239.111,691200
9701468.651,691300
9701677.910,691400
9701892.553,691500
9702062.995,691600
9702313.722,691700
9702567.338,691800
9702875.857,691900
9703153.674,692000
9703435.181,692100
9703668.251,692200
9703925.351,692300
9704156.388,692400
9704400.967,692500
9704574.137,692600
9704789.404,692700
9705107.429,692800
9705370.641,692900
9705614.934,693000
9705862.183,693100
9706131.024,693200
9706392.259,693300
9706598.358,693400
9706841.354,693500
9707067.206,693600
9707217.901,693700
9707453.192,693800
9707743.144,693900
9707949.804,694000
9708218.866,694100
9708492.988,694200
9708730.729,694300
9708986.012,694400
9709214.603,694500
9709463.475,694600
9709684.026,694700
9709906.217,694800
9710101.606,694900
9710379.764,695000
9710639.692,695100
9710883.444,695200
9711118.301,695300
9711384.032,695400
9711649.196,695500
9711945.806,695600
9712178.980,695700
9712380.074,695800
9712545.438,695900
9712780.819,696000
9713069.767,696100
9713384.461,696200
9713686.842,696300
9713953.024,696400
9714229.646,696500
9714502.915,696600
9714738.946,696700
9715034.866,696800
9715245.899,696900
9715432.826,697000
9715672.847,697100
9715915.780,697200
9716137.792,697300
9716400.318,697400
9716631.762,697500
9716898.603,697600
9717146.529,697700
9717340.124,697800
9717631.390,697900
9717849.593,698000
9718061.108,698100
9718301.715,698200
9718564.247,698300
9718816.840,698400
9719124.479,698500
9719432.850,698600
9719723.371,698700
9720018.220,698800
9720316.195,698900
9720516.880,699000
9720812.197,699100
9721034.869,699200
9721258.366,699300
9721542.430,699400
9721779.087,699500
9722045.813,699600
9722353.377,699700
9722622.486,699800
9722875.667,699900
9727223.146,700000
9727521.867,700100
9727730.433,700200
9727969.419,700300
9728279.619,700400
9728486.248,700500
9728804.383,700600
9729119.167,700700
9729459.094,700800
9729819.895,700900
9730125.401,701000
9730351.955,701100
9730594.095,701200
9730786.810,701300
9731054.004,701400
9731386.575,701500
9731694.376,701600
9731994.499,701700
9732265.177,701800
9732527.558,701900
9732805.232,702000
9733044.472,702100
9733286.628,702200
9733524.671,702300
9733756.034,702400
9734041.285,702500
9734301.902,702600
9734575.170,702700
9734899.215,702800
9735234.900,702900
9735481.730,703000
9735855.633,703100
9736078.769,703200
9736316.226,703300
9736546.446,703400
9736873.739,703500
9737158.612,703600
9737451.106,703700
9737755.595,703800
9738116.227,703900
9738493.421,704000
9738850.958,704100
9739199.404,704200
9739474.535,704300
9739686.254,704400
9739947.302,704500
9740310.842,704600
9740617.741,704700
9740929.688,704800
9741205.379,704900
9741508.198,705000
9741857.578,705100
9742212.469,705200
9742533.965,705300
9742742.068,705400
9742965.066,705500
9743292.853,705600
9743633.513,705700
9743918.363,705800
9744234.716,705900
9744594.115,706000
9744932.172,706100
9745224.295,706200
9745472.749,706300
9745757.534,706400
9745979.720,706500
9746206.068,706600
9746504.770,706700
9746756.017,706800
9747055.670,706900
9747353.987,707000
9747606.712,707100
9747902.659,707200
9748172.455,707300
9748416.338,707400
9748704.312,707500
9748969.993,707600
9749223.759,707700
9749561.009,707800
9749860.506,707900
9750130.354,708000
9750440.939,708100
9750743.732,708200
9751044.126,708300
9751372.259,708400
9751601.059,708500
9751818.767,708600
9752070.397,708700
9752357.402,708800
9752710.847,708900
9753068.022,709000
9753382.984,709100
9753658.793,709200
9753975.422,709300
9754254.821,709400
9754522.716,709500
9754780.885,709600
9754998.670,709700
9755230.258,709800
9755566.574,709900
9760025.021,710000
9760393.373,710100
9760709.130,710200
9760991.177,710300
9761270.500,710400
9761612.082,710500
9761862.911,710600
9762085.365,710700
9762372.949,710800
9762702.122,710900
9762967.536,711000
9763241.015,711100
9763558.094,711200
9763843.894,711300
9764167.922,711400
9764427.395,711500
9764670.052,711600
9764904.514,711700
9765149.363,711800
9765456.942,711900
9765766.446,712000
9766086.815,712100
9766414.442,712200
9766762.463,712300
9767025.513,712400
9767284.077,712500
9767543.339,712600
9767926.845,712700
9768204.532,712800
9768463.181,712900
9768729.974,713000
9769041.791,713100
9769263.979,713200
9769551.869,713300
9769863.393,713400
9770107.992,713500
9770389.037,713600
9770605.111,713700
9770811.876,713800
9771051.729,713900
9771306.222,714000
9771573.237,714100
9771887.999,714200
9772190.558,714300
9772485.886,714400
9772780.556,714500
9773091.061,714600
9773368.240,714700
9773555.274,714800
9773788.765,714900
9774089.158,715000
9774360.496,715100
9774636.779,715200
9774939.203,715300
9775179.839,715400
9775480.046,715500
9775788.992,715600
9776088.381,715700
9776324.410,715800
9776597.508,715900
9776876.068,716000
9777223.317,716100
9777567.994,716200
9777890.049,716300
9778231.714,716400
9778577.001,716500
9778894.332,716600
9779051.662,716700
9779229.853,716800
9779427.996,716900
9779656.193,717000
9779982.668,717100
9780248.459,717200
9780519.256,717300
9780839.568,717400
9781125.802,717500
9781378.137,717600
9781653.468,717700
9781907.994,717800
9782110.302,717900
9782331.614,718000
9782649.671,718100
9782931.628,718200
9783183.665,718300
9783474.980,718400
9783696.549,718500
9783925.720,718600
9784197.583,718700
9784395.709,718800
9784609.687,718900
9784797.246,719000
9785007.600,719100
9785271.339,719200
9785537.835,719300
9785780.440,719400
9786012.081,719500
9786224.126,719600
9786520.141,719700
9786827.319,719800
9787176.097,719900
9791351.662,720000
9791654.980,720100
9791928.080,720200
9792222.121,720300
9792500.672,720400
9792768.739,720500
9793073.763,720600
9793365.640,720700
9793657.367,720800
9793922.682,720900
9794156.434,721000
9794463.950,721100
9794808.101,721200
9795149.791,721300
9795466.245,721400
9795767.472,721500
9796029.049,721600
9796331.805,721700
9796600.088,721800
9796948.783,721900
9797286.057,722000
9797516.211,722100
9797788.906,722200
9798097.405,722300
9798398.723,722400
9798759.952,722500
9799187.561,722600
9799567.838,722700
9799922.330,722800
9800299.298,722900
9800633.550,723000
9800832.871,723100
9801063.965,723200
9801286.586,723300
9801538.547,723400
9801833.503,723500
9802043.921,723600
9802320.311,723700
9802571.175,723800
9802882.531,723900
9803160.077,724000
9803395.762,724100
9803602.822,724200
9803827.507,724300
9804141.324,724400
9804399.208,724500
9804611.801,724600
9804886.924,724700
9805214.240,724800
9805509.419,724900
9805793.286,725000
9806063.908,725100
9806300.640,725200
9806549.016,725300
9806852.228,725400
9807195.413,725500
9807563.047,725600
9807881.215,725700
9808168.451,725800
9808444.216,725900
9808726.502,726000
9809009.033,726100
9809250.224,726200
9809487.925,726300
9809789.093,726400
9810040.979,726500
9810324.414,726600
9810625.506,726700
9810905.019,726800
9811173.769,726900
9811397.888,727000
9811603.560,727100
9811831.146,727200
9812030.666,727300
9812339.085,727400
9812641.892,727500
9812908.104,727600
9813186.395,727700
9813486.404,727800
9813740.540,727900
9814040.819,728000
9814272.705,728100
9814459.200,728200
9814688.465,728300
9814958.511,728400
9815191.098,728500
9815505.171,728600
9815779.711,728700
9816029.381,728800
9816346.723,728900
9816633.510,729000
9816833.596,729100
9817080.449,729200
9817334.772,729300
9817634.972,729400
9817929.518,729500
9818212.059,729600
9818499.828,729700
9818800.546,729800
9819126.147,729900
9823469.525,730000
9823827.205,730100
9824116.497,730200
9824395.439,730300
9824631.007,730400
9824907.519,730500
9825206.405,730600
9825469.035,730700
9825752.202,730800
9826078.049,730900
9826346.987,731000
9826608.858,731100
9826838.240,731200
9827063.553,731300
9827335.349,731400
9827637.183,731500
9827950.539,731600
9828214.681,731700
9828516.066,731800
9828817.265,731900
9829045.872,732000
9829286.688,732100
9829520.862,732200
9829718.635,732300
9829933.997,732400
9830264.626,732500
9830592.047,732600
9830858.394,732700
9831138.322,732800
9831392.038,732900
9831646.373,733000
9831936.065,733100
9832136.208,733200
9832350.294,733300
9832566.301,733400
9832855.128,733500
9833125.830,733600
9833430.399,733700
9833670.983,733800
9833958.177,733900
9834269.627,734000
9834549.375,734100
9834882.720,734200
9835155.958,734300
9835357.148,734400
9835578.898,734500
9835842.564,734600
9836115.836,734700
9836406.612,734800
9836656.918,734900
9837016.536,735000
9837366.989,735100
9837698.800,735200
9837966.298,735300
9838238.529,735400
9838468.904,735500
9838719.891,735600
9839094.207,735700
9839372.849,735800
9839613.375,735900
9839993.769,736000
9840389.285,736100
9840738.914,736200
9841076.957,736300
9841422.304,736400
9841766.317,736500
9842115.865,736600
9842456.241,736700
9842793.729,736800
9843070.028,736900
9843365.949,737000
9843672.002,737100
9844000.241,737200
9844265.981,737300
9844486.352,737400
9844751.868,737500
9845009.284,737600
9845276.479,737700
9845583.793,737800
9845875.220,737900
9846115.265,738000
9846411.203,738100
9846723.304,738200
9846930.625,738300
9847161.874,738400
9847400.095,738500
9847688.087,738600
9847982.765,738700
9848292.152,738800
9848583.164,738900
9848889.537,739000
9849172.328,739100
9849460.323,739200
9849696.205,739300
9849888.638,739400
9850128.270,739500
9850428.325,739600
9850662.117,739700
9850945.028,739800
9851154.714,739900
9855377.647,740000
9855694.492,740100
9855932.242,740200
9856221.488,740300
9856513.690,740400
9856758.007,740500
9857084.598,740600
9857462.901,740700
9857799.102,740800
9858108.904,740900
9858435.243,741000
9858774.161,741100
9859113.912,741200
9859421.127,741300
9859681.896,741400
9859944.713,741500
9860195.047,741600
9860471.771,741700
9860779.097,741800
9861083.980,741900
9861341.729,742000
9861604.610,742100
9861929.844,742200
9862153.497,742300
9862430.110,742400
9862738.432,742500
9863091.302,742600
9863341.074,742700
9863635.838,742800
9863933.449,742900
9864188.032,743000
9864473.286,743100
9864777.338,743200
9865058.919,743300
9865300.093,743400
9865507.982,743500
9865722.609,743600
9865998.644,743700
9866344.269,743800
9866666.092,743900
9866934.259,744000
9867232.407,744100
9867549.382,744200
9867810.774,744300
9868005.707,744400
9868240.542,744500
9868500.636,744600
9868756.540,744700
9869073.405,744800
9869397.192,744900
9869727.428,745000
9870014.546,745100
9870265.925,745200
9870517.799,745300
9870770.730,745400
9871041.653,745500
9871364.334,745600
9871681.724,745700
9872036.311,745800
9872330.921,745900
9872593.164,746000
9872911.414,746100
9873132.845,746200
9873324.255,746300
9873546.807,746400
9873841.064,746500
9874085.237,746600
9874394.028,746700
9874624.385,746800
9874919.204,746900
9875249.245,747000
9875519.629,747100
9875792.730,747200
9876079.421,747300
9876320.614,747400
9876583.644,747500
9876868.582,747600
9877152.058,747700
9877423.191,747800
9877757.635,747900
9878080.323,748000
9878307.203,748100
9878611.072,748200
9878845.937,748300
9879033.831,748400
9879258.411,748500
9879546.825,748600
9879806.005,748700
9880150.060,748800
9880480.525,748900
9880780.623,749000
9881053.052,749100
9881371.175,749200
9881605.736,749300
9881883.630,749400
9882138.729,749500
9882410.119,749600
9882694.475,749700
9883052.103,749800
9883373.356,749900
9887747.015,750000
9888037.165,750100
9888306.465,750200
9888530.804,750300
9888794.442,750400
9889040.957,750500
9889277.363,750600
9889537.956,750700
9889840.293,750800
9890097.406,750900
9890391.316,751000
9890659.684,751100
9890861.443,751200
9891170.443,751300
9891431.165,751400
9891628.952,751500
9891897.743,751600
9892139.972,751700
9892419.873,751800
9892727.695,751900
9892977.761,752000
9893316.016,752100
9893604.754,752200
9893915.272,752300
9894254.182,752400
9894479.173,752500
9894682.374,752600
9894914.135,752700
9895235.369,752800
9895490.243,752900
9895786.863,753000
9896098.876,753100
9896410.929,753200
9896712.622,753300
9897025.310,753400
9897271.939,753500
9897469.803,753600
9897704.116,753700
9897971.252,753800
9898278.455,753900
9898610.681,754000
9898945.614,754100
9899212.021,754200
9899514.565,754300
9899823.721,754400
9900059.715,754500
9900269.090,754600
9900501.388,754700
9900741.719,754800
9901030.259,754900
9901313.872,755000
9901562.823,755100
9901865.953,755200
9902174.339,755300
9902471.235,755400
9902708.154,755500
9902927.659,755600
9903175.702,755700
9903421.559,755800
9903727.263,755900
9904053.189,756000
9904296.270,756100
9904548.890,756200
9904848.359,756300
9905101.222,756400
9905335.846,756500
9905576.739,756600
9905789.034,756700
9906039.331,756800
9906316.637,756900
9906553.998,757000
9906854.887,757100
9907037.865,757200
9907303.840,757300
9907573.522,757400
9907838.500,757500
9908104.521,757600
9908306.365,757700
9908510.281,757800
9908712.976,757900
9908926.937,758000
9909198.683,758100
9909430.001,758200
9909701.355,758300
9909981.362,758400
9910308.108,758500
9910631.879,758600
9910984.659,758700
9911248.614,758800
9911467.505,758900
9911713.293,759000
9911960.352,759100
9912246.625,759200
9912603.652,759300
9912948.828,759400
9913239.344,759500
9913520.119,759600
9913785.967,759700
9914049.890,759800
9914315.356,759900
9918350.506,760000
9918704.738,760100
9919014.674,760200
9919327.147,760300
9919668.871,760400
9919957.840,760500
9920274.292,760600
9920533.347,760700
9920790.239,760800
9921067.635,760900
9921340.781,761000
9921574.836,761100
9921853.392,761200
9922134.364,761300
9922422.662,761400
9922731.657,761500
9922995.389,761600
9923280.418,761700
9923611.946,761800
9923866.833,761900
9924111.424,762000
9924361.560,762100
9924709.117,762200
9924990.445,762300
9925279.395,762400
9925636.769,762500
9925926.123,762600
9926264.618,762700
9926537.781,762800
9926766.535,762900
9927072.417,763000
9927355.575,763100
9927693.122,763200
9928073.123,763300
9928448.095,763400
9928827.940,763500
9929192.152,763600
9929552.136,763700
9929928.261,763800
9930253.954,763900
9930575.780,764000
9930883.637,764100
9931225.144,764200
9931541.468,764300
9931884.978,764400
9932303.716,764500
9932709.705,764600
9933056.967,764700
9933437.239,764800
9933712.681,764900
9934021.752,765000
9934322.045,765100
9934631.391,765200
9934918.651,765300
9935266.732,765400
9935536.295,765500
9935849.580,765600
9936190.117,765700
9936486.512,765800
9936742.912,765900
9937037.653,766000
9937333.376,766100
9937634.408,766200
9937864.365,766300
9938092.949,766400
9938339.416,766500
9938569.366,766600
9938895.132,766700
9939308.065,766800
9939557.552,766900
9939803.283,767000
9940067.080,767100
9940331.250,767200
9940588.279,767300
9940841.879,767400
9941137.429,767500
9941423.968,767600
9941688.629,767700
9941990.490,767800
9942263.662,767900
9942522.044,768000
9942831.607,768100
9943141.194,768200
9943446.679,768300
9943722.039,768400
9944003.744,768500
9944260.596,768600
9944586.871,768700
9944908.356,768800
9945124.678,768900
9945350.682,769000
9945633.741,769100
9946018.809,769200
9946261.197,769300
9946548.801,769400
9946858.120,769500
9947191.264,769600
9947437.795,769700
9947715.244,769800
9947918.057,769900
9952618.360,770000
9953118.553,770100
9953415.178,770200
9953723.368,770300
9954049.683,770400
9954298.619,770500
9954628.694,770600
9954885.475,770700
9955094.446,770800
9955356.565,770900
9955548.193,771000
9955804.283,771100
9956195.478,771200
9956619.449,771300
9956899.803,771400
9957291.484,771500
9957615.779,771600
9957934.679,771700
9958267.513,771800
9958554.338,771900
9958806.744,772000
9959028.802,772100
9959254.875,772200
9959589.361,772300
9959852.383,772400
9960171.351,772500
9960484.466,772600
9960747.523,772700
9961037.114,772800
9961370.655,772900
9961618.925,773000
9961879.817,773100
9962127.885,773200
9962406.591,773300
9962669.209,773400
9962947.199,773500
9963203.037,773600
9963427.094,773700
9963700.500,773800
9963943.176,773900
9964196.919,774000
9964445.114,774100
9964659.061,774200
9964925.681,774300
9965247.847,774400
9965579.009,774500
9965916.483,774600
9966226.688,774700
9966528.680,774800
9966832.445,774900
9967120.208,775000
9967378.040,775100
9967593.284,775200
9967852.675,775300
9968098.755,775400
9968372.205,775500
9968653.023,775600
9968904.744,775700
9969196.870,775800
9969432.426,775900
9969687.002,776000
9969921.285,776100
9970111.971,776200
9970370.276,776300
9970638.451,776400
9970857.336,776500
9971095.317,776600
9971361.452,776700
9971615.300,776800
9971909.086,776900
9972176.052,777000
9972457.860,777100
9972747.810,777200
9973001.485,777300
9973294.726,777400
9973549.634,777500
9973835.373,777600
9974138.840,777700
9974436.568,777800
9974727.625,777900
9975026.392,778000
9975321.031,778100
9975641.136,778200
9975930.089,778300
9976182.037,778400
9976451.719,778500
9976776.752,778600
9977066.453,778700
9977352.224,778800
9977621.940,778900
9977877.147,779000
9978164.086,779100
9978437.629,779200
9978683.607,779300
9978940.107,779400
9979219.093,779500
9979490.559,779600
9979783.357,779700
9980064.553,779800
9980345.788,779900
9984575.037,780000
9984937.948,780100
9985269.134,780200
9985509.933,780300
9985770.184,780400
9985992.928,780500
9986273.642,780600
9986609.252,780700
9986914.697,780800
9987234.956,780900
9987556.207,781000
9987845.155,781100
9988145.141,781200
9988468.610,781300
9988728.526,781400
9988951.750,781500
9989244.250,781600
9989543.087,781700
9989827.291,781800
9990132.865,781900
9990389.506,782000
9990646.057,782100
9990889.614,782200
9991110.817,782300
9991364.020,782400
9991647.885,782500
9991882.631,782600
9992173.149,782700
9992473.716,782800
9992787.758,782900
9993104.556,783000
9993403.397,783100
9993659.234,783200
9993956.148,783300
9994274.860,783400
9994571.639,783500
9994865.309,783600
9995164.907,783700
9995463.936,783800
9995753.244,783900
9996052.679,784000
9996366.540,784100
9996615.054,784200
9996892.899,784300
9997191.785,784400
9997433.428,784500
9997680.315,784600
9997962.485,784700
9998283.731,784800
9998635.559,784900
9998981.585,785000
9999280.144,785100
9999617.323,785200
9999931.942,785300
10000265.677,785400
10000592.454,785500
10000909.743,785600
10001228.092,785700
10001538.106,785800
10001851.654,785900
10002198.562,786000
10002500.799,786100
10002859.232,786200
10003177.829,786300
10003483.399,786400
10003768.043,786500
10004039.214,786600
10004278.917,786700
10004553.841,786800
10004875.646,786900
10005191.225,787000
10005473.446,787100
10005785.588,787200
10006089.939,787300
10006374.642,787400
10006647.244,787500
10006930.987,787600
10007192.381,787700
10007449.504,787800
10007710.639,787900
10007986.104,788000
10008285.159,788100
10008569.105,788200
10008855.003,788300
10009151.928,788400
10009403.896,788500
10009645.948,788600
10009864.898,788700
10010098.131,788800
10010343.165,788900
10010627.321,789000
10010881.911,789100
10011142.725,789200
10011416.256,789300
10011674.138,789400
10011922.752,789500
10012168.957,789600
10012406.761,789700
10012665.019,789800
10012931.297,789900
10017286.838,790000
10017674.353,790100
10017964.786,790200
10018278.031,790300
10018591.906,790400
10018884.252,790500
10019180.852,790600
10019446.584,790700
10019718.914,790800
10020004.270,790900
10020292.691,791000
10020599.277,791100
10020903.319,791200
10021206.148,791300
10021532.816,791400
10021847.659,791500
10022149.091,791600
10022437.208,791700
10022701.634,791800
10022998.899,791900
10023306.022,792000
10023591.723,792100
10023907.564,792200
10024223.815,792300
10024552.028,792400
10024867.595,792500
10025187.954,792600
10025504.985,792700
10025826.461,792800
10026152.098,792900
10026459.833,793000
10026761.298,793100
10027127.163,793200
10027478.777,793300
10027782.947,793400
10028103.059,793500
10028425.671,793600
10028754.277,793700
10029081.235,793800
10029364.454,793900
10029676.120,794000
10030023.598,794100
10030327.670,794200
10030649.817,794300
10030979.042,794400
10031274.290,794500
10031541.432,794600
10031875.602,794700
10032154.524,794800
10032428.121,794900
10032691.579,795000
10033005.746,795100
10033310.620,795200
10033653.855,795300
10034024.050,795400
10034369.223,795500
10034758.184,795600
10035077.077,795700
10035408.196,795800
10035703.354,795900
10036037.785,796000
10036350.077,796100
10036655.717,796200
10036993.429,796300
10037302.323,796400
10037619.037,796500
10037946.930,796600
10038283.662,796700
10038638.869,796800
10038989.895,796900
10039341.472,797000
10039694.089,797100
10040054.053,797200
10040365.902,797300
10040677.215,797400
10041024.296,797500
10041316.106,797600
10041609.418,797700
10041895.213,797800
10042165.941,797900
10042437.647,798000
10042713.844,798100
10043049.044,798200
10043366.682,798300
10043665.222,798400
10043969.069,798500
10044316.734,798600
10044651.750,798700
10044946.297,798800
10045229.905,798900
10045518.012,799000
10045818.229,799100
10046108.197,799200
10046427.168,799300
10046699.299,799400
10046992.693,799500
10047321.485,799600
10047798.189,799700
10048210.993,799800
10048505.801,799900
10053177.657,800000
10053651.276,800100
10053969.988,800200
10054318.494,800300
10054649.755,800400
10054971.830,800500
10055286.872,800600
10055617.025,800700
10055908.862,800800
10056212.739,800900
10056485.413,801000
10056805.334,801100
10057128.106,801200
10057462.979,801300
10057772.897,801400
10058084.962,801500
10058415.827,801600
10058752.505,801700
10059029.543,801800
10059289.483,801900
10059556.639,802000
10059825.183,802100
10060142.834,802200
10060492.610,802300
10060754.652,802400
10061060.196,802500
10061370.061,802600
10061659.657,802700
10061915.766,802800
10062192.130,802900
10062470.606,803000
10062707.218,803100
10063016.953,803200
10063264.810,803300
10063558.247,803400
10063845.358,803500
10064125.735,803600
10064450.346,803700
10064775.876,803800
10065065.756,803900
10065329.296,804000
10065590.322,804100
10065843.683,804200
10066161.313,804300
10066463.829,804400
10066758.137,804500
10067116.082,804600
10067408.174,804700
10067695.854,804800
10068003.086,804900
10068291.899,805000
10068572.270,805100
10068878.486,805200
10069137.276,805300
10069460.829,805400
10069757.957,805500
10070064.355,805600
10070340.429,805700
10070640.308,805800
10070901.185,805900
10071155.232,806000
10071410.811,806100
10071657.925,806200
10071937.064,806300
10072255.447,806400
10072541.045,806500
10072832.503,806600
10073110.424,806700
10073434.945,806800
10073714.612,806900
10073975.700,807000
10074253.157,807100
10074533.031,807200
10074836.603,807300
10075152.420,807400
10075451.849,807500
10075726.501,807600
10076024.728,807700
10076275.979,807800
10076566.657,807900
10076821.370,808000
10077091.299,808100
10077379.363,808200
10077630.903,808300
10077941.705,808400
10078258.293,808500
10078552.119,808600
10078870.769,808700
10079180.401,808800
10079496.567,808900
10079777.121,809000
10080052.182,809100
10080389.182,809200
10080788.118,809300
10081174.017,809400
10081519.135,809500
10081830.580,809600
10082145.259,809700
10082511.741,809800
10082861.323,809900
10087387.642,810000
10087800.618,810100
10088154.867,810200
10088477.610,810300
10088832.330,810400
10089189.403,810500
10089518.504,810600
10089872.360,810700
10090224.550,810800
10090524.536,810900
10090870.963,811000
10091192.127,811100
10091508.567,811200
10091815.602,811300
10092120.212,811400
10092402.978,811500
10092743.420,811600
10093048.026,811700
10093414.625,811800
10093753.175,811900
10094096.558,812000
10094433.695,812100
10094733.995,812200
10094997.678,812300
10095313.606,812400
10095674.874,812500
10095994.323,812600
10096351.087,812700
10096715.943,812800
10097028.431,812900
10097389.442,813000
10097752.666,813100
10098086.250,813200
10098394.382,813300
10098719.747,813400
10099007.438,813500
10099388.005,813600
10099781.294,813700
10100109.604,813800
10100460.731,813900
10100815.452,814000
10101149.536,814100
10101430.570,814200
10101744.520,814300
10102029.575,814400
10102324.974,814500
10102682.943,814600
10102991.606,814700
10103311.587,814800
10103662.363,814900
10104015.154,815000
10104299.937,815100
10104611.747,815200
10104877.485,815300
10105125.118,815400
10105424.085,815500
10105733.309,815600
10106054.890,815700
10106438.969,815800
10106728.688,815900
10107024.419,816000
10107356.429,816100
10107684.635,816200
10107962.925,816300
10108254.965,816400
10108498.444,816500
10108783.600,816600
10109124.967,816700
10109445.184,816800
10109733.643,816900
10110004.253,817000
10110280.184,817100
10110583.412,817200
10110843.950,817300
10111113.352,817400
10111361.736,817500
10111639.240,817600
10111930.061,817700
10112199.490,817800
10112515.834,817900
10112808.295,818000
10113065.824,818100
10113382.371,818200
10113698.024,818300
10113969.038,818400
10114238.427,818500
10114498.030,818600
10114786.755,818700
10115102.087,818800
10115422.683,818900
10115737.654,819000
10116071.945,819100
10116425.994,819200
10116724.254,819300
10117053.189,819400
10117348.903,819500
10117587.335,819600
10117873.780,819700
10118227.591,819800
10118528.114,819900
10123560.069,820000
10124080.570,820100
10124459.410,820200
10124796.286,820300
10125119.261,820400
10125420.706,820500
10125721.020,820600
10126022.568,820700
10126378.182,820800
10126706.713,820900
10127010.916,821000
10127269.141,821100
10127556.294,821200
10127826.690,821300
10128130.717,821400
10128380.147,821500
10128634.449,821600
10128902.204,821700
10129168.155,821800
10129459.427,821900
10129730.832,822000
10129993.098,822100
10130261.617,822200
10130541.913,822300
10130828.133,822400
10131144.447,822500
10131427.994,822600
10131686.812,822700
10131933.317,822800
10132185.210,822900
10132452.412,823000
10132744.361,823100
10133013.644,823200
10133349.871,823300
10133664.552,823400
10133985.093,823500
10134302.474,823600
10134535.476,823700
10134799.269,823800
10135070.489,823900
10135401.166,824000
10135760.110,824100
10136070.265,824200
10136399.408,824300
10136761.443,824400
10137068.013,824500
10137358.148,824600
10137698.994,824700
10138029.958,824800
10138333.296,824900
10138647.680,825000
10138991.402,825100
10139329.293,825200
10139626.809,825300
10139974.182,825400
10140307.174,825500
10140635.587,825600
10140858.179,825700
10141093.816,825800
10141381.381,825900
10141659.823,826000
10141974.311,826100
10142278.366,826200
10142565.277,826300
10142864.397,826400
10143165.835,826500
10143447.960,826600
10143706.744,826700
10143983.260,826800
10144323.845,826900
10144608.006,827000
10144914.606,827100
10145266.851,827200
10145694.993,827300
10146099.463,827400
10146407.211,827500
10146748.624,827600
10147030.171,827700
10147296.232,827800
10147553.682,827900
10147859.747,828000
10148162.801,828100
10148507.090,828200
10148838.775,828300
10149178.411,828400
10149502.754,828500
10149815.073,828600
10150102.724,828700
10150357.816,828800
10150665.973,828900
10150977.064,829000
10151326.862,829100
10151658.379,829200
10152011.958,829300
10152300.081,829400
10152609.664,829500
10152961.576,829600
10153292.070,829700
10153659.492,829800
10154018.179,829900
10158967.431,830000
10159369.859,830100
10159765.572,830200
10160149.002,830300
10160456.358,830400
10160799.179,830500
10161112.481,830600
10161470.153,830700
10161833.665,830800
10162211.377,830900
10162557.258,831000
10162905.285,831100
10163276.764,831200
10163618.525,831300
10163930.770,831400
10164251.947,831500
10164603.949,831600
10164917.825,831700
10165258.497,831800
10165582.147,831900
10165931.727,832000
10166285.409,832100
10166670.990,832200
10167069.091,832300
10167405.772,832400
10167850.944,832500
10168261.985,832600
10168624.696,832700
10168988.406,832800
10169353.914,832900
10169681.521,833000
10170039.103,833100
10170437.558,833200
10170845.771,833300
10171210.052,833400
10171588.227,833500
10171928.857,833600
10172236.670,833700
10172582.091,833800
10172912.295,833900
10173263.894,834000
10173630.423,834100
10173974.854,834200
10174386.958,834300
10174800.689,834400
10175189.524,834500
10175594.586,834600
10175994.489,834700
10176391.779,834800
10176757.706,834900
10177140.702,835000
10177509.055,835100
10177863.344,835200
10178218.475,835300
10178564.872,835400
10178894.527,835500
10179271.763,835600
10179616.467,835700
10179948.226,835800
10180324.468,835900
10180698.154,836000
10181062.190,836100
10181474.518,836200
10181838.270,836300
10182180.675,836400
10182464.502,836500
10182818.651,836600
10183168.153,836700
10183497.520,836800
10183800.948,836900
10184098.024,837000
10184381.558,837100
10184638.611,837200
10184982.227,837300
10185298.326,837400
10185659.184,837500
10186028.103,837600
10186410.790,837700
10186821.450,837800
10187194.133,837900
10187536.951,838000
10187844.824,838100
10188157.357,838200
10188481.468,838300
10188794.867,838400
10189114.493,838500
10189411.259,838600
10189731.571,838700
10190029.577,838800
10190332.365,838900
10190602.575,839000
10190891.786,839100
10191170.076,839200
10191454.594,839300
10191752.527,839400
10192031.487,839500
10192324.653,839600
10192608.813,839700
10192896.853,839800
10193181.126,839900
10209559.066,840000
10209904.374,840100
10210163.179,840200
10210427.744,840300
10210689.144,840400
10210881.138,840500
10211103.391,840600
10211401.625,840700
10211704.195,840800
10212019.924,840900
10212338.040,841000
10212648.565,841100
10212931.713,841200
10213235.111,841300
10213575.661,841400
10213892.907,841500
10214216.421,841600
10214551.321,841700
10214843.464,841800
10215166.470,841900
10215477.479,842000
10215730.920,842100
10215969.401,842200
10216244.102,842300
10216558.798,842400
10216874.631,842500
10217185.480,842600
10217467.922,842700
10217733.297,842800
10217993.264,842900
10218205.639,843000
10218484.503,843100
10218757.441,843200
10219057.645,843300
10219378.941,843400
10219716.264,843500
10220034.762,843600
10220355.859,843700
10220646.633,843800
10220935.442,843900
10221226.814,844000
10221531.117,844100
10221799.551,844200
10222062.544,844300
10222361.237,844400
10222692.493,844500
10223026.215,844600
10223293.113,844700
10223571.538,844800
10223824.381,844900
10224107.470,845000
10224330.381,845100
10224559.309,845200
10224795.618,845300
10225073.592,845400
10225352.275,845500
10225650.238,845600
10225878.764,845700
10226168.596,845800
10226444.328,845900
10226690.905,846000
10226929.041,846100
10227164.576,846200
10227400.899,846300
10227680.957,846400
10227919.516,846500
10228209.468,846600
10228483.972,846700
10228761.109,846800
10229031.864,846900
10229297.569,847000
10229580.372,847100
10229848.322,847200
10230071.887,847300
10230348.624,847400
10230639.407,847500
10230930.117,847600
10231218.036,847700
10231467.458,847800
10231710.539,847900
10231976.290,848000
10232290.404,848100
10232598.739,848200
10232880.736,848300
10233195.426,848400
10233496.576,848500
10233774.546,848600
10234052.396,848700
10234350.819,848800
10234639.215,848900
10234940.519,849000
10235213.518,849100
10235515.312,849200
10235806.532,849300
10236144.479,849400
10236457.684,849500
10236770.317,849600
10237177.444,849700
10237499.264,849800
10237840.693,849900
10242626.460,850000
10243030.590,850100
10243356.093,850200
10243726.909,850300
10244064.990,850400
10244374.854,850500
10244744.592,850600
10245057.836,850700
10245388.929,850800
10245753.279,850900
10246163.081,851000
10246449.122,851100
10246764.969,851200
10247120.263,851300
10247424.459,851400
10247768.826,851500
10248086.482,851600
10248397.583,851700
10248698.188,851800
10249029.844,851900
10249279.719,852000
10249574.931,852100
10249913.609,852200
10250262.790,852300
10250628.368,852400
10251010.859,852500
10251298.503,852600
10251664.558,852700
10252049.839,852800
10252388.866,852900
10252704.026,853000
10253000.375,853100
10253263.820,853200
10253547.176,853300
10253858.616,853400
10254114.279,853500
10254396.824,853600
10254672.880,853700
10255003.517,853800
10255286.137,853900
10255598.441,854000
10255993.694,854100
10256387.408,854200
10256702.212,854300
10256975.034,854400
10257265.823,854500
10257577.571,854600
10257882.987,854700
10258170.183,854800
10258499.268,854900
10258824.937,855000
10259178.442,855100
10259515.218,855200
10259820.504,855300
10260136.840,855400
10260449.198,855500
10260814.165,855600
10261182.509,855700
10261557.361,855800
10261860.108,855900
10262197.317,856000
10262516.300,856100
10262785.505,856200
10263063.306,856300
10263403.119,856400
10263765.259,856500
10264110.959,856600
10264412.452,856700
10264732.147,856800
10264991.171,856900
10265279.889,857000
10265573.445,857100
10265812.375,857200
10266063.270,857300
10266296.023,857400
10266583.266,857500
10266861.623,857600
10267160.090,857700
10267439.203,857800
10267721.903,857900
10267958.781,858000
10268200.704,858100
10268463.859,858200
10268721.401,858300
10268961.118,858400
10269220.427,858500
10269533.949,858600
10269829.365,858700
10270069.565,858800
10270359.910,858900
10270673.063,859000
10270980.220,859100
10271285.640,859200
10271536.068,859300
10271800.778,859400
10272053.788,859500
10272328.918,859600
10272568.164,859700
10272828.751,859800
10273130.345,859900
10278466.543,860000
10278878.986,860100
10279218.076,860200
10279493.163,860300
10279758.604,860400
10279995.632,860500
10280286.344,860600
10280570.587,860700
10280885.894,860800
10281203.927,860900
10281522.204,861000
10281868.873,861100
10282224.125,861200
10282501.014,861300
10282796.411,861400
10283087.956,861500
10283422.537,861600
10283720.523,861700
10284027.604,861800
10284353.107,861900
10284695.774,862000
10285013.919,862100
10285382.766,862200
10285680.125,862300
10285969.458,862400
10286241.647,862500
10286603.445,862600
10286931.408,862700
10287218.344,862800
10287554.167,862900
10287901.527,863000
10288241.383,863100
10288512.070,863200
10288827.504,863300
10289101.799,863400
10289411.730,863500
10289720.608,863600
10290047.466,863700
10290320.959,863800
10290625.568,863900
10290941.762,864000
10291245.908,864100
10291537.650,864200
10291796.269,864300
10292064.164,864400
10292333.328,864500
10292618.091,864600
10292916.853,864700
10293206.030,864800
10293504.529,864900
10293792.988,865000
10294076.738,865100
10294350.723,865200
10294620.529,865300
10294879.753,865400
10295149.336,865500
10295445.591,865600
10295736.616,865700
10296046.099,865800
10296337.348,865900
10296614.484,866000
10296907.716,866100
10297228.524,866200
10297501.931,866300
10297789.019,866400
10298065.851,866500
10298327.433,866600
10298604.894,866700
10298874.394,866800
10299155.907,866900
10299405.958,867000
10299753.316,867100
10300032.598,867200
10300320.293,867300
10300637.233,867400
10300958.996,867500
10301234.489,867600
10301497.593,867700
10301796.337,867800
10302102.338,867900
10302462.043,868000
10302753.521,868100
10303052.973,868200
10303380.317,868300
10303657.883,868400
10303976.427,868500
10304274.703,868600
10304571.809,868700
10304860.456,868800
10305200.523,868900
10305528.295,869000
10305905.559,869100
10306269.602,869200
10306584.270,869300
10306910.401,869400
10307271.956,869500
10307576.951,869600
10307871.900,869700
10308209.059,869800
10308628.537,869900
10313844.796,870000
10314292.938,870100
10314705.601,870200
10315083.808,870300
10315449.455,870400
10315783.840,870500
10316101.555,870600
10316421.278,870700
10316754.607,870800
10317089.105,870900
10317371.315,871000
10317700.003,871100
10318006.775,871200
10318353.840,871300
10318792.729,871400
10319159.467,871500
10319545.630,871600
10319909.517,871700
10320257.482,871800
10320584.329,871900
10320957.072,872000
10321299.417,872100
10321645.408,872200
10321983.677,872300
10322305.849,872400
10322648.532,872500
10322976.122,872600
10323300.939,872700
10323593.120,872800
10323942.278,872900
10324347.713,873000
10324696.751,873100
10325053.332,873200
10325419.991,873300
10325815.892,873400
10326206.891,873500
10326585.870,873600
10326933.822,873700
10327331.914,873800
10327689.745,873900
10328051.021,874000
10328440.814,874100
10328812.996,874200
10329139.934,874300
10329458.894,874400
10329827.762,874500
10330141.616,874600
10330455.915,874700
10330772.125,874800
10331101.023,874900
10331465.507,875000
10331850.601,875100
10332204.080,875200
10332544.316,875300
10332896.004,875400
10333263.206,875500
10333606.636,875600
10333961.369,875700
10334295.212,875800
10334616.945,875900
10334942.327,876000
10335317.487,876100
10335672.784,876200
10335980.676,876300
10336316.747,876400
10336663.968,876500
10336994.934,876600
10337337.998,876700
10337672.445,876800
10337959.128,876900
10338281.299,877000
10338616.618,877100
10338947.129,877200
10339269.086,877300
10339566.323,877400
10339886.526,877500
10340207.872,877600
10340524.052,877700
10340805.519,877800
10341101.291,877900
10341379.346,878000
10341680.106,878100
10342027.156,878200
10342375.314,878300
10342697.581,878400
10342989.959,878500
10343285.768,878600
10343622.739,878700
10343892.759,878800
10344183.913,878900
10344458.900,879000
10344772.741,879100
10345065.902,879200
10345689.390,879300
10346159.651,879400
10346528.311,879500
10346857.739,879600
10347212.565,879700
10347524.116,879800
10347840.669,879900
10353867.531,880000
10354366.980,880100
10354732.502,880200
10355147.525,880300
10355519.667,880400
10355860.471,880500
10356199.298,880600
10356547.340,880700
10356874.137,880800
10357164.658,880900
10357497.513,881000
10357841.614,881100
10358142.239,881200
10358453.952,881300
10358759.842,881400
10359049.170,881500
10359379.806,881600
10359716.952,881700
10359985.416,881800
10360273.712,881900
10360538.978,882000
10360936.954,882100
10361317.362,882200
10361697.223,882300
10362041.603,882400
10362360.057,882500
10362700.172,882600
10362997.277,882700
10363294.371,882800
10363537.467,882900
10363830.819,883000
10364119.511,883100
10364445.956,883200
10364766.381,883300
10365113.339,883400
10365439.615,883500
10365731.736,883600
10366033.911,883700
10366353.667,883800
10366614.772,883900
10366864.994,884000
10367126.957,884100
10367419.770,884200
10367848.742,884300
10368147.831,884400
10368464.490,884500
10368751.282,884600
10369024.992,884700
10369360.583,884800
10369614.485,884900
10369844.335,885000
10370091.249,885100
10370392.661,885200
10370734.653,885300
10371061.327,885400
10371458.468,885500
10371828.791,885600
10372162.035,885700
10372535.224,885800
10372912.889,885900
10373202.821,886000
10373560.161,886100
10373903.839,886200
10374279.171,886300
10374633.682,886400
10375018.043,886500
10375367.058,886600
10375771.917,886700
10376158.607,886800
10376499.578,886900
10376822.979,887000
10377154.563,887100
10377484.337,887200
10377813.233,887300
10378151.773,887400
10378458.218,887500
10378756.666,887600
10379082.650,887700
10379368.166,887800
10379630.777,887900
10379917.254,888000
10380224.047,888100
10380558.157,888200
10380873.529,888300
10381198.052,888400
10381491.157,888500
10381814.820,888600
10382169.552,888700
10382483.001,888800
10382767.751,888900
10383041.323,889000
10383271.245,889100
10383554.578,889200
10383887.499,889300
10384160.583,889400
10384421.429,889500
10384730.153,889600
10385043.094,889700
10385333.746,889800
10385671.374,889900
10391449.671,890000
10391762.693,890100
10392047.898,890200
10392375.812,890300
10392696.795,890400
10393006.438,890500
10393300.668,890600
10393600.750,890700
10393956.742,890800
10394238.736,890900
10394556.811,891000
10394827.785,891100
10395135.830,891200
10395396.256,891300
10395770.708,891400
10396015.674,891500
10396328.677,891600
10396658.996,891700
10396934.398,891800
10397242.903,891900
10397542.285,892000
10397797.425,892100
10398058.652,892200
10398299.759,892300
10398593.299,892400
10398845.945,892500
10399157.008,892600
10399454.351,892700
10399741.247,892800
10400050.634,892900
10400341.999,893000
10400672.973,893100
10400926.706,893200
10401238.286,893300
10401542.433,893400
10401854.508,893500
10402204.311,893600
10402550.659,893700
10402867.389,893800
10403164.840,893900
10403480.429,894000
10403781.004,894100
10404056.869,894200
10404435.189,894300
10404780.833,894400
10405114.595,894500
10405472.505,894600
10405824.714,894700
10406197.482,894800
10406522.488,894900
10406891.117,895000
10407145.172,895100
10407399.962,895200
10407662.164,895300
10407955.318,895400
10408231.426,895500
10408605.816,895600
10408968.250,895700
10409310.408,895800
10409697.827,895900
10410080.271,896000
10410406.980,896100
10410722.928,896200
10410995.189,896300
10411276.485,896400
10411585.520,896500
10411972.601,896600
10412362.020,896700
10412643.314,896800
10412983.387,896900
10413305.328,897000
10413670.338,897100
10413961.673,897200
10414195.743,897300
10414486.021,897400
10414815.006,897500
10415119.159,897600
10415475.542,897700
10415830.750,897800
10416220.674,897900
10416525.883,898000
10416837.112,898100
10417131.988,898200
10417367.422,898300
10417635.509,898400
10417958.832,898500
10418231.285,898600
10418595.667,898700
10418907.612,898800
10419173.417,898900
10419483.466,899000
10419815.543,899100
10420163.038,899200
10420420.261,899300
10420734.022,899400
10421068.176,899500
10421394.840,899600
10421761.164,899700
10422073.526,899800
10422428.560,899900
10427700.068,900000
10428146.808,900100
10428422.651,900200
10428703.596,900300
10428982.149,900400
10429263.035,900500
10429606.674,900600
10429942.501,900700
10430284.920,900800
10430616.671,900900
10430980.501,901000
10431300.150,901100
10431627.319,901200
10431867.706,901300
10432139.949,901400
10432376.730,901500
10432719.007,901600
10433077.710,901700
10433396.972,901800
10433752.965,901900
10434076.300,902000
10434422.736,902100
10434705.271,902200
10435029.082,902300
10435325.849,902400
10435713.923,902500
10436107.072,902600
10436446.904,902700
10436747.420,902800
10437107.219,902900
10437465.963,903000
10437735.900,903100
10437992.654,903200
10438194.404,903300
10438463.356,903400
10438799.972,903500
10439162.012,903600
10439472.552,903700
10439782.721,903800
10440133.237,903900
10440410.606,904000
10440636.887,904100
10440874.394,904200
10441094.655,904300
10441337.730,904400
10441657.031,904500
10441967.059,904600
10442296.456,904700
10442604.297,904800
10442909.405,904900
10443243.226,905000
10443591.798,905100
10443872.351,905200
10444168.445,905300
10444436.698,905400
10444747.629,905500
10445071.805,905600
10445309.520,905700
10445587.120,905800
10445919.468,905900
10446232.942,906000
10446533.692,906100
10446780.463,906200
10447086.448,906300
10447322.988,906400
10447584.620,906500
10447877.129,906600
10448155.142,906700
10448504.372,906800
10448816.796,906900
10449085.460,907000
10449360.517,907100
10449636.912,907200
10449890.047,907300
10450155.762,907400
10450437.052,907500
10450703.033,907600
10451059.871,907700
10451357.384,907800
10451687.030,907900
10451994.206,908000
10452274.772,908100
10452581.056,908200
10452831.375,908300
10453057.457,908400
10453288.396,908500
10453551.220,908600
10453806.358,908700
10454126.530,908800
10454421.468,908900
10454703.858,909000
10455020.863,909100
10455333.254,909200
10455688.963,909300
10455966.895,909400
10456236.492,909500
10456561.639,909600
10456836.591,909700
10457117.840,909800
10457408.516,909900
10462781.343,910000
10463305.796,910100
10463675.064,910200
10463986.291,910300
10464264.525,910400
10464522.817,910500
10464787.966,910600
10465096.704,910700
10465401.953,910800
10465697.344,910900
10465987.836,911000
10466289.089,911100
10466582.809,911200
10466886.123,911300
10467164.990,911400
10467403.690,911500
10467652.197,911600
10467968.280,911700
10468246.030,911800
10468504.854,911900
10468818.993,912000
10469072.454,912100
10469369.983,912200
10469661.762,912300
10469918.896,912400
10470174.539,912500
10470440.623,912600
10470690.437,912700
10470971.199,912800
10471220.239,912900
10471530.356,913000
10471875.110,913100
10472176.555,913200
10472499.834,913300
10472804.399,913400
10473045.291,913500
10473276.852,913600
10473524.831,913700
10473814.204,913800
10474105.058,913900
10474371.611,914000
10474646.528,914100
10474891.260,914200
10475180.540,914300
10475495.071,914400
10475802.147,914500
10476058.788,914600
10476306.995,914700
10476550.485,914800
10476869.835,914900
10477156.696,915000
10477425.085,915100
10477733.306,915200
10478014.641,915300
10478290.903,915400
10478560.265,915500
10478777.033,915600
10479056.279,915700
10479301.430,915800
10479577.106,915900
10479853.569,916000
10480150.260,916100
10480406.690,916200
10480692.454,916300
10481017.542,916400
10481308.669,916500
10481557.630,916600
10481820.168,916700
10482059.734,916800
10482309.509,916900
10482621.869,917000
10482898.707,917100
10483172.053,917200
10483508.739,917300
10483823.941,917400
10484161.240,917500
10484523.900,917600
10484819.911,917700
10485118.337,917800
10485366.444,917900
10485709.174,918000
10486066.748,918100
10486367.405,918200
10486703.617,918300
10486999.947,918400
10487341.365,918500
10487736.109,918600
10488002.204,918700
10488354.247,918800
10488655.261,918900
10488936.064,919000
10489241.643,919100
10489508.028,919200
10489847.681,919300
10490217.327,919400
10490488.056,919500
10490834.385,919600
10491107.965,919700
10491327.516,919800
10491627.103,919900
10497152.987,920000
10497470.040,920100
10497791.474,920200
10498085.228,920300
10498368.760,920400
10498657.429,920500
10498927.043,920600
10499147.857,920700
10499390.100,920800
10499629.340,920900
10499902.791,921000
10500224.461,921100
10500461.584,921200
10500791.066,921300
10501108.954,921400
10501396.576,921500
10501662.532,921600
10501957.296,921700
10502259.126,921800
10502475.736,921900
10502748.128,922000
10503086.483,922100
10503392.658,922200
10503723.968,922300
10504050.034,922400
10504324.039,922500
10504656.493,922600
10504981.006,922700
10505267.610,922800
10505512.371,922900
10505807.513,923000
10506109.379,923100
10506388.891,923200
10506667.942,923300
10506930.237,923400
10507206.490,923500
10507521.715,923600
10507851.682,923700
10508177.065,923800
10508407.558,923900
10508672.710,924000
10509058.354,924100
10509442.648,924200
10509738.540,924300
10510075.070,924400
10510413.097,924500
10510766.654,924600
10511066.402,924700
10511342.051,924800
10511596.147,924900
10511847.487,925000
10512155.316,925100
10512471.675,925200
10512724.072,925300
10513006.213,925400
10513254.739,925500
10513547.455,925600
10513796.388,925700
10514049.344,925800
10514281.199,925900
10514544.211,926000
10514877.816,926100
10515208.480,926200
10515491.061,926300
10515796.310,926400
10516115.820,926500
10516443.866,926600
10516666.543,926700
10516889.219,926800
10517119.812,926900
10517357.551,927000
10517629.411,927100
10517950.613,927200
10518221.510,927300
10518465.584,927400
10518729.160,927500
10519019.861,927600
10519248.049,927700
10519515.264,927800
10519757.859,927900
10520046.065,928000
10520282.332,928100
10520593.388,928200
10520858.748,928300
10521133.572,928400
10521435.753,928500
10521723.279,928600
10521945.380,928700
10522208.140,928800
10522457.857,928900
10522719.119,929000
10522968.688,929100
10523242.050,929200
10523497.641,929300
10523734.101,929400
10523979.419,929500
10524205.733,929600
10524450.981,929700
10524705.810,929800
10524921.431,929900
10544606.551,930000
10544979.598,930100
10545346.063,930200
10545684.384,930300
10545946.393,930400
10546195.950,930500
10546473.368,930600
10546741.394,930700
10546998.037,930800
10547296.744,930900
10547547.766,931000
10547851.056,931100
10548163.251,931200
10548441.564,931300
10548696.731,931400
10548974.468,931500
10549258.101,931600
10549471.787,931700
10549742.228,931800
10549999.866,931900
10550245.828,932000
10550527.300,932100
10550850.399,932200
10551161.021,932300
10551464.469,932400
10551762.617,932500
10552096.859,932600
10552344.732,932700
10552573.956,932800
10552842.015,932900
10553083.816,933000
10553326.937,933100
10553604.829,933200
10553932.806,933300
10554160.239,933400
10554395.502,933500
10554700.614,933600
10554982.200,933700
10555279.175,933800
10555574.835,933900
10555831.360,934000
10556137.992,934100
10556409.565,934200
10556730.653,934300
10557033.427,934400
10557290.334,934500
10557625.717,934600
10557897.939,934700
10558242.590,934800
10558543.596,934900
10558808.714,935000
10559124.505,935100
10559549.104,935200
10559871.033,935300
10560095.584,935400
10560342.911,935500
10560539.972,935600
10560766.856,935700
10561006.192,935800
10561221.480,935900
10561491.112,936000
10561774.443,936100
10561981.020,936200
10562228.810,936300
10562498.081,936400
10562742.167,936500
10562973.044,936600
10563151.015,936700
10563341.982,936800
10563553.340,936900
10563779.381,937000
10563985.496,937100
10564231.377,937200
10564462.317,937300
10564655.038,937400
10564912.303,937500
10565182.348,937600
10565453.618,937700
10565664.212,937800
10565901.333,937900
10566202.851,938000
10566449.392,938100
10566717.769,938200
10566970.671,938300
10567212.975,938400
10567531.824,938500
10567791.681,938600
10568072.723,938700
10568345.113,938800
10568568.290,938900
10568840.900,939000
10569134.696,939100
10569422.590,939200
10569728.463,939300
10569959.369,939400
10570233.979,939500
10570470.127,939600
10570741.704,939700
10570991.156,939800
10571230.557,939900
10575967.677,940000
10576297.404,940100
10576595.669,940200
10576875.234,940300
10577148.210,940400
10577447.076,940500
10577779.451,940600
10578029.389,940700
10578261.373,940800
10578559.185,940900
10578881.498,941000
10579186.554,941100
10579466.270,941200
10579704.336,941300
10580003.547,941400
10580325.495,941500
10580546.654,941600
10580780.193,941700
10581010.565,941800
10581260.755,941900
10581532.812,942000
10581792.318,942100
10582060.632,942200
10582270.858,942300
10582533.926,942400
10582783.527,942500
10583021.790,942600
10583247.614,942700
10583451.343,942800
10583699.749,942900
10584000.383,943000
10584288.123,943100
10584532.500,943200
10584820.631,943300
10585096.954,943400
10585329.089,943500
10585617.357,943600
10585879.457,943700
10586099.079,943800
10586326.850,943900
10586594.477,944000
10586881.951,944100
10587156.602,944200
10587402.333,944300
10587665.256,944400
10587950.626,944500
10588209.525,944600
10588430.821,944700
10588657.827,944800
10588881.352,944900
10589163.473,945000
10589433.122,945100
10589688.034,945200
10589964.782,945300
10590241.184,945400
10590499.615,945500
10590769.045,945600
10590993.449,945700
10591193.199,945800
10591415.351,945900
10591732.899,946000
10592017.508,946100
10592274.473,946200
10592592.955,946300
10592869.417,946400
10593143.024,946500
10593383.917,946600
10593604.498,946700
10593828.492,946800
10594095.689,946900
10594321.683,947000
10594623.186,947100
10594897.352,947200
10595142.774,947300
10595463.508,947400
10595779.182,947500
10596091.765,947600
10596365.971,947700
10596636.535,947800
10596949.018,947900
10597251.944,948000
10597595.362,948100
10597933.757,948200
10598189.383,948300
10598565.406,948400
10598851.218,948500
10599100.595,948600
10599364.622,948700
10599578.633,948800
10599794.928,948900
10600058.125,949000
10600332.806,949100
10600584.113,949200
10600863.029,949300
10601098.283,949400
10601354.098,949500
10601646.644,949600
10601890.629,949700
10602107.339,949800
10602367.591,949900
10606907.892,950000
10607174.962,950100
10607424.165,950200
10607727.272,950300
10608016.448,950400
10608292.499,950500
10608559.873,950600
10608803.534,950700
10609024.374,950800
10609265.276,950900
10609526.782,951000
10609754.910,951100
10610065.015,951200
10610361.722,951300
10610596.320,951400
10610872.316,951500
10611155.287,951600
10611418.435,951700
10611676.830,951800
10611931.243,951900
10612201.883,952000
10612508.324,952100
10612873.580,952200
10613221.532,952300
10613512.482,952400
10613813.998,952500
10614121.246,952600
10614421.415,952700
10614708.782,952800
10615010.198,952900
10615297.199,953000
10615554.473,953100
10615861.539,953200
10616162.548,953300
10616451.201,953400
10616711.573,953500
10617008.012,953600
10617242.151,953700
10617500.170,953800
10617788.330,953900
10618042.800,954000
10618315.285,954100
10618601.094,954200
10618849.363,954300
10619101.086,954400
10619349.215,954500
10619580.659,954600
10619790.114,954700
10620046.202,954800
10620310.374,954900
10620555.513,955000
10620798.627,955100
10621049.595,955200
10621309.038,955300
10621565.469,955400
10621833.853,955500
10622078.942,955600
10622314.309,955700
10622545.253,955800
10622809.582,955900
10623126.683,956000
10623402.336,956100
10623688.701,956200
10623999.317,956300
10624315.032,956400
10624575.850,956500
10624843.057,956600
10625075.596,956700
10625305.174,956800
10625547.372,956900
10625857.094,957000
10626140.423,957100
10626402.116,957200
10626674.799,957300
10626963.907,957400
10627243.235,957500
10627498.709,957600
10627719.111,957700
10627947.734,957800
10628207.178,957900
10628443.530,958000
10628761.474,958100
10629069.844,958200
10629365.384,958300
10629662.636,958400
10629962.384,958500
10630183.618,958600
10630390.056,958700
10630648.528,958800
10630886.177,958900
10631188.894,959000
10631484.651,959100
10631794.758,959200
10632080.907,959300
10632295.608,959400
10632595.918,959500
10632837.566,959600
10633057.967,959700
10633316.889,959800
10633580.870,959900
10638253.326,960000
10638605.788,960100
10638906.627,960200
10639203.120,960300
10639558.350,960400
10640015.513,960500
10640352.471,960600
10640644.179,960700
10640978.219,960800
10641316.074,960900
10641626.508,961000
10641952.777,961100
10642289.555,961200
10642596.660,961300
10642898.467,961400
10643195.374,961500
10643466.008,961600
10643714.427,961700
10643975.968,961800
10644243.041,961900
10644514.526,962000
10644818.644,962100
10645096.619,962200
10645351.395,962300
10645639.950,962400
10645937.399,962500
10646175.192,962600
10646411.357,962700
10646665.025,962800
10646895.181,962900
10647195.014,963000
10647464.628,963100
10647776.450,963200
10648091.057,963300
10648450.811,963400
10648824.222,963500
10649081.661,963600
10649354.832,963700
10649628.621,963800
10649926.814,963900
10650212.455,964000
10650525.508,964100
10650802.768,964200
