timestamp_ms,value
5950,0
5955,100
5960,200
5964,300
5968,400
5972,500
5977,600
5980,700
5984,800
5988,900
5992,1000
6519,1100
6523,1200
6527,1300
6531,1400
6535,1500
6539,1600
6543,1700
6546,1800
6550,1900
6554,2000
6937,2100
6941,2200
6945,2300
6949,2400
6953,2500
6957,2600
6961,2700
6965,2800
6970,2900
6974,3000
7404,3100
7408,3200
7412,3300
7416,3400
7420,3500
7424,3600
7428,3700
7432,3800
7436,3900
7441,4000
7771,4100
7775,4200
7779,4300
7783,4400
7787,4500
7791,4600
7795,4700
7799,4800
7803,4900
7807,5000
8198,5100
8202,5200
8207,5300
8211,5400
8215,5500
8219,5600
8223,5700
8227,5800
8232,5900
8236,6000
8561,6100
8565,6200
8569,6300
8573,6400
8578,6500
8582,6600
8586,6700
8590,6800
8593,6900
8597,7000
8929,7100
8937,7200
8949,7300
8953,7400
8957,7500
8961,7600
8966,7700
8970,7800
8974,7900
8977,8000
9363,8100
9367,8200
9371,8300
9375,8400
9379,8500
9383,8600
9387,8700
9391,8800
9395,8900
9399,9000
9823,9100
9830,9200
9834,9300
9843,9400
9850,9500
9858,9600
9862,9700
9866,9800
9870,9900
9874,10000
10195,10100
10199,10200
10203,10300
10207,10400
10211,10500
10215,10600
10219,10700
10224,10800
10227,10900
10231,11000
10652,11100
10655,11200
10660,11300
10664,11400
10668,11500
10672,11600
10676,11700
10680,11800
10684,11900
10688,12000
11311,12100
11315,12200
11319,12300
11323,12400
11327,12500
11331,12600
11335,12700
11339,12800
11343,12900
11347,13000
11716,13100
11720,13200
11724,13300
11728,13400
11732,13500
11736,13600
11745,13700
11749,13800
11753,13900
11757,14000
12218,14100
12222,14200
12226,14300
12230,14400
12234,14500
12238,14600
12242,14700
12246,14800
12250,14900
12254,15000
12592,15100
12599,15200
12607,15300
12611,15400
12623,15500
12627,15600
12631,15700
12635,15800
12640,15900
12644,16000
12973,16100
12977,16200
12981,16300
12985,16400
12989,16500
12993,16600
12997,16700
13001,16800
13005,16900
13009,17000
13388,17100
13395,17200
13399,17300
13406,17400
13411,17500
13415,17600
13422,17700
13426,17800
13431,17900
13438,18000
13758,18100
13762,18200
13766,18300
13770,18400
13775,18500
13779,18600
13783,18700
13786,18800
13790,18900
13794,19000
14140,19100
14144,19200
14148,19300
14152,19400
14156,19500
14160,19600
14164,19700
14168,19800
14172,19900
14176,20000
14522,20100
14529,20200
14541,20300
14545,20400
14549,20500
14553,20600
14557,20700
14561,20800
14566,20900
14570,21000
15000,21100
15008,21200
15011,21300
15015,21400
15019,21500
15023,21600
15027,21700
15031,21800
15036,21900
15048,22000
15449,22100
15453,22200
15457,22300
15461,22400
15465,22500
15469,22600
15473,22700
15477,22800
15481,22900
15485,23000
15807,23100
15811,23200
15815,23300
15819,23400
15823,23500
15827,23600
15831,23700
15835,23800
15839,23900
15843,24000
16181,24100
16188,24200
16196,24300
16201,24400
16204,24500
16209,24600
16213,24700
16217,24800
16221,24900
16226,25000
16566,25100
16575,25200
16579,25300
16588,25400
16592,25500
16596,25600
16600,25700
16609,25800
16613,25900
16616,26000
17092,26100
17097,26200
17100,26300
17104,26400
17108,26500
17112,26600
17116,26700
17120,26800
17125,26900
17129,27000
17517,27100
17521,27200
17524,27300
17528,27400
17532,27500
17536,27600
17540,27700
17544,27800
17548,27900
17552,28000
17974,28100
17978,28200
17982,28300
17986,28400
17990,28500
17995,28600
17999,28700
18003,28800
18007,28900
18011,29000
18432,29100
18441,29200
18446,29300
18450,29400
18456,29500
18460,29600
18465,29700
18473,29800
18477,29900
18481,30000
18909,30100
18913,30200
18917,30300
18921,30400
18925,30500
18929,30600
18933,30700
18937,30800
18941,30900
18945,31000
19285,31100
19289,31200
19293,31300
19298,31400
19302,31500
19306,31600
19310,31700
19314,31800
19318,31900
19322,32000
19678,32100
19687,32200
19695,32300
19699,32400
19703,32500
19707,32600
19711,32700
19715,32800
19719,32900
19723,33000
20123,33100
20128,33200
20133,33300
20140,33400
20144,33500
20149,33600
20152,33700
20156,33800
20165,33900
20168,34000
20619,34100
20623,34200
20627,34300
20631,34400
20635,34500
20640,34600
20644,34700
20648,34800
20652,34900
20656,35000
21061,35100
21065,35200
21069,35300
21073,35400
21077,35500
21081,35600
21085,35700
21090,35800
21093,35900
21098,36000
21504,36100
21508,36200
21512,36300
21516,36400
21520,36500
21525,36600
21528,36700
21532,36800
21536,36900
21539,37000
21909,37100
21917,37200
21920,37300
21925,37400
21928,37500
21933,37600
21940,37700
21949,37800
21956,37900
21960,38000
22472,38100
22476,38200
22481,38300
22485,38400
22490,38500
22494,38600
22498,38700
22502,38800
22506,38900
22510,39000
22898,39100
22902,39200
22906,39300
22911,39400
22916,39500
22920,39600
22924,39700
22928,39800
22932,39900
22936,40000
23323,40100
23327,40200
23332,40300
23336,40400
23341,40500
23345,40600
23349,40700
23353,40800
23358,40900
23362,41000
23717,41100
23725,41200
23729,41300
23733,41400
23737,41500
23741,41600
23745,41700
23749,41800
23757,41900
23765,42000
24157,42100
24165,42200
24172,42300
24181,42400
24188,42500
24193,42600
24198,42700
24202,42800
24206,42900
24210,43000
24609,43100
24613,43200
24618,43300
24622,43400
24626,43500
24630,43600
24634,43700
24639,43800
24643,43900
24647,44000
24962,44100
24966,44200
24970,44300
24974,44400
24979,44500
24984,44600
24988,44700
24992,44800
24997,44900
25001,45000
25419,45100
25427,45200
25431,45300
25435,45400
25440,45500
25447,45600
25455,45700
25459,45800
25464,45900
25472,46000
25811,46100
25817,46200
25825,46300
25833,46400
25841,46500
25848,46600
25857,46700
25861,46800
25866,46900
25870,47000
26181,47100
26186,47200
26190,47300
26195,47400
26199,47500
26203,47600
26207,47700
26211,47800
26216,47900
26220,48000
26537,48100
26542,48200
26546,48300
26550,48400
26555,48500
26559,48600
26563,48700
26567,48800
26572,48900
26576,49000
26929,49100
26937,49200
26948,49300
26952,49400
26960,49500
26964,49600
26968,49700
26972,49800
26977,49900
26981,50000
27408,50100
27415,50200
27420,50300
27425,50400
27430,50500
27434,50600
27439,50700
27443,50800
27448,50900
27452,51000
28024,51100
28029,51200
28034,51300
28039,51400
28044,51500
28049,51600
28054,51700
28064,51800
28069,51900
28074,52000
28418,52100
28423,52200
28428,52300
28433,52400
28437,52500
28442,52600
28447,52700
28452,52800
28457,52900
28461,53000
28884,53100
28892,53200
28900,53300
28907,53400
28920,53500
28932,53600
28939,53700
28944,53800
28952,53900
28957,54000
29393,54100
29397,54200
29402,54300
29407,54400
29412,54500
29417,54600
29421,54700
29426,54800
29431,54900
29436,55000
29789,55100
29795,55200
29800,55300
29805,55400
29810,55500
29816,55600
29820,55700
29825,55800
29831,55900
29836,56000
30276,56100
30281,56200
30286,56300
30292,56400
30297,56500
30301,56600
30306,56700
30311,56800
30317,56900
30322,57000
30756,57100
30762,57200
30770,57300
30778,57400
30783,57500
30790,57600
30802,57700
30814,57800
30822,57900
30828,58000
31161,58100
31170,58200
31179,58300
31187,58400
31195,58500
31203,58600
31210,58700
31218,58800
31223,58900
31228,59000
31588,59100
31594,59200
31600,59300
31605,59400
31611,59500
31616,59600
31622,59700
31627,59800
31632,59900
31637,60000
32020,60100
32025,60200
32031,60300
32036,60400
32043,60500
32048,60600
32053,60700
32059,60800
32065,60900
32070,61000
32447,61100
32454,61200
32467,61300
32474,61400
32482,61500
32489,61600
32496,61700
32504,61800
32509,61900
32517,62000
32894,62100
32905,62200
32912,62300
32920,62400
32927,62500
32941,62600
32948,62700
32953,62800
32958,62900
32963,63000
33570,63100
33576,63200
33581,63300
33587,63400
33593,63500
33598,63600
33603,63700
33609,63800
33614,63900
33621,64000
33945,64100
33951,64200
33956,64300
33962,64400
33968,64500
33973,64600
33978,64700
33984,64800
33989,64900
33995,65000
34348,65100
34355,65200
34367,65300
34375,65400
34383,65500
34394,65600
34403,65700
34414,65800
34422,65900
34431,66000
34806,66100
34815,66200
34822,66300
34832,66400
34839,66500
34847,66600
34856,66700
34863,66800
34872,66900
34880,67000
35275,67100
35281,67200
35295,67300
35309,67400
35316,67500
35322,67600
35329,67700
35336,67800
35344,67900
35352,68000
35715,68100
35723,68200
35730,68300
35736,68400
35743,68500
35752,68600
35758,68700
35766,68800
35773,68900
35781,69000
36124,69100
36131,69200
36142,69300
36152,69400
36163,69500
36171,69600
36184,69700
36191,69800
36203,69900
36211,70000
36618,70100
36630,70200
36636,70300
36644,70400
36650,70500
36660,70600
36669,70700
36675,70800
36685,70900
36691,71000
37047,71100
37054,71200
37059,71300
37065,71400
37070,71500
37076,71600
37082,71700
37088,71800
37095,71900
37101,72000
37431,72100
37438,72200
37443,72300
37451,72400
37457,72500
37464,72600
37471,72700
37479,72800
37485,72900
37491,73000
37917,73100
37928,73200
37947,73300
38030,73400
38191,73500
38268,73600
38356,73700
38379,73800
38389,73900
38396,74000
39084,74100
39090,74200
39096,74300
39102,74400
39108,74500
39113,74600
39121,74700
39129,74800
39136,74900
39144,75000
39547,75100
39554,75200
39561,75300
39567,75400
39574,75500
39581,75600
39586,75700
39593,75800
39599,75900
39605,76000
40003,76100
40011,76200
40017,76300
40024,76400
40030,76500
40037,76600
40043,76700
40049,76800
40057,76900
40062,77000
40485,77100
40491,77200
40501,77300
40509,77400
40516,77500
40526,77600
40533,77700
40541,77800
40549,77900
40556,78000
41030,78100
41036,78200
41042,78300
41049,78400
41056,78500
41062,78600
41068,78700
41075,78800
41083,78900
41089,79000
41487,79100
41493,79200
41499,79300
41507,79400
41515,79500
41522,79600
41529,79700
41535,79800
41543,79900
41550,80000
41904,80100
41911,80200
41917,80300
41924,80400
41931,80500
41937,80600
41944,80700
41950,80800
41958,80900
41965,81000
42292,81100
42303,81200
42314,81300
42322,81400
42333,81500
42343,81600
42349,81700
42360,81800
42367,81900
42374,82000
42861,82100
42868,82200
42876,82300
42884,82400
42890,82500
42897,82600
42906,82700
42917,82800
42925,82900
42933,83000
43281,83100
43291,83200
43299,83300
43308,83400
43317,83500
43325,83600
43333,83700
43341,83800
43349,83900
43355,84000
43705,84100
43712,84200
43721,84300
43728,84400
43735,84500
43743,84600
43750,84700
43756,84800
43764,84900
43771,85000
44465,85100
44470,85200
44479,85300
44486,85400
44494,85500
44503,85600
44510,85700
44520,85800
44527,85900
44534,86000
44911,86100
44920,86200
44931,86300
44941,86400
44951,86500
44963,86600
44971,86700
44981,86800
44990,86900
44998,87000
45322,87100
45329,87200
45337,87300
45344,87400
45352,87500
45358,87600
45366,87700
45373,87800
45381,87900
45389,88000
45737,88100
45745,88200
45752,88300
45758,88400
45765,88500
45771,88600
45778,88700
45783,88800
45790,88900
45798,89000
46163,89100
46170,89200
46178,89300
46186,89400
46193,89500
46203,89600
46211,89700
46220,89800
46229,89900
46236,90000
46690,90100
46695,90200
46700,90300
46707,90400
46716,90500
46724,90600
46731,90700
46739,90800
46747,90900
46756,91000
47169,91100
47176,91200
47183,91300
47189,91400
47195,91500
47201,91600
47207,91700
47213,91800
47219,91900
47226,92000
47630,92100
47645,92200
47653,92300
47659,92400
47666,92500
47672,92600
47678,92700
47688,92800
47705,92900
47723,93000
48110,93100
48122,93200
48130,93300
48138,93400
48145,93500
48156,93600
48175,93700
48195,93800
48207,93900
48217,94000
48678,94100
48687,94200
48694,94300
48701,94400
48708,94500
48716,94600
48723,94700
48731,94800
48739,94900
48747,95000
49086,95100
49094,95200
49101,95300
49109,95400
49115,95500
49122,95600
49128,95700
49135,95800
49142,95900
49148,96000
49568,96100
49576,96200
49583,96300
49590,96400
49597,96500
49603,96600
49610,96700
49617,96800
49623,96900
49631,97000
50145,97100
50153,97200
50162,97300
50171,97400
50182,97500
50194,97600
50203,97700
50211,97800
50219,97900
50228,98000
50685,98100
50693,98200
50703,98300
50710,98400
50719,98500
50729,98600
50738,98700
50746,98800
50755,98900
50764,99000
51175,99100
51184,99200
51193,99300
51202,99400
51212,99500
51220,99600
51228,99700
51237,99800
51246,99900
51255,100000
51674,100100
51683,100200
51691,100300
51699,100400
51707,100500
51716,100600
51724,100700
51733,100800
51743,100900
51755,101000
52107,101100
52119,101200
52127,101300
52139,101400
52149,101500
52160,101600
52173,101700
52184,101800
52198,101900
52208,102000
52672,102100
52684,102200
52694,102300
52703,102400
52713,102500
52723,102600
52733,102700
52743,102800
52754,102900
52763,103000
53126,103100
53135,103200
53145,103300
53156,103400
53166,103500
53175,103600
53185,103700
53195,103800
53206,103900
53219,104000
53641,104100
53651,104200
53663,104300
53674,104400
53685,104500
53695,104600
53705,104700
53715,104800
53726,104900
53736,105000
54193,105100
54204,105200
54216,105300
54231,105400
54243,105500
54252,105600
54261,105700
54276,105800
54286,105900
54295,106000
54637,106100
54646,106200
54660,106300
54670,106400
54677,106500
54687,106600
54699,106700
54711,106800
54720,106900
54729,107000
55058,107100
55069,107200
55081,107300
55094,107400
55105,107500
55118,107600
55129,107700
55140,107800
55149,107900
55161,108000
55579,108100
55593,108200
55605,108300
55616,108400
55627,108500
55638,108600
55651,108700
55664,108800
55677,108900
55689,109000
56056,109100
56069,109200
56079,109300
56095,109400
56107,109500
56124,109600
56139,109700
56151,109800
56163,109900
56178,110000
56643,110100
56654,110200
56667,110300
56679,110400
56692,110500
56703,110600
56714,110700
56726,110800
56738,110900
56752,111000
57130,111100
57143,111200
57159,111300
57173,111400
57187,111500
57203,111600
57217,111700
57229,111800
57242,111900
57254,112000
57658,112100
57670,112200
57681,112300
57693,112400
57705,112500
57717,112600
57732,112700
57744,112800
57757,112900
57770,113000
58240,113100
58257,113200
58272,113300
58284,113400
58304,113500
58318,113600
58332,113700
58346,113800
58363,113900
58377,114000
58835,114100
58850,114200
58864,114300
58882,114400
58897,114500
58912,114600
58929,114700
58944,114800
58959,114900
58973,115000
59328,115100
59343,115200
59357,115300
59373,115400
59388,115500
59403,115600
59417,115700
59430,115800
59444,115900
59457,116000
60090,116100
60102,116200
60115,116300
60128,116400
60141,116500
60154,116600
60168,116700
60182,116800
60194,116900
60208,117000
60655,117100
60667,117200
60679,117300
60690,117400
60701,117500
60711,117600
60723,117700
60737,117800
60747,117900
60758,118000
61209,118100
61220,118200
61235,118300
61249,118400
61262,118500
61276,118600
61288,118700
61302,118800
61315,118900
61329,119000
61698,119100
61712,119200
61728,119300
61742,119400
61756,119500
61768,119600
61782,119700
61797,119800
61813,119900
61836,120000
62213,120100
62227,120200
62240,120300
62256,120400
62272,120500
62290,120600
62305,120700
62320,120800
62335,120900
62351,121000
62735,121100
62750,121200
62768,121300
62782,121400
62798,121500
62809,121600
62826,121700
62842,121800
62859,121900
62876,122000
63233,122100
63247,122200
63263,122300
63275,122400
63291,122500
63304,122600
63316,122700
63330,122800
63346,122900
63362,123000
63708,123100
63724,123200
63739,123300
63754,123400
63769,123500
63787,123600
63802,123700
63818,123800
63833,123900
63849,124000
64213,124100
64229,124200
64245,124300
64262,124400
64278,124500
64294,124600
64309,124700
64325,124800
64341,124900
64358,125000
64824,125100
64840,125200
64855,125300
64874,125400
64891,125500
64909,125600
64928,125700
64944,125800
64960,125900
64975,126000
65443,126100
65458,126200
65473,126300
65490,126400
65507,126500
65523,126600
65540,126700
65557,126800
65572,126900
65589,127000
66043,127100
66060,127200
66079,127300
66098,127400
66115,127500
66134,127600
66154,127700
66174,127800
66195,127900
66215,128000
66897,128100
66918,128200
66938,128300
66962,128400
66983,128500
67005,128600
67026,128700
67047,128800
67067,128900
67086,129000
67628,129100
67649,129200
67674,129300
67699,129400
67726,129500
67751,129600
67773,129700
67792,129800
67814,129900
67834,130000
68349,130100
68370,130200
68392,130300
68418,130400
68441,130500
68464,130600
68491,130700
68515,130800
68540,130900
68560,131000
69035,131100
69058,131200
69086,131300
69112,131400
69139,131500
69164,131600
69191,131700
69214,131800
69237,131900
69261,132000
69747,132100
69769,132200
69789,132300
69810,132400
69829,132500
69851,132600
69874,132700
69895,132800
69918,132900
69938,133000
70332,133100
70356,133200
70382,133300
70405,133400
70436,133500
70462,133600
70488,133700
70513,133800
70536,133900
70561,134000
71092,134100
71119,134200
71148,134300
71177,134400
71201,134500
71226,134600
71253,134700
71278,134800
71303,134900
71333,135000
71843,135100
71871,135200
71897,135300
71923,135400
71948,135500
71978,135600
72007,135700
72033,135800
72065,135900
72091,136000
72575,136100
72601,136200
72630,136300
72654,136400
72680,136500
72715,136600
72740,136700
72765,136800
72791,136900
72818,137000
73342,137100
73368,137200
73393,137300
73419,137400
73445,137500
73472,137600
73495,137700
73515,137800
73539,137900
73565,138000
74091,138100
74115,138200
74138,138300
74165,138400
74190,138500
74217,138600
74243,138700
74266,138800
74287,138900
74314,139000
74798,139100
74826,139200
74851,139300
74877,139400
74900,139500
74925,139600
74952,139700
74981,139800
75008,139900
75033,140000
75510,140100
75538,140200
75567,140300
75589,140400
75615,140500
75641,140600
75665,140700
75689,140800
75716,140900
75744,141000
76275,141100
76305,141200
76333,141300
76356,141400
76379,141500
76401,141600
76426,141700
76449,141800
76471,141900
76494,142000
77525,142100
77551,142200
77577,142300
77605,142400
77632,142500
77669,142600
77694,142700
77720,142800
77747,142900
77776,143000
78275,143100
78297,143200
78323,143300
78346,143400
78371,143500
78394,143600
78417,143700
78438,143800
78471,143900
78494,144000
78993,144100
79017,144200
79041,144300
79065,144400
79088,144500
79114,144600
79139,144700
79162,144800
79182,144900
79208,145000
79714,145100
79735,145200
79754,145300
79776,145400
79799,145500
79823,145600
79847,145700
79867,145800
79884,145900
79904,146000
80283,146100
80315,146200
80340,146300
80362,146400
80384,146500
80408,146600
80436,146700
80462,146800
80488,146900
80514,147000
80900,147100
80924,147200
80945,147300
80966,147400
80988,147500
81012,147600
81032,147700
81052,147800
81074,147900
81097,148000
81599,148100
81620,148200
81642,148300
81665,148400
81686,148500
81710,148600
81731,148700
81755,148800
81779,148900
81806,149000
82233,149100
82255,149200
82275,149300
82294,149400
82313,149500
82335,149600
82359,149700
82379,149800
82399,149900
82420,150000
82795,150100
82818,150200
82842,150300
82866,150400
82890,150500
82911,150600
82933,150700
82954,150800
82977,150900
82997,151000
83764,151100
83786,151200
83806,151300
83827,151400
83848,151500
83868,151600
83890,151700
83914,151800
83937,151900
83958,152000
84467,152100
84488,152200
84510,152300
84532,152400
84554,152500
84574,152600
84595,152700
84619,152800
84640,152900
84659,153000
85102,153100
85121,153200
85140,153300
85159,153400
85179,153500
85199,153600
85220,153700
85244,153800
85264,153900
85283,154000
85707,154100
85727,154200
85746,154300
85766,154400
85786,154500
85806,154600
85826,154700
85848,154800
85868,154900
85888,155000
86389,155100
86411,155200
86435,155300
86457,155400
86479,155500
86500,155600
86520,155700
86542,155800
86562,155900
86582,156000
87076,156100
87097,156200
87118,156300
87142,156400
87170,156500
87189,156600
87210,156700
87230,156800
87252,156900
87272,157000
87773,157100
87794,157200
87817,157300
87837,157400
87855,157500
87873,157600
87892,157700
87913,157800
87931,157900
87953,158000
88436,158100
88453,158200
88477,158300
88500,158400
88519,158500
88538,158600
88560,158700
88579,158800
88597,158900
88616,159000
89145,159100
89162,159200
89182,159300
89200,159400
89221,159500
89239,159600
89258,159700
89277,159800
89296,159900
89315,160000
89798,160100
89819,160200
89840,160300
89861,160400
89882,160500
89902,160600
89926,160700
89951,160800
89972,160900
89995,161000
90390,161100
90411,161200
90431,161300
90454,161400
90481,161500
90510,161600
90537,161700
90563,161800
90582,161900
90607,162000
91016,162100
91036,162200
91058,162300
91087,162400
91107,162500
91127,162600
91150,162700
91174,162800
91195,162900
91219,163000
91625,163100
91646,163200
91667,163300
91688,163400
91706,163500
91727,163600
91760,163700
91788,163800
91812,163900
91835,164000
92262,164100
92283,164200
92306,164300
92326,164400
92348,164500
92367,164600
92389,164700
92414,164800
92435,164900
92458,165000
92995,165100
93017,165200
93040,165300
93063,165400
93084,165500
93105,165600
93128,165700
93151,165800
93176,165900
93203,166000
93747,166100
93771,166200
93797,166300
93819,166400
93838,166500
93861,166600
93888,166700
93915,166800
93941,166900
93971,167000
94518,167100
94544,167200
94567,167300
94586,167400
94606,167500
94627,167600
94649,167700
94673,167800
94696,167900
94717,168000
95331,168100
95356,168200
95379,168300
95399,168400
95421,168500
95441,168600
95462,168700
95486,168800
95507,168900
95530,169000
96075,169100
96097,169200
96121,169300
96146,169400
96168,169500
96189,169600
96214,169700
96240,169800
96280,169900
96304,170000
96752,170100
96774,170200
96794,170300
96814,170400
96836,170500
96856,170600
96877,170700
96900,170800
96920,170900
96940,171000
97484,171100
97512,171200
97537,171300
97558,171400
97581,171500
97602,171600
97623,171700
97642,171800
97663,171900
97685,172000
98241,172100
98261,172200
98283,172300
98305,172400
98326,172500
98347,172600
98366,172700
98386,172800
98407,172900
98428,173000
98857,173100
98878,173200
98901,173300
98926,173400
98951,173500
98973,173600
98993,173700
99011,173800
99029,173900
99048,174000
99542,174100
99566,174200
99588,174300
99614,174400
99639,174500
99665,174600
99690,174700
99710,174800
99730,174900
99754,175000
100233,175100
100258,175200
100288,175300
100314,175400
100340,175500
100369,175600
100394,175700
100422,175800
100447,175900
100477,176000
101045,176100
101073,176200
101097,176300
101121,176400
101147,176500
101174,176600
101197,176700
101219,176800
101241,176900
101267,177000
101812,177100
101837,177200
101863,177300
101888,177400
101912,177500
101933,177600
101955,177700
101978,177800
101999,177900
102027,178000
102524,178100
102550,178200
102580,178300
102608,178400
102640,178500
102666,178600
102696,178700
102722,178800
102753,178900
102782,179000
103243,179100
103276,179200
103303,179300
103337,179400
103373,179500
103403,179600
103439,179700
103477,179800
103514,179900
103546,180000
104046,180100
104086,180200
104126,180300
104166,180400
104204,180500
104242,180600
104289,180700
104340,180800
104384,180900
104425,181000
105006,181100
105050,181200
105098,181300
105139,181400
105185,181500
105234,181600
105273,181700
105306,181800
105350,181900
105395,182000
105974,182100
106030,182200
106074,182300
106115,182400
106155,182500
106200,182600
106230,182700
106263,182800
106315,182900
106369,183000
107065,183100
107115,183200
107142,183300
107187,183400
107231,183500
107271,183600
107311,183700
107361,183800
107405,183900
107449,184000
108013,184100
108048,184200
108091,184300
108150,184400
108214,184500
108269,184600
108330,184700
108395,184800
108439,184900
108488,185000
109141,185100
109186,185200
109228,185300
109285,185400
109332,185500
109378,185600
109423,185700
109459,185800
109498,185900
109536,186000
110093,186100
110138,186200
110187,186300
110234,186400
110282,186500
110331,186600
110377,186700
110418,186800
110461,186900
110506,187000
111065,187100
111103,187200
111153,187300
111192,187400
111232,187500
111271,187600
111313,187700
111353,187800
111398,187900
111434,188000
112313,188100
112347,188200
112383,188300
112431,188400
112478,188500
112520,188600
112566,188700
112606,188800
112638,188900
112680,189000
113387,189100
113427,189200
113470,189300
113522,189400
113568,189500
113627,189600
113676,189700
113727,189800
113780,189900
113825,190000
114451,190100
114498,190200
114547,190300
114597,190400
114647,190500
114691,190600
114733,190700
114772,190800
114812,190900
114852,191000
115542,191100
115588,191200
115636,191300
115682,191400
115723,191500
115788,191600
115847,191700
115903,191800
115948,191900
115988,192000
116673,192100
116714,192200
116752,192300
116800,192400
116845,192500
116892,192600
116940,192700
116987,192800
117034,192900
117080,193000
117899,193100
117939,193200
117981,193300
118022,193400
118067,193500
118109,193600
118171,193700
118226,193800
118272,193900
118326,194000
118953,194100
119015,194200
119080,194300
119144,194400
119206,194500
119265,194600
119321,194700
119375,194800
119422,194900
119477,195000
120089,195100
120142,195200
120188,195300
120234,195400
120278,195500
120334,195600
120379,195700
120419,195800
120469,195900
120515,196000
121114,196100
121156,196200
121198,196300
121238,196400
121288,196500
121343,196600
121391,196700
121440,196800
121486,196900
121530,197000
122268,197100
122324,197200
122368,197300
122419,197400
122472,197500
122526,197600
122570,197700
122617,197800
122665,197900
122713,198000
123588,198100
123637,198200
123689,198300
123750,198400
123793,198500
123843,198600
123902,198700
123953,198800
123999,198900
124045,199000
124719,199100
124759,199200
124799,199300
124842,199400
124891,199500
124943,199600
124999,199700
125044,199800
125088,199900
125128,200000
125801,200100
125842,200200
125885,200300
125929,200400
125972,200500
126019,200600
126075,200700
126119,200800
126162,200900
126213,201000
126857,201100
126896,201200
126941,201300
126985,201400
127042,201500
127102,201600
127161,201700
127219,201800
127280,201900
127340,202000
128053,202100
128114,202200
128178,202300
128228,202400
128291,202500
128349,202600
128399,202700
128450,202800
128501,202900
128550,203000
129419,203100
129472,203200
129526,203300
129568,203400
129617,203500
129675,203600
129726,203700
129785,203800
129831,203900
129885,204000
130573,204100
130618,204200
130671,204300
130718,204400
130764,204500
130824,204600
130875,204700
130918,204800
130964,204900
131011,205000
131728,205100
131759,205200
131795,205300
131829,205400
131865,205500
131905,205600
131952,205700
132006,205800
132056,205900
132101,206000
133112,206100
133158,206200
133206,206300
133247,206400
133293,206500
133344,206600
133399,206700
133455,206800
133507,206900
133557,207000
134260,207100
134305,207200
134353,207300
134394,207400
134434,207500
134480,207600
134530,207700
134575,207800
134627,207900
134678,208000
135343,208100
135398,208200
135454,208300
135517,208400
135564,208500
135622,208600
135676,208700
135726,208800
135789,208900
135844,209000
136519,209100
136576,209200
136627,209300
136672,209400
136725,209500
136791,209600
136844,209700
136896,209800
136949,209900
136997,210000
137666,210100
137717,210200
137775,210300
137832,210400
137876,210500
137917,210600
137963,210700
138004,210800
138070,210900
138132,211000
138771,211100
138833,211200
138889,211300
138938,211400
138994,211500
139054,211600
139102,211700
139155,211800
139210,211900
139274,212000
139998,212100
140071,212200
140127,212300
140187,212400
140248,212500
140310,212600
140379,212700
140450,212800
140510,212900
140581,213000
141235,213100
141297,213200
141353,213300
141419,213400
141479,213500
141531,213600
141586,213700
141637,213800
141698,213900
141751,214000
142399,214100
142454,214200
142512,214300
142559,214400
142608,214500
142649,214600
142694,214700
142747,214800
142806,214900
142860,215000
143470,215100
143534,215200
143593,215300
143646,215400
143703,215500
143755,215600
143812,215700
143883,215800
143945,215900
144007,216000
144644,216100
144720,216200
144787,216300
144853,216400
144905,216500
144964,216600
145035,216700
145111,216800
145179,216900
145260,217000
146223,217100
146291,217200
146355,217300
146421,217400
146487,217500
146547,217600
146628,217700
146709,217800
146772,217900
146845,218000
147587,218100
147654,218200
147719,218300
147790,218400
147864,218500
147932,218600
148003,218700
148062,218800
148120,218900
148179,219000
148967,219100
149043,219200
149112,219300
149179,219400
149234,219500
149292,219600
149364,219700
149420,219800
149474,219900
149539,220000
150248,220100
150320,220200
150383,220300
150453,220400
150514,220500
150581,220600
150645,220700
150710,220800
150776,220900
150835,221000
151528,221100
151619,221200
151697,221300
151778,221400
151835,221500
151898,221600
151950,221700
152013,221800
152081,221900
152147,222000
152858,222100
152933,222200
153010,222300
153073,222400
153147,222500
153218,222600
153284,222700
153355,222800
153418,222900
153488,223000
154136,223100
154212,223200
154282,223300
154348,223400
154414,223500
154477,223600
154565,223700
154636,223800
154705,223900
154762,224000
155449,224100
155510,224200
155573,224300
155650,224400
155727,224500
155801,224600
155879,224700
155957,224800
156014,224900
156068,225000
156864,225100
156934,225200
157014,225300
157090,225400
157174,225500
157249,225600
157330,225700
157401,225800
157468,225900
157537,226000
158218,226100
158271,226200
158327,226300
158375,226400
158432,226500
158493,226600
158558,226700
158623,226800
158688,226900
158748,227000
159413,227100
159474,227200
159548,227300
159606,227400
159685,227500
159750,227600
159813,227700
159873,227800
159957,227900
160038,228000
160735,228100
160818,228200
160901,228300
160970,228400
161046,228500
161120,228600
161201,228700
161270,228800
161358,228900
161425,229000
162200,229100
162295,229200
162384,229300
162491,229400
162593,229500
162715,229600
162823,229700
162932,229800
163031,229900
163113,230000
163792,230100
163887,230200
163981,230300
164080,230400
164161,230500
164264,230600
164368,230700
164476,230800
164590,230900
164670,231000
165872,231100
165939,231200
166001,231300
166075,231400
166143,231500
166214,231600
166292,231700
166357,231800
166438,231900
166497,232000
167209,232100
167292,232200
167357,232300
167415,232400
167477,232500
167546,232600
167621,232700
167700,232800
167774,232900
167863,233000
168609,233100
168695,233200
168771,233300
168841,233400
168922,233500
168998,233600
169077,233700
169146,233800
169241,233900
169318,234000
170470,234100
170553,234200
170643,234300
170725,234400
170794,234500
170875,234600
170949,234700
171025,234800
171103,234900
171180,235000
171848,235100
171926,235200
172007,235300
172090,235400
172173,235500
172253,235600
172340,235700
172410,235800
172485,235900
172555,236000
173368,236100
173442,236200
173523,236300
173603,236400
173681,236500
173754,236600
173826,236700
173899,236800
173960,236900
174026,237000
175002,237100
175082,237200
175167,237300
175236,237400
175319,237500
175407,237600
175484,237700
175568,237800
175631,237900
175698,238000
176457,238100
176531,238200
176614,238300
176705,238400
176788,238500
176877,238600
176954,238700
177029,238800
177093,238900
177163,239000
177960,239100
178019,239200
178079,239300
178140,239400
178206,239500
178277,239600
178346,239700
178414,239800
178484,239900
178562,240000
179233,240100
179309,240200
179380,240300
179441,240400
179497,240500
179565,240600
179620,240700
179677,240800
179742,240900
179802,241000
180736,241100
180795,241200
180846,241300
180910,241400
180975,241500
181038,241600
181096,241700
181144,241800
181202,241900
181272,242000
181952,242100
182034,242200
182128,242300
182208,242400
182304,242500
182375,242600
182443,242700
182515,242800
182579,242900
182635,243000
183279,243100
183348,243200
183417,243300
183474,243400
183553,243500
183623,243600
183690,243700
183760,243800
183831,243900
183892,244000
184614,244100
184675,244200
184745,244300
184813,244400
184872,244500
184926,244600
184979,244700
185038,244800
185083,244900
185143,245000
186205,245100
186256,245200
186298,245300
186351,245400
186403,245500
186462,245600
186516,245700
186576,245800
186632,245900
186686,246000
187440,246100
187517,246200
187598,246300
187653,246400
187708,246500
187758,246600
187809,246700
187860,246800
187922,246900
187984,247000
188725,247100
188780,247200
188841,247300
188893,247400
188944,247500
188993,247600
189041,247700
189087,247800
189129,247900
189194,248000
189868,248100
189932,248200
189997,248300
190064,248400
190127,248500
190183,248600
190233,248700
190285,248800
190331,248900
190400,249000
191235,249100
191293,249200
191356,249300
191425,249400
191504,249500
191568,249600
191655,249700
191716,249800
191794,249900
191852,250000
192544,250100
192609,250200
192668,250300
192733,250400
192801,250500
192863,250600
192925,250700
192990,250800
193051,250900
193123,251000
193839,251100
193898,251200
193959,251300
194009,251400
194051,251500
194102,251600
194146,251700
194210,251800
194298,251900
194366,252000
195021,252100
195099,252200
195171,252300
195247,252400
195332,252500
195395,252600
195460,252700
195516,252800
195577,252900
195647,253000
196438,253100
196512,253200
196591,253300
196668,253400
196755,253500
196820,253600
196900,253700
196976,253800
197064,253900
197144,254000
197988,254100
198066,254200
198155,254300
198245,254400
198330,254500
198426,254600
198520,254700
198594,254800
198667,254900
198746,255000
199447,255100
199515,255200
199566,255300
199615,255400
199670,255500
199718,255600
199768,255700
199829,255800
199898,255900
199964,256000
200624,256100
200702,256200
200770,256300
200835,256400
200903,256500
200971,256600
201037,256700
201106,256800
201158,256900
201222,257000
201927,257100
201999,257200
202061,257300
202127,257400
202195,257500
202271,257600
202328,257700
202387,257800
202442,257900
202508,258000
203468,258100
203547,258200
203612,258300
203699,258400
203765,258500
203854,258600
203934,258700
204002,258800
204075,258900
204137,259000
204926,259100
204983,259200
205044,259300
205095,259400
205155,259500
205210,259600
205279,259700
205346,259800
205418,259900
205473,260000
206133,260100
206197,260200
206277,260300
206331,260400
206406,260500
206463,260600
206519,260700
206582,260800
206646,260900
206720,261000
207511,261100
207629,261200
207714,261300
207822,261400
207918,261500
208004,261600
208089,261700
208157,261800
208212,261900
208263,262000
209128,262100
209229,262200
209332,262300
209414,262400
209500,262500
209576,262600
209648,262700
209710,262800
209787,262900
209860,263000
210505,263100
210567,263200
210626,263300
210683,263400
210742,263500
210798,263600
210863,263700
210914,263800
210972,263900
211033,264000
211935,264100
212009,264200
212074,264300
212146,264400
212216,264500
212275,264600
212345,264700
212406,264800
212462,264900
212529,265000
213326,265100
213403,265200
213483,265300
213608,265400
213695,265500
213801,265600
213911,265700
214011,265800
214099,265900
214173,266000
214969,266100
215042,266200
215129,266300
215204,266400
215290,266500
215381,266600
215466,266700
215567,266800
215652,266900
215743,267000
216400,267100
216476,267200
216537,267300
216593,267400
216655,267500
216716,267600
216765,267700
216826,267800
216885,267900
216973,268000
217644,268100
217741,268200
217833,268300
217929,268400
218036,268500
218161,268600
218285,268700
218388,268800
218473,268900
218544,269000
219375,269100
219450,269200
219534,269300
219612,269400
219720,269500
219820,269600
219926,269700
220020,269800
220083,269900
220158,270000
220857,270100
220956,270200
221095,270300
221269,270400
221452,270500
221593,270600
221717,270700
221838,270800
221963,270900
222088,271000
222865,271100
222958,271200
223049,271300
223132,271400
223235,271500
223357,271600
223489,271700
223599,271800
223734,271900
223868,272000
224629,272100
224759,272200
224872,272300
224958,272400
225062,272500
225170,272600
225277,272700
225377,272800
225470,272900
225587,273000
226523,273100
226639,273200
226734,273300
226799,273400
226899,273500
226980,273600
227052,273700
227119,273800
227184,273900
227261,274000
228061,274100
228143,274200
228259,274300
228358,274400
228442,274500
228548,274600
228642,274700
228735,274800
228829,274900
228918,275000
229584,275100
229666,275200
229766,275300
229865,275400
229947,275500
230045,275600
230143,275700
230214,275800
230296,275900
230378,276000
231140,276100
231240,276200
231332,276300
231405,276400
231483,276500
231582,276600
231664,276700
231749,276800
231835,276900
231920,277000
232726,277100
232831,277200
232919,277300
233009,277400
233147,277500
233236,277600
233327,277700
233403,277800
233478,277900
233543,278000
234212,278100
234279,278200
234375,278300
234470,278400
234569,278500
234667,278600
234765,278700
234851,278800
234946,278900
235061,279000
235866,279100
235969,279200
236041,279300
236128,279400
236200,279500
236272,279600
236346,279700
236423,279800
236488,279900
236564,280000
237549,280100
237613,280200
237690,280300
237788,280400
237873,280500
237971,280600
238080,280700
238148,280800
238235,280900
238318,281000
239063,281100
239144,281200
239222,281300
239318,281400
239409,281500
239533,281600
239652,281700
239769,281800
239874,281900
239958,282000
240729,282100
240824,282200
240919,282300
241011,282400
241102,282500
241199,282600
241319,282700
241423,282800
241531,282900
241650,283000
242493,283100
242605,283200
242700,283300
242779,283400
242865,283500
242936,283600
243028,283700
243130,283800
243205,283900
243300,284000
244038,284100
244149,284200
244241,284300
244343,284400
244442,284500
244533,284600
244634,284700
244710,284800
244794,284900
244899,285000
245640,285100
245766,285200
245868,285300
246014,285400
246157,285500
246265,285600
246370,285700
246472,285800
246565,285900
246651,286000
247375,286100
247453,286200
247545,286300
247651,286400
247759,286500
247862,286600
247959,286700
248069,286800
248173,286900
248307,287000
249050,287100
249140,287200
249231,287300
249332,287400
249434,287500
249528,287600
249658,287700
249772,287800
249891,287900
249984,288000
250660,288100
250755,288200
250844,288300
250978,288400
251082,288500
251176,288600
251290,288700
251447,288800
251601,288900
251725,289000
252597,289100
252741,289200
252870,289300
253023,289400
253156,289500
253282,289600
253412,289700
253533,289800
253698,289900
253787,290000
254552,290100
254664,290200
254776,290300
254888,290400
255026,290500
255166,290600
255250,290700
255356,290800
255457,290900
255550,291000
256331,291100
256424,291200
256536,291300
256645,291400
256738,291500
256850,291600
256946,291700
257040,291800
257156,291900
257236,292000
257929,292100
258021,292200
258108,292300
258211,292400
258326,292500
258426,292600
258546,292700
258642,292800
258740,292900
258851,293000
259726,293100
259829,293200
259962,293300
260059,293400
260178,293500
260278,293600
260391,293700
260486,293800
260582,293900
260676,294000
261506,294100
261600,294200
261689,294300
261786,294400
261881,294500
261997,294600
262108,294700
262222,294800
262346,294900
262479,295000
263349,295100
263495,295200
263597,295300
263698,295400
263785,295500
263852,295600
263952,295700
264047,295800
264165,295900
264257,296000
265225,296100
265339,296200
265429,296300
265530,296400
265621,296500
265716,296600
265802,296700
265932,296800
266024,296900
266124,297000
267020,297100
267166,297200
267274,297300
267407,297400
267522,297500
267653,297600
267763,297700
267857,297800
267968,297900
268068,298000
268792,298100
268921,298200
269028,298300
269154,298400
269285,298500
269394,298600
269488,298700
269577,298800
269679,298900
269786,299000
270750,299100
270869,299200
270989,299300
271083,299400
271202,299500
271308,299600
271411,299700
271552,299800
271684,299900
271775,300000
272464,300100
272540,300200
272652,300300
272756,300400
272867,300500
272965,300600
273067,300700
273186,300800
273302,300900
273408,301000
274355,301100
274465,301200
274632,301300
274737,301400
274841,301500
274959,301600
275066,301700
275196,301800
275300,301900
275420,302000
276397,302100
276539,302200
276687,302300
276787,302400
276899,302500
277012,302600
277120,302700
277242,302800
277388,302900
277507,303000
278271,303100
278398,303200
278495,303300
278606,303400
278709,303500
278805,303600
278914,303700
279017,303800
279127,303900
279235,304000
279956,304100
280043,304200
280170,304300
280287,304400
280406,304500
280523,304600
280617,304700
280708,304800
280830,304900
280947,305000
281969,305100
282110,305200
282243,305300
282377,305400
282526,305500
282671,305600
282782,305700
282902,305800
282993,305900
283122,306000
283876,306100
283993,306200
284125,306300
284263,306400
284386,306500
284522,306600
284656,306700
284781,306800
284896,306900
284997,307000
285729,307100
285808,307200
285921,307300
286028,307400
286143,307500
286256,307600
286358,307700
286470,307800
286573,307900
286679,308000
287556,308100
287651,308200
287727,308300
287811,308400
287904,308500
288017,308600
288179,308700
288325,308800
288442,308900
288583,309000
289399,309100
289500,309200
289589,309300
289700,309400
289820,309500
289925,309600
290068,309700
290202,309800
290336,309900
290471,310000
291294,310100
291422,310200
291573,310300
291686,310400
291815,310500
291947,310600
292084,310700
292229,310800
292394,310900
292511,311000
293454,311100
293562,311200
293678,311300
293804,311400
293900,311500
294005,311600
294099,311700
294208,311800
294324,311900
294447,312000
295197,312100
295340,312200
295463,312300
295570,312400
295696,312500
295805,312600
295893,312700
296027,312800
296153,312900
296253,313000
297096,313100
297213,313200
297382,313300
297548,313400
297690,313500
297829,313600
297948,313700
298087,313800
298254,313900
298435,314000
299295,314100
299483,314200
299667,314300
299792,314400
299931,314500
300081,314600
300179,314700
300284,314800
300396,314900
300521,315000
301303,315100
301420,315200
301572,315300
301701,315400
301862,315500
301994,315600
302106,315700
302226,315800
302392,315900
302493,316000
303234,316100
303343,316200
303465,316300
303581,316400
303722,316500
303849,316600
303990,316700
304111,316800
304226,316900
304357,317000
305134,317100
305256,317200
305383,317300
305536,317400
305696,317500
305828,317600
305965,317700
306117,317800
306239,317900
306383,318000
307259,318100
307400,318200
307532,318300
307635,318400
307767,318500
307909,318600
308083,318700
308278,318800
308414,318900
308552,319000
309594,319100
309743,319200
309945,319300
310070,319400
310218,319500
310387,319600
310506,319700
310680,319800
310876,319900
311041,320000
311899,320100
312001,320200
312106,320300
312223,320400
312312,320500
312408,320600
312528,320700
312678,320800
312817,320900
312960,321000
313851,321100
313989,321200
314145,321300
314300,321400
314423,321500
314551,321600
314663,321700
314782,321800
314939,321900
315076,322000
315959,322100
316131,322200
316316,322300
316520,322400
316704,322500
316856,322600
317028,322700
317180,322800
317309,322900
317469,323000
318352,323100
318507,323200
318669,323300
318809,323400
318932,323500
319052,323600
319181,323700
319313,323800
319411,323900
319535,324000
320244,324100
320389,324200
320523,324300
320656,324400
320799,324500
320931,324600
321039,324700
321164,324800
321281,324900
321390,325000
322268,325100
322449,325200
322639,325300
322815,325400
323017,325500
323164,325600
323363,325700
323542,325800
323672,325900
323806,326000
324769,326100
324958,326200
325141,326300
325317,326400
325490,326500
325660,326600
325882,326700
326055,326800
326206,326900
326356,327000
327235,327100
327391,327200
327566,327300
327733,327400
327897,327500
328063,327600
328224,327700
328351,327800
328472,327900
328591,328000
329379,328100
329511,328200
329641,328300
329791,328400
329912,328500
330053,328600
330187,328700
330328,328800
330483,328900
330632,329000
331778,329100
331941,329200
332111,329300
332253,329400
332447,329500
332620,329600
332795,329700
333019,329800
333190,329900
333358,330000
334315,330100
334485,330200
334644,330300
334799,330400
334990,330500
335131,330600
335302,330700
335463,330800
335608,330900
335773,331000
336649,331100
336785,331200
336942,331300
337092,331400
337244,331500
337406,331600
337556,331700
337702,331800
337849,331900
337969,332000
338788,332100
338912,332200
339041,332300
339216,332400
339393,332500
339542,332600
339759,332700
339923,332800
340087,332900
340241,333000
341159,333100
341340,333200
341557,333300
341755,333400
341973,333500
342198,333600
342393,333700
342630,333800
342817,333900
343010,334000
343982,334100
344122,334200
344279,334300
344461,334400
344674,334500
344866,334600
345058,334700
345270,334800
345450,334900
345648,335000
346574,335100
346725,335200
346901,335300
347052,335400
347202,335500
347366,335600
347501,335700
347606,335800
347716,335900
347834,336000
348831,336100
348971,336200
349085,336300
349249,336400
349386,336500
349546,336600
349692,336700
349822,336800
349930,336900
350032,337000
350866,337100
351036,337200
351186,337300
351365,337400
351530,337500
351685,337600
351895,337700
352046,337800
352213,337900
352395,338000
353303,338100
353534,338200
353758,338300
353985,338400
354137,338500
354356,338600
354522,338700
354760,338800
354997,338900
355209,339000
356301,339100
356464,339200
356671,339300
356863,339400
357013,339500
357207,339600
357387,339700
357600,339800
357758,339900
357904,340000
358759,340100
358937,340200
359134,340300
359320,340400
359538,340500
359762,340600
359936,340700
360085,340800
360216,340900
360346,341000
361320,341100
361506,341200
361687,341300
361917,341400
362057,341500
362284,341600
362520,341700
362748,341800
362928,341900
363143,342000
364122,342100
364297,342200
364464,342300
364653,342400
364834,342500
365063,342600
365265,342700
365453,342800
365645,342900
365812,343000
366732,343100
366990,343200
367254,343300
367517,343400
367726,343500
367959,343600
368144,343700
368330,343800
368537,343900
368740,344000
369631,344100
369771,344200
369905,344300
370037,344400
370213,344500
370395,344600
370545,344700
370699,344800
370878,344900
371043,345000
371946,345100
372152,345200
372372,345300
372593,345400
372814,345500
373096,345600
373305,345700
373550,345800
373790,345900
374009,346000
375004,346100
375213,346200
375459,346300
375685,346400
375883,346500
376095,346600
376244,346700
376425,346800
376614,346900
376816,347000
377716,347100
377898,347200
378093,347300
378277,347400
378451,347500
378619,347600
378752,347700
378922,347800
379126,347900
379282,348000
380212,348100
380389,348200
380580,348300
380778,348400
380955,348500
381135,348600
381306,348700
381497,348800
381683,348900
381801,349000
382731,349100
382915,349200
383119,349300
383356,349400
383518,349500
383714,349600
383947,349700
384127,349800
384350,349900
384571,350000
385534,350100
385806,350200
386089,350300
386311,350400
386497,350500
386712,350600
386902,350700
387064,350800
387247,350900
387430,351000
388367,351100
388576,351200
388818,351300
388972,351400
389172,351500
389345,351600
389513,351700
389671,351800
389842,351900
390034,352000
390901,352100
391084,352200
391285,352300
391450,352400
391625,352500
391805,352600
391991,352700
392167,352800
392336,352900
392514,353000
393562,353100
393812,353200
394081,353300
394331,353400
394598,353500
394829,353600
395059,353700
395248,353800
395486,353900
395726,354000
396672,354100
396902,354200
397166,354300
397384,354400
397559,354500
397751,354600
397976,354700
398161,354800
398355,354900
398571,355000
399567,355100
399765,355200
399959,355300
400153,355400
400345,355500
400571,355600
400754,355700
400938,355800
401104,355900
401320,356000
402346,356100
402545,356200
402743,356300
402909,356400
403091,356500
403276,356600
403512,356700
403647,356800
403803,356900
403972,357000
405031,357100
405318,357200
405562,357300
405744,357400
405985,357500
406232,357600
406462,357700
406656,357800
406875,357900
407112,358000
408182,358100
408409,358200
408657,358300
408870,358400
409099,358500
409370,358600
409621,358700
409809,358800
410021,358900
410292,359000
411393,359100
411647,359200
411930,359300
412187,359400
412387,359500
412641,359600
412891,359700
413084,359800
413304,359900
413497,360000
414397,360100
414613,360200
414831,360300
415016,360400
415200,360500
415417,360600
415613,360700
415800,360800
415955,360900
416166,361000
417399,361100
417723,361200
418187,361300
418499,361400
418729,361500
418988,361600
419284,361700
419531,361800
419781,361900
420006,362000
421143,362100
421393,362200
421559,362300
421777,362400
421981,362500
422164,362600
422382,362700
422677,362800
422843,362900
423108,363000
424142,363100
424345,363200
424624,363300
424886,363400
425076,363500
425286,363600
425493,363700
425709,363800
425885,363900
426087,364000
427082,364100
427415,364200
427720,364300
428022,364400
428354,364500
428662,364600
428905,364700
429188,364800
429568,364900
429813,365000
431156,365100
431448,365200
431716,365300
431967,365400
432248,365500
432542,365600
432773,365700
433067,365800
433297,365900
433553,366000
434660,366100
434917,366200
435143,366300
435438,366400
435694,366500
435906,366600
436145,366700
436349,366800
436588,366900
436812,367000
437869,367100
438104,367200
438305,367300
438576,367400
438880,367500
439249,367600
439531,367700
439855,367800
440210,367900
440501,368000
441566,368100
441831,368200
442095,368300
442477,368400
442846,368500
443233,368600
443599,368700
443842,368800
444034,368900
444213,369000
445226,369100
445448,369200
445744,369300
445938,369400
446226,369500
446535,369600
446845,369700
447130,369800
447361,369900
447589,370000
448676,370100
448912,370200
449163,370300
449391,370400
449641,370500
449903,370600
450075,370700
450298,370800
450513,370900
450743,371000
451767,371100
452018,371200
452250,371300
452538,371400
452814,371500
453047,371600
453331,371700
453578,371800
453801,371900
454004,372000
454951,372100
455107,372200
455314,372300
455500,372400
455729,372500
455928,372600
456217,372700
456504,372800
456710,372900
456895,373000
457908,373100
458203,373200
458418,373300
458651,373400
458900,373500
459202,373600
459442,373700
459833,373800
460197,373900
460478,374000
461676,374100
462009,374200
462322,374300
462651,374400
463013,374500
463355,374600
463779,374700
464105,374800
464408,374900
464690,375000
465865,375100
466106,375200
466320,375300
466578,375400
466862,375500
467086,375600
467338,375700
467550,375800
467758,375900
468020,376000
469116,376100
469305,376200
469546,376300
469714,376400
469976,376500
470213,376600
470404,376700
470667,376800
470951,376900
471172,377000
472218,377100
472481,377200
472690,377300
472867,377400
473086,377500
473292,377600
473490,377700
473750,377800
474093,377900
474408,378000
475544,378100
475899,378200
476279,378300
476583,378400
476894,378500
477189,378600
477486,378700
477758,378800
478065,378900
478311,379000
479431,379100
479647,379200
479950,379300
480195,379400
480460,379500
480664,379600
480927,379700
481250,379800
481516,379900
481737,380000
482803,380100
483005,380200
483261,380300
483509,380400
483730,380500
483992,380600
484210,380700
484443,380800
484674,380900
484910,381000
486048,381100
486369,381200
486665,381300
486946,381400
487207,381500
487466,381600
487731,381700
488052,381800
488383,381900
488705,382000
489994,382100
490382,382200
490745,382300
491093,382400
491409,382500
491711,382600
492049,382700
492388,382800
492610,382900
492919,383000
494032,383100
494291,383200
494588,383300
494801,383400
495087,383500
495307,383600
495497,383700
495710,383800
495969,383900
496193,384000
497221,384100
497450,384200
497641,384300
497881,384400
498098,384500
498271,384600
498453,384700
498606,384800
498835,384900
499064,385000
500152,385100
500427,385200
500706,385300
500956,385400
501285,385500
501533,385600
501804,385700
502080,385800
502307,385900
502554,386000
503886,386100
504131,386200
504460,386300
504770,386400
505160,386500
505498,386600
505804,386700
506113,386800
506390,386900
506604,387000
507754,387100
508078,387200
508403,387300
508707,387400
509009,387500
509281,387600
509514,387700
509772,387800
510058,387900
510333,388000
511462,388100
511757,388200
512062,388300
512388,388400
512657,388500
512949,388600
513274,388700
513625,388800
513953,388900
514251,389000
515488,389100
515880,389200
516215,389300
516569,389400
516921,389500
517319,389600
517736,389700
517974,389800
518268,389900
518558,390000
519736,390100
520009,390200
520296,390300
520570,390400
520827,390500
521052,390600
521368,390700
521638,390800
522004,390900
522213,391000
523323,391100
523549,391200
523802,391300
524071,391400
524317,391500
524553,391600
524731,391700
524973,391800
525257,391900
525555,392000
526584,392100
526897,392200
527122,392300
527406,392400
527675,392500
527891,392600
528128,392700
528381,392800
528690,392900
528915,393000
530024,393100
530335,393200
530655,393300
531055,393400
531525,393500
531866,393600
532250,393700
532580,393800
532831,393900
533096,394000
534375,394100
534852,394200
535234,394300
535666,394400
535987,394500
536276,394600
536603,394700
536875,394800
537139,394900
537370,395000
538586,395100
538889,395200
539197,395300
539514,395400
539818,395500
540076,395600
540419,395700
540645,395800
540852,395900
541088,396000
542186,396100
542560,396200
542915,396300
543251,396400
543511,396500
543764,396600
544059,396700
544317,396800
544578,396900
544853,397000
545991,397100
546318,397200
546701,397300
547069,397400
547387,397500
547671,397600
547972,397700
548319,397800
548569,397900
548812,398000
549863,398100
550156,398200
550417,398300
550749,398400
551056,398500
551411,398600
551737,398700
552120,398800
552415,398900
552638,399000
554079,399100
554429,399200
554775,399300
555119,399400
555502,399500
555886,399600
556262,399700
556587,399800
556889,399900
557153,400000
558248,400100
558581,400200
558850,400300
559152,400400
559507,400500
559877,400600
560261,400700
560615,400800
560955,400900
561306,401000
562526,401100
562871,401200
563271,401300
563612,401400
563943,401500
564234,401600
564596,401700
564913,401800
565285,401900
565519,402000
566724,402100
566985,402200
567240,402300
567546,402400
567841,402500
568185,402600
568543,402700
568896,402800
569180,402900
569461,403000
570898,403100
571163,403200
571501,403300
571800,403400
572043,403500
572341,403600
572693,403700
572957,403800
573213,403900
573465,404000
574527,404100
574779,404200
575038,404300
575345,404400
575631,404500
575914,404600
576273,404700
576553,404800
576985,404900
577273,405000
578545,405100
578950,405200
579346,405300
579776,405400
580218,405500
580569,405600
580870,405700
581161,405800
581478,405900
581705,406000
582993,406100
583316,406200
583619,406300
583990,406400
584281,406500
584576,406600
584903,406700
585250,406800
585558,406900
585829,407000
587059,407100
587463,407200
587837,407300
588170,407400
588575,407500
588922,407600
589187,407700
589561,407800
589926,407900
590174,408000
591385,408100
591717,408200
591967,408300
592296,408400
592596,408500
593051,408600
593316,408700
593666,408800
594032,408900
594329,409000
595638,409100
596088,409200
596481,409300
596870,409400
597233,409500
597561,409600
597883,409700
598132,409800
598635,409900
598913,410000
600134,410100
600464,410200
600814,410300
601192,410400
601487,410500
601853,410600
602164,410700
602422,410800
602746,410900
603007,411000
604434,411100
604831,411200
605211,411300
605614,411400
605988,411500
606315,411600
606693,411700
607038,411800
607324,411900
607610,412000
608864,412100
609195,412200
609681,412300
610044,412400
610402,412500
610730,412600
611089,412700
611420,412800
611639,412900
611911,413000
613183,413100
613613,413200
613992,413300
614418,413400
615028,413500
615373,413600
615755,413700
616058,413800
616315,413900
616598,414000
617968,414100
618366,414200
618796,414300
619220,414400
619597,414500
619979,414600
620615,414700
620923,414800
621129,414900
621368,415000
622548,415100
622962,415200
623318,415300
623736,415400
624061,415500
624438,415600
624861,415700
625246,415800
625535,415900
625856,416000
627150,416100
627536,416200
627918,416300
628266,416400
628648,416500
629015,416600
629426,416700
629794,416800
630093,416900
630388,417000
631923,417100
632259,417200
632704,417300
633171,417400
633578,417500
634040,417600
634442,417700
634785,417800
635061,417900
635353,418000
636641,418100
636991,418200
637441,418300
637846,418400
638226,418500
638537,418600
638912,418700
639211,418800
639568,418900
639870,419000
641023,419100
641374,419200
641738,419300
642201,419400
642925,419500
643279,419600
643680,419700
644122,419800
644510,419900
644835,420000
645962,420100
646255,420200
646552,420300
646868,420400
647222,420500
647589,420600
647907,420700
648511,420800
648839,420900
649114,421000
650357,421100
650764,421200
651146,421300
651530,421400
651945,421500
652362,421600
652801,421700
653179,421800
653534,421900
654017,422000
655307,422100
655743,422200
656217,422300
656663,422400
657091,422500
657498,422600
657897,422700
658262,422800
658615,422900
658911,423000
660258,423100
660623,423200
660923,423300
661327,423400
661677,423500
661988,423600
662312,423700
662603,423800
662877,423900
663106,424000
664173,424100
664497,424200
664825,424300
665130,424400
665502,424500
665828,424600
666165,424700
666499,424800
666807,424900
667091,425000
668379,425100
668712,425200
669094,425300
669507,425400
669979,425500
670464,425600
670878,425700
671234,425800
671549,425900
671819,426000
673069,426100
673414,426200
673848,426300
674289,426400
674687,426500
675096,426600
675517,426700
675911,426800
676457,426900
676791,427000
678094,427100
678387,427200
678698,427300
679049,427400
679379,427500
679682,427600
680012,427700
680354,427800
680658,427900
680939,428000
682345,428100
682654,428200
682923,428300
683255,428400
683657,428500
684014,428600
684365,428700
684712,428800
685052,428900
685355,429000
686579,429100
686932,429200
687293,429300
687632,429400
687971,429500
688354,429600
688715,429700
689110,429800
689489,429900
689835,430000
691098,430100
691563,430200
691992,430300
692422,430400
693029,430500
693411,430600
693776,430700
694171,430800
694507,430900
694838,431000
696162,431100
696591,431200
696944,431300
697203,431400
697529,431500
697888,431600
698401,431700
698785,431800
699119,431900
699518,432000
700870,432100
701327,432200
701749,432300
702090,432400
702420,432500
702839,432600
703278,432700
703628,432800
704134,432900
704464,433000
705781,433100
706250,433200
706698,433300
707196,433400
707636,433500
708043,433600
708565,433700
708929,433800
709539,433900
709922,434000
711366,434100
711869,434200
712367,434300
712864,434400
713264,434500
713685,434600
714152,434700
714522,434800
714975,434900
715302,435000
716631,435100
717116,435200
717606,435300
717974,435400
718478,435500
718893,435600
719384,435700
719829,435800
720399,435900
720890,436000
722294,436100
722679,436200
723046,436300
723415,436400
723759,436500
724044,436600
724350,436700
724690,436800
725006,436900
725525,437000
726964,437100
727381,437200
727874,437300
728342,437400
728789,437500
729171,437600
729610,437700
729971,437800
730317,437900
730686,438000
732398,438100
732870,438200
733361,438300
733899,438400
734324,438500
734723,438600
735119,438700
735537,438800
735926,438900
736258,439000
737884,439100
738291,439200
738760,439300
739205,439400
739730,439500
740254,439600
740708,439700
741195,439800
741669,439900
742124,440000
743682,440100
744170,440200
744623,440300
745027,440400
745444,440500
745852,440600
746263,440700
746625,440800
747032,440900
747422,441000
749247,441100
749811,441200
750389,441300
750882,441400
751375,441500
751960,441600
752340,441700
752727,441800
753128,441900
753588,442000
755136,442100
755706,442200
756284,442300
756801,442400
757393,442500
757888,442600
758366,442700
758824,442800
759403,442900
759741,443000
761147,443100
761672,443200
762152,443300
762648,443400
763246,443500
763802,443600
764322,443700
764984,443800
765330,443900
765643,444000
767086,444100
767514,444200
768091,444300
768539,444400
769057,444500
769556,444600
769953,444700
770636,444800
771004,444900
771337,445000
772766,445100
773239,445200
773753,445300
774330,445400
774860,445500
775443,445600
776195,445700
776621,445800
777044,445900
777441,446000
778889,446100
779407,446200
780073,446300
780659,446400
781185,446500
782035,446600
782449,446700
782854,446800
783235,446900
783640,447000
785110,447100
785573,447200
786074,447300
786630,447400
787436,447500
788007,447600
788516,447700
788962,447800
789339,447900
789773,448000
791186,448100
791622,448200
792032,448300
792702,448400
793083,448500
793519,448600
794050,448700
794472,448800
794925,448900
795297,449000
796789,449100
797226,449200
797644,449300
798436,449400
798797,449500
799245,449600
799784,449700
800361,449800
800885,449900
801345,450000
802883,450100
803742,450200
804288,450300
804870,450400
805537,450500
806028,450600
806658,450700
807150,450800
807588,450900
807967,451000
809688,451100
810220,451200
810800,451300
811335,451400
811915,451500
812494,451600
813070,451700
813628,451800
814150,451900
814914,452000
816406,452100
816949,452200
817493,452300
817958,452400
818370,452500
818807,452600
819181,452700
819583,452800
819979,452900
820611,453000
822263,453100
822752,453200
823264,453300
823776,453400
824312,453500
824854,453600
825327,453700
825954,453800
826353,453900
826784,454000
828337,454100
829013,454200
829621,454300
830208,454400
830734,454500
831484,454600
831902,454700
832287,454800
832695,454900
833076,455000
834597,455100
835112,455200
835681,455300
836275,455400
837002,455500
837498,455600
837939,455700
838376,455800
838789,455900
839209,456000
840590,456100
841049,456200
841561,456300
842065,456400
842868,456500
843378,456600
843907,456700
844418,456800
844899,456900
845392,457000
847047,457100
847972,457200
848620,457300
849260,457400
849925,457500
850485,457600
850985,457700
851510,457800
852051,457900
852525,458000
854346,458100
854925,458200
855450,458300
855995,458400
856522,458500
857049,458600
857466,458700
857866,458800
858291,458900
858981,459000
860381,459100
860931,459200
861542,459300
862112,459400
862638,459500
863144,459600
863652,459700
864121,459800
864770,459900
865197,460000
866637,460100
867165,460200
867610,460300
868115,460400
868588,460500
869109,460600
869544,460700
870227,460800
870657,460900
871059,461000
872505,461100
873117,461200
873620,461300
874063,461400
874568,461500
875072,461600
875739,461700
876088,461800
876496,461900
876875,462000
878350,462100
878790,462200
879227,462300
879705,462400
880226,462500
880741,462600
881436,462700
881837,462800
882275,462900
882692,463000
884738,463100
885167,463200
885638,463300
886152,463400
886910,463500
887362,463600
887805,463700
888177,463800
888617,463900
889102,464000
890545,464100
891018,464200
891514,464300
892001,464400
892736,464500
893232,464600
893669,464700
894110,464800
894569,464900
895012,465000
896524,465100
897047,465200
897600,465300
898357,465400
898806,465500
899386,465600
899841,465700
900229,465800
900611,465900
901004,466000
902427,466100
902835,466200
903238,466300
903873,466400
904289,466500
904680,466600
905066,466700
905453,466800
905841,466900
906225,467000
907870,467100
908449,467200
908955,467300
909761,467400
910344,467500
910898,467600
911387,467700
911885,467800
912440,467900
912922,468000
914540,468100
915253,468200
915699,468300
916119,468400
916529,468500
916960,468600
917389,468700
917792,468800
918166,468900
918572,469000
919995,469100
920509,469200
921296,469300
921797,469400
922279,469500
922743,469600
923153,469700
923586,469800
923977,469900
924392,470000
925929,470100
926660,470200
927156,470300
927597,470400
928001,470500
928422,470600
928826,470700
929205,470800
929590,470900
929982,471000
931507,471100
932281,471200
932754,471300
933212,471400
933668,471500
934127,471600
934555,471700
935019,471800
935453,471900
935888,472000
937329,472100
937991,472200
938423,472300
938810,472400
939239,472500
939655,472600
940075,472700
940520,472800
940964,472900
941370,473000
942886,473100
943402,473200
944038,473300
944532,473400
945043,473500
945558,473600
946009,473700
946350,473800
946678,473900
947015,474000
948449,474100
948899,474200
949657,474300
950116,474400
950571,474500
951043,474600
951466,474700
951782,474800
952097,474900
952456,475000
953851,475100
954452,475200
955154,475300
955668,475400
956075,475500
956547,475600
956966,475700
957349,475800
957841,475900
958302,476000
959645,476100
960106,476200
960859,476300
961269,476400
961660,476500
962058,476600
962409,476700
962809,476800
963193,476900
963602,477000
965003,477100
965312,477200
965818,477300
966568,477400
967060,477500
967546,477600
967982,477700
968376,477800
968770,477900
969122,478000
970621,478100
971229,478200
971775,478300
972507,478400
972920,478500
973215,478600
973564,478700
973965,478800
974299,478900
974707,479000
976179,479100
976641,479200
977106,479300
977577,479400
978278,479500
978744,479600
979225,479700
979642,479800
980028,479900
980442,480000
981736,480100
982151,480200
982604,480300
983036,480400
983642,480500
984136,480600
984583,480700
985007,480800
985462,480900
985912,481000
987428,481100
987959,481200
988459,481300
988938,481400
989673,481500
990173,481600
990598,481700
991001,481800
991384,481900
991812,482000
993570,482100
994204,482200
994714,482300
995433,482400
995894,482500
996311,482600
996711,482700
997115,482800
997475,482900
997832,483000
999372,483100
999863,483200
1000272,483300
1000982,483400
1001424,483500
1001927,483600
1002334,483700
1002736,483800
1003183,483900
1003524,484000
1005001,484100
1005443,484200
1005829,484300
1006237,484400
1006797,484500
1007185,484600
1007524,484700
1007878,484800
1008217,484900
1008524,485000
1009914,485100
1010283,485200
1010828,485300
1011257,485400
1011799,485500
1012506,485600
1012794,485700
1013144,485800
1013543,485900
1013976,486000
1015636,486100
1016197,486200
1016629,486300
1017050,486400
1017438,486500
1018024,486600
1018365,486700
1018677,486800
1019106,486900
1019554,487000
1021084,487100
1021502,487200
1021924,487300
1022313,487400
1022706,487500
1023079,487600
1023423,487700
1024048,487800
1024471,487900
1024870,488000
1026240,488100
1026703,488200
1027136,488300
1027647,488400
1028115,488500
1028567,488600
1028908,488700
1029491,488800
1029786,488900
1030168,489000
1031719,489100
1032386,489200
1032995,489300
1033620,489400
1034120,489500
1034710,489600
1035430,489700
1035912,489800
1036383,489900
1036779,490000
1038365,490100
1038961,490200
1039540,490300
1040100,490400
1040617,490500
1041317,490600
1041796,490700
1042301,490800
1042726,490900
1043119,491000
1044949,491100
1045498,491200
1046044,491300
1046974,491400
1047579,491500
1048135,491600
1048559,491700
1048931,491800
1049246,491900
1049716,492000
1051426,492100
1051969,492200
1052773,492300
1053268,492400
1053756,492500
1054272,492600
1054788,492700
1055310,492800
1055810,492900
1056361,493000
1058428,493100
1059069,493200
1059764,493300
1060462,493400
1061039,493500
1061511,493600
1061960,493700
1062390,493800
1062872,493900
1063400,494000
1065937,494100
1066502,494200
1067055,494300
1067564,494400
1068086,494500
1068517,494600
1068979,494700
1069716,494800
1070147,494900
1070638,495000
1072280,495100
1072870,495200
1073441,495300
1073967,495400
1074563,495500
1075429,495600
1075996,495700
1076565,495800
1077109,495900
1077670,496000
1079418,496100
1080047,496200
1081008,496300
1081601,496400
1082168,496500
1082668,496600
1083181,496700
1083710,496800
1084230,496900
1084795,497000
1086735,497100
1087368,497200
1088013,497300
1088589,497400
1089330,497500
1089903,497600
1090452,497700
1091016,497800
1091579,497900
1092447,498000
1094356,498100
1095083,498200
1095856,498300
1096424,498400
1097020,498500
1097561,498600
1098351,498700
1098814,498800
1099319,498900
1099813,499000
1101570,499100
1102210,499200
1102901,499300
1103546,499400
1104463,499500
1105046,499600
1105660,499700
1106153,499800
1106669,499900
1107133,500000
1108857,500100
1109855,500200
1110595,500300
1111244,500400
1111853,500500
1112432,500600
1112978,500700
1113526,500800
1114114,500900
1114599,501000
1116435,501100
1117126,501200
1117810,501300
1118514,501400
1119215,501500
1119827,501600
1120389,501700
1121196,501800
1121827,501900
1122328,502000
1124269,502100
1124870,502200
1125605,502300
1126291,502400
1127230,502500
1127835,502600
1128533,502700
1129162,502800
1129708,502900
1130214,503000
1132112,503100
1133030,503200
1133658,503300
1134340,503400
1134958,503500
1135554,503600
1136059,503700
1136554,503800
1137098,503900
1137558,504000
1139331,504100
1139909,504200
1140510,504300
1141204,504400
1141925,504500
1142469,504600
1142982,504700
1143480,504800
1144237,504900
1144758,505000
1146498,505100
1147292,505200
1148213,505300
1148883,505400
1149797,505500
1150598,505600
1151403,505700
1151928,505800
1152473,505900
1153043,506000
1155436,506100
1156264,506200
1157098,506300
1157752,506400
1158347,506500
1159036,506600
1159516,506700
1159961,506800
1160437,506900
1161149,507000
1162833,507100
1163451,507200
1164047,507300
1164617,507400
1165147,507500
1165681,507600
1166422,507700
1167275,507800
1167863,507900
1168504,508000
1170426,508100
1171248,508200
1172417,508300
1173277,508400
1173994,508500
1174785,508600
1175437,508700
1176084,508800
1176667,508900
1177243,509000
1179501,509100
1180404,509200
1181242,509300
1181930,509400
1182600,509500
1183348,509600
1184279,509700
1184920,509800
1185621,509900
1186238,510000
1188128,510100
1188939,510200
1189998,510300
1190659,510400
1191150,510500
1191660,510600
1192092,510700
1192609,510800
1192960,510900
1193401,511000
1195320,511100
1195955,511200
1196664,511300
1197489,511400
1198063,511500
1198491,511600
1199078,511700
1199667,511800
1200198,511900
1200703,512000
1202439,512100
1202950,512200
1203602,512300
1204161,512400
1204762,512500
1205293,512600
1205896,512700
1206428,512800
1207042,512900
1207549,513000
1209265,513100
1210031,513200
1210501,513300
1211178,513400
1211572,513500
1211933,513600
1212465,513700
1212769,513800
1213079,513900
1213345,514000
1214875,514100
1215292,514200
1215773,514300
1216231,514400
1216690,514500
1217216,514600
1217649,514700
1218345,514800
1218754,514900
1219090,515000
1220402,515100
1220795,515200
1221218,515300
1221578,515400
1221973,515500
1222517,515600
1222946,515700
1223334,515800
1224023,515900
1224392,516000
1225652,516100
1225963,516200
1226284,516300
1226611,516400
1227012,516500
1227384,516600
1227758,516700
1228100,516800
1228498,516900
1228869,517000
1230422,517100
1230750,517200
1231127,517300
1231541,517400
1231992,517500
1232445,517600
1232813,517700
1233280,517800
1233683,517900
1234028,518000
1235760,518100
1236224,518200
1236671,518300
1237125,518400
1237728,518500
1238238,518600
1238712,518700
1239090,518800
1239516,518900
1239991,519000
1241728,519100
1242362,519200
1242876,519300
1243198,519400
1243551,519500
1243936,519600
1244337,519700
1244835,519800
1245345,519900
1245784,520000
1247637,520100
1248227,520200
1248727,520300
1249027,520400
1249436,520500
1249867,520600
1250257,520700
1250680,520800
1251062,520900
1251455,521000
1253436,521100
1254080,521200
1254693,521300
1255234,521400
1255691,521500
1256045,521600
1256489,521700
1257031,521800
1257387,521900
1257748,522000
1259376,522100
1259947,522200
1260566,522300
1260986,522400
1261337,522500
1261801,522600
1262312,522700
1262635,522800
1263003,522900
1263333,523000
1264820,523100
1265485,523200
1266005,523300
1266341,523400
1266725,523500
1267084,523600
1267508,523700
1267871,523800
1268288,523900
1268687,524000
1270321,524100
1270739,524200
1271000,524300
1271379,524400
1271749,524500
1271972,524600
1272266,524700
1272580,524800
1272987,524900
1273412,525000
1274887,525100
1275607,525200
1275984,525300
1276348,525400
1276869,525500
1277145,525600
1277504,525700
1278025,525800
1278822,525900
1279428,526000
1281487,526100
1282230,526200
1282901,526300
1283625,526400
1284359,526500
1284932,526600
1285369,526700
1285798,526800
1286354,526900
1287025,527000
1288550,527100
1289261,527200
1289716,527300
1290241,527400
1290705,527500
1291225,527600
1291542,527700
1291875,527800
1292149,527900
1292787,528000
1294267,528100
1294666,528200
1295451,528300
1296137,528400
1296595,528500
1296991,528600
1297326,528700
1297755,528800
1298323,528900
1298602,529000
1300021,529100
1300629,529200
1301414,529300
1302088,529400
1302691,529500
1303095,529600
1303466,529700
1304145,529800
1304632,529900
1305072,530000
1306627,530100
1307229,530200
1308017,530300
1308740,530400
1309318,530500
1310057,530600
1310500,530700
1311002,530800
1311275,530900
1311521,531000
1312896,531100
1313436,531200
1314012,531300
1314510,531400
1315366,531500
1316213,531600
1316859,531700
1317458,531800
1318088,531900
1318605,532000
1320135,532100
1320648,532200
1321425,532300
1321990,532400
1322525,532500
1322966,532600
1323350,532700
1323706,532800
1324088,532900
1324425,533000
1325765,533100
1326108,533200
1326773,533300
1327363,533400
1327963,533500
1328540,533600
1329061,533700
1329459,533800
1329903,533900
1330366,534000
1331913,534100
1332567,534200
1333140,534300
1333731,534400
1334344,534500
1334983,534600
1335485,534700
1335965,534800
1336458,534900
1336900,535000
1338830,535100
1339230,535200
1339566,535300
1340165,535400
1340787,535500
1341364,535600
1341831,535700
1342237,535800
1342634,535900
1343041,536000
1344732,536100
1345106,536200
1345424,536300
1345720,536400
1346122,536500
1346542,536600
1347015,536700
1347537,536800
1347914,536900
1348304,537000
1350099,537100
1350556,537200
1350964,537300
1351328,537400
1351689,537500
1352107,537600
1352612,537700
1352985,537800
1353425,537900
1353880,538000
1355669,538100
1356167,538200
1356683,538300
1357154,538400
1357627,538500
1358072,538600
1358471,538700
1358984,538800
1359429,538900
1359885,539000
1361678,539100
1362083,539200
1362593,539300
1363086,539400
1363541,539500
1363966,539600
1364384,539700
1364779,539800
1365352,539900
1365926,540000
1367825,540100
1368309,540200
1368765,540300
1369397,540400
1369753,540500
1370126,540600
1370450,540700
1370801,540800
1371260,540900
1371710,541000
1373409,541100
1373814,541200
1374301,541300
1374752,541400
1375238,541500
1375694,541600
1376023,541700
1376486,541800
1376968,541900
1377563,542000
1379315,542100
1379868,542200
1380403,542300
1381061,542400
1381655,542500
1382148,542600
1382680,542700
1383129,542800
1384044,542900
1384507,543000
1386195,543100
1386710,543200
1387218,543300
1387684,543400
1388296,543500
1388742,543600
1389470,543700
1389876,543800
1390188,543900
1390656,544000
1392246,544100
1392667,544200
1393174,544300
1393637,544400
1394088,544500
1395006,544600
1395513,544700
1395962,544800
1396475,544900
1397121,545000
1398836,545100
1399456,545200
1399982,545300
1400736,545400
1401295,545500
1401724,545600
1402183,545700
1402640,545800
1403165,545900
1403684,546000
1405905,546100
1406673,546200
1407364,546300
1408117,546400
1408850,546500
1409474,546600
1409920,546700
1410451,546800
1411006,546900
1411802,547000
1413667,547100
1414419,547200
1415196,547300
1415919,547400
1416587,547500
1417490,547600
1418091,547700
1418565,547800
1419250,547900
1419759,548000
1421463,548100
1422028,548200
1422806,548300
1423480,548400
1424172,548500
1424765,548600
1425240,548700
1426005,548800
1426611,548900
1427152,549000
1429295,549100
1429975,549200
1430628,549300
1431308,549400
1431875,549500
1432321,549600
1432776,549700
1433248,549800
1434095,549900
1434687,550000
1436639,550100
1437500,550200
1438289,550300
1439269,550400
1440001,550500
1440518,550600
1441260,550700
1441999,550800
1442802,550900
1443477,551000
1445668,551100
1446446,551200
1447217,551300
1447893,551400
1448631,551500
1449367,551600
1450228,551700
1450780,551800
1451473,551900
1452094,552000
1454009,552100
1454722,552200
1455847,552300
1456449,552400
1457149,552500
1457829,552600
1458481,552700
1459127,552800
1459859,552900
1460430,553000
1462642,553100
1463348,553200
1464045,553300
1464718,553400
1465376,553500
1466060,553600
1466964,553700
1467508,553800
1468075,553900
1468606,554000
1470577,554100
1471495,554200
1472579,554300
1473403,554400
1474291,554500
1475018,554600
1475679,554700
1476306,554800
1477052,554900
1477936,555000
1479633,555100
1480334,555200
1480993,555300
1481748,555400
1482477,555500
1483076,555600
1483985,555700
1484655,555800
1485128,555900
1485673,556000
1487397,556100
1487879,556200
1488393,556300
1489258,556400
1489757,556500
1490306,556600
1490961,556700
1491580,556800
1492225,556900
1492865,557000
1495040,557100
1495606,557200
1496102,557300
1496648,557400
1497228,557500
1497685,557600
1498200,557700
1498708,557800
1499167,557900
1500001,558000
1501963,558100
1502563,558200
1503210,558300
1503910,558400
1504592,558500
1505614,558600
1506368,558700
1507108,558800
1507838,558900
1508625,559000
1510541,559100
1511541,559200
1512116,559300
1512723,559400
1513418,559500
1514086,559600
1514861,559700
1515534,559800
1516102,559900
1516906,560000
1518862,560100
1519498,560200
1520093,560300
1520704,560400
1521463,560500
1522511,560600
1523171,560700
1523741,560800
1524323,560900
1524932,561000
1527238,561100
1528022,561200
1528613,561300
1529164,561400
1529679,561500
1530291,561600
1530889,561700
1531373,561800
1531968,561900
1532526,562000
1534487,562100
1535367,562200
1535999,562300
1536719,562400
1537344,562500
1538123,562600
1539416,562700
1540204,562800
1540863,562900
1541409,563000
1543450,563100
1544453,563200
1545120,563300
1545536,563400
1546148,563500
1546715,563600
1547485,563700
1548076,563800
1548786,563900
1549495,564000
1551611,564100
1552317,564200
1552928,564300
1553564,564400
1554236,564500
1554852,564600
1555828,564700
1556491,564800
1557211,564900
1557727,565000
1559525,565100
1560076,565200
1561109,565300
1561688,565400
1562220,565500
1562833,565600
1563556,565700
1564151,565800
1564917,565900
1565505,566000
1567758,566100
1568500,566200
1569255,566300
1569973,566400
1570611,566500
1571491,566600
1572568,566700
1573290,566800
1573941,566900
1574758,567000
1576700,567100
1577378,567200
1578301,567300
1578933,567400
1579444,567500
1580232,567600
1580959,567700
1581474,567800
1582136,567900
1582696,568000
1584509,568100
1585297,568200
1585906,568300
1586526,568400
1587147,568500
1587650,568600
1588339,568700
1589316,568800
1589896,568900
1590626,569000
1592565,569100
1593290,569200
1594012,569300
1595019,569400
1595716,569500
1596377,569600
1597029,569700
1597706,569800
1598380,569900
1599052,570000
1601631,570100
1602606,570200
1603570,570300
1604572,570400
1605645,570500
1606409,570600
1607098,570700
1607921,570800
1608779,570900
1609451,571000
1611978,571100
1612963,571200
1613851,571300
1614833,571400
1615493,571500
1616105,571600
1617151,571700
1617897,571800
1618535,571900
1619243,572000
1621320,572100
1622417,572200
1623254,572300
1624066,572400
1624808,572500
1625619,572600
1626255,572700
1626934,572800
1628027,572900
1628836,573000
1630952,573100
1631730,573200
1632507,573300
1633614,573400
1634416,573500
1635010,573600
1635561,573700
1636333,573800
1637017,573900
1637759,574000
1640163,574100
1640986,574200
1641822,574300
1642655,574400
1643661,574500
1644843,574600
1645677,574700
1646406,574800
1647099,574900
1647881,575000
1650431,575100
1651449,575200
1652443,575300
1653551,575400
1654487,575500
1655621,575600
1656528,575700
1657534,575800
1658574,575900
1659401,576000
1661894,576100
1663028,576200
1664154,576300
1665190,576400
1666117,576500
1667242,576600
1668118,576700
1668829,576800
1669573,576900
1670280,577000
1672710,577100
1673627,577200
1674419,577300
1675202,577400
1675979,577500
1676750,577600
1677448,577700
1678404,577800
1679032,577900
1679851,578000
1682181,578100
1683447,578200
1684762,578300
1685779,578400
1686549,578500
1687302,578600
1688109,578700
1689168,578800
1689995,578900
1690708,579000
1692978,579100
1693886,579200
1695133,579300
1695957,579400
1696691,579500
1697399,579600
1698079,579700
1698728,579800
1699350,579900
1700223,580000
1702405,580100
1703396,580200
1704307,580300
1705320,580400
1706464,580500
1707229,580600
1708042,580700
1709216,580800
1709971,580900
1710711,581000
1713089,581100
1714219,581200
1715194,581300
1716123,581400
1716931,581500
1717888,581600
1718733,581700
1719612,581800
1720584,581900
1721471,582000
1724132,582100
1725165,582200
1726363,582300
1727444,582400
1728878,582500
1730170,582600
1731210,582700
1732246,582800
1733114,582900
1734095,583000
1736534,583100
1737490,583200
1738461,583300
1739323,583400
1740453,583500
1741414,583600
1742178,583700
1742812,583800
1743483,583900
1744296,584000
1747042,584100
1747603,584200
1748211,584300
1748841,584400
1749445,584500
1750277,584600
1750966,584700
1751773,584800
1752770,584900
1753539,585000
1755841,585100
1756805,585200
1757866,585300
1758533,585400
1759211,585500
1760103,585600
1760819,585700
1761552,585800
1762362,585900
1763128,586000
1765564,586100
1766928,586200
1767665,586300
1768359,586400
1769706,586500
1770539,586600
1771380,586700
1771982,586800
1772718,586900
1773479,587000
1775935,587100
1776797,587200
1777520,587300
1778155,587400
1778931,587500
1779696,587600
1780760,587700
1781528,587800
1782211,587900
1782815,588000
1784914,588100
1785691,588200
1786638,588300
1787169,588400
1787643,588500
1788186,588600
1788694,588700
1789509,588800
1790228,588900
1791008,589000
1793757,589100
1794718,589200
1795588,589300
1796465,589400
1797091,589500
1797791,589600
1798303,589700
1798845,589800
1799603,589900
1800315,590000
1802501,590100
1803618,590200
1804454,590300
1805177,590400
1805971,590500
1806692,590600
1807393,590700
1807964,590800
1808676,590900
1809744,591000
1812030,591100
1813251,591200
1814260,591300
1815513,591400
1816458,591500
1817446,591600
1818121,591700
1818826,591800
1819770,591900
1820945,592000
1822937,592100
1823802,592200
1824529,592300
1825198,592400
1826128,592500
1826712,592600
1827150,592700
1827742,592800
1828401,592900
1829133,593000
1831099,593100
1832305,593200
1833254,593300
1834252,593400
1834980,593500
1835984,593600
1836632,593700
1837076,593800
1837878,593900
1838439,594000
1840710,594100
1841869,594200
1842751,594300
1843790,594400
1844379,594500
1845098,594600
1845723,594700
1846363,594800
1846913,594900
1847657,595000
1849735,595100
1850917,595200
1852045,595300
1853011,595400
1854029,595500
1855096,595600
1855860,595700
1856613,595800
1857269,595900
1857954,596000
1859848,596100
1860871,596200
1861786,596300
1862638,596400
1863437,596500
1864139,596600
1864752,596700
1865361,596800
1866405,596900
1866959,597000
1868839,597100
1869639,597200
1870618,597300
1871728,597400
1872512,597500
1873195,597600
1873787,597700
1874371,597800
1875171,597900
1875614,598000
1877786,598100
1878552,598200
1879190,598300
1879968,598400
1880719,598500
1881346,598600
1882041,598700
1882668,598800
1883457,598900
1884097,599000
1886068,599100
1886702,599200
1887530,599300
1888753,599400
1889600,599500
1890533,599600
1891376,599700
1892184,599800
1892797,599900
1893572,600000
1895736,600100
1896402,600200
1896978,600300
1897754,600400
1898448,600500
1899195,600600
1899713,600700
1900617,600800
1901358,600900
1902110,601000
1904390,601100
1905359,601200
1906603,601300
1907455,601400
1908415,601500
1909252,601600
1910082,601700
1910767,601800
1911878,601900
1912595,602000
1914767,602100
1915657,602200
1916598,602300
1917951,602400
1918838,602500
1919835,602600
1920693,602700
1921467,602800
1922177,602900
1923157,603000
1925360,603100
1926159,603200
1926985,603300
1928088,603400
1929174,603500
1930233,603600
1930876,603700
1931511,603800
1932621,603900
1933688,604000
1936408,604100
1938053,604200
1938857,604300
1939525,604400
1940525,604500
1941096,604600
1941686,604700
1942425,604800
1943281,604900
1943978,605000
1946092,605100
1946780,605200
1947550,605300
1948371,605400
1949309,605500
1950111,605600
1950705,605700
1951597,605800
1952158,605900
1952908,606000
1955057,606100
1955796,606200
1956715,606300
1957941,606400
1958813,606500
1959621,606600
1960421,606700
1961040,606800
1961643,606900
1962377,607000
1964473,607100
1965214,607200
1966130,607300
1967066,607400
1968139,607500
1969602,607600
1970712,607700
1971375,607800
1972036,607900
1972694,608000
1974644,608100
1975210,608200
1975838,608300
1976440,608400
1977127,608500
1978094,608600
1978805,608700
1979419,608800
1980343,608900
1980920,609000
1982828,609100
1983409,609200
1983897,609300
1984582,609400
1985693,609500
1986539,609600
1987092,609700
1987752,609800
1988547,609900
1989224,610000
1991636,610100
1992291,610200
1993385,610300
1994256,610400
1994997,610500
1995724,610600
1996304,610700
1997002,610800
1997468,610900
1998119,611000
1999928,611100
2000775,611200
2001578,611300
2002163,611400
2003153,611500
2003988,611600
2004863,611700
2005767,611800
2006578,611900
2007464,612000
2009837,612100
2010568,612200
2011377,612300
2012053,612400
2012559,612500
2013307,612600
2014264,612700
2015202,612800
2016078,612900
2016855,613000
2019023,613100
2020005,613200
2020925,613300
2021650,613400
2022406,613500
2023065,613600
2023733,613700
2024430,613800
2025414,613900
2026269,614000
2028490,614100
2029461,614200
2030445,614300
2031771,614400
2032448,614500
2033054,614600
2033735,614700
2034426,614800
2035319,614900
2036114,615000
2038424,615100
2039196,615200
2040324,615300
2041257,615400
2041996,615500
2043253,615600
2044025,615700
2044843,615800
2045697,615900
2046651,616000
2048870,616100
2049664,616200
2050561,616300
2051534,616400
2052434,616500
2053124,616600
2054146,616700
2054871,616800
2055692,616900
2056556,617000
2058821,617100
2060168,617200
2061104,617300
2061851,617400
2062579,617500
2063274,617600
2063873,617700
2064523,617800
2065355,617900
2066150,618000
2068516,618100
2069660,618200
2071136,618300
2071895,618400
2072560,618500
2073193,618600
2073812,618700
2074431,618800
2075087,618900
2075872,619000
2078310,619100
2079251,619200
2080243,619300
2081156,619400
2081992,619500
2083322,619600
2084025,619700
2084702,619800
2085600,619900
2086430,620000
2089532,620100
2090952,620200
2091800,620300
2092556,620400
2093177,620500
2094028,620600
2094587,620700
2095034,620800
2095811,620900
2096637,621000
2098782,621100
2100010,621200
2101040,621300
2102142,621400
2103258,621500
2104154,621600
2105225,621700
2106060,621800
2106920,621900
2107775,622000
2111175,622100
2112436,622200
2113606,622300
2114593,622400
2115386,622500
2116039,622600
2117088,622700
2118127,622800
2119026,622900
2119865,623000
2122460,623100
2123361,623200
2124161,623300
2125130,623400
2125908,623500
2126741,623600
2127981,623700
2129019,623800
2129898,623900
2130933,624000
2133044,624100
2134145,624200
2135152,624300
2136180,624400
2136838,624500
2137428,624600
2138211,624700
2138923,624800
2139929,624900
2140743,625000
2142657,625100
2143667,625200
2144446,625300
2145401,625400
2146106,625500
2146809,625600
2147473,625700
2148204,625800
2148901,625900
2149624,626000
2152527,626100
2153703,626200
2154754,626300
2155937,626400
2157284,626500
2157940,626600
2158530,626700
2159319,626800
2160223,626900
2161029,627000
2163380,627100
2164315,627200
2165425,627300
2166611,627400
2167995,627500
2169382,627600
2170769,627700
2171889,627800
2172893,627900
2174176,628000
2176406,628100
2177308,628200
2178277,628300
2179402,628400
2180238,628500
2181260,628600
2182207,628700
2183061,628800
2183738,628900
2184870,629000
2187283,629100
2188277,629200
2189403,629300
2190844,629400
2191871,629500
2192750,629600
2193652,629700
2194598,629800
2195416,629900
2196534,630000
2199172,630100
2200376,630200
2201631,630300
2203423,630400
2204534,630500
2205409,630600
2206277,630700
2207596,630800
2208634,630900
2209497,631000
2212084,631100
2213489,631200
2214550,631300
2215764,631400
2216957,631500
2218061,631600
2219292,631700
2220232,631800
2221055,631900
2221980,632000
2224419,632100
2225871,632200
2227236,632300
2228098,632400
2228740,632500
2229481,632600
2230614,632700
2231595,632800
2232478,632900
2233152,633000
2235373,633100
2236380,633200
2237191,633300
2237780,633400
2238489,633500
2239161,633600
2239893,633700
2240692,633800
2241447,633900
2242379,634000
2245352,634100
2246975,634200
2248461,634300
2249473,634400
2250517,634500
2251203,634600
2251698,634700
2252265,634800
2253302,634900
2254024,635000
2256332,635100
2257548,635200
2258942,635300
2259991,635400
2260983,635500
2262132,635600
2262898,635700
2263722,635800
2264963,635900
2266017,636000
2268388,636100
2269499,636200
2270727,636300
2271745,636400
2272504,636500
2273168,636600
2273737,636700
2274442,636800
2275317,636900
2276357,637000
2278579,637100
2279612,637200
2280477,637300
2281893,637400
2282757,637500
2283631,637600
2284428,637700
2285073,637800
2286275,637900
2287327,638000
2289798,638100
2291052,638200
2292270,638300
2293585,638400
2294738,638500
2295515,638600
2296373,638700
2297135,638800
2297880,638900
2298823,639000
2301026,639100
2302241,639200
2303399,639300
2304881,639400
2306042,639500
2307063,639600
2308031,639700
2308990,639800
2310201,639900
2311223,640000
2313676,640100
2314634,640200
2315817,640300
2316745,640400
2317563,640500
2318513,640600
2319353,640700
2320230,640800
2321333,640900
2322292,641000
2324726,641100
2326087,641200
2327432,641300
2328430,641400
2329370,641500
2330473,641600
2331360,641700
2332613,641800
2333548,641900
2334448,642000
2337013,642100
2338523,642200
2339722,642300
2340962,642400
2342121,642500
2343233,642600
2344576,642700
2345591,642800
2346625,642900
2347562,643000
2350605,643100
2352006,643200
2353320,643300
2354596,643400
2355982,643500
2357089,643600
2358112,643700
2359108,643800
2360476,643900
2361677,644000
2364220,644100
2365319,644200
2366404,644300
2367780,644400
2368639,644500
2369528,644600
2370512,644700
2371384,644800
2372540,644900
2373454,645000
2375865,645100
2377016,645200
2378509,645300
2379547,645400
2380715,645500
2381613,645600
2382567,645700
2383386,645800
2384478,645900
2385572,646000
2388707,646100
2390156,646200
2391421,646300
2392676,646400
2393803,646500
2394767,646600
2395915,646700
2396861,646800
2397746,646900
2398671,647000
2401424,647100
2402615,647200
2403814,647300
2405078,647400
2406615,647500
2407777,647600
2408751,647700
2409899,647800
2410826,647900
2411734,648000
2413921,648100
2414745,648200
2415693,648300
2416550,648400
2417534,648500
2418786,648600
2419646,648700
2420576,648800
2421442,648900
2422377,649000
2425241,649100
2426268,649200
2427294,649300
2428324,649400
2429547,649500
2430471,649600
2431395,649700
2432307,649800
2433188,649900
2433948,650000
2436747,650100
2437796,650200
2438936,650300
2440037,650400
2441326,650500
2442177,650600
2442994,650700
2443888,650800
2444752,650900
2445683,651000
2448424,651100
2449719,651200
2450755,651300
2451766,651400
2453216,651500
2454438,651600
2455556,651700
2456551,651800
2457561,651900
2458802,652000
2461407,652100
2462728,652200
2464521,652300
2465784,652400
2466982,652500
2467945,652600
2468806,652700
2470103,652800
2470973,652900
2471829,653000
2474302,653100
2475489,653200
2476402,653300
2477346,653400
2478332,653500
2479296,653600
2480304,653700
2481644,653800
2482733,653900
2483664,654000
2486666,654100
2488060,654200
2489356,654300
2490440,654400
2491539,654500
2492927,654600
2494012,654700
2495073,654800
2496084,654900
2497003,655000
2499757,655100
2501061,655200
2502412,655300
2504122,655400
2505400,655500
2506892,655600
2508431,655700
2509882,655800
2510936,655900
2512305,656000
2515497,656100
2516758,656200
2517819,656300
2518950,656400
2520065,656500
2521456,656600
2523023,656700
2524121,656800
2525239,656900
2526618,657000
2529660,657100
2530990,657200
2532594,657300
2534068,657400
2535507,657500
2536663,657600
2538010,657700
2539125,657800
2540302,657900
2541330,658000
2544737,658100
2545926,658200
2546965,658300
2548064,658400
2549495,658500
2550526,658600
2551774,658700
2552987,658800
2554070,658900
2555217,659000
2557754,659100
2559009,659200
2560598,659300
2562047,659400
2563474,659500
2564542,659600
2565525,659700
2566794,659800
2567901,659900
2568833,660000
2571892,660100
2573410,660200
2574742,660300
2575950,660400
2577388,660500
2578463,660600
2579508,660700
2580519,660800
2581487,660900
2582404,661000
2584989,661100
2586209,661200
2587390,661300
2589172,661400
2590419,661500
2591609,661600
2592958,661700
2594656,661800
2595845,661900
2597291,662000
2600805,662100
2602648,662200
2604378,662300
2605657,662400
2606747,662500
2607790,662600
2608903,662700
2610125,662800
2611527,662900
2612584,663000
2615385,663100
2617731,663200
2619669,663300
2621193,663400
2622834,663500
2624312,663600
2625576,663700
2626793,663800
2627923,663900
2629350,664000
2632353,664100
2634079,664200
2635624,664300
2637150,664400
2638478,664500
2639981,664600
2641131,664700
2642337,664800
2643675,664900
2644982,665000
2648496,665100
2650409,665200
2652369,665300
2653909,665400
2655458,665500
2657126,665600
2658309,665700
2659435,665800
2661208,665900
2662695,666000
2665532,666100
2667055,666200
2668925,666300
2670545,666400
2671955,666500
2673284,666600
2674711,666700
2675868,666800
2677036,666900
2678192,667000
2681275,667100
2682712,667200
2684125,667300
2686006,667400
2687231,667500
2688340,667600
2689454,667700
2690767,667800
2691880,667900
2693012,668000
2696024,668100
2697741,668200
2698996,668300
2700198,668400
2701331,668500
2702696,668600
2703858,668700
2704981,668800
2706028,668900
2707177,669000
2710412,669100
2711909,669200
2713525,669300
2715039,669400
2716392,669500
2717579,669600
2718700,669700
2720337,669800
2721671,669900
2723009,670000
2726625,670100
2728802,670200
2730821,670300
2732451,670400
2733988,670500
2735426,670600
2737106,670700
2738344,670800
2739586,670900
2740928,671000
2744089,671100
2745627,671200
2746854,671300
2748434,671400
2749729,671500
2750864,671600
2752338,671700
2753899,671800
2755091,671900
2756188,672000
2759376,672100
2761041,672200
2762291,672300
2763566,672400
2765042,672500
2766179,672600
2767256,672700
2768371,672800
2769428,672900
2770876,673000
2773772,673100
2775333,673200
2776998,673300
2778268,673400
2779442,673500
2780469,673600
2781857,673700
2782959,673800
2784040,673900
2785878,674000
2789226,674100
2790779,674200
2792293,674300
2794152,674400
2795476,674500
2797072,674600
2798674,674700
2799976,674800
2801097,674900
2802236,675000
2805455,675100
2806947,675200
2808284,675300
2810013,675400
2811445,675500
2812746,675600
2814026,675700
2815259,675800
2816649,675900
2817772,676000
2820383,676100
2821733,676200
2822822,676300
2823898,676400
2824874,676500
2825811,676600
2826783,676700
2827967,676800
2829158,676900
2830272,677000
2833322,677100
2834854,677200
2836317,677300
2837785,677400
2839433,677500
2840655,677600
2841993,677700
2843109,677800
2844598,677900
2845763,678000
2848703,678100
2850652,678200
2852127,678300
2853441,678400
2854512,678500
2855889,678600
2857096,678700
2858339,678800
2859590,678900
2860678,679000
2863591,679100
2865051,679200
2866433,679300
2867806,679400
2868962,679500
2870187,679600
2871281,679700
2872405,679800
2873717,679900
2874766,680000
2877416,680100
2878931,680200
2880316,680300
2881612,680400
2882770,680500
2884130,680600
2885248,680700
2886373,680800
2887419,680900
2888496,681000
2891484,681100
2892719,681200
2894261,681300
2895949,681400
2897139,681500
2898335,681600
2899598,681700
2900878,681800
2902562,681900
2903739,682000
2907406,682100
2909074,682200
2910646,682300
2912852,682400
2913951,682500
2915017,682600
2916092,682700
2917583,682800
2919129,682900
2920210,683000
2923207,683100
2925193,683200
2926875,683300
2928288,683400
2929875,683500
2931176,683600
2932163,683700
2933381,683800
2934463,683900
2935935,684000
2938657,684100
2940153,684200
2941805,684300
2942927,684400
2944008,684500
2944978,684600
2946011,684700
2947340,684800
2948492,684900
2949438,685000
2952446,685100
2953737,685200
2954847,685300
2955883,685400
2957332,685500
2959148,685600
2960570,685700
2961567,685800
2962527,685900
2963963,686000
2966684,686100
2968156,686200
2969750,686300
2971014,686400
2971973,686500
2972932,686600
2974155,686700
2975415,686800
2976717,686900
2977726,687000
2980748,687100
2982055,687200
2983212,687300
2984520,687400
2985755,687500
2987162,687600
2988084,687700
2989156,687800
2990185,687900
2991133,688000
2993659,688100
2995548,688200
2996666,688300
2998089,688400
2999413,688500
3000440,688600
3001414,688700
3002434,688800
3003791,688900
3004775,689000
3007536,689100
3009114,689200
3010143,689300
3011089,689400
3012059,689500
3013031,689600
3014244,689700
3015410,689800
3016982,689900
3017947,690000
3021038,690100
3022163,690200
3023271,690300
3024270,690400
3025086,690500
3026448,690600
3027409,690700
3028396,690800
3029473,690900
3030267,691000
3032859,691100
3034190,691200
3035109,691300
3035826,691400
3036447,691500
3036985,691600
3037962,691700
3038724,691800
3040131,691900
3040965,692000
3043496,692100
3044483,692200
3045516,692300
3046438,692400
3047315,692500
3048083,692600
3049056,692700
3050068,692800
3050813,692900
3051643,693000
3053861,693100
3055153,693200
3056071,693300
3056778,693400
3057510,693500
3058325,693600
3058800,693700
3059569,693800
3060771,693900
3061429,694000
3063732,694100
3064846,694200
3066425,694300
3067720,694400
3068770,694500
3069837,694600
3070730,694700
3071840,694800
3072523,694900
3073530,695000
3076044,695100
3077759,695200
3079153,695300
3080292,695400
3081451,695500
3082669,695600
3083879,695700
3084711,695800
3085407,695900
3086426,696000
3089540,696100
3092021,696200
3093322,696300
3094704,696400
3095977,696500
3097122,696600
3098198,696700
3099256,696800
3100305,696900
3100887,697000
3103121,697100
3104279,697200
3105275,697300
3106467,697400
3107370,697500
3108408,697600
3109199,697700
3109866,697800
3110910,697900
3111943,698000
3114171,698100
3115532,698200
3116886,698300
3118518,698400
3120004,698500
3121297,698600
3122479,698700
3123870,698800
3124937,698900
3125698,699000
3127996,699100
3129653,699200
3130672,699300
3131894,699400
3132801,699500
3133859,699600
3135240,699700
3136182,699800
3137078,699900
3138019,700000
3140503,700100
3141484,700200
3142544,700300
3143804,700400
3144829,700500
3146273,700600
3147327,700700
3148334,700800
3149365,700900
3150299,701000
3152812,701100
3153835,701200
3154718,701300
3155628,701400
3157185,701500
3158244,701600
3159286,701700
3160127,701800
3161027,701900
3161864,702000
3164441,702100
3165421,702200
3166569,702300
3167581,702400
3169238,702500
3170297,702600
3171342,702700
3172582,702800
3173779,702900
3174889,703000
3177741,703100
3178694,703200
3179665,703300
3181131,703400
3182573,703500
3183758,703600
3184759,703700
3186111,703800
3187579,703900
3188956,704000
3192191,704100
3193750,704200
3194855,704300
3195747,704400
3197428,704500
3198700,704600
3199891,704700
3201046,704800
3202054,704900
3203410,705000
3206501,705100
3208198,705200
3210516,705300
3211499,705400
3212391,705500
3213730,705600
3215267,705700
3216339,705800
3217631,705900
3218961,706000
3222208,706100
3223883,706200
3225673,706300
3227138,706400
3228209,706500
3228986,706600
3230213,706700
3231456,706800
3232660,706900
3233836,707000
3236319,707100
3238078,707200
3239343,707300
3240315,707400
3241438,707500
3242365,707600
3243595,707700
3244918,707800
3246005,707900
3246995,708000
3250236,708100
3251694,708200
3253149,708300
3254839,708400
3255718,708500
3256513,708600
3257402,708700
3258492,708800
3260195,708900
3261693,709000
3265909,709100
3267350,709200
3268784,709300
3270119,709400
3271417,709500
3272339,709600
3273101,709700
3274035,709800
3275263,709900
3276266,710000
3279982,710100
3281619,710200
3283353,710300
3284858,710400
3286685,710500
3287812,710600
3288918,710700
3290013,710800
3291295,710900
3292311,711000
3295311,711100
3296731,711200
3297928,711300
3299368,711400
3300629,711500
3301554,711600
3302399,711700
3303375,711800
3304520,711900
3305995,712000
3308541,712100
3309901,712200
3311550,712300
3312575,712400
3313535,712500
3314492,712600
3316087,712700
3317514,712800
3318463,712900
3319423,713000
3322045,713100
3323684,713200
3324735,713300
3325697,713400
3326603,713500
3327907,713600
3329169,713700
3329997,713800
3330910,713900
3331835,714000
3334727,714100
3336263,714200
3337754,714300
3339845,714400
3341306,714500
3342437,714600
3343480,714700
3344297,714800
3345699,714900
3346756,715000
3349617,715100
3351307,715200
3352743,715300
3353958,715400
3355495,715500
3357057,715600
3358071,715700
3359046,715800
3360057,715900
3360992,716000
3365268,716100
3366612,716200
3368226,716300
3369551,716400
3371049,716500
3372137,716600
3372715,716700
3373397,716800
3374353,716900
3375109,717000
3377970,717100
3379859,717200
3381430,717300
3382728,717400
3383846,717500
3384760,717600
3385956,717700
3386874,717800
3387589,717900
3388361,718000
3391976,718100
3393507,718200
3394796,718300
3396283,718400
3397433,718500
3398491,718600
3399508,718700
3400398,718800
3401196,718900
3401900,719000
3404393,719100
3405667,719200
3407059,719300
3408649,719400
3409610,719500
3410354,719600
3411478,719700
3412771,719800
3414611,719900
3415644,720000
3418077,720100
3419756,720200
3421033,720300
3422283,720400
3423355,720500
3424447,720600
3425993,720700
3427064,720800
3427919,720900
3428744,721000
3431505,721100
3432854,721200
3434121,721300
3435340,721400
3436668,721500
3437619,721600
3438742,721700
3439619,721800
3441386,721900
3442813,722000
3445197,722100
3446445,722200
3448816,722300
3451314,722400
3454569,722500
3460205,722600
3462194,722700
3463780,722800
3465593,722900
3466644,723000
3468878,723100
3470022,723200
3471340,723300
3472472,723400
3473774,723500
3474661,723600
3475774,723700
3476934,723800
3478033,723900
3479071,724000
3481430,724100
3482841,724200
3484084,724300
3485525,724400
3486490,724500
3487218,724600
3488435,724700
3489707,724800
3490824,724900
3491765,725000
3494497,725100
3495540,725200
3496498,725300
3497682,725400
3499866,725500
3501471,725600
3502515,725700
3503537,725800
3504679,725900
3505577,726000
3508181,726100
3509227,726200
3510838,726300
3512285,726400
3513665,726500
3514962,726600
3516426,726700
3517544,726800
3518611,726900
3519448,727000
3521959,727100
3523046,727200
3524042,727300
3525516,727400
3526810,727500
3528110,727600
3529115,727700
3530180,727800
3531079,727900
3532045,728000
3534718,728100
3535458,728200
3536448,728300
3537545,728400
3538344,728500
3539764,728600
3540742,728700
3541549,728800
3542668,728900
3543737,729000
3545995,729100
3547162,729200
3548306,729300
3549591,729400
3551028,729500
3552193,729600
3553318,729700
3554447,729800
3555993,729900
3557091,730000
3560063,730100
3561769,730200
3563064,730300
3564135,730400
3565445,730500
3566766,730600
3567951,730700
3568930,730800
3570027,730900
3571065,731000
3573969,731100
3574897,731200
3575882,731300
3577166,731400
3579086,731500
3580320,731600
3581366,731700
3582536,731800
3583673,731900
3584783,732000
3587153,732100
3588143,732200
3589017,732300
3590260,732400
3591536,732500
3592697,732600
3593553,732700
3594458,732800
3595724,732900
3596613,733000
3599357,733100
3600206,733200
3601427,733300
3602218,733400
3603087,733500
3603984,733600
3605068,733700
3605880,733800
3606858,733900
3608158,734000
3610782,734100
3612398,734200
3613992,734300
3615105,734400
3616194,734500
3617556,734600
3618903,734700
3619925,734800
3620819,734900
3621932,735000
3625162,735100
3626643,735200
3627789,735300
3628974,735400
3630232,735500
3631195,735600
3632690,735700
3633717,735800
3634510,735900
3636213,736000
3639515,736100
3640822,736200
3642341,736300
3643512,736400
3644595,736500
3645690,736600
3646770,736700
3648059,736800
3649019,736900
3650037,737000
3653079,737100
3654864,737200
3656138,737300
3657563,737400
3658931,737500
3659838,737600
3660708,737700
3661821,737800
3662903,737900
3663716,738000
3666503,738100
3667850,738200
3668928,738300
3670291,738400
3671386,738500
3672587,738600
3673798,738700
3674975,738800
3676373,738900
3677410,739000
3680229,739100
3681974,739200
3683023,739300
3683792,739400
3684888,739500
3686289,739600
3691192,739700
3692166,739800
3693162,739900
3693954,740000
3696347,740100
3697343,740200
3698962,740300
3700685,740400
3701992,740500
3703526,740600
3705356,740700
3706832,740800
3707920,740900
3709115,741000
3712211,741100
3713454,741200
3714631,741300
3716000,741400
3716889,741500
3717703,741600
3718533,741700
3719515,741800
3720783,741900
3721916,742000
3724368,742100
3726076,742200
3729198,742300
3733733,742400
3736980,742500
3739262,742600
3740632,742700
3741891,742800
3742883,742900
3744006,743000
3746684,743100
3748088,743200
3749663,743300
3750794,743400
3751699,743500
3752563,743600
3753566,743700
3754848,743800
3756319,743900
3757295,744000
3759986,744100
3762375,744200
3763554,744300
3764392,744400
3765347,744500
3766531,744600
3767930,744700
3769110,744800
3770598,744900
3772215,745000
3775147,745100
3776287,745200
3777291,745300
3778673,745400
3779664,745500
3780849,745600
3782062,745700
3783829,745800
3784870,745900
3785843,746000
3788671,746100
3790092,746200
3790943,746300
3791854,746400
3793021,746500
3793898,746600
3795300,746700
3796083,746800
3797129,746900
3798302,747000
3801283,747100
3802541,747200
3803767,747300
3804966,747400
3806398,747500
3807359,747600
3808463,747700
3809360,747800
3810657,747900
3811734,748000
3814179,748100
3815444,748200
3816333,748300
3816997,748400
3818056,748500
3819148,748600
3819999,748700
3821314,748800
3822565,748900
3823891,749000
3826223,749100
3827646,749200
3828586,749300
3829982,749400
3830946,749500
3831950,749600
3832904,749700
3834309,749800
3835767,749900
3837001,750000
3839499,750100
3841073,750200
3842136,750300
3843359,750400
3844702,750500
3845894,750600
3847259,750700
3848652,750800
3849706,750900
3850803,751000
3853717,751100
3854779,751200
3856333,751300
3857760,751400
3858432,751500
3859424,751600
3860321,751700
3861327,751800
3862361,751900
3863609,752000
3866412,752100
3867571,752200
3869105,752300
3870347,752400
3871132,752500
3871836,752600
3872506,752700
3873711,752800
3875066,752900
3876070,753000
3878780,753100
3880539,753200
3881679,753300
3882764,753400
3883700,753500
3884303,753600
3885076,753700
3886155,753800
3887194,753900
3888955,754000
3892054,754100
3893501,754200
3895209,754300
3896988,754400
3898331,754500
3899325,754600
3900381,754700
3901421,754800
3902606,754900
3903917,755000
3906528,755100
3907975,755200
3909702,755300
3911111,755400
3912209,755500
3913120,755600
3914193,755700
3915479,755800
3916693,755900
3917818,756000
3920756,756100
3921913,756200
3923028,756300
3923985,756400
3924805,756500
3925623,756600
3926612,756700
3927378,756800
3928276,756900
3929056,757000
3932150,757100
3932909,757200
3933955,757300
3935117,757400
3937028,757500
3938296,757600
3939027,757700
3939764,757800
3940498,757900
3941211,758000
3943983,758100
3945046,758200
3946465,758300
3948267,758400
3952201,758500
3956171,758600
3959239,758700
3960925,758800
3961996,758900
3963025,759000
3965952,759100
3969639,759200
3973191,759300
3977832,759400
3978943,759500
3979961,759600
3981345,759700
3982422,759800
3983663,759900
3984452,760000
3986949,760100
3988733,760200
3990276,760300
3991889,760400
3993076,760500
3994528,760600
3995452,760700
3996600,760800
3997560,760900
3998484,761000
4001250,761100
4002400,761200
4003496,761300
4004483,761400
4005819,761500
4006769,761600
4007761,761700
4008832,761800
4009792,761900
4011327,762000
4013957,762100
4015942,762200
4017882,762300
4019366,762400
4021382,762500
4022996,762600
4024405,762700
4025498,762800
4026443,762900
4027831,763000
4031148,763100
4033081,763200
4035426,763300
4037053,763400
4038606,763500
4040324,763600
4041642,763700
4042993,763800
4044196,763900
4045111,764000
4048238,764100
4049996,764200
4052012,764300
4053746,764400
4055412,764500
4057411,764600
4058867,764700
4060457,764800
4061558,764900
4063420,765000
4066599,765100
4068717,765200
4070173,765300
4071577,765400
4072737,765500
4078321,765600
4079929,765700
4081198,765800
4082249,765900
4083509,766000
4086978,766100
4089133,766200
4090176,766300
4091430,766400
4092402,766500
4093218,766600
4097707,766700
4103570,766800
4104766,766900
4105662,767000
4108582,767100
4109836,767200
4111195,767300
4112342,767400
4114085,767500
4115447,767600
4116665,767700
4118041,767800
4119439,767900
4120594,768000
4123889,768100
4125415,768200
4126659,768300
4127698,768400
4128775,768500
4129751,768600
4131320,768700
4132462,768800
4133226,768900
4133980,769000
4137037,769100
4138782,769200
4139865,769300
4141329,769400
4142891,769500
4144316,769600
4145303,769700
4146346,769800
4147048,769900
4148291,770000
4151596,770100
4152887,770200
4154651,770300
4156191,770400
4157425,770500
4159735,770600
4160816,770700
4161590,770800
4162437,770900
4163173,771000
4166190,771100
4171836,771200
4175505,771300
4177409,771400
4181075,771500
4183183,771600
4184360,771700
4185514,771800
4186538,771900
4187677,772000
4190110,772100
4190997,772200
4192355,772300
4193617,772400
4194777,772500
4195755,772600
4196620,772700
4197566,772800
4198965,772900
4199938,773000
4202362,773100
4203565,773200
4204875,773300
4205873,773400
4206883,773500
4207842,773600
4208651,773700
4209577,773800
4210658,773900
4211448,774000
4214209,774100
4215524,774200
4217356,774300
4218947,774400
4220690,774500
4222384,774600
4223525,774700
4224844,774800
4226053,774900
4227443,775000
4230281,775100
4231388,775200
4233091,775300
4234132,775400
4235251,775500
4236320,775600
4237316,775700
4238839,775800
4239753,775900
4240897,776000
4243735,776100
4244933,776200
4246144,776300
4247683,776400
4248541,776500
4249478,776600
4250810,776700
4251794,776800
4252889,776900
4253888,777000
4256832,777100
4257982,777200
4258989,777300
4260243,777400
4261414,777500
4262536,777600
4263665,777700
4264760,777800
4265925,777900
4267351,778000
4270490,778100
4272929,778200
4274477,778300
4276328,778400
4277683,778500
4279356,778600
4280622,778700
4281826,778800
4282933,778900
4284238,779000
4286974,779100
4288448,779200
4290119,779300
4291593,779400
4293273,779500
4294933,779600
4296626,779700
4297813,779800
4298872,779900
4300125,780000
4303941,780100
4305661,780200
4307030,780300
4308126,780400
4308936,780500
4310256,780600
4311755,780700
4313530,780800
4314909,780900
4316803,781000
4319920,781100
4321134,781200
4322361,781300
4323555,781400
4324707,781500
4325890,781600
4327199,781700
4328382,781800
4330035,781900
4331067,782000
4333661,782100
4335191,782200
4336539,782300
4337967,782400
4339466,782500
4341028,782600
4342373,782700
4343428,782800
4344710,782900
4345883,783000
4348637,783100
4350048,783200
4351574,783300
4353426,783400
4354805,783500
4355840,783600
4357001,783700
4358512,783800
4359796,783900
4361135,784000
4364752,784100
4366164,784200
4367422,784300
4368659,784400
4369865,784500
4370826,784600
4371808,784700
4373210,784800
4374612,784900
4376224,785000
4379018,785100
4380839,785200
4382302,785300
4383699,785400
4384996,785500
4386090,785600
4387590,785700
4388699,785800
4389911,785900
4391048,786000
4394404,786100
4396230,786200
4398112,786300
4399646,786400
4400775,786500
4401756,786600
4402606,786700
4403911,786800
4405020,786900
4406213,787000
4409411,787100
4411094,787200
4412662,787300
4414223,787400
4419494,787500
4420403,787600
4421738,787700
4422708,787800
4423694,787900
4424717,788000
4428008,788100
4429226,788200
4430478,788300
4431845,788400
4433050,788500
4433993,788600
4434898,788700
4435829,788800
4436767,788900
4438172,789000
4440817,789100
4442020,789200
4443296,789300
4444654,789400
4445783,789500
4446814,789600
4447665,789700
4448797,789800
4450140,789900
4451088,790000
4454448,790100
4456317,790200
4457979,790300
4459719,790400
4461560,790500
4463109,790600
4464134,790700
4465338,790800
4466662,790900
4467763,791000
4470873,791100
4472630,791200
4473954,791300
4475264,791400
4476486,791500
4477605,791600
4478944,791700
4479821,791800
4480909,791900
4482205,792000
4485505,792100
4487001,792200
4488281,792300
4489766,792400
4490858,792500
4491940,792600
4493081,792700
4494279,792800
4495630,792900
4496838,793000
4499664,793100
4501785,793200
4503253,793300
4504440,793400
4505624,793500
4507396,793600
4508913,793700
4510362,793800
4511386,793900
4512634,794000
4515966,794100
4517658,794200
4519999,794300
4521817,794400
4523401,794500
4524921,794600
4526289,794700
4527332,794800
4528394,794900
4529741,795000
4532953,795100
4534495,795200
4536589,795300
4538356,795400
4539692,795500
4541314,795600
4542596,795700
4543744,795800
4544804,795900
4545968,796000
4548942,796100
4550375,796200
4551853,796300
4553434,796400
4554714,796500
4555908,796600
4557166,796700
4558677,796800
4559804,796900
4561109,797000
4564761,797100
4566810,797200
4568226,797300
4569744,797400
4571110,797500
4572158,797600
4573231,797700
4574256,797800
4575475,797900
4576432,798000
4579451,798100
4581346,798200
4583127,798300
4584816,798400
4586234,798500
4588014,798600
4589573,798700
4590917,798800
4591974,798900
4593394,799000
4596663,799100
4598354,799200
4600122,799300
4602073,799400
4604230,799500
4605702,799600
4607146,799700
4608219,799800
4609613,799900
4610684,800000
4613944,800100
4615857,800200
4617573,800300
4619144,800400
4620528,800500
4621993,800600
4623238,800700
4624396,800800
4625470,800900
4626829,801000
4629981,801100
4631562,801200
4633185,801300
4634470,801400
4635596,801500
4636849,801600
4638627,801700
4639685,801800
4640645,801900
4641731,802000
4645088,802100
4646579,802200
4648299,802300
4650210,802400
4651675,802500
4653300,802600
4654671,802700
4656431,802800
4657815,802900
4658898,803000
4661927,803100
4663600,803200
4664898,803300
4666225,803400
4667650,803500
4668744,803600
4669995,803700
4671377,803800
4672761,803900
4673777,804000
4676485,804100
4678213,804200
4679878,804300
4681263,804400
4682310,804500
4683846,804600
4684971,804700
4686119,804800
4687107,804900
4688229,805000
4691198,805100
4693072,805200
4694383,805300
4696631,805400
4698281,805500
4700193,805600
4701818,805700
4703098,805800
4704223,805900
4705138,806000
4708609,806100
4710220,806200
4712214,806300
4714244,806400
4715686,806500
4717068,806600
4718668,806700
4719958,806800
4721121,806900
4722162,807000
4725694,807100
4727356,807200
4729681,807300
4731816,807400
4733719,807500
4735382,807600
4737251,807700
4738663,807800
4740420,807900
4741932,808000
4744846,808100
4746746,808200
4748123,808300
4749575,808400
4751014,808500
4752828,808600
4754484,808700
4756163,808800
4757517,808900
4759035,809000
4762348,809100
4764592,809200
4767272,809300
4769546,809400
4771027,809500
4772741,809600
4774223,809700
4776399,809800
4778371,809900
4780159,810000
4785201,810100
4793042,810200
4795426,810300
4797820,810400
4800242,810500
4802140,810600
4804754,810700
4807046,810800
4809753,810900
4812231,811000
4817121,811100
4820900,811200
4823924,811300
4826934,811400
4829181,811500
4832413,811600
4834431,811700
4836927,811800
4839560,811900
4841547,812000
4847762,812100
4850990,812200
4853096,812300
4855626,812400
4857653,812500
4859444,812600
4861645,812700
4863752,812800
4865440,812900
4867541,813000
4872375,813100
4874456,813200
4875969,813300
4878223,813400
4879737,813500
4881680,813600
4884272,813700
4886040,813800
4888119,813900
4890424,814000
4894269,814100
4896495,814200
4899045,814300
4902195,814400
4904235,814500
4906599,814600
4908740,814700
4910618,814800
4913184,814900
4915387,815000
4919143,815100
4921337,815200
4923622,815300
4925353,815400
4927207,815500
4929196,815600
4931097,815700
4934074,815800
4935686,815900
4937455,816000
4942043,816100
4944118,816200
4946062,816300
4947756,816400
4949090,816500
4950900,816600
4952521,816700
4954148,816800
4955567,816900
4957291,817000
4960620,817100
4962798,817200
4964328,817300
4965930,817400
4967509,817500
4969108,817600
4971024,817700
4972573,817800
4974576,817900
4976196,818000
4979870,818100
4982251,818200
4984861,818300
4986722,818400
4988519,818500
4990383,818600
4992055,818700
4993908,818800
4995982,818900
4997664,819000
5001738,819100
5004858,819200
5006900,819300
5009007,819400
5010667,819500
5012207,819600
5013826,819700
5015829,819800
5017771,819900
5019580,820000
5023936,820100
5026356,820200
5028769,820300
5030654,820400
5032303,820500
5034056,820600
5035642,820700
5037435,820800
5038849,820900
5040445,821000
5043233,821100
5044551,821200
5046152,821300
5047605,821400
5048862,821500
5050042,821600
5051555,821700
5052835,821800
5054283,821900
5055666,822000
5059037,822100
5061043,822200
5063375,822300
5065592,822400
5068447,822500
5070020,822600
5071527,822700
5073214,822800
5074479,822900
5075941,823000
5079741,823100
5081543,823200
5083454,823300
5085525,823400
5087341,823500
5088989,823600
5090457,823700
5091875,823800
5093398,823900
5095652,824000
5100407,824100
5102904,824200
5105136,824300
5108339,824400
5110253,824500
5112504,824600
5114677,824700
5116669,824800
5118534,824900
5120594,825000
5125362,825100
5128600,825200
5130389,825300
5132797,825400
5135674,825500
5137625,825600
5139012,825700
5140601,825800
5142300,825900
5144112,826000
5148538,826100
5151741,826200
5154562,826300
5157582,826400
5159651,826500
5161953,826600
5163785,826700
5165665,826800
5168152,826900
5169892,827000
5174764,827100
5178163,827200
5181342,827300
5184474,827400
5186552,827500
5188612,827600
5190961,827700
5192694,827800
5194428,827900
5196550,828000
5200982,828100
5204192,828200
5207189,828300
5209454,828400
5211447,828500
5213412,828600
5214916,828700
5216401,828800
5218228,828900
5220035,829000
5228053,829100
5230070,829200
5232100,829300
5233618,829400
5235530,829500
5237483,829600
5239193,829700
5241443,829800
5244037,829900
5246520,830000
5253087,830100
5256827,830200
5259951,830300
5262302,830400
5264494,830500
5266554,830600
5269063,830700
5271085,830800
5273325,830900
5275296,831000
5279625,831100
5281759,831200
5284115,831300
5285835,831400
5287722,831500
5289785,831600
5291396,831700
5293139,831800
5294752,831900
5296882,832000
5301241,832100
5304009,832200
5306932,832300
5308926,832400
5312310,832500
5314576,832600
5316595,832700
5318598,832800
5320510,832900
5322258,833000
5326232,833100
5329549,833200
5332156,833300
5334895,833400
5336930,833500
5338611,833600
5340412,833700
5342237,833800
5343764,833900
5345692,834000
5350287,834100
5353247,834200
5358184,834300
5361683,834400
5365788,834500
5369425,834600
5372055,834700
5375136,834800
5377472,834900
5379970,835000
5385380,835100
5388276,835200
5390975,835300
5393932,835400
5396256,835500
5399123,835600
5401360,835700
5403395,835800
5407644,835900
5410062,836000
5414590,836100
5417503,836200
5420059,836300
5422130,836400
5423866,836500
5425984,836600
5427666,836700
5429335,836800
5431354,836900
5433113,837000
5436930,837100
5438724,837200
5440885,837300
5443756,837400
5445748,837500
5447916,837600
5449955,837700
5453072,837800
5454800,837900
5456705,838000
5460497,838100
5462848,838200
5465811,838300
5468054,838400
5470315,838500
5471887,838600
5473470,838700
5475043,838800
5476948,838900
5478248,839000
5482142,839100
5483959,839200
5485758,839300
5487604,839400
5489075,839500
5490455,839600
5491816,839700
5493366,839800
5494688,839900
5496124,840000
5499206,840100
5500380,840200
5501769,840300
5503202,840400
5504565,840500
5505804,840600
5507308,840700
5508714,840800
5510528,840900
5512964,841000
5517266,841100
5518996,841200
5521207,841300
5523353,841400
5524992,841500
5526881,841600
5528898,841700
5530421,841800
5532170,841900
5534030,842000
5537539,842100
5539760,842200
5541802,842300
5544253,842400
5546256,842500
5548258,842600
5550123,842700
5551781,842800
5553136,842900
5554154,843000
5558966,843100
5560914,843200
5562797,843300
5564655,843400
5566543,843500
5569429,843600
5572071,843700
5573963,843800
5575388,843900
5576825,844000
5581279,844100
5584137,844200
5586206,844300
5588593,844400
5591320,844500
5593626,844600
5597737,844700
5601202,844800
5602647,844900
5604202,845000
5607405,845100
5608739,845200
5610017,845300
5611545,845400
5613391,845500
5615051,845600
5616145,845700
5617708,845800
5619619,845900
5620728,846000
5623931,846100
5625400,846200
5627089,846300
5629663,846400
5631246,846500
5632937,846600
5634620,846700
5636436,846800
5638437,846900
5640190,847000
5644078,847100
5645682,847200
5647287,847300
5648647,847400
5650339,847500
5651956,847600
5653676,847700
5654942,847800
5656075,847900
5657376,848000
5661766,848100
5664192,848200
5666425,848300
5668606,848400
5670658,848500
5672566,848600
5674066,848700
5676082,848800
5677780,848900
5679333,849000
5683880,849100
5686256,849200
5689089,849300
5691402,849400
5693409,849500
5695532,849600
5699183,849700
5701246,849800
5703110,849900
5704955,850000
5709488,850100
5712202,850200
5715261,850300
5717380,850400
5719218,850500
5722440,850600
5724420,850700
5726560,850800
5729580,850900
5735736,851000
5740449,851100
5744252,851200
5747844,851300
5750474,851400
5753530,851500
5756438,851600
5758759,851700
5761440,851800
5763721,851900
5765184,852000
5769818,852100
5774645,852200
5778082,852300
5780816,852400
5785490,852500
5787241,852600
5790401,852700
5792935,852800
5795112,852900
5797265,853000
5802333,853100
5805179,853200
5809412,853300
5812340,853400
5814503,853500
5817440,853600
5819621,853700
5821934,853800
5824808,853900
5828266,854000
5838044,854100
5843541,854200
5846840,854300
5849300,854400
5852231,854500
5854592,854600
5857631,854700
5860067,854800
5862669,854900
5865717,855000
5871854,855100
5875328,855200
5877638,855300
5880699,855400
5883725,855500
5887244,855600
5890448,855700
5893678,855800
5895552,855900
5897881,856000
5902439,856100
5905524,856200
5911007,856300
5917806,856400
5923632,856500
5928224,856600
5932009,856700
5935800,856800
5939992,856900
5942018,857000
5946399,857100
5947996,857200
5950304,857300
5952060,857400
5954811,857500
5957075,857600
5959135,857700
5961304,857800
5963095,857900
5964617,858000
5968244,858100
5970784,858200
5973365,858300
5975296,858400
5977458,858500
5979490,858600
5981378,858700
5983615,858800
5986329,858900
5989349,859000
5994942,859100
5998930,859200
6001363,859300
6003488,859400
6005948,859500
6007937,859600
6009411,859700
6010942,859800
6013601,859900
6015215,860000
6019820,860100
6021957,860200
6023977,860300
6026844,860400
6028772,860500
6030930,860600
6032902,860700
6036164,860800
6038777,860900
6041529,861000
6047832,861100
6052029,861200
6054212,861300
6057439,861400
6059795,861500
6062602,861600
6064384,861700
6067023,861800
6069765,861900
6071886,862000
6078024,862100
6082451,862200
6085912,862300
6088652,862400
6091205,862500
6094293,862600
6097742,862700
6100977,862800
6104315,862900
6106993,863000
6111974,863100
6114697,863200
6117339,863300
6120272,863400
6122385,863500
6125058,863600
6127483,863700
6130830,863800
6133063,863900
6135360,864000
6141448,864100
6149737,864200
6151391,864300
6153008,864400
6155104,864500
6157240,864600
6159149,864700
6161212,864800
6162916,864900
6164410,865000
6168115,865100
6172675,865200
6174692,865300
6176417,865400
6178713,865500
6180486,865600
6182480,865700
6184245,865800
6185823,865900
6187691,866000
6191758,866100
6194800,866200
6197080,866300
6199696,866400
6202042,866500
6204099,866600
6206039,866700
6207753,866800
6209426,866900
6211258,867000
6217062,867100
6219647,867200
6222106,867300
6224420,867400
6227234,867500
6229759,867600
6232409,867700
6235122,867800
6237329,867900
6240756,868000
6245683,868100
6248606,868200
6251822,868300
6255424,868400
6258026,868500
6260486,868600
6263915,868700
6268053,868800
6271852,868900
6275754,869000
6283120,869100
6287479,869200
6291195,869300
6293833,869400
6296541,869500
6298856,869600
6302561,869700
6306436,869800
6310928,869900
6315876,870000
6323390,870100
6329165,870200
6333092,870300
6337504,870400
6339920,870500
6344212,870600
6347789,870700
6350216,870800
6352810,870900
6354804,871000
6360872,871100
6363771,871200
6366551,871300
6371309,871400
6374145,871500
6377645,871600
6380211,871700
6383296,871800
6385768,871900
6390533,872000
6397008,872100
6400130,872200
6402536,872300
6404899,872400
6407234,872500
6409966,872600
6412650,872700
6415184,872800
6417457,872900
6420856,873000
6426615,873100
6430081,873200
6433285,873300
6437079,873400
6440319,873500
6442944,873600
6446410,873700
6449994,873800
6453099,873900
6456015,874000
6462183,874100
6466471,874200
6469340,874300
6472049,874400
6475075,874500
6477705,874600
6479669,874700
6481764,874800
6484355,874900
6487084,875000
6493352,875100
6498040,875200
6505050,875300
6508087,875400
6510941,875500
6514401,875600
6517832,875700
6520919,875800
6524131,875900
6526969,876000
6533173,876100
6537188,876200
6540360,876300
6543169,876400
6546367,876500
6549184,876600
6552839,876700
6555868,876800
6560193,876900
6562952,877000
6569035,877100
6573415,877200
6577699,877300
6581973,877400
6586141,877500
6588675,877600
6591418,877700
6593982,877800
6596905,877900
6599073,878000
6605992,878100
6610237,878200
6614212,878300
6616666,878400
6618711,878500
6621883,878600
6624199,878700
6627522,878800
6630327,878900
6633460,879000
6638189,879100
6641596,879200
6644967,879300
6648644,879400
6651623,879500
6654281,879600
6657195,879700
6660842,879800
6664771,879900
6667892,880000
6675333,880100
6678297,880200
6681734,880300
6684678,880400
6688792,880500
6691917,880600
6695176,880700
6698073,880800
6702171,880900
6706345,881000
6712834,881100
6717774,881200
6722354,881300
6725923,881400
6729553,881500
6733042,881600
6737280,881700
6743047,881800
6748312,881900
6752515,882000
6764364,882100
6769980,882200
6774779,882300
6778418,882400
6781339,882500
6784909,882600
6788166,882700
6791132,882800
6793668,882900
6798106,883000
6805802,883100
6810472,883200
6814215,883300
6817469,883400
6821038,883500
6824990,883600
6829062,883700
6833431,883800
6837650,883900
6841024,884000
6847105,884100
6851385,884200
6861755,884300
6864368,884400
6866865,884500
6868796,884600
6870696,884700
6873037,884800
6875137,884900
6876469,885000
6879561,885100
6882210,885200
6885186,885300
6887717,885400
6890594,885500
6893066,885600
6895664,885700
6899668,885800
6903107,885900
6905387,886000
6911290,886100
6915477,886200
6919925,886300
6923655,886400
6927234,886500
6930647,886600
6934140,886700
6937742,886800
6940266,886900
6944146,887000
6950103,887100
6954121,887200
6957756,887300
6960538,887400
6962978,887500
6965109,887600
6968080,887700
6969867,887800
6971395,887900
6973538,888000
6978213,888100
6980812,888200
6983674,888300
6985884,888400
6987615,888500
6990363,888600
6992559,888700
6995311,888800
6996987,888900
6998398,889000
7001816,889100
7003918,889200
7006087,889300
7007523,889400
7009135,889500
7010965,889600
7013053,889700
7014440,889800
7016115,889900
7018325,890000
7022139,890100
7024751,890200
7027664,890300
7034418,890400
7036760,890500
7038389,890600
7040313,890700
7042299,890800
7043768,890900
7045167,891000
7048868,891100
7051569,891200
7054040,891300
7058673,891400
7059946,891500
7062323,891600
7064472,891700
7065809,891800
7067421,891900
7069143,892000
7072652,892100
7074767,892200
7076765,892300
7078984,892400
7080629,892500
7082152,892600
7084825,892700
7086690,892800
7088376,892900
7089719,893000
7093709,893100
7095064,893200
7096883,893300
7099229,893400
7101687,893500
7104417,893600
7106342,893700
7107838,893800
7109870,893900
7111474,894000
7115855,894100
7117982,894200
7130853,894300
7133682,894400
7135890,894500
7138449,894600
7141004,894700
7143855,894800
7145731,894900
7148850,895000
7153637,895100
7156079,895200
7158675,895300
7161074,895400
7162852,895500
7164974,895600
7168395,895700
7172087,895800
7175295,895900
7179077,896000
7185822,896100
7190921,896200
7195294,896300
7199161,896400
7201905,896500
7204388,896600
7207462,896700
7209509,896800
7211930,896900
7213914,897000
7218943,897100
7220967,897200
7222758,897300
7224597,897400
7226668,897500
7228890,897600
7231280,897700
7234304,897800
7237881,897900
7240299,898000
7244810,898100
7248061,898200
7250681,898300
7253691,898400
7256894,898500
7258880,898600
7261480,898700
7264176,898800
7265728,898900
7267609,899000
7272433,899100
7275550,899200
7277776,899300
7280664,899400
7282847,899500
7286012,899600
7288509,899700
7291034,899800
7292891,899900
7295010,900000
7299641,900100
7301827,900200
7303824,900300
7305752,900400
7307576,900500
7310227,900600
7312341,900700
7314518,900800
7316334,900900
7318160,901000
7323042,901100
7326141,901200
7328474,901300
7331928,901400
7333939,901500
7336117,901600
7338857,901700
7340760,901800
7342905,901900
7346145,902000
7351624,902100
7358920,902200
7362844,902300
7365322,902400
7367951,902500
7370363,902600
7373019,902700
7374882,902800
7377050,902900
7378967,903000
7383274,903100
7385583,903200
7388017,903300
7389874,903400
7392338,903500
7394853,903600
7396784,903700
7398910,903800
7401238,903900
7403060,904000
7407235,904100
7408866,904200
7410079,904300
7412551,904400
7414679,904500
7416966,904600
7418972,904700
7420791,904800
7423012,904900
7425918,905000
7431224,905100
7433522,905200
7435659,905300
7437482,905400
7440138,905500
7442292,905600
7443929,905700
7445818,905800
7448043,905900
7449825,906000
7456459,906100
7458849,906200
7462151,906300
7464305,906400
7466671,906500
7468994,906600
7471722,906700
7476655,906800
7479019,906900
7481150,907000
7485700,907100
7488318,907200
7490965,907300
7492997,907400
7495795,907500
7498365,907600
7503189,907700
7505801,907800
7508524,907900
7511215,908000
7515711,908100
7518646,908200
7520692,908300
7522349,908400
7524741,908500
7526754,908600
7528452,908700
7530919,908800
7532995,908900
7535055,909000
7539118,909100
7542051,909200
7544674,909300
7547024,909400
7549092,909500
7552192,909600
7553931,909700
7556244,909800
7558644,909900
7560403,910000
7565829,910100
7568983,910200
7572554,910300
7575119,910400
7577005,910500
7579225,910600
7581778,910700
7583638,910800
7585973,910900
7587785,911000
7592021,911100
7594479,911200
7596885,911300
7598891,911400
7600589,911500
7602889,911600
7605141,911700
7607215,911800
7608811,911900
7610663,912000
7614605,912100
7617080,912200
7619871,912300
7621742,912400
7623916,912500
7625841,912600
7627325,912700
7629180,912800
7630769,912900
7632555,913000
7637191,913100
7639607,913200
7641972,913300
7643871,913400
7645228,913500
7646935,913600
7648431,913700
7650674,913800
7652647,913900
7654141,914000
7658314,914100
7660383,914200
7663025,914300
7666121,914400
7669585,914500
7671224,914600
7672877,914700
7674787,914800
7676943,914900
7678649,915000
7682875,915100
7685645,915200
7687483,915300
7689096,915400
7690940,915500
7692213,915600
7693837,915700
7696561,915800
7698338,915900
7699905,916000
7704422,916100
7706522,916200
7709137,916300
7711251,916400
7713594,916500
7716202,916600
7717813,916700
7719720,916800
7721356,916900
7723106,917000
7727409,917100
7733863,917200
7736652,917300
7739067,917400
7741933,917500
7744615,917600
7746977,917700
7749436,917800
7750984,917900
7753952,918000
7760855,918100
7765842,918200
7768681,918300
7770996,918400
7774067,918500
7776812,918600
7778342,918700
7780440,918800
7782147,918900
7783748,919000
7787855,919100
7789886,919200
7791992,919300
7794485,919400
7796544,919500
7798672,919600
7800410,919700
7801798,919800
7803753,919900
7805811,920000
7810540,920100
7813495,920200
7815550,920300
7817512,920400
7819828,920500
7821396,920600
7822623,920700
7824636,920800
7826038,920900
7827666,921000
7831775,921100
7833682,921200
7836141,921300
7838048,921400
7839774,921500
7841680,921600
7843422,921700
7844950,921800
7846629,921900
7848152,922000
7853120,922100
7856825,922200
7860556,922300
7862654,922400
7864735,922500
7867115,922600
7868936,922700
7871527,922800
7872999,922900
7874583,923000
7879073,923100
7882393,923200
7884593,923300
7886869,923400
7888747,923500
7891180,923600
7893545,923700
7895205,923800
7896528,923900
7898414,924000
7903751,924100
7907515,924200
7909827,924300
7911873,924400
7914417,924500
7917823,924600
7920491,924700
7922862,924800
7924531,924900
7926461,925000
7929865,925100
7932637,925200
7934371,925300
7936155,925400
7937889,925500
7939426,925600
7940960,925700
7942731,925800
7944521,925900
7946490,926000
7952286,926100
7955408,926200
7957640,926300
7959851,926400
7963891,926500
7966851,926600
7969166,926700
7970499,926800
7973076,926900
7974602,927000
7978704,927100
7982045,927200
7984637,927300
7986365,927400
7989055,927500
7991059,927600
7992431,927700
7994164,927800
7995945,927900
7997546,928000
8001203,928100
8003863,928200
8006159,928300
8009646,928400
8011702,928500
8013451,928600
8014900,928700
8016437,928800
8018297,928900
8019941,929000
8023819,929100
8025570,929200
8027511,929300
8029491,929400
8030869,929500
8032139,929600
8033476,929700
8035054,929800
8036078,929900
8037314,930000
8041705,930100
8045052,930200
8048673,930300
8051121,930400
8053883,930500
8055966,930600
8057837,930700
8059417,930800
8062207,930900
8063912,931000
8067803,931100
8070654,931200
8073423,931300
8076246,931400
8078877,931500
8082506,931600
8084415,931700
8087321,931800
8089780,931900
8091304,932000
8094943,932100
8097769,932200
8100416,932300
8102646,932400
8105116,932500
8109589,932600
8111885,932700
8113677,932800
8115565,932900
8116986,933000
8121383,933100
8123382,933200
8125671,933300
8127205,933400
8128618,933500
8130582,933600
8132609,933700
8134848,933800
8137104,933900
8138515,934000
8143118,934100
8146081,934200
8149887,934300
8152504,934400
8154512,934500
8157431,934600
8159876,934700
8162087,934800
8164049,934900
8165886,935000
8174588,935100
8180428,935200
8183036,935300
8184283,935400
8185750,935500
8186885,935600
8188325,935700
8189703,935800
8190915,935900
8192297,936000
8196594,936100
8198144,936200
8200206,936300
8202008,936400
8203536,936500
8205353,936600
8206232,936700
8207242,936800
8208326,936900
8209456,937000
8212451,937100
8214124,937200
8215470,937300
8216849,937400
8218088,937500
8219548,937600
8220875,937700
8221990,937800
8223508,937900
8226368,938000
8230570,938100
8232658,938200
8235592,938300
8237260,938400
8239212,938500
8241201,938600
8242927,938700
8244552,938800
8246143,938900
8247588,939000
8251345,939100
8253108,939200
8255041,939300
8256915,939400
8259298,939500
8260752,939600
8262584,939700
8264061,939800
8265640,939900
8267021,940000
8271467,940100
8274048,940200
8275799,940300
8277997,940400
8280122,940500
8282256,940600
8283635,940700
8284960,940800
8287046,940900
8289051,941000
8293019,941100
8294746,941200
8296195,941300
8298235,941400
8299896,941500
8301078,941600
8302479,941700
8303566,941800
8304766,941900
8306400,942000
8309846,942100
8311860,942200
8313322,942300
8315564,942400
8317401,942500
8319088,942600
8320647,942700
8321683,942800
8323071,942900
8324730,943000
8329319,943100
8331373,943200
8333282,943300
8334864,943400
8336201,943500
8338385,943600
8339928,943700
8341225,943800
8342938,943900
8344281,944000
8347492,944100
8349820,944200
8351805,944300
8353943,944400
8355558,944500
8357048,944600
8358188,944700
8359888,944800
8361000,944900
8362454,945000
8366566,945100
8369676,945200
8371804,945300
8373850,945400
8375607,945500
8377442,945600
8378849,945700
8380008,945800
8381224,945900
8383673,946000
8387453,946100
8390025,946200
8393147,946300
8395636,946400
8397475,946500
8399962,946600
8401257,946700
8402561,946800
8404233,946900
8405770,947000
8409971,947100
8412466,947200
8414728,947300
8418100,947400
8420692,947500
8423333,947600
8425389,947700
8427359,947800
8429906,947900
8432029,948000
8436931,948100
8439512,948200
8441264,948300
8443856,948400
8446130,948500
8447713,948600
8449340,948700
8450874,948800
8452055,948900
8453606,949000
8457369,949100
8458863,949200
8460653,949300
8462326,949400
8463749,949500
8465399,949600
8466870,949700
8468372,949800
8469693,949900
8471115,950000
8474890,950100
8476660,950200
8479607,950300
8481763,950400
8483857,950500
8489924,950600
8491648,950700
8492747,950800
8494001,950900
8495306,951000
8498976,951100
8501364,951200
8503900,951300
8505423,951400
8507249,951500
8509431,951600
8511219,951700
8512753,951800
8514543,951900
8516358,952000
8521056,952100
8524170,952200
8526792,952300
8528829,952400
8531100,952500
8533602,952600
8535449,952700
8537554,952800
8539555,952900
8541644,953000
8545511,953100
8547409,953200
8549536,953300
8551470,953400
8553228,953500
8555349,953600
8556706,953700
8558812,953800
8561740,953900
8563125,954000
8567125,954100
8569876,954200
8572712,954300
8574347,954400
8575712,954500
8577349,954600
8578409,954700
8579941,954800
8581516,954900
8583083,955000
8586626,955100
8588536,955200
8590031,955300
8591499,955400
8592975,955500
8594446,955600
8595664,955700
8596926,955800
8598457,955900
8600505,956000
8604288,956100
8607582,956200
8609739,956300
8612051,956400
8613706,956500
8615241,956600
8617037,956700
8618132,956800
8619379,956900
8621325,957000
8625116,957100
8626918,957200
8628834,957300
8630433,957400
8632036,957500
8633864,957600
8634961,957700
8636207,957800
8637620,957900
8639018,958000
8644549,958100
8648944,958200
8652132,958300
8655264,958400
8658215,958500
8660042,958600
8661638,958700
8663755,958800
8665525,958900
8667388,959000
8672146,959100
8674777,959200
8676590,959300
8678235,959400
8680459,959500
8681991,959600
8683306,959700
8684709,959800
8686522,959900
8688317,960000
8692608,960100
8695455,960200
8698116,960300
8704137,960400
8712409,960500
8716234,960600
8719934,960700
8722961,960800
8726103,960900
8728883,961000
8734146,961100
8737471,961200
8740076,961300
8742572,961400
8744824,961500
8746562,961600
8748521,961700
8750177,961800
8751738,961900
8753380,962000
8757815,962100
8760928,962200
8762938,962300
8765576,962400
8767658,962500
8769187,962600
8771042,962700
8772734,962800
10417492,0
10417509,100
10417519,200
10417529,300
10417538,400
10417545,500
10417556,600
10417565,700
10417575,800
10417583,900
10417592,1000
10417603,1100
10417612,1200
10417622,1300
10417631,1400
10417639,1500
10417647,1600
10417656,1700
10417663,1800
10417673,1900
10417681,2000
10417695,2100
10417704,2200
10417713,2300
10417721,2400
10417730,2500
10417739,2600
10417748,2700
10417758,2800
10417766,2900
10417776,3000
10417785,3100
10417794,3200
10417804,3300
10417811,3400
10417821,3500
10417830,3600
10417839,3700
10417846,3800
10417856,3900
10417865,4000
10417882,4100
10417892,4200
10417900,4300
10417908,4400
10417917,4500
10417927,4600
10417935,4700
10417943,4800
10417952,4900
10417960,5000
10417969,5100
10417979,5200
10417988,5300
10417997,5400
10418005,5500
10418012,5600
10418022,5700
10418030,5800
10418040,5900
10418049,6000
10418058,6100
10418067,6200
10418075,6300
10418085,6400
10418094,6500
10418103,6600
10418112,6700
10418121,6800
10418128,6900
10418137,7000
10418146,7100
10418156,7200
10418165,7300
10418174,7400
10418183,7500
10418192,7600
10418200,7700
10418209,7800
10418218,7900
10418227,8000
10418236,8100
10418261,8200
10418270,8300
10418279,8400
10418287,8500
10418296,8600
10418303,8700
10418311,8800
10418321,8900
10418330,9000
10418339,9100
10418348,9200
10418358,9300
10418367,9400
10418374,9500
10418383,9600
10418392,9700
10418401,9800
10418410,9900
10418419,10000
10418588,10100
10418597,10200
10418606,10300
10418615,10400
10418624,10500
10418631,10600
10418641,10700
10418650,10800
10418660,10900
10418669,11000
10418678,11100
10418685,11200
10418693,11300
10418702,11400
10418711,11500
10418719,11600
10418728,11700
10418736,11800
10418744,11900
10418753,12000
10418762,12100
10418771,12200
10418781,12300
10418790,12400
10418798,12500
10418807,12600
10418814,12700
10418823,12800
10418831,12900
10418840,13000
10418849,13100
10418858,13200
10418865,13300
10418874,13400
10418883,13500
10418891,13600
10418899,13700
10418908,13800
10418919,13900
10418928,14000
10418937,14100
10418944,14200
10418953,14300
10418962,14400
10418972,14500
10418979,14600
10418988,14700
10418997,14800
10419006,14900
10419015,15000
10419024,15100
10419033,15200
10419041,15300
10419052,15400
10419061,15500
10419071,15600
10419079,15700
10419087,15800
10419096,15900
10419105,16000
10419115,16100
10419124,16200
10419135,16300
10419143,16400
10419152,16500
10419164,16600
10419174,16700
10419183,16800
10419192,16900
10419202,17000
10419211,17100
10419221,17200
10419230,17300
10419239,17400
10419248,17500
10419260,17600
10419269,17700
10419278,17800
10419289,17900
10419299,18000
10419308,18100
10419317,18200
10419328,18300
10419338,18400
10419346,18500
10419356,18600
10419367,18700
10419376,18800
10419385,18900
10419393,19000
10419404,19100
10419413,19200
10419422,19300
10419432,19400
10419443,19500
10419452,19600
10419463,19700
10419476,19800
10419486,19900
10419495,20000
10419668,20100
10419679,20200
10419690,20300
10419705,20400
10419717,20500
10419726,20600
10419737,20700
10419747,20800
10419756,20900
10419765,21000
10419774,21100
10419785,21200
10419795,21300
10419811,21400
10419828,21500
10419839,21600
10419850,21700
10419860,21800
10419869,21900
10419878,22000
10419888,22100
10419898,22200
10419909,22300
10419919,22400
10419930,22500
10419939,22600
10419949,22700
10419959,22800
10419968,22900
10419979,23000
10419989,23100
10420001,23200
10420010,23300
10420019,23400
10420032,23500
10420042,23600
10420052,23700
10420061,23800
10420071,23900
10420080,24000
10420092,24100
10420101,24200
10420111,24300
10420121,24400
10420132,24500
10420143,24600
10420153,24700
10420161,24800
10420173,24900
10420183,25000
10420194,25100
10420205,25200
10420214,25300
10420223,25400
10420232,25500
10420242,25600
10420251,25700
10420262,25800
10420271,25900
10420281,26000
10420292,26100
10420303,26200
10420315,26300
10420324,26400
10420335,26500
10420345,26600
10420354,26700
10420364,26800
10420376,26900
10420385,27000
10420396,27100
10420406,27200
10420415,27300
10420425,27400
10420434,27500
10420444,27600
10420454,27700
10420463,27800
10420472,27900
10420481,28000
10420491,28100
10420500,28200
10420510,28300
10420521,28400
10420529,28500
10420538,28600
10420549,28700
10420560,28800
10420570,28900
10420577,29000
10420586,29100
10420596,29200
10420605,29300
10420614,29400
10420624,29500
10420633,29600
10420642,29700
10420651,29800
10420960,29900
10420968,30000
10421144,30100
10421154,30200
10421161,30300
10421171,30400
10421178,30500
10421187,30600
10421194,30700
10421203,30800
10421210,30900
10421220,31000
10421228,31100
10421237,31200
10421246,31300
10421253,31400
10421262,31500
10421271,31600
10421279,31700
10421287,31800
10421295,31900
10421305,32000
10421313,32100
10421321,32200
10421330,32300
10421339,32400
10421348,32500
10421355,32600
10421364,32700
10421373,32800
10421381,32900
10421390,33000
10421398,33100
10421407,33200
10421415,33300
10421424,33400
10421433,33500
10421441,33600
10421449,33700
10421459,33800
10421466,33900
10421476,34000
10421483,34100
10421493,34200
10421502,34300
10421510,34400
10421519,34500
10421527,34600
10421537,34700
10421546,34800
10421555,34900
10421563,35000
10421572,35100
10421582,35200
10421591,35300
10421600,35400
10421608,35500
10421617,35600
10421625,35700
10421634,35800
10421643,35900
10421651,36000
10421661,36100
10421671,36200
10421678,36300
10421687,36400
10421695,36500
10421704,36600
10421712,36700
10421721,36800
10421729,36900
10421738,37000
10421746,37100
10421756,37200
10421763,37300
10421772,37400
10421781,37500
10421789,37600
10421799,37700
10421807,37800
10421816,37900
10421823,38000
10421832,38100
10421840,38200
10421848,38300
10421858,38400
10421866,38500
10421875,38600
10421883,38700
10421892,38800
10421899,38900
10421908,39000
10421916,39100
10421925,39200
10421933,39300
10421942,39400
10421950,39500
10421959,39600
10421969,39700
10421976,39800
10421986,39900
10421993,40000
10422155,40100
10422165,40200
10422173,40300
10422183,40400
10422192,40500
10422200,40600
10422208,40700
10422216,40800
10422224,40900
10422233,41000
10422241,41100
10422250,41200
10422258,41300
10422267,41400
10422275,41500
10422285,41600
10422292,41700
10422302,41800
10422310,41900
10422317,42000
10422326,42100
10422333,42200
10422342,42300
10422350,42400
10422359,42500
10422388,42600
10422396,42700
10422405,42800
10422413,42900
10422422,43000
10422431,43100
10422439,43200
10422448,43300
10422455,43400
10422464,43500
10422472,43600
10422481,43700
10422490,43800
10422499,43900
10422508,44000
10422516,44100
10422525,44200
10422533,44300
10422543,44400
10422552,44500
10422559,44600
10422569,44700
10422578,44800
10422585,44900
10422594,45000
10422604,45100
10422614,45200
10422622,45300
10422631,45400
10422640,45500
10422649,45600
10422656,45700
10422666,45800
10422676,45900
10422686,46000
10422694,46100
10422704,46200
10422711,46300
10422721,46400
10422729,46500
10422738,46600
10422746,46700
10422755,46800
10422763,46900
10422772,47000
10422780,47100
10422790,47200
10422798,47300
10422807,47400
10422816,47500
10422824,47600
10422834,47700
10422841,47800
10422850,47900
10422858,48000
10422867,48100
10422874,48200
10422883,48300
10422890,48400
10422901,48500
10422908,48600
10422917,48700
10422927,48800
10422935,48900
10422944,49000
10422953,49100
10422963,49200
10422973,49300
10422981,49400
10422991,49500
10423000,49600
10423010,49700
10423019,49800
10423029,49900
10423037,50000
10423211,50100
10423218,50200
10423226,50300
10423236,50400
10423245,50500
10423255,50600
10423263,50700
10423274,50800
10423284,50900
10423292,51000
10423302,51100
10423311,51200
10423320,51300
10423329,51400
10423337,51500
10423347,51600
10423356,51700
10423369,51800
10423377,51900
10423386,52000
10423397,52100
10423405,52200
10423414,52300
10423423,52400
10423433,52500
10423443,52600
10423451,52700
10423462,52800
10423470,52900
10423480,53000
10423491,53100
10423500,53200
10423511,53300
10423519,53400
10423529,53500
10423539,53600
10423548,53700
10423558,53800
10423568,53900
10423576,54000
10423586,54100
10423594,54200
10423604,54300
10423620,54400
10423629,54500
10423639,54600
10423649,54700
10423660,54800
10423670,54900
10423681,55000
10423692,55100
10423701,55200
10423712,55300
10423723,55400
10423733,55500
10423744,55600
10423753,55700
10423763,55800
10423774,55900
10423785,56000
10423795,56100
10423806,56200
10423815,56300
10423825,56400
10423834,56500
10423843,56600
10423852,56700
10423862,56800
10423873,56900
10423881,57000
10423891,57100
10423900,57200
10423909,57300
10423919,57400
10423929,57500
10423937,57600
10423946,57700
10423956,57800
10423965,57900
10423976,58000
10423985,58100
10423995,58200
10424004,58300
10424013,58400
10424022,58500
10424032,58600
10424044,58700
10424053,58800
10424064,58900
10424074,59000
10424085,59100
10424093,59200
10424104,59300
10424115,59400
10424124,59500
10424134,59600
10424145,59700
10424154,59800
10424164,59900
10424175,60000
10424344,60100
10424355,60200
10424364,60300
10424374,60400
10424386,60500
10424395,60600
10424405,60700
10424416,60800
10424425,60900
10424436,61000
10424445,61100
10424456,61200
10424467,61300
10424476,61400
10424487,61500
10424497,61600
10424506,61700
10424516,61800
10424525,61900
10424535,62000
10424546,62100
10424555,62200
10424566,62300
10424576,62400
10424586,62500
10424597,62600
10424606,62700
10424616,62800
10424626,62900
10424635,63000
10424645,63100
10424655,63200
10424666,63300
10424676,63400
10424685,63500
10424696,63600
10424704,63700
10424715,63800
10424724,63900
10424735,64000
10424744,64100
10424755,64200
10424764,64300
10424774,64400
10424786,64500
10424794,64600
10424805,64700
10424815,64800
10424826,64900
10424837,65000
10424845,65100
10424856,65200
10424865,65300
10424876,65400
10424885,65500
10424898,65600
10424909,65700
10424920,65800
10424930,65900
10424941,66000
10424952,66100
10424963,66200
10424976,66300
10424986,66400
10424996,66500
10425007,66600
10425017,66700
10425027,66800
10425040,66900
10425051,67000
10425061,67100
10425070,67200
10425083,67300
10425097,67400
10425109,67500
10425118,67600
10425129,67700
10425138,67800
10425149,67900
10425160,68000
10425170,68100
10425181,68200
10425192,68300
10425202,68400
10425211,68500
10425222,68600
10425234,68700
10425246,68800
10425256,68900
10425269,69000
10425281,69100
10425293,69200
10425305,69300
10425317,69400
10425327,69500
10425340,69600
10425352,69700
10425362,69800
10425374,69900
10425384,70000
10425560,70100
10425571,70200
10425582,70300
10425593,70400
10425603,70500
10425616,70600
10425627,70700
10425639,70800
10425652,70900
10425662,71000
10425674,71100
10425683,71200
10425695,71300
10425705,71400
10425716,71500
10425726,71600
10425737,71700
10425746,71800
10425757,71900
10425769,72000
10425780,72100
10425793,72200
10425802,72300
10425814,72400
10425825,72500
10425835,72600
10425847,72700
10425859,72800
10425870,72900
10425880,73000
10425890,73100
10425902,73200
10425916,73300
10425926,73400
10425937,73500
10425946,73600
10425956,73700
10425968,73800
10425978,73900
10425990,74000
10425999,74100
10426010,74200
10426019,74300
10426028,74400
10426039,74500
10426048,74600
10426061,74700
10426074,74800
10426084,74900
10426098,75000
10426112,75100
10426124,75200
10426135,75300
10426147,75400
10426157,75500
10426168,75600
10426178,75700
10426190,75800
10426200,75900
10426211,76000
10426221,76100
10426234,76200
10426243,76300
10426254,76400
10426265,76500
10426275,76600
10426288,76700
10426299,76800
10426310,76900
10426321,77000
10426331,77100
10426343,77200
10426357,77300
10426367,77400
10426379,77500
10426390,77600
10426402,77700
10426414,77800
10426424,77900
10426435,78000
10426446,78100
10426458,78200
10426470,78300
10426480,78400
10426492,78500
10426504,78600
10426515,78700
10426527,78800
10426541,78900
10426552,79000
10426565,79100
10426576,79200
10426588,79300
10426598,79400
10426611,79500
10426622,79600
10426632,79700
10426644,79800
10426655,79900
10426668,80000
10427013,80100
10427024,80200
10427034,80300
10427048,80400
10427059,80500
10427070,80600
10427082,80700
10427093,80800
10427106,80900
10427117,81000
10427130,81100
10427145,81200
10427156,81300
10427171,81400
10427181,81500
10427192,81600
10427204,81700
10427215,81800
10427228,81900
10427239,82000
10427252,82100
10427262,82200
10427275,82300
10427286,82400
10427298,82500
10427308,82600
10427322,82700
10427335,82800
10427349,82900
10427362,83000
10427373,83100
10427387,83200
10427401,83300
10427414,83400
10427427,83500
10427439,83600
10427452,83700
10427464,83800
10427477,83900
10427490,84000
10427502,84100
10427515,84200
10427528,84300
10427539,84400
10427552,84500
10427563,84600
10427576,84700
10427588,84800
10427599,84900
10427612,85000
10427622,85100
10427634,85200
10427644,85300
10427656,85400
10427665,85500
10427676,85600
10427688,85700
10427697,85800
10427709,85900
10427719,86000
10427730,86100
10427743,86200
10427755,86300
10427768,86400
10427780,86500
10427792,86600
10427804,86700
10427815,86800
10427830,86900
10427843,87000
10427855,87100
10427868,87200
10427879,87300
10427891,87400
10427902,87500
10427914,87600
10427925,87700
10427936,87800
10427949,87900
10427960,88000
10427972,88100
10427984,88200
10427997,88300
10428007,88400
10428019,88500
10428030,88600
10428040,88700
10428051,88800
10428063,88900
10428074,89000
10428086,89100
10428095,89200
10428107,89300
10428117,89400
10428129,89500
10428140,89600
10428151,89700
10428161,89800
10428173,89900
10428184,90000
10428715,90100
10428726,90200
10428736,90300
10428748,90400
10428760,90500
10428773,90600
10428784,90700
10428794,90800
10428806,90900
10428817,91000
10428842,91100
10428853,91200
10428865,91300
10428878,91400
10428888,91500
10428898,91600
10428910,91700
10428920,91800
10428932,91900
10428943,92000
10428961,92100
10428975,92200
10428988,92300
10428998,92400
10429008,92500
10429020,92600
10429030,92700
10429044,92800
10429058,92900
10429075,93000
10429091,93100
10429104,93200
10429115,93300
10429127,93400
10429140,93500
10429151,93600
10429169,93700
10429183,93800
10429198,93900
10429210,94000
10429224,94100
10429236,94200
10429250,94300
10429263,94400
10429274,94500
10429286,94600
10429297,94700
10429308,94800
10429322,94900
10429335,95000
10429346,95100
10429359,95200
10429370,95300
10429383,95400
10429393,95500
10429406,95600
10429416,95700
10429427,95800
10429439,95900
10429449,96000
10429462,96100
10429473,96200
10429484,96300
10429497,96400
10429509,96500
10429521,96600
10429532,96700
10429545,96800
10429557,96900
10429571,97000
10429585,97100
10429598,97200
10429612,97300
10429626,97400
10429640,97500
10429654,97600
10429666,97700
10429680,97800
10429692,97900
10429706,98000
10429718,98100
10429732,98200
10429746,98300
10429757,98400
10429772,98500
10429786,98600
10429799,98700
10429811,98800
10429824,98900
10429838,99000
10429850,99100
10429864,99200
10429879,99300
10429891,99400
10429906,99500
10429920,99600
10429932,99700
10429945,99800
10429957,99900
10429970,100000
10430217,100100
10430229,100200
10430242,100300
10430254,100400
10430267,100500
10430281,100600
10430292,100700
10430305,100800
10430318,100900
10430334,101000
10430349,101100
10430363,101200
10430376,101300
10430391,101400
10430404,101500
10430418,101600
10430433,101700
10430446,101800
10430461,101900
10430474,102000
10430488,102100
10430504,102200
10430516,102300
10430530,102400
10430543,102500
10430557,102600
10430570,102700
10430585,102800
10430600,102900
10430612,103000
10430627,103100
10430639,103200
10430654,103300
10430670,103400
10430682,103500
10430697,103600
10430709,103700
10430724,103800
10430738,103900
10430755,104000
10430771,104100
10430786,104200
10430802,104300
10430815,104400
10430830,104500
10430846,104600
10430859,104700
10430874,104800
10430888,104900
10430902,105000
10430918,105100
10430932,105200
10430949,105300
10430964,105400
10430981,105500
10430996,105600
10431009,105700
10431024,105800
10431039,105900
10431051,106000
10431064,106100
10431076,106200
10431091,106300
10431103,106400
10431117,106500
10431129,106600
10431143,106700
10431155,106800
10431169,106900
10431183,107000
10431196,107100
10431212,107200
10431227,107300
10431245,107400
10431260,107500
10431277,107600
10431292,107700
10431309,107800
10431322,107900
10431338,108000
10431353,108100
10431371,108200
10431385,108300
10431400,108400
10431414,108500
10431429,108600
10431443,108700
10431457,108800
10431472,108900
10431487,109000
10431504,109100
10431519,109200
10431534,109300
10431550,109400
10431564,109500
10431581,109600
10431595,109700
10431612,109800
10431627,109900
10431641,110000
10431867,110100
10431881,110200
10431897,110300
10431912,110400
10431929,110500
10431943,110600
10431957,110700
10431973,110800
10431987,110900
10432005,111000
10432020,111100
10432038,111200
10432056,111300
10432071,111400
10432089,111500
10432104,111600
10432121,111700
10432136,111800
10432152,111900
10432166,112000
10432180,112100
10432195,112200
10432209,112300
10432226,112400
10432239,112500
10432253,112600
10432270,112700
10432286,112800
10432300,112900
10432317,113000
10432335,113100
10432352,113200
10432368,113300
10432385,113400
10432403,113500
10432420,113600
10432438,113700
10432454,113800
10432473,113900
10432491,114000
10432511,114100
10432530,114200
10432546,114300
10432859,114400
10432910,114500
10432928,114600
10432946,114700
10432964,114800
10432982,114900
10432999,115000
10433017,115100
10433035,115200
10433055,115300
10433073,115400
10433090,115500
10433108,115600
10433124,115700
10433140,115800
10433157,115900
10433172,116000
10433189,116100
10433205,116200
10433222,116300
10433240,116400
10433255,116500
10433273,116600
10433289,116700
10433307,116800
10433322,116900
10433340,117000
10433357,117100
10433374,117200
10433391,117300
10433407,117400
10433425,117500
10433442,117600
10433457,117700
10433474,117800
10433493,117900
10433509,118000
10433527,118100
10433542,118200
10433560,118300
10433576,118400
10433594,118500
10433612,118600
10433627,118700
10433645,118800
10433661,118900
10433680,119000
10433699,119100
10433716,119200
10433735,119300
10433752,119400
10433770,119500
10433785,119600
10433803,119700
10433819,119800
10433838,119900
10433853,120000
10434084,120100
10434101,120200
10434117,120300
10434136,120400
10434153,120500
10434173,120600
10434190,120700
10434208,120800
10434225,120900
10434243,121000
10434261,121100
10434280,121200
10434297,121300
10434315,121400
10434334,121500
10434351,121600
10434370,121700
10434387,121800
10434405,121900
10434422,122000
10434438,122100
10434456,122200
10434474,122300
10434491,122400
10434507,122500
10434525,122600
10434541,122700
10434559,122800
10434576,122900
10434593,123000
10434612,123100
10434630,123200
10434647,123300
10434666,123400
10434683,123500
10434704,123600
10434721,123700
10434739,123800
10434755,123900
10434774,124000
10434791,124100
10434808,124200
10434827,124300
10434845,124400
10434863,124500
10434881,124600
10434898,124700
10434918,124800
10434934,124900
10434952,125000
10434973,125100
10434992,125200
10435008,125300
10435028,125400
10435046,125500
10435064,125600
10435081,125700
10435099,125800
10435118,125900
10435134,126000
10435151,126100
10435170,126200
10435187,126300
10435205,126400
10435224,126500
10435242,126600
10435259,126700
10435278,126800
10435294,126900
10435312,127000
10435332,127100
10435349,127200
10435370,127300
10435390,127400
10435408,127500
10435429,127600
10435449,127700
10435470,127800
10435492,127900
10435510,128000
10435532,128100
10435552,128200
10435573,128300
10435595,128400
10435616,128500
10435636,128600
10435658,128700
10435678,128800
10435699,128900
10435717,129000
10435741,129100
10435763,129200
10435787,129300
10435810,129400
10435837,129500
10435859,129600
10435883,129700
10435903,129800
10435925,129900
10435947,130000
10436199,130100
10436222,130200
10436245,130300
10436271,130400
10436294,130500
10436316,130600
10436341,130700
10436363,130800
10436386,130900
10436407,131000
10436429,131100
10436453,131200
10436479,131300
10436505,131400
10436529,131500
10436554,131600
10436579,131700
10436603,131800
10436625,131900
10436649,132000
10436670,132100
10436693,132200
10436712,132300
10436734,132400
10436756,132500
10436777,132600
10436799,132700
10436820,132800
10436841,132900
10436862,133000
10436883,133100
10436910,133200
10436936,133300
10436960,133400
10436988,133500
10437014,133600
10437037,133700
10437065,133800
10437087,133900
10437110,134000
10437130,134100
10437155,134200
10437182,134300
10437206,134400
10437230,134500
10437254,134600
10437288,134700
10437312,134800
10437336,134900
10437362,135000
10437389,135100
10437414,135200
10437439,135300
10437465,135400
10437489,135500
10437514,135600
10437541,135700
10437564,135800
10437590,135900
10437615,136000
10437638,136100
10437663,136200
10437687,136300
10437712,136400
10437737,136500
10437760,136600
10437786,136700
10437813,136800
10437838,136900
10437864,137000
10437889,137100
10437917,137200
10437943,137300
10437971,137400
10438003,137500
10438029,137600
10438054,137700
10438078,137800
10438103,137900
10438128,138000
10438154,138100
10438178,138200
10438201,138300
10438227,138400
10438252,138500
10438279,138600
10438302,138700
10438327,138800
10438351,138900
10438376,139000
10438399,139100
10438426,139200
10438453,139300
10438480,139400
10438505,139500
10438866,139600
10438894,139700
10438924,139800
10438951,139900
10438977,140000
10439283,140100
10439313,140200
10439339,140300
10439362,140400
10439388,140500
10439413,140600
10439436,140700
10439460,140800
10439489,140900
10439516,141000
10439539,141100
10439566,141200
10439590,141300
10439613,141400
10439639,141500
10439666,141600
10439693,141700
10439716,141800
10439742,141900
10439766,142000
10439791,142100
10439817,142200
10439842,142300
10439867,142400
10439894,142500
10439922,142600
10439946,142700
10439973,142800
10440001,142900
10440029,143000
10440052,143100
10440074,143200
10440098,143300
10440120,143400
10440144,143500
10440166,143600
10440193,143700
10440213,143800
10440239,143900
10440264,144000
10440286,144100
10440310,144200
10440334,144300
10440356,144400
10440379,144500
10440405,144600
10440429,144700
10440451,144800
10440472,144900
10440499,145000
10440522,145100
10440543,145200
10440565,145300
10440586,145400
10440606,145500
10440630,145600
10440653,145700
10440674,145800
10440694,145900
10440717,146000
10440742,146100
10440768,146200
10440792,146300
10440816,146400
10440838,146500
10440863,146600
10440890,146700
10440915,146800
10440938,146900
10440964,147000
10440990,147100
10441013,147200
10441034,147300
10441056,147400
10441079,147500
10441104,147600
10441123,147700
10441145,147800
10441167,147900
10441197,148000
10441220,148100
10441239,148200
10441262,148300
10441284,148400
10441306,148500
10441329,148600
10441352,148700
10441375,148800
10441400,148900
10441425,149000
10441450,149100
10441473,149200
10441493,149300
10441515,149400
10441537,149500
10441561,149600
10441585,149700
10441606,149800
10441628,149900
10441650,150000
10441964,150100
10441988,150200
10442013,150300
10442037,150400
10442058,150500
10442081,150600
10442103,150700
10442127,150800
10442151,150900
10442174,151000
10442199,151100
10442222,151200
10442243,151300
10442264,151400
10442286,151500
10442305,151600
10442328,151700
10442350,151800
10442373,151900
10442392,152000
10442414,152100
10442436,152200
10442456,152300
10442478,152400
10442501,152500
10442521,152600
10442543,152700
10442568,152800
10442591,152900
10442611,153000
10442631,153100
10442656,153200
10442676,153300
10442697,153400
10442719,153500
10442738,153600
10442761,153700
10442784,153800
10442805,153900
10442824,154000
10442844,154100
10442865,154200
10442886,154300
10442905,154400
10442925,154500
10442948,154600
10442970,154700
10442992,154800
10443010,154900
10443034,155000
10443056,155100
10443080,155200
10443104,155300
10443125,155400
10443148,155500
10443168,155600
10443189,155700
10443212,155800
10443231,155900
10443251,156000
10443273,156100
10443293,156200
10443315,156300
10443339,156400
10443359,156500
10443380,156600
10443402,156700
10443422,156800
10443444,156900
10443466,157000
10443486,157100
10443507,157200
10443529,157300
10443548,157400
10443569,157500
10443591,157600
10443613,157700
10443636,157800
10443654,157900
10443676,158000
10443697,158100
10443717,158200
10443741,158300
10443765,158400
10443784,158500
10443806,158600
10443829,158700
10443847,158800
10443867,158900
10443888,159000
10443905,159100
10443925,159200
10443945,159300
10443965,159400
10443988,159500
10444007,159600
10444028,159700
10444049,159800
10444071,159900
10444090,160000
10444368,160100
10444395,160200
10444419,160300
10444442,160400
10444467,160500
10444796,160600
10444855,160700
10444882,160800
10444903,160900
10444928,161000
10444949,161100
10444974,161200
10444997,161300
10445019,161400
10445043,161500
10445066,161600
10445091,161700
10445114,161800
10445134,161900
10445157,162000
10445180,162100
10445201,162200
10445224,162300
10445247,162400
10445267,162500
10445289,162600
10445312,162700
10445333,162800
10445357,162900
10445381,163000
10445400,163100
10445423,163200
10445445,163300
10445463,163400
10445484,163500
10445506,163600
10445527,163700
10445550,163800
10445573,163900
10445593,164000
10445616,164100
10445638,164200
10445660,164300
10445680,164400
10445702,164500
10445720,164600
10445742,164700
10445766,164800
10445787,164900
10445809,165000
10445831,165100
10445851,165200
10445875,165300
10445898,165400
10445918,165500
10445940,165600
10445963,165700
10445984,165800
10446006,165900
10446031,166000
10446053,166100
10446077,166200
10446102,166300
10446124,166400
10446144,166500
10446166,166600
10446191,166700
10446216,166800
10446241,166900
10446268,167000
10446291,167100
10446315,167200
10446337,167300
10446358,167400
10446379,167500
10446400,167600
10446422,167700
10446445,167800
10446469,167900
10446488,168000
10446510,168100
10446535,168200
10446556,168300
10446578,168400
10446601,168500
10446621,168600
10446644,168700
10446667,168800
10446686,168900
10446708,169000
10446728,169100
10446751,169200
10446775,169300
10446798,169400
10446823,169500
10446845,169600
10446869,169700
10446891,169800
10446913,169900
10446936,170000
10447279,170100
10447303,170200
10447327,170300
10447347,170400
10447370,170500
10447409,170600
10447430,170700
10447450,170800
10447472,170900
10447492,171000
10447520,171100
10447546,171200
10447568,171300
10447590,171400
10447614,171500
10447634,171600
10447655,171700
10447676,171800
10447696,171900
10447719,172000
10447741,172100
10447759,172200
10447783,172300
10447803,172400
10447826,172500
10447848,172600
10447866,172700
10447887,172800
10447909,172900
10447930,173000
10447953,173100
10447975,173200
10447995,173300
10448019,173400
10448044,173500
10448064,173600
10448085,173700
10448105,173800
10448126,173900
10448148,174000
10448174,174100
10448199,174200
10448221,174300
10448246,174400
10448272,174500
10448297,174600
10448319,174700
10448344,174800
10448366,174900
10448387,175000
10448411,175100
10448437,175200
10448463,175300
10448486,175400
10448510,175500
10448540,175600
10448566,175700
10448592,175800
10448614,175900
10448639,176000
10448665,176100
10448689,176200
10448713,176300
10448737,176400
10448760,176500
10448787,176600
10448811,176700
10448832,176800
10448855,176900
10448880,177000
10448906,177100
10448929,177200
10448955,177300
10448981,177400
10449004,177500
10449026,177600
10449050,177700
10449072,177800
10449096,177900
10449119,178000
10449144,178100
10449169,178200
10449194,178300
10449219,178400
10449246,178500
10449272,178600
10449298,178700
10449322,178800
10449347,178900
10449375,179000
10449402,179100
10449431,179200
10449455,179300
10449485,179400
10449517,179500
10449542,179600
10449582,179700
10449614,179800
10449646,179900
10449671,180000
10449991,180100
10450026,180200
10450060,180300
10450096,180400
10450128,180500
10450162,180600
10450199,180700
10450235,180800
10450270,180900
10450305,181000
10450342,181100
10450379,181200
10450418,181300
10450769,181400
10450847,181500
10450887,181600
10450919,181700
10450948,181800
10450988,181900
10451022,182000
10451057,182100
10451094,182200
10451127,182300
10451158,182400
10451190,182500
10451223,182600
10451246,182700
10451272,182800
10451310,182900
10451346,183000
10451389,183100
10451426,183200
10451448,183300
10451485,183400
10451522,183500
10451551,183600
10451582,183700
10451622,183800
10451657,183900
10451691,184000
10451726,184100
10451756,184200
10451791,184300
10451837,184400
10451884,184500
10451927,184600
10451967,184700
10452013,184800
10452048,184900
10452084,185000
10452125,185100
10452158,185200
10452190,185300
10452235,185400
10452269,185500
10452308,185600
10452346,185700
10452377,185800
10452408,185900
10452439,186000
10452476,186100
10452507,186200
10452548,186300
10452584,186400
10452618,186500
10452658,186600
10452693,186700
10452727,186800
10452761,186900
10452795,187000
10452826,187100
10452856,187200
10452903,187300
10452936,187400
10452968,187500
10453002,187600
10453035,187700
10453067,187800
10453102,187900
10453130,188000
10453162,188100
10453193,188200
10453223,188300
10453263,188400
10453300,188500
10453335,188600
10453373,188700
10453409,188800
10453437,188900
10453476,189000
10453505,189100
10453539,189200
10453576,189300
10453617,189400
10453655,189500
10453693,189600
10453728,189700
10453772,189800
10453813,189900
10453850,190000
10454378,190100
10454417,190200
10454453,190300
10454493,190400
10454530,190500
10454563,190600
10454598,190700
10454631,190800
10454664,190900
10454695,191000
10454723,191100
10454757,191200
10454794,191300
10454824,191400
10454856,191500
10454894,191600
10454937,191700
10454984,191800
10455021,191900
10455054,192000
10455089,192100
10455124,192200
10455159,192300
10455197,192400
10455235,192500
10455270,192600
10455307,192700
10455342,192800
10455381,192900
10455417,193000
10455449,193100
10455482,193200
10455524,193300
10455552,193400
10455588,193500
10455618,193600
10455662,193700
10455705,193800
10455738,193900
10455780,194000
10455822,194100
10455865,194200
10455909,194300
10455954,194400
10455993,194500
10456033,194600
10456071,194700
10456110,194800
10456145,194900
10456180,195000
10456222,195100
10456261,195200
10456297,195300
10456336,195400
10456373,195500
10456415,195600
10456804,195700
10456840,195800
10456880,195900
10456917,196000
10456956,196100
10457003,196200
10457038,196300
10457070,196400
10457111,196500
10457150,196600
10457188,196700
10457226,196800
10457258,196900
10457295,197000
10457332,197100
10457372,197200
10457407,197300
10457442,197400
10457480,197500
10457517,197600
10457553,197700
10457589,197800
10457624,197900
10457660,198000
10457697,198100
10457732,198200
10457770,198300
10457811,198400
10457844,198500
10457878,198600
10457915,198700
10457950,198800
10457985,198900
10458021,199000
10458050,199100
10458081,199200
10458112,199300
10458147,199400
10458186,199500
10458224,199600
10458259,199700
10458294,199800
10458328,199900
10458359,200000
10458869,200100
10458902,200200
10458938,200300
10458977,200400
10459011,200500
10459055,200600
10459101,200700
10459136,200800
10459173,200900
10459217,201000
10459246,201100
10459280,201200
10459313,201300
10459348,201400
10459389,201500
10459434,201600
10459477,201700
10459525,201800
10459572,201900
10459615,202000
10459651,202100
10459689,202200
10459733,202300
10459769,202400
10459811,202500
10459852,202600
10459888,202700
10459928,202800
10459984,202900
10460051,203000
10460094,203100
10460132,203200
10460174,203300
10460211,203400
10460251,203500
10460289,203600
10460327,203700
10460374,203800
10460410,203900
10460450,204000
10460491,204100
10460528,204200
10460566,204300
10460606,204400
10460640,204500
10460686,204600
10460727,204700
10460763,204800
10460806,204900
10460847,205000
10460880,205100
10460907,205200
10460937,205300
10460965,205400
10460998,205500
10461028,205600
10461070,205700
10461112,205800
10461146,205900
10461182,206000
10461219,206100
10461256,206200
10461294,206300
10461327,206400
10461361,206500
10461400,206600
10461439,206700
10461479,206800
10461517,206900
10461571,207000
10461607,207100
10461643,207200
10461684,207300
10461715,207400
10461746,207500
10461781,207600
10461817,207700
10461850,207800
10461886,207900
10461925,208000
10461965,208100
10462009,208200
10462051,208300
10462099,208400
10462133,208500
10462175,208600
10462220,208700
10462261,208800
10462302,208900
10462345,209000
10462384,209100
10462424,209200
10462824,209300
10462858,209400
10462896,209500
10462938,209600
10462976,209700
10463014,209800
10463053,209900
10463086,210000
10463574,210100
10463613,210200
10463656,210300
10463697,210400
10463730,210500
10463761,210600
10463797,210700
10463830,210800
10463878,210900
10463923,211000
10463966,211100
10464012,211200
10464051,211300
10464092,211400
10464135,211500
10464178,211600
10464220,211700
10464263,211800
10464308,211900
10464354,212000
10464397,212100
10464447,212200
10464486,212300
10464528,212400
10464573,212500
10464618,212600
10464664,212700
10464711,212800
10464759,212900
10464808,213000
10464856,213100
10464896,213200
10464935,213300
10464980,213400
10465024,213500
10465060,213600
10465100,213700
10465137,213800
10465176,213900
10465213,214000
10465253,214100
10465292,214200
10465330,214300
10465365,214400
10465399,214500
10465432,214600
10465463,214700
10465502,214800
10465542,214900
10465578,215000
10465624,215100
10465668,215200
10465713,215300
10465757,215400
10465799,215500
10465838,215600
10465877,215700
10465929,215800
10465971,215900
10466018,216000
10466079,216100
10466135,216200
10466184,216300
10466233,216400
10466274,216500
10466323,216600
10466372,216700
10466428,216800
10466478,216900
10466538,217000
10466593,217100
10466637,217200
10466685,217300
10466729,217400
10466775,217500
10466823,217600
10466876,217700
10466930,217800
10466975,217900
10467025,218000
10467078,218100
10467124,218200
10467170,218300
10467218,218400
10467277,218500
10467327,218600
10467376,218700
10467420,218800
10467458,218900
10467500,219000
10467554,219100
10467608,219200
10467656,219300
10467704,219400
10467748,219500
10467793,219600
10467846,219700
10467888,219800
10467932,219900
10467987,220000
10468927,220100
10468978,220200
10469029,220300
10469079,220400
10469123,220500
10469176,220600
10469218,220700
10469268,220800
10469319,220900
10469363,221000
10469412,221100
10469462,221200
10469504,221300
10469547,221400
10469582,221500
10469629,221600
10469666,221700
10469711,221800
10469756,221900
10469800,222000
10469849,222100
10469888,222200
10469933,222300
10469970,222400
10470018,222500
10470061,222600
10470107,222700
10470157,222800
10470202,222900
10470249,223000
10470293,223100
10470343,223200
10470388,223300
10470431,223400
10470477,223500
10470523,223600
10470579,223700
10470630,223800
10470683,223900
10470726,224000
10470768,224100
10470815,224200
10470861,224300
10470918,224400
10470974,224500
10471032,224600
10471085,224700
10471140,224800
10471184,224900
10471227,225000
10471276,225100
10471320,225200
10471368,225300
10471412,225400
10471467,225500
10471528,225600
10471580,225700
10471630,225800
10471679,225900
10471728,226000
10471783,226100
10471820,226200
10471860,226300
10471892,226400
10471932,226500
10471974,226600
10472021,226700
10472067,226800
10472112,226900
10472153,227000
10472200,227100
10472243,227200
10472294,227300
10472337,227400
10472388,227500
10472430,227600
10472476,227700
10472516,227800
10472570,227900
10472626,228000
10472682,228100
10472742,228200
10472804,228300
10472857,228400
10472919,228500
10472974,228600
10473029,228700
10473080,228800
10473137,228900
10473185,229000
10473229,229100
10473287,229200
10473344,229300
10473420,229400
10473488,229500
10473562,229600
10473627,229700
10473693,229800
10473761,229900
10473814,230000
10474319,230100
10474384,230200
10474448,230300
10474518,230400
10474577,230500
10474997,230600
10475067,230700
10475137,230800
10475214,230900
10475269,231000
10475333,231100
10475385,231200
10475438,231300
10475498,231400
10475554,231500
10475613,231600
10475679,231700
10475735,231800
10475802,231900
10475850,232000
10475922,232100
10475985,232200
10476036,232300
10476085,232400
10476136,232500
10476195,232600
10476252,232700
10476310,232800
10476373,232900
10476443,233000
10476502,233100
10476563,233200
10476618,233300
10476672,233400
10476735,233500
10476782,233600
10476834,233700
10476884,233800
10476945,233900
10477003,234000
10477064,234100
10477123,234200
10477187,234300
10477249,234400
10477298,234500
10477354,234600
10477409,234700
10477468,234800
10477532,234900
10477588,235000
10477651,235100
10477707,235200
10477764,235300
10477823,235400
10477879,235500
10477937,235600
10477995,235700
10478049,235800
10478102,235900
10478155,236000
10478218,236100
10478279,236200
10478346,236300
10478413,236400
10478473,236500
10478529,236600
10478590,236700
10478645,236800
10478693,236900
10478746,237000
10478808,237100
10478868,237200
10478929,237300
10478978,237400
10479034,237500
10479094,237600
10479145,237700
10479225,237800
10479277,237900
10479326,238000
10479379,238100
10479428,238200
10479484,238300
10479541,238400
10479598,238500
10479658,238600
10479709,238700
10479764,238800
10479810,238900
10479862,239000
10479905,239100
10479949,239200
10479993,239300
10480041,239400
10480085,239500
10480139,239600
10480184,239700
10480236,239800
10480283,239900
10480338,240000
10481129,240100
10481189,240200
10481244,240300
10481293,240400
10481341,240500
10481395,240600
10481442,240700
10481491,240800
10481544,240900
10481591,241000
10481637,241100
10481686,241200
10481733,241300
10481789,241400
10481841,241500
10481896,241600
10481943,241700
10481984,241800
10482028,241900
10482074,242000
10482132,242100
10482187,242200
10482253,242300
10482310,242400
10482366,242500
10482418,242600
10482467,242700
10482510,242800
10482557,242900
10482599,243000
10482652,243100
10482705,243200
10482757,243300
10482800,243400
10482851,243500
10482899,243600
10482950,243700
10482998,243800
10483049,243900
10483092,244000
10483137,244100
10483188,244200
10483240,244300
10483297,244400
10483349,244500
10483390,244600
10483437,244700
10483495,244800
10483536,244900
10483586,245000
10483630,245100
10483675,245200
10483715,245300
10483759,245400
10483800,245500
10483848,245600
10483890,245700
10483936,245800
10483980,245900
10484024,246000
10484070,246100
10484121,246200
10484181,246300
10484223,246400
10484264,246500
10484304,246600
10484352,246700
10484397,246800
10484445,246900
10484492,247000
10484539,247100
10484590,247200
10484638,247300
10484681,247400
10484725,247500
10484764,247600
10484804,247700
10484842,247800
10484880,247900
10484933,248000
10484987,248100
10485045,248200
10485098,248300
10485155,248400
10485206,248500
10485253,248600
10485300,248700
10485344,248800
10485383,248900
10485435,249000
10485486,249100
10485528,249200
10485574,249300
10485626,249400
10485680,249500
10485736,249600
10485793,249700
10485843,249800
10485895,249900
10485937,250000
10486432,250100
10486475,250200
10486518,250300
10486567,250400
10486621,250500
10486672,250600
10486724,250700
10486776,250800
10487169,250900
10487226,251000
10487270,251100
10487318,251200
10487365,251300
10487406,251400
10487444,251500
10487488,251600
10487530,251700
10487581,251800
10487649,251900
10487700,252000
10487764,252100
10487822,252200
10487877,252300
10487927,252400
10487985,252500
10488032,252600
10488079,252700
10488119,252800
10488164,252900
10488215,253000
10488271,253100
10488320,253200
10488378,253300
10488427,253400
10488482,253500
10488525,253600
10488575,253700
10488625,253800
10488681,253900
10488728,254000
10488778,254100
10488831,254200
10488886,254300
10488942,254400
10488995,254500
10489056,254600
10489108,254700
10489162,254800
10489208,254900
10489256,255000
10489306,255100
10489350,255200
10489391,255300
10489432,255400
10489472,255500
10489512,255600
10489551,255700
10489598,255800
10489646,255900
10489694,256000
10489743,256100
10489800,256200
10489850,256300
10489899,256400
10489948,256500
10489999,256600
10490048,256700
10490097,256800
10490141,256900
10490192,257000
10490238,257100
10490288,257200
10490330,257300
10490375,257400
10490423,257500
10490477,257600
10490520,257700
10490563,257800
10490603,257900
10490644,258000
10490691,258100
10490741,258200
10490788,258300
10490861,258400
10490908,258500
10490973,258600
10491028,258700
10491075,258800
10491130,258900
10491178,259000
10491230,259100
10491278,259200
10491326,259300
10491371,259400
10491416,259500
10491461,259600
10491513,259700
10491564,259800
10491616,259900
10491661,260000
10492210,260100
10492264,260200
10492326,260300
10492374,260400
10492434,260500
10492480,260600
10492526,260700
10492575,260800
10492626,260900
10492691,261000
10492739,261100
10492797,261200
10492854,261300
10493262,261400
10493314,261500
10493369,261600
10493421,261700
10493469,261800
10493510,261900
10493548,262000
10493596,262100
10493646,262200
10493703,262300
10493753,262400
10493804,262500
10493855,262600
10493911,262700
10493959,262800
10494014,262900
10494064,263000
10494108,263100
10494153,263200
10494199,263300
10494246,263400
10494293,263500
10494338,263600
10494391,263700
10494429,263800
10494475,263900
10494524,264000
10494571,264100
10494634,264200
10494685,264300
10494743,264400
10494794,264500
10494842,264600
10494900,264700
10494951,264800
10494991,264900
10495044,265000
10495100,265100
10495155,265200
10495207,265300
10495265,265400
10495320,265500
10495379,265600
10495447,265700
10495509,265800
10495562,265900
10495613,266000
10495663,266100
10495712,266200
10495766,266300
10495810,266400
10495860,266500
10495919,266600
10495974,266700
10496037,266800
10496090,266900
10496146,267000
10496193,267100
10496256,267200
10496305,267300
10496354,267400
10496401,267500
10496451,267600
10496494,267700
10496550,267800
10496597,267900
10496661,268000
10496721,268100
10496814,268200
10496893,268300
10496972,268400
10497055,268500
10497142,268600
10497224,268700
10497301,268800
10497366,268900
10497420,269000
10497495,269100
10497552,269200
10497616,269300
10497677,269400
10497760,269500
10497823,269600
10497897,269700
10497964,269800
10498015,269900
10498074,270000
10498912,270100
10499337,270200
10499418,270300
10499527,270400
10499630,270500
10499714,270600
10499798,270700
10499902,270800
10499984,270900
10500070,271000
10500149,271100
10500223,271200
10500290,271300
10500357,271400
10500428,271500
10500506,271600
10500607,271700
10500688,271800
10500782,271900
10500872,272000
10500952,272100
10501046,272200
10501131,272300
10501203,272400
10501272,272500
10501355,272600
10501438,272700
10501521,272800
10501593,272900
10501669,273000
10501758,273100
10501842,273200
10501924,273300
10501982,273400
10502079,273500
10502150,273600
10502216,273700
10502275,273800
10502332,273900
10502404,274000
10502483,274100
10502548,274200
10502633,274300
10502704,274400
10502766,274500
10502838,274600
10502910,274700
10502981,274800
10503050,274900
10503122,275000
10503197,275100
10503267,275200
10503343,275300
10503418,275400
10503481,275500
10503558,275600
10503636,275700
10503696,275800
10503763,275900
10503831,276000
10503897,276100
10503976,276200
10504049,276300
10504109,276400
10504179,276500
10504251,276600
10504321,276700
10504392,276800
10504460,276900
10504524,277000
10504595,277100
10504671,277200
10504736,277300
10504797,277400
10504873,277500
10504941,277600
10505020,277700
10505436,277800
10505502,277900
10505563,278000
10505606,278100
10505708,278200
10505792,278300
10505868,278400
10505948,278500
10506010,278600
10506085,278700
10506153,278800
10506235,278900
10506325,279000
10506395,279100
10506475,279200
10506537,279300
10506628,279400
10506688,279500
10506749,279600
10506808,279700
10506878,279800
10506936,279900
10507006,280000
10507990,280100
10508050,280200
10508113,280300
10508191,280400
10508262,280500
10508333,280600
10508401,280700
10508459,280800
10508534,280900
10508601,281000
10508679,281100
10508744,281200
10508805,281300
10508872,281400
10508938,281500
10509023,281600
10509100,281700
10509178,281800
10509240,281900
10509310,282000
10509386,282100
10509456,282200
10509525,282300
10509595,282400
10509669,282500
10509737,282600
10509809,282700
10509881,282800
10509964,282900
10510044,283000
10510118,283100
10510192,283200
10510264,283300
10510328,283400
10510400,283500
10510459,283600
10510531,283700
10510596,283800
10510660,283900
10510739,284000
10510817,284100
10510901,284200
10510974,284300
10511061,284400
10511486,284500
10511569,284600
10511671,284700
10511740,284800
10511813,284900
10511894,285000
10511975,285100
10512058,285200
10512131,285300
10512225,285400
10512331,285500
10512411,285600
10512493,285700
10512575,285800
10512660,285900
10512731,286000
10512796,286100
10512858,286200
10512933,286300
10513013,286400
10513096,286500
10513179,286600
10513247,286700
10513330,286800
10513404,286900
10513489,287000
10513574,287100
10513646,287200
10513722,287300
10513799,287400
10513882,287500
10513957,287600
10514054,287700
10514147,287800
10514236,287900
10514316,288000
10514395,288100
10514476,288200
10514551,288300
10514680,288400
10514763,288500
10514846,288600
10514941,288700
10515049,288800
10515160,288900
10515253,289000
10515349,289100
10515432,289200
10515516,289300
10515602,289400
10515682,289500
10515756,289600
10515836,289700
10515942,289800
10516034,289900
10516126,290000
10517680,290100
10517771,290200
10517858,290300
10517942,290400
10518044,290500
10518142,290600
10518213,290700
10518290,290800
10518364,290900
10518439,291000
10518524,291100
10518592,291200
10518675,291300
10518762,291400
10518837,291500
10518931,291600
10519014,291700
10519091,291800
10519187,291900
10519247,292000
10519309,292100
10519386,292200
10519460,292300
10519553,292400
10519642,292500
10519723,292600
10519816,292700
10519897,292800
10519973,292900
10520052,293000
10520121,293100
10520196,293200
10520279,293300
10520352,293400
10520430,293500
10520513,293600
10520599,293700
10520672,293800
10520748,293900
10520823,294000
10520899,294100
10520971,294200
10521044,294300
10521120,294400
10521193,294500
10521275,294600
10521360,294700
10521448,294800
10521535,294900
10521617,295000
10521698,295100
10521802,295200
10521881,295300
10521960,295400
10522023,295500
10522079,295600
10522155,295700
10522231,295800
10522318,295900
10522401,296000
10522509,296100
10522604,296200
10522687,296300
10522770,296400
10522841,296500
10522922,296600
10522997,296700
10523063,296800
10523139,296900
10523212,297000
10523294,297100
10523761,297200
10523834,297300
10523925,297400
10524002,297500
10524096,297600
10524179,297700
10524249,297800
10524326,297900
10524397,298000
10524468,298100
10524553,298200
10524631,298300
10524719,298400
10524814,298500
10524899,298600
10524972,298700
10525039,298800
10525116,298900
10525193,299000
10525265,299100
10525356,299200
10525448,299300
10525521,299400
10525611,299500
10525696,299600
10525776,299700
10525873,299800
10525951,299900
10526026,300000
10527360,300100
10527424,300200
10527513,300300
10527593,300400
10527681,300500
10527760,300600
10527841,300700
10527925,300800
10528013,300900
10528089,301000
10528170,301100
10528236,301200
10528318,301300
10528389,301400
10528469,301500
10528554,301600
10528633,301700
10528728,301800
10528809,301900
10528889,302000
10528965,302100
10529052,302200
10529143,302300
10529210,302400
10529285,302500
10529373,302600
10529799,302700
10529887,302800
10529982,302900
10530064,303000
10530159,303100
10530255,303200
10530332,303300
10530417,303400
10530519,303500
10530591,303600
10530672,303700
10530751,303800
10530827,303900
10530912,304000
10531010,304100
10531082,304200
10531180,304300
10531268,304400
10531355,304500
10531444,304600
10531513,304700
10531585,304800
10531679,304900
10531771,305000
10531854,305100
10531953,305200
10532033,305300
10532117,305400
10532206,305500
10532291,305600
10532363,305700
10532438,305800
10532498,305900
10532575,306000
10532655,306100
10532732,306200
10532819,306300
10532898,306400
10532977,306500
10533067,306600
10533152,306700
10533230,306800
10533302,306900
10533373,307000
10533457,307100
10533517,307200
10533602,307300
10533676,307400
10533756,307500
10533828,307600
10533904,307700
10533986,307800
10534066,307900
10534147,308000
10534214,308100
10534293,308200
10534368,308300
10534444,308400
10534523,308500
10534615,308600
10534736,308700
10534843,308800
10534941,308900
10535039,309000
10535138,309100
10535215,309200
10535287,309300
10535369,309400
10535458,309500
10535886,309600
10535987,309700
10536078,309800
10536165,309900
10536275,310000
10537631,310100
10537713,310200
10537799,310300
10537871,310400
10537949,310500
10538027,310600
10538113,310700
10538210,310800
10538299,310900
10538369,311000
10538464,311100
10538536,311200
10538620,311300
10538701,311400
10538769,311500
10538852,311600
10538923,311700
10539009,311800
10539102,311900
10539191,312000
10539281,312100
10539371,312200
10539461,312300
10539543,312400
10539636,312500
10539717,312600
10539787,312700
10539886,312800
10539973,312900
10540049,313000
10540140,313100
10540223,313200
10540310,313300
10540410,313400
10540484,313500
10540568,313600
10540639,313700
10540710,313800
10540805,313900
10540906,314000
10541004,314100
10541103,314200
10541195,314300
10541278,314400
10541366,314500
10541453,314600
10541526,314700
10541599,314800
10542012,314900
10542105,315000
10542195,315100
10542279,315200
10542372,315300
10542458,315400
10542565,315500
10542652,315600
10542746,315700
10542827,315800
10542955,315900
10543039,316000
10543115,316100
10543200,316200
10543285,316300
10543381,316400
10543460,316500
10543546,316600
10543639,316700
10543728,316800
10543816,316900
10543908,317000
10543984,317100
10544060,317200
10544142,317300
10544239,317400
10544337,317500
10544423,317600
10544508,317700
10544601,317800
10544673,317900
10544766,318000
10544843,318100
10544925,318200
10545000,318300
10545066,318400
10545150,318500
10545234,318600
10545340,318700
10545435,318800
10545517,318900
10545607,319000
10545697,319100
10545782,319200
10545887,319300
10545955,319400
10546034,319500
10546132,319600
10546212,319700
10546322,319800
10546444,319900
10546573,320000
10548219,320100
10548299,320200
10548372,320300
10548466,320400
10548526,320500
10548596,320600
10548691,320700
10548786,320800
10548876,320900
10548980,321000
10549063,321100
10549138,321200
10549225,321300
10549310,321400
10549399,321500
10549483,321600
10549559,321700
10549640,321800
10549723,321900
10549809,322000
10549899,322100
10549995,322200
10550097,322300
10550193,322400
10550282,322500
10550376,322600
10550468,322700
10550566,322800
10550653,322900
10550779,323000
10550884,323100
10550981,323200
10551082,323300
10551176,323400
10551266,323500
10551359,323600
10551461,323700
10551561,323800
10551643,323900
10551748,324000
10551838,324100
10551947,324200
10552042,324300
10552140,324400
10552249,324500
10552349,324600
10552438,324700
10552531,324800
10552626,324900
10552718,325000
10552824,325100
10552928,325200
10553041,325300
10553144,325400
10553249,325500
10553342,325600
10553446,325700
10553566,325800
10553648,325900
10553731,326000
10554225,326100
10554329,326200
10554434,326300
10554533,326400
10554624,326500
10554728,326600
10554829,326700
10554922,326800
10555020,326900
10555114,327000
10555224,327100
10555318,327200
10555425,327300
10555531,327400
10555661,327500
10555761,327600
10555850,327700
10555946,327800
10556031,327900
10556118,328000
10556208,328100
10556296,328200
10556400,328300
10556503,328400
10556600,328500
10556700,328600
10556798,328700
10556901,328800
10557023,328900
10557139,329000
10557233,329100
10557331,329200
10557437,329300
10557531,329400
10557650,329500
10557765,329600
10557871,329700
10558009,329800
10558124,329900
10558231,330000
10559391,330100
10559482,330200
10559584,330300
10559691,330400
10559811,330500
10559911,330600
10560364,330700
10560471,330800
10560566,330900
10560675,331000
10560759,331100
10560857,331200
10560956,331300
10561056,331400
10561170,331500
10561282,331600
10561383,331700
10561491,331800
10561605,331900
10561694,332000
10561811,332100
10561901,332200
10561998,332300
10562123,332400
10562247,332500
10562346,332600
10562474,332700
10562581,332800
10562690,332900
10562790,333000
10562891,333100
10562992,333200
10563101,333300
10563202,333400
10563312,333500
10563416,333600
10563511,333700
10563631,333800
10563729,333900
10563829,334000
10563938,334100
10564026,334200
10564133,334300
10564250,334400
10564377,334500
10564513,334600
10564635,334700
10564764,334800
10564890,334900
10565003,335000
10565108,335100
10565219,335200
10565342,335300
10565466,335400
10565579,335500
10565694,335600
10565798,335700
10565882,335800
10565978,335900
10566418,336000
10566517,336100
10566615,336200
10566694,336300
10566808,336400
10566897,336500
10567004,336600
10567106,336700
10567198,336800
10567280,336900
10567355,337000
10567438,337100
10567540,337200
10567633,337300
10567735,337400
10567841,337500
10567943,337600
10568061,337700
10568146,337800
10568250,337900
10568362,338000
10568462,338100
10568571,338200
10568681,338300
10568798,338400
10568894,338500
10569011,338600
10569113,338700
10569256,338800
10569408,338900
10569533,339000
10569656,339100
10569759,339200
10569953,339300
10570074,339400
10570162,339500
10570276,339600
10570385,339700
10570501,339800
10570612,339900
10570715,340000
10571859,340100
10571972,340200
10572084,340300
10572541,340400
10572684,340500
10572812,340600
10572921,340700
10573021,340800
10573110,340900
10573205,341000
10573304,341100
10573399,341200
10573493,341300
10573600,341400
10573672,341500
10573785,341600
10573881,341700
10573998,341800
10574088,341900
10574192,342000
10574284,342100
10574385,342200
10574471,342300
10574562,342400
10574657,342500
10574783,342600
10574883,342700
10574992,342800
10575095,342900
10575194,343000
10575303,343100
10575418,343200
10575537,343300
10575666,343400
10575786,343500
10575932,343600
10576048,343700
10576161,343800
10576276,343900
10576394,344000
10576506,344100
10576599,344200
10576708,344300
10576802,344400
10576976,344500
10577104,344600
10577207,344700
10577324,344800
10577450,344900
10577580,345000
10577681,345100
10577794,345200
10577908,345300
10578016,345400
10578131,345500
10578618,345600
10578717,345700
10578850,345800
10578977,345900
10579096,346000
10579223,346100
10579344,346200
10579476,346300
10579603,346400
10579722,346500
10579843,346600
10579946,346700
10580070,346800
10580203,346900
10580334,347000
10580450,347100
10580580,347200
10580719,347300
10580841,347400
10580963,347500
10581087,347600
10581183,347700
10581304,347800
10581436,347900
10581545,348000
10581663,348100
10581783,348200
10581911,348300
10582042,348400
10582162,348500
10582272,348600
10582379,348700
10582498,348800
10582718,348900
10582802,349000
10582910,349100
10583005,349200
10583107,349300
10583233,349400
10583320,349500
10583423,349600
10583536,349700
10583630,349800
10583753,349900
10583879,350000
10585229,350100
10585350,350200
10585488,350300
10585602,350400
10585710,350500
10585836,350600
10585942,350700
10586038,350800
10586156,350900
10586287,351000
10586390,351100
10586519,351200
10586649,351300
10586759,351400
10586888,351500
10586999,351600
10587117,351700
10587215,351800
10587333,351900
10587457,352000
10587571,352100
10587702,352200
10587824,352300
10587936,352400
10588052,352500
10588161,352600
10588274,352700
10588382,352800
10588497,352900
10588612,353000
10588722,353100
10588852,353200
10588977,353300
10589100,353400
10589238,353500
10589356,353600
10589474,353700
10589574,353800
10589697,353900
10589838,354000
10589970,354100
10590098,354200
10590235,354300
10590358,354400
10590474,354500
10590932,354600
10591053,354700
10591153,354800
10591280,354900
10591406,355000
10591519,355100
10591632,355200
10591753,355300
10591873,355400
10591987,355500
10592121,355600
10592235,355700
10592358,355800
10592473,355900
10592601,356000
10592715,356100
10592832,356200
10592946,356300
10593106,356400
10593215,356500
10593321,356600
10593445,356700
10593534,356800
10593647,356900
10593761,357000
10593873,357100
10594007,357200
10594119,357300
10594214,357400
10594333,357500
10594459,357600
10594578,357700
10594697,357800
10594827,357900
10594954,358000
10595074,358100
10595207,358200
10595340,358300
10595538,358400
10595649,358500
10595786,358600
10595927,358700
10596028,358800
10596149,358900
10596301,359000
10596424,359100
10596559,359200
10597044,359300
10597179,359400
10597286,359500
10597416,359600
10597525,359700
10597609,359800
10597725,359900
10597837,360000
10599890,360100
10600023,360200
10600154,360300
10600268,360400
10600386,360500
10600499,360600
10600618,360700
10600722,360800
10600823,360900
10600949,361000
10601089,361100
10601217,361200
10601375,361300
10601500,361400
10601620,361500
10601746,361600
10601889,361700
10602013,361800
10602128,361900
10602253,362000
10602395,362100
10602536,362200
10602644,362300
10603117,362400
10603228,362500
10603337,362600
10603462,362700
10603603,362800
10603705,362900
10603843,363000
10603984,363100
10604114,363200
10604269,363300
10604419,363400
10604569,363500
10604693,363600
10604823,363700
10604946,363800
10605045,363900
10605181,364000
10605303,364100
10605459,364200
10605620,364300
10605765,364400
10605904,364500
10606063,364600
10606214,364700
10606376,364800
10606550,364900
10606706,365000
10606897,365100
10607045,365200
10607188,365300
10607332,365400
10607475,365500
10607624,365600
10607755,365700
10607899,365800
10608021,365900
10608153,366000
10608294,366100
10608430,366200
10608555,366300
10608706,366400
10608842,366500
10609299,366600
10609419,366700
10609534,366800
10609658,366900
10609775,367000
10609918,367100
10610119,367200
10610257,367300
10610421,367400
10610614,367500
10610809,367600
10610991,367700
10611175,367800
10611348,367900
10611533,368000
10611648,368100
10611779,368200
10611915,368300
10612098,368400
10612292,368500
10612480,368600
10612675,368700
10612828,368800
10612948,368900
10613059,369000
10613179,369100
10613290,369200
10613439,369300
10613544,369400
10613688,369500
10613833,369600
10613946,369700
10614076,369800
10614205,369900
10614332,370000
10617331,370100
10617460,370200
10617590,370300
10617718,370400
10617851,370500
10617974,370600
10618080,370700
10618215,370800
10618324,370900
10618435,371000
10618550,371100
10618678,371200
10618792,371300
10618929,371400
10619070,371500
10619175,371600
10619300,371700
10619425,371800
10619557,371900
10619676,372000
10619792,372100
10619899,372200
10620029,372300
10620145,372400
10620292,372500
10620414,372600
10620563,372700
10620713,372800
10620843,372900
10620945,373000
10621420,373100
10621552,373200
10621659,373300
10621795,373400
10621923,373500
10622070,373600
10622204,373700
10622365,373800
10622503,373900
10622633,374000
10622780,374100
10622921,374200
10623058,374300
10623225,374400
10623366,374500
10623523,374600
10623681,374700
10623826,374800
10623980,374900
10624138,375000
10624281,375100
10624421,375200
10624554,375300
10624711,375400
10624865,375500
10625002,375600
10625150,375700
10625268,375800
10625389,375900
10625524,376000
10625651,376100
10625771,376200
10625913,376300
10626031,376400
10626192,376500
10626325,376600
10626448,376700
10626611,376800
10626758,376900
10626882,377000
10627035,377100
10627539,377200
10627665,377300
10627773,377400
10627967,377500
10628102,377600
10628231,377700
10628388,377800
10628554,377900
10628712,378000
10628863,378100
10629024,378200
10629184,378300
10629316,378400
10629457,378500
10629607,378600
10629755,378700
10629901,378800
10630054,378900
10630202,379000
10630348,379100
10630496,379200
10630680,379300
10630831,379400
10631001,379500
10631129,379600
10631285,379700
10631473,379800
10631633,379900
10631780,380000
10634701,380100
10634853,380200
10635018,380300
10635170,380400
10635293,380500
10635455,380600
10635612,380700
10635758,380800
10635906,380900
10636071,381000
10636224,381100
10636387,381200
10636532,381300
10636677,381400
10636833,381500
10636983,381600
10637141,381700
10637310,381800
10637497,381900
10637701,382000
10637926,382100
10638124,382200
10638305,382300
10638491,382400
10638639,382500
10638798,382600
10638970,382700
10639141,382800
10639313,382900
10639860,383000
10640004,383100
10640150,383200
10640311,383300
10640443,383400
10640605,383500
10640748,383600
10640887,383700
10641035,383800
10641183,383900
10641314,384000
10641497,384100
10641649,384200
10641786,384300
10641942,384400
10642096,384500
10642226,384600
10642361,384700
10642478,384800
10642632,384900
10642778,385000
10642914,385100
10643067,385200
10643213,385300
10643354,385400
10643519,385500
10643671,385600
10643841,385700
10644002,385800
10644134,385900
10644310,386000
10644492,386100
10644686,386200
10644867,386300
10645028,386400
10645188,386500
10645353,386600
10645512,386700
10646032,386800
10646196,386900
10646348,387000
10646535,387100
10646719,387200
10646905,387300
10647064,387400
10647240,387500
10647415,387600
10647568,387700
10647711,387800
10647882,387900
10648080,388000
10648255,388100
10648433,388200
10648626,388300
10648816,388400
10648989,388500
10649167,388600
10649340,388700
10649531,388800
10649712,388900
10649887,389000
10650057,389100
10650249,389200
10650409,389300
10650567,389400
10650764,389500
10650987,389600
10651188,389700
10651361,389800
10651554,389900
10652100,390000
10654903,390100
10655031,390200
10655180,390300
10655315,390400
10655451,390500
10655591,390600
10655768,390700
10655938,390800
10656099,390900
10656246,391000
10656401,391100
10656548,391200
10656685,391300
10656848,391400
10656999,391500
10657175,391600
10657303,391700
10657469,391800
10657636,391900
10657818,392000
10658315,392100
10658494,392200
10658643,392300
10658801,392400
10658984,392500
10659126,392600
10659276,392700
10659434,392800
10659605,392900
10659761,393000
10659960,393100
10660120,393200
10660305,393300
10660504,393400
10660705,393500
10660890,393600
10661079,393700
10661257,393800
10661413,393900
10661598,394000
10661812,394100
10662053,394200
10662254,394300
10662463,394400
10662637,394500
10662804,394600
10662970,394700
10663117,394800
10663298,394900
10663475,395000
10663675,395100
10663867,395200
10664413,395300
10664610,395400
10664863,395500
10665023,395600
10665217,395700
10665363,395800
10665510,395900
10665656,396000
10665836,396100
10666051,396200
10666261,396300
10666471,396400
10666649,396500
10666813,396600
10666985,396700
10667148,396800
10667316,396900
10667496,397000
10667650,397100
10667818,397200
10667995,397300
10668172,397400
10668361,397500
10668552,397600
10668718,397700
10668919,397800
10669078,397900
10669261,398000
10669426,398100
10669597,398200
10669765,398300
10669940,398400
10670472,398500
10670668,398600
10670853,398700
10671076,398800
10671274,398900
10671448,399000
10671628,399100
10671829,399200
10672032,399300
10672228,399400
10672458,399500
10672684,399600
10672907,399700
10673141,399800
10673373,399900
10673576,400000
10675927,400100
10676144,400200
10676666,400300
10676824,400400
10677037,400500
10677248,400600
10677457,400700
10677677,400800
10677883,400900
10678106,401000
10678332,401100
10678524,401200
10678728,401300
10678901,401400
10679092,401500
10679261,401600
10679459,401700
10679641,401800
10679859,401900
10680034,402000
10680210,402100
10680360,402200
10680518,402300
10680694,402400
10680861,402500
10681039,402600
10681236,402700
10681404,402800
10681570,402900
10681751,403000
10681942,403100
10682108,403200
10682303,403300
10682821,403400
10682979,403500
10683178,403600
10683371,403700
10683552,403800
10683734,403900
10683907,404000
10684095,404100
10684251,404200
10684413,404300
10684584,404400
10684744,404500
10684922,404600
10685129,404700
10685281,404800
10685516,404900
10685801,405000
10686006,405100
10686215,405200
10686394,405300
10686633,405400
10686877,405500
10687062,405600
10687226,405700
10687407,405800
10687601,405900
10687772,406000
10687958,406100
10688139,406200
10688309,406300
10688489,406400
10688991,406500
10689142,406600
10689299,406700
10689474,406800
10689671,406900
10689869,407000
10690032,407100
10690214,407200
10690386,407300
10690546,407400
10690734,407500
10690918,407600
10691077,407700
10691264,407800
10691456,407900
10691621,408000
10691815,408100
10691990,408200
10692158,408300
10692361,408400
10692551,408500
10692719,408600
10692891,408700
10693089,408800
10693319,408900
10693558,409000
10693773,409100
10693990,409200
10694202,409300
10694422,409400
10694623,409500
10695163,409600
10695328,409700
10695504,409800
10695696,409900
10695886,410000
10698345,410100
10698518,410200
10698703,410300
10698878,410400
10699032,410500
10699210,410600
10699372,410700
10699524,410800
10699673,410900
10699831,411000
10699999,411100
10700189,411200
10700364,411300
10700560,411400
10700755,411500
10701288,411600
10701469,411700
10701657,411800
10701853,411900
10702040,412000
10702243,412100
10702436,412200
10702626,412300
10702830,412400
10703027,412500
10703211,412600
10703396,412700
10703585,412800
10703725,412900
10703882,413000
10704024,413100
10704254,413200
10704450,413300
10704665,413400
10704851,413500
10705054,413600
10705291,413700
10705505,413800
10705693,413900
10705891,414000
10706123,414100
10706322,414200
10706549,414300
10706755,414400
10707321,414500
10707519,414600
10707728,414700
10707938,414800
10708090,414900
10708267,415000
10708451,415100
10708673,415200
10708870,415300
10709079,415400
10709262,415500
10709464,415600
10709674,415700
10709860,415800
10710038,415900
10710248,416000
10710484,416100
10710724,416200
10711038,416300
10711278,416400
10711517,416500
10711759,416600
10712002,416700
10712251,416800
10712459,416900
10712660,417000
10712852,417100
10713391,417200
10713638,417300
10713875,417400
10714102,417500
10714341,417600
10714570,417700
10714798,417800
10714998,417900
10715199,418000
10715402,418100
10715574,418200
10715793,418300
10715985,418400
10716192,418500
10716377,418600
10716585,418700
10716751,418800
10716965,418900
10717153,419000
10717310,419100
10717491,419200
10717677,419300
10717896,419400
10718091,419500
10718277,419600
10718480,419700
10718729,419800
10718919,419900
10719097,420000
10722472,420100
10722631,420200
10722819,420300
10723012,420400
10723202,420500
10723395,420600
10723576,420700
10723783,420800
10723964,420900
10724135,421000
10724316,421100
10724500,421200
10724691,421300
10724878,421400
10725112,421500
10725324,421600
10725883,421700
10726076,421800
10726275,421900
10726463,422000
10726629,422100
10726819,422200
10727026,422300
10727232,422400
10727437,422500
10727639,422600
10727833,422700
10728020,422800
10728206,422900
10728459,423000
10728670,423100
10728881,423200
10729058,423300
10729279,423400
10729474,423500
10729668,423600
10729849,423700
10730015,423800
10730194,423900
10730347,424000
10730514,424100
10730693,424200
10730906,424300
10731094,424400
10731316,424500
10731523,424600
10732081,424700
10732271,424800
10732474,424900
10732634,425000
10732841,425100
10733005,425200
10733176,425300
10733386,425400
10733613,425500
10733836,425600
10734050,425700
10734248,425800
10734448,425900
10734679,426000
10734869,426100
10735033,426200
10735211,426300
10735413,426400
10735591,426500
10735803,426600
10735999,426700
10736179,426800
10736398,426900
10736593,427000
10736768,427100
10736924,427200
10737088,427300
10737276,427400
10737471,427500
10737672,427600
10738226,427700
10738416,427800
10738616,427900
10738804,428000
10738999,428100
10739185,428200
10739338,428300
10739526,428400
10739742,428500
10739951,428600
10740157,428700
10740336,428800
10740540,428900
10740727,429000
10740905,429100
10741075,429200
10741286,429300
10741447,429400
10741609,429500
10741810,429600
10741986,429700
10742178,429800
10742357,429900
10742542,430000
10745492,430100
10745678,430200
10745855,430300
10746013,430400
10746194,430500
10746378,430600
10746565,430700
10746743,430800
10746912,430900
10747079,431000
10747262,431100
10747453,431200
10747624,431300
10747750,431400
10747910,431500
10748084,431600
10748285,431700
10748479,431800
10748648,431900
10748849,432000
10749041,432100
10749249,432200
10749434,432300
10749599,432400
10749765,432500
10750365,432600
10750575,432700
10750757,432800
10750963,432900
10751140,433000
10751331,433100
10751536,433200
10751736,433300
10751937,433400
10752130,433500
10752304,433600
10752494,433700
10752695,433800
10752911,433900
10753142,434000
10753364,434100
10753580,434200
10753792,434300
10754016,434400
10754210,434500
10754406,434600
10754616,434700
10754887,434800
10755087,434900
10755280,435000
10755518,435100
10755748,435200
10755961,435300
10756130,435400
10756696,435500
10756886,435600
10757131,435700
10757404,435800
10757651,435900
10757956,436000
10758241,436100
10758488,436200
10758700,436300
10758914,436400
10759124,436500
10759298,436600
10759465,436700
10759686,436800
10759900,436900
10760141,437000
10760374,437100
10760582,437200
10760809,437300
10761059,437400
10761274,437500
10761457,437600
10761666,437700
10761890,437800
10762107,437900
10762701,438000
10762948,438100
10763152,438200
10763365,438300
10763564,438400
10763760,438500
10763966,438600
10764150,438700
10764371,438800
10764574,438900
10764812,439000
10765187,439100
10765442,439200
10765679,439300
10765898,439400
10766147,439500
10766400,439600
10766621,439700
10766854,439800
10767096,439900
10767335,440000
10770314,440100
10770535,440200
10770753,440300
10770963,440400
10771183,440500
10771398,440600
10771625,440700
10771834,440800
10772042,440900
10772284,441000
10772517,441100
10772744,441200
10772962,441300
10773174,441400
10773410,441500
10773650,441600
10773875,441700
10774078,441800
10774314,441900
10774550,442000
10775129,442100
10775367,442200
10775597,442300
10775841,442400
10776056,442500
10776289,442600
10776532,442700
10776758,442800
10776956,442900
10777152,443000
10777330,443100
10777554,443200
10777745,443300
10777967,443400
10778186,443500
10778420,443600
10778648,443700
10778929,443800
10779132,443900
10779315,444000
10779537,444100
10779767,444200
10780012,444300
10780239,444400
10780474,444500
10780719,444600
10781347,444700
10781590,444800
10781818,444900
10782015,445000
10782195,445100
10782399,445200
10782627,445300
10782869,445400
10783088,445500
10783346,445600
10783585,445700
10783812,445800
10784051,445900
10784266,446000
10784450,446100
10784659,446200
10784927,446300
10785170,446400
10785414,446500
10785682,446600
10785942,446700
10786200,446800
10786454,446900
10786701,447000
10787311,447100
10787550,447200
10787767,447300
10788022,447400
10788355,447500
10788618,447600
10788864,447700
10789094,447800
10789525,447900
10789760,448000
10789984,448100
10790191,448200
10790387,448300
10790588,448400
10790770,448500
10791009,448600
10791253,448700
10791480,448800
10791725,448900
10791945,449000
10792167,449100
10792366,449200
10792553,449300
10792762,449400
10792951,449500
10793509,449600
10793763,449700
10794051,449800
10794319,449900
10794577,450000
10800945,450100
10801178,450200
10801367,450300
10801605,450400
10801885,450500
10802109,450600
10802357,450700
10802597,450800
10802824,450900
10803072,451000
10803290,451100
10803521,451200
10803772,451300
10804019,451400
10804260,451500
10804499,451600
10804741,451700
10804985,451800
10805253,451900
10805845,452000
10806085,452100
10806321,452200
10806552,452300
10806800,452400
10807066,452500
10807304,452600
10807527,452700
10807756,452800
10807988,452900
10808193,453000
10808436,453100
10808656,453200
10808895,453300
10809134,453400
10809368,453500
10809620,453600
10809881,453700
10810115,453800
10810395,453900
10810627,454000
10810863,454100
10811105,454200
10811345,454300
10811937,454400
10812189,454500
10812429,454600
10812672,454700
10812901,454800
10813131,454900
10813370,455000
10813609,455100
10813854,455200
10814091,455300
10814332,455400
10814558,455500
10814808,455600
10815052,455700
10815288,455800
10815538,455900
10815776,456000
10816026,456100
10816259,456200
10816506,456300
10816824,456400
10817074,456500
10817333,456600
10817600,456700
10818206,456800
10818451,456900
10818694,457000
10818953,457100
10819247,457200
10819502,457300
10819747,457400
10820002,457500
10820256,457600
10820641,457700
10820912,457800
10821168,457900
10821414,458000
10821664,458100
10821918,458200
10822166,458300
10822423,458400
10822681,458500
10822923,458600
10823155,458700
10823385,458800
10823625,458900
10823858,459000
10824401,459100
10824633,459200
10824893,459300
10825149,459400
10825399,459500
10825650,459600
10825899,459700
10826141,459800
10826396,459900
10826637,460000
10834571,460100
10835126,460200
10835749,460300
10836712,460400
10837283,460500
10837737,460600
10838112,460700
10838448,460800
10838678,460900
10838918,461000
10839136,461100
10839380,461200
10839619,461300
10839844,461400
10840073,461500
10840306,461600
10840547,461700
10840799,461800
10841040,461900
10841283,462000
10841522,462100
10841755,462200
10841977,462300
10842224,462400
10842485,462500
10843076,462600
10843319,462700
10843563,462800
10843799,462900
10844041,463000
10844271,463100
10844489,463200
10844722,463300
10844958,463400
10845201,463500
10845439,463600
10845741,463700
10845978,463800
10846228,463900
10846479,464000
10846719,464100
10846971,464200
10847231,464300
10847474,464400
10847732,464500
10847984,464600
10848230,464700
10848496,464800
10849095,464900
10849348,465000
10849612,465100
10849865,465200
10850123,465300
10850390,465400
10850645,465500
10850908,465600
10851154,465700
10851392,465800
10851644,465900
10851882,466000
10852153,466100
10852406,466200
10852656,466300
10852916,466400
10853191,466500
10853436,466600
10853666,466700
10853915,466800
10854166,466900
10854417,467000
10855165,467100
10855426,467200
10855694,467300
10855970,467400
10856247,467500
10856514,467600
10856783,467700
10857036,467800
10857301,467900
10857564,468000
10857831,468100
10858090,468200
10858358,468300
10858627,468400
10858904,468500
10859177,468600
10859446,468700
10859696,468800
10859940,468900
10860198,469000
10860453,469100
10860727,469200
10861350,469300
10861615,469400
10861893,469500
10862161,469600
10862416,469700
10862684,469800
10862935,469900
10863211,470000
10871889,470100
10872145,470200
10872394,470300
10872648,470400
10872907,470500
10873174,470600
10873798,470700
10874081,470800
10874341,470900
10874594,471000
10874844,471100
10875101,471200
10875346,471300
10875621,471400
10875886,471500
10876165,471600
10876419,471700
10876701,471800
10876980,471900
10877273,472000
10877550,472100
10877813,472200
10878071,472300
10878335,472400
10878602,472500
10878848,472600
10879120,472700
10879762,472800
10880034,472900
10880295,473000
10880567,473100
10880832,473200
10881135,473300
10881401,473400
10881663,473500
10881933,473600
10882186,473700
10882414,473800
10882635,473900
10882867,474000
10883117,474100
10883354,474200
10883601,474300
10883859,474400
10884095,474500
10884366,474600
10884626,474700
10884856,474800
10885082,474900
10885317,475000
10885539,475100
10886137,475200
10886383,475300
10886641,475400
10886863,475500
10887126,475600
10887368,475700
10887625,475800
10887917,475900
10888217,476000
10888459,476100
10888747,476200
10889033,476300
10889306,476400
10889583,476500
10889846,476600
10890125,476700
10890401,476800
10890665,476900
10890941,477000
10891200,477100
10891375,477200
10892160,477300
10892445,477400
10892732,477500
10893016,477600
10893287,477700
10893589,477800
10893884,477900
10894153,478000
10894432,478100
10894721,478200
10894988,478300
10895268,478400
10895569,478500
10895774,478600
10896071,478700
10896371,478800
10896634,478900
10896942,479000
10897232,479100
10897502,479200
10897765,479300
10898371,479400
10898643,479500
10898932,479600
10899209,479700
10899481,479800
10899755,479900
10900031,480000
10908582,480100
10908822,480200
10909079,480300
10909346,480400
10909605,480500
10909850,480600
10910098,480700
10910713,480800
10910979,480900
10911229,481000
10911473,481100
10911728,481200
10911988,481300
10912254,481400
10912523,481500
10912799,481600
10913061,481700
10913325,481800
10913600,481900
10913838,482000
10914098,482100
10914387,482200
10914658,482300
10914919,482400
10915194,482500
10915461,482600
10915729,482700
10916007,482800
10916291,482900
10916906,483000
10917185,483100
10917479,483200
10917693,483300
10917907,483400
10918149,483500
10918422,483600
10918642,483700
10918857,483800
10919125,483900
10919342,484000
10919618,484100
10919858,484200
10920080,484300
10920311,484400
10920518,484500
10920781,484600
10921003,484700
10921237,484800
10921459,484900
10921671,485000
10921894,485100
10922085,485200
10922386,485300
10922608,485400
10923238,485500
10923446,485600
10923625,485700
10923842,485800
10924097,485900
10924410,486000
10924712,486100
10924978,486200
10925200,486300
10925427,486400
10925653,486500
10925873,486600
10926073,486700
10926270,486800
10926521,486900
10926813,487000
10927099,487100
10927437,487200
10927721,487300
10927971,487400
10928224,487500
10928453,487600
10928675,487700
10929322,487800
10929641,487900
10929928,488000
10930166,488100
10930432,488200
10930664,488300
10930958,488400
10931241,488500
10931515,488600
10931747,488700
10931967,488800
10932183,488900
10932439,489000
10932709,489100
10932999,489200
10933292,489300
10933578,489400
10933850,489500
10934138,489600
10934435,489700
10934733,489800
10935038,489900
10935623,490000
10944074,490100
10944328,490200
10944575,490300
10944843,490400
10945081,490500
10945335,490600
10945616,490700
10945873,490800
10946156,490900
10946430,491000
10946662,491100
10946914,491200
10947182,491300
10947482,491400
10948166,491500
10948452,491600
10948773,491700
10949035,491800
10949230,491900
10949518,492000
10949799,492100
10950079,492200
10950380,492300
10950663,492400
10950955,492500
10951242,492600
10951540,492700
10951837,492800
10952125,492900
10952420,493000
10952722,493100
10953061,493200
10953414,493300
10954065,493400
10954401,493500
10954705,493600
10955007,493700
10955331,493800
10955625,493900
10955933,494000
10956265,494100
10956561,494200
10956858,494300
10957167,494400
10957458,494500
10957758,494600
10958060,494700
10958368,494800
10958679,494900
10959006,495000
10959310,495100
10959623,495200
10960263,495300
10960588,495400
10960887,495500
10961177,495600
10961482,495700
10961789,495800
10962078,495900
10962381,496000
10962689,496100
10962995,496200
10963425,496300
10963728,496400
10964041,496500
10964370,496600
10964681,496700
10965012,496800
10965327,496900
10965659,497000
10965968,497100
10966634,497200
10966952,497300
10967234,497400
10967569,497500
10967879,497600
10968203,497700
10968534,497800
10968859,497900
10969178,498000
10969476,498100
10969801,498200
10970137,498300
10970482,498400
10970834,498500
10971192,498600
10971656,498700
10972026,498800
10972710,498900
10973029,499000
10973352,499100
10973679,499200
10973987,499300
10974314,499400
10974638,499500
10974964,499600
10975288,499700
10975617,499800
10975946,499900
10976266,500000
10986014,500100
10986305,500200
10986586,500300
10986885,500400
10987167,500500
10987452,500600
10987757,500700
10988053,500800
10988391,500900
10988697,501000
10989007,501100
10989317,501200
10989629,501300
10989979,501400
10990295,501500
10990614,501600
10991261,501700
10991561,501800
10991902,501900
10992207,502000
10992532,502100
10992841,502200
10993153,502300
10993454,502400
10993768,502500
10994091,502600
10994458,502700
10994830,502800
10995135,502900
10995446,503000
10995757,503100
10996059,503200
10996359,503300
10996659,503400
10997309,503500
10997625,503600
10997945,503700
10998321,503800
10998657,503900
10998988,504000
10999297,504100
10999627,504200
10999939,504300
11000252,504400
11000554,504500
11000883,504600
11001215,504700
11001538,504800
11001868,504900
11002246,505000
11002657,505100
11003026,505200
11003753,505300
11004092,505400
11004448,505500
11004795,505600
11005156,505700
11005621,505800
11005962,505900
11006322,506000
11006672,506100
11007004,506200
11007346,506300
11007696,506400
11008021,506500
11008351,506600
11008672,506700
11008992,506800
11009662,506900
11010000,507000
11010338,507100
11010683,507200
11011005,507300
11011327,507400
11011639,507500
11011908,507600
11012230,507700
11012531,507800
11012927,507900
11013312,508000
11013725,508100
11014128,508200
11014555,508300
11014985,508400
11015423,508500
11016157,508600
11016620,508700
11017096,508800
11017537,508900
11017998,509000
11018458,509100
11018918,509200
11019372,509300
11019754,509400
11020174,509500
11020875,509600
11021305,509700
11022079,509800
11022469,509900
11022892,510000
11034777,510100
11035087,510200
11035392,510300
11035690,510400
11036002,510500
11036342,510600
11036660,510700
11036984,510800
11037209,510900
11037511,511000
11037853,511100
11038167,511200
11038479,511300
11038898,511400
11039220,511500
11039477,511600
11039786,511700
11040581,511800
11041038,511900
11041477,512000
11041908,512100
11042275,512200
11042695,512300
11043088,512400
11043505,512500
11043947,512600
11044381,512700
11044727,512800
11045113,512900
11045564,513000
11046002,513100
11046830,513200
11047107,513300
11047439,513400
11047687,513500
11047921,513600
11048180,513700
11048394,513800
11048592,513900
11048784,514000
11048962,514100
11049183,514200
11049423,514300
11049661,514400
11049868,514500
11050128,514600
11050372,514700
11050650,514800
11050878,514900
11051076,515000
11051254,515100
11051465,515200
11051714,515300
11051951,515400
11052172,515500
11052445,515600
11052992,515700
11053232,515800
11053447,515900
11053647,516000
11053808,516100
11053991,516200
11054187,516300
11054378,516400
11054623,516500
11054835,516600
11055050,516700
11055262,516800
11055491,516900
11055727,517000
11055904,517100
11056069,517200
11056241,517300
11056430,517400
11056681,517500
11056905,517600
11057075,517700
11057322,517800
11057565,517900
11057782,518000
11058103,518100
11058301,518200
11058526,518300
11058761,518400
11059426,518500
11059691,518600
11059942,518700
11060148,518800
11060354,518900
11060586,519000
11060796,519100
11061095,519200
11061338,519300
11061510,519400
11061716,519500
11061962,519600
11062247,519700
11062656,519800
11063004,519900
11063277,520000
11069238,520100
11069513,520200
11069787,520300
11069966,520400
11070194,520500
11070420,520600
11070644,520700
11070871,520800
11071454,520900
11071697,521000
11071979,521100
11072257,521200
11072534,521300
11072763,521400
11072978,521500
11073194,521600
11073478,521700
11073744,521800
11073964,521900
11074197,522000
11074434,522100
11074711,522200
11075014,522300
11075224,522400
11075390,522500
11075621,522600
11075895,522700
11076146,522800
11076370,522900
11076587,523000
11076793,523100
11077131,523200
11077734,523300
11077924,523400
11078119,523500
11078332,523600
11078575,523700
11078797,523800
11079027,523900
11079260,524000
11079486,524100
11079727,524200
11079899,524300
11080132,524400
11080330,524500
11080480,524600
11080654,524700
11080859,524800
11081180,524900
11081415,525000
11081637,525100
11081860,525200
11082093,525300
11082317,525400
11082575,525500
11082755,525600
11082976,525700
11083197,525800
11083931,525900
11084259,526000
11084496,526100
11084816,526200
11085123,526300
11085541,526400
11085884,526500
11086161,526600
11086375,526700
11086605,526800
11086845,526900
11087084,527000
11087355,527100
11087712,527200
11087969,527300
11088255,527400
11088511,527500
11088774,527600
11088969,527700
11089148,527800
11089307,527900
11089504,528000
11090082,528100
11090308,528200
11090674,528300
11091026,528400
11091271,528500
11091494,528600
11091695,528700
11091938,528800
11092128,528900
11092285,529000
11092476,529100
11092736,529200
11093072,529300
11093407,529400
11093737,529500
11093992,529600
11094236,529700
11094473,529800
11094776,529900
11095045,530000
11100621,530100
11100862,530200
11101185,530300
11101471,530400
11101707,530500
11101952,530600
11102502,530700
11102710,530800
11102877,530900
11103054,531000
11103241,531100
11103517,531200
11103826,531300
11104098,531400
11104408,531500
11104804,531600
11105215,531700
11105566,531800
11105974,531900
11106268,532000
11106486,532100
11106761,532200
11106997,532300
11107295,532400
11107612,532500
11107897,532600
11108125,532700
11108692,532800
11108927,532900
11109151,533000
11109289,533100
11109467,533200
11109682,533300
11109952,533400
11110226,533500
11110492,533600
11110759,533700
11110983,533800
11111254,533900
11111510,534000
11111758,534100
11111943,534200
11112126,534300
11112372,534400
11112631,534500
11112911,534600
11113176,534700
11113429,534800
11113685,534900
11113915,535000
11114154,535100
11114723,535200
11114925,535300
11115105,535400
11115382,535500
11115670,535600
11115953,535700
11116202,535800
11116438,535900
11116753,536000
11116996,536100
11117235,536200
11117437,536300
11117616,536400
11117827,536500
11118071,536600
11118336,536700
11118640,536800
11118860,536900
11119094,537000
11119346,537100
11119583,537200
11119800,537300
11119988,537400
11120163,537500
11120379,537600
11121005,537700
11121229,537800
11121468,537900
11121720,538000
11121912,538100
11122161,538200
11122417,538300
11122625,538400
11122822,538500
11123032,538600
11123235,538700
11123505,538800
11123765,538900
11124037,539000
11124309,539100
11124526,539200
11124778,539300
11125043,539400
11125266,539500
11125484,539600
11125712,539700
11125927,539800
11126216,539900
11126524,540000
11132279,540100
11132507,540200
11132749,540300
11133352,540400
11133546,540500
11133753,540600
11133949,540700
11134155,540800
11134425,540900
11134689,541000
11134898,541100
11135108,541200
11135359,541300
11135590,541400
11135856,541500
11136064,541600
11136250,541700
11136494,541800
11136736,541900
11136991,542000
11137204,542100
11137442,542200
11137668,542300
11137938,542400
11138169,542500
11138379,542600
11138575,542700
11138772,542800
11139023,542900
11139580,543000
11139851,543100
11140096,543200
11140347,543300
11140597,543400
11140862,543500
11141061,543600
11141269,543700
11141466,543800
11141667,543900
11141950,544000
11142232,544100
11142453,544200
11142757,544300
11143006,544400
11143229,544500
11143543,544600
11143781,544700
11143985,544800
11144244,544900
11144532,545000
11144812,545100
11145073,545200
11145683,545300
11145953,545400
11146240,545500
11146495,545600
11146768,545700
11147032,545800
11147313,545900
11147578,546000
11147879,546100
11148195,546200
11148465,546300
11148807,546400
11149096,546500
11149342,546600
11149569,546700
11149810,546800
11150081,546900
11150345,547000
11150658,547100
11150977,547200
11151288,547300
11151920,547400
11152207,547500
11152457,547600
11152707,547700
11152935,547800
11153253,547900
11153541,548000
11153786,548100
11154151,548200
11154400,548300
11154701,548400
11155019,548500
11155277,548600
11155525,548700
11155869,548800
11156155,548900
11156420,549000
11156738,549100
11157049,549200
11157359,549300
11157681,549400
11158313,549500
11158565,549600
11158810,549700
11159087,549800
11159391,549900
11159696,550000
11166176,550100
11166467,550200
11166761,550300
11167020,550400
11167255,550500
11167442,550600
11167704,550700
11168049,550800
11168375,550900
11168673,551000
11168955,551100
11169245,551200
11169496,551300
11169756,551400
11170066,551500
11170723,551600
11171003,551700
11171297,551800
11171613,551900
11171925,552000
11172236,552100
11172514,552200
11172784,552300
11173052,552400
11173365,552500
11173648,552600
11173934,552700
11174250,552800
11174551,552900
11174862,553000
11175139,553100
11175391,553200
11175702,553300
11175995,553400
11176314,553500
11176981,553600
11177282,553700
11177562,553800
11177865,553900
11178129,554000
11178412,554100
11178707,554200
11179001,554300
11179289,554400
11179574,554500
11179873,554600
11180173,554700
11180450,554800
11180683,554900
11180919,555000
11181137,555100
11181352,555200
11181597,555300
11181833,555400
11182094,555500
11182327,555600
11182583,555700
11183243,555800
11183476,555900
11183739,556000
11183981,556100
11184215,556200
11184430,556300
11184663,556400
11184891,556500
11185110,556600
11185348,556700
11185625,556800
11185895,556900
11186145,557000
11186504,557100
11186735,557200
11186957,557300
11187203,557400
11187478,557500
11187697,557600
11187959,557700
11188206,557800
11188429,557900
11188705,558000
11189291,558100
11189511,558200
11189753,558300
11189970,558400
11190196,558500
11190503,558600
11190788,558700
11191071,558800
11191340,558900
11191615,559000
11191884,559100
11192130,559200
11192311,559300
11192541,559400
11192779,559500
11193020,559600
11193291,559700
11193584,559800
11193836,559900
11194081,560000
11200737,560100
11200951,560200
11201158,560300
11201708,560400
11201943,560500
11202205,560600
11202434,560700
11202673,560800
11202923,560900
11203176,561000
11203422,561100
11203636,561200
11203869,561300
11204090,561400
11204306,561500
11204563,561600
11204811,561700
11205049,561800
11205332,561900
11205567,562000
11205792,562100
11206057,562200
11206266,562300
11206504,562400
11206722,562500
11206950,562600
11207336,562700
11208019,562800
11208319,562900
11208557,563000
11208833,563100
11209097,563200
11209365,563300
11209575,563400
11209804,563500
11210058,563600
11210325,563700
11210623,563800
11210917,563900
11211200,564000
11211505,564100
11211767,564200
11211987,564300
11212249,564400
11212488,564500
11212731,564600
11213031,564700
11213304,564800
11213605,564900
11214187,565000
11214471,565100
11214705,565200
11215001,565300
11215262,565400
11215483,565500
11215714,565600
11216043,565700
11216317,565800
11216621,565900
11216906,566000
11217191,566100
11217459,566200
11217721,566300
11217970,566400
11218174,566500
11218462,566600
11218759,566700
11219033,566800
11219354,566900
11219696,567000
11220304,567100
11220553,567200
11220804,567300
11221115,567400
11221349,567500
11221601,567600
11221874,567700
11222120,567800
11222400,567900
11222648,568000
11222928,568100
11223205,568200
11223442,568300
11223704,568400
11223949,568500
11224138,568600
11224403,568700
11224711,568800
11224998,568900
11225305,569000
11225630,569100
11225933,569200
11226576,569300
11226878,569400
11227171,569500
11227461,569600
11227742,569700
11228057,569800
11228368,569900
11228692,570000
11235366,570100
11235642,570200
11235954,570300
11236269,570400
11236541,570500
11236816,570600
11237095,570700
11237410,570800
11237734,570900
11238041,571000
11238359,571100
11239004,571200
11239301,571300
11239603,571400
11239903,571500
11240160,571600
11240453,571700
11240756,571800
11241037,571900
11241357,572000
11241648,572100
11241939,572200
11242230,572300
11242529,572400
11242810,572500
11243140,572600
11243398,572700
11243678,572800
11244028,572900
11244351,573000
11244695,573100
11245360,573200
11245661,573300
11245978,573400
11246256,573500
11246508,573600
11246749,573700
11247049,573800
11247343,573900
11247689,574000
11247987,574100
11248249,574200
11248516,574300
11248788,574400
11249113,574500
11249400,574600
11249704,574700
11250003,574800
11250306,574900
11250620,575000
11251307,575100
11251644,575200
11251970,575300
11252307,575400
11252653,575500
11253009,575600
11253343,575700
11253695,575800
11254033,575900
11254402,576000
11254761,576100
11255167,576200
11255528,576300
11255889,576400
11256288,576500
11256628,576600
11257004,576700
11257704,576800
11257999,576900
11258351,577000
11258686,577100
11259025,577200
11259341,577300
11259655,577400
11259986,577500
11260321,577600
11260648,577700
11260958,577800
11261235,577900
11261569,578000
11261901,578100
11262241,578200
11262603,578300
11262928,578400
11263261,578500
11263949,578600
11264307,578700
11264672,578800
11265042,578900
11265376,579000
11265742,579100
11266098,579200
11266457,579300
11266815,579400
11267168,579500
11267488,579600
11267804,579700
11268121,579800
11268393,579900
11268680,580000
11276089,580100
11276414,580200
11276710,580300
11277020,580400
11277338,580500
11277654,580600
11277982,580700
11278363,580800
11278680,580900
11278980,581000
11279300,581100
11279640,581200
11279979,581300
11280306,581400
11280621,581500
11280923,581600
11281259,581700
11281614,581800
11282313,581900
11282712,582000
11283021,582100
11283341,582200
11283688,582300
11284019,582400
11284381,582500
11284780,582600
11285179,582700
11285551,582800
11285901,582900
11286288,583000
11286591,583100
11286889,583200
11287204,583300
11287548,583400
11287878,583500
11288565,583600
11288891,583700
11289192,583800
11289488,583900
11289791,584000
11290069,584100
11290302,584200
11290536,584300
11290802,584400
11291071,584500
11291409,584600
11291716,584700
11292069,584800
11292430,584900
11292832,585000
11293192,585100
11293520,585200
11293812,585300
11294067,585400
11294361,585500
11295091,585600
11295396,585700
11295696,585800
11296049,585900
11296401,586000
11296749,586100
11297181,586200
11297437,586300
11297664,586400
11297928,586500
11298245,586600
11298642,586700
11298917,586800
11299252,586900
11299574,587000
11299855,587100
11300117,587200
11300353,587300
11300572,587400
11301171,587500
11301397,587600
11301689,587700
11301997,587800
11302296,587900
11302557,588000
11302852,588100
11303169,588200
11303458,588300
11303706,588400
11303937,588500
11304201,588600
11304464,588700
11304830,588800
11305170,588900
11305494,589000
11305856,589100
11306216,589200
11306540,589300
11307218,589400
11307507,589500
11307704,589600
11307949,589700
11308208,589800
11308582,589900
11308933,590000
11316158,590100
11316419,590200
11316688,590300
11316942,590400
11317203,590500
11317448,590600
11317690,590700
11317896,590800
11318176,590900
11318470,591000
11318773,591100
11319107,591200
11319759,591300
11320049,591400
11320317,591500
11320606,591600
11320819,591700
11321069,591800
11321386,591900
11321678,592000
11321931,592100
11322232,592200
11322480,592300
11322743,592400
11323025,592500
11323268,592600
11323478,592700
11323730,592800
11323992,592900
11324306,593000
11324587,593100
11324898,593200
11325217,593300
11325515,593400
11326157,593500
11326514,593600
11326775,593700
11326971,593800
11327186,593900
11327423,594000
11327756,594100
11328044,594200
11328323,594300
11328644,594400
11328888,594500
11329181,594600
11329454,594700
11329731,594800
11329981,594900
11330276,595000
11330471,595100
11330814,595200
11331131,595300
11331443,595400
11332150,595500
11332419,595600
11332731,595700
11333006,595800
11333266,595900
11333519,596000
11333741,596100
11333998,596200
11334348,596300
11334682,596400
11334996,596500
11335301,596600
11335560,596700
11335847,596800
11336197,596900
11336435,597000
11336673,597100
11336988,597200
11337319,597300
11337691,597400
11338316,597500
11338628,597600
11338890,597700
11339172,597800
11339493,597900
11339722,598000
11339984,598100
11340234,598200
11340490,598300
11340786,598400
11341071,598500
11341325,598600
11341643,598700
11341937,598800
11342184,598900
11342529,599000
11342791,599100
11342985,599200
11343260,599300
11343572,599400
11343836,599500
11344507,599600
11344806,599700
11345120,599800
11345362,599900
11345649,600000
11352368,600100
11352588,600200
11352816,600300
11353079,600400
11353308,600500
11353584,600600
11353815,600700
11354098,600800
11354405,600900
11354715,601000
11355083,601100
11355415,601200
11355724,601300
11356053,601400
11356394,601500
11357117,601600
11357444,601700
11357715,601800
11358063,601900
11358387,602000
11358671,602100
11358946,602200
11359229,602300
11359582,602400
11359891,602500
11360263,602600
11360592,602700
11360946,602800
11361256,602900
11361570,603000
11361874,603100
11362154,603200
11362405,603300
11362749,603400
11363380,603500
11363723,603600
11363981,603700
11364274,603800
11364593,603900
11364966,604000
11365370,604100
11365823,604200
11366128,604300
11366432,604400
11366790,604500
11367080,604600
11367383,604700
11367716,604800
11368080,604900
11368402,605000
11368636,605100
11368868,605200
11369497,605300
11369810,605400
11370161,605500
11370506,605600
11370782,605700
11371086,605800
11371344,605900
11371694,606000
11372024,606100
11372270,606200
11372540,606300
11372868,606400
11373147,606500
11373467,606600
11373754,606700
11374030,606800
11374311,606900
11374706,607000
11374942,607100
11375188,607200
11375800,607300
11376102,607400
11376458,607500
11376824,607600
11377199,607700
11377512,607800
11377810,607900
11378130,608000
11378362,608100
11378648,608200
11378988,608300
11379277,608400
11379617,608500
11379994,608600
11380319,608700
11380600,608800
11380907,608900
11381181,609000
11381416,609100
11381989,609200
11382165,609300
11382425,609400
11382720,609500
11383071,609600
11383312,609700
11383590,609800
11383827,609900
11384119,610000
11391176,610100
11391386,610200
11391597,610300
11391849,610400
11392080,610500
11392351,610600
11392605,610700
11392784,610800
11392975,610900
11393274,611000
11393499,611100
11393777,611200
11394359,611300
11394563,611400
11394779,611500
11395059,611600
11395358,611700
11395653,611800
11395918,611900
11396250,612000
11396568,612100
11396840,612200
11397131,612300
11397366,612400
11397575,612500
11397840,612600
11398113,612700
11398462,612800
11398801,612900
11399097,613000
11399400,613100
11399653,613200
11399925,613300
11400565,613400
11400900,613500
11401139,613600
11401443,613700
11401735,613800
11402019,613900
11402350,614000
11402672,614100
11402962,614200
11403247,614300
11403561,614400
11403786,614500
11404024,614600
11404301,614700
11404597,614800
11404971,614900
11405361,615000
11405676,615100
11405918,615200
11406273,615300
11406931,615400
11407186,615500
11407549,615600
11407822,615700
11408114,615800
11408482,615900
11408825,616000
11409108,616100
11409450,616200
11409826,616300
11410201,616400
11410551,616500
11410860,616600
11411201,616700
11411546,616800
11411920,616900
11412295,617000
11413049,617100
11413455,617200
11413791,617300
11414085,617400
11414409,617500
11414719,617600
11415034,617700
11415338,617800
11415607,617900
11415952,618000
11416293,618100
11416647,618200
11417023,618300
11417326,618400
11417603,618500
11417880,618600
11418183,618700
11418478,618800
11418803,618900
11419459,619000
11419790,619100
11420103,619200
11420435,619300
11420729,619400
11421006,619500
11421326,619600
11421564,619700
11421818,619800
11422160,619900
11422470,620000
11429662,620100
11429985,620200
11430223,620300
11430550,620400
11430821,620500
11431098,620600
11431701,620700
11431966,620800
11432280,620900
11432606,621000
11432952,621100
11433282,621200
11433664,621300
11434040,621400
11434457,621500
11434857,621600
11435207,621700
11435566,621800
11435948,621900
11436302,622000
11436653,622100
11437010,622200
11437391,622300
11438109,622400
11438415,622500
11438709,622600
11439051,622700
11439431,622800
11439771,622900
11440117,623000
11440518,623100
11440829,623200
11441099,623300
11441411,623400
11441646,623500
11441926,623600
11442258,623700
11442585,623800
11442914,623900
11443302,624000
11443642,624100
11444348,624200
11444727,624300
11445015,624400
11445280,624500
11445519,624600
11445850,624700
11446228,624800
11446572,624900
11446909,625000
11447221,625100
11447570,625200
11447898,625300
11448169,625400
11448450,625500
11448665,625600
11448952,625700
11449319,625800
11449607,625900
11450311,626000
11450700,626100
11451041,626200
11451354,626300
11451769,626400
11452179,626500
11452584,626600
11452862,626700
11453160,626800
11453503,626900
11453832,627000
11454154,627100
11454467,627200
11454859,627300
11455261,627400
11455630,627500
11456046,627600
11456777,627700
11457101,627800
11457453,627900
11457827,628000
11458187,628100
11458566,628200
11458996,628300
11459391,628400
11459812,628500
11460226,628600
11460601,628700
11460944,628800
11461260,628900
11461645,629000
11462041,629100
11462774,629200
11463226,629300
11463644,629400
11464083,629500
11464486,629600
11464901,629700
11465289,629800
11465674,629900
11466076,630000
11473110,630100
11473471,630200
11473828,630300
11474237,630400
11474631,630500
11475331,630600
11475742,630700
11476142,630800
11476576,630900
11476992,631000
11477383,631100
11477755,631200
11478120,631300
11478493,631400
11478868,631500
11479249,631600
11479621,631700
11479993,631800
11480357,631900
11480751,632000
11481418,632100
11481836,632200
11482211,632300
11482583,632400
11482874,632500
11483224,632600
11483605,632700
11483982,632800
11484349,632900
11484693,633000
11485053,633100
11485326,633200
11485656,633300
11485875,633400
11486154,633500
11486421,633600
11486716,633700
11487098,633800
11487801,633900
11488084,634000
11488433,634100
11488802,634200
11489161,634300
11489486,634400
11489885,634500
11490190,634600
11490438,634700
11490714,634800
11491059,634900
11491409,635000
11491772,635100
11492133,635200
11492583,635300
11492957,635400
11493329,635500
11493978,635600
11494301,635700
11494592,635800
11494939,635900
11495324,636000
11495703,636100
11496081,636200
11496457,636300
11496844,636400
11497166,636500
11497477,636600
11497747,636700
11498071,636800
11498416,636900
11498780,637000
11499166,637100
11499539,637200
11500203,637300
11500607,637400
11500915,637500
11501260,637600
11501540,637700
11501825,637800
11502187,637900
11502546,638000
11502886,638100
11503252,638200
11503622,638300
11504017,638400
11504399,638500
11504733,638600
11505118,638700
11505435,638800
11505763,638900
11506414,639000
11506751,639100
11507133,639200
11507502,639300
11507863,639400
11508244,639500
11508644,639600
11509017,639700
11509380,639800
11509934,639900
11510332,640000
11516127,640100
11516463,640200
11516796,640300
11517147,640400
11517485,640500
11517853,640600
11518199,640700
11518902,640800
11519311,640900
11519686,641000
11520109,641100
11520511,641200
11520894,641300
11521272,641400
11521626,641500
11522020,641600
11522390,641700
11522759,641800
11523172,641900
11523550,642000
11523916,642100
11524316,642200
11525058,642300
11525493,642400
11525863,642500
11526251,642600
11526621,642700
11526998,642800
11527410,642900
11527783,643000
11528169,643100
11528550,643200
11528915,643300
11529279,643400
11529623,643500
11529989,643600
11530334,643700
11530688,643800
11531466,643900
11531799,644000
11532144,644100
11532530,644200
11532913,644300
11533289,644400
11533728,644500
11534097,644600
11534472,644700
11534921,644800
11535296,644900
11535640,645000
11535973,645100
11536330,645200
11536715,645300
11537110,645400
11537860,645500
11538225,645600
11538627,645700
11538990,645800
11539347,645900
11539718,646000
11540070,646100
11540439,646200
11540845,646300
11541225,646400
11541611,646500
11541986,646600
11542367,646700
11542751,646800
11543126,646900
11543909,647000
11544299,647100
11544659,647200
11544995,647300
11545384,647400
11545732,647500
11546114,647600
11546490,647700
11546853,647800
11547202,647900
11547518,648000
11547773,648100
11548078,648200
11548436,648300
11548795,648400
11549180,648500
11549588,648600
11550286,648700
11550663,648800
11551008,648900
11551398,649000
11551769,649100
11552102,649200
11552594,649300
11553004,649400
11553430,649500
11553821,649600
11554208,649700
11554557,649800
11554940,649900
11555313,650000
11561103,650100
11561415,650200
11561727,650300
11562066,650400
11562785,650500
11563150,650600
11563490,650700
11563838,650800
11564193,650900
11564531,651000
11564889,651100
11565272,651200
11565578,651300
11565894,651400
11566255,651500
11566624,651600
11566973,651700
11567303,651800
11567654,651900
11568008,652000
11568714,652100
11569098,652200
11569445,652300
11569821,652400
11570187,652500
11570569,652600
11570904,652700
11571283,652800
11571635,652900
11571978,653000
11572370,653100
11572670,653200
11572974,653300
11573351,653400
11573734,653500
11574084,653600
11574495,653700
11575288,653800
11575693,653900
11576082,654000
11576478,654100
11576886,654200
11577292,654300
11577689,654400
11578103,654500
11578501,654600
11578892,654700
11579341,654800
11579784,654900
11580184,655000
11580596,655100
11581371,655200
11581757,655300
11582150,655400
11582562,655500
11582983,655600
11583416,655700
11583831,655800
11584273,655900
11584705,656000
11585114,656100
11585520,656200
11585904,656300
11586319,656400
11586709,656500
11587455,656600
11587909,656700
11588307,656800
11588685,656900
11589053,657000
11589453,657100
11589842,657200
11590301,657300
11590729,657400
11591183,657500
11591615,657600
11592046,657700
11592469,657800
11592903,657900
11593622,658000
11594071,658100
11594380,658200
11594753,658300
11595172,658400
11595586,658500
11595998,658600
11596404,658700
11596832,658800
11597260,658900
11597660,659000
11598069,659100
11598451,659200
11598848,659300
11599288,659400
11600106,659500
11600525,659600
11601081,659700
11601708,659800
11602166,659900
11602586,660000
11608822,660100
11609254,660200
11609657,660300
11609996,660400
11610381,660500
11610789,660600
11611170,660700
11611536,660800
11611952,660900
11612760,661000
11613185,661100
11613534,661200
11613885,661300
11614289,661400
11614675,661500
11615072,661600
11615535,661700
11616007,661800
11616445,661900
11616904,662000
11617322,662100
11617799,662200
11618696,662300
11619096,662400
11619534,662500
11619930,662600
11620327,662700
11620755,662800
11621168,662900
11621597,663000
11622021,663100
11622504,663200
11622983,663300
11623417,663400
11623866,663500
11624309,663600
11625165,663700
11625608,663800
11626037,663900
11626469,664000
11626913,664100
11627404,664200
11627892,664300
11628378,664400
11628904,664500
11629464,664600
11629901,664700
11630339,664800
11631207,664900
11631646,665000
11632136,665100
11632620,665200
11633058,665300
11633511,665400
11633995,665500
11634474,665600
11634936,665700
11635358,665800
11635821,665900
11636272,666000
11636717,666100
11637512,666200
11637944,666300
11638385,666400
11638836,666500
11639285,666600
11639719,666700
11640145,666800
11640575,666900
11641007,667000
11641446,667100
11641842,667200
11642326,667300
11642758,667400
11643526,667500
11644015,667600
11644443,667700
11644847,667800
11645265,667900
11645696,668000
11646106,668100
11646544,668200
11646972,668300
11647381,668400
11647804,668500
11648219,668600
11648741,668700
11649175,668800
11649992,668900
11650416,669000
11650827,669100
11651348,669200
11651843,669300
11652288,669400
11652723,669500
11653150,669600
11653578,669700
11654033,669800
11654470,669900
11654901,670000
11662418,670100
11662798,670200
11663183,670300
11663575,670400
11663979,670500
11664401,670600
11664810,670700
11665213,670800
11665626,670900
11666055,671000
11666482,671100
11666900,671200
11667292,671300
11667725,671400
11668545,671500
11668940,671600
11669398,671700
11669847,671800
11670276,671900
11670681,672000
11671102,672100
11671544,672200
11671943,672300
11672378,672400
11672813,672500
11673239,672600
11673663,672700
11674072,672800
11674856,672900
11675292,673000
11675679,673100
11676081,673200
11676490,673300
11676903,673400
11677334,673500
11677745,673600
11678214,673700
11678628,673800
11679054,673900
11679466,674000
11679889,674100
11680301,674200
11681106,674300
11681565,674400
11682051,674500
11682510,674600
11682952,674700
11683365,674800
11683770,674900
11684178,675000
11684633,675100
11685020,675200
11685418,675300
11685818,675400
11686231,675500
11687029,675600
11687611,675700
11688031,675800
11688456,675900
11688875,676000
11689311,676100
11689727,676200
11690210,676300
11690603,676400
11691004,676500
11691434,676600
11691889,676700
11692298,676800
11692721,676900
11693524,677000
11693914,677100
11694310,677200
11694715,677300
11695135,677400
11695526,677500
11695936,677600
11696366,677700
11696793,677800
11697218,677900
11697625,678000
11698037,678100
11698451,678200
11698856,678300
11699660,678400
11700049,678500
11700458,678600
11700877,678700
11701321,678800
11701867,678900
11702292,679000
11702722,679100
11703139,679200
11703563,679300
11703973,679400
11704393,679500
11704822,679600
11705250,679700
11706082,679800
11706507,679900
11706919,680000
11713996,680100
11714374,680200
11714802,680300
11715222,680400
11715649,680500
11716077,680600
11716501,680700
11716928,680800
11717343,680900
11717787,681000
11718603,681100
11719008,681200
11719418,681300
11719841,681400
11720275,681500
11720724,681600
11721167,681700
11721634,681800
11722083,681900
11722576,682000
11723036,682100
11723456,682200
11723891,682300
11724756,682400
11725171,682500
11725630,682600
11726058,682700
11726502,682800
11726975,682900
11727397,683000
11727835,683100
11728286,683200
11728707,683300
11729149,683400
11729591,683500
11730039,683600
11730794,683700
11731294,683800
11731735,683900
11732190,684000
11732614,684100
11733083,684200
11733586,684300
11733998,684400
11734423,684500
11734833,684600
11735272,684700
11735706,684800
11736142,684900
11736590,685000
11737394,685100
11737818,685200
11738228,685300
11738646,685400
11739140,685500
11739669,685600
11740104,685700
11740517,685800
11740942,685900
11741383,686000
11741786,686100
11742232,686200
11742651,686300
11743420,686400
11743732,686500
11744083,686600
11744479,686700
11744877,686800
11745316,686900
11745721,687000
11746164,687100
11746590,687200
11746989,687300
11747400,687400
11747784,687500
11748207,687600
11748621,687700
11749408,687800
11749886,687900
11750297,688000
11750673,688100
11751102,688200
11751529,688300
11751973,688400
11752438,688500
11752879,688600
11753309,688700
11753728,688800
11754231,688900
11754670,689000
11755131,689100
11756005,689200
11756435,689300
11756888,689400
11757318,689500
11757753,689600
11758190,689700
11758600,689800
11759007,689900
11759358,690000
11766799,690100
11767118,690200
11767406,690300
11767715,690400
11768349,690500
11768676,690600
11769025,690700
11769365,690800
11769725,690900
11769997,691000
11770302,691100
11770697,691200
11770974,691300
11771250,691400
11771514,691500
11771721,691600
11772045,691700
11772347,691800
11772740,691900
11773089,692000
11773435,692100
11773721,692200
11774399,692300
11774740,692400
11775045,692500
11775275,692600
11775561,692700
11775998,692800
11776330,692900
11776654,693000
11776989,693100
11777317,693200
11777653,693300
11777918,693400
11778232,693500
11778530,693600
11778739,693700
11779045,693800
11779418,693900
11779696,694000
11780039,694100
11780732,694200
11781099,694300
11781434,694400
11781727,694500
11782056,694600
11782360,694700
11782654,694800
11782919,694900
11783282,695000
11783642,695100
11783973,695200
11784296,695300
11784650,695400
11785013,695500
11785419,695600
11785735,695700
11786012,695800
11786231,695900
11786584,696000
11787340,696100
11787857,696200
11788278,696300
11788659,696400
11789114,696500
11789509,696600
11789838,696700
11790270,696800
11790566,696900
11790829,697000
11791157,697100
11791492,697200
11791790,697300
11792138,697400
11792453,697500
11792835,697600
11793530,697700
11793805,697800
11794211,697900
11794518,698000
11794801,698100
11795126,698200
11795488,698300
11795831,698400
11796244,698500
11796655,698600
11797086,698700
11797488,698800
11797890,698900
11798164,699000
11798508,699100
11798814,699200
11799472,699300
11799907,699400
11800229,699500
11800597,699600
11801024,699700
11801380,699800
11801726,699900
11802135,700000
11809340,700100
11809598,700200
11809896,700300
11810269,700400
11810513,700500
11810889,700600
11811266,700700
11812071,700800
11812484,700900
11812844,701000
11813123,701100
11813417,701200
11813662,701300
11813986,701400
11814397,701500
11814737,701600
11815105,701700
11815431,701800
11815755,701900
11816110,702000
11816420,702100
11816725,702200
11817020,702300
11817300,702400
11817668,702500
11818372,702600
11818730,702700
11819126,702800
11819562,702900
11819851,703000
11820301,703100
11820583,703200
11820894,703300
11821189,703400
11821600,703500
11821957,703600
11822308,703700
11822698,703800
11823157,703900
11823658,704000
11824458,704100
11824988,704200
11825348,704300
11825615,704400
11825963,704500
11826431,704600
11826831,704700
11827223,704800
11827577,704900
11827968,705000
11828422,705100
11828872,705200
11829309,705300
11829612,705400
11829948,705500
11830789,705600
11831285,705700
11831656,705800
11832074,705900
11832542,706000
11832974,706100
11833343,706200
11833668,706300
11834038,706400
11834329,706500
11834617,706600
11835010,706700
11835350,706800
11835757,706900
11836142,707000
11836487,707100
11837257,707200
11837604,707300
11837925,707400
11838292,707500
11838651,707600
11839041,707700
11839509,707800
11839900,707900
11840279,708000
11840677,708100
11841070,708200
11841468,708300
11841888,708400
11842190,708500
11842484,708600
11842838,708700
11843616,708800
11844095,708900
11844566,709000
11844997,709100
11845377,709200
11845803,709300
11846168,709400
11846537,709500
11846880,709600
11847156,709700
11847474,709800
11847906,709900
11848296,710000
11856635,710100
11857026,710200
11857382,710300
11857748,710400
11858164,710500
11858477,710600
11858763,710700
11859125,710800
11859533,710900
11859861,711000
11860225,711100
11860635,711200
11860992,711300
11861407,711400
11862098,711500
11862498,711600
11862789,711700
11863111,711800
11863501,711900
11863881,712000
11864297,712100
11864711,712200
11865152,712300
11865498,712400
11865855,712500
11866189,712600
11866709,712700
11867102,712800
11867444,712900
11867812,713000
11868599,713100
11868899,713200
11869298,713300
11869709,713400
11870041,713500
11870417,713600
11870713,713700
11870990,713800
11871329,713900
11871689,714000
11872059,714100
11872492,714200
11872901,714300
11873315,714400
11873703,714500
11874143,714600
11874862,714700
11875130,714800
11875449,714900
11875850,715000
11876236,715100
11876623,715200
11877071,715300
11877402,715400
11877798,715500
11878214,715600
11878635,715700
11878970,715800
11879330,715900
11879720,716000
11880201,716100
11881104,716200
11881535,716300
11881991,716400
11882468,716500
11882899,716600
11883127,716700
11883394,716800
11883735,716900
11884079,717000
11884531,717100
11884890,717200
11885283,717300
11885725,717400
11886129,717500
11886507,717600
11887314,717700
11887665,717800
11887966,717900
11888298,718000
11888825,718100
11889268,718200
11889687,718300
11890112,718400
11890443,718500
11890781,718600
11891190,718700
11891482,718800
11891803,718900
11892084,719000
11892397,719100
11892800,719200
11893586,719300
11893936,719400
11894270,719500
11894573,719600
11895011,719700
11895434,719800
11895926,719900
11896325,720000
11904604,720100
11904936,720200
11905294,720300
11906030,720400
11906360,720500
11906726,720600
11907111,720700
11907468,720800
11907795,720900
11908093,721000
11908479,721100
11908936,721200
11909375,721300
11909781,721400
11910166,721500
11910505,721600
11910892,721700
11911252,721800
11911718,721900
11912521,722000
11912823,722100
11913171,722200
11913571,722300
11913965,722400
11914452,722500
11915068,722600
11915567,722700
11916059,722800
11916567,722900
11917005,723000
11917275,723100
11917587,723200
11917901,723300
11918613,723400
11919020,723500
11919344,723600
11919700,723700
11920026,723800
11920421,723900
11920796,724000
11921107,724100
11921415,724200
11921751,724300
11922155,724400
11922499,724500
11922794,724600
11923166,724700
11923598,724800
11924007,724900
11924768,725000
11925141,725100
11925460,725200
11925800,725300
11926215,725400
11926695,725500
11927257,725600
11927726,725700
11928122,725800
11928509,725900
11928888,726000
11929272,726100
11929614,726200
11929947,726300
11930380,726400
11931122,726500
11931509,726600
11931924,726700
11932296,726800
11932676,726900
11932990,727000
11933282,727100
11933640,727200
11933932,727300
11934356,727400
11934779,727500
11935142,727600
11935526,727700
11935932,727800
11936310,727900
11936744,728000
11937453,728100
11937706,728200
11938020,728300
11938381,728400
11938700,728500
11939137,728600
11939498,728700
11939835,728800
11940271,728900
11940673,729000
11940954,729100
11941309,729200
11941659,729300
11942080,729400
11942485,729500
11942900,729600
11943682,729700
11944088,729800
11944554,729900
11944975,730000
11953512,730100
11953875,730200
11954214,730300
11954522,730400
11954884,730500
11955260,730600
11955948,730700
11956385,730800
11956798,730900
11957151,731000
11957489,731100
11957780,731200
11958066,731300
11958441,731400
11958845,731500
11959263,731600
11959610,731700
11960013,731800
11960407,731900
11960707,732000
11961043,732100
11961358,732200
11961614,732300
11962236,732400
11962713,732500
11963115,732600
11963461,732700
11963826,732800
11964170,732900
11964518,733000
11964913,733100
11965200,733200
11965526,733300
11965825,733400
11966203,733500
11966569,733600
11966972,733700
11967317,733800
11967717,733900
11968473,734000
11968921,734100
11969361,734200
11969737,734300
11970022,734400
11970319,734500
11970663,734600
11971037,734700
11971428,734800
11971758,734900
11972238,735000
11972717,735100
11973156,735200
11973512,735300
11973880,735400
11974202,735500
11974935,735600
11975437,735700
11975799,735800
11976134,735900
11976698,736000
11977222,736100
11977711,736200
11978167,736300
11978629,736400
11979098,736500
11979620,736600
11980156,736700
11980973,736800
11981447,736900
11981846,737000
11982258,737100
11982714,737200
11983081,737300
11983411,737400
11983789,737500
11984127,737600
11984493,737700
11984916,737800
11985302,737900
11985638,738000
11986044,738100
11986455,738200
11986744,738300
11987469,738400
11987810,738500
11988204,738600
11988633,738700
11989051,738800
11989444,738900
11989856,739000
11990248,739100
11990650,739200
11990971,739300
11991236,739400
11991558,739500
11991972,739600
11992294,739700
11992688,739800
11992988,739900
11993727,740000
12002488,740100
12002773,740200
12003119,740300
12003455,740400
12003754,740500
12004154,740600
12004662,740700
12005100,740800
12005488,740900
12006257,741000
12006653,741100
12007047,741200
12007434,741300
12007792,741400
12008107,741500
12008438,741600
12008770,741700
12009142,741800
12009513,741900
12009832,742000
12010163,742100
12010557,742200
12010848,742300
12011239,742400
12011676,742500
12012530,742600
12012857,742700
12013226,742800
12013596,742900
12013926,743000
12014281,743100
12014705,743200
12015075,743300
12015408,743400
12015711,743500
12016017,743600
12016372,743700
12016812,743800
12017201,743900
12017547,744000
12017910,744100
12018652,744200
12019037,744300
12019288,744400
12019607,744500
12019953,744600
12020298,744700
12020701,744800
12021120,744900
12021545,745000
12021923,745100
12022255,745200
12022585,745300
12022912,745400
12023267,745500
12023697,745600
12024111,745700
12024906,745800
12025356,745900
12025718,746000
12026141,746100
12026428,746200
12026695,746300
12027073,746400
12027449,746500
12027787,746600
12028203,746700
12028546,746800
12028953,746900
12029391,747000
12029759,747100
12030116,747200
12030488,747300
12031152,747400
12031549,747500
12031921,747600
12032294,747700
12032667,747800
12033131,747900
12033568,748000
12033856,748100
12034238,748200
12034544,748300
12034790,748400
12035097,748500
12035488,748600
12035843,748700
12036300,748800
12036713,748900
12037533,749000
12037883,749100
12038330,749200
12038644,749300
12039014,749400
12039366,749500
12039734,749600
12040106,749700
12040576,749800
12041000,749900
12041402,750000
12050298,750100
12050616,750200
12050893,750300
12051223,750400
12051521,750500
12051815,750600
12052148,750700
12052520,750800
12052865,750900
12053252,751000
12053594,751100
12053863,751200
12054234,751300
12054568,751400
12054825,751500
12055199,751600
12055530,751700
12056318,751800
12056720,751900
12057049,752000
12057492,752100
12057868,752200
12058285,752300
12058714,752400
12059010,752500
12059274,752600
12059592,752700
12060018,752800
12060374,752900
12060803,753000
12061238,753100
12061648,753200
12062070,753300
12062866,753400
12063184,753500
12063470,753600
12063833,753700
12064197,753800
12064612,753900
12065075,754000
12065522,754100
12065913,754200
12066338,754300
12066734,754400
12067064,754500
12067385,754600
12067711,754700
12068043,754800
12068788,754900
12069246,755000
12069598,755100
12070014,755200
12070440,755300
12070852,755400
12071188,755500
12071506,755600
12071846,755700
12072260,755800
12072703,755900
12073157,756000
12073493,756100
12073842,756200
12074252,756300
12074620,756400
12075324,756500
12075657,756600
12075961,756700
12076314,756800
12076697,756900
12077034,757000
12077462,757100
12077726,757200
12078122,757300
12078514,757400
12078899,757500
12079311,757600
12079601,757700
12079892,757800
12080175,757900
12080518,758000
12080909,758100
12081618,758200
12082011,758300
12082402,758400
12082889,758500
12083425,758600
12083962,758700
12084348,758800
12084658,758900
12085020,759000
12085360,759100
12085797,759200
12086344,759300
12087013,759400
12087813,759500
12088195,759600
12088563,759700
12088926,759800
12089291,759900
12089582,760000
12097270,760100
12097639,760200
12098042,760300
12098458,760400
12098816,760500
12099225,760600
12099533,760700
12099879,760800
12100591,760900
12100923,761000
12101227,761100
12101588,761200
12101951,761300
12102325,761400
12102716,761500
12103043,761600
12103418,761700
12103855,761800
12104175,761900
12104500,762000
12104828,762100
12105267,762200
12105619,762300
12105999,762400
12106886,762500
12107258,762600
12107680,762700
12108028,762800
12108321,762900
12108765,763000
12109142,763100
12109604,763200
12110128,763300
12110648,763400
12111168,763500
12111669,763600
12112164,763700
12113021,763800
12113445,763900
12113919,764000
12114318,764100
12114751,764200
12115183,764300
12115645,764400
12116225,764500
12116789,764600
12117255,764700
12117764,764800
12118141,764900
12118572,765000
12119365,765100
12119874,765200
12120266,765300
12120738,765400
12121113,765500
12121534,765600
12121995,765700
12122402,765800
12122743,765900
12123168,766000
12123555,766100
12123967,766200
12124279,766300
12124604,766400
12124946,766500
12125620,766600
12126093,766700
12126705,766800
12127045,766900
12127393,767000
12127751,767100
12128119,767200
12128471,767300
12128823,767400
12129284,767500
12129679,767600
12130037,767700
12130461,767800
12130835,767900
12131210,768000
12132028,768100
12132436,768200
12132884,768300
12133252,768400
12133646,768500
12133997,768600
12134449,768700
12134890,768800
12135180,768900
12135485,769000
12135878,769100
12136304,769200
12136694,769300
12137077,769400
12137496,769500
12138320,769600
12138653,769700
12139030,769800
12139298,769900
12139619,770000
12146805,770100
12147102,770200
12147446,770300
12147854,770400
12148148,770500
12148576,770600
12148884,770700
12149151,770800
12149472,770900
12149714,771000
12150038,771100
12150973,771200
12151541,771300
12151906,771400
12152429,771500
12152858,771600
12153250,771700
12153651,771800
12154019,771900
12154364,772000
12154650,772100
12154946,772200
12155380,772300
12155718,772400
12156120,772500
12156885,772600
12157284,772700
12157650,772800
12158066,772900
12158396,773000
12158735,773100
12159081,773200
12159443,773300
12159799,773400
12160166,773500
12160494,773600
12160798,773700
12161172,773800
12161482,773900
12161813,774000
12162148,774100
12162431,774200
12163128,774300
12163658,774400
12164082,774500
12164535,774600
12164940,774700
12165351,774800
12165739,774900
12166179,775000
12166528,775100
12166820,775200
12167184,775300
12167519,775400
12167878,775500
12168262,775600
12168621,775700
12169031,775800
12169739,775900
12170097,776000
12170415,776100
12170698,776200
12171048,776300
12171401,776400
12171711,776500
12172034,776600
12172383,776700
12172744,776800
12173136,776900
12173515,777000
12173916,777100
12174311,777200
12174669,777300
12175065,777400
12175743,777500
12176199,777600
12176610,777700
12177009,777800
12177427,777900
12177842,778000
12178248,778100
12178678,778200
12179078,778300
12179435,778400
12179810,778500
12180251,778600
12180647,778700
12181037,778800
12181425,778900
12182172,779000
12182578,779100
12183024,779200
12183387,779300
12183740,779400
12184128,779500
12184513,779600
12184935,779700
12185319,779800
12185696,779900
12186104,780000
12192672,780100
12193059,780200
12193364,780300
12193682,780400
12193946,780500
12194636,780600
12195134,780700
12195527,780800
12195923,780900
12196333,781000
12196686,781100
12197085,781200
12197495,781300
12197839,781400
12198133,781500
12198524,781600
12198898,781700
12199270,781800
12199678,781900
12200009,782000
12200360,782100
12201061,782200
12201350,782300
12201693,782400
12202048,782500
12202391,782600
12202770,782700
12203164,782800
12203564,782900
12203966,783000
12204367,783100
12204707,783200
12205116,783300
12205532,783400
12205934,783500
12206311,783600
12206726,783700
12207506,783800
12207899,783900
12208294,784000
12208685,784100
12209017,784200
12209394,784300
12209782,784400
12210112,784500
12210446,784600
12210819,784700
12211262,784800
12211739,784900
12212257,785000
12212662,785100
12213594,785200
12214032,785300
12214467,785400
12214908,785500
12215360,785600
12215787,785700
12216212,785800
12216644,785900
12217094,786000
12217522,786100
12218015,786200
12218436,786300
12218854,786400
12219263,786500
12220035,786600
12220366,786700
12220758,786800
12221200,786900
12221650,787000
12222038,787100
12222493,787200
12222900,787300
12223281,787400
12223663,787500
12224013,787600
12224351,787700
12224698,787800
12225059,787900
12225445,788000
12226258,788100
12226644,788200
12227034,788300
12227444,788400
12227794,788500
12228140,788600
12228452,788700
12228784,788800
12229123,788900
12229506,789000
12229850,789100
12230207,789200
12230584,789300
12230963,789400
12231322,789500
12231655,789600
12232326,789700
12232750,789800
12233121,789900
12233476,790000
12240837,790100
12241152,790200
12241520,790300
12241909,790400
12242240,790500
12242601,790600
12242930,790700
12243250,790800
12243601,790900
12243956,791000
12244330,791100
12245105,791200
12245471,791300
12245850,791400
12246234,791500
12246609,791600
12247009,791700
12247336,791800
12247702,791900
12248076,792000
12248454,792100
12248865,792200
12249255,792300
12249663,792400
12250049,792500
12250434,792600
12251170,792700
12251647,792800
12252048,792900
12252434,793000
12252823,793100
12253272,793200
12253719,793300
12254119,793400
12254521,793500
12254919,793600
12255337,793700
12255759,793800
12256124,793900
12256510,794000
12256974,794100
12257764,794200
12258182,794300
12258612,794400
12258998,794500
12259333,794600
12259760,794700
12260107,794800
12260460,794900
12260809,795000
12261216,795100
12261607,795200
12262059,795300
12262541,795400
12262977,795500
12263869,795600
12264294,795700
12264715,795800
12265133,795900
12265568,796000
12265987,796100
12266407,796200
12266857,796300
12267287,796400
12267719,796500
12268254,796600
12268713,796700
12269205,796800
12270016,796900
12270545,797000
12271004,797100
12271469,797200
12271888,797300
12272306,797400
12272762,797500
12273137,797600
12273523,797700
12273881,797800
12274241,797900
12274585,798000
12274963,798100
12275393,798200
12275812,798300
12276603,798400
12277044,798500
12277509,798600
12277933,798700
12278322,798800
12278690,798900
12279068,799000
12279464,799100
12279839,799200
12280235,799300
12280616,799400
12281038,799500
12281485,799600
12282035,799700
12282860,799800
12283227,799900
12283599,800000
12294693,800100
12295425,800200
12295825,800300
12296214,800400
12296615,800500
12296995,800600
12297406,800700
12297758,800800
12298137,800900
12298478,801000
12298877,801100
12299293,801200
12299714,801300
12300129,801400
12300524,801500
12300977,801600
12301812,801700
12302156,801800
12302499,801900
12302841,802000
12303187,802100
12303607,802200
12304069,802300
12304420,802400
12304825,802500
12305238,802600
12305602,802700
12305988,802800
12306360,802900
12306714,803000
12307048,803100
12307802,803200
12308179,803300
12308618,803400
12309030,803500
12309407,803600
12309841,803700
12310273,803800
12310677,803900
12311063,804000
12311390,804100
12311733,804200
12312160,804300
12312566,804400
12312957,804500
12313443,804600
12314214,804700
12314597,804800
12314990,804900
12315376,805000
12315751,805100
12316185,805200
12316550,805300
12317001,805400
12317405,805500
12317835,805600
12318226,805700
12318657,805800
12319072,805900
12319422,806000
12319752,806100
12320438,806200
12320893,806300
12321321,806400
12321697,806500
12322099,806600
12322479,806700
12322926,806800
12323361,806900
12323715,807000
12324092,807100
12324524,807200
12324928,807300
12325381,807400
12325784,807500
12326152,807600
12326935,807700
12327288,807800
12327692,807900
12328035,808000
12328394,808100
12328760,808200
12329093,808300
12329510,808400
12329954,808500
12330356,808600
12330806,808700
12331242,808800
12331661,808900
12332033,809000
12332451,809100
12333290,809200
12333843,809300
12334385,809400
12334873,809500
12335299,809600
12335744,809700
12336249,809800
12336741,809900
12337306,810000
12344561,810100
12345021,810200
12345849,810300
12346314,810400
12346778,810500
12347195,810600
12347651,810700
12348092,810800
12348510,810900
12348987,811000
12349429,811100
12349848,811200
12350264,811300
12350656,811400
12351023,811500
12351486,811600
12352298,811700
12352779,811800
12353249,811900
12353713,812000
12354146,812100
12354532,812200
12354907,812300
12355338,812400
12355805,812500
12356228,812600
12356730,812700
12357236,812800
12357689,812900
12358566,813000
12359072,813100
12359553,813200
12359989,813300
12360448,813400
12360845,813500
12361379,813600
12361948,813700
12362396,813800
12362883,813900
12363371,814000
12363815,814100
12364535,814200
12365015,814300
12365413,814400
12365867,814500
12366353,814600
12366758,814700
12367196,814800
12367668,814900
12368140,815000
12368577,815100
12369018,815200
12369367,815300
12369711,815400
12370119,815500
12370957,815600
12371428,815700
12372007,815800
12372406,815900
12372828,816000
12373289,816100
12373741,816200
12374119,816300
12374512,816400
12374825,816500
12375234,816600
12375696,816700
12376137,816800
12376534,816900
12377301,817000
12377674,817100
12378088,817200
12378456,817300
12378828,817400
12379156,817500
12379538,817600
12379944,817700
12380344,817800
12380863,817900
12381281,818000
12381654,818100
12382154,818200
12382604,818300
12383007,818400
12383802,818500
12384164,818600
12384579,818700
12385049,818800
12385496,818900
12385943,819000
12386427,819100
12386938,819200
12387348,819300
12387826,819400
12388241,819500
12388572,819600
12388980,819700
12389899,819800
12390324,819900
12390790,820000
12398488,820100
12398981,820200
12399407,820300
12399839,820400
12400239,820500
12400631,820600
12401054,820700
12401526,820800
12402309,820900
12402780,821000
12403132,821100
12403507,821200
12403870,821300
12404270,821400
12404606,821500
12404936,821600
12405312,821700
12405672,821800
12406088,821900
12406454,822000
12406824,822100
12407197,822200
12407571,822300
12407970,822400
12408792,822500
12409171,822600
12409532,822700
12409885,822800
12410243,822900
12410624,823000
12411028,823100
12411414,823200
12411913,823300
12412349,823400
12412829,823500
12413257,823600
12413574,823700
12413944,823800
12414324,823900
12415171,824000
12415682,824100
12416106,824200
12416567,824300
12417078,824400
12417499,824500
12417919,824600
12418399,824700
12418883,824800
12419301,824900
12419778,825000
12420283,825100
12421069,825200
12421608,825300
12422109,825400
12422590,825500
12423072,825600
12423378,825700
12423711,825800
12424134,825900
12424537,826000
12425006,826100
12425455,826200
12425857,826300
12426309,826400
12426788,826500
12427635,826600
12427992,826700
12428414,826800
12428890,826900
12429292,827000
12429743,827100
12430248,827200
12430862,827300
12431447,827400
12431911,827500
12432346,827600
12432752,827700
12433139,827800
12433914,827900
12434340,828000
12434777,828100
12435254,828200
12435713,828300
12436198,828400
12436650,828500
12437071,828600
12437485,828700
12437857,828800
12438288,828900
12438766,829000
12439266,829100
12440106,829200
12440698,829300
12441089,829400
12441530,829500
12442104,829600
12442595,829700
12443123,829800
12443638,829900
12444126,830000
12453977,830100
12454488,830200
12454992,830300
12455392,830400
12455861,830500
12456277,830600
12456761,830700
12457241,830800
12457723,830900
12458182,831000
12458993,831100
12459584,831200
12460031,831300
12460441,831400
12460898,831500
12461384,831600
12461812,831700
12462260,831800
12462678,831900
12463141,832000
12463634,832100
12464159,832200
12464711,832300
12465605,832400
12466315,832500
12466902,832600
12467463,832700
12467972,832800
12468512,832900
12468957,833000
12469482,833100
12470104,833200
12470697,833300
12471261,833400
12472204,833500
12472709,833600
12473157,833700
12473629,833800
12474103,833900
12474602,834000
12475109,834100
12475617,834200
12476217,834300
12476804,834400
12477407,834500
12478379,834600
12478954,834700
12479578,834800
12480103,834900
12480660,835000
12481173,835100
12481671,835200
12482189,835300
12482696,835400
12483157,835500
12483708,835600
12484596,835700
12485052,835800
12485593,835900
12486124,836000
12486640,836100
12487236,836200
12487774,836300
12488293,836400
12488695,836500
12489185,836600
12489664,836700
12490450,836800
12491044,836900
12491452,837000
12491895,837100
12492267,837200
12492747,837300
12493222,837400
12493740,837500
12494249,837600
12494805,837700
12495411,837800
12495923,837900
12496431,838000
12497237,838100
12497655,838200
12498173,838300
12498640,838400
12499095,838500
12499527,838600
12500264,838700
12500672,838800
12501094,838900
12501470,839000
12501866,839100
12502250,839200
12502664,839300
12503489,839400
12503898,839500
12504305,839600
12504692,839700
12505094,839800
12505512,839900
12505961,840000
12514474,840100
12514778,840200
12515118,840300
12515791,840400
12516121,840500
12516420,840600
12516806,840700
12517201,840800
12517625,840900
12518037,841000
12518437,841100
12518815,841200
12519218,841300
12519664,841400
12520107,841500
12520546,841600
12520996,841700
12521396,841800
12522239,841900
12522668,842000
12523005,842100
12523348,842200
12523740,842300
12524182,842400
12524596,842500
12525033,842600
12525426,842700
12525814,842800
12526168,842900
12526458,843000
12526858,843100
12527234,843200
12527674,843300
12528556,843400
12529051,843500
12529519,843600
12529982,843700
12530394,843800
12530788,843900
12531197,844000
12531621,844100
12531991,844200
12532375,844300
12532818,844400
12533267,844500
12533756,844600
12534167,844700
12534949,844800
12535307,844900
12535706,845000
12536018,845100
12536350,845200
12536671,845300
12537055,845400
12537448,845500
12537864,845600
12538172,845700
12538579,845800
12539010,845900
12539361,846000
12539690,846100
12540028,846200
12540376,846300
12541166,846400
12541510,846500
12541920,846600
12542312,846700
12542677,846800
12543081,846900
12543529,847000
12543928,847100
12544301,847200
12544636,847300
12545043,847400
12545522,847500
12546009,847600
12546471,847700
12546884,847800
12547638,847900
12548027,848000
12548491,848100
12548919,848200
12549336,848300
12549791,848400
12550229,848500
12550632,848600
12551018,848700
12551423,848800
12551827,848900
12552237,849000
12552616,849100
12553066,849200
12553882,849300
12554359,849400
12554792,849500
12555221,849600
12555806,849700
12556284,849800
12556766,849900
12557174,850000
12564836,850100
12565250,850200
12565709,850300
12566544,850400
12566952,850500
12567449,850600
12567852,850700
12568299,850800
12568783,850900
12569350,851000
12569744,851100
12570180,851200
12570677,851300
12571087,851400
12571561,851500
12571985,851600
12572789,851700
12573210,851800
12573643,851900
12573973,852000
12574375,852100
12574849,852200
12575334,852300
12575849,852400
12576382,852500
12576810,852600
12577334,852700
12577882,852800
12578377,852900
12579195,853000
12579598,853100
12579969,853200
12580369,853300
12580781,853400
12581139,853500
12581572,853600
12581952,853700
12582403,853800
12582818,853900
12583266,854000
12583831,854100
12584450,854200
12585292,854300
12585665,854400
12586093,854500
12586524,854600
12586927,854700
12587332,854800
12587799,854900
12588258,855000
12588768,855100
12589234,855200
12589666,855300
12590120,855400
12590613,855500
12591529,855600
12592141,855700
12592682,855800
12593103,855900
12593576,856000
12594038,856100
12594411,856200
12594807,856300
12595297,856400
12595829,856500
12596332,856600
12596776,856700
12597573,856800
12598046,856900
12598446,857000
12598843,857100
12599183,857200
12599544,857300
12599883,857400
12600300,857500
12600705,857600
12601125,857700
12601514,857800
12601918,857900
12602295,858000
12602643,858100
12603018,858200
12603384,858300
12604136,858400
12604515,858500
12604982,858600
12605393,858700
12605739,858800
12606154,858900
12606624,859000
12607075,859100
12607528,859200
12607897,859300
12608282,859400
12608664,859500
12609066,859600
12609418,859700
12610137,859800
12610693,859900
12611036,860000
12618972,860100
12619341,860200
12619671,860300
12620008,860400
12620310,860500
12620710,860600
12621096,860700
12621542,860800
12621987,860900
12622764,861000
12623272,861100
12623749,861200
12624129,861300
12624532,861400
12624941,861500
12625391,861600
12625780,861700
12626191,861800
12626620,861900
12627077,862000
12627543,862100
12628053,862200
12628460,862300
12629311,862400
12629703,862500
12630203,862600
12630655,862700
12631051,862800
12631530,862900
12631998,863000
12632489,863100
12632878,863200
12633318,863300
12633702,863400
12634146,863500
12634633,863600
12635487,863700
12635876,863800
12636302,863900
12636743,864000
12637172,864100
12637589,864200
12637988,864300
12638371,864400
12638741,864500
12639151,864600
12639551,864700
12639966,864800
12640406,864900
12640809,865000
12641621,865100
12642093,865200
12642475,865300
12642832,865400
12643206,865500
12643634,865600
12644063,865700
12644503,865800
12644918,865900
12645310,866000
12645714,866100
12646185,866200
12646590,866300
12647000,866400
12647418,866500
12648198,866600
12648606,866700
12648997,866800
12649388,866900
12649774,867000
12650266,867100
12650662,867200
12651087,867300
12651548,867400
12652009,867500
12652414,867600
12652819,867700
12653235,867800
12653689,867900
12654636,868000
12655046,868100
12655469,868200
12655937,868300
12656332,868400
12656785,868500
12657209,868600
12657634,868700
12658067,868800
12658561,868900
12659048,869000
12659611,869100
12660178,869200
12661024,869300
12661502,869400
12662028,869500
12662478,869600
12662926,869700
12663446,869800
12664152,869900
12664829,870000
12672455,870100
12673422,870200
12673957,870300
12674453,870400
12674899,870500
12675344,870600
12675787,870700
12676239,870800
12676694,870900
12677083,871000
12677540,871100
12677956,871200
12678432,871300
12679103,871400
12680010,871500
12680543,871600
12681052,871700
12681546,871800
12682012,871900
12682537,872000
12683034,872100
12683536,872200
12683986,872300
12684421,872400
12684913,872500
12685399,872600
12686260,872700
12686679,872800
12687190,872900
12687756,873000
12688249,873100
12688764,873200
12689283,873300
12689862,873400
12690413,873500
12690953,873600
12691439,873700
12692415,873800
12692929,873900
12693432,874000
12693993,874100
12694518,874200
12695009,874300
12695464,874400
12695984,874500
12696427,874600
12696879,874700
12697335,874800
12697830,874900
12698759,875000
12699320,875100
12699835,875200
12700329,875300
12700847,875400
12701383,875500
12701916,875600
12702425,875700
12702912,875800
12703414,875900
12703919,876000
12704882,876100
12705393,876200
12705857,876300
12706370,876400
12706881,876500
12707399,876600
12707910,876700
12708406,876800
12708845,876900
12709318,877000
12709802,877100
12710284,877200
12711165,877300
12711615,877400
12712090,877500
12712558,877600
12713003,877700
12713424,877800
12713865,877900
12714266,878000
12714712,878100
12715215,878200
12715712,878300
12716170,878400
12716578,878500
12717360,878600
12717908,878700
12718293,878800
12718756,878900
12719156,879000
12719612,879100
12720047,879200
12720659,879300
12721159,879400
12721665,879500
12722130,879600
12722659,879700
12723138,879800
12723999,879900
12724543,880000
12733326,880100
12733760,880200
12734277,880300
12734777,880400
12735268,880500
12735755,880600
12736643,880700
12737090,880800
12737502,880900
12738003,881000
12738505,881100
12738933,881200
12739363,881300
12739788,881400
12740183,881500
12740637,881600
12741109,881700
12741484,881800
12741898,881900
12742314,882000
12743306,882100
12743860,882200
12744460,882300
12744959,882400
12745415,882500
12745903,882600
12746339,882700
12746806,882800
12747156,882900
12747574,883000
12747988,883100
12748461,883200
12749312,883300
12749798,883400
12750265,883500
12750677,883600
12751109,883700
12751563,883800
12751944,883900
12752330,884000
12752708,884100
12753158,884200
12753796,884300
12754245,884400
12754699,884500
12755521,884600
12755904,884700
12756460,884800
12756847,884900
12757190,885000
12757552,885100
12758004,885200
12758519,885300
12759007,885400
12759604,885500
12760137,885600
12760635,885700
12761195,885800
12762341,885900
12762765,886000
12763302,886100
12763797,886200
12764360,886300
12764909,886400
12765490,886500
12766021,886600
12766650,886700
12767208,886800
12768128,886900
12768635,887000
12769115,887100
12769584,887200
12770092,887300
12770590,887400
12771038,887500
12771470,887600
12771945,887700
12772422,887800
12772802,887900
12773221,888000
12773671,888100
12774534,888200
12774998,888300
12775480,888400
12775887,888500
12776376,888600
12776887,888700
12777328,888800
12777749,888900
12778154,889000
12778474,889100
12778897,889200
12779390,889300
12779780,889400
12780171,889500
12781027,889600
12781473,889700
12782019,889800
12782523,889900
12782942,890000
12790231,890100
12790565,890200
12790951,890300
12791334,890400
12791736,890500
12792089,890600
12792466,890700
12793261,890800
12793673,890900
12794073,891000
12794414,891100
12794835,891200
12795200,891300
12795716,891400
12796030,891500
12796437,891600
12796848,891700
12797208,891800
12797598,891900
12797981,892000
12798309,892100
12798657,892200
12798972,892300
12799704,892400
12800138,892500
12800523,892600
12800926,892700
12801297,892800
12801673,892900
12802053,893000
12802497,893100
12802820,893200
12803252,893300
12803660,893400
12804074,893500
12804529,893600
12804993,893700
12805415,893800
12806212,893900
12806633,894000
12807021,894100
12807382,894200
12807917,894300
12808406,894400
12808848,894500
12809344,894600
12809831,894700
12810316,894800
12810825,894900
12811335,895000
12811680,895100
12812427,895200
12812778,895300
12813174,895400
12813571,895500
12814077,895600
12814585,895700
12815069,895800
12815615,895900
12816148,896000
12816600,896100
12817022,896200
12817378,896300
12817826,896400
12818602,896500
12819166,896600
12819698,896700
12820118,896800
12820606,896900
12821044,897000
12821551,897100
12822001,897200
12822327,897300
12822726,897400
12823167,897500
12823577,897600
12824072,897700
12824909,897800
12825490,897900
12825916,898000
12826337,898100
12826702,898200
12827030,898300
12827408,898400
12827858,898500
12828265,898600
12828793,898700
12829216,898800
12829582,898900
12830018,899000
12830468,899100
12831283,899200
12831748,899300
12832188,899400
12832695,899500
12833148,899600
12833639,899700
12834079,899800
12834512,899900
12835000,900000
12842333,900100
12842704,900200
12843067,900300
12843445,900400
12844199,900500
12844662,900600
12845106,900700
12845565,900800
12846033,900900
12846513,901000
12846943,901100
12847395,901200
12847759,901300
12848123,901400
12848454,901500
12848912,901600
12849399,901700
12849845,901800
12850719,901900
12851181,902000
12851632,902100
12852033,902200
12852487,902300
12852905,902400
12853476,902500
12854021,902600
12854491,902700
12854931,902800
12855414,902900
12855925,903000
12856657,903100
12857079,903200
12857350,903300
12857759,903400
12858238,903500
12858744,903600
12859172,903700
12859613,903800
12860097,903900
12860481,904000
12860791,904100
12861112,904200
12861419,904300
12861765,904400
12862203,904500
12863062,904600
12863527,904700
12863946,904800
12864380,904900
12864856,905000
12865351,905100
12865817,905200
12866236,905300
12866600,905400
12867044,905500
12867503,905600
12867836,905700
12868234,905800
12868723,905900
12869540,906000
12869969,906100
12870334,906200
12870755,906300
12871084,906400
12871463,906500
12871889,906600
12872250,906700
12872741,906800
12873177,906900
12873535,907000
12873918,907100
12874293,907200
12874631,907300
12875006,907400
12875817,907500
12876196,907600
12876693,907700
12877111,907800
12877600,907900
12878018,908000
12878425,908100
12878868,908200
12879212,908300
12879535,908400
12879870,908500
12880223,908600
12880586,908700
12881038,908800
12881473,908900
12882249,909000
12882716,909100
12883146,909200
12883678,909300
12884063,909400
12884446,909500
12884890,909600
12885277,909700
12885673,909800
12886068,909900
12886416,910000
12893853,910100
12894635,910200
12894986,910300
12895314,910400
12895623,910500
12895958,910600
12896345,910700
12896729,910800
12897118,910900
12897494,911000
12897874,911100
12898241,911200
12898663,911300
12899022,911400
12899328,911500
12899653,911600
12900042,911700
12900429,911800
12901155,911900
12901560,912000
12901913,912100
12902316,912200
12902699,912300
12903061,912400
12903409,912500
12903785,912600
12904123,912700
12904499,912800
12904835,912900
12905247,913000
12905718,913100
12906111,913200
12906578,913300
12907387,913400
12907732,913500
12908050,913600
12908393,913700
12908776,913800
12909157,913900
12909523,914000
12909887,914100
12910246,914200
12910615,914300
12911043,914400
12911473,914500
12911833,914600
12912171,914700
12912509,914800
12912972,914900
12913751,915000
12914130,915100
12914560,915200
12915026,915300
12915412,915400
12915792,915500
12916090,915600
12916472,915700
12916799,915800
12917179,915900
12917568,916000
12917963,916100
12918313,916200
12918720,916300
12919180,916400
12919969,916500
12920323,916600
12920704,916700
12921013,916800
12921370,916900
12921802,917000
12922172,917100
12922542,917200
12923015,917300
12923457,917400
12923937,917500
12924448,917600
12924882,917700
12925292,917800
12925674,917900
12926556,918000
12927048,918100
12927440,918200
12927911,918300
12928341,918400
12928828,918500
12929271,918600
12929590,918700
12930091,918800
12930436,918900
12930783,919000
12931148,919100
12931486,919200
12931884,919300
12932713,919400
12933034,919500
12933472,919600
12933787,919700
12934087,919800
12934489,919900
12934887,920000
12942162,920100
12942561,920200
12942947,920300
12943306,920400
12943677,920500
12944042,920600
12944340,920700
12944675,920800
12945397,920900
12945775,921000
12946204,921100
12946520,921200
12946929,921300
12947341,921400
12947704,921500
12948074,921600
12948481,921700
12948851,921800
12949156,921900
12949514,922000
12949951,922100
12950374,922200
12950829,922300
12951631,922400
12952092,922500
12952543,922600
12952993,922700
12953401,922800
12953725,922900
12954141,923000
12954576,923100
12954958,923200
12955346,923300
12955728,923400
12956125,923500
12956575,923600
12957033,923700
12957487,923800
12958233,923900
12958615,924000
12959160,924100
12959697,924200
12960126,924300
12960593,924400
12961078,924500
12961583,924600
12962033,924700
12962486,924800
12962843,924900
12963248,925000
12963684,925100
12964543,925200
12964897,925300
12965326,925400
12965694,925500
12966102,925600
12966467,925700
12966833,925800
12967156,925900
12967557,926000
12968055,926100
12968542,926200
12968943,926300
12969381,926400
12969842,926500
12970717,926600
12971032,926700
12971368,926800
12971697,926900
12972058,927000
12972477,927100
12972963,927200
12973348,927300
12973703,927400
12974090,927500
12974501,927600
12974847,927700
12975240,927800
12975595,927900
12976025,928000
12976400,928100
12977393,928200
12977749,928300
12978144,928400
12978629,928500
12979026,928600
12979355,928700
12979753,928800
12980111,928900
12980509,929000
12980889,929100
12981292,929200
12981663,929300
12981998,929400
12982374,929500
12982705,929600
12983460,929700
12983832,929800
12984134,929900
12984492,930000
12991512,930100
12991974,930200
12992407,930300
12992755,930400
12993100,930500
12993456,930600
12993811,930700
12994154,930800
12994537,930900
12994885,931000
12995335,931100
12996183,931200
12996541,931300
12996891,931400
12997284,931500
12997660,931600
12997964,931700
12998337,931800
12998690,931900
12999035,932000
12999418,932100
12999862,932200
13000336,932300
13000757,932400
13001168,932500
13001636,932600
13002324,932700
13002719,932800
13003097,932900
13003429,933000
13003781,933100
13004190,933200
13004682,933300
13004991,933400
13005324,933500
13005742,933600
13006149,933700
13006566,933800
13006976,933900
13007351,934000
13007794,934100
13008207,934200
13009052,934300
13009485,934400
13009861,934500
13010359,934600
13010852,934700
13011346,934800
13011776,934900
13012163,935000
13012618,935100
13013260,935200
13013722,935300
13014049,935400
13014441,935500
13015126,935600
13015437,935700
13015793,935800
13016103,935900
13016486,936000
13016891,936100
13017199,936200
13017532,936300
13017913,936400
13018252,936500
13018568,936600
13018825,936700
13019095,936800
13019401,936900
13019734,937000
13020024,937100
13020369,937200
13020706,937300
13021335,937400
13021777,937500
13022138,937600
13022514,937700
13022815,937800
13023158,937900
13023591,938000
13023973,938100
13024347,938200
13024725,938300
13025070,938400
13025542,938500
13025916,938600
13026413,938700
13026809,938800
13027147,938900
13027950,939000
13028370,939100
13028784,939200
13029207,939300
13029544,939400
13029944,939500
13030298,939600
13030678,939700
13031052,939800
13031387,939900
13031736,940000
13038674,940100
13039025,940200
13039347,940300
13039711,940400
13040495,940500
13040915,940600
13041232,940700
13041552,940800
13041941,940900
13042375,941000
13042785,941100
13043144,941200
13043466,941300
13043840,941400
13044244,941500
13044518,941600
13044820,941700
13045129,941800
13045445,941900
13045803,942000
13046151,942100
13046888,942200
13047177,942300
13047566,942400
13047886,942500
13048191,942600
13048475,942700
13048757,942800
13049092,942900
13049494,943000
13049878,943100
13050217,943200
13050595,943300
13050962,943400
13051286,943500
13051679,943600
13052056,943700
13052359,943800
13053017,943900
13053448,944000
13053819,944100
13054200,944200
13054533,944300
13054897,944400
13055293,944500
13055665,944600
13055986,944700
13056288,944800
13056607,944900
13056999,945000
13057379,945100
13057793,945200
13058175,945300
13058592,945400
13058956,945500
13059720,945600
13060049,945700
13060324,945800
13060632,945900
13061076,946000
13061458,946100
13061808,946200
13062244,946300
13062621,946400
13062988,946500
13063314,946600
13063626,946700
13063926,946800
13064306,946900
13064621,947000
13065048,947100
13065765,947200
13066172,947300
13066626,947400
13067072,947500
13067520,947600
13067916,947700
13068317,947800
13068767,947900
13069204,948000
13069699,948100
13070143,948200
13070498,948300
13071026,948400
13071427,948500
13072123,948600
13072544,948700
13072826,948800
13073138,948900
13073502,949000
13073900,949100
13074269,949200
13074668,949300
13074995,949400
13075371,949500
13075774,949600
13076116,949700
13076451,949800
13076807,949900
13077187,950000
13084104,950100
13084758,950200
13085180,950300
13085535,950400
13085889,950500
13086229,950600
13086518,950700
13086804,950800
13087117,950900
13087442,951000
13087740,951100
13088133,951200
13088512,951300
13088828,951400
13089186,951500
13089541,951600
13089884,951700
13090231,951800
13090564,951900
13091345,952000
13091734,952100
13092211,952200
13092668,952300
13093054,952400
13093512,952500
13093930,952600
13094327,952700
13094715,952800
13095093,952900
13095497,953000
13095855,953100
13096251,953200
13096653,953300
13097050,953400
13097822,953500
13098221,953600
13098551,953700
13098919,953800
13099312,953900
13099655,954000
13100029,954100
13100474,954200
13100805,954300
13101160,954400
13101511,954500
13101824,954600
13102116,954700
13102472,954800
13102834,954900
13103183,955000
13103909,955100
13104315,955200
13104670,955300
13105030,955400
13105413,955500
13105753,955600
13106068,955700
13106383,955800
13106757,955900
13107189,956000
13107572,956100
13107979,956200
13108417,956300
13108835,956400
13109191,956500
13109562,956600
13110249,956700
13110626,956800
13110972,956900
13111397,957000
13111795,957100
13112161,957200
13112540,957300
13112950,957400
13113352,957500
13113695,957600
13114010,957700
13114340,957800
13114696,957900
13115040,958000
13115469,958100
13115867,958200
13116629,958300
13117112,958400
13117535,958500
13117848,958600
13118148,958700
13118505,958800
13118829,958900
13119253,959000
13119673,959100
13120108,959200
13120502,959300
13120806,959400
13121233,959500
13121567,959600
13121906,959700
13122273,959800
13122984,959900
13123451,960000
13142434,960100
13142794,960200
13143152,960300
13143653,960400
13144354,960500
13144816,960600
13145219,960700
13145684,960800
13146154,960900
13146581,961000
13147042,961100
13147487,961200
13148315,961300
13148739,961400
13149107,961500
13149481,961600
13149816,961700
13150188,961800
13150534,961900
13150915,962000
13151355,962100
13151722,962200
13152072,962300
13152457,962400
13152860,962500
13153178,962600
13153500,962700
13153828,962800
13407398,962900
13409485,962900
