timestamp_ms,read_bytes,written_bytes
0,4096,4096
5010,2076672,15183839232
10008,2076672,15183839232
15010,2076672,15183839232
20009,137498624,15183839232
25006,674045952,15183839232
30010,1747267584,15183839232
35010,3088953344,15333933056
40010,4430581760,16259248128
45010,6040178688,17115500544
50010,7794855936,17189117952
55010,9261469696,18481922048
60010,11106742272,18894802944
65007,12320403456,19867181056
70010,14071185408,19867181056
75010,15632097280,21390950400
80010,17770160128,22146510848
85010,19294085120,23180914688
90010,21296783360,23180914688
95004,22947377152,24748679168
100010,24980885504,25006673920
105000,26565693440,26033905664
110010,28732301312,26033905664
115009,30965202944,28546510848
120010,33212932096,29012746240
125010,35361427456,30825922560
130000,37448118272,30827229184
135010,39650422784,33127161856
140009,42174537728,33643524096
145010,44264054784,35321995264
150009,46487965696,35321995264
155009,49086562304,37626327040
160004,51704205312,38557945856
165007,53846323200,39679934464
170010,56008089600,39862607872
175010,58734616576,42415063040
180010,61856133120,42888204288
185007,63974916096,44621705216
190010,66415058944,45215735808
195010,68213194752,46387412992
200009,71400267776,47009738752
205001,74091847680,47456153600
210001,76775907328,49963376640
215010,79699755008,50943299584
220000,82005954560,52042821632
225003,85476356096,52700643328
230009,88484065280,53167558656
235010,91091169280,55368622080
240010,94371876864,56720871424
245010,97454755840,56790556672
250010,99919155200,58465378304
255008,102990536704,58607706112
260010,105671061504,59073687552
265009,108641521664,61391618048
270000,111542820864,61559488512
275010,114576723968,62691098624
280009,117836980224,63118991360
285010,120371023872,63118991360
290001,123149463552,64725954560
295009,126181269504,65167364096
300009,129625247744,65167364096
305010,132828782592,67780964352
310009,136151576576,68496855040
315010,139838664704,68496855040
320010,142559485952,70322692096
325003,146242441216,70574247936
330010,149343830016,70752587776
335002,152641531904,72415625216
340010,156098523136,72824553472
345008,159075311616,73006829568
350000,162359926784,75636428800
355009,166110076928,76922269696
360009,169638928384,76922269696
365010,172308959232,78982098944
370010,176308793344,79541846016
375010,179672006656,79699144704
380010,182465363968,81353498624
385009,186057351168,83042836480
390010,189947514880,83251232768
395009,193417928704,83251232768
400010,196296724480,84304134144
405010,200139784192,85056667648
410009,203381846016,85302747136
415010,206888386560,85302747136
420005,209386086400,87666319360
425010,213588480000,89395830784
430000,216952942592,89985507328
435010,220346208256,89985507328
440000,223556743168,91675201536
445010,226989236224,92327567360
450010,230934298624,92641239040
455003,234382622720,92641239040
460003,237282234368,92650766336
465000,240931889152,95384584192
470007,244969148416,96434343936
475010,248333889536,96434343936
480008,252043345920,96434343936
485010,254606143488,97649983488
490010,258488250368,98604408832
495009,262850707456,99070840832
500010,265861120000,99163000832
505010,269384839168,99163000832
510008,272263057408,101615251456
515010,276084449280,103431049216
520001,280667262976,104140005376
525007,283750141952,104140005376
530010,287629242368,104140005376
535010,290229825536,106200530944
540006,294354407424,106869719040
545010,297768980480,107317612544
550010,301478739968,107317612544
555008,304664666112,107317612544
560000,307452354560,109011730432
565010,311015645184,110829797376
570010,315157282816,111779459072
575010,318932799488,112083697664
580009,322635022336,112083697664
585010,324964864000,113265332224
590010,329276764160,114293764096
595002,332658225152,114774806528
600010,335351992320,114823790592
605010,338992181248,114823790592
610010,341671202816,114823790592
615010,344255533056,117006401536
620010,348359970816,117724917760
625010,351174479872,117724917760
630006,354856669184,117724917760
635010,357895024640,117724917760
640000,361794531328,117724917760
645000,364384755712,119357149184
650010,367812579328,120197746688
655010,371343319040,120246566912
660010,374914109440,120246566912
665008,378525437952,120246566912
670000,381948452864,120246566912
675010,385141456896,120472821760
680010,387933167616,122053869568
685004,391258169344,122053869568
690003,394738192384,122053869568
695010,398107512832,122053869568
700010,402117648384,122053869568
705010,405090291712,122053869568
710010,407965646848,123267616768
715010,411348750336,124102082560
720010,414486163456,124102082560
725009,417946890240,124102082560
730010,421077004288,124102082560
735009,424695787520,124102082560
740010,427036602368,124316737536
745010,430611820544,126340112384
750003,433756987392,126431698944
755010,436623863808,126431698944
760009,440535273472,126431698944
765010,443609620480,126431698944
770010,447364210688,126431698944
775006,449976348672,128496549888
780010,454285529088,129052815360
785010,457506189312,129161932800
790010,461029564416,129161932800
795001,464500232192,129161932800
800008,467578589184,129161932800
805010,470185897984,130340855808
810008,473606627328,131691753472
815004,476625211392,131691753472
820010,479973191680,131691753472
825000,484014219264,131691753472
830008,487746969600,131691753472
835010,490657067008,131691753472
840005,494071947264,132940898304
845002,497944887296,134015381504
850010,501365252096,134499098624
855003,504409088000,134499098624
860002,508010438656,134499098624
865010,511179792384,134499098624
870010,514109915136,134499098624
875010,517595136000,136761040896
880010,521065832448,137570934784
885006,523994861568,137570934784
890009,527496167424,137570934784
895001,531479257088,137570934784
900010,534330564608,137570934784
905010,537690021888,137570934784
910004,541372174336,139231989760
915010,545262784512,140148031488
920010,548785119232,140570189824
925010,551922204672,140570189824
930010,555970748416,140570189824
935010,559043137536,140570189824
940010,561676947456,141047185408
945000,565869580288,144145174528
950007,569233285120,144562126848
955010,572118163456,144562126848
960010,576192032768,144562126848
965008,579272372224,144562126848
970002,583070171136,144562126848
975010,585478762496,146178646016
980010,588940427264,146760138752
985001,593263296512,147022864384
990006,596670771200,147022864384
995010,599370813440,147022864384
1000010,603209658368,147022864384
1005010,606316285952,147022864384
1010005,609242722304,147022864384
1015010,611566280704,148765134848
1020007,615161716736,149885902848
1025010,619246501888,149971247104
1030001,622265565184,149971247104
1035010,625154969600,149971247104
1040007,629320642560,149971247104
1045007,632687509504,149971247104
1050001,635755696128,149971247104
1055005,639144697856,149971247104
1060010,642535428096,149971247104
1065010,646133125120,149971247104
1070010,649993097216,149971247104
1075010,653255254016,149971247104
1080008,656528154624,149971247104
1085010,659748806656,152264568832
1090010,663501926400,153822539776
1095003,667105406976,154313932800
1100001,671576559616,154752262144
1105001,675395756032,154752262144
1110010,678779764736,154752262144
1115000,682330169344,154752262144
1120000,685765062656,154752262144
1125000,689555886080,154752262144
1130000,692725927936,154752262144
1135003,696751357952,154752262144
1140003,701222981632,154752262144
1145003,704779927552,154752262144
1150010,708040708096,154752262144
1155010,711769231360,154752262144
1160000,714701443072,155963826176
1165009,718088450048,156363411456
1170003,721476100096,156363411456
1175000,725535883264,156363411456
1180005,729277267968,156363411456
1185010,732557910016,156363411456
1190005,736015327232,156363411456
1195010,738747265024,157865279488
1200010,742991978496,159249174528
1205009,746675658752,159649337344
1210010,750452523008,159649337344
1215004,753954824192,159649337344
1220002,757591056384,159649337344
1225000,761018994688,159649337344
1230007,764111724544,161489440768
1235009,767575281664,162150039552
1240003,771167969280,162150039552
1245003,774659944448,162150039552
1250010,778938052608,162150039552
1255000,781888188416,162150039552
1260002,784882769920,162150039552
1265010,788269932544,162150039552
1270000,792242348032,162150039552
1275010,795647787008,163995344896
1280010,799576608768,165742587904
1285010,803024838656,165850386432
1290000,806545551360,165850386432
1295002,810400686080,165850386432
1300010,813119672320,165850386432
1305010,816445026304,165850386432
1310010,820188487680,165850386432
1315010,823804383232,165850386432
1320001,827403595776,165850386432
1325010,830321283072,167680962560
1330010,834293673984,168400809984
1335003,837923401728,168400809984
1340009,841293524992,168400809984
1345001,844619964416,168400809984
1350010,848987287552,168400809984
1355010,852235677696,168400809984
1360010,855530274816,168400809984
1365006,859192008704,168400809984
1370005,862384623616,170266271744
1375010,866493308928,172010991616
1380010,870435954688,172893970432
1385010,874537009152,172893970432
1390003,878320357376,172893970432
1395010,882081824768,172893970432
1400010,885240881152,173207375872
1405002,888960610304,175183314944
1410001,892955611136,175295049728
1415005,897038376960,175295049728
1420008,900531924992,175295049728
1425009,904777719808,175295049728
1430001,908183752704,177491755008
1435004,912564477952,178802302976
1440010,916214943744,178965135360
1445007,919962808320,178965135360
1450008,924155559936,178965135360
1455009,927832686592,178965135360
1460010,931514011648,181238505472
1465008,935153811456,181868740608
1470000,938825404416,181868740608
1475010,943135526912,181868740608
1480010,946506059776,181868740608
1485000,950954311680,181868740608
1490010,953692553216,182706466816
1495010,957798584320,185023209472
1500010,962262237184,186162155520
1505010,966629900288,186162155520
1510010,970202345472,186162155520
1515002,973211496448,186162155520
1520010,977535651840,186162155520
1525010,980830126080,186162155520
1530002,983848603648,187940941824
1535010,987444772864,188608958464
1540009,991874408448,188608958464
1545010,995573870592,188608958464
1550010,998839107584,188608958464
1555003,1003393753088,188608958464
1560010,1006661242880,188608958464
1565010,1009931956224,188608958464
1570010,1013557264384,188833652736
1575002,1017547141120,191601041408
1580009,1021010403328,191986446336
1585010,1024834146304,191986446336
1590001,1029446176768,191986446336
1595009,1032730812416,191986446336
1600004,1036872540160,191986446336
1605010,1040261132288,194214670336
1610002,1044159770624,194614292480
1615010,1048148348928,194614292480
1620000,1052254736384,194614292480
1625004,1055811993600,194614292480
1630010,1059399303168,197150117888
1635010,1064416514048,198565224448
1640010,1067772334080,198609072128
1645010,1072203141120,198609072128
1650000,1075553013760,198609072128
1655010,1079645380608,199386726400
1660010,1083608809472,201085198336
1665006,1087454605312,201634385920
1670007,1092190691328,201634385920
1675006,1095923466240,201634385920
1680000,1100247146496,201634385920
1685010,1103539826688,202267287552
1690010,1107767808000,204785868800
1695006,1112781733888,205634543616
1700005,1116439879680,205634543616
1705009,1120083963904,205634543616
1710010,1124713017344,205634543616
1715000,1127858286592,205810221056
1720010,1132595404800,207841505280
1725004,1136737439744,208653189120
1730010,1140208414720,208653189120
1735010,1144915410944,208653189120
1740007,1148444438528,208653189120
1745000,1151447285760,210533330944
1750010,1156558237696,212285337600
1755010,1160675684352,212634771456
1760000,1164836028416,212634771456
1765010,1168621092864,212634771456
1770010,1172898406400,212634771456
1775010,1176163467264,214405001216
1780010,1180271865856,215377358848
1785002,1185681289216,215514607616
1790005,1189256564736,215514607616
1795001,1192921108480,215514607616
1800010,1197407621120,215514607616
1805010,1201026232320,215514607616
1810010,1204481036288,217195454464
1815010,1209974890496,218812350464
1820010,1214279737344,218983469056
1825010,1217884815360,218983469056
1830010,1222381051904,218983469056
1835009,1226123186176,218983469056
1840010,1229697306624,218983469056
1845007,1233037414400,221221978112
1850010,1237197979648,221808455680
1855000,1241722724352,221808455680
1860002,1245399457792,221808455680
1865010,1248988508160,221808455680
1870007,1253190131712,221808455680
1875010,1256968888320,221808455680
1880010,1260966064128,221832466432
1885001,1264649392128,224726921216
1890010,1268953931776,225604497408
1895000,1272983166976,225604497408
1900008,1277304135680,225604497408
1905010,1282133671936,225604497408
1910002,1285693657088,225604497408
1915005,1289457819648,225604497408
1920010,1292931837952,227797094400
1925010,1297747017728,228711702528
1930010,1301771669504,229413617664
1935010,1305446055936,229413617664
1940010,1310270660608,229413617664
1945010,1314045534208,229413617664
1950010,1317558378496,229413617664
1955004,1321637670912,229413617664
1960004,1325206294528,231111294976
1965007,1329425055744,232550789120
1970003,1333714849792,232638464000
1975003,1337834577920,232638464000
1980006,1341350490112,232638464000
1985010,1346141417472,232638464000
1990010,1349950476288,232638464000
1995009,1352868540416,233974747136
2000002,1357272764416,235136393216
2005010,1362188308480,235714461696
2010007,1366218551296,235714461696
2015007,1369871724544,235714461696
2020004,1374338408448,235714461696
2025010,1377923309568,235714461696
2030000,1381905104896,235717103616
2035001,1385484648448,238523559936
2040008,1390247919616,239829282816
2045000,1394103513088,239829282816
2050001,1399053705216,239829282816
2055010,1402988163072,239829282816
2060010,1406937415680,239829282816
2065010,1411570188288,239829282816
2070009,1415005442048,242040528896
2075010,1419230973952,242996871168
2080004,1423607250944,243816423424
2085010,1428190441472,243816423424
2090008,1432595988480,243816423424
2095010,1436590858240,243816423424
2100000,1440586944512,243908669440
2105005,1445395816448,246759559168
2110010,1449777430528,247611752448
2115003,1453902606336,247611752448
2120010,1458074869760,247611752448
2125010,1462028951552,247611752448
2130004,1465941925888,247611752448
2135008,1470346903552,247611752448
2140010,1474133561344,247611752448
2145000,1477565460480,249675640832
2150010,1481606455296,250637627392
2155010,1486341140480,250693165056
2160003,1491029123072,250693165056
2165008,1495440084992,250693165056
2170008,1499515867136,250693165056
2175002,1503554723840,250693165056
2180000,1507093221376,250693165056
2185008,1510474723328,252536037376
2190004,1515633344512,254032056320
2195010,1519627325440,254249287680
2200008,1523665469440,254249287680
2205001,1528057479168,254249287680
2210010,1531931713536,254249287680
2215000,1536616321024,254249287680
2220006,1540355006464,254249287680
2225000,1543620599808,256040787968
2230004,1547561041920,257004396544
2235010,1551625043968,257964376064
2240010,1556135047168,257977221120
2245008,1560063143936,257977221120
2250007,1564191383552,257977221120
2255000,1568605810688,257977221120
2260002,1572679258112,257977221120
2265010,1576382304256,257977221120
2270010,1579945218048,260476612608
2275004,1584438476800,261791932416
2280010,1588970741760,261809467392
2285005,1593075949568,261809467392
2290010,1596404985856,261809467392
2295000,1600951218176,261809467392
2300008,1604632702976,261809467392
2305002,1608319639552,261809467392
2310010,1612128743424,261809467392
2315000,1615810347008,264066871296
2320010,1620387622912,264920371200
2325000,1624365445120,264920371200
2330010,1628140834816,264920371200
2335006,1632171892736,264920371200
2340002,1636812873728,264920371200
2345005,1640575221760,264920371200
2350002,1644542554112,264920371200
2355009,1648754368512,264920371200
2360003,1652581281792,267265851392
2365005,1657216479232,268607877120
2370003,1661148647424,268797931520
2375010,1665039200256,268797931520
2380003,1669658587136,268797931520
2385003,1673724620800,268797931520
2390003,1677161758720,268797931520
2395010,1681060999168,268797931520
2400010,1685663657984,268797931520
2405010,1689031069696,270572498944
2410008,1693276418048,271608918016
2415010,1697217671168,272582336512
2420009,1702137634816,272848003072
2425008,1706496229376,272848003072
2430010,1710419369984,272848003072
2435001,1714895298560,272848003072
2440010,1718590906368,272848003072
2445000,1722209730560,272848003072
2450010,1726094118912,272848003072
2455000,1729831206912,274959187968
2460010,1734619422720,276429807616
2465010,1739021811712,277221724160
2470007,1742734290944,277221724160
2475000,1746709491712,277221724160
2480009,1750588280832,277221724160
2485010,1754513715200,277221724160
2490007,1758729826304,277221724160
2495010,1763018223616,277221724160
2500007,1766831878144,277221724160
2505002,1769918144512,278894665728
2510003,1773949030400,279936286720
2515000,1778201137152,280326234112
2520010,1783276187648,280326234112
2525010,1787166253056,280326234112
2530010,1791011663872,280326234112
2535010,1795408121856,280326234112
2540010,1799153217536,280326234112
2545008,1803043926016,280326234112
2550006,1807419658240,280326234112
2555003,1810820108288,281656332288
2560009,1815254077440,283558080512
2565010,1819873181696,284480811008
2570010,1824766435328,284913401856
2575010,1829509140480,284913401856
2580005,1834288943104,284913401856
2585010,1838003036160,284913401856
2590010,1841806905344,284913401856
2595008,1845742661632,284913401856
2600002,1849924087808,284913401856
2605010,1853539696640,286668038144
2610007,1857643659264,287640334336
2615010,1861884977152,288029413376
2620010,1866073686016,288029413376
2625010,1870001549312,288029413376
2630003,1874857656320,288029413376
2635010,1878369542144,288029413376
2640005,1882596868096,288029413376
2645010,1886722764800,288029413376
2650001,1891163389952,288029413376
2655010,1894660177920,289941237760
2660010,1899301294080,291845005312
2665010,1903525126144,292349685760
2670010,1907201617920,292349685760
2675000,1911643721728,292349685760
2680010,1915599785984,292349685760
2685005,1919220064256,292349685760
2690010,1923747610624,292349685760
2695010,1926871044096,292349685760
2700010,1930289770496,292349685760
2705010,1933810913280,294321377280
2710010,1937976889344,295413342208
2715010,1942426058752,295709302784
2720000,1946696634368,295709302784
2725010,1950345142272,295709302784
2730000,1954559938560,295709302784
2735009,1959134097408,295709302784
2740007,1962835628032,295709302784
2745010,1966957420544,295709302784
2750003,1970618052608,295709368320
2755001,1974290444288,298610749440
2760010,1978702278656,299943550976
2765004,1984107642880,300692910080
2770010,1988022857728,300692910080
2775003,1991734566912,300692910080
2780006,1995556253696,300692910080
2785001,1999333842944,300692910080
2790000,2004138446848,300692910080
2795010,2007820849152,300692910080
2800010,2011464142848,300692910080
2805010,2015150018560,300692910080
2810002,2018685300736,302807986176
2815010,2023017377792,303770308608
2820010,2027992412160,304560336896
2825010,2031969869824,304560336896
2830002,2035617161216,304560336896
2835003,2039790866432,304560336896
2840003,2043872264192,304560336896
2845009,2047982055424,304560336896
2850010,2051721285632,304560336896
2855010,2055994621952,304560336896
2860002,2059431968768,306926985216
2865010,2064956313600,308717350912
2870008,2069722234880,309250105344
2875001,2073908207616,309250105344
2880010,2078278787072,309250105344
2885000,2082813255680,309250105344
2890010,2086434324480,309250105344
2895007,2090410168320,309250105344
2900007,2094371377152,309250105344
2905010,2098981232640,309250105344
2910004,2102281203712,311187156992
2915010,2106838142976,312149712896
2920010,2110953582592,312251371520
2925010,2115010215936,312251371520
2930010,2120172204032,312251371520
2935010,2124217110528,312251371520
2940009,2128194080768,312251371520
2945008,2131836846080,312251371520
2950010,2136448831488,312251371520
2955010,2139983683584,313884635136
2960006,2145010941952,315783409664
2965007,2149621071872,317185265664
2970009,2154297204736,317702889472
2975002,2159059501056,317702889472
2980010,2162705350656,317702889472
2985010,2166390853632,317702889472
2990000,2170003263488,317702889472
2995010,2174837493760,317702889472
3000010,2178382536704,317702889472
3005010,2182141505536,317702889472
3010008,2185551851520,320206020608
3015009,2189964914688,321170305024
3020003,2194171367424,321210826752
3025010,2198792122368,321210826752
3030010,2202247647232,321210826752
3035010,2206372102144,321210826752
3040010,2210403430400,321210826752
3045000,2214219231232,321210826752
3050004,2218164015104,321210826752
3055010,2222529253376,321210826752
3060001,2226143014912,321210826752
3065010,2229598986240,321210826752
3070000,2232996610048,321210826752
3075010,2236464369664,324235821056
3080010,2240658923520,325555257344
3085010,2244275048448,325696339968
3090010,2248451219456,325696339968
3095010,2252484853760,325696339968
3100000,2257072484352,325696339968
3105003,2260797116416,325696339968
3110010,2263968387072,325696339968
3115008,2267430244352,325696339968
3120010,2270936109056,325696339968
3125001,2274659254272,325696339968
3130006,2278182129664,325696339968
3135010,2282070159360,325696339968
3140010,2285506650112,325696339968
3145010,2289090199552,325696339968
3150010,2292417245184,327652814848
3155010,2296521326592,328698642432
3160010,2300203044864,328896421888
3165010,2304004046848,328896421888
3170010,2308579020800,328896421888
3175010,2312607821824,328896421888
3180003,2316199292928,328896421888
3185000,2319931449344,328896421888
3190010,2323652382720,328896421888
3195010,2327365754880,328896421888
3200003,2330819895296,328896421888
3205009,2335243718656,328896421888
3210003,2339037069312,328896421888
3215010,2342383685632,329155760128
3220010,2346446737408,332066631680
3225010,2350822813696,333535723520
3230010,2355952328704,334333022208
3235010,2359805956096,334333022208
3240001,2363333574656,334333022208
3245006,2367298228224,334333022208
3250000,2371064991744,334333022208
3255010,2374418317312,334333022208
3260010,2377951535104,334333022208
3265010,2381886418944,334333022208
3270000,2386245840896,334333022208
3275010,2389784412160,334333022208
3280010,2393192468480,334333022208
3285010,2396440059904,334333022208
3290003,2399637639168,334333022208
3295010,2403037110272,334333022208
3300008,2406364704768,334333022208
3305004,2409665847296,336984739840
3310010,2413653168128,337932460032
3315005,2417343086592,337932460032
3320010,2421570387968,337932460032
3325010,2425273360384,337932460032
3330004,2428622974976,337932460032
3335007,2431838924800,337932460032
3340010,2435222827008,337932460032
3345003,2438630526976,337932460032
3350010,2442357993472,337932460032
3355002,2446040215552,337932460032
3360010,2449559695360,337932460032
3365010,2453282136064,337932460032
3370008,2456811630592,337932460032
3375010,2460460642304,337932460032
3380004,2463679418368,337932460032
3385001,2466681790464,337932460032
3390010,2469766844416,337932460032
3395010,2473136041984,337932460032
3400010,2476742508544,337932460032
3405010,2480044654592,337932460032
3410010,2483198595072,338347450368
3415010,2487755948032,341344358400
3420010,2492577738752,343069437952
3425010,2496861876224,343636099072
3430008,2500506701824,343636099072
3435010,2503920869376,343636099072
3440010,2507512733696,343636099072
3445003,2511308058624,343636099072
3450010,2515065548800,343636099072
3455000,2519282110464,343636099072
3460010,2523609440256,343636099072
3465004,2526723178496,343636099072
3470010,2530234150912,343636099072
3475007,2533978165248,343636099072
3480010,2537772011520,343636099072
3485010,2541685825536,343636099072
3490008,2544705773568,345082433536
3495008,2549633667072,346342723584
3500010,2554256392192,347111141376
3505004,2558626045952,347111141376
3510005,2562922971136,347111141376
3515010,2566748209152,347111141376
3520000,2571179405312,347111141376
3525010,2575432540160,347111141376
3530009,2579056037888,347111141376
3535010,2582788214784,347111141376
3540010,2586466717696,347111141376
3545010,2590144442368,347111141376
3550010,2593969389568,347111141376
3555009,2597781663744,347111141376
3560010,2601160736768,347111141376
3565010,2604550299648,347111141376
3570008,2608337776640,349298561024
3575010,2613566390272,351034482688
3580010,2618167726080,352007716864
3585008,2622176411648,352214163456
3590010,2626020466688,352214163456
3595000,2630011072512,352214163456
3600007,2633726418944,352214163456
3605010,2637535354880,352214163456
3610009,2642273636352,352214163456
3615010,2646085939200,352214163456
3620010,2649377968128,352214163456
3625010,2653387214848,352214163456
3630010,2656784166912,352214163456
3635010,2660449165312,352214163456
3640010,2664442585088,352214163456
3645000,2668054966272,352520429568
3650010,2672742182912,355114606592
3655010,2677168861184,355964305408
3660004,2681072041984,355964305408
3665004,2684831637504,355964305408
3670008,2688660840448,355964305408
3675002,2692608012288,355964305408
3680010,2696524722176,355964305408
3685010,2700695556096,355964305408
3690002,2704922095616,355964305408
3695003,2708428685312,355964305408
3700008,2711482523648,355964305408
3705001,2715181649920,355964305408
3710010,2718968565760,355964305408
3715009,2723218391040,355964305408
3720010,2726939877376,357820207104
3725010,2731867193344,359801475072
3730010,2736815169536,361322528768
3735010,2741243637760,361568473088
3740003,2745330122752,361568473088
3745008,2749472354304,361568473088
3750000,2754411270144,361568473088
3755010,2758046916608,361568473088
3760010,2761492582400,361568473088
3765000,2765645385728,361568473088
3770008,2769777565696,361568473088
3775009,2774559195136,361568473088
3780010,2778364837888,361568473088
3785010,2781631320064,361568473088
3790008,2784870985728,363100557312
3795009,2788890411008,363188400128
3800002,2793023041536,363188400128
3805010,2797260320768,363188400128
3810010,2801799811072,363188400128
3815010,2805533843456,363188400128
3820008,2809098797056,363188400128
3825008,2812994113536,363188400128
3830010,2817293045760,363188400128
3835007,2821698080768,363188400128
3840010,2825879240704,363188400128
3845008,2830914904064,363188400128
3850004,2834884915200,366198607872
3855010,2840327819264,368602411008
3860001,2845184860160,369688109056
3865010,2849203433472,369726750720
3870003,2853487648768,369726750720
3875010,2857618788352,369726750720
3880010,2862225887232,369726750720
3885009,2866528432128,369726750720
3890007,2869788938240,369726750720
3895010,2873154961408,369726750720
3900010,2876985004032,369726750720
3905000,2881265004544,369726750720
3910010,2885185658880,369726750720
3915005,2889072046080,369726750720
3920010,2892669837312,369726750720
3925007,2896453963776,369726750720
3930010,2899901014016,371622125568
3935002,2904030949376,372011900928
3940000,2907633893376,372011900928
3945010,2911686553600,372011900928
3950005,2916013502464,372011900928
3955004,2920137465856,372011900928
3960010,2924654006272,372011900928
3965000,2928638799872,372011900928
3970003,2932261122048,372011900928
3975010,2936726269952,372011900928
3980000,2940699373568,372011900928
3985010,2945227046912,372011900928
3990010,2949493317632,372011900928
3995000,2953234632704,372011900928
4000010,2957081628672,372011900928
4005001,2961000505344,374630043648
4010010,2965918052352,375577960448
4015010,2970456227840,376467992576
4020010,2974171926528,376518414336
4025005,2978529349632,376518414336
4030009,2982720073728,376518414336
4035009,2987016478720,376518414336
4040008,2990831616000,376518414336
4045010,2994852167680,376518414336
4050010,2998492696576,376518414336
4055004,3002986737664,376518414336
4060006,3006713724928,376518414336
4065010,3010895478784,376518414336
4070000,3013992402944,377778069504
4075006,3018075676672,378119954432
4080010,3021839839232,378119954432
4085004,3025827254272,378119954432
4090005,3030314102784,378119954432
4095004,3034572341248,378119954432
4100010,3039088459776,378119954432
4105009,3043049254912,378119954432
4110003,3046561280000,378119954432
4115007,3050127536128,378119954432
4120010,3054259429376,378119954432
4125010,3057818091520,380987842560
4130010,3062762151936,383495417856
4135003,3068122619904,385521360896
4140010,3073082609664,386324267008
4145006,3078135156736,386324267008
4150006,3082065481728,386324267008
4155007,3085864439808,386324267008
4160010,3089887903744,386324267008
4165009,3094064037888,386324267008
4170000,3097863684096,386324267008
4175010,3101754793984,386324267008
4180008,3105687715840,386324267008
4185010,3110261465088,386324267008
4190009,3113820610560,388612526080
4195003,3117964918784,389012688896
4200010,3121951088640,389012688896
4205000,3126153687040,389012688896
4210010,3130656833536,389012688896
4215008,3134095937536,389012688896
4220001,3138019352576,389012688896
4225001,3142430003200,389012688896
4230010,3146334076928,389012688896
4235000,3149883265024,389012688896
4240009,3153257496576,389012688896
4245010,3156198903808,389012688896
4250010,3159639773184,389012688896
4255010,3163007823872,389012688896
4260000,3166952497152,389012688896
4265010,3170615320576,389012705280
4270010,3174082674688,391057031168
4275010,3177479938048,391057031168
4280007,3180952080384,391057031168
4285002,3184894156800,391057031168
4290001,3189714403328,391057031168
4295010,3193331818496,391057031168
4300007,3197245775872,391057031168
4305010,3201124229120,391057031168
4310001,3205138296832,391057031168
4315010,3209349365760,391057031168
4320004,3213223399424,391057031168
4325000,3217154994176,391057031168
4330010,3221291003904,391057031168
4335010,3224889933824,393642831872
4340010,3229553176576,395011661824
4345008,3234408849408,396045312000
4350010,3238848917504,396221513728
4355002,3243737464832,396221513728
4360002,3247862599680,396221513728
4365010,3251771883520,396221513728
4370003,3256270106624,396221513728
4375000,3260477661184,396221513728
4380002,3264770650112,396221513728
4385010,3268590817280,396221513728
4390009,3272524316672,396221513728
4395005,3276498509824,398007889920
4400010,3281101385728,398924734464
4405006,3285133340672,398924734464
4410010,3289337208832,398924734464
4415005,3293736640512,398924734464
4420003,3298047066112,398924734464
4425010,3302560567296,398924734464
4430000,3306323922944,398924734464
4435010,3310203183104,398924734464
4440010,3314103640064,398924734464
4445005,3317999669248,398924734464
4450010,3321870442496,398924734464
4455002,3325531410432,398924734464
4460010,3329071116288,398924734464
4465003,3332485857280,400890929152
4470010,3336254312448,401767378944
4475010,3339967090688,401767378944
4480005,3343703371776,401767378944
4485006,3347953369088,401767378944
4490006,3352073588736,401767378944
4495010,3355687211008,401767378944
4500010,3359418552320,401767378944
4505007,3363591438336,401767378944
4510001,3367772352512,401767378944
4515000,3371763326976,401767378944
4520003,3375761391616,401767378944
4525001,3379634577408,401767378944
4530010,3383555543040,401767378944
4535004,3386948337664,404902572032
4540010,3391165779968,406281846784
4545010,3395602804736,407211773952
4550010,3400341250048,407408603136
4555006,3404590174208,407408603136
4560010,3407995731968,407408603136
4565010,3412200140800,407408603136
4570010,3416193159168,407408603136
4575006,3420294373376,407408603136
4580010,3424139456512,407408603136
4585002,3428508364800,407408603136
4590002,3432488378368,407408603136
4595010,3436455452672,407408603136
4600006,3439727976448,407408603136
4605010,3443718193152,407408603136
4610010,3446803214336,408752533504
4615010,3451402461184,409480163328
4620006,3455593209856,409957412864
4625010,3459801997312,410302144512
4630010,3463776944128,410302144512
4635009,3467801923584,410302144512
4640006,3471699759104,410302144512
4645009,3475886551040,410302144512
4650010,3479904944128,410302144512
4655004,3484098555904,410302144512
4660010,3488437813248,410302144512
4665010,3492735795200,410302144512
4670010,3496705650688,410302144512
4675010,3500004450304,410302439424
4680009,3503773077504,413339635712
4685009,3508021735424,413995626496
4690007,3511927554048,413995626496
4695007,3516001792000,413995626496
4700010,3520383414272,413995626496
4705010,3523759140864,413995626496
4710010,3527737516032,413995626496
4715001,3532190625792,413995626496
4720001,3536012320768,413995626496
4725010,3539751190528,413995626496
4730006,3542961180672,413995626496
4735010,3546850381824,413995626496
4740002,3550103900160,415526801408
4745008,3554555490304,417313062912
4750009,3558800248832,418403180544
4755010,3563313496064,419085758464
4760007,3567559237632,419085758464
4765005,3571973423104,419085758464
4770006,3576005107712,419085758464
4775008,3579958943744,419085758464
4780010,3583878647808,419085758464
4785010,3588332474368,419085758464
4790009,3592449155072,419085758464
4795009,3596269756416,419085758464
4800005,3600034754560,419085758464
4805003,3603419877376,421618266112
4810001,3607516868608,422888869888
4815000,3612537155584,422888869888
4820010,3616104644608,422888869888
4825010,3620043083776,422888869888
4830002,3623927873536,422888869888
4835010,3628029476864,422888869888
4840010,3631729270784,422888869888
4845004,3636178305024,422888869888
4850010,3640879386624,422888869888
4855001,3644713017344,422888869888
4860000,3648370237440,422888869888
4865007,3652563357696,422888869888
4870003,3656604749824,422888869888
4875010,3659973316608,424862318592
4880010,3664055275520,425337221120
4885002,3667413811200,425821417472
4890010,3671076470784,426182103040
4895010,3674282438656,426182103040
4900010,3676933881856,426182103040
4905002,3679914274816,426182103040
4910001,3683089063936,426182103040
4915001,3685999214592,426182103040
4920010,3689388064768,426182103040
4925004,3693968392192,426182103040
4930005,3697907732480,426182103040
4935001,3702067765248,426182103040
4940002,3706218496000,426182103040
4945010,3710069616640,426182103040
4950010,3714295390208,426182103040
4955000,3718161313792,426182103040
4960000,3722050826240,426182103040
4965010,3725242314752,428862808064
4970008,3729487527936,429985837056
4975007,3733485199360,430005125120
4980004,3737397547008,430005125120
4985003,3740962119680,430005125120
4990010,3745196699648,430005125120
4995000,3749414584320,430005125120
5000010,3753028698112,430005125120
5005003,3757135855616,430005125120
5010004,3760820584448,430005125120
5015010,3764963332096,430005125120
5020010,3768609603584,430005125120
5025000,3771657809920,430234025984
5030008,3775263371264,433128673280
5035010,3779560464384,434083254272
5040008,3784588713984,434949795840
5045010,3788892594176,435403440128
5050008,3792807124992,435403440128
5055010,3797069475840,435403440128
5060000,3801687588864,435403440128
5065010,3805812744192,435403440128
5070002,3809646546944,435403440128
5075009,3813324382208,435403440128
5080002,3817275305984,435403440128
5085000,3821270429696,435403440128
5090010,3825170972672,437195943936
5095010,3829272379392,439033065472
5100008,3833569370112,439341248512
5105009,3837575950336,439341248512
5110000,3842348240896,439341248512
5115003,3846143066112,439341248512
5120000,3849586749440,439341248512
5125010,3853403856896,439341248512
5130010,3857330696192,439341248512
5135000,3862199738368,439341248512
5140010,3866111713280,439341248512
5145010,3869935972352,439341248512
5150010,3873188741120,441156239360
5155010,3877065596928,441643319296
5160010,3881191432192,442044059648
5165000,3885598576640,442044059648
5170008,3889491795968,442044059648
5175000,3893275439104,442044059648
5180010,3897155969024,442044059648
5185002,3902010703872,442044059648
5190001,3905796911104,442044059648
5195005,3909775163392,442044059648
5200010,3913801211904,442044059648
5205004,3917023309824,442605207552
5210000,3921051136000,445293629440
5215010,3925106524160,445487575040
5220010,3929703952384,445487575040
5225004,3933962035200,445487575040
5230009,3937962356736,445487575040
5235009,3941658886144,445487575040
5240009,3945646505984,445487575040
5245003,3949845581824,445487575040
5250008,3953639718912,445487575040
5255010,3957490454528,445487575040
5260000,3961403023360,445487575040
5265009,3965652508672,445489696768
5270007,3969058070528,448514125824
5275010,3973344890880,449590505472
5280010,3977684205568,450504245248
5285008,3982404038656,450999046144
5290010,3986958020608,450999046144
5295010,3991395254272,450999046144
5300010,3995574919168,450999046144
5305010,3999519657984,450999046144
5310010,4003598430208,450999046144
5315007,4007626715136,450999046144
5320000,4011375329280,450999046144
5325010,4015086383104,450999046144
5330010,4018760556544,453877932032
5335010,4023017308160,455178645504
5340002,4027017453568,455487520768
5345004,4031360323584,455487520768
5350010,4035368108032,455487520768
5355000,4039178407936,455487520768
5360010,4044549787648,455487520768
5365000,4050078720000,455487520768
5370003,4055609729024,455487520768
5375005,4059813822464,455487520768
5380010,4063477112832,455487520768
5385006,4067619987456,455487520768
5390010,4071578767360,455487520768
5395001,4074922459136,457207848960
5400009,4079776825344,457709776896
5405009,4083534655488,458191413248
5410010,4087588831232,458543988736
5415010,4091481604096,458543988736
5420006,4094968492032,458543988736
5425010,4099218108416,458543988736
5430010,4103163977728,458543988736
5435004,4106842103808,458543988736
5440010,4110604288000,458543988736
5445009,4114676461568,458543988736
5450001,4117960470528,461293608960
5455005,4122480037888,462051233792
5460008,4125946331136,462051233792
5465004,4129721806848,462051233792
5470000,4133722476544,462051233792
5475001,4138292133888,462051233792
5480003,4141937258496,462051233792
5485010,4145697939456,462051233792
5490005,4149583667200,462051233792
5495003,4153238372352,462051233792
5500005,4157727830016,462051233792
5505001,4161131253760,464745775104
5510010,4165180387328,466404691968
5515010,4169216045056,467301732352
5520001,4173896318976,467883450368
5525004,4178470641664,467883450368
5530001,4182467342336,467883450368
5535000,4186357010432,467883450368
5540007,4190491344896,467883450368
5545010,4195031769088,467883450368
5550008,4199135387648,467883450368
5555010,4203000905728,467883450368
5560001,4206986825728,467897290752
5565009,4210824527872,471024390144
5570010,4215231373312,472157265920
5575009,4220573880320,472275173376
5580008,4224617492480,472275173376
5585010,4228311261184,472275173376
5590008,4232311226368,472275173376
5595003,4236361527296,472275173376
5600006,4240665034752,472275173376
5605003,4244160135168,472275173376
5610010,4247675858944,472275173376
5615001,4252456972288,472275173376
5620001,4256019492864,472473051136
5625010,4259387604992,474360045568
5630010,4263309918208,474849660928
5635009,4267488219136,475314970624
5640005,4271796203520,475553779712
5645010,4276578709504,475553779712
5650010,4280195354624,475553779712
5655010,4284066050048,475553779712
5660007,4288034013184,475553779712
5665009,4291890573312,475553779712
5670010,4296166563840,475553779712
5675010,4299381895168,475822891008
5680010,4302867316736,478049587200
5685009,4306745573376,478661488640
5690004,4310538321920,478661488640
5695010,4315155546112,478661488640
5700010,4318577704960,478661488640
5705010,4321559912448,478661488640
5710010,4324726984704,478661488640
5715010,4327759908864,478661488640
5720003,4331035201536,478661488640
5725010,4334819426304,478661488640
5730006,4338646155264,478661488640
5735010,4341581234176,478661488640
5740000,4344463204352,478661488640
5745010,4347626381312,478661488640
5750010,4350353588224,478661488640
5755010,4353133809664,478661488640
5760000,4356106661888,478661488640
5765007,4359268425728,478661488640
5770010,4362622644224,478661488640
5775002,4365662924800,478661488640
5780010,4368932528128,478661488640
5785006,4372359819264,478661488640
5790008,4375819280384,481450221568
5795004,4379808124928,483116736512
5800010,4383333208064,484058574848
5805005,4387130757120,484739461120
5810004,4391438282752,484739461120
5815010,4395319771136,484739461120
5820000,4399985266688,484739461120
5825010,4403822501888,484739461120
5830003,4407487385600,484739461120
5835010,4411221929984,484739461120
5840010,4414724128768,484739461120
5845010,4418467012608,484739461120
5850010,4422725705728,484739461120
5855007,4426577002496,484739461120
5860003,4430590046208,484739461120
5865010,4433874395136,486353100800
5870004,4437890850816,488421232640
5875010,4442217607168,489033945088
5880010,4446284746752,489033945088
5885004,4451215482880,489033945088
5890000,4456190574592,489033945088
5895010,4461446148096,489033945088
5900010,4465243123712,489033945088
5905006,4469139292160,489033945088
5910010,4472711135232,489033945088
5915002,4476335153152,489033945088
5920005,4479951814656,489033945088
5925009,4483505242112,489033945088
5930010,4487472988160,489033945088
5935000,4491540803584,489033945088
5940003,4495709925376,489033945088
5945008,4498531753984,490707623936
5950010,4502347735040,491224944640
5955008,4506474655744,491692453888
5960010,4510954815488,491798446080
5965010,4515359711232,491798446080
5970003,4519107928064,491798446080
5975002,4522312511488,491798446080
5980010,4525969121280,491798446080
5985010,4529040453632,491798446080
5990000,4532340547584,491798446080
5995010,4536091463680,491798446080
6000010,4539728826368,491798446080
6005010,4543635533824,491798446080
6010001,4546964992000,491798446080
6015008,4550844743680,491798446080
6020001,4554451095552,491798446080
6025001,4557777059840,494308274176
6030010,4562368200704,495587274752
6035010,4565596258304,495697231872
6040010,4568729665536,495697231872
6045010,4572769120256,495697231872
6050000,4577072861184,495697231872
6055010,4580787101696,495697231872
6060010,4584162500608,495697231872
6065001,4587917279232,495697231872
6070010,4591616876544,495697231872
6075010,4595335004160,495697231872
6080010,4598521040896,495697231872
6085003,4602627616768,495697231872
6090010,4605884297216,496277065728
6095010,4609802829824,499083890688
6100010,4613644029952,500595302400
6105010,4617710018560,501529337856
6110010,4622119231488,501904871424
6115009,4625384427520,501904871424
6120001,4628678733824,501904871424
6125010,4632566128640,501904871424
6130010,4635493867520,501904871424
6135010,4638590640128,501904871424
6140010,4641786122240,501904871424
6145010,4645354835968,501904871424
6150002,4648909496320,501904871424
6155010,4652399386624,501904871424
6160006,4656851668992,501904871424
6165010,4660290383872,501904871424
6170000,4664050827264,501904871424
6175010,4667928158208,501904871424
6180004,4671834206208,501904871424
6185010,4676152750080,501904871424
6190010,4680207130624,501904871424
6195009,4683264368640,504382959616
6200010,4687050518528,504698191872
6205010,4690648862720,504698191872
6210005,4694549790720,504698191872
6215002,4699006218240,504698191872
6220003,4703165558784,504698191872
6225003,4706664132608,504698191872
6230006,4710702915584,504698191872
6235009,4714404872192,504698191872
6240000,4719018192896,504698191872
6245000,4723290218496,504698191872
6250000,4726081085440,506236907520
6255010,4730449969152,508503158784
6260010,4735124934656,510275416064
6265010,4740149428224,510752329728
6270010,4744686665728,510752329728
6275010,4748500971520,510752329728
6280004,4752514400256,510752329728
6285000,4756564320256,510752329728
6290004,4761123106816,510752329728
6295007,4764835004416,510752329728
6300007,4768308281344,510752329728
6305010,4771874123776,510752329728
6310001,4776321953792,510752329728
6315010,4780304789504,510752329728
6320010,4783052849152,510853677056
6325008,4786300497920,513029214208
6330010,4789874331648,513151148032
6335002,4793607208960,513151148032
6340010,4797616087040,513151148032
6345010,4801236590592,513151148032
6350010,4805832646656,513151148032
6355010,4809736253440,513151148032
6360010,4813151338496,513151148032
6365008,4816718630912,513151148032
6370005,4821184897024,513151148032
6375000,4825262768128,513151148032
6380010,4828687204352,513151148032
6385010,4831683878912,513151148032
6390010,4835410169856,513151148032
6395001,4838104350720,514708746240
6400010,4842308907008,516741513216
6405001,4846591348736,518295814144
6410010,4850399678464,518295814144
6415007,4854422380544,518295814144
6420000,4859003731968,518295814144
6425010,4862747873280,518295814144
6430002,4866595516416,518295814144
6435000,4870918410240,518295814144
6440010,4874626834432,518295814144
6445010,4878376165376,518295814144
6450000,4882057961472,518295814144
6455010,4886654214144,518295814144
6460009,4890543960064,518295814144
6465000,4893587386368,518921732096
6470009,4897205387264,520841768960
6475004,4900841484288,520841768960
6480010,4905502375936,520841768960
6485010,4909424205824,520841768960
6490010,4913627209728,520841768960
6495004,4917470482432,520841768960
6500010,4921077030912,520841768960
6505001,4924850446336,520841768960
6510000,4929174618112,520841768960
6515010,4933700136960,520841768960
6520010,4937142677504,520841768960
6525006,4940693348352,520841768960
6530005,4943875436544,523047006208
6535010,4947870494720,525006950400
6540005,4952244305920,526332047360
6545000,4956205125632,526720155648
6550010,4960430411776,526720155648
6555004,4965456134144,526720155648
6560002,4969353297920,526720155648
6565010,4973048025088,526720155648
6570009,4976751460352,526720155648
6575010,4980538220544,526720155648
6580000,4984460369920,526720155648
6585002,4987830681600,528538488832
6590010,4992392216576,529123295232
6595005,4996147879936,529123295232
6600010,5000237375488,529123295232
6605010,5005100859392,529123295232
6610010,5008738619392,529123295232
6615010,5012454522880,529123295232
6620010,5015598321664,531170959360
6625008,5019170959360,533015957504
6630008,5023496511488,533971197952
6635010,5028160630784,534361923584
6640010,5032575102976,534361923584
6645010,5036296994816,534361923584
6650010,5041287458816,534361923584
6655000,5044849762304,534361923584
6660010,5048840839168,534361923584
6665010,5052748242944,534361923584
6670001,5055743004672,536464990208
6675010,5059302076416,536948219904
6680006,5063258710016,536948219904
6685007,5067467993088,536948219904
6690001,5071163039744,536948219904
6695010,5074980773888,536948219904
6700010,5078547083264,536948219904
6705010,5083033505792,536948219904
6710003,5087057002496,536948219904
6715008,5090977718272,536948219904
6720000,5094556901376,536948219904
6725010,5097917255680,536948219904
6730010,5101409542144,536948219904
6735010,5104551571456,539667668992
6740003,5108566310912,541363642368
6745010,5112658010112,542691893248
6750010,5117017501696,543352709120
6755009,5121125261312,543352709120
6760010,5125259288576,543352709120
6765010,5129913241600,543352709120
6770000,5133768507392,543352709120
6775010,5137311932416,543352709120
6780005,5141038190592,543352709120
6785010,5145031032832,543352709120
6790010,5149495214080,543352709120
6795010,5153318961152,543352709120
6800010,5156383703040,544271323136
6805010,5160284024832,546092752896
6810010,5163890839552,546239258624
6815010,5167845335040,546239258624
6820006,5171561046016,546239258624
6825000,5175922200576,546239258624
6830010,5180348796928,546239258624
6835010,5184071921664,546239258624
6840008,5187903209472,546239258624
6845005,5191644135424,546239258624
6850010,5195435798528,546239258624
6855003,5198925156352,546239258624
6860008,5203048734720,546239258624
6865005,5206561456128,547916312576
6870008,5211101659136,549944614912
6875010,5215118385152,551181099008
6880010,5218935390208,551378210816
6885010,5222769442816,551378210816
6890010,5226751578112,551378210816
6895010,5230386270208,551378210816
6900010,5233929256960,551378210816
6905001,5238538178560,551378210816
6910000,5242289029120,551378210816
6915010,5245733920768,551378210816
6920002,5249329684480,551378210816
6925002,5253170348032,551378210816
6930010,5256452763648,553165864960
6935004,5260086611968,554350030848
6940010,5263584260096,554350030848
6945010,5267330469888,554350030848
6950003,5271076737024,554350030848
6955010,5274798235648,554350030848
6960002,5278362664960,554350030848
6965008,5282220175360,554350030848
6970008,5285954187264,554350030848
6975010,5289711632384,554350030848
6980003,5292881072128,554350030848
6985004,5296122023936,554350030848
6990004,5299271938048,556849025024
6995009,5303429484544,558980046848
7000008,5307110039552,559895965696
7005000,5312097103872,560489144320
7010004,5316341399552,560489144320
7015009,5319795642368,560489144320
7020003,5323381063680,560489144320
7025010,5327015452672,560489144320
7030010,5330550870016,560489144320
7035010,5334418608128,560489144320
7040009,5338870972416,560489144320
7045010,5342052720640,560489144320
7050010,5345566781440,560489144320
7055006,5348247580672,561845932032
7060010,5352175292416,563283673088
7065010,5356161069056,563310153728
7070009,5359797538816,563310153728
7075009,5363479556096,563310153728
7080001,5367898275840,563310153728
7085002,5372014727168,563310153728
7090003,5375775080448,563310153728
7095010,5379373432832,563310153728
7100003,5382817611776,563310153728
7105009,5386185469952,563310153728
7110007,5389553860608,563310153728
7115007,5392862846976,565885095936
7120010,5396873990144,567610568704
7125010,5400998084608,568534564864
7130002,5406610317312,568831451136
7135000,5410046783488,568831451136
7140010,5413301624832,568831451136
7145006,5417109372928,568831451136
7150010,5420700999680,568831451136
7155010,5424528166912,568831451136
7160009,5428889415680,568831451136
7165010,5432014446592,568831451136
7170000,5435189141504,568904421376
7175000,5438687227904,571444396032
7180010,5442048491520,571624656896
7185010,5445209190400,571624656896
7190010,5449498705920,571624656896
7195010,5452816916480,571624656896
7200010,5456170819584,571624656896
7205006,5459742519296,571624656896
7210003,5462888570880,571624656896
7215008,5466328752128,571624656896
7220010,5469672173568,571624656896
7225010,5473048002560,574643601408
7230010,5476655812608,576355196928
7235001,5480585592832,577356288000
7240010,5484760629248,577624989696
7245006,5488608407552,577624989696
7250010,5492520960000,577624989696
7255003,5496049868800,577624989696
7260010,5499912699904,577624989696
7265010,5503796256768,577624989696
7270010,5507358273536,577624989696
7275002,5511303868416,577624989696
7280010,5515481255936,577624989696
7285010,5519309213696,577624989696
7290010,5522125541376,577624989696
7295003,5525465825280,577624989696
7300010,5528476119040,577624989696
7305008,5531675906048,577624989696
7310000,5534739603456,577624989696
7315010,5538457767936,577624989696
7320010,5542504792064,577624989696
7325000,5546067648512,577624989696
7330000,5549429563392,579440152576
7335000,5553050984448,579673657344
7340009,5556442484736,579673657344
7345010,5559104204800,579673657344
7350010,5562349449216,579673657344
7355010,5565255659520,579673657344
7360010,5568412405760,579673657344
7365007,5571711516672,579673657344
7370008,5575960616960,579673657344
7375010,5580085571584,579673657344
7380010,5583765270528,579673657344
7385010,5587662561280,579673657344
7390010,5590825730048,579673657344
7395010,5593793945600,579673657344
7400006,5596478910464,579673657344
7405010,5599936950272,579673657344
7410008,5603448291328,579673657344
7415010,5606767816704,579673657344
7420010,5610231877632,579673657344
7425001,5613588746240,579673657344
7430010,5617347567616,579673657344
7435003,5620881936384,579673657344
7440001,5624213499904,579673657344
7445010,5626940194816,581057052672
7450010,5630549749760,582095351808
7455009,5633735548928,582306488320
7460000,5636719816704,582306488320
7465010,5640998395904,582306488320
7470000,5645078474752,582306488320
7475010,5648254996480,582306488320
7480010,5651403173888,582306488320
7485000,5655100583936,582306488320
7490001,5658409517056,582306488320
7495010,5661903134720,582306488320
7500010,5665263734784,582306488320
7505000,5668605829120,582306488320
7510000,5672123867136,582306488320
7515010,5675609939968,582306488320
7520010,5679493287936,582306488320
7525000,5682920931328,582394802176
7530001,5686188486656,585870303232
7535010,5690131234816,587071762432
7540010,5693855162368,587946926080
7545010,5697940123648,588722384896
7550008,5701649022976,588722384896
7555010,5705377230848,588722384896
7560002,5709308563456,588722384896
7565010,5713102020608,588722384896
7570010,5716877602816,588722384896
7575010,5720675659776,588722384896
7580005,5724445110272,588722384896
7585006,5727589687296,590313631744
7590008,5731876642816,592045383680
7595010,5735541702656,592301461504
7600002,5739022688256,592301461504
7605005,5742851416064,592301461504
7610003,5746437066752,592301461504
7615006,5750306127872,592301461504
7620005,5754220691456,592301461504
7625004,5757573156864,592301461504
7630006,5760932802560,592301461504
7635002,5764446527488,592301461504
7640000,5767568191488,592301461504
7645008,5770451300352,594219634688
7650000,5773671907328,595139481600
7655008,5777308286976,595672936448
7660003,5781114441728,595672936448
7665000,5786013450240,595672936448
7670010,5789577244672,595672936448
7675005,5792997588992,595672936448
7680010,5796759633920,595672936448
7685007,5800333971456,595672936448
7690010,5803938373632,595672936448
7695010,5807619788800,595672936448
7700010,5810967085056,595672936448
7705007,5814243905536,595672936448
7710002,5817714536448,595672936448
7715009,5821475233792,595672936448
7720010,5824995287040,595672936448
7725010,5827933110272,598212395008
7730010,5831735271424,599386017792
7735009,5836120915968,599386017792
7740002,5839904579584,599386017792
7745010,5843450331136,599386017792
7750010,5846866092032,599386017792
7755000,5851266068480,599386017792
7760001,5855472029696,599386017792
7765005,5858753789952,599386017792
7770007,5861864087552,599386017792
7775010,5865171124224,602272980992
7780006,5868788363264,603444236288
7785010,5872484081664,604330917888
7790004,5876455870464,604950179840
7795003,5880266657792,604950179840
7800010,5884154949632,604950179840
7805004,5888980824064,604950179840
7810000,5892730093568,604950179840
7815010,5896348766208,604950179840
7820010,5899595100160,604950179840
7825010,5902963318784,604950179840
7830006,5906550022144,604950179840
7835000,5910018813952,604950179840
7840000,5913308905472,604950179840
7845010,5916599074816,604950179840
7850004,5919757971456,607279652864
7855000,5923506610176,608166187008
7860009,5926825062400,608166187008
7865010,5930244976640,608166187008
7870006,5934293549056,608166187008
7875000,5938455080960,608166187008
7880000,5941688061952,608166187008
7885002,5945059745792,608166187008
7890000,5948395028480,608166187008
7895010,5951969640448,608166187008
7900007,5955239665664,608166187008
7905010,5958593593344,608166187008
7910010,5961614282752,608166187008
7915010,5964929433600,608166187008
7920010,5968217628672,608166187008
7925010,5971726942208,608166187008
7930010,5975453511680,608166187008
7935010,5979196981248,608166187008
7940010,5982600351744,608166187008
7945010,5985047183360,609374793728
7950010,5988460679168,611338043392
7955009,5991962591232,612237033472
7960001,5995776454656,613130412032
7965010,5999114346496,613197217792
7970007,6002694688768,613197217792
7975010,6006174408704,613197217792
7980010,6009382088704,613197217792
7985002,6012721848320,613197217792
7990010,6015950770176,613197217792
7995004,6019408424960,613197217792
8000010,6022795218944,613197217792
8005010,6026112413696,613197217792
8010010,6029066735616,613197217792
8015010,6032433926144,613197217792
8020010,6036212195328,613197217792
8025010,6039517138944,613197217792
8030010,6042746667008,613197217792
8035010,6045954310144,613197217792
8040005,6049297555456,613197217792
8045010,6052271218688,616028684288
8050010,6055633010688,616863383552
8055010,6058593878016,616994672640
8060009,6062405054464,616994672640
8065001,6066371788800,616994672640
8070010,6069778890752,616994672640
8075010,6073041506304,616994672640
8080010,6076854812672,616994672640
8085003,6080696905728,616994672640
8090005,6083982680064,616994672640
8095007,6087531384832,616994672640
8100000,6091172814848,616994672640
8105010,6094561841152,616994672640
8110001,6097736077312,616994672640
8115010,6101002846208,616994672640
8120010,6104297828352,616994672640
8125007,6107879227392,616994672640
8130010,6111418650624,616994672640
8135010,6114766823424,616994672640
8140010,6118842302464,616994672640
8145000,6121997737984,619850821632
8150001,6125249089536,620739190784
8155008,6128898125824,621321363456
8160010,6132177809408,621321363456
8165010,6135640788992,621321363456
8170002,6139368525824,621321363456
8175002,6142996496384,621321363456
8180005,6146468126720,621321363456
8185010,6150024278016,621321363456
8190002,6153409789952,621321363456
8195000,6157520605184,621321363456
8200010,6161534492672,621321363456
8205001,6165067173888,621321363456
8210010,6168505147392,621321363456
8215000,6172203032576,621321363456
8220010,6175609286656,621321363456
8225000,6179188367360,621321363456
8230000,6182585487360,621321363456
8235010,6185808359424,621321363456
8240010,6188923908096,621321363456
8245000,6192633176064,621321363456
8250001,6195677577216,621321363456
8255001,6198841761792,621321363456
8260002,6202020720640,621321363456
8265000,6204813721600,621321363456
8270000,6207764971520,621321363456
8275001,6210443735040,621748645888
8280010,6214093549568,624556773376
8285010,6217664245760,625499750400
8290010,6220985921536,625507426304
8295010,6224107814912,625507426304
8300010,6227792556032,625507426304
8305010,6231207014400,625507426304
8310010,6234585292800,625507426304
8315010,6237683658752,625507426304
8320010,6240517455872,625507426304
8325010,6243603210240,625507426304
8330005,6246758961152,625507426304
8335010,6249786552320,625507426304
8340010,6253171298304,625507426304
8345005,6256346931200,625507426304
8350003,6259390480384,625507426304
8355010,6262659452928,625507426304
8360006,6265924771840,625507426304
8365010,6269610311680,625507426304
8370010,6272761282560,625507426304
8375010,6275812462592,625507426304
8380000,6278870573056,625507426304
8385010,6282096390144,625507426304
8390010,6284706582528,625507426304
8395001,6287585873920,625507426304
8400000,6291101990912,625507426304
8405001,6294529404928,625507426304
8410005,6297879818240,625507426304
8415010,6300753289216,625507426304
8420010,6303186374656,627158872064
8425010,6306408443904,628085018624
8430010,6309771231232,629009063936
8435001,6313025146880,629532999680
8440006,6316346286080,629532999680
8445010,6320226136064,629532999680
8450010,6323636957184,629532999680
8455010,6327493685248,629532999680
8460010,6330755862528,629532999680
8465010,6334271414272,629532999680
8470010,6337607290880,629532999680
8475003,6341210836992,629532999680
8480008,6345476657152,629532999680
8485010,6348990246912,629532999680
8490010,6352071811072,629532999680
8495002,6355071188992,629532999680
8500010,6358707695616,629532999680
8505009,6362174935040,629532999680
8510010,6365507620864,629532999680
8515010,6368526835712,629532999680
8520002,6370994257920,629532999680
8525010,6374122520576,629532999680
8530009,6377849233408,629532999680
8535010,6380953899008,629532999680
8540000,6383991410688,629532999680
8545009,6387590320128,629532999680
8550010,6391235780608,629532999680
8555000,6394913427456,629532999680
8560010,6397963620352,631188660224
8565010,6401514418176,631823282176
8570010,6404733018112,631884574720
8575010,6408173342720,631884574720
8580004,6411858558976,631884574720
8585000,6415658336256,631884574720
8590000,6419962777600,631884574720
8595010,6423487127552,631884574720
8600010,6426981007360,631884574720
8605010,6430317535232,631884574720
8610010,6433658351616,631884574720
8615010,6437350264832,631884574720
8620010,6440981311488,631884574720
8625010,6444461686784,631884574720
8630010,6447197339648,631884574720
8635010,6450015150080,631884574720
8640005,6453236088832,631884574720
8645010,6456799453184,631884574720
8650002,6460426731520,631884574720
8655006,6463681265664,631884574720
8660000,6467003486208,631884574720
8665010,6470558838784,631884574720
8670004,6474427559936,632247189504
8675010,6478533804032,634800640000
8680010,6482211721216,634832506880
8685010,6485861715968,634832506880
8690007,6489445859328,634832506880
8695007,6492788953088,634832506880
8700010,6496083054592,634832506880
8705010,6499842912256,634832506880
8710010,6503596883968,634832506880
8715008,6507692847104,634832506880
8720010,6511026274304,634832506880
8725010,6514537050112,634832506880
8730003,6517829701632,635272810496
8735008,6521664524288,638292451328
8740010,6525367373824,639673823232
8745010,6530356248576,640567304192
8750006,6534412460032,640754929664
8755010,6538420809728,640754929664
8760001,6542257393664,640754929664
8765010,6545622794240,640754929664
8770010,6548917837824,640754929664
8775010,6552602472448,640754929664
8780010,6556121624576,640754929664
8785010,6559474765824,640754929664
8790010,6563212496896,640754929664
8795009,6566038159360,642355634176
8800008,6569630064640,642839625728
8805007,6573376512000,643140587520
8810006,6577676312576,643140587520
8815010,6581364932608,643140587520
8820010,6584576200704,643140587520
8825005,6587947384832,643140587520
8830010,6591465447424,643140587520
8835000,6594938466304,643140587520
8840010,6598399049728,643140587520
8845003,6602172276736,643140587520
8850010,6605605036032,643140587520
8855010,6608686686208,645303857152
8860010,6612189007872,647060467712
8865010,6615373611008,647989157888
8870010,6619428888576,648677318656
8875006,6622423375872,648677318656
8880010,6626201276416,648677318656
8885010,6630388502528,648677318656
8890010,6633789976576,648677318656
8895010,6636631330816,648677318656
8900003,6640150667264,648677318656
8905002,6643595812864,648677318656
8910010,6647083495424,648677318656
8915010,6650745843712,648677318656
8920009,6654907863040,648677318656
8925010,6658418221056,648677318656
8930010,6661618724864,648677318656
8935010,6665183830016,648677318656
8940010,6668277186560,650843336704
8945010,6671327936512,650866221056
8950010,6674591068160,650866221056
8955006,6677819445248,650866221056
8960010,6681401016320,650866221056
8965009,6685205794816,650866221056
8970000,6689451606016,650866221056
8975010,6692654972928,650866221056
8980004,6695847886848,650866221056
8985010,6699294658560,650866221056
8990010,6702404071424,651884130304
8995010,6706497060864,653996720128
9000008,6710451245056,655070859264
9005010,6713902764032,656038903808
9010010,6717087731712,656344334336
9015002,6721624563712,656344334336
9020010,6726370824192,656344334336
9025010,6729896046592,656344334336
9030010,6733801299968,656344334336
9035010,6737460187136,656344334336
9040000,6741168803840,656344334336
9045008,6744872292352,656344334336
9050010,6748371378176,656344334336
9055008,6751675719680,656344334336
9060010,6754954035200,656344334336
9065001,6758896041984,656344334336
9070008,6762217664512,657755860992
9075010,6765298597888,658332585984
9080006,6768959373312,658778841088
9085010,6772623900672,658778841088
9090010,6775794192384,658778841088
9095009,6778852184064,658778841088
9100009,6782051442688,658778841088
9105010,6785151934464,658778841088
9110010,6788099526656,658778841088
9115006,6791173533696,658778841088
9120010,6794042040320,658778841088
9125010,6797033185280,658778841088
9130004,6800243539968,658778841088
9135010,6803602051072,658778841088
9140010,6807089917952,658778841088
9145010,6810635300864,658778841088
9150010,6813654704128,658778841088
9155010,6816857206784,658778841088
9160010,6820326182912,658778841088
9165010,6823277998080,661849272320
9170010,6826483978240,662959747072
9175010,6830062284800,663868248064
9180000,6834030579712,663970045952
9185010,6838367236096,663970045952
9190010,6841866543104,663970045952
9195005,6845168488448,663970045952
9200010,6848542097408,663970045952
9205010,6851779416064,663970045952
9210010,6855245344768,663970045952
9215010,6858705084416,663970045952
9220010,6862081662976,663970045952
9225010,6864645595136,663970045952
9230010,6867368620032,663970045952
9235003,6870226677760,663970045952
9240010,6873339654144,663970045952
9245001,6876124090368,663970045952
9250010,6878987452416,663970045952
9255008,6882874343424,663970045952
9260000,6886501429248,663970045952
9265003,6889291436032,663970045952
9270010,6892407521280,663970045952
9275010,6895565025280,663970045952
9280010,6898684485632,665717751808
9285010,6901684449280,665717751808
9290010,6904469635072,665717751808
9295010,6907743653888,665717751808
9300002,6911584038912,665717751808
9305010,6915290689536,665717751808
9310010,6918622023680,665717751808
9315010,6921543008256,665717751808
9320010,6924486590464,665717751808
9325010,6927965810688,665717751808
9330009,6930856714240,665717751808
9335010,6934335365120,665717751808
9340000,6937435099136,665717751808
9345010,6941094260736,665717751808
9350010,6943811538944,665717751808
9355010,6946841608192,665717751808
9360010,6949698043904,665717751808
9365010,6952562417664,665717751808
9370005,6955517100032,665717751808
9375010,6958803881984,665717751808
9380008,6961766428672,665717751808
9385000,6965157208064,665717751808
9390010,6968954720256,665717751808
9395010,6972077043712,665717751808
9400010,6975413956608,665717751808
9405010,6978377572352,668176912384
9410005,6982189895680,670608252928
9415010,6986203766784,672553345024
9420010,6990144925696,673038548992
9425001,6993019985920,673038548992
9430005,6996691550208,673038548992
9435010,6999819689984,673038548992
9440010,7003214708736,673038548992
9445010,7006377009152,673038548992
9450010,7009912164352,673038548992
9455005,7013587177472,673038548992
9460005,7018001371136,673038548992
9465010,7022088728576,673038548992
9470010,7026250170368,673038548992
9475010,7030137208832,673038548992
9480001,7034109636608,673038548992
9485010,7037723848704,673038548992
9490010,7040885596160,673038548992
9495010,7043933491200,673038548992
9500009,7047197134848,673038548992
9505007,7050561236992,673038548992
9510007,7054015451136,673038548992
9515003,7057441284096,673038548992
9520010,7059989766144,674599055360
9525000,7063045144576,675100098560
9530005,7066207821824,675100098560
9535010,7069458956288,675100098560
9540010,7072785068032,675100098560
9545010,7076050276352,675100098560
9550010,7079207833600,675100098560
9555010,7082640588800,675100098560
9560010,7086036918272,675100098560
9565002,7089606410240,675100098560
9570009,7092941037568,675100098560
9575010,7096808730624,675100098560
9580010,7100061028352,675100098560
9585010,7103224516608,675100098560
9590001,7106455666688,675100098560
9595010,7109862375424,675100098560
9600005,7113408069632,675100098560
9605010,7116544557056,675100098560
9610010,7119797633024,675100098560
9615001,7123053740032,675100098560
9620000,7126559805440,675100098560
9625004,7129156980736,675100098560
9630010,7131989667840,675100098560
9635007,7134685151232,675100098560
9640010,7137783103488,675100098560
9645010,7140123619328,675100098560
9650010,7142471643136,675100098560
9655009,7145155051520,675356758016
9660010,7148829749248,678587891712
9665010,7152412938240,680058806272
9670010,7155719577600,681421537280
9675010,7158671613952,681462812672
9680010,7161517174784,681462812672
9685010,7164899147776,681462812672
9690010,7168366813184,681462812672
9695010,7172064968704,681462812672
9700010,7175104692224,681462812672
9705005,7178876186624,681462812672
9710007,7182929092608,681462812672
9715000,7187041718272,681462812672
9720010,7190193836032,681462812672
9725001,7193524580352,681462812672
9730001,7197009338368,681462812672
9735003,7200373641216,681462812672
9740010,7204089995264,681462812672
9745010,7207404154880,681462796288
9750000,7210828378112,681462812672
9755010,7213966761984,684061118464
9760004,7217244876800,684160008192
9765010,7220475285504,684160008192
9770010,7223962673152,684160008192
9775005,7227520753664,684160008192
9780010,7231076704256,684160008192
9785002,7234339762176,684160008192
9790001,7237606768640,684160008192
9795010,7240778170368,684160008192
9800001,7243865718784,684160008192
9805003,7247099883520,684160008192
9810010,7250879557632,684160008192
9815001,7253924102144,684160008192
9820006,7257167548416,684160008192
9825004,7260182044672,686507503616
9830010,7263609278464,687769554944
9835002,7267083878400,688659791872
9840004,7270666833920,689590480896
9845010,7274808406016,689720336384
9850001,7278983827456,689720336384
9855010,7282518200320,689720336384
9860001,7286789865472,689720336384
9865006,7290301517824,689720336384
9870010,7293912948736,689720336384
9875010,7297194786816,689720336384
9880001,7301029523456,689720336384
9885002,7304343523328,689720336384
9890010,7308338929664,689720336384
9895000,7311438114816,689720336384
9900007,7314631553024,689720336384
9905007,7317215027200,690933080064
9910010,7320890343424,690933080064
9915010,7323558469632,690933080064
9920003,7326444462080,690933080064
9925010,7329686773760,690933080064
9930004,7332939194368,690933080064
9935008,7336079609856,690933080064
9940010,7339293888512,690933080064
9945010,7342599188480,690933080064
9950010,7346017124352,690933080064
9955010,7349497368576,690933080064
9960010,7352506650624,690933080064
9965010,7355518324736,690933080064
9970010,7358692978688,690933080064
9975010,7362261225472,690933080064
9980010,7365520592896,690933080064
9985010,7369125720064,690933080064
9990010,7372258279424,690933080064
9995003,7376062210048,690933080064
10000010,7379016990720,690933080064
10005007,7383444238336,690933080064
10010009,7387248386048,690933080064
10015006,7391023349760,690933080064
10020000,7394267967488,694501920768
10025010,7397593677824,695658467328
10030010,7401168437248,696565870592
10035010,7404268302336,696628981760
10040003,7408132444160,696628981760
10045004,7411880087552,696628981760
10050010,7415608958976,696628981760
10055009,7419088969728,696628981760
10060010,7422662795264,696628981760
10065001,7425937420288,696628981760
10070010,7430770532352,696628981760
10075010,7434823421952,696628981760
10080006,7438983299072,696628981760
10085010,7442769383424,696628981760
10090005,7447296319488,696628981760
10095000,7451330101248,696628981760
10100000,7455686414336,696628981760
10105010,7459426443264,696628981760
10110002,7462763929600,696628981760
10115008,7465885859840,698313662464
10120010,7469525708800,698546475008
10125010,7472953769984,698546475008
10130002,7476415635456,698546475008
10135000,7480134057984,698546475008
10140006,7483981307904,698546475008
10145003,7487212408832,698546475008
10150000,7490495385600,698546475008
10155010,7493800919040,698546475008
10160010,7497126486016,698546475008
10165000,7500293550080,698546475008
10170010,7503686316032,698546475008
10175002,7507286458368,698546475008
10180002,7510822772736,698546475008
10185001,7514102087680,698546475008
10190010,7517086687232,700446404608
10195010,7520414982144,702274908160
10200010,7524024430592,703158059008
10205010,7527605547008,704068788224
10210010,7531080196096,704068788224
10215010,7534428991488,704068788224
10220010,7537786961920,704068788224
10225008,7541203996672,704068788224
10230010,7545022447616,704068788224
10235010,7548369117184,704068788224
10240000,7551758815232,704068788224
10245009,7554843725824,704068788224
10250010,7557854384128,704068788224
10255005,7562357391360,704068788224
10260006,7565804105728,704068788224
10265003,7569012895744,704068788224
10270010,7572137787392,704068788224
10275006,7575600680960,704068788224
10280001,7578490474496,704068788224
10285010,7581734612992,704068788224
10290002,7584526712832,705668136960
10295005,7588047007744,706040369152
10300010,7591120842752,706040369152
10305010,7594677342208,706040369152
10310010,7598044700672,706040369152
10315010,7601172844544,706040369152
10320005,7604296691712,706040369152
10325010,7607509032960,706040369152
10330010,7610861764608,706040369152
10335003,7614187941888,706040369152
10340000,7618804805632,706040369152
10345010,7622145572864,706040369152
10350010,7625614577664,706040369152
10355003,7628923580416,706040369152
10360002,7632727298048,706040369152
10365002,7636393771008,706040369152
10370010,7640116547584,706040369152
10375010,7643637956608,706040369152
10380010,7647138914304,706040369152
10385005,7650566090752,706040369152
10390000,7653795803136,706040369152
10395010,7657068212224,706040369152
10400000,7659790217216,706040369152
10405005,7663519633408,706040369152
10410010,7666682474496,706040369152
10415000,7670342234112,706040369152
10420010,7674201128960,706040369152
10425010,7677457149952,709197881344
10430010,7680796442624,710601084928
10435010,7684260286464,711522975744
10440008,7687852269568,711862706176
10445010,7691746910208,711862706176
10450010,7695618871296,711862706176
10455010,7699141120000,711862706176
10460007,7702506729472,711862706176
10465002,7705774026752,711862706176
10470000,7708971814912,711862706176
10475010,7711973208064,711862706176
10480010,7714990469120,711862706176
10485010,7718030917632,711862706176
10490010,7721102987264,711862706176
10495010,7724300505088,711862706176
10500007,7727372427264,711862706176
10505010,7730278285312,711862706176
10510010,7733235036160,711862706176
10515010,7736330260480,711862706176
10520002,7739275071488,711862706176
10525010,7742560935936,711862706176
10530010,7745566146560,711862706176
10535000,7748906700800,711862706176
10540010,7752218701824,711862706176
10545000,7755216863232,711862706176
10550010,7758253895680,711862706176
10555008,7761296809984,711862706176
10560010,7764479209472,711862706176
10565010,7767326613504,711862706176
10570010,7770750529536,711862706176
10575000,7773700317184,711862706176
10580002,7776640040960,711862706176
10585010,7779468955648,713931075584
10590010,7782436753408,714445467648
10595009,7785422876672,714445467648
10600005,7788525465600,714445467648
10605010,7791674863616,714445467648
10610006,7794618359808,714445467648
10615004,7797472071680,714445467648
10620010,7800236523520,714445467648
10625000,7803193077760,714445467648
10630010,7806195429376,714445467648
10635010,7809288175616,714445467648
10640010,7812257095680,714445467648
10645010,7815277182976,714445467648
10650001,7818457554944,714445467648
10655001,7821365256192,714445467648
10660010,7824212496384,714445467648
10665010,7827142324224,714445467648
10670010,7830898888704,714445467648
10675010,7833879932928,714445467648
10680010,7837001969664,714445467648
10685010,7840098144256,714445467648
10690010,7843468443648,714445467648
10695000,7846518104064,714445467648
10700010,7849640931328,714445467648
10705008,7852579491840,714445467648
10710004,7855685148672,714445467648
10715010,7858916376576,714445467648
10720001,7861841522688,714445467648
10725004,7864955699200,714445467648
10730010,7867909656576,717420036096
10735010,7871243816960,719011151872
10740006,7874630537216,719514890240
10745001,7877794123776,719514890240
10750006,7881120284672,719514890240
10755010,7884854149120,719514890240
10760010,7888159088640,719514890240
10765010,7891579719680,719514890240
10770008,7895067262976,719514890240
10775000,7898336849920,719514890240
10780010,7901423857664,719514890240
10785010,7904369549312,719514890240
10790010,7907608637440,719514890240
10795010,7910709473280,719514890240
10800010,7913958539264,719514890240
10805010,7917397442560,719514890240
10810008,7920599461888,719514890240
10815004,7923852451840,719514890240
10820005,7927203241984,719514890240
10825010,7930591354880,719514890240
10830010,7933558542336,719514890240
10835005,7936732905472,719514890240
10840010,7939826716672,719514890240
10845010,7942985338880,719514890240
10850010,7945994584064,719514890240
10855010,7949565575168,719514890240
10860004,7953200558080,719514890240
10865010,7956692520960,719514890240
10870010,7959903514624,719514890240
10875010,7962740842496,719514890240
10880000,7965482737664,719514890240
10885007,7968269578240,719517188096
10890010,7970928058368,721346670592
10895005,7973920272384,721620443136
10900010,7977223319552,721620443136
10905010,7980241154048,721620443136
10910010,7983891046400,721620443136
10915005,7986991648768,721620443136
10920009,7989859717120,721620443136
10925001,7992954793984,721620443136
10930010,7996129964032,721620443136
10935010,7999196045312,721620443136
10940010,8002164572160,721620443136
10945010,8005542477824,721620443136
10950006,8008382926848,721620443136
10955010,8011593039872,721620443136
10960007,8014230052864,721620443136
10965010,8017257033728,721620443136
10970006,8020174249984,721620443136
10975010,8022784188416,721620443136
10980008,8025708736512,721620443136
10985009,8028635938816,721620443136
10990010,8031418318848,721620443136
10995010,8034290946048,721620443136
11000010,8037080977408,721620443136
11005002,8040078213120,721620443136
11010010,8043175178240,721620443136
11015007,8046041468928,721620443136
11020003,8048868569088,721620443136
11025001,8051907014656,721620443136
11030010,8054741745664,721620443136
11035003,8057473449984,721620443136
11040000,8060398600192,721620443136
11045002,8063244926976,721620443136
11050010,8066005237760,721620443136
11055010,8069560152064,721620443136
11060010,8072863821824,721620443136
11065000,8075603984384,721620443136
11070010,8078618046464,721620443136
11075006,8082043805696,721620443136
11080010,8085207523328,723484332032
11085010,8088326770688,725802110976
11090010,8091761049600,726775267328
11095000,8095288385536,727410184192
11100010,8098120380416,727410184192
11105003,8102733975552,727410184192
11110010,8106355253248,727410184192
11115010,8109929455616,727410184192
11120010,8113020174336,727410184192
11125010,8116367233024,727410184192
11130004,8120343416832,727410184192
11135010,8124326481920,727410184192
11140004,8127977582592,727410184192
11145003,8131522703360,727410184192
11150001,8135339929600,727410184192
11155000,8138819866624,727410184192
11160010,8142671708160,727410184192
11165002,8145884708864,727410184192
11170008,8149398450176,727410184192
11175010,8152784371712,727410184192
11180006,8156119146496,727410184192
11185010,8159863541760,727410184192
11190010,8163342581760,727410184192
11195010,8166706536448,727410184192
11200010,8170452434944,727410184192
11205001,8174117408768,727410184192
11210006,8177502986240,727410184192
11215010,8181371502592,727410184192
11220010,8185934327808,727410184192
11225010,8189434617856,727410184192
11230010,8192487419904,727410184192
11235010,8196460355584,727410184192
11240005,8199599083520,727410184192
11245006,8202870493184,727410184192
11250002,8206457073664,727410184192
11255010,8209417580544,727410184192
11260007,8213467148288,727410184192
11265000,8216645738496,727410184192
11270010,8219730046976,729719066624
11275000,8224289660928,730531966976
11280010,8227617746944,730734034944
11285006,8230898057216,730734034944
11290010,8234588254208,730734034944
11295006,8238622576640,730734034944
11300004,8242194468864,730734034944
11305010,8245768798208,730734034944
11310001,8249202196480,730734034944
11315007,8253236813824,730734034944
11320010,8256957632512,730734034944
11325010,8260928196608,730734034944
11330010,8264230604800,730734034944
11335010,8267787075584,730734034944
11340000,8271110008832,730734034944
11345010,8274624978944,730734034944
11350010,8278180093952,730734034944
11355010,8281412943872,730734034944
11360000,8285566988288,730734034944
11365003,8288915185664,730734034944
11370010,8292356734976,730734034944
11375010,8296883118080,730734034944
11380000,8300044107776,730734034944
11385010,8303282757632,730734034944
11390010,8306864238592,730734034944
11395003,8309967433728,730734034944
11400001,8313827655680,730734034944
11405010,8317616058368,730734034944
11410002,8321161252864,730734034944
11415010,8324404822016,730734034944
11420010,8327799783424,730734034944
11425008,8331776847872,730734034944
11430010,8335689216000,730734034944
11435010,8338767101952,730734034944
11440010,8342618525696,730734034944
11445000,8346278449152,730734034944
11450008,8349216317440,730734034944
11455010,8352817262592,733284610048
11460010,8356566355968,734814322688
11465008,8360249446400,735715373056
11470010,8363589332992,735874039808
11475010,8369699921920,735874039808
11480010,8373985038336,735874039808
11485010,8377813942272,735874039808
11490000,8382544007168,735874039808
11495000,8386300096512,735874039808
11500006,8390024798208,735874039808
11505008,8395486027776,735874039808
11510001,8400238956544,735874039808
11515000,8405402656768,735874039808
11520010,8408552394752,735874039808
11525010,8413631938560,735874039808
11530010,8418846216192,735874039808
11535010,8423457243136,735874039808
11540010,8426901618688,735874039808
11545010,8431730552832,735874039808
11550010,8436427071488,735874039808
11555010,8441857560576,735874039808
11560008,8446668943360,735874039808
11565008,8451742388224,735874039808
11570009,8455217213440,735874039808
11575008,8458946408448,735874039808
11580010,8463563071488,735874039808
11585000,8466236305408,735874039808
11590000,8469131104256,735874039808
11595010,8472361443328,735874039808
11600010,8475820695552,735874039808
11605010,8478549442560,735874039808
11610000,8482070171648,735874039808
11615010,8485411172352,735874039808
11620001,8488432480256,735874039808
11625010,8492099313664,735874039808
11630010,8495432015872,735874039808
11635010,8499304284160,735874039808
11640008,8502541570048,735874039808
11645004,8506024394752,735874039808
11650010,8509427384320,735874039808
11655010,8513523118080,735874039808
11660010,8517632311296,735874039808
11665001,8520859131904,737609474048
11670010,8525168603136,738044858368
11675010,8530000494592,738079465472
11680002,8533920571392,738079465472
11685002,8538611367936,738079465472
11690001,8542698237952,738079465472
11695010,8546516365312,738079465472
11700001,8550837424128,738079465472
11705010,8554686709760,738079465472
11710010,8558704095232,738079465472
11715010,8562297769984,738079465472
11720005,8566360043520,738079465472
11725010,8571116716032,738079465472
11730010,8575527714816,738079465472
11735010,8581247070208,738079465472
11740010,8584794365952,738079465472
11745000,8589826674688,738079465472
11750003,8594221326336,738079465472
11755010,8599112835072,738079465472
11760010,8603520774144,738079465472
11765010,8607822344192,738079465472
11770010,8611855335424,738079465472
11775010,8616978837504,738079465472
11780010,8619353235456,738079465472
11785003,8621874237440,738079465472
11790010,8625197727744,738079465472
11795010,8628924788736,738079465472
11800002,8632680497152,738079465472
11805000,8636320538624,738079465472
11810002,8640245952512,738079465472
11815010,8643550212096,738079465472
11820010,8646620704768,738079465472
11825010,8649862209536,741145542656
11830010,8653490438144,742877630464
11835010,8656931045376,743377940480
11840010,8660515663872,743377940480
11845006,8664227979264,743377940480
11850010,8667564654592,743377940480
11855007,8670653403136,743377940480
11860000,8673934434304,743377940480
11865009,8677409955840,743377940480
11870010,8681312239616,743377940480
11875001,8685156524032,743377940480
11880006,8688858951680,743377940480
11885002,8692509024256,743377940480
11890010,8695400235008,743377940480
11895000,8698860802048,743377940480
11900010,8701963587584,743377940480
11905010,8705428860928,743377940480
11910004,8708965462016,743377940480
11915001,8712248242176,743377940480
11920010,8715550937088,743377940480
11925010,8718635978752,743377940480
11930006,8722432405504,743377940480
11935010,8727348473856,743377940480
11940007,8731199725568,743377940480
11945010,8734975545344,743377940480
11950010,8738626007040,743377940480
11955010,8742122696704,743377940480
11960010,8745571545088,743377940480
11965010,8748821590016,743377940480
11970010,8752507744256,743377940480
11975009,8756004909056,744010121216
11980004,8759488970752,745947492352
11985010,8762680008704,746402304000
11990010,8766267551744,746445115392
11995010,8769495465984,746445115392
12000010,8773082578944,746445115392
12005002,8778432544768,746445115392
12010001,8783028305920,746445115392
12015010,8786744889344,746445115392
12020000,8790079246336,746445115392
12025000,8793442750464,746445115392
12030002,8797141168128,746445115392
12035010,8800644509696,746445115392
12040008,8804184133632,746445115392
12045005,8807470256128,746445115392
12050010,8811019636736,746445115392
12055005,8815133724672,746445115392
12060001,8818430955520,746445115392
12065010,8821552246784,746445115392
12070010,8824916439040,746445115392
12075010,8828172120064,746445115392
12080007,8831863717888,746445115392
12085001,8835133521920,746445115392
12090008,8838472495104,746445115392
12095000,8842042236928,746719379456
12100010,8846190211072,749767340032
12105010,8849863008256,750950764544
12110010,8853479120896,751837151232
12115009,8858623954944,752129376256
12120009,8862813892608,752129376256
12125010,8866736074752,752129376256
12130010,8870514638848,752129376256
12135010,8874352345088,752129376256
12140000,8878154448896,752129376256
12145010,8882094886912,752129376256
12150010,8885214666752,752129376256
12155010,8888501239808,752129376256
12160002,8891867099136,752129376256
12165010,8895486042112,752129376256
12170010,8899292401664,752129376256
12175000,8903133200384,752129376256
12180010,8907410067456,752129376256
12185010,8911435743232,752129376256
12190010,8915387510784,752129376256
12195010,8918984859648,752129376256
12200005,8923121360896,752129376256
12205001,8925897994240,754318196736
12210010,8929697370112,755158274048
12215010,8933085618176,755213778944
12220010,8935993745408,755213778944
12225003,8939691646976,755213778944
12230001,8944052879360,755213778944
12235010,8947654660096,755213778944
12240010,8951008346112,755213778944
12245000,8954606977024,755213778944
12250010,8957805182976,755213778944
12255002,8960297431040,755213778944
12260002,8963082792960,755213778944
12265008,8966551429120,755213778944
12270003,8969973321728,755213778944
12275010,8973867986944,755213778944
12280007,8977095827456,755213778944
12285007,8980612022272,755213778944
12290005,8984060882944,755213778944
12295000,8987319255040,755213778944
12300003,8990626336768,755213778944
12305010,8994030309376,755213778944
12310005,8997508096000,755213778944
12315010,9001335029760,755213778944
12320010,9004211904512,755213778944
12325010,9007667757056,755213778944
12330010,9010719830016,757137219584
12335010,9014205939712,759323099136
12340010,9018561646592,760602013696
12345000,9022190747648,760764096512
12350006,9025520054272,760764096512
12355010,9029130321920,760764096512
12360010,9032663089152,760764096512
12365001,9035995172864,760764096512
12370004,9039785431040,760764096512
12375003,9043652030464,760764096512
12380010,9048569065472,760764096512
12385000,9052413489152,760764096512
12390010,9056103591936,760764096512
12395010,9059586162688,760764096512
12400007,9063144235008,760764096512
12405008,9065988517888,760764096512
12410010,9069092433920,760764096512
12415009,9072873578496,760764096512
12420000,9075981221888,760764096512
12425008,9078858010624,760764096512
12430000,9082291204096,760764096512
12435000,9085916082176,760764096512
12440004,9089046192128,760826982400
12445010,9092250189824,763081404416
12450007,9095242809344,763583344640
12455009,9098936737792,763642454016
12460009,9102518005760,763642454016
12465010,9106485981184,763642454016
12470010,9110590414848,763642454016
12475003,9114894495744,763642454016
12480010,9119073402880,763642454016
12485010,9122912968704,763642454016
12490010,9126125068288,763642454016
12495001,9129476481024,763642454016
12500010,9133174652928,763642454016
12505003,9136379113472,763642454016
12510010,9140323684352,763642454016
12515010,9144217866240,763642454016
12520002,9147671322624,763642454016
12525010,9151164182528,763642454016
12530000,9154526220288,763642454016
12535002,9157721407488,763642454016
12540010,9161360371712,763642454016
12545000,9164455440384,763642454016
12550006,9169231429632,763642454016
12555010,9173564760064,763642454016
12560010,9179241979904,763642454016
12565003,9183657463808,763642454016
12570010,9186980913152,763642454016
12575010,9190549970944,763642454016
12580005,9193867513856,763642454016
12585010,9196834054144,763642454016
12590010,9200131133440,763642454016
12595009,9203634376704,763642454016
12600005,9207001964544,763642454016
12605000,9210323492864,763733204992
12610009,9213917278208,767061286912
12615010,9217565962240,768802201600
12620010,9220983001088,769514131456
12625010,9224641208320,769514131456
12630010,9228652244992,769514131456
12635010,9232468017152,769514131456
12640010,9236524863488,769514131456
12645010,9239797334016,769514131456
12650000,9243213406208,769514131456
12655005,9246892359680,769514131456
12660010,9250116698112,769514131456
12665001,9253434105856,769514131456
12670010,9257028620288,769514131456
12675010,9260623978496,769514131456
12680010,9263999332352,769514131456
12685010,9267206643712,769514131456
12690007,9270543761408,769514131456
12695010,9274403508224,769514131456
12700001,9277966684160,769514131456
12705004,9281243463680,769514131456
12710010,9285306953728,769514131456
12715006,9288631136256,769514131456
12720010,9292235288576,769514131456
12725006,9295755333632,769514131456
12730004,9299412316160,769514131456
12735010,9302929797120,769514131456
12740010,9306753884160,769514139648
12745010,9309813338112,771283873792
12750010,9313280696320,771735687168
12755004,9316643196928,771819036672
12760010,9320031035392,771819036672
12765010,9324060524544,771819036672
12770003,9327565635584,771819036672
12775010,9331642531840,771819036672
12780000,9335025123328,771819036672
12785010,9338346246144,771819036672
12790005,9341778268160,771819036672
12795007,9344993611776,771819036672
12800009,9348487458816,771819036672
12805010,9352063483904,771819036672
12810010,9355667431424,771819036672
12815010,9358599729152,771819036672
12820010,9361741090816,771819036672
12825010,9365051887616,771819036672
12830006,9368495562752,771819036672
12835010,9372055293952,771819036672
12840010,9375445155840,771819036672
12845003,9379293544448,771819036672
12850010,9382708113408,771819036672
12855010,9385660375040,771819036672
12860010,9388869517312,771819036672
12865002,9392099872768,771819036672
12870010,9395351982080,771819036672
12875001,9398778474496,771819036672
12880004,9402313039872,771819036672
12885010,9406002925568,771819036672
12890001,9410047729664,771819036672
12895010,9413232046080,775002619904
12900010,9416453292032,776709730304
12905010,9419457343488,777591451648
12910010,9423619624960,778393554944
12915003,9427603836928,778393554944
12920001,9431897591808,778393554944
12925010,9435861430272,778393554944
12930010,9439623327744,778393554944
12935007,9443009118208,778393554944
12940008,9446872571904,778393554944
12945008,9450131922944,778393554944
12950010,9453811896320,778393554944
12955010,9457421864960,778393554944
12960010,9459940384768,778393554944
12965004,9463240560640,778393554944
12970002,9466840735744,778393554944
12975000,9470338813952,778393554944
12980010,9473621815296,778393554944
12985004,9477314482176,778393554944
12990010,9480659312640,778393554944
12995010,9484123185152,778393554944
13000005,9487335247872,778393554944
13005010,9490767630336,778393554944
13010010,9494328967168,778393554944
13015010,9497499852800,778393554944
13020006,9500737699840,778393554944
13025010,9504265957376,778393554944
13030010,9507933822976,778393554944
13035004,9511745560576,778393554944
13040010,9515318063104,780185481216
13045010,9519268909056,781492744192
13050009,9522608951296,781895356416
13055010,9525680594944,781895356416
13060004,9528999723008,781895356416
13065010,9532641128448,781895356416
13070010,9536437174272,781895356416
13075010,9540121251840,781895356416
13080004,9543848656896,781895356416
13085008,9547628085248,781895356416
13090010,9551637774336,781895356416
13095010,9555810414592,781895356416
13100010,9559450599424,781895356416
13105010,9562568208384,781895356416
13110010,9565603221504,781895356416
13115008,9568786673664,781895356416
13120010,9572058492928,781895356416
13125002,9575375458304,781895356416
13130010,9579058253824,781895356416
13135010,9582275874816,781895356416
13140010,9585596121088,781895356416
13145010,9589019230208,781895356416
13150010,9592190230528,781895356416
13155007,9595699863552,781895356416
13160010,9599407423488,781895356416
13165010,9602881335296,781895356416
13170000,9606053482496,783399673856
13175010,9609995481088,785624801280
13180010,9614145622016,787124031488
13185010,9617546784768,787459690496
13190009,9621038583808,787459690496
13195010,9625317171200,787459690496
13200000,9630285574144,787459690496
13205010,9634118987776,787459690496
13210007,9637860577280,787459690496
13215008,9641454936064,787459690496
13220010,9645185564672,787459690496
13225010,9648570691584,787459690496
13230000,9652310417408,787459690496
13235010,9655532539904,787459690496
13240010,9658979266560,787459690496
13245010,9662435504128,787459690496
13250004,9665453993984,787459690496
13255009,9668982726656,787459690496
13260010,9672186699776,787459690496
13265010,9674999603200,787459690496
13270001,9678388224000,787459690496
13275010,9681945759744,787459690496
13280010,9685547671552,787459690496
13285010,9688973967360,787459690496
13290010,9693120798720,787459690496
13295005,9696837324800,787459690496
13300001,9700764573696,787477524480
13305010,9703577542656,789243355136
13310010,9706890248192,789705854976
13315003,9710545764352,790022889472
13320010,9714151473152,790022889472
13325003,9717926535168,790022889472
13330000,9721922404352,790022889472
13335002,9725799899136,790022889472
13340008,9729565257728,790022889472
13345002,9733518622720,790022889472
13350000,9737393487872,790022889472
13355010,9740892016640,790022889472
13360010,9744023072768,790022889472
13365010,9747524534272,790022889472
13370010,9750919819264,790022889472
13375006,9754504937472,790022889472
13380010,9758792155136,790022889472
13385010,9762670100480,790022889472
13390001,9766121791488,790022889472
13395008,9769471651840,790022889472
13400001,9772950466560,790022889472
13405010,9776866537472,790022889472
13410010,9779680043008,792174309376
13415010,9783841951744,794519326720
13420010,9787885686784,796024463360
13425010,9791597150208,796927041536
13430010,9795176742912,797191917568
13435010,9799160123392,797191917568
13440010,9803260293120,797191917568
13445010,9807127965696,797191917568
13450004,9810673438720,797191917568
13455010,9814294781952,797191917568
13460007,9817909751808,797191917568
13465008,9821497245696,797191917568
13470010,9824805859328,797191917568
13475010,9828246192128,797191917568
13480003,9832048214016,797191917568
13485010,9835472244736,797191917568
13490010,9838954442752,797191917568
13495007,9843000393728,797191917568
13500005,9846518284288,797191917568
13505010,9850244591616,797191917568
13510002,9853901565952,797191917568
13515010,9858577080320,797191917568
13520010,9861488705536,797191917568
13525000,9864904273920,797662236672
13530001,9868396539904,799913091072
13535010,9871780679680,800395948032
13540009,9875568611328,800709046272
13545010,9879346974720,800709046272
13550010,9883013226496,800709046272
13555001,9886508187648,800709046272
13560010,9890001580032,800709046272
13565009,9893846204416,800709046272
13570005,9897591685120,800709046272
13575010,9901360205824,800709046272
13580005,9905089683456,800709046272
13585000,9908961886208,800709046272
13590010,9912749400064,800709046272
13595010,9915807985664,800709046272
13600009,9919031910400,800709046272
13605010,9922503360512,800709046272
13610000,9926068396032,800709046272
13615000,9929356750848,801040039936
13620004,9933043335168,803771461632
13625004,9936743366656,804646621184
13630001,9940859174912,805258805248
13635010,9944597897216,805258805248
13640000,9948440178688,805258805248
13645010,9951862390784,805258805248
13650010,9955413155840,805258805248
13655009,9959043006464,805258805248
13660009,9962770116608,805258805248
13665004,9966789128192,805258805248
13670010,9970464391168,805258805248
13675000,9974020124672,805258805248
13680010,9977601409024,805258805248
13685005,9981330419712,805258805248
13690010,9984949846016,805258805248
13695001,9988337123328,805258805248
13700006,9992025686016,805258805248
13705010,9995207442432,806222172160
13710010,9998804758528,807136067584
13715010,10002467774464,807621222400
13720010,10006390448128,807832739840
13725006,10010524975104,807832739840
13730010,10014571667456,807832739840
13735000,10018145722368,807832739840
13740002,10021822386176,807832739840
13745010,10025106886656,807832739840
13750002,10028447363072,807832739840
13755010,10031613140992,807832739840
13760007,10034884730880,807832739840
13765010,10039105605632,807832739840
13770010,10043404378112,807832739840
13775003,10047108632576,807832739840
13780010,10051098243072,807832739840
13785010,10055724982272,807832739840
13790010,10059337748480,807832739840
13795003,10063334944768,807832739840
13800000,10067000647680,807933333504
13805008,10071020261376,811275509760
13810010,10074843766784,813038575616
13815001,10078853156864,813905633280
13820003,10083048521728,814665011200
13825010,10087052398592,814665011200
13830010,10091255037952,814665011200
13835006,10094737293312,814665011200
13840003,10098265436160,814665011200
13845010,10101887336448,814665011200
13850001,10105335406592,814665011200
13855010,10108441845760,814665011200
13860010,10112392593408,814665011200
13865000,10115676151808,814665011200
13870010,10119915839488,814665011200
13875010,10123635867648,814665011200
13880000,10127247720448,814665011200
13885001,10130837434368,814665011200
13890007,10134467072000,814665011200
13895010,10138678345728,814665011200
13900010,10142003589120,814665011200
13905002,10145910554624,814665011200
13910001,10149927706624,814665011200
13915004,10153382285312,814665011200
13920010,10157094944768,814665011200
13925003,10161228398592,814665011200
13930008,10165164703744,814665011200
13935002,10168611610624,816898322432
13940010,10172273811456,817245450240
13945010,10175773114368,817245450240
13950010,10179369218048,817245450240
13955010,10182885924864,817245450240
13960005,10186367361024,817245450240
13965000,10189912031232,817245450240
13970010,10193272823808,817245450240
13975007,10196885446656,817245450240
13980010,10200601718784,817245450240
13985000,10204476174336,817245450240
13990009,10208056467456,817245450240
13995009,10211677483008,817245450240
14000010,10215475863552,817245450240
14005010,10220040916992,817245450240
14010010,10223777239040,817245450240
14015010,10227828076544,817245450240
14020004,10231251546112,817245450240
14025010,10234888253440,817245450240
14030010,10237919563776,818275565568
14035010,10241608097792,820757139456
14040010,10245364699136,822068428800
14045010,10249201053696,823077208064
14050005,10252761210880,823077208064
14055010,10256433471488,823077208064
14060009,10260492148736,823077208064
14065004,10264091705344,823077208064
14070003,10267946180608,823077208064
14075010,10271640936448,823077208064
14080010,10275274477568,823077208064
14085005,10278501773312,823077208064
14090010,10281779372032,823077208064
14095001,10285476868096,823077208064
14100010,10288907636736,823077208064
14105010,10292333887488,823077208064
14110000,10296111009792,823077208064
14115010,10300548001792,823077208064
14120002,10303775793152,823077208064
14125010,10307448442880,823077208064
14130003,10310171660288,825221021696
14135010,10313446469632,825596952576
14140010,10316440084480,825596952576
14145001,10319860584448,825596952576
14150001,10323824943104,825596952576
14155008,10327250104320,825596952576
14160010,10330794786816,825596952576
14165001,10334774747136,825596952576
14170008,10337995485184,825596952576
14175010,10341232218112,825596952576
14180010,10344342093824,825596952576
14185010,10347256901632,825596952576
14190010,10350695661568,825596952576
14195010,10354080608256,825596952576
14200001,10357389160448,825596952576
14205010,10360961519616,825596952576
14210000,10364108697600,825596952576
14215007,10367227785216,825596952576
14220010,10369693499392,825596952576
14225005,10372532965376,825596952576
14230010,10376172716032,825596952576
14235010,10379622907904,825596952576
14240010,10382985687040,828518879232
14245010,10386805972992,830133559296
14250010,10390925590528,831307046912
14255007,10394294542336,831307046912
14260010,10398320783360,831307046912
14265010,10402419261440,831307046912
14270010,10406647947264,831307046912
14275010,10410265047040,831307046912
14280010,10413985644544,831307046912
14285010,10418166173696,831307046912
14290010,10421541871616,831307046912
14295009,10425346371584,831307046912
14300010,10428882673664,831307046912
14305010,10432479174656,831307046912
14310010,10435938471936,831307046912
14315010,10440127053824,831307046912
14320000,10444147195904,831307046912
14325010,10448593879040,831307046912
14330010,10453047939072,831307046912
14335006,10456990232576,833978695680
14340010,10460778770432,834390319104
14345010,10464466124800,834390319104
14350008,10467939229696,834390319104
14355010,10471432531968,834390319104
14360000,10475031752704,834390319104
14365006,10478533222400,834390319104
14370010,10481865465856,834390319104
14375005,10485644922880,834390319104
14380009,10489067741184,834390319104
14385000,10492590047232,834390319104
14390010,10496468967424,834390319104
14395006,10499799044096,834390319104
14400001,10502933303296,834390319104
14405007,10506387255296,834390319104
14410000,10510094819328,834390319104
14415010,10514109480960,834390319104
14420010,10517365366784,836876910592
14425010,10520754118656,837968490496
14430010,10524382662656,838859972608
14435010,10528330141696,839598718976
14440010,10532801331200,839598718976
14445009,10537037307904,839598718976
14450010,10540881481728,839598718976
14455008,10544433098752,839598718976
14460008,10548156624896,839598718976
14465005,10551922995200,839598718976
14470010,10555029315584,839598718976
14475000,10558319321088,839598718976
14480010,10561877884928,839598718976
14485002,10565326974976,839598718976
14490010,10568651329536,839598718976
14495000,10572815982592,839598718976
14500003,10576594440192,839598718976
14505008,10579359559680,841271918592
14510010,10582530269184,841740845056
14515006,10585501728768,841793667072
14520008,10588643414016,841793667072
14525007,10592177700864,841793667072
14530010,10595733295104,841793667072
14535010,10599646846976,841793667072
14540010,10603585069056,841793667072
14545002,10608385990656,841793667072
14550006,10613409775616,841793667072
14555009,10617029672960,841793667072
14560010,10621559447552,841793667072
14565008,10624819105792,841793667072
14570010,10628269776896,841793667072
14575000,10632032366592,841793667072
14580009,10635358736384,841793667072
14585010,10638667640832,841793667072
14590000,10642388467712,841793667072
14595010,10645724704768,841793667072
14600010,10648399355904,842878091264
14605010,10652255105024,845735198720
14610006,10655845490688,847411687424
14615010,10659636600832,847678083072
14620009,10663636078592,847678083072
14625000,10667418710016,847678083072
14630000,10671092051968,847678083072
14635007,10675175710720,847678083072
14640010,10679078846464,847678083072
14645010,10682754256896,847678083072
14650003,10686537474048,847678083072
14655008,10690135896064,847678083072
14660001,10693790212096,847678083072
14665010,10698025938944,847678083072
14670000,10701842563072,847678083072
14675010,10705713983488,847678083072
14680008,10709507076096,847678083072
14685008,10713160536064,847678083072
14690000,10716196831232,847678083072
14695002,10719814242304,847678083072
14700006,10723192832000,847774851072
14705010,10726368563200,850656202752
14710001,10729854943232,851179298816
14715010,10733595152384,851367256064
14720008,10736998395904,851367256064
14725010,10740329709568,851367256064
14730010,10743563124736,851367256064
14735010,10746180673536,851367256064
14740010,10749434200064,851367256064
14745001,10753322004480,851367256064
14750008,10757062193152,851367256064
14755000,10760649912320,851367256064
14760002,10764701171712,851367256064
14765010,10768115253248,851367256064
14770010,10771324723200,851367256064
14775010,10774744580096,851367256064
14780006,10778438676480,851367256064
14785010,10781781004288,852800393216
14790001,10785482752000,854804963328
14795009,10788765106176,855906623488
14800002,10792498290688,856781754368
14805002,10796247089152,857613021184
14810000,10800589795328,857613021184
14815010,10804180955136,857613021184
14820010,10807846309888,857613021184
14825010,10811374776320,857613021184
14830010,10814645010432,857613021184
14835000,10816900005888,857613021184
14840000,10819937865728,857613021184
14845006,10823600795648,857613021184
14850010,10826757054464,857613021184
14855010,10830112604160,857613021184
14860000,10833645510656,857613021184
14865010,10836812623872,857878413312
14870004,10840118616064,859388456960
14875000,10844065320960,859836153856
14880010,10847726419968,860004401152
14885009,10851340480512,860004401152
14890010,10854801207296,860004401152
14895010,10858295762944,860004401152
14900010,10861892509696,860004401152
14905010,10865357025280,860004401152
14910000,10868579508224,860004401152
14915008,10872235511808,860004401152
14920009,10875722874880,860004401152
14925010,10879299866624,860004401152
14930010,10882795233280,860004401152
14935001,10886257332224,860004401152
14940010,10889263226880,862186033152
14945004,10892680278016,864326942720
14950010,10896482373632,865387126784
14955010,10900416483328,866205605888
14960010,10904012853248,866205605888
14965002,10908569821184,866205605888
14970010,10912393273344,866205605888
14975010,10915946070016,866205605888
14980004,10919634419712,866205605888
14985010,10923110383616,866205605888
14990010,10926832615424,866205605888
14995005,10929998573568,866205605888
15000010,10933689249792,866205605888
15005003,10937285890048,866205605888
15010010,10940503097344,867361435648
15015003,10944234225664,868579856384
15020001,10947737677824,869046484992
15025010,10951373934592,869288222720
15030010,10954723078144,869288222720
15035010,10958861766656,869288222720
15040007,10962863149056,869288222720
15045005,10966351491072,869288222720
15050006,10970125627392,869288222720
15055000,10974015827968,869288222720
15060010,10977364848640,869288222720
15065008,10981088874496,869288222720
15070001,10984417103872,870933651456
15075010,10988236075008,872509497344
15080005,10991865450496,873387962368
15085010,10995717103616,874276024320
15090010,10999443316736,874519326720
15095001,11003299770368,874519326720
15100010,11007322238976,874519326720
15105000,11010141618176,874519326720
15110010,11013404684288,874519326720
15115001,11017000914944,874519326720
15120010,11020330434560,874519326720
15125010,11023859335168,874519326720
15130000,11027198296064,874519326720
15135005,11030524170240,874519326720
15140010,11034299813888,874519326720
15145010,11037291503616,876176797696
15150001,11040668303360,876640927744
15155008,11044549013504,877084012544
15160010,11048274386944,877158768640
15165010,11051864068096,877158768640
15170010,11055693864960,877158768640
15175004,11059321585664,877158768640
15180010,11062739574784,877158768640
15185003,11066198032384,877158768640
15190001,11069127348224,877158768640
15195010,11071887429632,877158768640
15200001,11074917044224,877158768640
15205002,11077914140672,877158768640
15210010,11081030979584,877158768640
15215010,11083898544128,877158768640
15220010,11086812024832,877158768640
15225010,11089878536192,877158768640
15230010,11092584972288,878183735296
15235010,11096143630336,880975687680
15240010,11099572043776,882726518784
15245004,11102918320128,883685576704
15250010,11106102022144,883895443456
15255000,11109609242624,883895443456
15260005,11113475231744,883895443456
15265001,11117026521088,883895443456
15270009,11120549376000,883895443456
15275005,11124519837696,883895443456
15280000,11128341557248,883895443456
15285002,11132145119232,883895443456
15290010,11135910633472,883895443456
15295010,11139503316992,883895443456
15300001,11142697926656,883895443456
15305007,11146340098048,883895443456
15310006,11150219063296,883895443456
15315005,11153127907328,886459174912
15320010,11156837396480,886905167872
15325010,11160417710080,887345262592
15330010,11164190621696,887505928192
15335010,11168120041472,887505928192
15340000,11171539079168,887505928192
15345006,11175183704064,887505928192
15350010,11179153035264,887505928192
15355000,11182993453056,887505928192
15360010,11186297438208,887505928192
15365010,11189568421888,887505928192
15370010,11192585773056,889910747136
15375010,11196103905280,891224473600
15380005,11199733207040,892116123648
15385003,11203690274816,892650573824
15390010,11207723073536,892650573824
15395008,11211686936576,892650573824
15400006,11215273242624,892650573824
15405007,11218812379136,892650573824
15410010,11222475677696,892650573824
15415008,11226091855872,892650573824
15420009,11229613031424,892650573824
15425010,11233227890688,892650573824
15430003,11236622778368,892650573824
15435000,11239591612416,894961483776
15440010,11242939289600,895507795968
15445010,11246552006656,895970516992
15450010,11250260848640,895970516992
15455006,11253823029248,895970516992
15460010,11257021710336,895970516992
15465010,11260209020928,895970516992
15470000,11263763464192,895970516992
15475010,11267208450048,895970516992
15480001,11270230056960,895970516992
15485008,11273560100864,895970516992
15490010,11276997218304,895970516992
15495010,11280327127040,897520148480
15500010,11284192256000,900011368448
15505010,11287883120640,900957810688
15510010,11291287293952,901874573312
15515010,11295037153280,902203416576
15520004,11298972467200,902203416576
15525000,11302651785216,902203416576
15530010,11306144645120,902203416576
15535001,11310198546432,902203416576
15540010,11313883553792,902203416576
15545005,11317274198016,902203416576
15550010,11320223727616,904395239424
15555010,11323587366912,904826974208
15560010,11327526797312,905150464000
15565010,11330986082304,905150464000
15570010,11334601977856,905150464000
15575010,11338409357312,905150464000
15580010,11341945524224,905150464000
15585010,11345599270912,905150464000
15590001,11349121757184,905150464000
15595010,11352392851456,905150464000
15600010,11355821965312,905150464000
15605000,11359476121600,905150464000
15610000,11362614038528,907843268608
15615010,11366077526016,908875505664
15620010,11369589592064,909762682880
15625009,11373469507584,910444048384
15630010,11377312247808,910444048384
15635005,11381365624832,910444048384
15640010,11384763904000,910444048384
15645010,11387854233600,910444048384
15650010,11391182069760,910444048384
15655000,11394474086400,910444048384
15660007,11397723611136,910444048384
15665006,11400977707008,910444048384
15670004,11403917135872,911695937536
15675006,11407088259072,911962669056
15680010,11410738286592,911962669056
15685010,11414311477248,911962669056
15690001,11418008100864,911962669056
15695003,11421987651584,911962669056
15700010,11425312157696,911962669056
15705004,11428645285888,911962669056
15710010,11432030773248,911962669056
15715004,11435413893120,911962669056
15720010,11437981954048,911962669056
15725010,11440526213120,911962669056
15730004,11443208036352,911962669056
15735002,11446062391296,911962669056
15740010,11448744771584,911962669056
15745010,11451409436672,911962669056
15750010,11454019932160,911962669056
15755000,11456781185024,911962669056
15760000,11459528331264,911962669056
15765001,11462239076352,914425397248
15770010,11465968197632,916492492800
15775010,11469354364928,918286573568
15780010,11472906862592,919250219008
15785010,11475831267328,919250219008
15790008,11478936477696,919250219008
15795010,11482154127360,919250219008
15800010,11485285957632,919250219008
15805000,11488312635392,919250219008
15810008,11491598696448,919250219008
15815004,11494796300288,919250219008
15820003,11498026332160,919250219008
15825010,11501456371712,919250219008
15830010,11504737206272,919250219008
15835005,11507830525952,919250219008
15840010,11511290699776,919250219008
15845008,11514788970496,919250219008
15850003,11518265315328,919250219008
15855006,11521556713472,919250219008
15860003,11524555890688,919250219008
15865010,11527738019840,919250219008
15870010,11530311565312,920712814592
15875010,11533729759232,922090008576
15880005,11536985718784,922345984000
15885006,11540247740416,922345984000
15890010,11543491481600,922345984000
15895010,11547080953856,922345984000
15900008,11550643269632,922345984000
15905010,11554005925888,922345984000
15910008,11557524705280,922345984000
15915002,11560770363392,922345984000
15920002,11564119109632,922345984000
15925004,11567021772800,922345984000
15930010,11570177134592,922345984000
15935009,11573609267200,922345984000
15940010,11576763809792,922345984000
15945000,11579529871360,922434445312
15950005,11582746976256,925129285632
15955010,11586069905408,926476664832
15960010,11589694816256,927449755648
15965010,11593184169984,928125415424
15970010,11596750880768,928125415424
15975009,11600500174848,928125415424
15980010,11603923701760,928125415424
15985010,11607308193792,928125415424
15990002,11610814062592,928125415424
15995010,11614634659840,928125415424
16000002,11617948733440,928125415424
16005010,11621540134912,928125415424
16010010,11624945618944,928125415424
16015006,11627794747392,928125415424
16020010,11631203250176,928125415424
16025003,11634158628864,928125415424
16030008,11637679484928,928125415424
16035010,11640627806208,929559605248
16040009,11643785396224,930072702976
16045010,11647363751936,930355453952
16050002,11651011493888,930355453952
16055010,11654714130432,930355453952
16060000,11658289205248,930355453952
16065010,11661592137728,930355453952
16070010,11664910663680,930355453952
16075010,11667950809088,930355453952
16080010,11670988500992,930355453952
16085010,11674233462784,930355453952
16090010,11677665636352,930355453952
16095010,11681111482368,930355453952
16100003,11684377718784,930355453952
16105010,11687287824384,931050397696
16110010,11690909847552,934279786496
16115003,11694238572544,935402414080
16120009,11697794277376,936303501312
16125007,11701669695488,936857370624
16130010,11705483649024,936857370624
16135010,11708685578240,936857370624
16140010,11711898267648,936857370624
16145010,11715516715008,936857370624
16150010,11718968557568,936857370624
16155010,11722414309376,936857370624
16160008,11725686464512,936857370624
16165010,11728700731392,936857370624
16170010,11732018032640,936857370624
16175000,11735274201088,936857370624
16180010,11738519678976,936857370624
16185010,11741860286464,936857370624
16190010,11744919261184,936857370624
16195010,11748289929216,939176734720
16200010,11751118385152,939610046464
16205010,11753946435584,939610046464
16210010,11755588079616,940877422592
16215010,11759317692416,940877422592
16220010,11762167447552,941922533376
16225010,11765100093440,942664970240
16230007,11767780016128,943458029568
16235010,11770198450176,943742263296
16240001,11772523753472,943965429760
16245009,11775084056576,943965429760
16250000,11777411657728,943965433856
16255010,11779805134848,943965433856
16260005,11782027784192,943965433856
16265010,11784630972416,943986552832
16270001,11787069001728,943986552832
16275000,11789296467968,943986552832
16280003,11792236150784,943986552832
16285010,11794619953152,943986552832
16290006,11796965564416,943986552832
16295010,11799578796032,943986552832
16300001,11802047442944,943986552832
16305002,11804438700032,943986552832
16310010,11807184695296,943986552832
16315003,11810000064512,943986552832
16320010,11812276535296,943986552832
16325007,11815068831744,943986552832
16330010,11817795235840,943986552832
16335002,11821080875008,943986552832
16340010,11823573192704,943986552832
16345005,11826531700736,943986552832
16350010,11829594808320,943986552832
16355005,11832619663360,943987658752
16360001,11835171667968,943987658752
16365007,11837351657472,943987658752
16370010,11840148422656,943987658752
16375010,11842949758976,943987658752
16380010,11844729565184,943987658752
16385010,11847159459840,943987658752
16390010,11849620074496,943987658752
16395010,11851628531712,943987658752
16400010,11853560647680,943987658752
16405010,11855925465088,943987658752
16410003,11859050745856,943987658752
16415003,11862084734976,943987658752
16420010,11863747899392,943987658752
16425010,11866212478976,943987658752
16430010,11869139611648,943987658752
16435008,11871965310976,943987658752
16440010,11873999257600,943987658752
16445002,11875917561856,943987658752
16450001,11878559318016,943987658752
16455010,11881426599936,943987658752
16460010,11884139778048,943987658752
16465010,11885821632512,943987658752
16470000,11888004878336,943987658752
16475010,11890650775552,943987658752
16480000,11893620404224,943987658752
16485001,11896119152640,943987658752
16490010,11897844948992,943987658752
16495000,11900166627328,943987658752
16500010,11902793113600,943987658752
16505010,11905755045888,943987658752
16510010,11908159516672,943987658752
16515010,11909422755840,943987658752
16520007,11914822729728,943987658752
16525010,11920895127552,944309702656
16530002,11926950592512,944309702656
16535010,11932843155456,944309702656
16540010,11935886528512,944309702656
16545010,11938185957376,944309702656
16550009,11940407439360,944309702656
16555010,11942804119552,944309702656
16560000,11945401065472,944309702656
16565010,11947727831040,944309702656
16570010,11950130479104,944514478080
16575010,11952319094784,945850052608
16580010,11954504269824,948129099776
16585000,11956677779456,949835051008
16590010,11959807299584,951408521216
16595005,11965616893952,953312866304
16600009,11971851620352,954321563648
16605010,11981182197760,954513485824
16610010,11989182291968,955489480704
16615001,11991752462336,957193302016
16620010,11992895938560,958008045568
16625008,11993348231168,960180187136
16630010,11993993760768,961335603200
16635010,11994281967616,962932912128
16640010,11994595782656,964780716032
16645008,11994777841664,966930640896
16650009,11995071602688,968797646848
16655009,11995485843456,971339460608
16660010,11995851825152,972842807296
16665008,11996208721920,975692869632
16670010,11996721393664,978201522176
16675011,11997469429760,980528754688
16680010,11998373847040,982183849984
16685010,11999304646656,984487784448
16690006,12000315764736,985026031616
16695001,12001174188032,986157445120
16700010,12002145767424,988518576128
16705010,12003556421632,989069733888
16710006,12004533207040,990208176128
16715005,12005485801472,991370555392
16720010,12007387942912,992148582400
16725010,12009020026880,992480161792
16730000,12010454032384,993097789440
16735009,12011575795712,994025074688
16740000,12013454839808,995327848448
16745010,12014922579968,996089081856
16750010,12015951364096,996391727104
16755009,12017733251072,996858654720
16760005,12018696826880,998860484608
16765007,12020049338368,1000279699456
16770010,12021437636608,1000849076224
16775010,12023072133120,1001177067520
16780006,12024515096576,1001775165440
16785009,12026628182016,1002882347008
16790008,12027712167936,1003713146880
16795009,12029173223424,1004220100608
16800010,12030554988544,1004761149440
16805010,12032333524992,1005600043008
16810010,12033611677696,1006532308992
16815010,12035101491200,1006710222848
16820010,12036425715712,1007264575488
16825010,12037524803584,1008015978496
16830010,12038550765568,1009349406720
16835010,12039883456512,1011202699264
16840010,12041189761024,1011665268736
16845010,12042045763584,1012187967488
16850010,12042874998784,1012758867968
16855010,12043272368128,1013892706304
16860010,12043467206656,1016199360512
16865010,12044279967744,1017763082240
16870010,12044962332672,1018067218432
16875010,12045132218368,1020035461120
16880000,12045494919168,1022920421376
16885010,12045846728704,1023757529088
16890001,12046466342912,1024368537600
16895010,12046683422720,1026034659328
16900010,12047298023424,1027687460864
16905010,12047891390464,1028170838016
16910010,12048669483008,1028714852352
16915010,12049646452736,1029718339584
16920010,12050439196672,1031322562560
16925000,12052065435648,1033027956736
16930010,12053645885440,1033514430464
16935009,12055900336128,1033890181120
16940010,12057737879552,1034375458816
16945010,12059728953344,1035065618432
16950010,12061857058816,1036016218112
16955009,12063918997504,1036875280384
16960001,12066504777728,1037356150784
16965010,12069530431488,1038273343488
16970006,12071195226112,1039228301312
16975001,12073283125248,1039818616832
16980010,12075283202048,1040336728064
16985010,12077193613312,1040832311296
16990010,12079066406912,1041140690944
16995010,12082096439296,1041697746944
17000000,12084102180864,1042617266176
17005010,12086226247680,1043570388992
17010010,12088378843136,1044732588032
17015010,12090524221440,1045906124800
17020010,12092765081600,1046601265152
17025010,12095196856320,1046770544640
17030007,12097510531072,1047251005440
17035003,12099517476864,1047772524544
17040007,12101375975424,1048323010560
17045004,12103326789632,1049177731072
17050000,12105428504576,1049707606016
17055010,12108271980544,1050253897728
17060005,12110173605888,1051304505344
17065010,12112208482304,1052507582464
17070009,12114207461376,1053510742016
17075010,12115970088960,1054321651712
17080010,12118011011072,1054621331456
17085010,12120357195776,1054945488896
17090010,12122439819264,1055505313792
17095010,12124316585984,1056283340800
17100010,12126098685952,1056995667968
17105010,12127853244416,1057628663808
17110010,12129816592384,1058033545216
17115010,12132643971072,1058725130240
17120000,12134846988288,1060087410688
17125010,12136599687168,1060980977664
17130010,12138585686016,1061422854144
17135010,12140461809664,1061880868864
17140010,12142009503744,1062148485120
17145010,12144768626688,1062489993216
17150000,12146573860864,1063082618880
17155010,12148382973952,1063760687104
17160009,12150137462784,1064558227456
17165002,12151875305472,1065534533632
17170010,12154422366208,1066269847552
17175010,12156646346752,1066473582592
17180013,12158570950656,1066928615424
17185010,12160573513728,1067367542784
17190010,12162507173888,1067854868480
17195010,12164342136832,1068488814592
17200010,12166522540032,1068876492800
17205000,12168933928960,1069420130304
17210010,12170776231936,1070257565696
17215010,12172717719552,1071301013504
17220002,12174659096576,1072803098624
17225003,12177920798720,1074071564288
17230003,12181557907456,1074421592064
17235010,12185311047680,1074755891200
17240010,12187847118848,1075265564672
17245001,12190295793664,1075901026304
17250000,12192790274048,1076489097216
17255010,12194911563776,1076978667520
17260010,12197388996608,1077310394368
17265010,12200130383872,1077799014400
17270003,12202487869440,1079122726912
17275000,12205089415168,1080573382656
17280010,12206879604736,1081140973568
17285010,12209265188864,1081580032000
17290010,12211162009600,1081829052416
17295006,12213850832896,1082095046656
17300009,12215901421568,1082718277632
17305010,12218055577600,1083240796160
17310008,12220228251648,1083951304704
17315010,12222408355840,1084970913792
17320010,12224380661760,1085833564160
17325001,12226754519040,1087092559872
17330006,12227279839232,1087829577728
17335010,12227885903872,1088251006976
17340010,12228671012864,1088836816896
17345010,12229399793664,1089414123520
17350000,12229648691200,1089946472448
17355010,12231126020096,1092011855872
17360010,12232773476352,1093510205440
17365010,12233171025920,1094342529024
17370010,12233669709824,1094826905600
17375010,12234108145664,1095398772736
17380010,12234597113856,1095715524608
17385010,12234750193664,1096775700480
17390010,12234909331456,1100018765824
17395010,12235563945984,1101006409728
17400010,12236089524224,1101631033344
17405010,12236685570048,1102477955072
17410010,12237318651904,1103014285312
17415010,12237861752832,1103458013184
17420010,12238162518016,1104168833024
17425010,12238498545664,1104974860288
17430010,12239033524224,1107250712576
17435010,12240210735104,1109313015808
17440010,12240930742272,1109908918272
17445010,12241365274624,1110519287808
17450010,12241758326784,1111456600064
17455010,12242286120960,1112287678464
17460010,12242799333376,1113059037184
17465010,12243165306880,1113666605056
17470010,12243882987520,1114032820224
17475010,12244936790016,1116058079232
17480010,12246600691712,1117582577664
17485010,12247167721472,1118433431552
17490007,12247708168192,1119060922368
17495001,12248014442496,1119984930816
17500010,12248389791744,1120606474240
17505010,12249009942528,1121126567936
17510010,12249192624128,1122553106432
17515010,12249914470400,1125325541376
17520000,12250570674176,1127004999680
17525003,12251222532096,1127428198400
17530010,12251696427008,1127838044160
17535010,12252057378816,1128387006464
17540010,12252365701120,1129059045376
17545010,12252504158208,1130551185408
17550010,12253673304064,1132978900992
17555010,12254391078912,1134784974848
17560010,12255169003520,1135061487616
17565008,12255552471040,1135530659840
17570010,12255870312448,1136063991808
17575001,12256197984256,1136838529024
17580010,12256235503616,1138974412800
17585010,12256774635520,1142202814464
17590010,12257339039744,1142842839040
17595008,12257781067776,1143349710848
17600010,12258259156992,1143831777280
17605010,12258646450176,1144415670272
17610010,12258982727680,1145037623296
17615010,12259349450752,1146002509824
17620010,12260103462912,1147384287232
17625010,12260935282688,1149067808768
17630010,12261406507008,1150105047040
17635010,12261997203456,1150597009408
17640010,12262535856128,1151112384512
17645010,12263203328000,1151716921344
17650010,12264219234304,1152045453312
17655010,12264799973376,1152670683136
17660010,12265299374080,1153787826176
17665010,12265635328000,1155973058560
17670010,12267202686976,1158351458304
17675010,12268400726016,1159800147968
17680010,12269038440448,1160567705600
17685010,12269564035072,1161035649024
17690010,12270003081216,1161656324096
17695010,12270424186880,1162253307904
17700010,12270847930368,1162872410112
17705010,12271176470528,1163519545344
17710010,12271662141440,1164305780736
17715010,12272751824896,1166512197632
17720010,12274104082432,1168685846528
17725004,12274733010944,1169759064064
17730010,12275509907456,1170308468736
17735010,12276177321984,1170770939904
17740010,12277342859264,1171105878016
17745010,12277982396416,1171599446016
17750010,12278447284224,1172300451840
17755010,12278966456320,1173099302912
17760006,12279335542784,1174446542848
17765010,12279609712640,1176465805312
17770010,12280571453440,1177994792960
17775010,12282041913344,1179513999360
17780010,12282379309056,1180582842368
17785010,12283074445312,1180997292032
17790010,12283763007488,1181494169600
17795010,12284306202624,1182000631808
17800010,12284838715392,1182307291136
17805010,12285105434624,1183383736320
17810010,12285562171392,1184974983168
17815010,12286409945088,1186813284352
17820010,12287157940224,1188895838208
17825010,12288728084480,1190499815424
17830010,12289237721088,1191248039936
17835006,12290119688192,1191826296832
17840007,12290919153664,1192463388672
17845010,12291803979776,1193175535616
17850010,12292818092032,1194009464832
17855010,12293687775232,1194671345664
17860010,12294990848000,1195088351232
17865010,12296414830592,1196050616320
17870000,12298059902976,1197619253248
17875010,12299888799744,1199398195200
17880010,12301875134464,1201354002432
17885010,12303672545280,1203103174656
17890010,12305517641728,1204229361664
17895010,12306195787776,1204391268352
17900010,12306761097216,1204811878400
17905010,12307539238912,1205389414400
17910010,12308305887232,1205952843776
17915010,12309075943424,1206537080832
17920010,12310169268224,1206902345728
17925010,12311332667392,1208091021312
17930010,12311516790784,1210173935616
17935010,12312103968768,1212291420160
17940006,12313695756288,1214546759680
17945010,12314719694848,1215776329728
17950004,12315385143296,1216470634496
17955010,12316150104064,1216858017792
17960001,12316939874304,1217495552000
17965010,12317807493120,1218169655296
17970010,12318699790336,1218857390080
17975010,12319588245504,1219545272320
17980010,12321172201472,1219937882112
17985010,12323415015424,1221415309312
17990010,12325373755392,1223358058496
17995010,12327234899968,1225169473536
18000010,12329100161024,1227011739648
18005004,12330773606400,1228600119296
18010010,12332068540416,1229486788608
18015010,12332972986368,1229594169344
18020010,12333649686528,1230033244160
18025010,12334405758976,1230569410560
18030010,12335104036864,1231082868736
18035001,12335897079808,1231671070720
18040010,12337300205568,1232042856448
18045010,12338964094976,1232947695616
18050010,12340408360960,1234399547392
18055010,12341249814528,1236493602816
18060010,12342332096512,1238607761408
18065010,12344118788096,1240411607040
18070003,12345966219264,1241288364032
18075010,12346626027520,1241402658816
18080010,12347227537408,1241852071936
18085010,12347975729152,1242405736448
18090010,12348715098112,1242947702784
18095010,12349584588800,1243601948672
18100010,12350855077888,1243960152064
18105010,12352348090368,1244776271872
18110000,12353642622976,1245927395328
18115006,12354760552448,1247281827840
18120010,12355148517376,1249504841728
18125010,12356050685952,1251760459776
18130000,12357540089856,1252921004032
18135010,12358031712256,1253036822528
18140010,12358605414400,1253447553024
18145008,12359345496064,1253995974656
18150010,12360064090112,1254526816256
18155010,12360865701888,1255108841472
18160008,12362126426112,1255474745344
18165010,12363573420032,1256185843712
18170008,12364797435904,1257263468544
18175010,12366072471552,1258388295680
18180010,12366455459840,1260261740544
18185010,12367170592768,1262569525248
18190010,12368392953856,1263867498496
18195008,12369107468288,1264181268480
18200010,12369774485504,1264612577280
18205001,12370435198976,1265081454592
18210010,12371093536768,1265546792960
18215010,12371784491008,1266033381376
18220010,12372892958720,1266405527552
18225003,12374472298496,1267039588352
18230000,12375589179392,1268002328576
18235004,12376734621696,1269178912768
18240010,12376929751040,1270841921536
18245010,12377430233088,1272879812608
18250009,12378866724864,1274161467392
18255010,12379383930880,1274528649216
18260010,12379949289472,1274942525440
18265010,12380615221248,1275422232576
18270010,12381308022784,1275906363392
18275010,12382089121792,1276498726912
18280010,12383515316224,1276939456512
18285010,12385057034240,1277615411200
18290010,12386315472896,1278730883072
18295010,12387447214080,1279881482240
18300000,12387690483712,1281631866880
18305010,12387951153152,1283319549952
18310002,12389226143744,1284661907456
18315010,12389762281472,1284800942080
18320010,12390363332608,1285228613632
18325010,12391099146240,1285751558144
18330010,12391806296064,1286244339712
18335010,12392600797184,1286821072896
18340010,12393884987392,1287218008064
18345002,12395252920320,1287882133504
18350010,12396348436480,1288784007168
18355010,12397488943104,1289746223104
18360010,12398183067648,1291035676672
18365010,12398366896128,1292326309888
18370010,12398947725312,1293343100928
18375010,12399740309504,1294238093312
18380010,12400230170624,1295285096448
18385010,12400851664896,1295708327936
18390010,12401442467840,1296119681024
18395010,12402217107456,1296664268800
18400010,12403520110592,1297039216640
18405010,12404764999680,1297664331776
18410010,12405842722816,1298545758208
18415010,12406465953792,1299476172800
18420010,12406735978496,1300768772096
18425010,12406985342976,1301915947008
18430010,12407589076992,1303452160000
18435001,12408131760128,1304508616704
18440010,12408784293888,1305068376064
18445010,12409501634560,1305583751168
18450010,12410179153920,1306058952704
18455010,12410821709824,1306508578816
18460010,12411909922816,1306812698624
18465010,12413020086272,1307397902336
18470010,12413972717568,1308142981120
18475010,12414970322944,1308920516608
18480010,12415715188736,1309979987968
18485010,12415983902720,1310988603392
18490010,12416355069952,1312449171456
18495010,12417118806016,1313420857344
18500005,12417533386752,1314408992768
18505010,12418119565312,1314823032832
18510008,12418636210176,1315252441088
18515010,12419141873664,1315719417856
18520010,12420220964864,1316058845184
18525010,12421660921856,1316806135808
18530000,12422765793280,1317738369024
18535010,12423905562624,1318697963520
18540000,12425030733824,1319779471360
18545010,12425425719296,1320768983040
18550001,12426030878720,1321291354112
18555010,12426227453952,1323098591232
18560001,12427036925952,1324720541696
18565003,12435450941440,1324909088768
18570000,12443561811968,1326429360128
18575001,12452609941504,1326429372416
18580009,12452668051456,1326954467328
18585008,12452679802880,1327415164928
18590010,12452738867200,1327761354752
18595010,12452799365120,1328179675136
18600009,12452949991424,1328507617280
18605000,12453113958400,1328887922688
18610009,12453321805824,1329114034176
18615010,12453521813504,1329364226048
18620009,12453679214592,1329925722112
18625007,12453858914304,1330242256896
18630009,12454043328512,1330576445440
18635008,12454213681152,1330952835072
18640003,12454407901184,1331350638592
18645007,12454607233024,1331783278592
18650010,12454808993792,1332030083072
18655008,12455026225152,1332243976192
18660010,12455238725632,1332750454784
18665009,12455465537536,1333283618816
18670010,12455718801408,1333284601856
18675010,12455960186880,1333870465024
18680010,12456167579648,1334530334720
18685009,12456348078080,1334531125248
18690004,12456527810560,1335231090688
18695010,12456923336704,1335231725568
18700010,12457184849920,1336003444736
18705010,12457487982592,1336004067328
18710010,12457730207744,1336841461760
18715009,12458054418432,1336842076160
18720010,12458317897728,1337799483392
18725010,12458656694272,1337799970816
18730010,12458857799680,1338612232192
18735006,12459110551552,1338612740096
18740004,12459365363712,1338613215232
18745009,12459664953344,1339776258048
18750004,12460016218112,1339776757760
18755010,12460279463936,1341044305920
18760009,12460632879104,1341044871168
18765010,12460969611264,1341106163712
18770010,12461284700160,1342415781888
18775009,12461633331200,1342416240640
18780010,12461856485376,1343932092416
18785008,12462205898752,1343932604416
18790010,12462568587264,1343933116416
18795010,12462770028544,1344624959488
18800010,12463082459136,1345630613504
18805010,12463448039424,1345631113216
18810010,12463778574336,1345631621120
18815009,12463843487744,1347493912576
18820009,12464201388032,1347494502400
18825010,12464567324672,1347495124992
18830010,12464800092160,1347598581760
18835010,12464886140928,1349612761088
18840010,12465209561088,1349613514752
18845009,12465518784512,1349614288896
18850010,12465756319744,1349711650816
18855010,12465756332032,1350764425216
18860010,12466067931136,1351896793088
18865010,12466384080896,1351897800704
18870010,12466678431744,1351898701824
18875010,12466680446976,1352597528576
18880009,12466810793984,1354307497984
18885010,12467156049920,1354308632576
18890010,12467497598976,1354309656576
18895010,12467815862272,1354310615040
18900006,12468026683392,1354861527040
18905009,12468233170944,1357057441792
18910010,12468567080960,1357058772992
18915010,12468848783360,1357060112384
18920010,12469071101952,1357061455872
18925010,12469109391360,1357458055168
18930010,12469109391360,1358220976128
18935001,12469210660864,1359940313088
18940010,12469432754176,1359941935104
18945010,12469719076864,1359944712192
18950010,12469902127104,1360087904256
18955010,12469903208448,1362088116224
18960009,12470176784384,1362875346944
18965009,12470457671680,1362878001152
18970010,12470674984960,1362936557568
18975010,12470674984960,1363715174400
18980010,12470676029440,1365393674240
18985010,12470937296896,1365664350208
18990010,12471238995968,1365667057664
18995010,12471484481536,1365669511168
19000010,12471531876352,1368010567680
19005010,12471842406400,1368013537280
19010010,12472162816000,1368016326656
19015006,12472497647616,1368043372544
19020010,12472497647616,1368829591552
19025010,12472526221312,1370925895680
19030010,12472870903808,1370928640000
19035010,12473202987008,1370931597312
19040002,12473523625984,1370934419456
19045010,12473617833984,1371629953024
19050010,12473618751488,1373541543936
19055010,12473974566912,1373914959872
19060010,12474356973568,1373917745152
19065009,12474726961152,1373920382976
19070010,12474749177856,1374553788416
19075010,12474749177856,1375795744768
19080010,12475083681792,1376894087168
19085010,12475478024192,1376896425984
19090008,12475851943936,1376898637824
19095010,12476049113088,1377144582144
19100010,12476052799488,1377919102976
19105010,12476225474560,1379921760256
19110009,12476580859904,1379924037632
19115010,12476943376384,1379926888448
19120010,12477246894080,1379929518080
19125003,12477313789952,1380692914176
19130009,12477348958208,1383078363136
19135010,12477722767360,1383081349120
19140010,12478089764864,1383084359680
19145010,12478449504256,1383087656960
19150010,12478559948800,1385624846336
19155007,12478915444736,1385627713536
19160009,12479265890304,1385630904320
19165003,12479614816256,1385634172928
19170010,12479717199872,1386162978816
19175010,12479719559168,1386958209024
19180010,12479784722432,1388515819520
19185010,12480134803456,1388519211008
19190010,12480481705984,1388522405888
19195010,12480849989632,1388525772800
19200010,12480911298560,1389151768576
19205010,12480911298560,1389960581120
19210009,12480967880704,1391494230016
19215010,12481318404096,1391497519104
19220009,12481650860032,1391500787712
19225010,12481991188480,1391503900672
19230010,12482174955520,1391831781376
19235010,12482174955520,1392660779008
19240010,12482228191232,1394429960192
19245010,12482568200192,1394433085440
19250010,12482913914880,1394436263936
19255010,12483262455808,1394439340032
19260010,12483574980608,1394595504128
19265010,12483574980608,1395417833472
19270005,12483648352256,1397460250624
19275009,12484044443648,1397462941696
19280010,12484426043392,1397465853952
19285010,12484795551744,1397468770304
19290010,12485119844352,1397471281152
19295010,12485206855680,1398119677952
19300010,12485268758528,1400601346048
19305010,12485632299008,1400604131328
19310010,12485999661056,1400607244288
19315010,12486338752512,1400609939456
19320010,12486682906624,1400612663296
19325010,12486803591168,1401130610688
19330010,12486840872960,1403840184320
19335010,12487209263104,1403843293184
19340010,12487559380992,1403846152192
19345010,12487919284224,1403849084928
19350009,12488273936384,1403852541952
19355004,12488721633280,1404015579136
19360006,12488729890816,1404802224128
19365009,12488961318912,1407152386048
19370010,12489327464448,1407155789824
19375010,12489668308992,1407159214080
19380009,12490008219648,1407162765312
19385010,12490345512960,1407166570496
19390010,12490709286912,1407739813888
19395010,12490709794816,1410974298112
19400009,12491086598144,1410979700736
19405010,12491447029760,1410982854656
19410010,12491790274560,1410987409408
19415010,12492130566144,1410992390144
19420006,12492576923648,1410996199424
19425010,12492726624256,1411768852480
19430010,12492726624256,1412632764416
19435010,12492742598656,1413494431744
19440004,12492742602752,1414290481152
19445010,12492913360896,1415799652352
19450010,12493276565504,1415804911616
19455010,12493658476544,1415809683456
19460010,12493993455616,1415814664192
19465010,12494333255680,1416200241152
19470010,12494333284352,1417017606144
19475010,12494333321216,1417838215168
19480009,12494404550656,1419915317248
19485010,12494749614080,1419920637952
19490010,12495095922688,1419925413888
19495009,12495500087296,1419930218496
19500010,12495865360384,1419934715904
19505010,12496200171520,1420511367168
19510010,12496204210176,1421312249856
19515010,12496390103040,1423824576512
19520010,12496768643072,1423829790720
19525010,12497138954240,1423835508736
19530003,12497505599488,1423841357824
19535002,12498091732992,1423883497472
19540010,12498112884736,1424672780288
19545010,12498113048576,1425498222592
19550010,12498277433344,1427803766784
19555010,12498610077696,1427808555008
19560008,12498978762752,1427814588416
19565010,12499354083328,1427820666880
19570010,12499641204736,1427825393664
19575010,12499916738560,1428594262016
19580010,12499916738560,1429405319168
19585010,12499916750848,1430306193408
19590010,12499916800000,1431151820800
19595010,12500003307520,1432701308928
19600003,12500391378944,1432707477504
19605010,12500764188672,1432713269248
19610010,12501134512128,1432719028224
19615010,12501494272000,1432725237760
19620010,12501755842560,1433324564480
19625002,12501757472768,1434142093312
19630009,12501798072320,1436839342080
19635010,12502193340416,1436845244416
19640010,12502606901248,1436851601408
19645010,12502991900672,1436858519552
19650009,12503354068992,1436865081344
19655010,12503563378688,1437380796416
19660010,12503581122560,1438200946688
19665010,12503581122560,1439002042368
19670010,12503812329472,1441125412864
19675009,12504185376768,1441131712512
19680010,12504552509440,1441138409472
19685010,12505104572416,1441144643584
19690010,12505599225856,1441392447488
19695010,12505600897024,1442213253120
19700000,12505600897024,1443032469504
19705010,12505600897024,1443919859712
19710010,12505602756608,1444750757888
19715010,12505684107264,1446330634240
19720010,12506095587328,1446336905216
19725010,12506454667264,1446342463488
19730009,12506855878656,1446349357056
19735010,12507215052800,1446356213760
19740010,12507670540288,1446706798592
19745010,12507671736320,1447517200384
19750010,12507679334400,1448302993408
19755010,12507946979328,1450691964928
19760002,12508362092544,1450698317824
19765010,12508767346688,1450704736256
19770010,12509126774784,1450711318528
19775010,12509644742656,1450746601472
19780010,12509749612544,1451530657792
19785010,12509754724352,1452344254464
19790010,12509756342272,1453127491584
19795010,12510065913856,1454814834688
19800009,12510512340992,1454821146624
19805010,12510930583552,1454827442176
19810010,12511370412032,1454833766400
19815012,12511841505280,1454839533568
19820010,12512351584256,1455486865408
19825010,12512351834112,1456278851584
19830002,12512351834112,1457102475264
19835005,12512351850496,1457969926144
19840010,12512419463168,1459625062400
19845010,12512957644800,1459630886912
19850010,12513431953408,1459636670464
19855010,12513886507008,1459642945536
19860010,12514343809024,1459648827392
19865010,12514811781120,1459653423104
19870010,12515720306688,1460453142528
19875010,12515722223616,1461300817920
19880010,12515723059200,1462114267136
19885007,12515945680896,1463997304832
19890010,12516472270848,1464003145728
19895008,12517018316800,1464008634368
19900010,12517566275584,1464015015936
19905010,12518050390016,1464020492288
19910010,12518447173632,1464024289280
19915010,12519230595072,1464826531840
19920010,12519237840896,1465649385472
19925010,12519264796672,1466485854208
19930010,12519358697472,1468843323392
19935010,12519917768704,1468847915008
19940009,12520365314048,1468853256192
19945010,12520879329280,1468858613760
19950010,12521437978624,1468864405504
19955010,12521926615040,1468869074944
19960004,12523109638144,1469108609024
19965010,12523398254592,1469972422656
19970010,12523398254592,1470810415104
19975010,12523398258688,1471609085952
19980010,12523421159424,1472442474496
19985010,12523432849408,1473288888320
19990000,12523472334848,1474572251136
19995007,12523988811776,1474577367040
20000008,12524508606464,1474583875584
20005009,12524995620864,1474589593600
20010009,12525503868928,1474594938880
20015009,12526016348160,1474599882752
20020010,12526994694144,1474779398144
20025010,12527049940992,1475633561600
20030010,12527067914240,1476481843200
20035010,12527083225088,1477302091776
20040010,12527084408832,1478132563968
20045010,12527105830912,1478994984960
20050000,12527301304320,1480415473664
20055009,12527842852864,1480421003264
20060009,12528417996800,1480426094592
20065010,12528904253440,1480431214592
20070010,12529407143936,1480436912128
20075010,12529892966400,1480442597376
20080010,12530411184128,1480446398464
20085008,12531862597632,1481123205120
20090010,12531866382336,1481937342464
20095010,12531866382336,1482766979072
20100010,12531866394624,1483615064064
20105010,12531866406912,1484474585088
20110010,12531929018368,1486190653440
20115010,12532449259520,1486196822016
20120010,12533012238336,1486203899904
20125010,12533615812608,1486210162688
20130010,12534200819712,1486216933376
20135005,12534817837056,1486222860288
20140010,12535883730944,1486573916160
20145010,12535919628288,1487349682176
20150010,12535919628288,1488194785280
20155006,12535926996992,1489057501184
20160010,12535931559936,1489900703744
20165010,12535974838272,1490744692736
20170009,12536259301376,1491959177216
20175010,12537265627136,1491964182528
20180010,12537931354112,1491969687552
20185010,12538526093312,1491975749632
20190010,12539210518528,1491981860864
20195010,12539815251968,1491988590592
20200002,12540921974784,1492040114176
20205010,12541890498560,1492860166144
20210002,12541908897792,1493684985856
20215010,12541908897792,1494523518976
20220010,12541909020672,1495380549632
20225010,12541909024768,1496235663360
20230002,12541953863680,1498048139264
20235010,12542600142848,1498053857280
20240009,12543239426048,1498061271040
20245010,12543845355520,1498067603456
20250009,12544423387136,1498073911296
20255009,12545005371392,1498079195136
20260000,12545618812928,1498083422208
20265010,12546699485184,1498791849984
20270010,12546699534336,1499610247168
20275010,12546770722816,1500409114624
20280010,12546780196864,1501269241856
20285010,12546780364800,1502122504192
20290000,12546831601664,1503906869248
20295005,12547526414336,1503911665664
20300009,12548140253184,1503918161920
20305010,12548693979136,1503923650560
20310010,12549255180288,1503929757696
20315010,12549762678784,1503936454656
20320010,12550361661440,1503942049792
20325010,12551039709184,1503944294400
20330010,12552985985024,1504759185408
20335010,12552987557888,1505572405248
20340010,12552987971584,1506403106816
20345010,12552987979776,1507263807488
20350009,12552991219712,1509884248064
20355009,12553654947840,1509888724992
20360010,12554359660544,1509894295552
20365010,12555210743808,1509901004800
20370010,12555868667904,1509907222528
20375010,12556512559104,1509912309760
20380010,12557087518720,1509918539776
20385010,12557622628352,1509922549760
20390010,12559246966784,1510741831680
20395010,12559246966784,1511564226560
20400005,12559246966784,1512404922368
20405010,12559248371712,1513266606080
20410010,12559288455168,1515779727360
20415010,12559901626368,1515787919360
20420009,12560563228672,1515795374080
20425004,12561504514048,1515801645056
20430004,12562106322944,1515807907840
20435010,12562763898880,1515814203392
20440010,12563367395328,1515820560384
20445010,12564731801600,1516160528384
20450010,12565008936960,1516932247552
20455010,12565040508928,1517737881600
20460010,12565042114560,1518591619072
20465010,12565051314176,1519432642560
20470007,12565113532416,1521576316928
20475010,12565701206016,1521583276032
20480009,12566316032000,1521590325248
20485009,12567013642240,1521597374464
20490010,12567833657344,1521603788800
20495010,12568484454400,1521610723328
20500010,12569090871296,1521616474112
20505010,12570672394240,1521994272768
20510010,12570675310592,1522768760832
20515008,12570678063104,1523589025792
20520010,12570689089536,1524432605184
20525003,12570692145152,1525269417984
20530003,12570767933440,1527230697472
20535010,12571506335744,1527237644288
20540010,12572217405440,1527244664832
20545010,12572874723328,1527251693568
20550009,12573514960896,1527258742784
20555010,12574278356992,1527265140736
20560010,12574895362048,1527269732352
20565010,12576326508544,1528360480768
20570010,12576345079808,1529149026304
20575010,12576359694336,1529981104128
20580000,12576383746048,1530819768320
20585010,12576383942656,1531667869696
20590008,12576637259776,1533173927936
20595009,12577409712128,1533181321216
20600006,12578115760128,1533188714496
20605008,12578845581312,1533195694080
20610010,12579529265152,1533202825216
20615010,12580127883264,1533210648576
20620005,12581318078464,1533690077184
20625010,12581913128960,1534721269760
20630010,12581913128960,1535536128000
20635000,12581913128960,1536391159808
20640010,12581914570752,1537249550336
20645010,12581914574848,1538111381504
20650003,12582607384576,1539105312768
20655010,12583337406464,1539114393600
20660010,12584049238016,1539122880512
20665009,12584732090368,1539130167296
20670010,12585374736384,1539137572864
20675010,12585991147520,1539143749632
20680010,12587553800192,1540500590592
20685010,12587586338816,1541273276416
20690010,12587587010560,1544413802496
20695010,12588372393984,1544421388288
20700010,12589086113792,1544430186496
20705010,12589773164544,1544438292480
20710002,12590490963968,1544445775872
20715010,12591128207360,1544453156864
20720001,12591812026368,1544457482240
20725010,12592987443200,1545356947456
20730010,12593045377024,1546102878208
20735010,12593045377024,1546945638400
20740010,12593088966656,1549590134784
20745009,12593912045568,1549597720576
20750009,12594673324032,1549606707200
20755008,12595431751680,1549614587904
20760010,12596091879424,1549621895168
20765000,12596879138816,1549629247488
20770010,12597556006912,1549635952640
20775009,12599123808256,1550713200640
20780010,12599132221440,1551451463680
20785003,12599152721920,1552262815744
20790010,12599153344512,1553107853312
20795010,12599168991232,1553970520064
20800004,12599221846016,1555245957120
20805010,12600049344512,1555252662272
20810010,12600809644032,1555261448192
20815009,12601561976832,1555268952064
20820004,12602252886016,1555276476416
20825010,12602953162752,1555283996672
20830010,12604502466560,1556211757056
20835010,12604860436480,1557226389504
20840010,12604866629632,1557995241472
20845010,12604878360576,1558823567360
20850010,12604889468928,1559672766464
20855004,12604992892928,1560782757888
20860010,12605308768256,1560862269440
20865010,12605750333440,1560862269440
20870010,12605826899968,1561606127616
20875010,12605902487552,1562211643392
20880010,12605981601792,1562366685184
20885003,12606051778560,1562527174656
20890010,12606120734720,1562690437120
20895010,12606189850624,1562850861056
20900010,12606260817920,1563009064960
20905010,12606330961920,1563166662656
20910010,12606400708608,1563324637184
20915010,12606471409664,1563480104960
20920010,12606543609856,1563635351552
20925010,12606613508096,1563787579392
20930004,12606681198592,1563939639296
20935008,12606748741632,1564091502592
20940008,12606815301632,1564242231296
20945010,12606880681984,1564391784448
20950009,12606955610112,1564514426880
20955010,12608045977600,1564573138944
20959986,12610690621440,1564643127296
