timestamp_ms,physical_bytes,peak_physical_bytes
0,3506656,3506656
5010,637230912,637968216
10008,637230912,637968216
15010,643833664,643833664
20009,1114022248,1142382952
25006,2043716832,2043716832
30010,2872141984,2891458696
35010,4187698192,4663571448
40010,3203118192,4663571448
45010,4254218192,5453969360
50010,4563613720,5453969360
55010,3762142168,5538691840
60010,4961500360,5538691840
65007,3973185768,6339150032
70010,5737480472,6339150032
75010,4439983200,6391071648
80010,6926959736,6962676856
85010,4687923064,7611844232
90010,6848038776,7611844232
95004,5624662696,8342751864
100010,7190170280,8342751864
105000,6036065368,8512719960
110010,8040467544,8512719960
115009,6064393784,8512719960
120010,7814155832,8512719960
125010,6341070896,8593362992
130000,7880265872,8593362992
135010,6357537512,8593362992
140009,7914017512,8593362992
145010,6086857904,8593362992
150009,7820072136,8593362992
155009,6553032288,8593362992
160004,9088194288,9088177904
165007,6884170224,9203210064
170010,8172919688,9203210064
175010,6511860568,9203210064
180010,8250956632,9203210064
185007,6328868128,9203210064
190010,7535238456,9203210064
195010,7142055704,9203210064
200009,7073472280,9203210064
205001,7949295384,9203210064
210001,6651830592,9203210064
215010,8244568384,9203210064
220000,6415541048,9229705944
225003,7652270928,9229705944
230009,8340546384,9229705944
235010,6835430680,9229705944
240010,7344907544,9229705944
245010,8909743408,9270469936
250010,7194961608,9500763800
255008,7395550944,9500763800
260010,8654285136,9500763800
265009,6730000720,9500763800
270000,7053977936,9500763800
275010,6769339136,9886247680
280009,7659072256,9886247680
285010,7635413760,9886247680
290001,6275984704,10047876416
295009,6816574784,10047876416
300009,7982001472,10047876416
305010,6070120200,10047876416
310009,6627536648,10047876416
315010,8691838752,10047876416
320010,6283866464,10047876416
325003,7256617312,10047876416
330010,8563765864,10047876416
335002,6288093920,10047876416
340010,7383593696,10047876416
345008,8982885496,10047876416
350000,6441825496,10047876416
355009,7000683736,10047876416
360009,8577791192,10047876416
365010,5515114144,10047876416
370010,6523778744,10047876416
375010,7160608440,10047876416
380010,7847049344,10047876416
385009,5416106112,10047876416
390010,6576568448,10047876416
395009,7783430272,10047876416
400010,5606455952,10047876416
405010,6899497640,10047876416
410009,7096023720,10047876416
415010,8703900328,10047876416
420005,5777128464,10047876416
425010,7146912808,10047876416
430000,6879345752,10047876416
435010,7132167256,10047876416
440000,7198916200,10047876416
445010,5972672104,10047876416
450010,7408500352,10047876416
455003,8351923840,10047876416
460003,8024555160,10047876416
465000,6995460120,10047876416
470007,7090520088,10047876416
475010,7517421616,10047876416
480008,8881406024,10047876416
485010,7243760336,10047876416
490010,5986976464,10047876416
495009,8017855280,10047876416
500010,8054113384,10047876416
505010,9416148888,10047876416
510008,6491031808,10303523144
515010,5841717528,10303523144
520001,7655475480,10303523144
525007,6638307632,10303523144
530010,8020117856,10303523144
535010,4930964624,10303523144
540006,6843354232,10303523144
545010,6276435088,10303523144
550010,7990578320,10303523144
555008,7746686144,10303523144
560000,7219515040,10303523144
565010,5689200312,10303523144
570010,7529139896,10303523144
575010,7558205112,10303523144
580009,8450756304,10303523144
585010,6125588584,10303523144
590010,7415517288,10303523144
595002,7575294056,10303523144
600010,6724784232,10303523144
605010,8697057384,10303523144
610010,7706890344,10303523144
615010,5076357824,10303523144
620010,7230083776,10303523144
625010,6535434992,10303523144
630006,7928009456,10303523144
635010,7571854088,10303523144
640000,9110999816,10303523144
645000,6322902152,10303523144
650010,6060430472,10303523144
655010,6207984800,10303523144
660010,6512219344,10303523144
665008,7838651624,10303523144
670000,7923422440,10303523144
675010,8912885352,10303523144
680010,6301423256,10303523144
685004,6801757848,10303523144
690003,7239620272,10303523144
695010,6423860912,10303523144
700010,7998248672,10303523144
705010,7234983648,10303523144
710010,6433331320,10303523144
715010,6481549432,10303523144
720010,6227548304,10303523144
725009,7356455056,10303523144
730010,7161813160,10303523144
735009,8388450472,10303523144
740010,8233130536,10303523144
745010,6831544944,10303523144
750003,6884219528,10303523144
755010,6173137592,10303523144
760009,7608048288,10303523144
765010,6897932984,10303523144
770010,7626381984,10303523144
775006,5034302448,10303523144
780010,7000316984,10303523144
785010,7622024320,10303523144
790010,7734926464,10303523144
795001,8442371200,10303523144
800008,8379931776,10303523144
805010,7985389128,10303523144
810008,6885269040,10303523144
815004,7185325664,10303523144
820010,6706929248,10303523144
825000,6908223072,10303523144
830008,8226102880,10303523144
835010,7300849224,10303523144
840005,8342724768,10590527648
845002,7420977288,10590527648
850010,7387127944,10590527648
855003,7014342816,10590527648
860002,7862116512,10590527648
865010,8105255072,10590527648
870010,7189618848,10590527648
875010,7590830648,10590527648
880010,7411720760,10590527648
885006,6718857784,10590527648
890009,6545023544,10590527648
895001,8569545272,10590527648
900010,8071193168,10590527648
905010,7190979152,10590527648
910004,7398843488,10590527648
915010,7440442464,10590527648
920010,6979609696,10590527648
925010,6044197984,10590527648
930010,8444568696,10590527648
935010,7772841080,10590527648
940010,6543271392,10590527648
945000,7009265168,10590527648
950007,6932129296,10590527648
955010,6128526864,10590527648
960010,8697570856,10590527648
965008,7516972560,10590527648
970002,9878185536,10590527648
975010,7080175672,10590527648
980010,6502148176,10590527648
985001,7767992400,10590527648
990006,7592224824,10590527648
995010,7008462880,10590527648
1000010,8495769632,10590527648
1005010,8866326560,10590527648
1010005,8184293408,10590527648
1015010,5570800128,10590527648
1020007,5239876096,10590527648
1025010,7481403928,10590527648
1030001,6456977920,10590527648
1035010,5941275160,10590527648
1040007,8420698648,10590527648
1045007,8282729008,10590527648
1050001,8019700272,10590527648
1055005,7745776176,10590527648
1060010,7264709144,10590527648
1065010,6808545816,10590527648
1070010,7578692120,10590527648
1075010,8056154648,10590527648
1080008,7877388800,10590527648
1085010,5587463064,10590527648
1090010,5281115032,10590527648
1095003,5115898776,10590527648
1100001,5840890800,10590527648
1105001,7296740272,10590527648
1110010,7405710280,10590527648
1115000,7088630728,10590527648
1120000,6849227720,10590527648
1125000,6797749192,10590527648
1130000,6769306568,10590527648
1135003,6988540872,10590527648
1140003,8545430472,10590527648
1145003,8197794760,10590527648
1150010,7527689160,10590527648
1155010,7466773448,10590527648
1160000,8203349416,10590527648
1165009,5887045032,10590527648
1170003,5671005632,10590527648
1175000,6453587392,10590527648
1180005,7270116752,10590527648
1185010,7091252672,10590527648
1190005,8112893376,10590527648
1195010,5183909720,10590527648
1200010,5926252376,10590527648
1205009,5716848496,10590527648
1210010,7566831472,10590527648
1215004,7079374704,10590527648
1220002,7862513544,10590527648
1225000,7231827920,10590527648
1230007,6527447352,10590527648
1235009,6115766584,10590527648
1240003,7196635448,10590527648
1245003,6354514232,10590527648
1250010,7993602360,10590527648
1255000,7756869944,10590527648
1260002,7897411944,10590527648
1265010,7149531520,10590527648
1270000,8821600664,10590527648
1275010,6722187984,10590527648
1280010,6454129360,10590527648
1285010,6213841616,10590527648
1290000,6033781528,10590527648
1295002,6987117360,10590527648
1300010,6460207920,10590527648
1305010,6678623024,10590527648
1310010,7767241496,10590527648
1315010,8524739376,10590527648
1320001,7967814424,10590527648
1325010,5058016552,10590527648
1330010,5473252648,10590527648
1335003,6749173032,10590527648
1340009,6531708224,10590527648
1345001,5621740864,10590527648
1350010,8007169344,10590527648
1355010,7674836288,10590527648
1360010,7852307800,10590527648
1365006,8435561840,10590527648
1370005,5725746880,10590527648
1375010,5486819008,10590527648
1380010,6084884184,10590527648
1385010,7446099696,10590527648
1390003,7238612768,10590527648
1395010,8667494176,10590527648
1400010,7517157608,10590527648
1405002,6395853152,10590527648
1410001,6475118944,10590527648
1415005,7832058232,10590527648
1420008,7121975672,10590527648
1425009,8555559288,10590527648
1430001,5868452552,10590527648
1435004,6417480392,10590527648
1440010,6613711584,10590527648
1445007,6662847224,10590527648
1450008,8219015928,10590527648
1455009,7119715064,10590527648
1460010,6922517600,10590527648
1465008,6977289312,10590527648
1470000,6987611256,10590527648
1475010,8097889400,10590527648
1480010,7248379024,10590527648
1485000,9784491152,10590527648
1490010,9798843992,10590527648
1495010,6246399504,10590527648
1500010,6181748264,10590527648
1505010,7903526512,10590527648
1510010,7045283440,10590527648
1515002,7177043592,10590527648
1520010,9197452936,10590527648
1525010,8615853704,10590527648
1530002,5863161768,10590527648
1535010,5248057280,10590527648
1540009,7924744128,10590527648
1545010,7411466248,10590527648
1550010,6205374520,10590527648
1555003,8737390672,10590527648
1560010,8120434816,10590527648
1565010,7799668864,10590527648
1570010,8898593208,10590527648
1575002,6960513488,10590527648
1580009,6571164112,10590527648
1585010,5940658640,10590527648
1590001,7496368592,10590527648
1595009,6788973152,10590527648
1600004,7131349600,10590527648
1605010,6211224664,10590527648
1610002,6648284248,10590527648
1615010,6970229848,10590527648
1620000,8917582960,10590527648
1625004,7603520624,10590527648
1630010,5681399352,10590527648
1635010,7132726840,10590527648
1640010,5870667344,10590527648
1645010,8673232464,10590527648
1650000,7414482560,10590527648
1655010,10632005656,10632005656
1660010,6850316240,10651617304
1665006,5894195200,10651617304
1670007,8087160808,10651617304
1675006,7173785600,10651617304
1680000,8781301784,10651617304
1685010,8199096824,10651617304
1690010,5257677280,10651617304
1695006,8509639136,10651617304
1700005,7615171064,10651617304
1705009,7245908496,10651617304
1710010,8550599184,10651617304
1715000,8054786864,10651617304
1720010,7965133712,10651617304
1725004,8131840984,10651617304
1730010,6788140016,10651617304
1735010,9115061208,10651617304
1740007,8221952984,10651617304
1745000,5230185744,10651617304
1750010,7029820688,10651617304
1755010,6353898792,10651617304
1760000,7508020664,10651617304
1765010,7083314592,10651617304
1770010,8211877280,10651617304
1775010,5949001528,10651617304
1780010,5343252280,10651617304
1785002,8258703184,10651617304
1790005,7591235456,10651617304
1795001,6691049344,10651617304
1800010,8701448064,10651617304
1805010,8110329728,10651617304
1810010,5452878128,10651617304
1815010,7815205168,10651617304
1820010,7946211656,10651617304
1825010,6771052920,10651617304
1830010,9360167288,10651617304
1835009,8580256120,10651617304
1840010,7343460728,10651617304
1845007,5591634680,10651617304
1850010,5875716856,10651617304
1855000,7486608120,10651617304
1860002,6912971512,10651617304
1865010,6355505912,10651617304
1870007,7595496256,10651617304
1875010,6989140800,10651617304
1880010,8822265072,10651617304
1885001,5799957744,10651617304
1890010,5468149000,10651617304
1895000,6290822384,10651617304
1900008,6372955424,10651617304
1905010,8908477752,10651617304
1910002,8904545592,10651617304
1915005,7754126648,10651617304
1920010,5066905320,10651617304
1925010,7556585192,10651617304
1930010,7209293544,10651617304
1935010,6343268096,10651617304
1940010,8434669336,10651617304
1945010,7951128344,10651617304
1950010,7215093528,10651617304
1955004,7797790488,10651617304
1960004,6267853000,10651617304
1965007,5850699976,10651617304
1970003,7218206920,10651617304
1975003,7698077920,10651617304
1980006,6790011128,10651617304
1985010,8936085776,10651617304
1990010,8584583440,10651617304
1995009,6121446056,10651617304
2000002,5340797608,10651617304
2005010,7695522448,10651617304
2010007,7088544424,10651617304
2015007,6170827480,10651617304
2020004,8442157784,10651617304
2025010,7850564312,10651617304
2030000,8029280960,10651617304
2035001,5635415104,10651617304
2040008,6271032384,10651617304
2045000,5705849968,10651617304
2050001,7970692256,10651617304
2055010,7958846624,10651617304
2060010,7149821088,10651617304
2065010,9434455200,10651617304
2070009,6797123032,10651617304
2075010,6233939416,10651617304
2080004,6662217200,10651617304
2085010,6444277232,10651617304
2090008,8539119136,10651617304
2095010,7603592736,10651617304
2100000,8437358304,10651617304
2105005,7886331952,10651617304
2110010,7460479024,10651617304
2115003,7632035888,10651617304
2120010,7433609336,10651617304
2125010,7372808312,10651617304
2130004,7509958848,10651617304
2135008,9234112704,10651617304
2140010,9020547288,10651617304
2145000,6307406424,10651617304
2150010,5963883096,10651617304
2155010,6315958872,10651617304
2160003,7596614208,10651617304
2165008,7849189976,10651617304
2170008,9014583968,10651617304
2175002,8691163856,10651617304
2180000,7909941992,10651617304
2185008,4916962456,10651617304
2190004,7665083544,10651617304
2195010,7075292312,10651617304
2200008,7519446192,10651617304
2205001,7966205104,10651617304
2210010,7851582664,10651617304
2215000,8948278448,10651617304
2220006,8630920368,10651617304
2225000,5851080288,10651617304
2230004,5546354272,10651617304
2235010,5868807776,10651617304
2240010,7233644128,10651617304
2245008,6750742136,10651617304
2250007,6733670056,10651617304
2255000,8890295952,10651617304
2260002,9272944296,10651617304
2265010,8595973800,10651617304
2270010,6057846728,10651617304
2275004,5537277944,10651617304
2280010,7711696888,10651617304
2285005,7344498752,10651617304
2290010,6841018408,10651617304
2295000,8583997504,10651617304
2300008,9101551704,10651617304
2305002,8575101016,10651617304
2310010,7695525976,10651617304
2315000,6375483816,10651617304
2320010,7707978152,10651617304
2325000,7359310272,10651617304
2330010,7140026864,10651617304
2335006,6098119152,10651617304
2340002,8906123760,10651617304
2345005,8856824328,10651617304
2350002,7927425592,10651617304
2355009,7707241016,10651617304
2360003,7779920920,10720357328
2365005,7638166552,10720357328
2370003,6873263128,10720357328
2375010,6319320136,10720357328
2380003,8528620616,10720357328
2385003,8172530760,10720357328
2390003,7986539616,10720357328
2395010,7227731040,10720357328
2400010,8908958816,10720357328
2405010,6481145408,10720357328
2410008,5996375616,10720357328
2415010,5750877760,10720357328
2420009,7073214016,10720357328
2425008,7057747520,10720357328
2430010,6492401240,10720357328
2435001,8819781208,10720357328
2440010,9084677720,10720357328
2445000,8123870784,10720357328
2450010,7399386688,10720357328
2455000,5626032232,10720357328
2460010,7169667176,10720357328
2465010,6870659176,10720357328
2470007,6044020840,10720357328
2475000,6929690728,10720357328
2480009,7495331944,10720357328
2485010,7333228648,10720357328
2490007,7469690984,10720357328
2495010,9185374288,10720357328
2500007,8616439888,10720357328
2505002,5906788840,10720357328
2510003,5672841704,10720357328
2515000,5651902952,10720357328
2520010,7385330176,10720357328
2525010,6821392920,10720357328
2530010,6674854424,10720357328
2535010,7762178608,10720357328
2540010,7641887280,10720357328
2545008,7221752368,10720357328
2550006,9142825520,10720357328
2555003,9227826120,10720357328
2560009,7275246488,10720357328
2565010,7085093784,10720357328
2570010,7023997896,10720357328
2575010,8200451016,10720357328
2580005,9560847304,10720357328
2585010,9137320928,10720357328
2590010,8604578760,10720357328
2595008,7560803296,10720357328
2600002,7889253368,10720357328
2605010,7806842352,10887001464
2610007,7475262960,10887001464
2615010,7629665776,10887001464
2620010,7380170224,10887001464
2625010,6768211464,10887001464
2630003,9233757704,10887001464
2635010,9042556424,10887001464
2640005,8530802184,10887001464
2645010,7617754632,10887001464
2650001,9844454920,10887001464
2655010,8173287376,11109087280
2660010,7778351056,11109087280
2665010,7264860112,11109087280
2670010,6466828240,11109087280
2675000,7954298880,11109087280
2680010,8121907224,11109087280
2685005,7527528472,11109087280
2690010,8664856576,11109087280
2695010,8862431232,11109087280
2700010,8518203392,11109087280
2705010,5818284416,11109087280
2710010,5554485632,11109087280
2715010,7750760832,11109087280
2720000,7930722688,11109087280
2725010,7511177696,11109087280
2730000,6732151264,11109087280
2735009,9916365304,11109087280
2740007,10104158712,11109087280
2745010,9024731640,11109087280
2750003,8490842616,11109087280
2755001,5611240432,11109087280
2760010,5603359728,11109087280
2765004,8654240728,11109087280
2770010,8433531864,11109087280
2775003,7930526680,11109087280
2780006,7356398552,11109087280
2785001,6986873864,11109087280
2790000,9751542792,11109087280
2795010,10148445192,11109087280
2800010,9231825928,11109087280
2805010,8743648264,11109087280
2810002,6221856280,11109087280
2815010,5642550808,11109087280
2820010,7782940184,11109087280
2825010,8106769992,11109087280
2830002,7643266632,11109087280
2835003,6918651464,11109087280
2840003,7024279136,11109087280
2845009,8646278752,11109087280
2850010,8293826144,11109087280
2855010,7528496736,11109087280
2860002,5280972744,11109087280
2865010,7504314312,11109087280
2870008,7300628424,11109087280
2875001,6649479112,11109087280
2880010,5961318416,11109087280
2885000,9382166544,11109087280
2890010,9169551400,11109087280
2895007,8337506344,11109087280
2900007,7241875496,11109087280
2905010,10415177768,11109087280
2910004,8084406576,11117117888
2915010,7656374600,11117117888
2920010,7027556680,11117117888
2925010,6369132896,11117117888
2930010,9095545208,11117117888
2935010,8984412608,11117117888
2940009,9061777856,11117117888
2945008,8799535576,11117117888
2950010,8875606488,11117117888
2955010,6959826088,11117117888
2960006,7213139112,11117117888
2965007,6864667816,11117117888
2970009,6192432296,11117117888
2975002,8072299736,11117117888
2980010,7857751280,11117117888
2985010,7382549744,11117117888
2990000,7025067248,11117117888
2995010,10106373336,11117117888
3000010,9761604824,11117117888
3005010,9165735128,11117117888
3010008,6633260656,11117117888
3015009,6213715568,11117117888
3020003,6563743344,11117117888
3025010,8898217608,11117117888
3030010,8953923232,11117117888
3035010,8559953568,11117117888
3040010,8048756408,11117117888
3045000,7371900576,11117117888
3050004,7156500176,11117117888
3055010,10410542800,11117117888
3060001,10416441040,11117117888
3065010,10243704528,11117117888
3070000,10037511912,11117117888
3075010,7272646808,11117117888
3080010,7065651352,11117117888
3085010,6664358040,11117117888
3090010,6009276568,11117117888
3095010,5670881456,11117117888
3100000,8791034032,11117117888
3105003,8638220464,11117117888
3110010,8343898288,11117117888
3115008,7958415560,11117117888
3120010,7632210120,11117117888
3125001,7205472456,11117117888
3130006,6733891784,11117117888
3135010,8339917000,11117117888
3140010,8934901960,11117117888
3145010,8598603976,11117117888
3150010,6256921136,11117117888
3155010,5988878896,11117117888
3160010,5888100912,11117117888
3165010,5537204784,11117117888
3170010,7970146864,11117117888
3175010,8458193504,11117117888
3180003,8351631968,11117117888
3185000,7921027680,11117117888
3190010,7615629920,11117117888
3195010,6843255392,11117117888
3200003,6766545504,11117117888
3205009,8682572384,11117117888
3210003,8344144480,11117117888
3215010,8947960800,11117117888
3220010,5369236472,11117117888
3225010,5194337272,11117117888
3230010,8117259256,11117117888
3235010,8007371792,11117117888
3240001,7853968400,11117117888
3245006,7625329704,11117117888
3250000,7242370112,11117117888
3255010,6918360128,11117117888
3260010,6550178880,11117117888
3265010,7511215144,11117117888
3270000,10171059264,11117117888
3275010,9691483224,11117117888
3280010,9422228568,11117117888
3285010,9051950168,11117117888
3290003,8800603224,11117117888
3295010,8498842736,11117117888
3300008,8319798408,11117117888
3305004,5697850984,11117117888
3310010,5471522408,11117117888
3315005,5370924648,11117117888
3320010,6976458344,11117117888
3325010,7779241576,11117117888
3330004,7544884840,11117117888
3335007,7363317352,11117117888
3340010,7195364992,11117117888
3345003,6964596328,11117117888
3350010,6667718248,11117117888
3355002,6348787304,11117117888
3360010,6200774248,11117117888
3365010,7429787240,11117117888
3370008,8168689256,11117117888
3375010,8046186088,11117117888
3380004,7924059752,11117117888
3385001,7805718120,11117117888
3390010,7604440680,11117117888
3395010,7434374784,11117117888
3400010,7131090560,11117117888
3405010,7752978048,11117117888
3410010,9543422024,11117117888
3415010,8172392568,11117117888
3420010,8421019792,11117117888
3425010,8388890768,11117117888
3430008,8024674448,11117117888
3435010,7716147344,11117117888
3440010,7456575632,11117117888
3445003,6929715344,11117117888
3450010,6607835304,11117117888
3455000,7083856040,11117117888
3460010,9407156392,11117117888
3465004,9404387496,11117117888
3470010,9067155624,11117117888
3475007,8603472040,11117117888
3480010,8288637072,11117117888
3485010,7686557840,11117117888
3490008,6016373312,11117117888
3495008,5858562624,11117117888
3500010,7039062592,11117117888
3505004,6958764632,11117117888
3510005,6589420144,11117117888
3515010,6063100528,11117117888
3520000,7382454896,11117117888
3525010,9478443632,11117117888
3530009,9283637872,11117117888
3535010,9187414640,11117117888
3540010,9027113584,11117117888
3545010,8543605360,11117117888
3550010,8533054088,11117117888
3555009,7802425968,11117117888
3560010,7529009776,11117117888
3565010,7351767664,11117117888
3570008,6881317920,11117117888
3575010,7982388256,11117117888
3580010,7893308448,11117117888
3585008,7574098976,11117117888
3590010,7216616504,11117117888
3595000,7014208592,11117117888
3600007,6482056272,11117117888
3605010,6179116112,11117117888
3610009,8223675472,11117117888
3615010,9005831272,11117117888
3620010,8821724264,11117117888
3625010,8453002344,11117117888
3630010,8105825384,11117117888
3635010,7709709416,11117117888
3640010,7352505472,11117117888
3645000,8997541256,11117117888
3650010,8256591456,11117117888
3655010,8556516960,11117117888
3660004,8224118392,11117117888
3665004,7916344952,11117117888
3670008,7476172408,11117117888
3675002,6901683832,11117117888
3680010,6533781112,11117117888
3685010,6263690872,11117117888
3690002,8680658552,11117117888
3695003,8764429944,11117117888
3700008,8655165048,11117117888
3705001,8387745400,11117117888
3710010,7798052472,11117117888
3715009,7382963832,11117117888
3720010,6072342520,11117117888
3725010,6741972984,11117117888
3730010,6886610936,11117117888
3735010,6409820152,11117117888
3740003,6168975328,11117117888
3745008,5680224224,11117117888
3750000,8331696096,11117117888
3755010,8188909560,11117117888
3760010,7737169912,11117117888
3765000,7526488056,11117117888
3770008,6847092752,11117117888
3775009,9803814952,11117117888
3780010,10146011176,11117117888
3785010,9919666216,11117117888
3790008,7266048424,11117117888
3795009,7034100136,11117117888
3800002,6390618512,11117117888
3805010,5913401792,11117117888
3810010,7823202776,11117117888
3815010,8906086872,11117117888
3820008,8634177984,11117117888
3825008,8271780288,11117117888
3830010,7766923712,11117117888
3835007,7387208128,11117117888
3840010,7083284976,11117117888
3845008,10660223496,11117117888
3850004,8282397648,11475327928
3855010,8018910160,11475327928
3860001,7669373904,11475327928
3865010,7218256848,11475327928
3870003,6764895184,11475327928
3875010,6263380992,11475327928
3880010,6068476928,11475327928
3885009,7371971584,11475327928
3890007,7078763520,11475327928
3895010,6935010328,11475327928
3900010,6506667032,11475327928
3905000,8293211160,11475327928
3910010,8489491480,11475327928
3915005,8132500504,11475327928
3920010,7832460312,11475327928
3925007,7572495384,11475327928
3930010,5137079800,11475327928
3935002,5200436728,11475327928
3940000,5514862072,11475327928
3945010,5843000824,11475327928
3950005,5559672312,11475327928
3955004,6001794552,11475327928
3960010,6636756472,11475327928
3965000,6599368184,11475327928
3970003,6421487096,11475327928
3975010,6990323192,11475327928
3980000,7456087544,11475327928
3985010,6825762296,11475327928
3990010,7943822840,11475327928
3995000,7823613432,11475327928
4000010,7659249168,11475327928
4005001,5075115992,11475327928
4010010,6372220888,11475327928
4015010,6457090008,11475327928
4020010,6137077720,11475327928
4025005,5804531672,11475327928
4030009,6465445872,11475327928
4035009,6313418736,11475327928
4040008,6551068656,11475327928
4045010,7523213296,11475327928
4050010,7875813360,11475327928
4055004,7309172720,11475327928
4060006,7660036080,11475327928
4065010,8717213680,11475327928
4070000,6891446736,11475327928
4075006,6682829216,11475327928
4080010,6399910304,11475327928
4085004,6112649632,11475327928
4090005,6270984632,11475327928
4095004,6987817400,11475327928
4100010,8573149624,11475327928
4105009,7886791120,11475327928
4110003,7390962128,11475327928
4115007,6917398992,11475327928
4120010,7931339192,11475327928
4125010,6385083264,11475327928
4130010,6190965632,11475327928
4135003,5827535744,11475327928
4140010,5394588544,11475327928
4145006,6864413568,11475327928
4150006,6512911232,11475327928
4155007,6041887664,11475327928
4160010,7885939632,11475327928
4165009,8737530800,11475327928
4170000,8243766192,11475327928
4175010,7777854408,11475327928
4180008,7373530032,11475327928
4185010,9508086704,11475327928
4190009,7080125744,11475327928
4195003,6784197936,11475327928
4200010,6254699824,11475327928
4205000,5889484104,11475327928
4210010,7366419784,11475327928
4215008,7013426504,11475327928
4220001,6545663376,11475327928
4225001,7504274832,11475327928
4230010,7904175504,11475327928
4235000,7685186984,11475327928
4240009,7413556648,11475327928
4245010,7330604456,11475327928
4250010,7108322728,11475327928
4255010,7012246952,11475327928
4260000,8341382568,11475327928
4265010,8962598312,11475327928
4270010,6334179256,11475327928
4275010,6106589112,11475327928
4280007,5718648760,11475327928
4285002,5452916664,11475327928
4290001,7951411128,11475327928
4295010,7546464208,11475327928
4300007,7306291176,11475327928
4305010,6802188264,11475327928
4310001,6865446888,11475327928
4315010,8620320744,11475327928
4320004,8207214568,11475327928
4325000,7710107624,11475327928
4330010,7238658024,11475327928
4335010,5633485256,11475327928
4340010,6094334408,11475327928
4345008,5669939656,11475327928
4350010,6178122184,11475327928
4355002,7314172360,11475327928
4360002,6934555080,11475327928
4365010,6559541704,11475327928
4370003,7610395080,11475327928
4375000,8795810272,11475327928
4380002,8522852832,11475327928
4385010,7907224032,11475327928
4390009,7543466560,11475327928
4395005,6043528104,11475327928
4400010,7417162664,11475327928
4405006,7034153896,11475327928
4410010,6788000680,11475327928
4415005,6165277608,11475327928
4420003,6616624064,11475327928
4425010,9143102448,11475327928
4430000,9042144264,11475327928
4435010,8665574408,11475327928
4440010,8108338184,11475327928
4445005,7665445896,11475327928
4450010,7282093064,11475327928
4455002,7157836808,11475327928
4460010,7544892424,11475327928
4465003,5876166024,11475327928
4470010,5873282440,11475327928
4475010,5827571080,11475327928
4480005,5577207176,11475327928
4485006,6169259400,11475327928
4490006,7025274248,11475327928
4495010,6641053088,11475327928
4500010,6540701088,11475327928
4505007,6696365472,11475327928
4510001,7002434976,11475327928
4515000,7598878112,11475327928
4520003,7735143840,11475327928
4525001,7496396192,11475327928
4530010,7276490144,11475327928
4535004,5247495872,11475327928
4540010,5827276480,11475327928
4545010,5767081664,11475327928
4550010,6212218560,11475327928
4555006,6054129344,11475327928
4560010,6009237184,11475327928
4565010,5788937944,11475327928
4570010,6682029784,11475327928
4575006,7023898328,11475327928
4580010,6833712928,11475327928
4585002,7546416928,11475327928
4590002,8782802744,11475327928
4595010,8368041784,11475327928
4600006,8491806520,11475327928
4605010,7806414648,11475327928
4610010,5428638048,11475327928
4615010,6692041056,11475327928
4620006,7661646176,11475327928
4625010,7339929952,11475327928
4630010,7095529824,11475327928
4635009,6610792800,11475327928
4640006,6107033952,11475327928
4645009,7779938656,11475327928
4650010,7452602744,11475327928
4655004,7176335736,11475327928
4660010,6659142008,11475327928
4665010,9232380280,11475327928
4670010,9674650000,11475327928
4675010,9824252640,11475327928
4680009,6829880056,11475327928
4685009,6618903288,11475327928
4690007,6103954168,11475327928
4695007,5965230864,11475327928
4700010,7299756840,11475327928
4705010,7001060112,11475327928
4710010,6506935080,11475327928
4715001,8162669400,11475327928
4720001,8872063832,11475327928
4725010,8381920088,11475327928
4730006,8301310784,11475327928
4735010,8527541056,11475327928
4740002,7893611808,11475327928
4745008,6495810824,11475327928
4750009,6357234952,11475327928
4755010,6229947656,11475327928
4760007,6729037064,11475327928
4765005,8035579144,11475327928
4770006,7644443912,11475327928
4775008,7289533704,11475327928
4780010,6790149408,11475327928
4785010,8624534816,11475327928
4790009,8850421024,11475327928
4795009,8368092448,11475327928
4800005,7911945528,11475327928
4805003,5462816536,11475327928
4810001,5166675736,11475327928
4815000,8646473496,11475327928
4820010,8438675200,11475327928
4825010,8013330200,11475327928
4830002,7589574448,11475327928
4835010,6825342768,11475327928
4840010,6567294768,11475327928
4845004,7733901104,11475327928
4850010,9953343280,11475327928
4855001,9977952048,11475327928
4860000,9764599600,11475327928
4865007,9971758896,11475327928
4870003,9443981104,11475327928
4875010,6976616600,11475327928
4880010,6613661848,11475327928
4885002,6483064984,11475327928
4890010,6348388504,11475327928
4895010,6225377432,11475327928
4900010,6162806936,11475327928
4905002,6069254296,11475327928
4910001,6019070104,11475327928
4915001,5905135768,11475327928
4920010,5625297048,11475327928
4925004,8316401816,11475327928
4930005,8584149144,11475327928
4935001,8037841048,11475327928
4940002,7215790256,11475327928
4945010,7232207024,11475327928
4950010,8668592328,11475327928
4955000,9307846856,11475327928
4960000,8926296240,11475327928
4965010,6548404808,11475327928
4970008,6690454088,11475327928
4975007,6290602568,11475327928
4980004,6197738056,11475327928
4985003,6064749128,11475327928
4990010,7055653448,11475327928
4995000,8205384264,11475327928
5000010,7927986808,11475327928
5005003,8199469688,11475327928
5010004,7986821752,11475327928
5015010,8674015864,11475327928
5020010,8250620536,11475327928
5025000,8673459192,11475327928
5030008,5371968504,11475327928
5035010,6559185912,11475327928
5040008,7958936568,11475327928
5045010,7514143712,11475327928
5050008,6980140024,11475327928
5055010,6517423120,11475327928
5060000,7815478336,11475327928
5065010,8366210136,11475327928
5070002,8020720728,11475327928
5075009,7734377560,11475327928
5080002,7222426712,11475327928
5085000,7874559040,11475327928
5090010,6985170320,11475327928
5095010,6819347880,11475327928
5100008,6468615592,11475327928
5105009,6131629480,11475327928
5110000,8353218056,11475327928
5115003,8448687648,11475327928
5120000,7922712096,11475327928
5125010,7768391224,11475327928
5130010,6965214776,11475327928
5135000,9848602168,11475327928
5140010,9718840912,11475327928
5145010,9158164048,11475327928
5150010,6440501176,11475327928
5155010,6028885944,11475327928
5160010,5916770256,11475327928
5165000,7963262928,11475327928
5170008,7850377192,11475327928
5175000,7212302336,11475327928
5180010,6646939672,11475327928
5185002,9628467224,11475327928
5190001,9463070768,11475327928
5195005,9060401200,11475327928
5200010,8460271664,11475327928
5205004,8439595608,11475327928
5210000,5474288192,11475327928
5215010,5184176704,11475327928
5220010,7833420352,11475327928
5225004,8648901184,11475327928
5230009,8131412520,11475327928
5235009,7677231656,11475327928
5240009,7002899008,11475327928
5245003,6534070848,11475327928
5250008,7793443392,11475327928
5255010,7822246488,11475327928
5260000,7432340056,11475327928
5265009,10132423472,11475327928
5270007,7526581016,11475327928
5275010,7190053656,11475327928
5280010,7005373208,11475327928
5285008,6331925296,11475327928
5290010,6349800312,11475327928
5295010,7016317840,11475327928
5300010,7326139304,11475327928
5305010,7051821968,11475327928
5310010,7568573328,11475327928
5315007,8202224528,11475327928
5320000,7971275712,11475327928
5325010,8074691520,11475327928
5330010,5787960688,11475327928
5335010,6609306992,11475327928
5340002,6932628872,11475327928
5345004,7774078368,11475327928
5350010,7261881760,11475327928
5355000,6977979880,11475327928
5360010,6279349736,11475327928
5365000,6185600512,11475327928
5370003,9046558208,11475327928
5375005,9330918912,11475327928
5380010,8977794560,11475327928
5385006,8578450944,11475327928
5390010,7777076736,11475327928
5395001,5740382008,11475327928
5400009,8147191608,11475327928
5405009,7899203384,11475327928
5410010,7507642168,11475327928
5415010,6968887096,11475327928
5420006,6374311736,11475327928
5425010,8780449592,11475327928
5430010,9390131048,11475327928
5435004,8829224832,11475327928
5440010,8207910808,11475327928
5445009,7619938200,11475327928
5450001,5915822408,11475327928
5455005,7803390280,11475327928
5460008,7327762760,11475327928
5465004,7025232200,11475327928
5470000,6195235168,11475327928
5475001,8904214880,11475327928
5480003,8930134368,11475327928
5485010,8446167392,11475327928
5490005,7916423544,11475327928
5495003,7223871864,11475327928
5500005,8705526136,11475327928
5505001,6816697104,11475327928
5510010,6492146448,11475327928
5515010,6126553872,11475327928
5520001,6267947792,11475327928
5525004,7754025768,11475327928
5530001,7271566144,11475327928
5535000,6931598144,11475327928
5540007,6761630528,11475327928
5545010,9482750784,11475327928
5550008,9117223768,11475327928
5555010,8549649240,11475327928
5560001,8348289880,11475327928
5565009,5530225880,11475327928
5570010,5953260760,11475327928
5575009,8353582296,11475327928
5580008,8028736728,11475327928
5585010,7375162584,11475327928
5590008,6685887728,11475327928
5595003,6834195720,11475327928
5600006,8066632968,11475327928
5605003,7541411080,11475327928
5610010,7538167048,11475327928
5615001,10063891720,11475327928
5620001,10753756520,11475327928
5625010,7503203976,11475327928
5630010,7119425160,11475327928
5635009,6509088416,11475327928
5640005,5817290424,11475327928
5645010,8934936248,11475327928
5650010,8587529912,11475327928
5655010,8096222928,11475327928
5660007,7429869264,11475327928
5665009,7049826000,11475327928
5670010,8872611536,11475327928
5675010,8602783848,11475327928
5680010,5917331608,11475327928
5685009,5853761688,11475327928
5690004,5419339928,11475327928
5695010,7190827160,11475327928
5700010,6753931440,11475327928
5705010,6567334064,11475327928
5710010,6452924592,11475327928
5715010,6318674096,11475327928
5720003,6139269320,11475327928
5725010,7914606792,11475327928
5730006,9258160328,11475327928
5735010,9065418952,11475327928
5740000,8974241992,11475327928
5745010,8807452872,11475327928
5750010,8719126728,11475327928
5755010,8624165064,11475327928
5760000,8551157960,11475327928
5765007,8343670984,11475327928
5770010,7991791816,11475327928
5775002,7740248264,11475327928
5780010,7466307784,11475327928
5785006,7287623880,11475327928
5790008,6537613872,11475327928
5795004,6784684592,11475327928
5800010,6820172336,11475327928
5805005,6683562544,11475327928
5810004,6129111600,11475327928
5815010,5792764536,11475327928
5820000,8366953080,11475327928
5825010,8788906616,11475327928
5830003,8403767952,11475327928
5835010,8022053520,11475327928
5840010,7463719568,11475327928
5845010,7072682640,11475327928
5850010,7773295248,11475327928
5855007,9734787728,11475327928
5860003,9488667280,11475327928
5865010,8210502696,11475327928
5870004,7213765600,11475327928
5875010,6985667552,11475327928
5880010,6583587808,11475327928
5885004,6271636448,11475327928
5890000,6086890464,11475327928
5895010,9803502560,11475327928
5900010,9461388256,11475327928
5905006,9084097528,11475327928
5910010,8686769144,11475327928
5915002,8263914488,11475327928
5920005,7881004072,11475327928
5925009,7524930600,11475327928
5930010,7178146880,11475327928
5935000,7641568344,11475327928
5940003,8512672880,11475327928
5945008,6090642928,11475327928
5950010,5771793904,11475327928
5955008,5508830704,11475327928
5960010,6957749744,11475327928
5965010,7304386032,11475327928
5970003,6957274632,11475327928
5975002,6847337992,11475327928
5980010,6134765064,11475327928
5985010,6117348872,11475327928
5990000,6167762440,11475327928
5995010,6176429576,11475327928
6000010,6721328648,11475327928
6005010,8267175456,11475327928
6010001,8018843168,11475327928
6015008,7648040504,11475327928
6020001,7401756216,11475327928
6025001,5233694624,11475327928
6030010,6616471456,11475327928
6035010,6707353504,11475327928
6040010,6567860128,11475327928
6045010,6063265696,11475327928
6050000,7008737208,11475327928
6055010,7155341240,11475327928
6060010,6861133752,11475327928
6065001,7479891896,11475327928
6070010,7791122360,11475327928
6075010,7443027896,11475327928
6080010,7154046904,11475327928
6085003,9074202552,11475327928
6090010,10346338664,11475327928
6095010,7686723992,11475327928
6100010,7517411736,11475327928
6105010,7342889368,11475327928
6110010,6901389720,11475327928
6115009,6696868248,11475327928
6120001,6461151640,11475327928
6125010,6372809112,11475327928
6130010,6229842328,11475327928
6135010,6155803032,11475327928
6140010,6073063832,11475327928
6145010,5841803672,11475327928
6150002,5691480472,11475327928
6155010,6803806616,11475327928
6160006,9222511000,11475327928
6165010,9143753112,11475327928
6170000,8702892440,11475327928
6175010,8000575920,11475327928
6180004,7269210544,11475327928
6185010,8808470960,11475327928
6190010,9986267592,11475327928
6195009,7521459064,11475327928
6200010,7141710712,11475327928
6205010,6541761400,11475327928
6210005,6091217784,11475327928
6215002,8654396304,11475327928
6220003,9539165072,11475327928
6225003,9300188048,11475327928
6230006,8701959080,11475327928
6235009,7988239272,11475327928
6240000,9024166824,11475327928
6245000,10747419560,11475327928
6250000,9154420080,11475327928
6255010,7495621904,11475327928
6260010,6987177232,11475327928
6265010,8253431056,11475327928
6270010,9533037840,11475327928
6275010,8866405720,11475327928
6280004,7860919640,11475327928
6285000,7740464496,11475327928
6290004,9969311136,11475327928
6295007,9228148128,11475327928
6300007,8466734496,11475327928
6305010,7733435784,11475327928
6310001,9204243848,11475327928
6315010,12246162848,12282502560
6320010,12617031408,12616998640
6325008,9630310176,12754788080
6330010,9220218656,12754788080
6335002,8734531360,12754788080
6340010,7603248928,12754788080
6345010,6402219832,12754788080
6350010,9063636816,12754788080
6355010,9479446376,12754788080
6360010,9123716968,12754788080
6365008,8476106600,12754788080
6370005,10222739304,12754788080
6375000,12464840576,12754788080
6380010,12085632896,12754788080
6385010,11684913024,12754788080
6390010,11264434048,12754788080
6395001,10094322232,12754788080
6400010,8355996144,12754788080
6405001,7886938608,12754788080
6410010,7524442608,12754788080
6415007,6462906864,12754788080
6420000,8063246832,12754788080
6425010,7678665224,12754788080
6430002,7753474592,12754788080
6435000,8690131512,12754788080
6440010,8414995000,12754788080
6445010,7766090272,12754788080
6450000,7056450080,12754788080
6455010,9665028664,12754788080
6460009,9246679608,12754788080
6465000,9222808480,12754788080
6470009,5867643832,12754788080
6475004,6040265656,12754788080
6480010,7649698744,12754788080
6485010,7199155152,12754788080
6490010,7771907096,12754788080
6495004,8377066520,12754788080
6500010,7962485784,12754788080
6505001,7569597464,12754788080
6510000,8666194968,12754788080
6515010,12038841392,12754788080
6520010,11576894536,12754788080
6525006,10838418504,12754788080
6530005,8216700408,12754788080
6535010,7765353976,12754788080
6540005,7334913528,12754788080
6545000,6921299448,12754788080
6550010,6260696568,12754788080
6555004,10201015824,12754788080
6560002,10072876560,12754788080
6565010,9493505552,12754788080
6570009,9067767312,12754788080
6575010,8951965248,12754788080
6580000,8194893376,12754788080
6585002,6376236968,12754788080
6590010,7209920424,12754788080
6595005,6992029608,12754788080
6600010,7205283752,12754788080
6605010,11120125936,12754788080
6610010,10581239840,12754788080
6615010,9827428384,12754788080
6620010,6882109784,12754788080
6625008,6337112408,12754788080
6630008,5877967192,12754788080
6635010,7804807536,12754788080
6640010,7617833376,12754788080
6645010,6890678736,12754788080
6650010,11444808192,12754788080
6655000,11231980032,12754788080
6660010,10514393600,12754788080
6665010,9832999424,12754788080
6670001,7152086080,12754788080
6675010,6502411328,12754788080
6680006,7230041152,12754788080
6685007,8271162432,12754788080
6690001,7805299776,12754788080
6695010,7260695640,12754788080
6700010,8269589592,12754788080
6705010,10763299928,12754788080
6710003,11599637592,12754788080
6715008,11546405976,12754788080
6720000,11177405552,12754788080
6725010,10827213936,12754788080
6730010,10512641136,12754788080
6735010,8097459720,12754788080
6740003,7807806984,12754788080
6745010,7474605576,12754788080
6750010,6849850888,12754788080
6755009,6280277536,12754788080
6760010,6210481744,12754788080
6765010,8747937408,12754788080
6770000,8310713984,12754788080
6775010,8063823488,12754788080
6780005,7486090904,12754788080
6785010,8009494168,12754788080
6790010,10696666800,12754788080
6795010,11050790576,12754788080
6800010,8990044232,12754788080
6805010,7943827504,12754788080
6810010,7538372656,12754788080
6815010,7093874736,12754788080
6820006,6535770184,12754788080
6825000,8023388256,12754788080
6830010,10977112160,12754788080
6835010,10525716624,12754788080
6840008,10095325328,12754788080
6845005,9524015248,12754788080
6850010,9101291688,12754788080
6855003,8719298752,12754788080
6860008,8559751384,12754788080
6865005,8237101776,12754788080
6870008,9184015032,12754788080
6875010,9001677496,12754788080
6880010,8725623504,12754788080
6885010,8125264592,12754788080
6890010,7612625640,12754788080
6895010,7250047720,12754788080
6900010,6587249432,12754788080
6905001,10887574320,12754788080
6910000,11388924696,12754788080
6915010,10937447192,12754788080
6920002,10447680304,12754788080
6925002,9922605872,12754788080
6930010,7316649424,12754788080
6935004,6662501840,12754788080
6940010,6381385168,12754788080
6945010,6521255376,12754788080
6950003,7266088424,12754788080
6955010,6766573032,12754788080
6960002,7183775184,12754788080
6965008,10432984552,12754788080
6970008,9852761576,12754788080
6975010,9379526120,12754788080
6980003,9001203176,12754788080
6985004,8583312872,12754788080
6990004,6143784880,12754788080
6995009,5819365296,12754788080
7000008,5568690096,12754788080
7005000,8498870192,12754788080
7010004,8858531760,12754788080
7015009,8561637320,12754788080
7020003,8070920160,12754788080
7025010,7624259552,12754788080
7030010,7249606624,12754788080
7035010,8059860960,12754788080
7040009,11498371040,12754788080
7045010,11237521376,12754788080
7050010,10904287200,12754788080
7055006,9551690224,12754788080
7060010,8047081920,12754788080
7065010,7717026240,12754788080
7070009,6984825280,12754788080
7075009,6386711000,12754788080
7080001,8549956056,12754788080
7085002,10843568600,12754788080
7090003,10509335072,12754788080
7095010,9922624008,12754788080
7100003,9384524296,12754788080
7105009,8822110728,12754788080
7110007,8313960992,12754788080
7115007,5872958320,12754788080
7120010,5779209072,12754788080
7125010,5466979184,12754788080
7130002,9272621936,12754788080
7135000,8874310512,12754788080
7140010,8449768376,12754788080
7145006,8165325752,12754788080
7150010,7495547832,12754788080
7155010,7114668960,12754788080
7160009,10341383072,12754788080
7165010,9981574072,12754788080
7170000,10128292792,12754788080
7175000,6955171248,12754788080
7180010,6486687152,12754788080
7185010,6050282952,12754788080
7190010,9026452960,12754788080
7195010,9731079648,12754788080
7200010,9190899168,12754788080
7205006,8703917560,12754788080
7210003,8210513376,12754788080
7215008,7645658592,12754788080
7220010,7965212152,12754788080
7225010,5877792680,12754788080
7230010,5853052840,12754788080
7235001,5875236776,12754788080
7240010,5590024104,12754788080
7245006,5608062888,12754788080
7250010,5681102760,12754788080
7255003,5782585280,12754788080
7260010,5973295040,12754788080
7265010,6114787264,12754788080
7270010,6204424128,12754788080
7275002,6360596416,12754788080
7280010,7025115048,12754788080
7285010,7027605416,12754788080
7290010,6946045864,12754788080
7295003,6611091368,12754788080
7300010,6810828712,12754788080
7305008,6847791016,12754788080
7310000,7016857512,12754788080
7315010,7054688168,12754788080
7320010,7170604968,12754788080
7325000,8008532192,12754788080
7330000,5146821000,12754788080
7335000,5192630664,12754788080
7340009,5235851656,12754788080
7345010,5205475720,12754788080
7350010,5288100232,12754788080
7355010,5361762696,12754788080
7360010,5481234824,12754788080
7365007,5685297544,12754788080
7370008,5806522784,12754788080
7375010,5896864160,12754788080
7380010,6071910816,12754788080
7385010,6154912160,12754788080
7390010,6256492960,12754788080
7395010,6323224992,12754788080
7400006,6436602272,12754788080
7405010,6480806304,12754788080
7410008,6564561312,12754788080
7415010,6681756064,12754788080
7420010,6774210976,12754788080
7425001,6881165728,12754788080
7430010,7223116216,12754788080
7435003,7238730168,12754788080
7440001,7638794800,12754788080
7445010,5296161976,12754788080
7450010,5394367672,12754788080
7455009,5531436216,12754788080
7460000,5395694776,12754788080
7465010,6860014776,12754788080
7470000,10186802360,12754788080
7475010,10097738936,12754788080
7480010,9564193976,12754788080
7485000,9265579192,12754788080
7490001,8982529208,12754788080
7495010,8657831096,12754788080
7500010,8241071288,12754788080
7505000,8198522040,12754788080
7510000,7875740856,12754788080
7515010,7478019256,12754788080
7520010,8846329016,12754788080
7525000,10203645496,12754788080
7530001,7364118072,12754788080
7535010,7187760696,12754788080
7540010,7045957176,12754788080
7545010,6725125688,12754788080
7550008,6341559864,12754788080
7555010,6206113336,12754788080
7560002,6770148992,12754788080
7565010,7126353536,12754788080
7570010,7770015336,12754788080
7575010,8617166440,12754788080
7580005,8548828776,12754788080
7585006,7386990544,12754788080
7590008,6922979280,12754788080
7595010,7031293904,12754788080
7600002,7067174936,12754788080
7605005,7417907272,12754788080
7610003,6932383888,12754788080
7615006,8558545040,12754788080
7620005,10202712256,12754788080
7625004,9690433752,12754788080
7630006,9262418136,12754788080
7635002,9080965336,12754788080
7640000,8703723760,12754788080
7645008,6223809136,12754788080
7650000,5944068720,12754788080
7655008,5612702320,12754788080
7660003,5605624432,12754788080
7665000,9806891656,12754788080
7670010,9792228024,12754788080
7675005,9561115368,12754788080
7680010,9214429928,12754788080
7685007,8860748520,12754788080
7690010,8453425896,12754788080
7695010,8271809256,12754788080
7700010,7809108736,12754788080
7705007,7416269568,12754788080
7710002,7159040768,12754788080
7715009,8314604312,12754788080
7720010,8166886168,12754788080
7725010,5770103840,12754788080
7730010,5473668128,12754788080
7735009,8272137296,12754788080
7740002,8206503016,12754788080
7745010,7309446272,12754788080
7750010,7064964296,12754788080
7755000,9598504136,12754788080
7760001,12086627528,12754788080
7765005,11629759688,12754788080
7770007,11382967496,12754788080
7775010,9027440248,12754788080
7780006,8526106232,12754788080
7785010,8226410104,12754788080
7790004,7647186552,12754788080
7795003,7128026768,12754788080
7800010,6688296592,12754788080
7805004,11069329064,12754788080
7810000,11296902824,12754788080
7815010,11024748200,12754788080
7820010,10517991080,12754788080
7825010,9956921000,12754788080
7830006,9685700264,12754788080
7835000,9183088296,12754788080
7840000,8717586088,12754788080
7845010,8430423720,12754788080
7850004,5955817560,12754788080
7855000,5692379224,12754788080
7860009,5697736792,12754788080
7865010,5613588568,12754788080
7870006,7699353688,12754788080
7875000,10480750680,12754788080
7880000,10478375000,12754788080
7885002,10251604056,12754788080
7890000,9967833176,12754788080
7895010,9656553560,12754788080
7900007,9300054104,12754788080
7905010,9083342936,12754788080
7910010,8835125336,12754788080
7915010,8579682392,12754788080
7920010,8372654192,12754788080
7925010,8399261808,12754788080
7930010,10768371824,12754788080
7935010,12270260336,12754788080
7940010,12089806960,12754788080
7945010,10446295608,12754788080
7950010,9493500448,12754788080
7955009,9284620832,12754788080
7960001,9063649824,12754788080
7965010,8598901280,12754788080
7970007,8116834848,12754788080
7975010,7706989088,12754788080
7980010,7451955768,12754788080
7985002,6975803960,12754788080
7990010,6573838904,12754788080
7995004,6811718200,12754788080
8000010,6713823800,12754788080
8005010,6589567544,12754788080
8010010,6618042960,12754788080
8015010,6761632336,12754788080
8020010,8202048080,12754788080
8025010,8165806672,12754788080
8030010,7794004560,12754788080
8035010,7503778384,12754788080
8040005,7558992488,12754788080
8045010,5285991352,12754788080
8050010,5299835832,12754788080
8055010,5302047672,12754788080
8060009,6404559800,12754788080
8065001,7631868856,12754788080
8070010,7110448056,12754788080
8075010,6443422672,12754788080
8080010,6008443880,12754788080
8085003,6111253480,12754788080
8090005,6348887016,12754788080
8095007,6443783144,12754788080
8100000,6520345600,12754788080
8105010,6749361152,12754788080
8110001,6838752256,12754788080
8115010,7491474456,12754788080
8120010,7196824600,12754788080
8125007,7231706160,12754788080
8130010,7259460656,12754788080
8135010,7420236848,12754788080
8140010,10021573680,12754788080
8145000,7842305456,12754788080
8150001,7811061168,12754788080
8155008,8103581104,12754788080
8160010,7809881544,12754788080
8165010,7441372616,12754788080
8170002,7212946888,12754788080
8175002,6737941960,12754788080
8180005,6332700104,12754788080
8185010,6198859232,12754788080
8190002,6097491448,12754788080
8195000,7797298680,12754788080
8200010,10937947640,12754788080
8205001,10870380024,12754788080
8210010,10661500408,12754788080
8215000,10271823376,12754788080
8220010,10016200208,12754788080
8225000,9826997776,12754788080
8230000,9435698704,12754788080
8235010,9055671824,12754788080
8240010,8795362832,12754788080
8245000,8378275344,12754788080
8250001,8056559120,12754788080
8255001,7777293840,12754788080
8260002,7604278824,12754788080
8265000,7647974952,12754788080
8270000,7560189480,12754788080
8275001,8379586520,12754788080
8280010,5257893824,12754788080
8285010,5229156288,12754788080
8290010,5313419200,12754788080
8295010,5399959488,12754788080
8300010,5489072064,12754788080
8305010,6155769792,12754788080
8310010,6109779904,12754788080
8315010,6428792816,12754788080
8320010,6295705584,12754788080
8325010,6310811656,12754788080
8330005,6325098504,12754788080
8335010,6296229896,12754788080
8340010,6166681608,12754788080
8345005,6180067336,12754788080
8350003,6332192776,12754788080
8355010,6310565896,12754788080
8360006,6461724704,12754788080
8365010,7509940256,12754788080
8370010,7570921528,12754788080
8375010,7567579192,12754788080
8380000,7383144504,12754788080
8385010,7178950712,12754788080
8390010,7112628280,12754788080
8395001,7150786616,12754788080
8400000,7870076984,12754788080
8405001,9082787896,12754788080
8410005,9542506552,12754788080
8415010,9511147576,12754788080
8420010,7406557600,12754788080
8425010,7228217760,12754788080
8430010,7105272224,12754788080
8435001,7001610656,12754788080
8440006,6811589024,12754788080
8445010,6630545824,12754788080
8450010,6406838688,12754788080
8455010,6174120352,12754788080
8460010,5914024352,12754788080
8465010,5739764128,12754788080
8470010,5852109216,12754788080
8475003,6016653728,12754788080
8480008,8293751248,12754788080
8485010,8156158416,12754788080
8490010,8018024912,12754788080
8495002,7736580560,12754788080
8500010,7459396048,12754788080
8505009,7228889552,12754788080
8510010,6962223568,12754788080
8515010,6730815976,12754788080
8520002,6878386664,12754788080
8525010,6779705832,12754788080
8530009,6868998632,12754788080
8535010,6949394920,12754788080
8540000,6982719976,12754788080
8545009,7570004456,12754788080
8550010,8014731776,12754788080
8555000,8982256128,12754788080
8560010,6538156928,12754788080
8565010,6435429248,12754788080
8570010,6258482048,12754788080
8575010,6230416256,12754788080
8580004,5776726912,12754788080
8585000,7031987072,12754788080
8590000,11185642368,12754788080
8595010,10818640768,12754788080
8600010,10567179184,12754788080
8605010,10281851824,12754788080
8610010,10089651120,12754788080
8615010,9812499376,12754788080
8620010,9415465928,12754788080
8625010,9133562800,12754788080
8630010,9002277808,12754788080
8635010,8929598384,12754788080
8640005,8701598640,12754788080
8645010,8430410696,12754788080
8650002,7915822024,12754788080
8655006,7610440648,12754788080
8660000,7568317384,12754788080
8665010,8023628744,12754788080
8670004,10772602088,12754788080
8675010,9656392960,12754788080
8680010,9526992128,12754788080
8685010,9206193432,12754788080
8690007,8777276696,12754788080
8695007,8170822960,12754788080
8700010,7646993760,12754788080
8705010,7383063904,12754788080
8710010,8080055648,12754788080
8715008,10059439456,12754788080
8720010,9820937592,12754788080
8725010,9505938832,12754788080
8730003,9995132616,12754788080
8735008,6898671328,12754788080
8740010,6384066272,12754788080
8745010,8674352864,12754788080
8750006,8321359608,12754788080
8755010,8895373048,12754788080
8760001,8545345296,12754788080
8765010,7993892624,12754788080
8770010,7566892840,12754788080
8775010,7539695400,12754788080
8780010,7391141696,12754788080
8785010,7580819264,12754788080
8790010,8289918784,12754788080
8795009,6202810536,12754788080
8800008,6019145920,12754788080
8805007,5611512000,12754788080
8810006,8734023872,12754788080
8815010,9146720448,12754788080
8820010,8842551488,12754788080
8825005,8503599344,12754788080
8830010,7834034416,12754788080
8835000,7326310640,12754788080
8840010,7001481456,12754788080
8845003,8820318448,12754788080
8850010,8730157296,12754788080
8855010,6736028200,12754788080
8860010,6397993512,12754788080
8865010,6324478504,12754788080
8870010,6018622016,12754788080
8875006,5867758144,12754788080
8880010,5560885848,12754788080
8885010,6833971800,12754788080
8890010,7340745352,12754788080
8895010,7127098016,12754788080
8900003,6829253280,12754788080
8905002,6525870752,12754788080
8910010,6446555808,12754788080
8915010,7352820384,12754788080
8920009,10148684448,12754788080
8925010,10154189472,12754788080
8930010,9763283616,12754788080
8935010,9310020256,12754788080
8940010,6973875304,12754788080
8945010,6499640424,12754788080
8950010,6307226728,12754788080
8955006,5972960360,12754788080
8960010,6006498408,12754788080
8965009,6175532136,12754788080
8970000,9055020160,12754788080
8975010,8479630464,12754788080
8980004,8232903808,12754788080
8985010,7917118592,12754788080
8990010,6654633448,12754788080
8995010,5209023880,12754788080
9000008,5293237616,12754788080
9005010,5155366256,12754788080
9010010,5255046512,12754788080
9015002,7551952288,12754788080
9020010,9977767352,12754788080
9025010,9717655040,12754788080
9030010,9393546728,12754788080
9035010,9077122536,12754788080
9040000,8636605928,12754788080
9045008,8266065432,12754788080
9050010,7649240600,12754788080
9055008,7344629272,12754788080
9060010,7023683096,12754788080
9065001,10013861400,12754788080
9070008,10115573560,12754788080
9075010,9911150392,12754788080
9080006,9823348536,12754788080
9085010,9520555832,12754788080
9090010,9136269112,12754788080
9095009,8839423800,12754788080
9100009,8461395792,12754788080
9105010,8176412496,12754788080
9110010,7834199912,12754788080
9115006,7574742864,12754788080
9120010,7351379816,12754788080
9125010,7077767016,12754788080
9130004,7008282496,12754788080
9135010,6937192320,12754788080
9140010,6846556032,12754788080
9145010,6881355648,12754788080
9150010,7083140992,12754788080
9155010,7143171968,12754788080
9160010,7385196416,12754788080
9165010,5136328960,12754788080
9170010,5250869504,12754788080
9175010,5306951936,12754788080
9180000,6512290072,12754788080
9185010,8538908952,12754788080
9190010,8494033176,12754788080
9195005,8293476632,12754788080
9200010,8129816880,12754788080
9205010,7909534000,12754788080
9210010,7694149936,12754788080
9215010,7364897072,12754788080
9220010,7106406704,12754788080
9225010,6980413744,12754788080
9230010,6950873392,12754788080
9235003,6805498160,12754788080
9240010,6975514928,12754788080
9245001,6664005936,12754788080
9250010,6729754928,12754788080
9255008,6820505904,12754788080
9260000,6897920304,12754788080
9265003,6922676528,12754788080
9270010,7028730160,12754788080
9275010,7100868912,12754788080
9280010,5131020928,12754788080
9285010,5252213376,12754788080
9290010,5320518272,12754788080
9295010,5439154816,12754788080
9300002,7763880576,12754788080
9305010,9850612352,12754788080
9310010,9639832216,12754788080
9315010,9517836976,12754788080
9320010,9400462000,12754788080
9325010,9313217200,12754788080
9330009,9203034800,12754788080
9335010,8938072752,12754788080
9340000,8767466160,12754788080
9345010,8660544176,12754788080
9350010,8498326192,12754788080
9355010,8380754608,12754788080
9360010,8279993032,12754788080
9365010,8018422472,12754788080
9370005,7877733064,12754788080
9375010,7677946568,12754788080
9380008,7509109448,12754788080
9385000,7216638664,12754788080
9390010,6918384328,12754788080
9395010,6968224480,12754788080
9400010,7137356512,12754788080
9405010,5210844304,12754788080
9410005,5170490512,12754788080
9415010,5415398544,12754788080
9420010,6918106256,12754788080
9425001,7178988688,12754788080
9430005,7211166864,12754788080
9435010,6917041296,12754788080
9440010,6699543696,12754788080
9445010,6373338256,12754788080
9450010,6088797328,12754788080
9455005,6105787536,12754788080
9460005,6205926544,12754788080
9465010,6373141672,12754788080
9470010,6276263080,12754788080
9475010,6377630888,12754788080
9480001,6438300840,12754788080
9485010,6653930664,12754788080
9490010,6724594856,12754788080
9495010,6773877928,12754788080
9500009,6875262120,12754788080
9505007,6980889768,12754788080
9510007,7167126696,12754788080
9515003,7184837824,12754788080
9520010,5150207576,12754788080
9525000,5184286296,12754788080
9530005,5286260312,12754788080
9535010,5378649688,12754788080
9540010,5443841624,12754788080
9545010,5526515288,12754788080
9550010,5637828184,12754788080
9555010,5858045528,12754788080
9560010,5842431576,12754788080
9565002,5904690776,12754788080
9570009,6059077208,12754788080
9575010,6063107672,12754788080
9580010,6121270872,12754788080
9585010,6321368664,12754788080
9590001,6222409328,12754788080
9595010,6281522824,12754788080
9600005,6555184776,12754788080
9605010,6747025008,12754788080
9610010,6808284784,12754788080
9615001,6924234352,12754788080
9620000,6964637296,12754788080
9625004,7033024112,12754788080
9630010,7031746160,12754788080
9635007,7065136752,12754788080
9640010,7139978864,12754788080
9645010,7172435568,12754788080
9650010,7149284976,12754788080
9655009,7832153856,12754788080
9660010,5140541400,12754788080
9665010,5160611800,12754788080
9670010,5139869656,12754788080
9675010,5138247640,12754788080
9680010,5257031640,12754788080
9685010,5335986136,12754788080
9690010,5390954456,12754788080
9695010,5556563928,12754788080
9700010,5601882072,12754788080
9705005,5743161304,12754788080
9710007,7070969840,12754788080
9715000,9306353648,12754788080
9720010,9187979248,12754788080
9725001,8900358128,12754788080
9730001,8644800472,12754788080
9735003,8428122072,12754788080
9740010,8062513112,12754788080
9745010,7695790040,12754788080
9750000,7361425368,12754788080
9755010,5151912304,12754788080
9760004,5759152496,12754788080
9765010,5995049304,12754788080
9770010,5976338800,12754788080
9775005,5977141640,12754788080
9780010,6859813256,12754788080
9785002,6974452128,12754788080
9790001,6869905824,12754788080
9795010,6518256032,12754788080
9800001,6519452088,12754788080
9805003,6814314960,12754788080
9810010,8731472336,12754788080
9815001,8850780648,12754788080
9820006,8566092264,12754788080
9825004,6404895592,12754788080
9830010,6023115624,12754788080
9835002,5848609640,12754788080
9840004,5578929000,12754788080
9845010,6666367872,12754788080
9850001,7661613952,12754788080
9855010,7337063296,12754788080
9860001,7291958144,12754788080
9865006,6856487808,12754788080
9870010,6654849920,12754788080
9875010,6771307392,12754788080
9880001,6819853184,12754788080
9885002,6881162112,12754788080
9890010,7001666432,12754788080
9895000,7167259520,12754788080
9900007,7296791424,12754788080
9905007,5512066304,12754788080
9910010,7799387392,12754788080
9915010,7806055680,12754788080
9920003,7834449152,12754788080
9925010,7800272128,12754788080
9930004,7644689664,12754788080
9935008,7238300952,12754788080
9940010,6861288728,12754788080
9945010,6604879128,12754788080
9950010,6370374936,12754788080
9955010,8153052440,12754788080
9960010,8137684248,12754788080
9965010,7994209560,12754788080
9970010,8031319320,12754788080
9975010,7803942168,12754788080
9980010,7579120920,12754788080
9985010,7159428376,12754788080
9990010,6965851416,12754788080
9995003,6962967832,12754788080
10000010,7048721688,12754788080
10005007,7184987416,12754788080
10010009,7181219096,12754788080
10015006,7265219864,12754788080
10020000,5177964160,12754788080
10025010,5227492992,12754788080
10030010,5216646784,12754788080
10035010,5380322944,12754788080
10040003,6183843456,12754788080
10045004,6508345008,12754788080
10050010,6298908360,12754788080
10055009,6084556488,12754788080
10060010,6108804808,12754788080
10065001,6092158664,12754788080
10070010,6139246304,12754788080
10075010,6195181280,12754788080
10080006,6353041144,12754788080
10085010,6941406968,12754788080
10090005,6607501048,12754788080
10095000,6636287736,12754788080
10100000,6732904184,12754788080
10105010,7631320824,12754788080
10110002,7723808504,12754788080
10115008,5885851768,12754788080
10120010,5248137336,12754788080
10125010,5428951160,12754788080
10130002,5524912248,12754788080
10135000,6335101048,12754788080
10140006,7609727096,12754788080
10145003,7343208568,12754788080
10150000,7229307000,12754788080
10155010,7206008952,12754788080
10160010,7286683768,12754788080
10165000,6801471608,12754788080
10170010,7037450360,12754788080
10175002,9151821944,12754788080
10180002,9777477752,12754788080
10185001,9645734008,12754788080
10190010,7365163488,12754788080
10195010,7216560608,12754788080
10200010,7029144032,12754788080
10205010,6792346080,12754788080
10210010,6566951392,12754788080
10215010,6204848608,12754788080
10220010,5901842936,12754788080
10225008,6729120272,12754788080
10230010,7238859280,12754788080
10235010,7075297808,12754788080
10240000,6748912144,12754788080
10245009,6630242832,12754788080
10250010,6689274384,12754788080
10255005,10454153744,12754788080
10260006,11777669648,12754788080
10265003,11570461200,12754788080
10270010,11455609360,12754788080
10275006,11277384208,12754788080
10280001,11157682704,12754788080
10285010,10912266768,12754788080
10290002,8682814352,12754788080
10295005,8441314192,12754788080
10300010,8265251728,12754788080
10305010,8006286224,12754788080
10310010,7757478800,12754788080
10315010,7508671376,12754788080
10320005,7410039696,12754788080
10325010,7312292800,12754788080
10330010,6947781568,12754788080
10335003,6564035520,12754788080
10340000,6472072128,12754788080
10345010,6374751216,12754788080
10350010,6364937200,12754788080
10355003,6489832432,12754788080
10360002,6515342320,12754788080
10365002,6642809864,12754788080
10370010,6671170568,12754788080
10375010,6695074824,12754788080
10380010,6761675784,12754788080
10385005,6873545736,12754788080
10390000,6933986312,12754788080
10395010,7007583240,12754788080
10400000,6999276552,12754788080
10405005,7082851336,12754788080
10410010,7065746440,12754788080
10415000,7160937480,12754788080
10420010,7242152968,12754788080
10425010,5158911272,12754788080
10430010,5187583272,12754788080
10435010,5179931944,12754788080
10440008,5251579176,12754788080
10445010,5376097576,12754788080
10450010,5530549568,12754788080
10455010,5559549248,12754788080
10460007,5608717632,12754788080
10465002,5712592192,12754788080
10470000,5756828992,12754788080
10475010,5814615384,12754788080
10480010,5844270424,12754788080
10485010,5914606936,12754788080
10490010,5919702360,12754788080
10495010,5976620376,12754788080
10500007,6051511640,12754788080
10505010,6108003672,12754788080
10510010,6188137816,12754788080
10515010,6147259736,12754788080
10520002,6277545328,12754788080
10525010,7312113008,12754788080
10530010,7888747888,12754788080
10535000,9079340400,12754788080
10540010,9096674672,12754788080
10545000,8974269808,12754788080
10550010,8891874672,12754788080
10555008,8716418416,12754788080
10560010,8538176880,12754788080
10565010,8332213616,12754788080
10570010,8159329648,12754788080
10575000,7938080112,12754788080
10580002,7764262256,12754788080
10585010,5521801040,12754788080
10590010,5282299728,12754788080
10595009,5323046736,12754788080
10600005,5452545872,12754788080
10605010,5922488120,12754788080
10610006,5994102608,12754788080
10615004,5923356496,12754788080
10620010,5885443920,12754788080
10625000,5865226064,12754788080
10630010,5752225616,12754788080
10635010,5794447184,12754788080
10640010,5843828560,12754788080
10645010,5929385808,12754788080
10650001,6023266128,12754788080
10655001,6065192784,12754788080
10660010,6127271760,12754788080
10665010,6201802576,12754788080
10670010,8585707344,12754788080
10675010,8717467472,12754788080
10680010,8742993744,12754788080
10685010,8721137488,12754788080
10690010,8558886736,12754788080
10695000,8384773968,12754788080
10700010,8055258960,12754788080
10705008,7638941520,12754788080
10710004,7452901200,12754788080
10715010,7290765136,12754788080
10720001,7143882576,12754788080
10725004,7134035792,12754788080
10730010,5186633984,12754788080
10735010,5112676608,12754788080
10740006,5200232704,12754788080
10745001,5256577280,12754788080
10750006,5330403584,12754788080
10755010,5773279488,12754788080
10760010,5862080768,12754788080
10765010,5824430336,12754788080
10770008,5764956416,12754788080
10775000,5717639424,12754788080
10780010,5776589056,12754788080
10785010,5819367680,12754788080
10790010,5887721728,12754788080
10795010,5960220928,12754788080
10800010,5970723072,12754788080
10805010,6004097280,12754788080
10810008,6075597056,12754788080
10815004,6149898496,12754788080
10820005,6183469336,12754788080
10825010,6393053464,12754788080
10830010,6426755352,12754788080
10835005,6524272920,12754788080
10840010,6608060696,12754788080
10845010,6658736408,12754788080
10850010,6735855896,12754788080
10855010,7236665624,12754788080
10860004,8045216024,12754788080
10865010,8035877144,12754788080
10870010,7858356504,12754788080
10875010,7698579736,12754788080
10880000,7539949848,12754788080
10885007,7651246360,12754788080
10890010,5161992832,12754788080
10895005,5250957952,12754788080
10900010,5332583040,12754788080
10905010,5297275520,12754788080
10910010,6268994176,12754788080
10915005,6347391664,12754788080
10920009,6348079792,12754788080
10925001,6312575664,12754788080
10930010,6091473584,12754788080
10935010,6060868272,12754788080
10940010,6069912240,12754788080
10945010,5961679536,12754788080
10950006,6044631728,12754788080
10955010,6067421872,12754788080
10960007,6131532464,12754788080
10965010,6172656304,12754788080
10970006,6249644720,12754788080
10975010,6293357232,12754788080
10980008,6375375536,12754788080
10985009,6406079152,12754788080
10990010,6473859736,12754788080
10995010,6818644632,12754788080
11000010,6586892952,12754788080
11005002,6600622744,12754788080
11010010,6639338136,12754788080
11015007,6646973080,12754788080
11020003,6939034264,12754788080
11025001,6772687512,12754788080
11030010,6838780568,12754788080
11035003,6850970264,12754788080
11040000,6883754648,12754788080
11045002,6910886552,12754788080
11050010,6990463664,12754788080
11055010,7041008304,12754788080
11060010,7071580848,12754788080
11065000,7123911344,12754788080
11070010,7145325232,12754788080
11075006,7222002352,12754788080
11080010,5339661360,12754788080
11085010,5176689712,12754788080
11090010,5177869360,12754788080
11095000,5172675632,12754788080
11100010,5175706672,12754788080
11105003,5220402224,12754788080
11110010,5248435248,12754788080
11115010,5348394032,12754788080
11120010,5349770288,12754788080
11125010,5498553392,12754788080
11130004,5491934280,12754788080
11135010,5584274504,12754788080
11140004,5579899976,12754788080
11145003,5749425248,12754788080
11150001,5741462624,12754788080
11155000,5743854688,12754788080
11160010,5735695456,12754788080
11165002,5794251872,12754788080
11170008,5854774368,12754788080
11175010,5878989920,12754788080
11180006,5951079520,12754788080
11185010,5984863328,12754788080
11190010,6093259872,12754788080
11195010,6127780984,12754788080
11200010,6204507256,12754788080
11205001,6341411960,12754788080
11210006,6487327864,12754788080
11215010,6534694008,12754788080
11220010,6569378936,12754788080
11225010,6599509112,12754788080
11230010,6726583416,12754788080
11235010,6862357624,12754788080
11240005,6840468600,12754788080
11245006,6980027512,12754788080
11250002,7384335480,12754788080
11255010,7494861944,12754788080
11260007,7548601464,12754788080
11265000,7562003576,12754788080
11270010,5289412088,12754788080
11275000,5205509624,12754788080
11280010,5196187128,12754788080
11285006,5189043704,12754788080
11290010,5356766712,12754788080
11295006,5433673208,12754788080
11300004,5480285688,12754788080
11305010,5537416696,12754788080
11310001,5610391032,12754788080
11315007,5603231224,12754788080
11320010,5642192376,12754788080
11325010,5693883896,12754788080
11330010,5755012600,12754788080
11335010,5863638520,12754788080
11340000,7010813432,12754788080
11345010,6890866168,12754788080
11350010,6849955344,12754788080
11355010,6775981584,12754788080
11360000,6689031720,12754788080
11365003,6564398632,12754788080
11370010,6619547176,12754788080
11375010,6362547752,12754788080
11380000,6441666088,12754788080
11385010,6519424552,12754788080
11390010,6567396904,12754788080
11395003,6647301672,12754788080
11400001,7626442280,12754788080
11405010,8215135784,12754788080
11410002,8257177152,12754788080
11415010,8225736256,12754788080
11420010,8081491520,12754788080
11425008,7863813696,12754788080
11430010,7708902976,12754788080
11435010,7675496000,12754788080
11440010,7498614336,12754788080
11445000,7356679744,12754788080
11450008,7278855744,12754788080
11455010,5262755776,12754788080
11460010,5167826880,12754788080
11465008,5184194496,12754788080
11470010,5235525568,12754788080
11475010,5322344384,12754788080
11480010,5354768320,12754788080
11485010,5361813440,12754788080
11490000,5387110312,12754788080
11495000,5430101952,12754788080
11500006,5573511104,12754788080
11505008,5605492672,12754788080
11510001,5682956224,12754788080
11515000,5724145600,12754788080
11520010,5777229784,12754788080
11525010,5841651672,12754788080
11530010,5841520624,12754788080
11535010,5982177264,12754788080
11540010,6038849520,12754788080
11545010,6090442736,12754788080
11550010,6163089392,12754788080
11555010,6234703856,12754788080
11560008,6295668720,12754788080
11565008,6294407152,12754788080
11570009,6339692528,12754788080
11575008,6360123376,12754788080
11580010,6411732976,12754788080
11585000,6431098864,12754788080
11590000,6467995632,12754788080
11595010,6530811888,12754788080
11600010,6572967920,12754788080
11605010,6643664880,12754788080
11610000,6675171312,12754788080
11615010,6727534576,12754788080
11620001,6695045104,12754788080
11625010,6918195184,12754788080
11630010,6901254128,12754788080
11635010,6990186480,12754788080
11640008,7041370144,12754788080
11645004,7066896416,12754788080
11650010,7148259360,12754788080
11655010,7530596384,12754788080
11660010,7333595384,12754788080
11665001,5236181648,12754788080
11670010,5246683792,12754788080
11675010,5381032592,12754788080
11680002,5349821072,12754788080
11685002,5416766096,12754788080
11690001,5445044880,12754788080
11695010,5557668496,12754788080
11700001,5562747536,12754788080
11705010,5699390096,12754788080
11710010,5788551824,12754788080
11715010,5882333840,12754788080
11720005,5934008976,12754788080
11725010,6044748432,12754788080
11730010,6108023440,12754788080
11735010,6126733968,12754788080
11740010,6153259664,12754788080
11745000,6303550096,12754788080
11750003,6284200592,12754788080
11755010,6305680016,12754788080
11760010,6329322128,12754788080
11765010,6573869712,12754788080
11770010,6649203344,12754788080
11775010,6619892368,12754788080
11780010,6633441936,12754788080
11785003,6626527888,12754788080
11790010,6694439568,12754788080
11795010,6793431696,12754788080
11800002,6857181840,12754788080
11805000,7674186384,12754788080
11810002,8547797648,12754788080
11815010,8393214608,12754788080
11820010,8227441296,12754788080
11825010,5982112760,12754788080
11830010,5775297528,12754788080
11835010,5843422200,12754788080
11840010,5680958456,12754788080
11845006,6147656720,12754788080
11850010,6140103696,12754788080
11855007,6025694224,12754788080
11860000,5877353464,12754788080
11865009,5917101048,12754788080
11870010,6046321656,12754788080
11875001,6106008568,12754788080
11880006,6175411216,12754788080
11885002,6183242768,12754788080
11890010,6191860752,12754788080
11895000,6298045456,12754788080
11900010,6420171792,12754788080
11905010,6414781456,12754788080
11910004,6617582608,12754788080
11915001,6655560720,12754788080
11920010,6772280336,12754788080
11925010,6756748304,12754788080
11930006,6848498704,12754788080
11935010,6972001296,12754788080
11940007,7007472656,12754788080
11945010,7022332944,12754788080
11950010,7019383824,12754788080
11955010,7102270480,12754788080
11960010,7099386896,12754788080
11965010,7137479696,12754788080
11970010,7159532560,12754788080
11975009,8260406744,12754788080
11980004,5102308776,12754788080
11985010,5202365864,12754788080
11990010,5248093608,12754788080
11995010,5318561192,12754788080
12000010,5371661736,12754788080
12005002,5402856872,12754788080
12010001,5416521128,12754788080
12015010,5517315496,12754788080
12020000,5583818200,12754788080
12025000,5621485016,12754788080
12030002,5825777112,12754788080
12035010,5923311064,12754788080
12040008,5895032280,12754788080
12045005,6029381080,12754788080
12050010,6181522904,12754788080
12055005,7108398576,12754788080
12060001,7235603952,12754788080
12065010,7114264048,12754788080
12070010,6935809520,12754788080
12075010,6850989552,12754788080
12080007,6930910704,12754788080
12085001,6999150064,12754788080
12090008,7137152496,12754788080
12095000,7679528672,12754788080
12100010,5157719896,12754788080
12105010,5170876248,12754788080
12110010,5261709144,12754788080
12115009,5245685592,12754788080
12120009,5513400152,12754788080
12125010,5529046872,12754788080
12130010,5957979992,12754788080
12135010,5936189272,12754788080
12140000,6107025240,12754788080
12145010,7146852184,12754788080
12150010,7071518552,12754788080
12155010,6977883992,12754788080
12160002,6945705792,12754788080
12165010,6611685208,12754788080
12170010,6665850712,12754788080
12175000,7047450456,12754788080
12180010,6942560088,12754788080
12185010,7016075096,12754788080
12190010,7125372760,12754788080
12195010,7077711704,12754788080
12200005,7763201880,12754788080
12205001,5812490480,12754788080
12210010,5811966192,12754788080
12215010,5698244848,12754788080
12220010,5591027952,12754788080
12225003,5335847152,12754788080
12230001,7743508720,12754788080
12235010,9412956400,12754788080
12240010,9343930608,12754788080
12245000,9282261232,12754788080
12250010,9176027376,12754788080
12255002,9119813872,12754788080
12260002,9046888688,12754788080
12265008,8897810672,12754788080
12270003,8639189232,12754788080
12275010,8371507440,12754788080
12280007,8158761200,12754788080
12285007,7874941168,12754788080
12290005,7461851376,12754788080
12295000,7082545392,12754788080
12300003,7006490864,12754788080
12305010,6838620400,12754788080
12310005,7519604976,12754788080
12315010,8052658416,12754788080
12320010,7918424304,12754788080
12325010,7667699952,12754788080
12330010,5539844696,12754788080
12335010,5260005952,12754788080
12340010,6932697688,12754788080
12345000,7511839344,12754788080
12350006,7538168456,12754788080
12355010,6807310984,12754788080
12360010,6458659464,12754788080
12365001,6420992648,12754788080
12370004,6131225224,12754788080
12375003,6745543304,12754788080
12380010,11232907936,12754788080
12385000,11054731936,12754788080
12390010,10965373624,12754788080
12395010,10347090616,12754788080
12400007,9972568760,12754788080
12405008,9886323384,12754788080
12410010,9829618360,12754788080
12415009,9654817464,12754788080
12420000,9458455224,12754788080
12425008,9354269368,12754788080
12430000,9108476600,12754788080
12435000,8940524216,12754788080
12440004,9089487568,12754788080
12445010,6330340408,12754788080
12450007,6219813944,12754788080
12455009,5885187128,12754788080
12460009,5880157240,12754788080
12465010,5757801528,12754788080
12470010,5779297360,12754788080
12475003,5821191248,12754788080
12480010,5732275280,12754788080
12485010,5812786232,12754788080
12490010,5884580944,12754788080
12495001,5975528528,12754788080
12500010,6120969296,12754788080
12505003,6167090256,12754788080
12510010,6234739792,12754788080
12515010,6425023568,12754788080
12520002,6351852624,12754788080
12525010,6685480016,12754788080
12530000,6504059984,12754788080
12535002,6474224720,12754788080
12540010,6647370832,12754788080
12545000,6699258960,12754788080
12550006,6688199760,12754788080
12555010,6799332432,12754788080
12560010,6744364112,12754788080
12565003,6853121104,12754788080
12570010,6985372752,12754788080
12575010,7051252816,12754788080
12580005,7139939408,12754788080
12585010,7122031696,12754788080
12590010,7168250960,12754788080
12595009,7229641808,12754788080
12600005,7366218856,12754788080
12605000,7699059816,12754788080
12610009,5122397624,12754788080
12615010,5174711736,12754788080
12620010,5159196088,12754788080
12625010,5278766520,12754788080
12630010,5359195576,12754788080
12635010,5395256760,12754788080
12640010,6097294776,12754788080
12645010,6280353208,12754788080
12650000,6190749136,12754788080
12655005,6033692112,12754788080
12660010,6039573968,12754788080
12665001,6182098384,12754788080
12670010,6186669520,12754788080
12675010,6265116136,12754788080
12680010,6424499712,12754788080
12685010,6612932120,12754788080
12690007,6650615320,12754788080
12695010,6779835928,12754788080
12700001,6863803928,12754788080
12705004,6803838488,12754788080
12710010,7369414168,12754788080
12715006,7380096536,12754788080
12720010,7372953112,12754788080
12725006,7208654360,12754788080
12730004,7188764184,12754788080
12735010,7257871896,12754788080
12740010,7457117720,12754788080
12745010,5134620544,12754788080
12750010,5154838400,12754788080
12755004,5197911936,12754788080
12760010,5290170240,12754788080
12765010,5304014720,12754788080
12770003,5481846680,12754788080
12775010,7514183576,12754788080
12780000,7645829016,12754788080
12785010,7591057304,12754788080
12790005,7485085592,12754788080
12795007,7291590552,12754788080
12800009,6981900184,12754788080
12805010,6666524568,12754788080
12810010,6292805552,12754788080
12815010,6161749936,12754788080
12820010,6264182704,12754788080
12825010,6250665904,12754788080
12830006,6303504304,12754788080
12835010,6367238064,12754788080
12840010,6437279664,12754788080
12845003,6661511088,12754788080
12850010,6694246320,12754788080
12855010,6709221320,12754788080
12860010,6791747528,12754788080
12865002,6835984328,12754788080
12870010,6932993992,12754788080
12875001,6996760520,12754788080
12880004,7106975688,12754788080
12885010,7131289544,12754788080
12890001,7204739016,12754788080
12895010,5170600312,12754788080
12900010,5131704696,12754788080
12905010,5033810296,12754788080
12910010,5110913400,12754788080
12915003,5175712120,12754788080
12920001,5235825016,12754788080
12925010,5411559800,12754788080
12930010,5472213368,12754788080
12935007,5550201208,12754788080
12940008,5623159160,12754788080
12945008,5682190760,12754788080
12950010,5825370536,12754788080
12955010,5853075880,12754788080
12960010,5827369384,12754788080
12965004,5903800744,12754788080
12970002,5982427560,12754788080
12975000,6029728168,12754788080
12980010,6157212072,12754788080
12985004,6157982120,12754788080
12990010,6403479976,12754788080
12995010,6441572776,12754788080
13000005,6495148456,12754788080
13005010,6587652520,12754788080
13010010,6727621032,12754788080
13015010,6776412584,12754788080
13020006,6875404712,12754788080
13025010,6946462120,12754788080
13030010,7046715816,12754788080
13035004,7384897960,12754788080
13040010,6436002504,12754788080
13045010,5751495368,12754788080
13050009,5607119560,12754788080
13055010,5489449672,12754788080
13060004,5376875208,12754788080
13065010,5365226184,12754788080
13070010,5523249864,12754788080
13075010,5524789960,12754788080
13080004,5613869792,12754788080
13085008,5674556152,12754788080
13090010,5753215736,12754788080
13095010,6131309304,12754788080
13100010,6748642040,12754788080
13105010,6741351160,12754788080
13110010,6630300408,12754788080
13115008,6525246200,12754788080
13120010,6501260048,12754788080
13125002,6633184016,12754788080
13130010,6665804560,12754788080
13135010,7098096400,12754788080
13140010,6798383888,12754788080
13145010,6883711760,12754788080
13150010,6894410536,12754788080
13155007,6950394664,12754788080
13160010,7108696872,12754788080
13165010,7165500200,12754788080
13170000,6039657712,12754788080
13175010,5182954712,12754788080
13180010,5128576216,12754788080
13185010,5197356248,12754788080
13190009,5286747352,12754788080
13195010,5385936088,12754788080
13200000,9626754264,12754788080
13205010,9793805528,12754788080
13210007,9712999640,12754788080
13215008,9555139800,12754788080
13220010,9345735896,12754788080
13225010,9164823768,12754788080
13230000,8918572272,12754788080
13235010,8683101424,12754788080
13240010,8356027632,12754788080
13245010,8086740208,12754788080
13250004,7953571056,12754788080
13255009,7552949488,12754788080
13260010,7415291120,12754788080
13265010,7307189488,12754788080
13270001,7133371632,12754788080
13275010,7010983152,12754788080
13280010,7023467736,12754788080
13285010,7003266264,12754788080
13290010,7096540376,12754788080
13295005,7830052056,12754788080
13300001,9543752992,12754788080
13305010,7225171592,12754788080
13310010,7036214920,12754788080
13315003,6736944776,12754788080
13320010,6433283720,12754788080
13325003,6260399752,12754788080
13330000,5817933448,12754788080
13335002,5778628256,12754788080
13340008,6144892600,12754788080
13345002,6864051896,12754788080
13350000,7388356280,12754788080
13355010,7481138872,12754788080
13360010,7563386552,12754788080
13365010,7241703072,12754788080
13370010,6937108128,12754788080
13375006,6806658720,12754788080
13380010,10456702624,12754788080
13385010,11657748128,12754788080
13390001,11565883040,12754788080
13395008,11329101472,12754788080
13400001,11123613344,12754788080
13405010,10786840224,12754788080
13410010,8623677592,12754788080
13415010,8316100760,12754788080
13420010,8186880152,12754788080
13425010,7896391832,12754788080
13430010,7737729176,12754788080
13435010,7424532632,12754788080
13440010,7236935832,12754788080
13445010,6813393048,12754788080
13450004,6564651160,12754788080
13455010,6236217496,12754788080
13460007,6568255688,12754788080
13465008,6168174792,12754788080
13470010,6152626376,12754788080
13475010,6158606536,12754788080
13480003,6247964872,12754788080
13485010,6379135176,12754788080
13490010,6549184712,12754788080
13495007,7887888584,12754788080
13500005,7678681288,12754788080
13505010,7383326920,12754788080
13510002,7046357192,12754788080
13515010,10828112072,12754788080
13520010,10891206856,12754788080
13525000,11730920008,12754788080
13530001,8627495496,12754788080
13535010,8391516744,12754788080
13540009,8105960008,12754788080
13545010,7840916040,12754788080
13550010,7319200328,12754788080
13555001,7000973896,12754788080
13560010,6583886408,12754788080
13565009,6273311304,12754788080
13570005,6095610440,12754788080
13575010,6248047176,12754788080
13580005,6450782792,12754788080
13585000,7975264840,12754788080
13590010,8902779464,12754788080
13595010,8653267528,12754788080
13600009,8440341064,12754788080
13605010,8255234632,12754788080
13610000,7942709832,12754788080
13615000,8300078000,12754788080
13620004,5416248288,12754788080
13625004,5317731296,12754788080
13630001,5591098336,12754788080
13635010,6051603424,12754788080
13640000,5965636576,12754788080
13645010,5951759328,12754788080
13650010,5932213240,12754788080
13655009,6045721592,12754788080
13660009,6155576312,12754788080
13665004,6449652752,12754788080
13670010,6506210320,12754788080
13675000,7929881616,12754788080
13680010,8280990736,12754788080
13685005,8106091536,12754788080
13690010,7773594640,12754788080
13695001,7427302416,12754788080
13700006,7388324880,12754788080
13705010,6482568640,12754788080
13710010,5226947960,12754788080
13715010,5333296504,12754788080
13720010,6112159096,12754788080
13725006,6526674296,12754788080
13730010,6404269480,12754788080
13735000,6563505576,12754788080
13740002,6229796264,12754788080
13745010,6363407784,12754788080
13750002,6258025896,12754788080
13755010,6324299176,12754788080
13760007,6309717440,12754788080
13765010,6541665704,12754788080
13770010,6709913000,12754788080
13775003,6813853096,12754788080
13780010,6955820456,12754788080
13785010,10548340136,12754788080
13790010,10770965928,12754788080
13795003,10442368424,12754788080
13800000,10533168624,12754788080
13805008,7871899480,12754788080
13810010,7799318360,12754788080
13815001,7603988312,12754788080
13820003,7340173144,12754788080
13825010,7118104408,12754788080
13830010,6874818392,12754788080
13835006,6612248408,12754788080
13840003,6310307672,12754788080
13845010,6051653488,12754788080
13850001,5962131312,12754788080
13855010,5978531696,12754788080
13860010,7961159536,12754788080
13865000,8118527856,12754788080
13870010,8181016432,12754788080
13875010,8136927112,12754788080
13880000,7974070152,12754788080
13885001,7804463008,12754788080
13890007,7565109152,12754788080
13895010,7318431648,12754788080
13900010,7097100192,12754788080
13905002,6977988512,12754788080
13910001,6898853792,12754788080
13915004,6991931296,12754788080
13920010,7043753888,12754788080
13925003,9107875744,12754788080
13930008,11375093664,12754788080
13935002,9303877848,12754788080
13940010,9106712792,12754788080
13945010,8831592664,12754788080
13950010,8593811696,12754788080
13955010,8289298672,12754788080
13960005,8098064624,12754788080
13965000,7711090928,12754788080
13970010,7236790512,12754788080
13975007,6864693488,12754788080
13980010,6509308144,12754788080
13985000,6397110512,12754788080
13990009,6380087584,12754788080
13995009,6569830688,12754788080
14000010,6709995808,12754788080
14005010,11143833888,12754788080
14010010,11201784120,12754788080
14015010,10901940536,12754788080
14020004,10547915064,12754788080
14025010,10189449528,12754788080
14030010,8610179792,12754788080
14035010,7524297424,12754788080
14040010,7370074832,12754788080
14045010,7081978576,12754788080
14050005,6915533520,12754788080
14055010,6444985064,12754788080
14060009,6263253736,12754788080
14065004,6464531176,12754788080
14070003,6096333544,12754788080
14075010,6231911144,12754788080
14080010,6506195688,12754788080
14085005,6268857064,12754788080
14090010,6359886592,12754788080
14095001,6868839168,12754788080
14100010,6930541312,12754788080
14105010,6858205952,12754788080
14110000,7096773376,12754788080
14115010,7130573568,12754788080
14120002,7199238912,12754788080
14125010,7292889856,12754788080
14130003,5232241888,12754788080
14135010,5286276320,12754788080
14140010,5297499360,12754788080
14145001,5815332064,12754788080
14150001,5827980512,12754788080
14155008,5760740576,12754788080
14160010,6462647520,12754788080
14165001,8295427296,12754788080
14170008,8207625440,12754788080
14175010,8013655264,12754788080
14180010,7898672352,12754788080
14185010,7721888992,12754788080
14190010,7532145888,12754788080
14195010,7472917728,12754788080
14200001,7232089312,12754788080
14205010,7094643936,12754788080
14210000,6943108320,12754788080
14215007,6948777184,12754788080
14220010,7025683680,12754788080
14225005,7113288928,12754788080
14230010,8687234272,12754788080
14235010,8753016032,12754788080
14240010,6561066616,12754788080
14245010,6381809272,12754788080
14250010,6211202680,12754788080
14255007,5920304760,12754788080
14260010,5749698168,12754788080
14265010,5734526584,12754788080
14270010,6884552312,12754788080
14275010,7119957624,12754788080
14280010,6765997688,12754788080
14285010,6688468600,12754788080
14290010,6527053432,12754788080
14295009,6345322104,12754788080
14300010,6602698360,12754788080
14305010,6744813200,12754788080
14310010,6783381136,12754788080
14315010,6804106896,12754788080
14320000,6932213392,12754788080
14325010,7063236240,12754788080
14330010,7184658064,12754788080
14335006,8575479800,12754788080
14340010,9478909944,12754788080
14345010,9490526200,12754788080
14350008,9285726200,12754788080
14355010,8988143632,12754788080
14360000,8652582952,12754788080
14365006,8368123968,12754788080
14370010,8024666176,12754788080
14375005,7529672768,12754788080
14380009,7009136680,12754788080
14385000,6778613800,12754788080
14390010,7478276136,12754788080
14395006,7405957160,12754788080
14400001,7316418600,12754788080
14405007,7189278760,12754788080
14410000,7249604648,12754788080
14415010,8018473000,12754788080
14420010,5879001464,12754788080
14425010,5608829304,12754788080
14430010,5422788984,12754788080
14435010,5519241592,12754788080
14440010,7008121208,12754788080
14445009,6969455016,12754788080
14450010,6767210968,12754788080
14455008,6402355672,12754788080
14460008,7370961368,12754788080
14465005,8323822040,12754788080
14470010,8585753048,12754788080
14475000,7950037440,12754788080
14480010,7688630720,12754788080
14485002,7501705664,12754788080
14490010,7292629440,12754788080
14495000,10419548608,12754788080
14500003,11447497176,12754788080
14505008,9407836968,12754788080
14510010,9220829992,12754788080
14515006,9054188328,12754788080
14520008,8720347944,12754788080
14525007,8426337064,12754788080
14530010,7966896936,12754788080
14535010,7572550464,12754788080
14540010,7067595608,12754788080
14545002,6620853080,12754788080
14550006,6787904368,12754788080
14555009,7146386336,12754788080
14560010,7289123744,12754788080
14565008,6834910112,12754788080
14570010,6725350304,12754788080
14575000,8598041504,12754788080
14580009,8622896032,12754788080
14585010,8315401120,12754788080
14590000,8073425824,12754788080
14595010,7894610848,12754788080
14600010,6949254456,12754788080
14605010,5621806344,12754788080
14610006,5417956616,12754788080
14615010,5573178632,12754788080
14620009,6128579848,12754788080
14625000,6028391712,12754788080
14630000,5851542816,12754788080
14635007,7445804320,12754788080
14640010,7742403872,12754788080
14645010,7718434104,12754788080
14650003,7206040888,12754788080
14655008,7090124112,12754788080
14660001,6754350416,12754788080
14665010,9566303568,12754788080
14670000,10723276136,12754788080
14675010,10634016104,12754788080
14680008,10395694440,12754788080
14685008,9984832872,12754788080
14690000,9753212264,12754788080
14695002,9495360872,12754788080
14700006,9624597864,12754788080
14705010,6963623656,12754788080
14710001,6810040040,12754788080
14715010,6440990440,12754788080
14720008,5990495976,12754788080
14725010,5796116224,12754788080
14730010,5688784640,12754788080
14735010,5763380992,12754788080
14740010,5800621824,12754788080
14745001,6569916160,12754788080
14750008,6239794944,12754788080
14755000,7713322752,12754788080
14760002,8742876928,12754788080
14765010,8544548608,12754788080
14770010,8605824768,12754788080
14775010,7910602496,12754788080
14780006,7314962176,12754788080
14785010,7395309672,12754788080
14790001,6229047400,12754788080
14795009,6022576232,12754788080
14800002,5774260352,12754788080
14805002,6256621696,12754788080
14810000,7857191040,12754788080
14815010,7479720040,12754788080
14820010,7096907880,12754788080
14825010,6664157336,12754788080
14830010,6542424216,12754788080
14835000,6547241112,12754788080
14840000,6728906904,12754788080
14845006,7272822936,12754788080
14850010,7106427032,12754788080
14855010,7003371672,12754788080
14860000,7163410608,12754788080
14865010,7971994136,12754788080
14870004,5215517232,12754788080
14875000,6270482992,12754788080
14880010,6356597296,12754788080
14885009,5973522992,12754788080
14890010,5983894064,12754788080
14895010,6488062536,12754788080
14900010,6486751816,12754788080
14905010,6226098760,12754788080
14910000,6539852384,12754788080
14915008,6660274784,12754788080
14920009,6929201760,12754788080
14925010,6964492896,12754788080
14930010,7100152416,12754788080
14935001,7195621984,12754788080
14940010,5569510368,12754788080
14945004,5286607840,12754788080
14950010,5462473696,12754788080
14955010,5422545888,12754788080
14960010,5559516128,12754788080
14965002,7018134496,12754788080
14970010,7356808160,12754788080
14975010,7158725600,12754788080
14980004,6675299296,12754788080
14985010,6558202872,12754788080
14990010,7669464056,12754788080
14995005,7374617592,12754788080
15000010,7100660704,12754788080
15005003,7309917152,12754788080
15010010,6601276768,12754788080
15015003,5791431984,12754788080
15020001,5841173832,12754788080
15025010,5627166000,12754788080
15030010,5899943216,12754788080
15035010,6117899568,12754788080
15040007,6659407176,12754788080
15045005,6744309064,12754788080
15050006,6752566624,12754788080
15055000,7271791968,12754788080
15060010,7467105632,12754788080
15065008,7209352544,12754788080
15070001,5723406096,12754788080
15075010,5276253968,12754788080
15080005,5434244880,12754788080
15085010,6201949968,12754788080
15090010,6143622952,12754788080
15095001,5963218728,12754788080
15100010,7456620328,12754788080
15105000,7558528808,12754788080
15110010,7341244200,12754788080
15115001,6946324288,12754788080
15120010,6753206080,12754788080
15125010,6797131584,12754788080
15130000,7051444032,12754788080
15135005,7123615552,12754788080
15140010,8283946816,12754788080
15145010,6364037216,12754788080
15150001,6137364576,12754788080
15155008,5880037472,12754788080
15160010,5734858896,12754788080
15165010,6084264104,12754788080
15170010,6158450856,12754788080
15175004,6878036136,12754788080
15180010,6850216104,12754788080
15185003,7326302376,12754788080
15190001,7427047592,12754788080
15195010,7447675048,12754788080
15200001,7293976744,12754788080
15205002,7040041128,12754788080
15210010,7011877032,12754788080
15215010,7085752488,12754788080
15220010,7164297384,12754788080
15225010,7264010408,12754788080
15230010,6817120880,12754788080
15235010,5263114864,12754788080
15240010,5214962288,12754788080
15245004,5244125808,12754788080
15250010,5343920752,12754788080
15255000,5416485488,12754788080
15260005,5501813360,12754788080
15265001,5611061872,12754788080
15270009,5804409456,12754788080
15275005,5929468528,12754788080
15280000,6465602184,12754788080
15285002,7153336968,12754788080
15290010,8024507040,12754788080
15295010,7528153760,12754788080
15300001,7391724192,12754788080
15305007,7191970464,12754788080
15310006,8190558880,12754788080
15315005,6044697752,12754788080
15320010,5863949464,12754788080
15325010,5686690968,12754788080
15330010,5762303128,12754788080
15335010,6946620568,12754788080
15340000,6700942488,12754788080
15345006,6422070400,12754788080
15350010,6941705344,12754788080
15355000,8915977344,12754788080
15360010,8715306160,12754788080
15365010,8213251248,12754788080
15370010,6020711936,12754788080
15375010,5762254336,12754788080
15380005,5581276672,12754788080
15385003,5739677184,12754788080
15390010,5930075648,12754788080
15395008,6185059840,12754788080
15400006,6435456512,12754788080
15405007,6511560240,12754788080
15410010,6585386544,12754788080
15415008,6885885488,12754788080
15420009,6964332080,12754788080
15425010,7251183152,12754788080
15430003,8099301272,12754788080
15435000,5291476960,12754788080
15440010,5417158624,12754788080
15445010,6251857888,12754788080
15450010,6863505376,12754788080
15455006,6571427832,12754788080
15460010,6403065848,12754788080
15465010,6525159416,12754788080
15470000,7089899512,12754788080
15475010,7641974776,12754788080
15480001,7439026168,12754788080
15485008,7279134712,12754788080
15490010,7217924088,12754788080
15495010,7618693496,12754788080
15500010,6409701752,12754788080
15505010,6197889400,12754788080
15510010,5757995384,12754788080
15515010,5978851704,12754788080
15520004,6867339664,12754788080
15525000,6707153320,12754788080
15530010,6523324840,12754788080
15535001,8615905704,12754788080
15540010,8053934504,12754788080
15545005,7589726632,12754788080
15550010,5486742312,12754788080
15555010,5465443112,12754788080
15560010,5759175464,12754788080
15565010,5771283240,12754788080
15570010,5776771880,12754788080
15575010,6645533480,12754788080
15580010,6491376424,12754788080
15585010,7049104168,12754788080
15590001,7562562344,12754788080
15595010,7299681064,12754788080
15600010,7573015336,12754788080
15605000,7984778264,12754788080
15610000,5742922896,12754788080
15615010,5683317904,12754788080
15620010,5613374608,12754788080
15625009,6334155944,12754788080
15630010,6120672424,12754788080
15635005,6064852136,12754788080
15640010,6717295784,12754788080
15645010,6653889704,12754788080
15650010,6511742144,12754788080
15655000,6892096704,12754788080
15660007,7129550016,12754788080
15665006,7154060480,12754788080
15670004,5352754728,12754788080
15675006,5303340584,12754788080
15680010,6167383592,12754788080
15685010,6086823512,12754788080
15690001,6031920800,12754788080
15695003,8253902520,12754788080
15700010,8390250168,12754788080
15705004,7763119800,12754788080
15710010,7389449912,12754788080
15715004,7091523256,12754788080
15720010,7055478456,12754788080
15725010,7064227512,12754788080
15730004,7129632440,12754788080
15735002,7131975352,12754788080
15740010,7153618616,12754788080
15745010,7186140856,12754788080
15750010,7224184504,12754788080
15755000,7249677984,12754788080
15760000,7613075104,12754788080
15765001,5602005072,12754788080
15770010,5303521360,12754788080
15775010,5300654160,12754788080
15780010,5290086480,12754788080
15785010,5352067152,12754788080
15790008,5444882512,12754788080
15795010,5519085648,12754788080
15800010,5595861072,12754788080
15805000,5784244328,12754788080
15810008,5787406440,12754788080
15815004,5890248808,12754788080
15820003,5950476392,12754788080
15825010,6076600448,12754788080
15830010,6350131328,12754788080
15835005,6346018944,12754788080
15840010,6866391168,12754788080
15845008,7153995904,12754788080
15850003,7808848000,12754788080
15855006,7547834496,12754788080
15860003,7547981952,12754788080
15865010,7525224576,12754788080
15870010,6659035672,12754788080
15875010,5277389264,12754788080
15880005,5564731856,12754788080
15885006,5650616784,12754788080
15890010,5749592528,12754788080
15895010,5935731152,12754788080
15900008,6151049680,12754788080
15905010,6446551504,12754788080
15910008,6575100368,12754788080
15915002,6590337488,12754788080
15920002,6680793528,12754788080
15925004,6785864120,12754788080
15930010,6948016568,12754788080
15935009,7015109072,12754788080
15940010,7196332544,12754788080
15945000,7938773576,12754788080
15950005,5269935024,12754788080
15955010,5255369648,12754788080
15960010,5357851568,12754788080
15965010,5553247152,12754788080
15970010,5598303152,12754788080
15975009,6225531824,12754788080
15980010,6389797808,12754788080
15985010,6283613104,12754788080
15990002,6472487880,12754788080
15995010,6524261344,12754788080
16000002,6898734072,12754788080
16005010,6873371640,12754788080
16010010,7006311416,12754788080
16015006,7062213624,12754788080
16020010,7181358072,12754788080
16025003,7231542264,12754788080
16030008,7481119736,12754788080
16035010,5173237112,12754788080
16040009,5214639480,12754788080
16045010,5401564536,12754788080
16050002,5440623992,12754788080
16055010,5712696720,12754788080
16060000,5985752464,12754788080
16065010,6065345936,12754788080
16070010,6390928784,12754788080
16075010,6269195616,12754788080
16080010,6790894968,12754788080
16085010,6506665336,12754788080
16090010,7015617912,12754788080
16095010,7095981456,12754788080
16100003,7079548304,12754788080
16105010,7731763056,12754788080
16110010,5328672600,12754788080
16115003,5314697048,12754788080
16120009,5477193560,12754788080
16125007,5626238760,12754788080
16130010,5726705448,12754788080
16135010,5860661056,12754788080
16140010,5921904448,12754788080
16145010,6310254400,12754788080
16150010,6405199680,12754788080
16155010,6461658944,12754788080
16160008,6640457536,12754788080
16165010,6688839488,12754788080
16170010,6816831320,12754788080
16175000,6859380568,12754788080
16180010,7065900912,12754788080
16185010,7103797104,12754788080
16190010,7621203824,12754788080
16195010,5181200768,12754788080
16200010,5006481792,12754788080
16205010,4843395432,12754788080
16210010,1193624192,12754788080
16215010,4700333464,12754788080
16220010,5858963408,12754788080
16225010,5054543312,12754788080
16230007,7348681416,12754788080
16235010,4749721032,12754788080
16240001,4753424728,12754788080
16245009,4732355936,12754788080
16250000,6765742320,12754788080
16255010,4723346320,12754788080
16260005,4725345864,12754788080
16265010,5794205856,12754788080
16270001,4720890400,12754788080
16275000,5795370128,12754788080
16280003,4722071056,12754788080
16285010,4717451440,12754788080
16290006,7632411400,12754788080
16295010,4718484640,12754788080
16300001,4718845448,12754788080
16305002,7518724168,12754788080
16310010,4722778592,12754788080
16315003,4723123016,12754788080
16320010,5814281608,12754788080
16325007,4740916976,12754788080
16330010,4741277784,12754788080
16335002,4741622184,12754788080
16340010,5819345848,12754788080
16345005,4745948472,12754788080
16350010,4749913616,12754788080
16355005,4735577616,12754788080
16360001,7023406848,12754788080
16365007,6659993344,12754788080
16370010,6659993344,12754788080
16375010,6659993344,12754788080
16380010,6614773672,12754788080
16385010,6614773672,12754788080
16390010,6614773672,12754788080
16395010,6625931368,12754788080
16400010,6625931368,12754788080
16405010,6625931368,12754788080
16410003,6625931368,12754788080
16415003,6625931368,12754788080
16420010,6047052072,12754788080
16425010,6047052072,12754788080
16430010,6047052072,12754788080
16435008,6047052072,12754788080
16440010,6631436752,12754788080
16445002,6631436752,12754788080
16450001,6631436752,12754788080
16455010,6631436752,12754788080
16460010,6435418240,12754788080
16465010,6625030800,12754788080
16470000,6625030800,12754788080
16475010,6625030800,12754788080
16480000,6625030800,12754788080
16485001,7252833128,12754788080
16490010,6624555880,12754788080
16495000,6624555880,12754788080
16500010,6624555880,12754788080
16505010,6624555880,12754788080
16510010,7303132200,12754788080
16515010,7298659368,12754788080
16520007,2713023864,12754788080
16525010,2711238272,12754788080
16530002,2714400696,12754788080
16535010,2694084704,12754788080
16540010,2688759904,12754788080
16545010,2691184736,12754788080
16550009,2695755872,12754788080
16555010,2697754720,12754788080
16560000,4103092584,12754788080
16565010,6113672320,12754788080
16570010,5828330664,12754788080
16575010,7588399352,12754788080
16580010,8360939424,12754788080
16585000,7377080320,12754788080
16590010,5339681800,12754788080
16595005,6514906888,12754788080
16600009,6799481616,12754788080
16605010,7416585792,12754788080
16610010,5366472880,12754788080
16615001,4826620272,12754788080
16620010,3997754072,12754788080
16625008,4589298704,12754788080
16630010,4493796608,12754788080
16635010,4086867392,12754788080
16640010,4131219288,12754788080
16645008,4116113312,12754788080
16650009,4468680944,12754788080
16655009,5233322392,12754788080
16660010,4379601592,12754788080
16665008,4890651416,12754788080
16670010,4252839136,12754788080
16675011,4708773592,12754788080
16680010,4273647656,12754788080
16685010,4919783704,12754788080
16690006,4231836456,12754788080
16695001,4263589008,12754788080
16700010,4885099952,12754788080
16705010,4300044344,12754788080
16710006,4250646896,12754788080
16715005,4262148800,12754788080
16720010,4211588040,12754788080
16725010,4276666032,12754788080
16730000,4220420264,12754788080
16735009,4219978376,12754788080
16740000,4107568112,12754788080
16745010,4236937016,12754788080
16750010,4345645144,12754788080
16755009,4344269368,12754788080
16760005,4314958728,12754788080
16765007,4394946112,12754788080
16770010,4418047888,12754788080
16775010,4471787768,12754788080
16780006,4409922072,12754788080
16785009,4786164536,12754788080
16790008,4426405360,12754788080
16795009,4401944432,12754788080
16800010,4511914128,12754788080
16805010,4493433216,12754788080
16810010,4287224216,12754788080
16815010,4295006904,12754788080
16820010,4313242296,12754788080
16825010,4297251512,12754788080
16830010,4286569144,12754788080
16835010,4234566328,12754788080
16840010,4276853744,12754788080
16845010,4221672432,12754788080
16850010,4222737392,12754788080
16855010,4128726000,12754788080
16860010,4128938992,12754788080
16865010,4242234640,12754788080
16870010,4239252752,12754788080
16875010,4223655184,12754788080
16880000,5064776976,12754788080
16885010,4229160544,12754788080
16890001,4223884896,12754788080
16895010,4209811040,12754788080
16900010,4513898080,12754788080
16905010,4204699568,12754788080
16910010,4130922560,12754788080
16915010,4082426184,12754788080
16920010,4071563880,12754788080
16925000,4523975440,12754788080
16930010,4125533616,12754788080
16935009,4126074624,12754788080
16940010,4122863600,12754788080
16945010,4100598056,12754788080
16950010,4122389088,12754788080
16955009,4083657552,12754788080
16960001,4078824368,12754788080
16965010,4029344808,12754788080
16970006,4726091248,12754788080
16975001,4194610840,12754788080
16980010,4193578912,12754788080
16985010,4273516592,12754788080
16990010,4161696008,12754788080
16995010,4143329736,12754788080
17000000,4147278424,12754788080
17005010,4170593024,12754788080
17010010,4148949880,12754788080
17015010,4085707880,12754788080
17020010,5354501344,12754788080
17025010,4241585952,12754788080
17030007,4148426744,12754788080
17035003,4167137464,12754788080
17040007,4199577928,12754788080
17045004,4145527232,12754788080
17050000,4120345120,12754788080
17055010,4115741360,12754788080
17060005,4117314344,12754788080
17065010,4262722440,12754788080
17070009,4370693096,12754788080
17075010,4317609440,12754788080
17080010,4314349144,12754788080
17085010,4341694208,12754788080
17090010,4343185320,12754788080
17095010,4394221576,12754788080
17100010,4337434728,12754788080
17105010,4301340896,12754788080
17110010,4354523432,12754788080
17115010,4280091016,12754788080
17120000,4171415992,12754788080
17125010,4211180320,12754788080
17130010,4279206784,12754788080
17135010,4229006328,12754788080
17140010,4565386280,12754788080
17145010,4206625928,12754788080
17150000,4265411792,12754788080
17155010,4123772160,12754788080
17160009,4192617800,12754788080
17165002,4129047976,12754788080
17170010,4065920520,12754788080
17175010,4384671672,12754788080
17180013,4398467120,12754788080
17185010,4433234064,12754788080
17190010,4456597744,12754788080
17195010,4230416720,12754788080
17200010,4210493848,12754788080
17205000,4221454840,12754788080
17210010,4588325440,12754788080
17215010,4174760584,12754788080
17220002,4127984264,12754788080
17225003,4561013576,12754788080
17230003,4165962688,12754788080
17235010,4311911432,12754788080
17240010,5286202376,12754788080
17245001,4119596040,12754788080
17250000,4115336200,12754788080
17255010,4113124360,12754788080
17260010,4105292808,12754788080
17265010,4096904200,12754788080
17270003,4078586888,12754788080
17275000,4961455112,12754788080
17280010,4195372376,12754788080
17285010,4194340184,12754788080
17290010,4192980312,12754788080
17295006,4187032920,12754788080
17300009,4183985496,12754788080
17305010,4182183256,12754788080
17310008,4177939800,12754788080
17315010,4183969088,12754788080
17320010,4161883456,12754788080
17325001,4797271360,12754788080
17330006,4174778000,12754788080
17335010,4173336208,12754788080
17340010,4171304592,12754788080
17345010,4169207440,12754788080
17350000,4162391696,12754788080
17355010,4131720848,12754788080
17360010,5004709520,12754788080
17365010,4159885280,12754788080
17370010,4158312416,12754788080
17375010,4154576864,12754788080
17380010,4134850528,12754788080
17385010,4113616864,12754788080
17390010,4020948960,12754788080
17395010,4141125912,12754788080
17400010,4137652504,12754788080
17405010,4131492120,12754788080
17410010,4117795096,12754788080
17415010,4110520600,12754788080
17420010,4106916120,12754788080
17425010,4101935384,12754788080
17430010,4081815832,12754788080
17435010,5000614168,12754788080
17440010,4229501568,12754788080
17445010,4224127616,12754788080
17450010,4210889344,12754788080
17455010,4200403584,12754788080
17460010,4193718912,12754788080
17465010,4191359616,12754788080
17470010,4188082816,12754788080
17475010,4139717248,12754788080
17480010,4601139840,12754788080
17485010,4138947536,12754788080
17490007,4136063952,12754788080
17495001,4128330704,12754788080
17500010,4119155664,12754788080
17505010,4113519568,12754788080
17510010,4103623632,12754788080
17515010,4048442320,12754788080
17520000,4721513832,12754788080
17525003,4129772904,12754788080
17530010,4127741288,12754788080
17535010,4125513064,12754788080
17540010,4122629480,12754788080
17545010,4115289448,12754788080
17550010,4082849128,12754788080
17555010,4848572232,12754788080
17560010,4194850632,12754788080
17565008,4193277768,12754788080
17570010,4190918472,12754788080
17575001,4187903816,12754788080
17580010,4171913032,12754788080
17585010,4021376840,12754788080
17590010,4166294616,12754788080
17595008,4164721752,12754788080
17600010,4163411032,12754788080
17605010,4161248344,12754788080
17610010,4158889048,12754788080
17615010,4153646168,12754788080
17620010,4113603672,12754788080
17625010,5083077744,12754788080
17630010,4526644816,12754788080
17635010,4524940880,12754788080
17640010,4523236944,12754788080
17645010,4520746576,12754788080
17650010,4517207632,12754788080
17655010,4511112784,12754788080
17660010,4503576144,12754788080
17665010,4481359440,12754788080
17670010,4424408656,12754788080
17675010,5745581648,12754788080
17680010,4307099696,12754788080
17685010,4305461296,12754788080
17690010,4303167536,12754788080
17695010,4300415024,12754788080
17700010,4297924656,12754788080
17705010,4295434288,12754788080
17710010,4278984752,12754788080
17715010,4257292336,12754788080
17720010,4180549680,12754788080
17725004,5128954432,12754788080
17730010,4450361920,12754788080
17735010,4448985664,12754788080
17740010,4445250112,12754788080
17745010,4442366528,12754788080
17750010,4439876160,12754788080
17755010,4436861504,12754788080
17760006,4425785920,12754788080
17765010,4402324032,12754788080
17770010,4307493440,12754788080
17775010,5999288920,12754788080
17780010,4425901256,12754788080
17785010,4424852680,12754788080
17790010,4423083208,12754788080
17795010,4421706952,12754788080
17800010,4418888904,12754788080
17805010,4411417800,12754788080
17810010,4402570440,12754788080
17815010,4383827144,12754788080
17820010,4339328200,12754788080
17825010,6075720952,12754788080
17830010,4646528824,12754788080
17835006,4643776312,12754788080
17840007,4639188792,12754788080
17845010,4634666808,12754788080
17850010,4620642104,12754788080
17855010,4616382264,12754788080
17860010,4608386872,12754788080
17865010,4598228792,12754788080
17870000,4587218744,12754788080
17875010,4568606520,12754788080
17880010,4502480696,12754788080
17885010,4362102584,12754788080
17890010,5864056608,12754788080
17895010,4650527072,12754788080
17900010,4649150816,12754788080
17905010,4646529376,12754788080
17910010,4637878624,12754788080
17915010,4634405216,12754788080
17920010,4628506976,12754788080
17925010,4615989600,12754788080
17930010,4593576288,12754788080
17935010,4506085728,12754788080
17940006,4275595616,12754788080
17945010,5701232992,12754788080
17950004,4793035584,12754788080
17955010,4790938432,12754788080
17960001,4788644672,12754788080
17965010,4784122688,12754788080
17970010,4781304640,12754788080
17975010,4778617664,12754788080
17980010,4774095680,12754788080
17985010,4750175040,12754788080
17990010,4716620608,12754788080
17995010,4646300480,12754788080
18000010,4458474304,12754788080
18005004,4296665920,12754788080
18010010,5653343112,12754788080
18015010,5094223160,12754788080
18020010,5091929400,12754788080
18025010,5090356536,12754788080
18030010,5087669560,12754788080
18035001,5084851512,12754788080
18040010,5079805240,12754788080
18045010,5067484472,12754788080
18050010,5053787448,12754788080
18055010,5031243064,12754788080
18060010,4625575224,12754788080
18065010,4446203192,12754788080
18070003,5683850552,12754788080
18075010,4735086288,12754788080
18080010,4733710032,12754788080
18085010,4731547344,12754788080
18090010,4729253584,12754788080
18095010,4724862672,12754788080
18100010,4721127120,12754788080
18105010,4714573520,12754788080
18110000,4705398480,12754788080
18115006,4695174864,12754788080
18120010,4590120656,12754788080
18125010,4464881360,12754788080
18130000,4222332624,12754788080
18135010,4658999376,12754788080
18140010,4657623120,12754788080
18145008,4656246864,12754788080
18150010,4654018640,12754788080
18155010,4650610768,12754788080
18160008,4646613072,12754788080
18165010,4641304656,12754788080
18170008,4631998544,12754788080
18175010,4622364752,12754788080
18180010,4552699984,12754788080
18185010,4444172368,12754788080
18190010,4272402512,12754788080
18195008,5229933104,12754788080
18200010,4563218992,12754788080
18205001,4561646128,12754788080
18210010,4560400944,12754788080
18215010,4558631472,12754788080
18220010,4556796464,12754788080
18225003,4549653040,12754788080
18230000,4543820336,12754788080
18235004,4525797936,12754788080
18240010,4465898032,12754788080
18245010,4405932592,12754788080
18250009,4238946864,12754788080
18255010,4511659024,12754788080
18260010,4510741520,12754788080
18265010,4509234192,12754788080
18270010,4507595792,12754788080
18275010,4505498640,12754788080
18280010,4501828624,12754788080
18285010,4494291984,12754788080
18290010,4488197136,12754788080
18295010,4451693584,12754788080
18300000,4404442128,12754788080
18305010,4377900048,12754788080
18310002,5097616400,12754788080
18315010,4463392192,12754788080
18320010,4462015936,12754788080
18325010,4459525568,12754788080
18330010,4456904128,12754788080
18335010,4454413760,12754788080
18340010,4451464640,12754788080
18345002,4445959616,12754788080
18350010,4442158528,12754788080
18355010,4427150784,12754788080
18360010,4396217792,12754788080
18365010,4376622528,12754788080
18370010,4293916096,12754788080
18375010,5143852528,12754788080
18380010,4398217216,12754788080
18385010,4397037568,12754788080
18390010,4395595776,12754788080
18395010,4394219520,12754788080
18400010,4391532544,12754788080
18405010,4386486272,12754788080
18410010,4376524800,12754788080
18415010,4362369024,12754788080
18420010,4342577152,12754788080
18425010,4328683520,12754788080
18430010,4224481280,12754788080
18435001,5194545632,12754788080
18440010,4337662528,12754788080
18445010,4335696448,12754788080
18450010,4334123584,12754788080
18455010,4332485184,12754788080
18460010,4330191424,12754788080
18465010,4327176768,12754788080
18470010,4322392640,12754788080
18475010,4316691008,12754788080
18480010,4303518272,12754788080
18485010,4294343232,12754788080
18490010,4255939136,12754788080
18495010,5798476376,12754788080
18500005,4404231224,12754788080
18505010,4402003000,12754788080
18510008,4400626744,12754788080
18515010,4398464056,12754788080
18520010,4395973688,12754788080
18525010,4388961336,12754788080
18530000,4384963640,12754788080
18535010,4372708408,12754788080
18540000,4355603512,12754788080
18545010,4342758456,12754788080
18550001,4332010552,12754788080
18555010,4273486904,12754788080
18560001,4190321720,12754788080
18565003,3072240480,12754788080
18570000,3074193368,12754788080
18575001,3595418904,12754788080
18580009,3414834552,12754788080
18585008,3477011832,12754788080
18590010,3475652008,12754788080
18595010,3471261096,12754788080
18600009,3606166976,12754788080
18605000,3811081688,12754788080
18610009,3613310424,12754788080
18615010,3657661936,12754788080
18620009,3979214368,12754788080
18625007,3701554720,12754788080
18630009,3810295328,12754788080
18635008,3959881320,12754788080
18640003,3975085672,12754788080
18645007,3943890560,12754788080
18650010,4352310936,12754788080
18655008,4225236632,12754788080
18660010,4051959496,12754788080
18665009,3979181816,12754788080
18670010,4938186488,12754788080
18675010,4403379984,12754788080
18680010,4286316352,12754788080
18685009,4512956224,12754788080
18690004,4336172936,12754788080
18695010,4519608200,12754788080
18700010,4429217720,12754788080
18705010,4680712120,12754788080
18710010,4505223168,12754788080
18715009,4694622208,12754788080
18720010,4497915976,12754788080
18725010,4670062664,12754788080
18730010,4514562216,12754788080
18735006,4606591144,12754788080
18740004,5447483584,12754788080
18745009,4598120688,12754788080
18750004,4739973360,12754788080
18755010,4668473680,12754788080
18760009,4725866832,12754788080
18765010,5636735408,12754788080
18770010,4676190616,12754788080
18775009,4756324784,12754788080
18780010,5523341888,12754788080
18785008,5479498304,12754788080
18790010,5512233536,12754788080
18795010,5471240888,12754788080
18800010,5444305592,12754788080
18805010,5495505592,12754788080
18810010,6477169480,12754788080
18815009,5442143048,12754788080
18820009,5533336392,12754788080
18825010,5526520648,12754788080
18830010,6902809560,12754788080
18835010,5530551256,12754788080
18840010,5671781336,12754788080
18845009,5655282648,12754788080
18850010,6651593784,12754788080
18855010,5880202296,12754788080
18860010,5583078456,12754788080
18865010,5630198840,12754788080
18870010,6849135672,12754788080
18875010,7419708592,12754788080
18880009,5554291888,12754788080
18885010,5645894832,12754788080
18890010,5687067824,12754788080
18895010,7409714352,12754788080
18900006,8135574968,12754788080
18905009,6478710200,12754788080
18910010,6577112504,12754788080
18915010,6603539896,12754788080
18920010,6769018296,12754788080
18925010,8921974296,12754788080
18930010,8921974296,12754788080
18935001,6602950168,12754788080
18940010,6683641368,12754788080
18945010,6766167576,12754788080
18950010,8442889824,12754788080
18955010,6713755232,12754788080
18960009,6845662816,12754788080
18965009,6883870304,12754788080
18970010,8010122896,12754788080
18975010,8010122896,12754788080
18980010,7010322064,12754788080
18985010,6881625744,12754788080
18990010,6915622544,12754788080
18995010,8231929560,12754788080
19000010,6922684120,12754788080
19005010,7021971160,12754788080
19010010,6986335960,12754788080
19015006,8065173280,12754788080
19020010,8065173280,12754788080
19025010,7101892384,12754788080
19030010,7214925600,12754788080
19035010,7267010336,12754788080
19040002,8006354720,12754788080
19045010,8798848872,12754788080
19050010,7299532648,12754788080
19055010,7168460648,12754788080
19060010,7250560872,12754788080
19065009,7332349800,12754788080
19070010,8485816288,12754788080
19075010,7206864864,12754788080
19080010,7176800224,12754788080
19085010,7213778912,12754788080
19090008,7274563552,12754788080
19095010,8607385640,12754788080
19100010,8607385640,12754788080
19105010,7056295976,12754788080
19110009,7065258024,12754788080
19115010,7116081192,12754788080
19120010,8440743976,12754788080
19125003,7938328688,12754788080
19130009,7018072176,12754788080
19135010,7075252336,12754788080
19140010,7158204528,12754788080
19145010,7854753904,12754788080
19150010,6999640272,12754788080
19155007,7014942928,12754788080
19160009,7135611088,12754788080
19165003,7285098704,12754788080
19170010,8638777696,12754788080
19175010,7492929888,12754788080
19180010,7184992608,12754788080
19185010,7231375712,12754788080
19190010,7224478048,12754788080
19195010,7404702048,12754788080
19200010,8551074240,12754788080
19205010,7519046080,12754788080
19210009,7180356032,12754788080
19215010,7276431808,12754788080
19220009,7310707136,12754788080
19225010,7450085824,12754788080
19230010,8476756512,12754788080
19235010,8476756512,12754788080
19240010,7143066144,12754788080
19245010,7240403488,12754788080
19250010,7299254816,12754788080
19255010,7428819488,12754788080
19260010,9940422136,12754788080
19265010,9940422136,12754788080
19270005,7645203960,12754788080
19275009,7746539000,12754788080
19280010,7835192824,12754788080
19285010,7838535160,12754788080
19290010,8918076920,12754788080
19295010,9824210592,12754788080
19300010,7662374536,12754788080
19305010,7758532232,12754788080
19310010,7792610952,12754788080
19315010,7799918216,12754788080
19320010,7945326216,12754788080
19325010,8421297992,12754788080
19330010,7664258888,12754788080
19335010,7771836232,12754788080
19340010,7842533192,12754788080
19345010,7842058056,12754788080
19350009,7934873416,12754788080
19355004,9148780552,12754788080
19360006,8852901896,12754788080
19365009,8023248904,12754788080
19370010,8048988168,12754788080
19375010,8170311688,12754788080
19380009,8108101640,12754788080
19385010,9566015496,12754788080
19390010,8797950152,12754788080
19395010,8125403336,12754788080
19400009,8138559688,12754788080
19405010,8150552776,12754788080
19410010,8244433096,12754788080
19415010,8416465096,12754788080
19420006,10499871064,12754788080
19425010,9391264088,12754788080
19430010,9391264088,12754788080
19435010,9391264088,12754788080
19440004,9141080408,12754788080
19445010,8082592088,12754788080
19450010,8162677080,12754788080
19455010,8248004952,12754788080
19460010,8606568792,12754788080
19465010,10195653024,12754788080
19470010,9335771552,12754788080
19475010,9335771552,12754788080
19480009,8402375072,12754788080
19485010,8492421536,12754788080
19490010,8539541920,12754788080
19495009,8563954080,12754788080
19500010,8907198880,12754788080
19505010,9399996904,12754788080
19510010,9155514856,12754788080
19515010,8462995944,12754788080
19520010,8530399720,12754788080
19525010,8561381864,12754788080
19530003,8701841896,12754788080
19535002,10430419576,12754788080
19540010,9103807096,12754788080
19545010,8928498296,12754788080
19550010,8482296440,12754788080
19555010,8543736440,12754788080
19560008,8590234232,12754788080
19565010,8587416184,12754788080
19570010,10160722576,12754788080
19575010,9180500672,12754788080
19580010,9148453568,12754788080
19585010,9101857472,12754788080
19590010,8905183936,12754788080
19595010,8452051648,12754788080
19600003,8532071104,12754788080
19605010,8618660544,12754788080
19610010,8634241728,12754788080
19615010,8905790144,12754788080
19620010,10343158584,12754788080
19625002,9177928504,12754788080
19630009,8437142328,12754788080
19635010,8569901880,12754788080
19640010,8564953912,12754788080
19645010,8597787448,12754788080
19650009,8692994872,12754788080
19655010,10384823288,12754788080
19660010,9178223608,12754788080
19665010,8886866936,12754788080
19670010,8557958136,12754788080
19675009,8552551416,12754788080
19680010,8608322552,12754788080
19685010,8702891000,12754788080
19690010,9653539856,12754788080
19695010,9072759824,12754788080
19700000,9072759824,12754788080
19705010,9072759824,12754788080
19710010,8865059856,12754788080
19715010,8473039888,12754788080
19720010,8539329552,12754788080
19725010,8603964432,12754788080
19730009,8622707728,12754788080
19735010,9222935568,12754788080
19740010,9707492488,12754788080
19745010,9498186888,12754788080
19750010,9194427528,12754788080
19755010,8713016456,12754788080
19760002,8782173320,12754788080
19765010,8835421320,12754788080
19770010,9014793352,12754788080
19775010,10435089664,12754788080
19780010,9565050112,12754788080
19785010,9365509376,12754788080
19790010,9365509376,12754788080
19795010,8912196864,12754788080
19800009,8949011712,12754788080
19805010,8999441664,12754788080
19810010,9083819264,12754788080
19815012,9921680640,12754788080
19820010,9598670248,12754788080
19825010,9511474600,12754788080
19830002,9416496552,12754788080
19835005,9369376168,12754788080
19840010,8865617320,12754788080
19845010,8958858664,12754788080
19850010,9029555624,12754788080
19855010,9185842600,12754788080
19860010,9296385448,12754788080
19865010,10485601704,12754788080
19870010,10158413368,12754788080
19875010,10158413368,12754788080
19880010,10158413368,12754788080
19885007,9303037496,12754788080
19890010,9371391544,12754788080
19895008,9431111224,12754788080
19900010,9475462712,12754788080
19905010,9541457464,12754788080
19910010,11011479144,12754788080
19915010,10037794504,12754788080
19920010,10037794504,12754788080
19925010,9957725896,12754788080
19930010,9284507336,12754788080
19935010,9358890696,12754788080
19940009,9416627912,12754788080
19945010,9471432392,12754788080
19950010,9463781064,12754788080
19955010,9530349256,12754788080
19960004,10065909592,12754788080
19965010,10111948632,12754788080
19970010,10111948632,12754788080
19975010,10015676248,12754788080
19980010,10015676248,12754788080
19985010,10015676248,12754788080
19990000,9287948120,12754788080
19995007,9350633304,12754788080
20000008,9414137688,12754788080
20005009,9461028696,12754788080
20010009,9593624408,12754788080
20015009,9611712344,12754788080
20020010,10254473144,12754788080
20025010,10271741880,12754788080
20030010,10271741880,12754788080
20035010,10163869624,12754788080
20040010,10163869624,12754788080
20045010,10163869624,12754788080
20050000,9337313208,12754788080
20055009,9449248696,12754788080
20060009,9483950008,12754788080
20065010,9497909176,12754788080
20070010,9514817464,12754788080
20075010,9585334200,12754788080
20080010,10396227512,12754788080
20085008,10498021424,12754788080
20090010,10498021424,12754788080
20095010,10498021424,12754788080
20100010,10350827568,12754788080
20105010,10350827568,12754788080
20110010,9365837872,12754788080
20115010,9438353456,12754788080
20120010,9504675888,12754788080
20125010,9545881648,12754788080
20130010,9543669808,12754788080
20135005,9602963504,12754788080
20140010,10202519672,12754788080
20145010,10202519672,12754788080
20150010,10202519672,12754788080
20155006,10202519672,12754788080
20160010,10022754424,12754788080
20165010,9866582136,12754788080
20170009,9406584952,12754788080
20175010,9491454072,12754788080
20180010,9517471864,12754788080
20185010,9540212856,12754788080
20190010,9533511800,12754788080
20195010,9605617784,12754788080
20200002,10270480600,12754788080
20205010,10273954008,12754788080
20210002,10273954008,12754788080
20215010,10273954008,12754788080
20220010,10109655256,12754788080
20225010,10109655256,12754788080
20230002,9355729112,12754788080
20235010,9414842584,12754788080
20240009,9467451608,12754788080
20245010,9519372504,12754788080
20250009,9527187672,12754788080
20255009,9608091864,12754788080
20260000,10302314712,12754788080
20265010,10254506248,12754788080
20270010,10254506248,12754788080
20275010,10254506248,12754788080
20280010,10254506248,12754788080
20285010,10089814280,12754788080
20290000,9388710152,12754788080
20295005,9448511752,12754788080
20300009,9508493576,12754788080
20305010,9544063240,12754788080
20310010,9554352392,12754788080
20315010,9528547592,12754788080
20320010,10112441424,12754788080
20325010,11693890664,12754788080
20330010,11037924816,12754788080
20335010,11037924816,12754788080
20340010,11037924816,12754788080
20345010,11037924816,12754788080
20350009,9891077608,12754788080
20355009,9967082984,12754788080
20360010,10025901544,12754788080
20365010,10096287208,12754788080
20370010,10120322536,12754788080
20375010,10135363048,12754788080
20380010,10205666792,12754788080
20385010,11283373544,12754788080
20390010,10806746864,12754788080
20395010,10806746864,12754788080
20400005,10806746864,12754788080
20405010,10806746864,12754788080
20410010,10651311856,12754788080
20415010,9991708400,12754788080
20420009,10033258224,12754788080
20425004,10030653168,12754788080
20430004,10075430640,12754788080
20435010,10092748528,12754788080
20440010,10177093360,12754788080
20445010,10636975952,12754788080
20450010,10654539600,12754788080
20455010,10654539600,12754788080
20460010,10654539600,12754788080
20465010,10654539600,12754788080
20470007,9925189456,12754788080
20475010,10013794128,12754788080
20480009,10054688592,12754788080
20485009,10104495952,12754788080
20490010,10101907280,12754788080
20495010,10181042000,12754788080
20500010,10753892176,12754788080
20505010,10684391320,12754788080
20510010,10684391320,12754788080
20515008,10684391320,12754788080
20520010,10684391320,12754788080
20525003,10684391320,12754788080
20530003,9934987160,12754788080
20535010,10018283416,12754788080
20540010,10043416472,12754788080
20545010,10084769688,12754788080
20550009,10079461272,12754788080
20555010,10166640536,12754788080
20560010,10743029656,12754788080
20565010,10552107000,12754788080
20570010,10510753784,12754788080
20575010,10462912504,12754788080
20580000,10402553848,12754788080
20585010,10332364792,12754788080
20590008,9977602040,12754788080
20595009,10051297272,12754788080
20600006,10098843640,12754788080
20605008,10094764024,12754788080
20610010,10084442104,12754788080
20615010,10171539448,12754788080
20620005,10512703552,12754788080
20625010,10522140736,12754788080
20630010,10522140736,12754788080
20635000,10522140736,12754788080
20640010,10297942080,12754788080
20645010,9957285952,12754788080
20650003,9999016000,12754788080
20655010,10042499136,12754788080
20660010,10080182336,12754788080
20665009,10089865280,12754788080
20670010,10173767744,12754788080
20675010,10673643584,12754788080
20680010,9910558880,12754788080
20685010,9912459424,12754788080
20690010,10014466208,12754788080
20695010,10031800480,12754788080
20700010,10088079520,12754788080
20705010,10103464096,12754788080
20710002,10123354272,12754788080
20715010,10226704544,12754788080
20720001,11118403768,12754788080
20725010,10492354792,12754788080
20730010,10492354792,12754788080
20735010,10492354792,12754788080
20740010,9975095528,12754788080
20745009,10039419112,12754788080
20750009,10047987944,12754788080
20755008,10103660776,12754788080
20760010,10086064360,12754788080
20765000,10166870248,12754788080
20770010,10499645672,12754788080
20775009,10400375040,12754788080
20780010,10400375040,12754788080
20785003,10400375040,12754788080
20790010,10400375040,12754788080
20795010,10268451072,12754788080
20800004,9955516672,12754788080
20805010,10016006400,12754788080
20810010,10041155840,12754788080
20815009,10084557056,12754788080
20820004,10090422528,12754788080
20825010,10190872832,12754788080
20830010,10614792472,12754788080
20835010,10413072712,12754788080
20840010,10413072712,12754788080
20845010,10413072712,12754788080
20850010,10412990792,12754788080
20855004,10105102664,12754788080
20860010,4782088496,12754788080
20865010,4849410448,12754788080
20870010,4727054760,12754788080
20875010,4732215720,12754788080
20880010,4737327528,12754788080
20885003,4739686824,12754788080
20890010,4751008168,12754788080
20895010,4748517800,12754788080
20900010,4741849512,12754788080
20905010,4750811560,12754788080
20910010,4755743144,12754788080
20915010,4748714408,12754788080
20920010,4758938024,12754788080
20925010,4753400232,12754788080
20930004,4757971368,12754788080
20935008,4754760104,12754788080
20940008,4760461736,12754788080
20945010,4757021096,12754788080
20950009,5144601000,12754788080
20955010,4267442560,12754788080
20959986,3097182848,12754788080
