timestamp_ms,height
16673.200,0
16675.825,100
16679.629,200
16682.154,300
16684.518,400
16686.863,500
16689.570,600
16691.946,700
16694.341,800
16696.784,900
16699.368,1000
16701.891,1100
16704.396,1200
16706.908,1300
16709.375,1400
16711.873,1500
16714.373,1600
16716.860,1700
16719.109,1800
16721.673,1900
16724.067,2000
16726.425,2100
16728.909,2200
16731.410,2300
16733.707,2400
16736.100,2500
16738.598,2600
16741.237,2700
16743.601,2800
16746.323,2900
16748.880,3000
16751.368,3100
16753.997,3200
16756.371,3300
16759.048,3400
16761.337,3500
16764.081,3600
16766.610,3700
16769.103,3800
16771.902,3900
16774.325,4000
16777.059,4100
16779.416,4200
16781.971,4300
16784.586,4400
16787.196,4500
16789.695,4600
16792.103,4700
16794.552,4800
16797.035,4900
16799.764,5000
16802.281,5100
16804.590,5200
16806.946,5300
16809.388,5400
16811.728,5500
16814.081,5600
16816.474,5700
16818.981,5800
16821.425,5900
16823.914,6000
16826.286,6100
16828.703,6200
16831.119,6300
16833.566,6400
16836.054,6500
16838.402,6600
16840.759,6700
16843.292,6800
16845.673,6900
16848.067,7000
16850.468,7100
16852.987,7200
16855.298,7300
16857.715,7400
16860.112,7500
16862.357,7600
16864.714,7700
16867.099,7800
16869.622,7900
16872.082,8000
16874.579,8100
16877.348,8200
16879.683,8300
16882.193,8400
16884.823,8500
16887.200,8600
16889.691,8700
16892.202,8800
16894.582,8900
16896.965,9000
16899.498,9100
16902.010,9200
16904.359,9300
16907.088,9400
16909.498,9500
16911.886,9600
16914.396,9700
16916.810,9800
16919.213,9900
16921.721,10000
16924.208,10100
16926.440,10200
16928.881,10300
16931.310,10400
16933.680,10500
16936.213,10600
16938.587,10700
16941.332,10800
16943.713,10900
16946.127,11000
16948.443,11100
16950.916,11200
16953.309,11300
16955.740,11400
16958.368,11500
16960.959,11600
16963.481,11700
16965.976,11800
16968.390,11900
16970.879,12000
16973.211,12100
16975.690,12200
16978.084,12300
16980.678,12400
16982.944,12500
16985.469,12600
16987.890,12700
16990.349,12800
16992.819,12900
16995.061,13000
16997.525,13100
17000.014,13200
17002.415,13300
17005.008,13400
17007.439,13500
17009.856,13600
17012.148,13700
17014.651,13800
17017.153,13900
17019.431,14000
17021.815,14100
17024.485,14200
17027.239,14300
17029.757,14400
17032.081,14500
17034.509,14600
17036.930,14700
17039.321,14800
17041.885,14900
17044.269,15000
17046.716,15100
17049.041,15200
17051.445,15300
17053.786,15400
17056.223,15500
17058.634,15600
17060.974,15700
17063.534,15800
17065.964,15900
17068.292,16000
17070.704,16100
17073.137,16200
17075.643,16300
17078.675,16400
17081.116,16500
17083.512,16600
17086.164,16700
17088.569,16800
17090.904,16900
17093.405,17000
17095.814,17100
17098.163,17200
17100.567,17300
17102.882,17400
17105.505,17500
17107.897,17600
17110.419,17700
17112.816,17800
17115.356,17900
17117.867,18000
17120.146,18100
17122.388,18200
17124.793,18300
17127.173,18400
17129.587,18500
17131.876,18600
17134.201,18700
17136.616,18800
17138.823,18900
17140.986,19000
17143.296,19100
17145.766,19200
17148.000,19300
17150.316,19400
17152.688,19500
17154.941,19600
17157.218,19700
17159.451,19800
17161.955,19900
17164.191,20000
17166.520,20100
17168.928,20200
17171.214,20300
17173.567,20400
17175.960,20500
17178.111,20600
17180.360,20700
17182.869,20800
17185.232,20900
17187.626,21000
17189.960,21100
17192.287,21200
17194.454,21300
17196.877,21400
17199.335,21500
17201.989,21600
17204.440,21700
17206.916,21800
17209.463,21900
17211.896,22000
17214.431,22100
17217.012,22200
17219.481,22300
17221.993,22400
17224.394,22500
17226.887,22600
17229.110,22700
17231.574,22800
17234.089,22900
17236.589,23000
17238.995,23100
17241.299,23200
17243.691,23300
17246.125,23400
17248.749,23500
17251.394,23600
17253.960,23700
17256.351,23800
17258.700,23900
17261.238,24000
17263.697,24100
17266.179,24200
17268.908,24300
17271.382,24400
17273.864,24500
17276.432,24600
17278.969,24700
17281.243,24800
17283.796,24900
17286.196,25000
17288.809,25100
17291.129,25200
17293.443,25300
17295.795,25400
17298.300,25500
17300.615,25600
17303.155,25700
17305.515,25800
17307.920,25900
17310.357,26000
17312.640,26100
17314.952,26200
17317.450,26300
17319.940,26400
17322.475,26500
17324.858,26600
17327.380,26700
17329.730,26800
17332.354,26900
17334.705,27000
17337.096,27100
17339.429,27200
17341.898,27300
17344.192,27400
17346.519,27500
17349.191,27600
17351.636,27700
17354.138,27800
17356.518,27900
17358.985,28000
17361.453,28100
17363.944,28200
17366.527,28300
17368.885,28400
17371.405,28500
17373.861,28600
17376.435,28700
17379.006,28800
17381.413,28900
17383.731,29000
17386.212,29100
17389.035,29200
17391.494,29300
17393.915,29400
17396.370,29500
17398.877,29600
17401.585,29700
17403.962,29800
17406.497,29900
17408.984,30000
17411.339,30100
17413.700,30200
17416.215,30300
17418.595,30400
17421.137,30500
17423.496,30600
17425.791,30700
17428.311,30800
17430.851,30900
17433.350,31000
17435.816,31100
17438.287,31200
17440.696,31300
17443.376,31400
17445.779,31500
17448.204,31600
17450.641,31700
17453.184,31800
17455.512,31900
17457.839,32000
17460.256,32100
17462.743,32200
17465.183,32300
17467.574,32400
17469.937,32500
17472.443,32600
17475.036,32700
17478.316,32800
17480.880,32900
17483.114,33000
17485.823,33100
17488.312,33200
17490.728,33300
17493.077,33400
17495.273,33500
17497.619,33600
17500.083,33700
17502.481,33800
17504.951,33900
17507.418,34000
17510.066,34100
17512.533,34200
17515.037,34300
17517.463,34400
17520.006,34500
17522.584,34600
17524.821,34700
17527.168,34800
17529.825,34900
17532.171,35000
17534.647,35100
17537.122,35200
17539.548,35300
17542.020,35400
17544.488,35500
17546.982,35600
17549.753,35700
17552.185,35800
17554.783,35900
17557.300,36000
17559.801,36100
17562.237,36200
17564.862,36300
17567.313,36400
17569.852,36500
17572.292,36600
17574.958,36700
17577.315,36800
17579.929,36900
17582.510,37000
17584.820,37100
17587.234,37200
17589.883,37300
17592.394,37400
17594.872,37500
17597.324,37600
17600.083,37700
17602.664,37800
17605.115,37900
17607.434,38000
17609.874,38100
17612.321,38200
17614.961,38300
17617.771,38400
17620.201,38500
17622.724,38600
17625.165,38700
17627.532,38800
17630.008,38900
17632.594,39000
17635.244,39100
17637.744,39200
17640.320,39300
17643.025,39400
17645.614,39500
17648.174,39600
17650.777,39700
17653.397,39800
17655.836,39900
17658.174,40000
17660.689,40100
17663.016,40200
17665.552,40300
17667.920,40400
17670.622,40500
17672.943,40600
17675.638,40700
17678.048,40800
17680.463,40900
17682.879,41000
17685.426,41100
17687.976,41200
17690.572,41300
17693.034,41400
17695.333,41500
17697.708,41600
17700.076,41700
17702.738,41800
17705.040,41900
17707.331,42000
17709.676,42100
17712.064,42200
17714.444,42300
17717.090,42400
17719.469,42500
17722.153,42600
17724.411,42700
17726.743,42800
17729.361,42900
17731.739,43000
17734.439,43100
17737.026,43200
17739.860,43300
17742.421,43400
17745.059,43500
17747.525,43600
17750.145,43700
17752.905,43800
17755.583,43900
17758.090,44000
17760.705,44100
17763.305,44200
17765.854,44300
17768.276,44400
17771.087,44500
17773.414,44600
17775.827,44700
17778.339,44800
17781.087,44900
17783.730,45000
17786.157,45100
17788.939,45200
17791.454,45300
17793.953,45400
17796.455,45500
17799.063,45600
17801.585,45700
17804.118,45800
17807.077,45900
17809.708,46000
17812.282,46100
17815.056,46200
17817.706,46300
17820.229,46400
17822.751,46500
17825.241,46600
17828.115,46700
17830.701,46800
17833.357,46900
17835.918,47000
17839.027,47100
17841.723,47200
17844.421,47300
17846.839,47400
17849.407,47500
17851.953,47600
17854.490,47700
17856.957,47800
17859.727,47900
17862.176,48000
17864.670,48100
17867.172,48200
17869.674,48300
17872.313,48400
17875.074,48500
17877.645,48600
17880.453,48700
17882.970,48800
17885.612,48900
17888.239,49000
17891.462,49100
17894.289,49200
17897.058,49300
17899.690,49400
17902.273,49500
17905.115,49600
17907.755,49700
17910.773,49800
17913.950,49900
17916.922,50000
17919.677,50100
17922.358,50200
17925.347,50300
17928.383,50400
17931.266,50500
17933.983,50600
17936.851,50700
17939.816,50800
17942.953,50900
17945.748,51000
17949.124,51100
17952.060,51200
17954.974,51300
17957.772,51400
17960.607,51500
17963.404,51600
17966.567,51700
17972.417,51800
17975.220,51900
17978.027,52000
17980.799,52100
17983.743,52200
17986.399,52300
17989.396,52400
17992.152,52500
17995.290,52600
17998.208,52700
18001.169,52800
18004.025,52900
18007.217,53000
18010.288,53100
18013.368,53200
18016.666,53300
18019.593,53400
18022.645,53500
18025.898,53600
18028.850,53700
18031.684,53800
18034.435,53900
18037.285,54000
18040.028,54100
18042.909,54200
18045.653,54300
18048.582,54400
18051.655,54500
18054.761,54600
18057.532,54700
18060.698,54800
18063.711,54900
18066.668,55000
18069.437,55100
18072.601,55200
18075.500,55300
18078.350,55400
18081.018,55500
18084.279,55600
18087.051,55700
18089.964,55800
18093.714,55900
18096.608,56000
18099.500,56100
18102.366,56200
18105.441,56300
18108.392,56400
18111.454,56500
18114.066,56600
18116.970,56700
18119.933,56800
18123.601,56900
18126.478,57000
18129.731,57100
18132.730,57200
18135.834,57300
18139.133,57400
18142.311,57500
18145.113,57600
18148.278,57700
18151.325,57800
18154.388,57900
18157.565,58000
18160.599,58100
18163.237,58200
18166.245,58300
18169.185,58400
18172.358,58500
18175.393,58600
18178.313,58700
18181.386,58800
18184.605,58900
18187.611,59000
18190.826,59100
18193.934,59200
18197.087,59300
18200.743,59400
18203.657,59500
18206.719,59600
18210.043,59700
18213.190,59800
18216.356,59900
18219.879,60000
18223.000,60100
18226.168,60200
18229.440,60300
18232.672,60400
18236.520,60500
18240.104,60600
18242.954,60700
18246.789,60800
18250.357,60900
18253.772,61000
18257.505,61100
18260.685,61200
18264.405,61300
18267.737,61400
18270.592,61500
18273.596,61600
18277.052,61700
18280.123,61800
18283.288,61900
18286.567,62000
18290.188,62100
18293.540,62200
18296.832,62300
18300.328,62400
18303.667,62500
18307.279,62600
18310.699,62700
18313.605,62800
18316.682,62900
18319.867,63000
18323.365,63100
18327.037,63200
18330.480,63300
18334.187,63400
18337.539,63500
18341.142,63600
18344.163,63700
18347.459,63800
18350.555,63900
18355.039,64000
18358.106,64100
18361.394,64200
18364.428,64300
18367.807,64400
18371.165,64500
18374.110,64600
18377.233,64700
18380.500,64800
18383.801,64900
18387.015,65000
18390.397,65100
18393.506,65200
18396.673,65300
18399.893,65400
18403.223,65500
18410.696,65600
18416.229,65700
18420.921,65800
18425.698,65900
18431.056,66000
18435.944,66100
18441.388,66200
18445.986,66300
18450.251,66400
18454.287,66500
18458.356,66600
18462.865,66700
18467.028,66800
18472.186,66900
18477.102,67000
18481.216,67100
18485.077,67200
18493.029,67300
18501.421,67400
18505.766,67500
18509.469,67600
18513.425,67700
18517.566,67800
18522.630,67900
18527.755,68000
18532.467,68100
18536.674,68200
18540.640,68300
18544.737,68400
18549.285,68500
18554.944,68600
18559.011,68700
18563.883,68800
18567.932,68900
18572.997,69000
18578.011,69100
18582.187,69200
18587.581,69300
18591.917,69400
18596.432,69500
18601.026,69600
18605.386,69700
18609.695,69800
18614.132,69900
18618.363,70000
18623.286,70100
18628.435,70200
18632.664,70300
18636.558,70400
18640.473,70500
18645.256,70600
18649.817,70700
18654.049,70800
18660.181,70900
18663.780,71000
18668.422,71100
18672.340,71200
18675.994,71300
18679.509,71400
18682.719,71500
18686.148,71600
18689.696,71700
18693.081,71800
18696.869,71900
18700.529,72000
18705.135,72100
18708.996,72200
18712.191,72300
18716.865,72400
18720.781,72500
18725.361,72600
18729.773,72700
18734.208,72800
18738.350,72900
18741.864,73000
18745.705,73100
18749.697,73200
18755.342,73300
18758.938,73400
18762.733,73500
18766.371,73600
18770.678,73700
18774.217,73800
18778.531,73900
18783.040,74000
18786.688,74100
18790.487,74200
18793.759,74300
18797.509,74400
18801.089,74500
18804.605,74600
18808.938,74700
18813.898,74800
18818.104,74900
18823.051,75000
18827.683,75100
18832.169,75200
18836.191,75300
18840.232,75400
18844.738,75500
18848.765,75600
18852.529,75700
18856.076,75800
18859.988,75900
18863.741,76000
18867.483,76100
18872.001,76200
18875.575,76300
18879.522,76400
18883.219,76500
18887.274,76600
18890.983,76700
18894.676,76800
18898.986,76900
18902.938,77000
18906.756,77100
18910.671,77200
18915.551,77300
18919.835,77400
18924.135,77500
18928.594,77600
18932.920,77700
18936.964,77800
18941.239,77900
18944.565,78000
18948.270,78100
18952.471,78200
18956.418,78300
18960.524,78400
18964.395,78500
18968.364,78600
18972.730,78700
18977.256,78800
18982.012,78900
18986.368,79000
18990.294,79100
18994.402,79200
18998.159,79300
19002.526,79400
19007.131,79500
19011.705,79600
19015.568,79700
19020.381,79800
19024.456,79900
19028.731,80000
19032.934,80100
19036.797,80200
19040.376,80300
19044.685,80400
19048.735,80500
19052.276,80600
19055.732,80700
19059.919,80800
19064.288,80900
19068.788,81000
19073.875,81100
19079.547,81200
19084.972,81300
19090.970,81400
19095.437,81500
19100.445,81600
19104.656,81700
19109.427,81800
19113.441,81900
19118.322,82000
19122.671,82100
19126.716,82200
19132.100,82300
19136.631,82400
19140.557,82500
19144.627,82600
19149.562,82700
19156.658,82800
19160.837,82900
19165.152,83000
19169.275,83100
19174.807,83200
19179.924,83300
19185.111,83400
19189.758,83500
19194.586,83600
19199.226,83700
19203.946,83800
19208.113,83900
19211.839,84000
19216.203,84100
19220.341,84200
19225.215,84300
19229.112,84400
19233.210,84500
19237.432,84600
19241.423,84700
19245.906,84800
19250.101,84900
19254.460,85000
19258.473,85100
19262.159,85200
19266.037,85300
19269.772,85400
19273.524,85500
19277.874,85600
19281.559,85700
19285.921,85800
19289.884,85900
19293.813,86000
19299.193,86100
19304.216,86200
19310.654,86300
19314.983,86400
19320.744,86500
19325.357,86600
19329.795,86700
19334.802,86800
19340.623,86900
19345.556,87000
19350.815,87100
19354.918,87200
19359.880,87300
19363.881,87400
19368.642,87500
19372.877,87600
19377.464,87700
19382.011,87800
19386.972,87900
19391.830,88000
19395.905,88100
19400.546,88200
19404.869,88300
19408.973,88400
19412.915,88500
19417.151,88600
19420.895,88700
19424.215,88800
19428.613,88900
19433.065,89000
19437.177,89100
19441.371,89200
19445.188,89300
19449.170,89400
19452.636,89500
19456.847,89600
19460.684,89700
19464.905,89800
19469.463,89900
19473.109,90000
19476.998,90100
19481.038,90200
19484.886,90300
19488.708,90400
19493.127,90500
19497.652,90600
19501.406,90700
19505.794,90800
19509.997,90900
19514.352,91000
19518.276,91100
19522.262,91200
19525.993,91300
19529.977,91400
19533.565,91500
19537.215,91600
19540.828,91700
19544.688,91800
19548.766,91900
19552.862,92000
19565.288,92100
19574.085,92200
19578.689,92300
19582.485,92400
19586.490,92500
19590.423,92600
19594.047,92700
19600.771,92800
19611.066,92900
19622.953,93000
19633.287,93100
19640.053,93200
19644.292,93300
19649.142,93400
19653.739,93500
19658.552,93600
19668.822,93700
19679.141,93800
19686.004,93900
19692.261,94000
19697.271,94100
19702.351,94200
19706.834,94300
19711.602,94400
19715.933,94500
19720.616,94600
19724.500,94700
19728.877,94800
19733.780,94900
19738.229,95000
19742.344,95100
19747.266,95200
19751.228,95300
19755.579,95400
19759.170,95500
19763.344,95600
19766.994,95700
19771.111,95800
19774.864,95900
19778.658,96000
19782.702,96100
19787.306,96200
19792.280,96300
19797.082,96400
19801.767,96500
19806.136,96600
19810.583,96700
19815.249,96800
19819.963,96900
19825.209,97000
19830.686,97100
19835.636,97200
19841.757,97300
19848.034,97400
19853.159,97500
19859.385,97600
19864.507,97700
19869.521,97800
19874.587,97900
19879.878,98000
19884.911,98100
19889.683,98200
19895.651,98300
19900.375,98400
19905.889,98500
19912.843,98600
19917.627,98700
19922.865,98800
19928.542,98900
19934.187,99000
19939.711,99100
19945.085,99200
19950.396,99300
19955.646,99400
19961.858,99500
19967.302,99600
19972.506,99700
19977.815,99800
19983.106,99900
19988.064,100000
19993.416,100100
19998.457,100200
20003.486,100300
20008.451,100400
20012.947,100500
20018.635,100600
20023.541,100700
20028.746,100800
20034.932,100900
20042.129,101000
20048.526,101100
20054.755,101200
20060.424,101300
20066.278,101400
20072.345,101500
20078.750,101600
20085.460,101700
20092.187,101800
20098.625,101900
20105.673,102000
20111.434,102100
20119.676,102200
20125.779,102300
20131.647,102400
20137.721,102500
20143.463,102600
20148.912,102700
20154.902,102800
20161.577,102900
20167.423,103000
20173.147,103100
20178.713,103200
20184.694,103300
20191.590,103400
20197.198,103500
20203.276,103600
20208.865,103700
20214.892,103800
20221.839,103900
20229.666,104000
20237.043,104100
20243.709,104200
20251.041,104300
20258.237,104400
20264.798,104500
20271.242,104600
20277.086,104700
20283.508,104800
20289.691,104900
20296.026,105000
20303.213,105100
20310.111,105200
20317.276,105300
20327.374,105400
20334.622,105500
20341.246,105600
20346.927,105700
20353.683,105800
20359.581,105900
20364.980,106000
20370.489,106100
20375.711,106200
20381.446,106300
20387.204,106400
20391.869,106500
20398.196,106600
20403.312,106700
20408.531,106800
20414.047,106900
20419.960,107000
20425.832,107100
20433.054,107200
20442.307,107300
20450.920,107400
20458.896,107500
20467.877,107600
20475.166,107700
20482.765,107800
20489.796,107900
20497.065,108000
20504.956,108100
20512.860,108200
20520.499,108300
20527.293,108400
20534.438,108500
20541.245,108600
20548.779,108700
20556.602,108800
20564.118,108900
20572.011,109000
20581.065,109100
20588.783,109200
20595.383,109300
20602.969,109400
20609.860,109500
20616.899,109600
20623.941,109700
20631.004,109800
20638.318,109900
20645.076,110000
20652.275,110100
20658.834,110200
20666.077,110300
20672.271,110400
20679.418,110500
20685.983,110600
20692.364,110700
20698.826,110800
20704.896,110900
20713.322,111000
20720.894,111100
20728.646,111200
20737.038,111300
20743.953,111400
20751.663,111500
20759.539,111600
20766.547,111700
20773.518,111800
20780.254,111900
20786.355,112000
20793.016,112100
20799.282,112200
20805.958,112300
20813.219,112400
20819.481,112500
20826.607,112600
20834.308,112700
20841.055,112800
20847.674,112900
20854.981,113000
20862.778,113100
20870.207,113200
20877.824,113300
20885.291,113400
20894.444,113500
20902.652,113600
20911.068,113700
20919.469,113800
20927.551,113900
20935.470,114000
20944.298,114100
20952.397,114200
20960.476,114300
20971.536,114400
20979.600,114500
20987.387,114600
20996.923,114700
21005.351,114800
21013.354,114900
21021.204,115000
21030.166,115100
21039.782,115200
21049.384,115300
21058.934,115400
21067.523,115500
21076.964,115600
21086.471,115700
21095.165,115800
21103.365,115900
21111.127,116000
21119.080,116100
21127.255,116200
21135.419,116300
21144.202,116400
21152.098,116500
21160.994,116600
21169.224,116700
21178.093,116800
21185.571,116900
21193.931,117000
21202.218,117100
21210.694,117200
21219.052,117300
21227.483,117400
21236.152,117500
21244.626,117600
21252.609,117700
21261.522,117800
21269.812,117900
21278.488,118000
21287.552,118100
21295.933,118200
21304.819,118300
21313.702,118400
21322.625,118500
21331.824,118600
21340.161,118700
21349.160,118800
21357.610,118900
21366.865,119000
21377.302,119100
21386.375,119200
21426.784,119300
21434.969,119400
21444.169,119500
21451.931,119600
21459.556,119700
21467.721,119800
21476.233,119900
21483.310,120000
21491.186,120100
21499.426,120200
21506.959,120300
21515.899,120400
21525.061,120500
21535.753,120600
21543.819,120700
21552.136,120800
21560.002,120900
21568.035,121000
21577.263,121100
21590.139,121200
21599.441,121300
21606.932,121400
21616.352,121500
21624.479,121600
21633.845,121700
21643.169,121800
21652.304,121900
21660.748,122000
21669.954,122100
21679.845,122200
21688.958,122300
21697.441,122400
21707.257,122500
21715.866,122600
21724.649,122700
21733.948,122800
21742.871,122900
21751.637,123000
21761.089,123100
21770.612,123200
21779.987,123300
21788.743,123400
21798.093,123500
21808.433,123600
21817.647,123700
21826.649,123800
21835.770,123900
21845.700,124000
21854.660,124100
21865.036,124200
21874.693,124300
21884.672,124400
21893.693,124500
21903.468,124600
21913.667,124700
21923.140,124800
21931.878,124900
21942.500,125000
21955.530,125100
21965.914,125200
21975.739,125300
21986.482,125400
21996.541,125500
22006.737,125600
22016.548,125700
22026.874,125800
22037.168,125900
22046.805,126000
22056.017,126100
22064.415,126200
22073.342,126300
22082.443,126400
22091.618,126500
22100.670,126600
22109.573,126700
22120.898,126800
22129.587,126900
22138.458,127000
22147.677,127100
22156.595,127200
22166.800,127300
22176.582,127400
22186.189,127500
22195.955,127600
22206.785,127700
22217.485,127800
22228.801,127900
22238.811,128000
22249.191,128100
22260.118,128200
22271.841,128300
22285.450,128400
22296.500,128500
22307.276,128600
22318.757,128700
22329.782,128800
22340.954,128900
22350.877,129000
22364.009,129100
22375.922,129200
22389.054,129300
22401.901,129400
22418.551,129500
22431.337,129600
22444.440,129700
22455.759,129800
22468.579,129900
22480.164,130000
22492.123,130100
22503.591,130200
22516.424,130300
22560.799,130400
22574.268,130500
22586.087,130600
22599.865,130700
22612.602,130800
22625.131,130900
22635.593,131000
22650.812,131100
22663.306,131200
22677.842,131300
22692.390,131400
22706.528,131500
22719.345,131600
22733.831,131700
22745.734,131800
22757.736,131900
22770.643,132000
22782.883,132100
22794.304,132200
22804.576,132300
22817.633,132400
22828.283,132500
22840.170,132600
22851.595,132700
22862.331,132800
22874.419,132900
22884.846,133000
22897.461,133100
22910.865,133200
22925.186,133300
22938.376,133400
22954.873,133500
22970.545,133600
22984.948,133700
22998.582,133800
23011.868,133900
23024.601,134000
23042.991,134100
23056.504,134200
23077.070,134300
23091.312,134400
23104.027,134500
23116.376,134600
23130.756,134700
23144.193,134800
23158.148,134900
23173.437,135000
23188.648,135100
23204.071,135200
23217.693,135300
23231.953,135400
23245.716,135500
23259.862,135600
23275.460,135700
23288.726,135800
23303.595,135900
23319.176,136000
23332.233,136100
23377.001,136200
23391.183,136300
23404.923,136400
23418.584,136500
23435.610,136600
23449.325,136700
23462.139,136800
23476.659,136900
23490.019,137000
23505.478,137100
23519.991,137200
23533.771,137300
23547.641,137400
23561.387,137500
23575.511,137600
23589.058,137700
23601.606,137800
23615.380,137900
23629.658,138000
23643.429,138100
23656.128,138200
23667.809,138300
23681.403,138400
23694.784,138500
23709.006,138600
23722.712,138700
23735.986,138800
23748.884,138900
23762.774,139000
23775.877,139100
23795.457,139200
23809.649,139300
23823.895,139400
23838.049,139500
23852.564,139600
23867.641,139700
23883.311,139800
23899.032,139900
23913.166,140000
23930.876,140100
23946.561,140200
23962.351,140300
23974.748,140400
23989.439,140500
24004.011,140600
24017.526,140700
24031.884,140800
24047.805,140900
24063.256,141000
24078.862,141100
24094.492,141200
24109.495,141300
24123.931,141400
24137.506,141500
24152.084,141600
24167.551,141700
24181.813,141800
24195.443,141900
24236.213,142000
24250.221,142100
24264.520,142200
24278.470,142300
24292.849,142400
24307.755,142500
24323.178,142600
24336.879,142700
24351.694,142800
24365.684,142900
24380.464,143000
24395.103,143100
24408.066,143200
24422.403,143300
24435.837,143400
24449.851,143500
24462.255,143600
24475.139,143700
24487.274,143800
24504.555,143900
24518.214,144000
24531.908,144100
24545.926,144200
24569.689,144300
24584.037,144400
24597.458,144500
24611.601,144600
24624.501,144700
24638.016,144800
24649.075,144900
24663.002,145000
24675.213,145100
24687.387,145200
24699.672,145300
24712.016,145400
24723.348,145500
24737.372,145600
24750.988,145700
24762.676,145800
24773.328,145900
24785.577,146000
24799.586,146100
24814.974,146200
24828.531,146300
24841.618,146400
24854.306,146500
24866.852,146600
24881.756,146700
24895.346,146800
24908.064,146900
24920.637,147000
24934.130,147100
24947.644,147200
24960.494,147300
24973.219,147400
24985.711,147500
24999.318,147600
25010.812,147700
25023.155,147800
25035.473,147900
25049.023,148000
25062.591,148100
25074.794,148200
25105.559,148300
25122.267,148400
25135.086,148500
25147.888,148600
25160.354,148700
25173.676,148800
25187.895,148900
25201.632,149000
25215.513,149100
25228.550,149200
25241.589,149300
25253.479,149400
25265.857,149500
25279.489,149600
25293.300,149700
25305.652,149800
25317.774,149900
25330.475,150000
25342.742,150100
25355.933,150200
25369.195,150300
25383.312,150400
25396.012,150500
25408.023,150600
25420.288,150700
25433.322,150800
25446.450,150900
25458.492,151000
25472.609,151100
25485.590,151200
25496.756,151300
25507.717,151400
25519.261,151500
25529.767,151600
25542.252,151700
25555.765,151800
25568.804,151900
25581.045,152000
25596.819,152100
25609.515,152200
25622.016,152300
25634.763,152400
25647.873,152500
25659.978,152600
25682.142,152700
25696.918,152800
25710.393,152900
25722.530,153000
25733.527,153100
25746.991,153200
25759.685,153300
25772.127,153400
25784.674,153500
25797.910,153600
25810.290,153700
25823.224,153800
25836.109,153900
25847.543,154000
25860.253,154100
25872.737,154200
25884.881,154300
25896.300,154400
25908.042,154500
25920.290,154600
25931.628,154700
25944.431,154800
25957.251,154900
25969.475,155000
25982.413,155100
25995.999,155200
26009.968,155300
26022.802,155400
26036.227,155500
26079.197,155600
26091.687,155700
26104.878,155800
26117.220,155900
26129.229,156000
26141.850,156100
26154.409,156200
26166.532,156300
26180.713,156400
26193.961,156500
26206.113,156600
26218.659,156700
26230.954,156800
26243.395,156900
26255.713,157000
26267.040,157100
26280.182,157200
26293.630,157300
26306.228,157400
26317.664,157500
26329.506,157600
26341.190,157700
26353.633,157800
26363.253,157900
26374.853,158000
26385.618,158100
26396.644,158200
26410.778,158300
26423.815,158400
26434.863,158500
26446.295,158600
26458.460,158700
26469.512,158800
26479.971,158900
26491.475,159000
26501.323,159100
26511.001,159200
26522.059,159300
26532.414,159400
26551.891,159500
26562.869,159600
26573.491,159700
26584.918,159800
26595.306,159900
26606.296,160000
26615.584,160100
26627.606,160200
26638.934,160300
26651.146,160400
26662.046,160500
26673.109,160600
26685.930,160700
26698.047,160800
26708.384,160900
26720.284,161000
26730.584,161100
26742.110,161200
26752.333,161300
26763.369,161400
26786.782,161500
26801.543,161600
26815.956,161700
26828.140,161800
26839.199,161900
26851.820,162000
26863.369,162100
26873.908,162200
26885.529,162300
26897.628,162400
26909.056,162500
26920.393,162600
26932.553,162700
26946.034,162800
26988.417,162900
27001.731,163000
27013.046,163100
27024.298,163200
27035.378,163300
27045.828,163400
27056.001,163500
27067.066,163600
27079.195,163700
27092.577,163800
27105.917,163900
27118.682,164000
27131.242,164100
27147.914,164200
27160.971,164300
27171.617,164400
27182.364,164500
27192.439,164600
27204.191,164700
27216.749,164800
27228.644,164900
27240.503,165000
27252.506,165100
27264.872,165200
27278.409,165300
27291.808,165400
27304.608,165500
27317.174,165600
27329.890,165700
27342.473,165800
27355.730,165900
27369.554,166000
27382.451,166100
27396.073,166200
27411.063,166300
27424.238,166400
27436.461,166500
27449.951,166600
27464.472,166700
27480.302,166800
27494.912,166900
27510.600,167000
27526.529,167100
27539.904,167200
27552.594,167300
27564.205,167400
27576.092,167500
27588.694,167600
27601.177,167700
27614.663,167800
27629.008,167900
27641.247,168000
27654.398,168100
27669.152,168200
27681.658,168300
27694.107,168400
27706.484,168500
27718.168,168600
27729.928,168700
27742.235,168800
27754.492,168900
27766.305,169000
27776.942,169100
27789.319,169200
27832.542,169300
27847.548,169400
27860.963,169500
27873.941,169600
27887.491,169700
27901.131,169800
27913.069,169900
27925.908,170000
27937.410,170100
27949.777,170200
27962.335,170300
27973.454,170400
27985.289,170500
27996.402,170600
28007.414,170700
28017.919,170800
28029.798,170900
28040.824,171000
28055.863,171100
28069.232,171200
28082.523,171300
28094.529,171400
28107.656,171500
28119.315,171600
28130.346,171700
28142.103,171800
28154.369,171900
28166.202,172000
28178.872,172100
28191.058,172200
28204.183,172300
28216.339,172400
28228.496,172500
28240.815,172600
28251.934,172700
28263.323,172800
28275.834,172900
28287.983,173000
28299.982,173100
28312.941,173200
28325.495,173300
28338.851,173400
28353.055,173500
28365.713,173600
28377.505,173700
28388.705,173800
28400.617,173900
28412.500,174000
28427.492,174100
28441.316,174200
28454.302,174300
28470.344,174400
28485.617,174500
28500.247,174600
28513.187,174700
28524.883,174800
28535.754,174900
28548.284,175000
28562.043,175100
28575.637,175200
28589.977,175300
28636.344,175400
28652.192,175500
28667.632,175600
28681.933,175700
28697.207,175800
28711.201,175900
28727.103,176000
28742.801,176100
28758.440,176200
28771.859,176300
28785.930,176400
28800.809,176500
28815.509,176600
28829.316,176700
28842.652,176800
28856.108,176900
28870.561,177000
28886.046,177100
28900.866,177200
28917.114,177300
28931.799,177400
28945.264,177500
28958.073,177600
28972.201,177700
28985.806,177800
28999.299,177900
29014.896,178000
29029.485,178100
29044.139,178200
29060.486,178300
29076.300,178400
29093.224,178500
29109.739,178600
29126.885,178700
29142.104,178800
29158.248,178900
29173.387,179000
29192.531,179100
29230.631,179200
29247.216,179300
29266.307,179400
29286.322,179500
29303.250,179600
29321.522,179700
29344.353,179800
29366.357,179900
29383.425,180000
29409.243,180100
29432.072,180200
29455.303,180300
29479.108,180400
29500.572,180500
29523.042,180600
29573.403,180700
29603.428,180800
29631.797,180900
29673.701,181000
29701.674,181100
29727.550,181200
29754.036,181300
29777.211,181400
29805.275,181500
29831.834,181600
29854.437,181700
29873.774,181800
29899.121,181900
29929.686,182000
29957.980,182100
29997.582,182200
30021.091,182300
30042.487,182400
30070.654,182500
30094.719,182600
30110.055,182700
30127.834,182800
30175.626,182900
30209.509,183000
30243.952,183100
30273.368,183200
30288.311,183300
30315.530,183400
30342.224,183500
30363.749,183600
30386.397,183700
30412.038,183800
30438.540,183900
30464.103,184000
30534.765,184100
30556.632,184200
30581.746,184300
30620.121,184400
30659.555,184500
30695.949,184600
30730.758,184700
30766.350,184800
30826.455,184900
30855.463,185000
30885.172,185100
30910.908,185200
30935.784,185300
30976.729,185400
31004.128,185500
31031.876,185600
31058.847,185700
31079.627,185800
31101.347,185900
31121.492,186000
31145.307,186100
31168.979,186200
31196.372,186300
31221.314,186400
31246.365,186500
31310.143,186600
31334.631,186700
31357.336,186800
31381.315,186900
31404.102,187000
31423.955,187100
31444.692,187200
31469.986,187300
31490.118,187400
31510.522,187500
31532.734,187600
31556.841,187700
31585.871,187800
31610.534,187900
31629.956,188000
31652.128,188100
31671.793,188200
31692.884,188300
31719.190,188400
31773.017,188500
31799.410,188600
31826.664,188700
31849.367,188800
31870.575,188900
31896.698,189000
31916.483,189100
31939.308,189200
31964.888,189300
31991.691,189400
32018.129,189500
32044.338,189600
32070.206,189700
32097.534,189800
32127.591,189900
32182.223,190000
32211.290,190100
32238.305,190200
32265.359,190300
32292.413,190400
32320.117,190500
32344.205,190600
32367.335,190700
32388.955,190800
32412.845,190900
32436.120,191000
32455.984,191100
32481.997,191200
32510.612,191300
32533.840,191400
32558.414,191500
32618.918,191600
32651.784,191700
32684.513,191800
32711.085,191900
32735.064,192000
32760.713,192100
32784.946,192200
32808.470,192300
32835.541,192400
32862.862,192500
32889.147,192600
32914.343,192700
32938.561,192800
32967.618,192900
33032.771,193000
33057.099,193100
33080.402,193200
33104.862,193300
33127.842,193400
33153.971,193500
33177.650,193600
33209.659,193700
33240.069,193800
33264.918,193900
33296.182,194000
33364.525,194100
33398.082,194200
33430.244,194300
33462.187,194400
33491.330,194500
33521.096,194600
33546.651,194700
33575.427,194800
33600.148,194900
33626.386,195000
33659.907,195100
33688.551,195200
33713.446,195300
33740.481,195400
33768.353,195500
33798.145,195600
33823.495,195700
33846.689,195800
33872.785,195900
33898.821,196000
33925.311,196100
33949.390,196200
33976.135,196300
33998.784,196400
34030.276,196500
34061.233,196600
34089.921,196700
34118.948,196800
34156.833,196900
34184.676,197000
35718.372,197100
35755.087,197200
35782.637,197300
35813.447,197400
35844.893,197500
35876.344,197600
35901.997,197700
35928.310,197800
35955.119,197900
35983.542,198000
36011.306,198100
36039.556,198200
36067.479,198300
36122.300,198400
36146.143,198500
36173.662,198600
36201.649,198700
36229.918,198800
36255.474,198900
36280.973,199000
36305.310,199100
36327.779,199200
36351.291,199300
36378.655,199400
36410.488,199500
36439.644,199600
36468.254,199700
36492.888,199800
36518.091,199900
36570.182,200000
36593.252,200100
36616.238,200200
36641.961,200300
36666.793,200400
36695.483,200500
36722.913,200600
36754.651,200700
36779.353,200800
36806.112,200900
36835.864,201000
36856.592,201100
36878.759,201200
36902.362,201300
36926.537,201400
36986.190,201500
37018.773,201600
37052.916,201700
37082.577,201800
37120.528,201900
37154.294,202000
37180.711,202100
37213.660,202200
37246.510,202300
37273.308,202400
37303.697,202500
37333.279,202600
37400.314,202700
37428.082,202800
37456.553,202900
37482.109,203000
37512.846,203100
37539.849,203200
37571.847,203300
37596.885,203400
37624.163,203500
37654.097,203600
37682.404,203700
37715.827,203800
37763.165,203900
37792.005,204000
37821.137,204100
37847.308,204200
37877.808,204300
37907.778,204400
37933.159,204500
37967.412,204600
37997.159,204700
38024.369,204800
38052.590,204900
38078.571,205000
38102.314,205100
38120.836,205200
38141.305,205300
38160.420,205400
38181.190,205500
38205.784,205600
38231.608,205700
38285.238,205800
38310.975,205900
38336.519,206000
38361.477,206100
38396.065,206200
38421.351,206300
38443.484,206400
38480.258,206500
38508.927,206600
38537.204,206700
38569.858,206800
38597.842,206900
38626.242,207000
38653.787,207100
38705.638,207200
38732.534,207300
38755.504,207400
38778.031,207500
38812.495,207600
38838.815,207700
38864.160,207800
38892.710,207900
38922.308,208000
38954.262,208100
38984.551,208200
39015.484,208300
39049.530,208400
39074.781,208500
39106.734,208600
39170.872,208700
39200.810,208800
39233.033,208900
39262.688,209000
39291.947,209100
39321.240,209200
39347.195,209300
39371.449,209400
39399.373,209500
39430.895,209600
39458.628,209700
39512.406,209800
39540.004,209900
39564.708,210000
39605.993,210100
39634.806,210200
39663.398,210300
39694.527,210400
39719.043,210500
39740.596,210600
39764.362,210700
39788.045,210800
39822.260,210900
39854.919,211000
39888.792,211100
39948.202,211200
39977.145,211300
40007.715,211400
40038.014,211500
40072.544,211600
40100.861,211700
40130.733,211800
40196.194,211900
40232.933,212000
40266.753,212100
40308.645,212200
40341.314,212300
40373.472,212400
40409.890,212500
40445.859,212600
40483.974,212700
40522.084,212800
40555.319,212900
40594.318,213000
40652.339,213100
40688.552,213200
40720.277,213300
40755.573,213400
40788.910,213500
40818.197,213600
40848.000,213700
40892.995,213800
40925.504,213900
40972.491,214000
41004.187,214100
41034.568,214200
41069.605,214300
41097.608,214400
41140.308,214500
41165.592,214600
41202.296,214700
41233.662,214800
41266.446,214900
41294.666,215000
41331.011,215100
41386.555,215200
41418.947,215300
41448.788,215400
41478.752,215500
41508.065,215600
41537.953,215700
41611.005,215800
41644.896,215900
41685.099,216000
41729.399,216100
41773.900,216200
41813.243,216300
41853.394,216400
41885.560,216500
41919.602,216600
41957.051,216700
42001.537,216800
42045.081,216900
42109.602,217000
42153.735,217100
42191.161,217200
42228.142,217300
42264.869,217400
42301.465,217500
42334.434,217600
42375.192,217700
42417.256,217800
42449.102,217900
42486.405,218000
42528.287,218100
42566.117,218200
42605.029,218300
42644.387,218400
42706.772,218500
42744.911,218600
42781.265,218700
42814.483,218800
42847.405,218900
42878.494,219000
42921.510,219100
42962.573,219200
43013.729,219300
43051.143,219400
43086.081,219500
43124.660,219600
43164.258,219700
43198.208,219800
43231.197,219900
43270.428,220000
43312.375,220100
43356.723,220200
43396.068,220300
43437.242,220400
43492.036,220500
43533.488,220600
43570.554,220700
43611.870,220800
43654.167,220900
43691.262,221000
43731.404,221100
43769.794,221200
43805.283,221300
43840.271,221400
43870.710,221500
43906.753,221600
43937.416,221700
43972.339,221800
44026.147,221900
44061.995,222000
44102.698,222100
45139.148,222200
45180.747,222300
45214.061,222400
45259.218,222500
45299.465,222600
45363.409,222700
45406.899,222800
45447.129,222900
45487.296,223000
45521.425,223100
45564.572,223200
45604.261,223300
45638.787,223400
45701.443,223500
45742.893,223600
45792.201,223700
45835.365,223800
45879.259,223900
45918.653,224000
45955.399,224100
45995.963,224200
46053.009,224300
46096.293,224400
46144.138,224500
46191.070,224600
46242.245,224700
46297.798,224800
46337.142,224900
46372.630,225000
46419.773,225100
46458.466,225200
46501.391,225300
46539.836,225400
46584.165,225500
46624.364,225600
46663.707,225700
46701.875,225800
46740.535,225900
46779.017,226000
46820.952,226100
46850.330,226200
46899.244,226300
46925.405,226400
46956.813,226500
46988.458,226600
47025.085,226700
47058.793,226800
47092.243,226900
47123.651,227000
47160.477,227100
47193.996,227200
47254.152,227300
47287.245,227400
47334.880,227500
47369.570,227600
47405.269,227700
47449.317,227800
47511.671,227900
47562.112,228000
47605.162,228100
47650.172,228200
47700.987,228300
47742.808,228400
47792.301,228500
47844.567,228600
47901.390,228700
47946.182,228800
47993.353,228900
48032.839,229000
48065.067,229100
48111.417,229200
48155.502,229300
48214.227,229400
48273.111,229500
48328.213,229600
48380.851,229700
48433.858,229800
48483.279,229900
48524.100,230000
48571.649,230100
48636.611,230200
48686.648,230300
48738.983,230400
48782.291,230500
48832.556,230600
48886.196,230700
48938.202,230800
49007.782,230900
49068.343,231000
49115.705,231100
49156.723,231200
49197.514,231300
49243.986,231400
49286.731,231500
49330.493,231600
49375.078,231700
49414.164,231800
49465.686,231900
49505.143,232000
49561.556,232100
49648.565,232200
49687.226,232300
49722.845,232400
49761.621,232500
49802.831,232600
49892.631,232700
49935.720,232800
49981.230,232900
50032.392,233000
50091.092,233100
50140.548,233200
50181.016,233300
50220.846,233400
50266.565,233500
50308.409,233600
50349.940,233700
50388.163,233800
50434.507,233900
50476.822,234000
50522.160,234100
50570.799,234200
50667.608,234300
50715.478,234400
50755.491,234500
50799.693,234600
50867.587,234700
50908.917,234800
50953.420,234900
50996.069,235000
51040.137,235100
51082.186,235200
51127.426,235300
51224.466,235400
51272.179,235500
51330.602,235600
51378.562,235700
51420.306,235800
51463.070,235900
51505.030,236000
51549.757,236100
51596.392,236200
51644.965,236300
51700.379,236400
51757.507,236500
51800.462,236600
51846.912,236700
51888.121,236800
51924.854,236900
51965.081,237000
52010.396,237100
52053.596,237200
52098.869,237300
52138.726,237400
52213.508,237500
52260.401,237600
52298.942,237700
52343.274,237800
52383.425,237900
52418.192,238000
52470.653,238100
52507.168,238200
52548.340,238300
52591.406,238400
52654.419,238500
52699.416,238600
52737.672,238700
52779.500,238800
52816.262,238900
52854.799,239000
52888.924,239100
52921.837,239200
52955.355,239300
52989.851,239400
53022.647,239500
53084.913,239600
53119.062,239700
53157.044,239800
54355.811,239900
54411.087,240000
54456.553,240100
54513.865,240200
54570.324,240300
54614.176,240400
54660.509,240500
54728.482,240600
54765.045,240700
54802.292,240800
54840.772,240900
54875.971,241000
54913.566,241100
54947.518,241200
54977.511,241300
55016.325,241400
55054.789,241500
55104.933,241600
55158.918,241700
55192.872,241800
55229.445,241900
55265.027,242000
55308.245,242100
55349.384,242200
55398.849,242300
55438.052,242400
55499.448,242500
55538.259,242600
55572.991,242700
55607.239,242800
55640.120,242900
55675.423,243000
55714.957,243100
55765.839,243200
55808.954,243300
55840.263,243400
55878.375,243500
55921.736,243600
55978.505,243700
56014.526,243800
56050.857,243900
56086.472,244000
56113.925,244100
56148.089,244200
56184.506,244300
56223.630,244400
56256.555,244500
56288.830,244600
56321.043,244700
56357.283,244800
56383.060,244900
56419.294,245000
56448.856,245100
56502.939,245200
56530.593,245300
56559.355,245400
56590.319,245500
56626.264,245600
56657.071,245700
56691.928,245800
56725.910,245900
56756.183,246000
56791.469,246100
56834.815,246200
56889.143,246300
56921.053,246400
56951.330,246500
56984.786,246600
57016.916,246700
57048.409,246800
57085.010,246900
57120.198,247000
57164.415,247100
57207.733,247200
57245.959,247300
57282.764,247400
57315.660,247500
57345.352,247600
57386.266,247700
57413.278,247800
57440.543,247900
57482.561,248000
57518.720,248100
57557.018,248200
57607.210,248300
57647.795,248400
57682.859,248500
57718.311,248600
57754.889,248700
57788.183,248800
57815.041,248900
57851.414,249000
57885.662,249100
57916.145,249200
57958.803,249300
57997.535,249400
58034.691,249500
58069.197,249600
58117.983,249700
58152.194,249800
58196.101,249900
58231.821,250000
58270.251,250100
58304.261,250200
58339.379,250300
58375.464,250400
58412.943,250500
58449.693,250600
58487.261,250700
58526.270,250800
58557.951,250900
58615.000,251000
58643.647,251100
58679.079,251200
58716.866,251300
58748.234,251400
58774.410,251500
58804.699,251600
58832.514,251700
58870.698,251800
58928.345,251900
58964.573,252000
59006.165,252100
59051.377,252200
59095.747,252300
59137.209,252400
59188.754,252500
59225.826,252600
59263.299,252700
59307.183,252800
59344.394,252900
59387.107,253000
59433.408,253100
59473.298,253200
59515.718,253300
59556.680,253400
59599.466,253500
59634.052,253600
59674.970,253700
59720.666,253800
59793.754,253900
59843.013,254000
59881.540,254100
59921.643,254200
59975.686,254300
60019.057,254400
60062.708,254500
60110.479,254600
60152.797,254700
60191.476,254800
60249.035,254900
60289.295,255000
60332.762,255100
60370.057,255200
60401.042,255300
60431.937,255400
60464.854,255500
60495.792,255600
60527.193,255700
60582.841,255800
60626.121,255900
60680.717,256000
60718.738,256100
60762.474,256200
60802.649,256300
60843.094,256400
60882.277,256500
60924.787,256600
60963.147,256700
60999.716,256800
61032.904,256900
61082.696,257000
61115.887,257100
61171.081,257200
61203.714,257300
61238.431,257400
61272.829,257500
61312.550,257600
61342.993,257700
61376.011,257800
61405.034,257900
61435.924,258000
61467.084,258100
61529.298,258200
61567.106,258300
61612.337,258400
61650.433,258500
61701.023,258600
61744.553,258700
61780.278,258800
61826.117,258900
61861.405,259000
61903.519,259100
61949.820,259200
61996.295,259300
62030.016,259400
62064.403,259500
62100.047,259600
62141.359,259700
62186.836,259800
62227.027,259900
62260.533,260000
62320.294,260100
62357.245,260200
62405.356,260300
62436.806,260400
62479.605,260500
62514.627,260600
62549.467,260700
62588.861,260800
62623.446,260900
62686.191,261000
62722.062,261100
62768.190,261200
62808.448,261300
62854.393,261400
62893.765,261500
62934.869,261600
62974.635,261700
63007.066,261800
63040.924,261900
63071.102,262000
63121.349,262100
63157.834,262200
63203.055,262300
63239.211,262400
63277.564,262500
63315.508,262600
63357.799,262700
63393.782,262800
63433.620,262900
63472.111,263000
64668.354,263100
64713.843,263200
64774.532,263300
64814.071,263400
64852.221,263500
64888.778,263600
64931.757,263700
64961.259,263800
64996.027,263900
65034.267,264000
65069.525,264100
65112.431,264200
65150.985,264300
65195.138,264400
65237.692,264500
65275.284,264600
65342.188,264700
65384.151,264800
65418.453,264900
65458.688,265000
65499.829,265100
65545.530,265200
65588.498,265300
65636.008,265400
65694.735,265500
65737.143,265600
65787.028,265700
65834.853,265800
65873.379,265900
65911.997,266000
65947.923,266100
65983.425,266200
66025.221,266300
66083.728,266400
66122.246,266500
66169.542,266600
66208.075,266700
66255.860,266800
66292.041,266900
66331.408,267000
66376.249,267100
66422.281,267200
66456.899,267300
66510.497,267400
66544.454,267500
66579.141,267600
66609.675,267700
66647.790,267800
66683.591,267900
66737.354,268000
66792.127,268100
66848.997,268200
66901.710,268300
66955.701,268400
67019.216,268500
67081.982,268600
67141.681,268700
67207.143,268800
67254.613,268900
67292.194,269000
67343.806,269100
67384.716,269200
67447.651,269300
67489.645,269400
67559.978,269500
67607.384,269600
67669.988,269700
67733.914,269800
67769.080,269900
67815.635,270000
67854.910,270100
67903.074,270200
67965.926,270300
68054.794,270400
68134.481,270500
68202.752,270600
68271.081,270700
68337.403,270800
68402.183,270900
68465.825,271000
68527.471,271100
68579.440,271200
68630.683,271300
68678.724,271400
68742.052,271500
68813.705,271600
68888.266,271700
68952.502,271800
69046.335,271900
69114.603,272000
69172.412,272100
69246.074,272200
69310.083,272300
69359.865,272400
69409.767,272500
69481.273,272600
69542.756,272700
69600.569,272800
69654.705,272900
69714.347,273000
69784.027,273100
69895.062,273200
69978.019,273300
70018.564,273400
70072.734,273500
70124.103,273600
70169.900,273700
70211.173,273800
70249.355,273900
70300.770,274000
70369.146,274100
70431.802,274200
70497.671,274300
70552.462,274400
70596.434,274500
70649.859,274600
70702.209,274700
70751.679,274800
70796.752,274900
70843.968,275000
70891.634,275100
70937.123,275200
70991.937,275300
71044.521,275400
71090.191,275500
71162.117,275600
71234.713,275700
71275.774,275800
71322.150,275900
71369.315,276000
71418.271,276100
71471.593,276200
71522.148,276300
71567.065,276400
71624.826,276500
71677.714,276600
71724.966,276700
71775.725,276800
71826.541,276900
71870.244,277000
71914.782,277100
71962.697,277200
72007.145,277300
72047.320,277400
72126.370,277500
72168.721,277600
72215.498,277700
72263.644,277800
72308.023,277900
72349.527,278000
72379.664,278100
72419.718,278200
72495.600,278300
72549.930,278400
72604.302,278500
72649.239,278600
72699.940,278700
72743.647,278800
72809.978,278900
72869.281,279000
72912.250,279100
72964.013,279200
73005.819,279300
73056.129,279400
73100.100,279500
73142.957,279600
73184.214,279700
73230.479,279800
73269.967,279900
73316.004,280000
73356.709,280100
73394.273,280200
73437.716,280300
73489.870,280400
74773.119,280500
74859.338,280600
74933.773,280700
74998.444,280800
75079.524,280900
75160.097,281000
75252.304,281100
75326.062,281200
75392.658,281300
75466.951,281400
75533.657,281500
75617.743,281600
75704.007,281700
75791.388,281800
75856.949,281900
75927.334,282000
75996.575,282100
76062.478,282200
76112.067,282300
76158.319,282400
76204.624,282500
76256.340,282600
76309.916,282700
76372.173,282800
76441.098,282900
76494.510,283000
76551.269,283100
76603.337,283200
76651.001,283300
76696.373,283400
76747.350,283500
76789.047,283600
76839.076,283700
76884.450,283800
76925.644,283900
76975.264,284000
77022.505,284100
77078.816,284200
77137.564,284300
77191.644,284400
77239.825,284500
77290.628,284600
77347.715,284700
77399.021,284800
77456.709,284900
77506.049,285000
77554.248,285100
77608.661,285200
77653.133,285300
77709.496,285400
77769.275,285500
77827.441,285600
77877.095,285700
77925.348,285800
77995.547,285900
78041.553,286000
78083.488,286100
78123.032,286200
78176.490,286300
78228.739,286400
78278.832,286500
78326.359,286600
78368.795,286700
78420.183,286800
78468.789,286900
78549.440,287000
78604.651,287100
78648.704,287200
78692.740,287300
78760.554,287400
78808.685,287500
78854.453,287600
78913.667,287700
78971.233,287800
79024.595,287900
79107.309,288000
79157.248,288100
79233.913,288200
79279.220,288300
79340.576,288400
79405.235,288500
79486.363,288600
79542.740,288700
79606.446,288800
79680.816,288900
79740.042,289000
79800.716,289100
79857.683,289200
79909.225,289300
79972.508,289400
80054.488,289500
80103.710,289600
80151.466,289700
80194.988,289800
80250.325,289900
80302.736,290000
80373.723,290100
80424.694,290200
80475.530,290300
80526.740,290400
80584.507,290500
80642.565,290600
80686.055,290700
80753.233,290800
80831.066,290900
80871.600,291000
80928.911,291100
80975.192,291200
81024.839,291300
81109.800,291400
81154.949,291500
81211.303,291600
81257.414,291700
81303.399,291800
81375.283,291900
81410.289,292000
81449.322,292100
81496.712,292200
81540.219,292300
81592.251,292400
81646.251,292500
81699.224,292600
81759.718,292700
81808.862,292800
81857.896,292900
81906.590,293000
81949.838,293100
81996.731,293200
82046.955,293300
82090.605,293400
82138.361,293500
82184.719,293600
82236.352,293700
82278.599,293800
82319.992,293900
82362.437,294000
82406.649,294100
82452.296,294200
83710.211,294300
83815.106,294400
83888.870,294500
83991.963,294600
84160.004,294700
84271.999,294800
84354.219,294900
84443.247,295000
84539.787,295100
84675.737,295200
84773.373,295300
84840.525,295400
84904.485,295500
84951.235,295600
85016.043,295700
85072.156,295800
85174.839,295900
85231.294,296000
85345.250,296100
85439.119,296200
85501.614,296300
85562.820,296400
85612.109,296500
85673.746,296600
85734.447,296700
85781.100,296800
85838.955,296900
85892.255,297000
85954.146,297100
86023.374,297200
86076.138,297300
86164.957,297400
86224.527,297500
86296.313,297600
86384.081,297700
86429.440,297800
86495.478,297900
86542.162,298000
86591.567,298100
86661.913,298200
86721.561,298300
86812.990,298400
86875.660,298500
86930.950,298600
86980.602,298700
87026.815,298800
87078.295,298900
87129.691,299000
87191.292,299100
87248.002,299200
87339.937,299300
87422.990,299400
87484.977,299500
87540.418,299600
87603.264,299700
87664.811,299800
87720.421,299900
87769.007,300000
87813.657,300100
87855.816,300200
87931.932,300300
87987.313,300400
88068.798,300500
88124.458,300600
88184.232,300700
88241.158,300800
88321.359,300900
88371.784,301000
88431.056,301100
88473.978,301200
88531.222,301300
88579.204,301400
88678.542,301500
88773.827,301600
88826.279,301700
88887.620,301800
88951.059,301900
89048.969,302000
89100.077,302100
89159.854,302200
89223.050,302300
89269.224,302400
89323.996,302500
89385.574,302600
89443.777,302700
89527.337,302800
89596.308,302900
89654.367,303000
89718.390,303100
89783.779,303200
89835.314,303300
89921.298,303400
89975.298,303500
90025.009,303600
90095.272,303700
90149.183,303800
90200.424,303900
90254.166,304000
90312.797,304100
90384.980,304200
90449.653,304300
90540.583,304400
90597.805,304500
90656.551,304600
90708.133,304700
90754.870,304800
90812.815,304900
90871.755,305000
90943.565,305100
91003.964,305200
91058.946,305300
91115.559,305400
91174.788,305500
91231.577,305600
91281.160,305700
91330.730,305800
91375.758,305900
91500.975,306000
91548.588,306100
91598.426,306200
91654.951,306300
91710.020,306400
91760.210,306500
91817.063,306600
91871.900,306700
91920.360,306800
91966.387,306900
92012.495,307000
92085.959,307100
92141.593,307200
92199.747,307300
92245.393,307400
93649.721,307500
93747.025,307600
93840.312,307700
93937.697,307800
94004.029,307900
94079.870,308000
94133.206,308100
94198.526,308200
94256.981,308300
94351.209,308400
94419.781,308500
94518.291,308600
94606.045,308700
94712.281,308800
94792.592,308900
94861.593,309000
94940.414,309100
95004.226,309200
95055.014,309300
95115.468,309400
95183.287,309500
95258.320,309600
95337.706,309700
95412.519,309800
95475.836,309900
95543.281,310000
95612.401,310100
95672.313,310200
95766.010,310300
95816.509,310400
95872.773,310500
95927.216,310600
95987.023,310700
96060.329,310800
96142.973,310900
96189.753,311000
96261.348,311100
96314.757,311200
96396.459,311300
96483.213,311400
96530.933,311500
96583.481,311600
96632.610,311700
96688.261,311800
96746.972,311900
96832.528,312000
96896.647,312100
96959.075,312200
97016.398,312300
97071.843,312400
97151.536,312500
97204.698,312600
97249.316,312700
97318.422,312800
97400.094,312900
97451.457,313000
97513.449,313100
97562.805,313200
97621.099,313300
97684.342,313400
97735.428,313500
97792.134,313600
97865.791,313700
97911.872,313800
97971.696,313900
98054.725,314000
98141.645,314100
98211.245,314200
98335.673,314300
98385.384,314400
98442.770,314500
98500.442,314600
98554.608,314700
98600.841,314800
98646.708,314900
98703.674,315000
98756.889,315100
98808.562,315200
98868.227,315300
98946.712,315400
99046.357,315500
99103.952,315600
99160.471,315700
99215.517,315800
99296.618,315900
99348.971,316000
99396.428,316100
99447.871,316200
99498.386,316300
99545.276,316400
99618.611,316500
99720.777,316600
99781.587,316700
99835.883,316800
99887.460,316900
99948.155,317000
99996.251,317100
100044.200,317200
100097.054,317300
100153.617,317400
100213.490,317500
100268.670,317600
100343.166,317700
100451.865,317800
100497.259,317900
100558.871,318000
100607.489,318100
100658.115,318200
100714.486,318300
100769.999,318400
100817.634,318500
100867.993,318600
100931.884,318700
100995.009,318800
101068.877,318900
101123.841,319000
101207.933,319100
101265.564,319200
101330.630,319300
101374.673,319400
101425.687,319500
101490.941,319600
102763.549,319700
102872.372,319800
102974.717,319900
103097.617,320000
103176.448,320100
103274.255,320200
103335.528,320300
103415.214,320400
103462.770,320500
103520.074,320600
103587.440,320700
103664.184,320800
103732.482,320900
103844.819,321000
103908.128,321100
103971.552,321200
104054.127,321300
104114.833,321400
104169.641,321500
104228.172,321600
104283.954,321700
104335.947,321800
104394.538,321900
104453.744,322000
104565.713,322100
104640.906,322200
104718.521,322300
104785.470,322400
104846.728,322500
104922.324,322600
104988.484,322700
105066.652,322800
105130.266,322900
105204.073,323000
105275.656,323100
105348.006,323200
105491.814,323300
105558.978,323400
105647.768,323500
105724.742,323600
105792.941,323700
105858.637,323800
105911.023,323900
105977.291,324000
106034.166,324100
106139.213,324200
106201.470,324300
106269.870,324400
106358.484,324500
106425.028,324600
106482.835,324700
106542.420,324800
106604.961,324900
106660.913,325000
106727.385,325100
106828.923,325200
106917.014,325300
107008.989,325400
107116.298,325500
107173.460,325600
107241.956,325700
107316.495,325800
107378.380,325900
107442.979,326000
107521.422,326100
107586.460,326200
107652.373,326300
107719.513,326400
107821.866,326500
107890.485,326600
107956.182,326700
108015.175,326800
108077.986,326900
108138.689,327000
108216.310,327100
108275.385,327200
108363.222,327300
108432.540,327400
108497.872,327500
108564.327,327600
108631.182,327700
108776.602,327800
108831.950,327900
108888.700,328000
108945.147,328100
109004.134,328200
109112.857,328300
109179.194,328400
109243.710,328500
109338.023,328600
109407.284,328700
109502.428,328800
109596.965,328900
109670.430,329000
109728.686,329100
109792.454,329200
109859.965,329300
109927.934,329400
110018.354,329500
110091.606,329600
110157.916,329700
111859.153,329800
112163.302,329900
112344.985,330000
112531.576,330100
112691.969,330200
112807.427,330300
112931.249,330400
113061.307,330500
113171.030,330600
113276.221,330700
113384.834,330800
113523.897,330900
113646.446,331000
113732.685,331100
113874.635,331200
113973.716,331300
114087.617,331400
114198.510,331500
114293.462,331600
114422.012,331700
114519.342,331800
114618.438,331900
114724.111,332000
114843.224,332100
114948.044,332200
115038.408,332300
115144.867,332400
115279.627,332500
115360.865,332600
115498.059,332700
115624.424,332800
115742.234,332900
115821.889,333000
115898.207,333100
116008.164,333200
116089.824,333300
116175.704,333400
116296.449,333500
116383.588,333600
116452.400,333700
116556.515,333800
116641.272,333900
116716.791,334000
116821.926,334100
116907.756,334200
116994.556,334300
117106.355,334400
117276.698,334500
117396.063,334600
117501.597,334700
117593.736,334800
117732.132,334900
117819.346,335000
117898.580,335100
117983.777,335200
118070.747,335300
118159.187,335400
118268.505,335500
118362.301,335600
118460.534,335700
118521.609,335800
118582.427,335900
118649.719,336000
118756.832,336100
118826.810,336200
118880.788,336300
118953.961,336400
119011.974,336500
119084.852,336600
119186.097,336700
119288.479,336800
119344.841,336900
119395.430,337000
119456.579,337100
119563.103,337200
119627.001,337300
119697.558,337400
119781.252,337500
119849.498,337600
119930.013,337700
120024.247,337800
120135.411,337900
120215.124,338000
120320.416,338100
120418.505,338200
120505.228,338300
121903.427,338400
122007.411,338500
122122.689,338600
122245.619,338700
122427.545,338800
122568.799,338900
122699.060,339000
122829.118,339100
122930.308,339200
123082.054,339300
123227.900,339400
123311.486,339500
123408.691,339600
123552.628,339700
123668.139,339800
123769.998,339900
123860.636,340000
123994.122,340100
124089.631,340200
124201.146,340300
124316.005,340400
124469.861,340500
124588.355,340600
124688.786,340700
124807.084,340800
124887.686,340900
124973.226,341000
125053.930,341100
125133.878,341200
125215.288,341300
125303.484,341400
125411.249,341500
125536.193,341600
125621.032,341700
125717.601,341800
125795.573,341900
125914.631,342000
125992.485,342100
126066.164,342200
126142.472,342300
126216.338,342400
126295.246,342500
126426.130,342600
126527.577,342700
126646.346,342800
126807.407,342900
126902.104,343000
127001.363,343100
127101.352,343200
127203.291,343300
127304.962,343400
127397.460,343500
127536.493,343600
127627.960,343700
127722.684,343800
127858.205,343900
127989.079,344000
128079.465,344100
128149.594,344200
128229.930,344300
128301.285,344400
128397.059,344500
128488.919,344600
128566.677,344700
128653.938,344800
128801.963,344900
128896.665,345000
129049.889,345100
129182.829,345200
129310.205,345300
129409.729,345400
129512.885,345500
129615.204,345600
129691.383,345700
129794.470,345800
129889.499,345900
129976.357,346000
131600.997,346100
131833.498,346200
132074.357,346300
132301.592,346400
132440.866,346500
132567.328,346600
132684.152,346700
132810.652,346800
132946.105,346900
133075.185,347000
133217.197,347100
133378.303,347200
133515.667,347300
133674.135,347400
133831.759,347500
133993.556,347600
134093.274,347700
134211.109,347800
134358.128,347900
134482.069,348000
134653.010,348100
134765.977,348200
134872.120,348300
134980.259,348400
135096.302,348500
135202.040,348600
135335.827,348700
135475.055,348800
135630.914,348900
135694.498,349000
135795.827,349100
135880.144,349200
135966.065,349300
136074.345,349400
136142.854,349500
136226.595,349600
136329.089,349700
136409.755,349800
136514.204,349900
136654.740,350000
136813.189,350100
136964.385,350200
137154.644,350300
137282.649,350400
137375.190,350500
137517.269,350600
137604.116,350700
137691.078,350800
137784.367,350900
137886.721,351000
137988.921,351100
138135.014,351200
138271.768,351300
138416.377,351400
138522.358,351500
138657.153,351600
138764.659,351700
138854.372,351800
138961.504,351900
139062.578,352000
139198.865,352100
139335.653,352200
139441.878,352300
139539.221,352400
139669.895,352500
139765.731,352600
139914.900,352700
140001.364,352800
140120.769,352900
140214.124,353000
140296.457,353100
140396.055,353200
140494.373,353300
140587.044,353400
142311.154,353500
142481.921,353600
142665.811,353700
142872.748,353800
143015.476,353900
143198.289,354000
143305.351,354100
143480.806,354200
143621.877,354300
143764.990,354400
143874.989,354500
143986.508,354600
144126.109,354700
144260.241,354800
144406.533,354900
144518.346,355000
144618.289,355100
144755.342,355200
144861.293,355300
144970.392,355400
145098.367,355500
145244.485,355600
145343.190,355700
145445.390,355800
145549.222,355900
145693.907,356000
145791.291,356100
145889.931,356200
146032.708,356300
146129.129,356400
146239.909,356500
146334.430,356600
146464.354,356700
146544.410,356800
146639.218,356900
146767.430,357000
146864.380,357100
146977.884,357200
147102.792,357300
147195.669,357400
147293.594,357500
147439.880,357600
147571.902,357700
147665.543,357800
147769.317,357900
147869.462,358000
147960.401,358100
148083.989,358200
148224.739,358300
148353.067,358400
148512.070,358500
148633.502,358600
148758.975,358700
148843.161,358800
148947.688,358900
149108.751,359000
149241.185,359100
149352.629,359200
149465.849,359300
149602.163,359400
149690.431,359500
149802.632,359600
149898.976,359700
150000.296,359800
150097.371,359900
150186.189,360000
150278.385,360100
150378.693,360200
150510.974,360300
150612.192,360400
152106.580,360500
152289.941,360600
152469.132,360700
152669.172,360800
152887.603,360900
153117.502,361000
153352.128,361100
153544.663,361200
153799.109,361300
153948.342,361400
154120.164,361500
154273.207,361600
154436.647,361700
154609.973,361800
154746.023,361900
154916.145,362000
155124.182,362100
155290.422,362200
155402.732,362300
155575.310,362400
155725.441,362500
155844.752,362600
156024.756,362700
156190.790,362800
156330.510,362900
156501.031,363000
156678.461,363100
156835.749,363200
157015.337,363300
157255.575,363400
157405.152,363500
157525.523,363600
157647.349,363700
157793.231,363800
157960.995,363900
158151.365,364000
158257.411,364100
158419.236,364200
158614.257,364300
158805.251,364400
159014.951,364500
159239.280,364600
159401.941,364700
159569.152,364800
159769.144,364900
159974.001,365000
160258.359,365100
160405.739,365200
160560.222,365300
162193.669,365400
162420.199,365500
162693.790,365600
162874.721,365700
163064.602,365800
163234.843,365900
163430.174,366000
163606.263,366100
163771.873,366200
163894.717,366300
164116.063,366400
164260.532,366500
164376.372,366600
164531.978,366700
164640.448,366800
164765.595,366900
164871.629,367000
165084.580,367100
165215.897,367200
165342.149,367300
165536.808,367400
165779.635,367500
165994.663,367600
166169.634,367700
166327.344,367800
166540.906,367900
166797.634,368000
166903.651,368100
167052.160,368200
167186.446,368300
167367.258,368400
167558.775,368500
167801.846,368600
167970.488,368700
168115.523,368800
168256.949,368900
168358.967,369000
168473.500,369100
168627.800,369200
168761.004,369300
168861.386,369400
168994.233,369500
169121.573,369600
169223.665,369700
169353.606,369800
169533.377,369900
169685.783,370000
171390.280,370100
171682.310,370200
171957.735,370300
172191.316,370400
172456.358,370500
172673.130,370600
172832.076,370700
173022.005,370800
173165.751,370900
173307.126,371000
173479.853,371100
173634.346,371200
173864.668,371300
174068.102,371400
174253.598,371500
174385.002,371600
174526.118,371700
174680.712,371800
174833.161,371900
174960.157,372000
175130.454,372100
175245.436,372200
175408.241,372300
175574.503,372400
175797.233,372500
175968.684,372600
176138.725,372700
176319.266,372800
176460.427,372900
176575.177,373000
176688.975,373100
176866.417,373200
176973.793,373300
177120.131,373400
177287.457,373500
177622.859,373600
177774.714,373700
178048.695,373800
178243.822,373900
178400.832,374000
178580.253,374100
178741.296,374200
178916.486,374300
179075.073,374400
179234.804,374500
179495.188,374600
179722.923,374700
179907.854,374800
180142.071,374900
180380.405,375000
180570.900,375100
180705.788,375200
180847.038,375300
181008.436,375400
181172.140,375500
181304.620,375600
183515.807,375700
183832.361,375800
184114.847,375900
184420.077,376000
184598.956,376100
184802.207,376200
185002.030,376300
185124.828,376400
185324.503,376500
185492.177,376600
185628.535,376700
185799.566,376800
185979.040,376900
186095.555,377000
186374.828,377100
186528.500,377200
186696.995,377300
186810.614,377400
186968.520,377500
187146.982,377600
187284.498,377700
187471.229,377800
187659.054,377900
187847.897,378000
188025.869,378100
188291.462,378200
188477.820,378300
188646.909,378400
188792.192,378500
188966.282,378600
189094.141,378700
189316.771,378800
189461.414,378900
189596.098,379000
189730.639,379100
189942.122,379200
190162.513,379300
190339.791,379400
190492.408,379500
190636.099,379600
190772.891,379700
190971.623,379800
191137.761,379900
191307.117,380000
191461.522,380100
191598.262,380200
191859.620,380300
191994.060,380400
192146.013,380500
192293.282,380600
192435.341,380700
192559.401,380800
192689.141,380900
192836.393,381000
192983.880,381100
193133.895,381200
193298.596,381300
195710.356,381400
196026.194,381500
196450.918,381600
196719.719,381700
196984.519,381800
197266.576,381900
197580.489,382000
197991.228,382100
198230.353,382200
198482.227,382300
198683.798,382400
198859.283,382500
199063.232,382600
199290.057,382700
199509.392,382800
199658.520,382900
199896.944,383000
200043.875,383100
200222.577,383200
200383.795,383300
200514.118,383400
200669.697,383500
200846.223,383600
200973.054,383700
201137.741,383800
201267.326,383900
201417.881,384000
201606.061,384100
201779.124,384200
201953.638,384300
202251.653,384400
202407.359,384500
202532.279,384600
202682.491,384700
202826.795,384800
203010.858,384900
203173.905,385000
203333.884,385100
203478.290,385200
203614.085,385300
203747.609,385400
204010.635,385500
204208.274,385600
204377.228,385700
204541.572,385800
204667.368,385900
204833.028,386000
205002.734,386100
205171.429,386200
205355.993,386300
205548.626,386400
205730.664,386500
207658.976,386600
208039.018,386700
208353.208,386800
208719.639,386900
208951.017,387000
209253.769,387100
209559.476,387200
209890.992,387300
210128.287,387400
210490.865,387500
210725.802,387600
210911.213,387700
211188.570,387800
211450.084,387900
211783.060,388000
212070.211,388100
212281.049,388200
212519.217,388300
212733.192,388400
212930.227,388500
213140.385,388600
213296.409,388700
213523.172,388800
213698.413,388900
213890.333,389000
214056.375,389100
214324.107,389200
214540.866,389300
214738.430,389400
214933.779,389500
215198.404,389600
215400.165,389700
215587.905,389800
215839.155,389900
216043.859,390000
216214.625,390100
216360.034,390200
216541.513,390300
216670.110,390400
216817.940,390500
216987.285,390600
217187.281,390700
217342.269,390800
217548.450,390900
217731.717,391000
217874.085,391100
219589.992,391200
220011.986,391300
220457.025,391400
220711.614,391500
220966.112,391600
221252.517,391700
221485.410,391800
221805.696,391900
222127.036,392000
222404.550,392100
222760.639,392200
222991.136,392300
223211.363,392400
223433.384,392500
223612.982,392600
223869.019,392700
224076.237,392800
224359.076,392900
224575.192,393000
224934.214,393100
225188.777,393200
225409.598,393300
225710.812,393400
226063.407,393500
226329.818,393600
226574.828,393700
226792.569,393800
227009.295,393900
227345.141,394000
227778.140,394100
228185.819,394200
228491.570,394300
228776.782,394400
228979.322,394500
229225.538,394600
229423.081,394700
229586.599,394800
229813.444,394900
230002.427,395000
230221.600,395100
230442.596,395200
230659.189,395300
230929.553,395400
231144.672,395500
231333.549,395600
233891.302,395700
234293.275,395800
234663.178,395900
234926.637,396000
235257.267,396100
235642.193,396200
236037.392,396300
236334.117,396400
236620.799,396500
236919.839,396600
237232.676,396700
237564.227,396800
237868.447,396900
238150.508,397000
238411.078,397100
238639.392,397200
238876.466,397300
239146.507,397400
239404.501,397500
239651.453,397600
240033.051,397700
240364.781,397800
240588.215,397900
240843.599,398000
241062.415,398100
241323.465,398200
241544.701,398300
241775.786,398400
242088.431,398500
242361.670,398600
242550.850,398700
242918.055,398800
243170.204,398900
243458.388,399000
243704.939,399100
243952.040,399200
244179.784,399300
244466.530,399400
244774.036,399500
245035.701,399600
245302.871,399700
245590.216,399800
247985.140,399900
248427.963,400000
248811.933,400100
249250.395,400200
249547.926,400300
249839.042,400400
250280.416,400500
250710.618,400600
251052.668,400700
251397.062,400800
251743.976,400900
252187.416,401000
252521.391,401100
252850.468,401200
253221.636,401300
253576.488,401400
253852.903,401500
254107.194,401600
254367.814,401700
254682.657,401800
255110.539,401900
255377.925,402000
255706.969,402100
255893.113,402200
256171.965,402300
256401.042,402400
256589.503,402500
256797.893,402600
257046.073,402700
257306.239,402800
257522.656,402900
257699.580,403000
257928.766,403100
258141.291,403200
258430.172,403300
258637.440,403400
258796.355,403500
258993.951,403600
259187.385,403700
259399.302,403800
261762.774,403900
262327.190,404000
262733.016,404100
263043.319,404200
263391.077,404300
263732.169,404400
264126.740,404500
264489.187,404600
264846.731,404700
265135.963,404800
265497.019,404900
265888.577,405000
266236.065,405100
266523.353,405200
266792.703,405300
267286.686,405400
267801.241,405500
268059.918,405600
268239.798,405700
268424.972,405800
268640.419,405900
268816.477,406000
269024.673,406100
269285.828,406200
269461.467,406300
269655.522,406400
269830.824,406500
270089.615,406600
270332.988,406700
270730.678,406800
270925.564,406900
271235.483,407000
271399.899,407100
271659.491,407200
271893.740,407300
272077.191,407400
272306.744,407500
272512.471,407600
272669.573,407700
272883.716,407800
273193.235,407900
273399.091,408000
275523.686,408100
276075.668,408200
276466.478,408300
276848.552,408400
277198.052,408500
277472.441,408600
277816.347,408700
278128.212,408800
278456.363,408900
278765.645,409000
279144.456,409100
279593.363,409200
279954.234,409300
280373.392,409400
280656.060,409500
280924.281,409600
281114.981,409700
281309.691,409800
281560.523,409900
281825.762,410000
282135.742,410100
282330.038,410200
282630.036,410300
282861.396,410400
283043.957,410500
283271.426,410600
283469.163,410700
283731.807,410800
283962.599,410900
284137.627,411000
284391.356,411100
284653.827,411200
284905.481,411300
285162.343,411400
285559.600,411500
285797.941,411600
286014.307,411700
286268.669,411800
286506.196,411900
286705.144,412000
288937.394,412100
289485.594,412200
289906.939,412300
290377.994,412400
290784.876,412500
291141.694,412600
291430.980,412700
291741.706,412800
291938.383,412900
292291.689,413000
292495.344,413100
292793.906,413200
293177.872,413300
293508.991,413400
293754.635,413500
294097.074,413600
294401.851,413700
294681.829,413800
294913.033,413900
295219.116,414000
295561.841,414100
295939.298,414200
296244.570,414300
296519.172,414400
296774.684,414500
296998.948,414600
297363.429,414700
297671.674,414800
297871.468,414900
298129.722,415000
298367.895,415100
298657.601,415200
298903.514,415300
299191.789,415400
299435.063,415500
299650.906,415600
299862.743,415700
300067.014,415800
302437.017,415900
303240.713,416000
304093.485,416100
304831.891,416200
305231.226,416300
305566.378,416400
306005.189,416500
306525.295,416600
306916.645,416700
307451.170,416800
307752.737,416900
308093.172,417000
308386.289,417100
308727.537,417200
309054.993,417300
309312.023,417400
309601.161,417500
309865.876,417600
310148.891,417700
310388.241,417800
310681.295,417900
311155.868,418000
311439.090,418100
311683.640,418200
311944.588,418300
312170.992,418400
312490.277,418500
312852.667,418600
313130.285,418700
313365.155,418800
313639.963,418900
313843.854,419000
314066.257,419100
314429.459,419200
314739.920,419300
315033.467,419400
315285.719,419500
315548.581,419600
317854.907,419700
318391.270,419800
318739.342,419900
319047.267,420000
319272.301,420100
319562.103,420200
319866.943,420300
320172.592,420400
320522.551,420500
320900.257,420600
321236.367,420700
321492.900,420800
321835.318,420900
322088.378,421000
322340.134,421100
322766.225,421200
323047.264,421300
323306.877,421400
323563.899,421500
323846.812,421600
324215.954,421700
324481.300,421800
324817.972,421900
325131.955,422000
325362.561,422100
325649.006,422200
325935.120,422300
326265.804,422400
326534.095,422500
326934.239,422600
327249.712,422700
327498.612,422800
327761.460,422900
328111.484,423000
328408.730,423100
328735.254,423200
329022.053,423300
329386.561,423400
329648.679,423500
331541.600,423600
332023.434,423700
332385.507,423800
332715.628,423900
333089.315,424000
333373.665,424100
333713.339,424200
334172.894,424300
334530.620,424400
334866.576,424500
335187.859,424600
335561.070,424700
335979.699,424800
336373.340,424900
336677.702,425000
337067.165,425100
337332.447,425200
337634.673,425300
337939.073,425400
338220.347,425500
338565.840,425600
338897.746,425700
339199.207,425800
339532.263,425900
339815.921,426000
340111.309,426100
340335.751,426200
340588.291,426300
340882.888,426400
341176.232,426500
341547.218,426600
341932.296,426700
342238.072,426800
342572.966,426900
342853.874,427000
343092.368,427100
343294.035,427200
343567.267,427300
343851.321,427400
344141.484,427500
344445.193,427600
346871.229,427700
347476.628,427800
347903.339,427900
348220.960,428000
348550.673,428100
348922.027,428200
349218.877,428300
349537.607,428400
350035.070,428500
350476.556,428600
351026.592,428700
351684.227,428800
352184.141,428900
352615.612,429000
352968.119,429100
353322.802,429200
353634.633,429300
353915.768,429400
354185.455,429500
354452.240,429600
354704.560,429700
355067.709,429800
355290.042,429900
355582.867,430000
356040.961,430100
356422.709,430200
356733.059,430300
357013.642,430400
357367.086,430500
357756.104,430600
358042.018,430700
358349.753,430800
358625.249,430900
358942.416,431000
359264.963,431100
359597.784,431200
360026.026,431300
360190.293,431400
360433.322,431500
360668.089,431600
360983.036,431700
361340.815,431800
363550.880,431900
364218.527,432000
364686.419,432100
365132.144,432200
365464.209,432300
365795.208,432400
366200.011,432500
366717.069,432600
367176.383,432700
367500.974,432800
367902.599,432900
368243.754,433000
368598.504,433100
368989.122,433200
369324.684,433300
369645.629,433400
370112.074,433500
370477.465,433600
370829.434,433700
371330.664,433800
371733.509,433900
372213.151,434000
372645.375,434100
372986.352,434200
373370.317,434300
373868.066,434400
374196.244,434500
374534.700,434600
374874.606,434700
375278.438,434800
375594.256,434900
375992.879,435000
376493.017,435100
376899.457,435200
377255.572,435300
377529.209,435400
377889.459,435500
380921.014,435600
381925.793,435700
382872.956,435800
383544.540,435900
384636.975,436000
385237.258,436100
385711.361,436200
386183.171,436300
386711.534,436400
387158.096,436500
387489.393,436600
387819.485,436700
388256.637,436800
388729.207,436900
389155.421,437000
389585.390,437100
389907.966,437200
390291.451,437300
390606.912,437400
390990.928,437500
391378.336,437600
391865.845,437700
392239.197,437800
392625.951,437900
393161.561,438000
393582.355,438100
393911.582,438200
394299.044,438300
394682.547,438400
395073.133,438500
395399.365,438600
395707.574,438700
396033.032,438800
396344.861,438900
396706.476,439000
397169.290,439100
397529.194,439200
400083.881,439300
400722.175,439400
401509.552,439500
402190.778,439600
402682.492,439700
403154.492,439800
403753.274,439900
404376.409,440000
404923.693,440100
405437.171,440200
405900.339,440300
406377.702,440400
406824.249,440500
407200.842,440600
407710.503,440700
408108.242,440800
408507.700,440900
408929.923,441000
409404.012,441100
410008.181,441200
410402.080,441300
410812.729,441400
411261.953,441500
411805.547,441600
412233.510,441700
412684.986,441800
413137.294,441900
413633.303,442000
414049.167,442100
414471.696,442200
415015.025,442300
415494.000,442400
416039.540,442500
418493.254,442600
419532.716,442700
420300.599,442800
420904.372,442900
421531.019,443000
421991.043,443100
422691.111,443200
423380.433,443300
424233.257,443400
424945.958,443500
425616.916,443600
426213.170,443700
426894.527,443800
427370.847,443900
427756.140,444000
428323.700,444100
428652.870,444200
429137.552,444300
429538.408,444400
430084.747,444500
430950.934,444600
431483.973,444700
432131.187,444800
432703.166,444900
433161.544,445000
433619.203,445100
434013.838,445200
434407.364,445300
434848.677,445400
435307.222,445500
435763.608,445600
436400.132,445700
437008.807,445800
437502.526,445900
437941.760,446000
440640.633,446100
441487.620,446200
442553.900,446300
443413.015,446400
444184.045,446500
445031.198,446600
445928.009,446700
446834.668,446800
447552.187,446900
448285.149,447000
449006.158,447100
449716.209,447200
450331.393,447300
450793.677,447400
451245.419,447500
451684.562,447600
452100.518,447700
452487.473,447800
452921.578,447900
453404.009,448000
453856.409,448100
454418.971,448200
454918.211,448300
455421.703,448400
455822.509,448500
456210.188,448600
456723.058,448700
457147.585,448800
457628.571,448900
458017.039,449000
458399.797,449100
458717.294,449200
459049.587,449300
459353.818,449400
459603.728,449500
459909.262,449600
462032.008,449700
462760.216,449800
464021.768,449900
465059.921,450000
466172.172,450100
467152.044,450200
467814.965,450300
468953.930,450400
470028.809,450500
470674.765,450600
471276.090,450700
471799.979,450800
472202.395,450900
472670.521,451000
473161.393,451100
473667.064,451200
474269.571,451300
474715.999,451400
475159.433,451500
475649.148,451600
476305.346,451700
476791.026,451800
477262.558,451900
477861.286,452000
478353.324,452100
479100.686,452200
479761.614,452300
480574.283,452400
481256.828,452500
481813.625,452600
482324.606,452700
483031.796,452800
483512.703,452900
486266.140,453000
487181.402,453100
487808.954,453200
488424.046,453300
488962.669,453400
489673.520,453500
490442.530,453600
491595.281,453700
492179.362,453800
492723.807,453900
493249.296,454000
494029.997,454100
494995.188,454200
495694.535,454300
496400.618,454400
497204.948,454500
497822.081,454600
498415.777,454700
499005.821,454800
499686.246,454900
500114.162,455000
500634.592,455100
501030.755,455200
501494.578,455300
502038.571,455400
502487.432,455500
502957.573,455600
503551.634,455700
504295.459,455800
504878.888,455900
505446.459,456000
505896.869,456100
508969.580,456200
510421.862,456300
511724.427,456400
512930.807,456500
513840.827,456600
514826.423,456700
515667.611,456800
516657.237,456900
517634.158,457000
518569.188,457100
519264.321,457200
519912.544,457300
520526.832,457400
521199.753,457500
521803.811,457600
522407.264,457700
523184.509,457800
523838.195,457900
524418.990,458000
525028.468,458100
525543.679,458200
526365.262,458300
527208.012,458400
527869.946,458500
528525.603,458600
529130.761,458700
529726.813,458800
530270.209,458900
530770.196,459000
531203.571,459100
531603.299,459200
532156.177,459300
532573.623,459400
536251.718,459500
537715.999,459600
538743.834,459700
539683.699,459800
540532.677,459900
541451.085,460000
542440.457,460100
543679.700,460200
544286.125,460300
545068.664,460400
545651.238,460500
546214.539,460600
546775.991,460700
547239.817,460800
547988.401,460900
548657.513,461000
549211.290,461100
549829.816,461200
550428.629,461300
550973.748,461400
551551.362,461500
552054.036,461600
552480.427,461700
553100.315,461800
553597.157,461900
554111.719,462000
554631.530,462100
555566.963,462200
556152.376,462300
556731.333,462400
557259.256,462500
557848.075,462600
560794.661,462700
561636.094,462800
562787.862,462900
563833.127,463000
564895.840,463100
565821.423,463200
566632.707,463300
567312.893,463400
568110.399,463500
568839.691,463600
569771.224,463700
570445.951,463800
571190.422,463900
571815.961,464000
572378.961,464100
572994.789,464200
573657.189,464300
574224.370,464400
574920.322,464500
575591.700,464600
576340.228,464700
577101.035,464800
577923.676,464900
578726.445,465000
579490.336,465100
580151.451,465200
581202.964,465300
581869.859,465400
582488.178,465500
583232.935,465600
583795.290,465700
586402.066,465800
587400.004,465900
588417.050,466000
589742.587,466100
590606.163,466200
591566.582,466300
592501.838,466400
594004.351,466500
594824.559,466600
595548.703,466700
596166.314,466800
596855.963,466900
597568.966,467000
598273.995,467100
598955.322,467200
599648.213,467300
600253.147,467400
600942.662,467500
601633.441,467600
602510.799,467700
603679.068,467800
604825.912,467900
605678.911,468000
606792.124,468100
607603.677,468200
608346.068,468300
609051.002,468400
609722.165,468500
610469.405,468600
611208.993,468700
614242.776,468800
615063.420,468900
616343.548,469000
617770.168,469100
619005.882,469200
620141.472,469300
621149.592,469400
622125.286,469500
623139.905,469600
623888.948,469700
624945.343,469800
625754.744,469900
626417.286,470000
627123.491,470100
627727.490,470200
628341.678,470300
629396.564,470400
630487.938,470500
631343.489,470600
632316.332,470700
633130.176,470800
634338.557,470900
635267.871,471000
635920.774,471100
636460.078,471200
636970.595,471300
637445.549,471400
638412.526,471500
639472.021,471600
640305.375,471700
641458.230,471800
642896.257,471900
647502.270,472000
649156.022,472100
650035.828,472200
650756.273,472300
651413.501,472400
652207.802,472500
652937.181,472600
653934.403,472700
655449.162,472800
656535.235,472900
657204.902,473000
657925.992,473100
658633.218,473200
659176.456,473300
659733.903,473400
660318.538,473500
661022.085,473600
661875.024,473700
662486.177,473800
663062.180,473900
663693.336,474000
664393.403,474100
664944.792,474200
665660.063,474300
666225.059,474400
666937.184,474500
667610.326,474600
668302.962,474700
669148.661,474800
669860.820,474900
670798.757,475000
671685.347,475100
672587.468,475200
673418.813,475300
674323.823,475400
678038.378,475500
679491.397,475600
680891.706,475700
682291.569,475800
683275.433,475900
684592.019,476000
685485.180,476100
686452.673,476200
687130.573,476300
687961.527,476400
688582.008,476500
689294.361,476600
689826.924,476700
690382.230,476800
690959.162,476900
691586.881,477000
692226.684,477100
692629.341,477200
693485.783,477300
694212.138,477400
694908.901,477500
695483.733,477600
696108.449,477700
696975.100,477800
697813.075,477900
698570.749,478000
699470.247,478100
700421.117,478200
701810.610,478300
702921.519,478400
703701.577,478500
704289.321,478600
704972.464,478700
705816.355,478800
706351.202,478900
707247.614,479000
708388.057,479100
713687.855,479200
715369.085,479300
716788.666,479400
717834.165,479500
718808.299,479600
719712.071,479700
720330.811,479800
720889.072,479900
721446.034,480000
722001.129,480100
722516.983,480200
723493.197,480300
724401.593,480400
725354.259,480500
725962.070,480600
726571.108,480700
727105.152,480800
727879.138,480900
728637.120,481000
729261.347,481100
729986.904,481200
731282.952,481300
732451.137,481400
733481.139,481500
734134.923,481600
734847.937,481700
735651.655,481800
736258.466,481900
736816.991,482000
737474.702,482100
738461.126,482200
739537.129,482300
741985.310,482400
743200.156,482500
744711.684,482600
746037.235,482700
747582.219,482800
748970.205,482900
750244.748,483000
751748.537,483100
752586.384,483200
753174.650,483300
753727.616,483400
754261.839,483500
754828.975,483600
755302.584,483700
755709.929,483800
756258.971,483900
756894.097,484000
757757.106,484100
758465.860,484200
759050.983,484300
759653.454,484400
760106.091,484500
760897.330,484600
761565.214,484700
762083.453,484800
762750.044,484900
763260.056,485000
763934.008,485100
764324.793,485200
765141.642,485300
765778.788,485400
766527.323,485500
767168.932,485600
767649.692,485700
768479.974,485800
769392.875,485900
769987.879,486000
770719.141,486100
773940.399,486200
774730.567,486300
775627.538,486400
776573.465,486500
777444.206,486600
778489.578,486700
779380.759,486800
780734.578,486900
781663.797,487000
782568.275,487100
783162.957,487200
784079.667,487300
784800.900,487400
785557.751,487500
786119.845,487600
786832.971,487700
787903.834,487800
789190.431,487900
790135.258,488000
790719.543,488100
791826.967,488200
792655.308,488300
793654.534,488400
794444.864,488500
795573.791,488600
796320.521,488700
797015.057,488800
797572.445,488900
798774.705,489000
799460.108,489100
800341.312,489200
801145.126,489300
801968.431,489400
802786.194,489500
803480.285,489600
807470.179,489700
809571.869,489800
811779.082,489900
813058.793,490000
814081.709,490100
815089.498,490200
816134.839,490300
816980.579,490400
817645.941,490500
818432.192,490600
819372.891,490700
821014.679,490800
821697.489,490900
822319.552,491000
823403.152,491100
824065.833,491200
824977.062,491300
826502.001,491400
827795.435,491500
828785.463,491600
830037.527,491700
831379.413,491800
832049.133,491900
832961.650,492000
833673.613,492100
834310.343,492200
835060.769,492300
835790.146,492400
836491.400,492500
837252.065,492600
838491.291,492700
842945.681,492800
844690.442,492900
846094.282,493000
847794.138,493100
849469.156,493200
850984.707,493300
851945.136,493400
852937.937,493500
854238.254,493600
855172.186,493700
855834.896,493800
856539.005,493900
857191.335,494000
857979.639,494100
858722.902,494200
859498.615,494300
860504.465,494400
861512.256,494500
862641.531,494600
863876.338,494700
865172.577,494800
865977.916,494900
867430.747,495000
868308.886,495100
869175.554,495200
869798.026,495300
870367.098,495400
871404.069,495500
875959.143,495600
877502.171,495700
879294.889,495800
880607.574,495900
881777.960,496000
883118.016,496100
884311.966,496200
885431.589,496300
886316.635,496400
887179.095,496500
887935.387,496600
888754.762,496700
889517.068,496800
890522.482,496900
892221.644,497000
893513.196,497100
895692.680,497200
897316.916,497300
898360.187,497400
899951.156,497500
900814.939,497600
902068.134,497700
903213.132,497800
904195.673,497900
905091.990,498000
905764.609,498100
907120.205,498200
911991.909,498300
914168.538,498400
916282.323,498500
917988.798,498600
919277.676,498700
920373.695,498800
921227.290,498900
922143.246,499000
923035.564,499100
923835.782,499200
924626.851,499300
925296.469,499400
926241.971,499500
927607.378,499600
928746.643,499700
930462.966,499800
931553.622,499900
932420.349,500000
933374.345,500100
934192.510,500200
935053.497,500300
935833.816,500400
936552.521,500500
937435.851,500600
938182.377,500700
938918.043,500800
944708.392,500900
946508.549,501000
947849.598,501100
949144.326,501200
950263.569,501300
951270.674,501400
952265.046,501500
953150.331,501600
953846.432,501700
954644.833,501800
956017.858,501900
956985.175,502000
958251.697,502100
959236.610,502200
960278.158,502300
961196.372,502400
962246.577,502500
963126.145,502600
964024.611,502700
964824.268,502800
965766.366,502900
966573.946,503000
967399.786,503100
968149.290,503200
969098.998,503300
970203.801,503400
971082.472,503500
974810.506,503600
976358.205,503700
977782.690,503800
978792.915,503900
979756.652,504000
980712.545,504100
981690.908,504200
982511.564,504300
983436.873,504400
984139.243,504500
985324.444,504600
986332.028,504700
987185.205,504800
987949.067,504900
988862.706,505000
989921.396,505100
991755.673,505200
993565.437,505300
994737.251,505400
995782.001,505500
996933.473,505600
998523.455,505700
999382.122,505800
1001177.974,505900
1003273.698,506000
1005525.152,506100
1007132.105,506200
1008480.095,506300
1009640.247,506400
1010556.448,506500
1012162.758,506600
1016598.027,506700
1018979.795,506800
1020182.116,506900
1021129.591,507000
1022362.285,507100
1023681.413,507200
1024578.026,507300
1025702.267,507400
1026693.367,507500
1027432.079,507600
1028729.046,507700
1029593.768,507800
1030609.675,507900
1032515.766,508000
1034379.839,508100
1036076.572,508200
1037981.979,508300
1041363.442,508400
1044163.657,508500
1047980.109,508600
1050768.374,508700
1053596.189,508800
1055766.138,508900
1057925.831,509000
1060071.387,509100
1061707.210,509200
1063365.156,509300
1064741.265,509400
1066490.983,509500
1068527.275,509600
1071041.283,509700
1074138.234,509800
1078375.609,509900
1080686.824,510000
1082213.896,510100
1090508.534,510200
1094089.499,510300
1096607.685,510400
1098099.476,510500
1100042.827,510600
1101679.536,510700
1105597.270,510800
1107196.355,510900
1109179.728,511000
1111836.796,511100
1113959.235,511200
1116061.437,511300
1118957.549,511400
1120162.234,511500
1121060.916,511600
1122350.661,511700
1125725.725,511800
1128490.466,511900
1130718.690,512000
1132745.624,512100
1134111.756,512200
1136028.553,512300
1137729.116,512400
1140037.510,512500
1142441.153,512600
1144875.682,512700
1146418.275,512800
1147658.590,512900
1149079.035,513000
1150274.800,513100
1151401.109,513200
1152295.331,513300
1153886.623,513400
1154490.284,513500
1155446.224,513600
1156441.793,513700
1157185.932,513800
1158414.257,513900
1161523.788,514000
1162619.077,514100
1163518.179,514200
1164830.276,514300
1165749.095,514400
1166537.461,514500
1167336.669,514600
1167931.292,514700
1168986.876,514800
1169557.683,514900
1170123.387,515000
1170708.015,515100
1171442.276,515200
1172189.101,515300
1172674.825,515400
1173198.955,515500
1174129.002,515600
1174741.030,515700
1175360.714,515800
1175882.864,515900
1176368.256,516000
1176698.514,516100
1177143.512,516200
1177497.789,516300
1177939.317,516400
1178587.121,516500
1179168.331,516600
1179840.329,516700
1180339.801,516800
1180923.865,516900
1181478.733,517000
1182099.904,517100
1182417.754,517200
1183146.643,517300
1183618.646,517400
1184110.507,517500
1184687.285,517600
1185170.374,517700
1186722.006,517800
1187563.308,517900
1188284.940,518000
1188974.153,518100
1189486.874,518200
1189976.768,518300
1190528.837,518400
1192066.408,518500
1193011.382,518600
1196251.330,518700
1197019.096,518800
1197783.495,518900
1198817.770,519000
1199580.867,519100
1200492.296,519200
1201517.594,519300
1201944.106,519400
1202609.205,519500
1203346.961,519600
1204021.311,519700
1204820.938,519800
1205426.068,519900
1206463.991,520000
1207440.224,520100
1209696.912,520200
1211811.666,520300
1212363.577,520400
1213008.710,520500
1213626.587,520600
1214094.065,520700
1214696.424,520800
1215249.020,520900
1215885.168,521000
1216834.988,521100
1217575.971,521200
1218183.059,521300
1218884.137,521400
1219555.784,521500
1220083.006,521600
1220862.784,521700
1221629.702,521800
1222091.866,521900
1222583.580,522000
1223237.444,522100
1223830.335,522200
1224488.318,522300
1224914.026,522400
1225361.467,522500
1226119.882,522600
1229545.189,522700
1230505.564,522800
1231648.284,522900
1232733.865,523000
1233413.018,523100
1234592.478,523200
1235365.457,523300
1235860.353,523400
1236356.860,523500
1236962.516,523600
1237649.408,523700
1238298.435,523800
1239227.135,523900
1239875.347,524000
1240411.760,524100
1241098.547,524200
1241447.435,524300
1241975.664,524400
1242418.526,524500
1242729.323,524600
1243124.142,524700
1243533.292,524800
1244103.356,524900
1244610.410,525000
1245095.769,525100
1245681.429,525200
1246345.450,525300
1247040.998,525400
1247970.090,525500
1248491.776,525600
1249090.302,525700
1251942.944,525800
1257132.770,525900
1259658.122,526000
1261202.538,526100
1262817.012,526200
1264394.566,526300
1266155.576,526400
1267979.691,526500
1269141.143,526600
1270272.695,526700
1271176.861,526800
1272068.024,526900
1272744.172,527000
1277650.770,527100
1282548.537,527200
1283935.729,527300
1284811.830,527400
1285592.929,527500
1286564.035,527600
1287030.450,527700
1287568.219,527800
1287900.153,527900
1288364.181,528000
1288854.603,528100
1289188.029,528200
1290497.192,528300
1291537.101,528400
1292122.994,528500
1292823.960,528600
1293290.388,528700
1293845.000,528800
1294269.784,528900
1294677.422,529000
1295181.485,529100
1298131.287,529200
1300936.746,529300
1302880.517,529400
1304127.078,529500
1305046.234,529600
1305891.048,529700
1306503.864,529800
1308118.716,529900
1309955.819,530000
1311112.069,530100
1312765.320,530200
1314701.800,530300
1315992.343,530400
1316974.217,530500
1317751.939,530600
1318322.126,530700
1319094.117,530800
1319670.973,530900
1320159.029,531000
1320870.734,531100
1322148.934,531200
1326624.436,531300
1327781.657,531400
1329651.332,531500
1333036.390,531600
1334597.158,531700
1335570.349,531800
1336498.155,531900
1339784.577,532000
1340488.716,532100
1341551.541,532200
1342328.781,532300
1343519.051,532400
1344486.274,532500
1345440.920,532600
1346132.312,532700
1347034.100,532800
1347709.756,532900
1348706.717,533000
1349062.262,533100
1349631.228,533200
1350424.797,533300
1352324.255,533400
1353403.986,533500
1354856.490,533600
1356531.666,533700
1357163.725,533800
1358327.529,533900
1359288.852,534000
1360114.772,534100
1360683.974,534200
1361265.967,534300
1362048.963,534400
1362823.686,534500
1363894.597,534600
1364997.794,534700
1365966.149,534800
1366761.832,534900
1367422.810,535000
1370275.611,535100
1371410.102,535200
1372349.156,535300
1373236.004,535400
1375935.494,535500
1377429.053,535600
1378547.902,535700
1379281.609,535800
1379896.947,535900
1380566.384,536000
1381093.049,536100
1381691.798,536200
1382224.244,536300
1382713.668,536400
1383615.133,536500
1384386.532,536600
1384963.050,536700
1385710.474,536800
1386222.478,536900
1386829.192,537000
1387463.022,537100
1388087.431,537200
1388627.686,537300
1389128.878,537400
1389561.658,537500
1390117.720,537600
1390782.116,537700
1391196.941,537800
1391687.271,537900
1392276.252,538000
1392886.443,538100
1393527.623,538200
1394056.248,538300
1394758.172,538400
1395453.704,538500
1396036.550,538600
1396705.931,538700
1397473.982,538800
1397966.404,538900
1398662.760,539000
1399266.783,539100
1402116.967,539200
1402917.686,539300
1403684.470,539400
1404381.225,539500
1405148.448,539600
1406028.285,539700
1406505.971,539800
1407362.929,539900
1408166.295,540000
1408808.070,540100
1409646.599,540200
1410349.849,540300
1411306.527,540400
1411935.669,540500
1412342.912,540600
1412908.593,540700
1413454.557,540800
1414345.047,540900
1415230.814,541000
1415798.952,541100
1416324.409,541200
1417022.141,541300
1417561.874,541400
1418212.150,541500
1418722.035,541600
1419186.843,541700
1419724.702,541800
1420339.964,541900
1420917.701,542000
1421470.292,542100
1422194.798,542200
1422954.250,542300
1423723.478,542400
1424451.808,542500
1424993.504,542600
1425561.148,542700
1426053.628,542800
1426876.441,542900
1429394.435,543000
1430365.458,543100
1431310.194,543200
1432411.076,543300
1433212.522,543400
1434111.454,543500
1434712.717,543600
1435411.579,543700
1436040.162,543800
1436526.631,543900
1437260.955,544000
1438245.518,544100
1438835.442,544200
1439523.442,544300
1440058.733,544400
1440587.826,544500
1441421.189,544600
1441972.284,544700
1442430.904,544800
1443012.779,544900
1443963.627,545000
1444779.659,545100
1445566.548,545200
1446350.827,545300
1447209.742,545400
1448331.189,545500
1449058.913,545600
1449834.871,545700
1450610.056,545800
1451338.227,545900
1452108.373,546000
1452947.955,546100
1453655.065,546200
1454314.824,546300
1455173.743,546400
1459056.836,546500
1460970.946,546600
1461974.765,546700
1463060.776,546800
1464099.354,546900
1465091.914,547000
1466060.818,547100
1466893.055,547200
1467689.674,547300
1468518.099,547400
1469312.666,547500
1470208.772,547600
1471117.929,547700
1471909.901,547800
1472915.656,547900
1473795.858,548000
1474633.126,548100
1475466.166,548200
1476344.055,548300
1477531.476,548400
1478376.892,548500
1479156.716,548600
1479734.959,548700
1481030.114,548800
1481809.462,548900
1482432.452,549000
1483577.769,549100
1484868.747,549200
1486018.797,549300
1487290.079,549400
1488156.830,549500
1489076.635,549600
1492265.276,549700
1494094.087,549800
1495518.542,549900
1496895.114,550000
1498112.068,550100
1499566.317,550200
1500440.448,550300
1501224.750,550400
1502294.802,550500
1502868.236,550600
1503717.521,550700
1504986.917,550800
1506307.084,550900
1507367.756,551000
1508374.047,551100
1509152.337,551200
1510679.864,551300
1512252.690,551400
1513602.616,551500
1514781.708,551600
1515895.766,551700
1517234.991,551800
1519292.605,551900
1520566.384,552000
1521794.776,552100
1523417.799,552200
1525385.507,552300
1526449.158,552400
1527421.966,552500
1530493.909,552600
1532050.394,552700
1534378.438,552800
1535820.164,552900
1537090.794,553000
1539065.337,553100
1540609.437,553200
1541726.343,553300
1542992.126,553400
1544069.377,553500
1545262.652,553600
1546359.406,553700
1547279.939,553800
1548286.852,553900
1549114.682,554000
1549979.081,554100
1551069.929,554200
1552223.853,554300
1553717.324,554400
1555122.771,554500
1556459.951,554600
1557888.986,554700
1559191.430,554800
1561188.928,554900
1562699.011,555000
1563907.139,555100
1564799.357,555200
1565607.153,555300
1566849.751,555400
1567704.659,555500
1568426.794,555600
1569445.135,555700
1573913.223,555800
1575591.297,555900
1577233.221,556000
1578210.402,556100
1578946.870,556200
1579749.324,556300
1580761.229,556400
1581783.225,556500
1582680.734,556600
1583430.910,556700
1584255.217,556800
1585015.360,556900
1585833.236,557000
1586767.686,557100
1587661.324,557200
1588374.448,557300
1589011.796,557400
1589854.660,557500
1590433.973,557600
1591127.644,557700
1591920.071,557800
1592496.262,557900
1593168.461,558000
1593840.142,558100
1594397.471,558200
1594980.586,558300
1595608.508,558400
1596209.227,558500
1596904.356,558600
1597624.208,558700
1598231.680,558800
1598874.441,558900
1599495.191,559000
1600225.926,559100
1603342.143,559200
1604121.625,559300
1605117.198,559400
1606139.460,559500
1606913.275,559600
1607744.421,559700
1608413.319,559800
1609196.267,559900
1609943.613,560000
1611039.962,560100
1611716.376,560200
1612273.888,560300
1612918.491,560400
1613501.648,560500
1614236.791,560600
1614842.434,560700
1615525.084,560800
1616250.150,560900
1616894.180,561000
1617554.802,561100
1618353.280,561200
1619406.382,561300
1620217.807,561400
1620850.391,561500
1621722.178,561600
1622521.532,561700
1623149.170,561800
1623851.426,561900
1624368.450,562000
1625001.048,562100
1625649.298,562200
1628289.528,562300
1629441.001,562400
1630823.601,562500
1632109.864,562600
1633748.934,562700
1635049.725,562800
1636043.804,562900
1636699.717,563000
1637667.302,563100
1638363.210,563200
1639159.001,563300
1639519.281,563400
1640084.946,563500
1640699.675,563600
1641900.727,563700
1642782.127,563800
1643721.345,563900
1644744.265,564000
1645884.139,564100
1646664.888,564200
1647358.758,564300
1648184.751,564400
1648850.845,564500
1649480.415,564600
1650137.163,564700
1651018.707,564800
1652192.984,564900
1653064.929,565000
1654057.199,565100
1657155.656,565200
1658754.996,565300
1659849.697,565400
1660622.178,565500
1661989.906,565600
1663290.852,565700
1664132.468,565800
1665301.614,565900
1666148.435,566000
1666927.367,566100
1667812.577,566200
1668634.947,566300
1669431.567,566400
1670160.573,566500
1671075.278,566600
1672154.562,566700
1673115.137,566800
1674108.052,566900
1675182.205,567000
1675925.223,567100
1676567.366,567200
1677280.571,567300
1677944.301,567400
1678493.066,567500
1679396.594,567600
1680413.155,567700
1681047.651,567800
1681844.377,567900
1682460.047,568000
1683280.037,568100
1684192.832,568200
1686877.364,568300
1688124.208,568400
1689272.984,568500
1690291.245,568600
1691557.379,568700
1693985.993,568800
1694910.302,568900
1695917.792,569000
1697359.357,569100
1698283.173,569200
1699341.867,569300
1700192.506,569400
1700964.801,569500
1701853.436,569600
1702750.310,569700
1703528.139,569800
1704452.341,569900
1705400.502,570000
1706565.919,570100
1707610.448,570200
1708803.923,570300
1709895.194,570400
1710717.609,570500
1711611.473,570600
1712440.429,570700
1713571.682,570800
1714642.888,570900
1717357.838,571000
1718499.872,571100
1720118.421,571200
1721546.084,571300
1723051.306,571400
1724065.539,571500
1724965.602,571600
1726069.249,571700
1727007.659,571800
1727760.931,571900
1728618.958,572000
1729631.067,572100
1730397.393,572200
1731364.312,572300
1732317.356,572400
1733167.803,572500
1734453.035,572600
1735448.895,572700
1736347.097,572800
1737610.807,572900
1738791.196,573000
1739935.479,573100
1740655.318,573200
1741433.899,573300
1742283.375,573400
1745800.244,573500
1747020.318,573600
1748292.941,573700
1750767.368,573800
1751940.137,573900
1753028.590,574000
1754036.856,574100
1754975.600,574200
1755879.303,574300
1756703.293,574400
1757593.916,574500
1758415.312,574600
1759377.388,574700
1760308.900,574800
1761175.039,574900
1762141.486,575000
1763151.018,575100
1764070.249,575200
1765003.427,575300
1765910.546,575400
1766942.850,575500
1768311.034,575600
1769927.030,575700
1771603.542,575800
1772969.389,575900
1777355.602,576000
1779094.978,576100
1780430.429,576200
1781817.809,576300
1783429.522,576400
1784851.703,576500
1786187.359,576600
1788001.552,576700
1789364.759,576800
1790669.196,576900
1791614.270,577000
1792572.647,577100
1793565.891,577200
1794612.600,577300
1795548.865,577400
1796481.794,577500
1797429.827,577600
1798810.481,577700
1800187.837,577800
1801269.599,577900
1802732.177,578000
1803981.057,578100
1805037.298,578200
1806261.238,578300
1807186.475,578400
1810383.062,578500
1812204.904,578600
1814177.348,578700
1815959.875,578800
1817798.338,578900
1819162.354,579000
1820372.214,579100
1821422.453,579200
1822773.163,579300
1823739.465,579400
1824504.823,579500
1825366.382,579600
1826098.888,579700
1826849.173,579800
1827788.717,579900
1829404.186,580000
1830534.956,580100
1832058.347,580200
1833338.287,580300
1834592.313,580400
1835603.968,580500
1836715.020,580600
1837822.735,580700
1838999.511,580800
1840065.784,580900
1843913.155,581000
1845583.231,581100
1847533.891,581200
1849078.477,581300
1850295.381,581400
1851477.489,581500
1852596.209,581600
1853888.845,581700
1855335.551,581800
1857193.525,581900
1859009.314,582000
1860842.849,582100
1862106.324,582200
1863516.010,582300
1864603.601,582400
1866023.432,582500
1867994.575,582600
1869722.723,582700
1871231.900,582800
1872743.065,582900
1874754.369,583000
1875839.810,583100
1876949.003,583200
1878255.196,583300
1879570.135,583400
1883481.687,583500
1886548.057,583600
1888329.644,583700
1889642.208,583800
1890847.486,583900
1892870.637,584000
1893729.153,584100
1894539.753,584200
1895290.194,584300
1896179.255,584400
1896945.682,584500
1898167.882,584600
1899197.011,584700
1900445.606,584800
1901533.247,584900
1902597.304,585000
1904286.867,585100
1906038.252,585200
1907548.283,585300
1908749.595,585400
1909826.524,585500
1911185.355,585600
1912473.512,585700
1913643.764,585800
1914710.230,585900
1915672.311,586000
1916580.450,586100
1920705.263,586200
1921936.452,586300
1923325.944,586400
1926330.553,586500
1927826.677,586600
1929588.664,586700
1930729.452,586800
1931836.892,586900
1933199.506,587000
1934165.776,587100
1935037.253,587200
1935753.427,587300
1936474.611,587400
1937328.976,587500
1938123.214,587600
1939351.195,587700
1940753.586,587800
1942003.567,587900
1943256.954,588000
1944524.146,588100
1945844.041,588200
1946965.288,588300
1947804.042,588400
1948659.496,588500
1949831.560,588600
1950740.026,588700
1952350.423,588800
1953663.611,588900
1955329.927,589000
1957748.560,589100
1961823.669,589200
1963885.202,589300
1965545.520,589400
1966654.054,589500
1967533.814,589600
1968455.230,589700
1969555.041,589800
1971521.681,589900
1973161.829,590000
1974310.674,590100
1975296.180,590200
1976335.077,590300
1977389.418,590400
1978319.967,590500
1979181.670,590600
1980081.110,590700
1980775.584,590800
1981702.323,590900
1982571.643,591000
1983816.995,591100
1985679.950,591200
1987036.015,591300
1988274.946,591400
1989344.042,591500
1990491.391,591600
1991321.125,591700
1992230.934,591800
1993532.216,591900
1996485.170,592000
1997961.853,592100
1999712.296,592200
2000867.861,592300
2002465.366,592400
2003953.700,592500
2004971.930,592600
2005734.270,592700
2006687.580,592800
2007891.819,592900
2008986.458,593000
2009977.210,593100
2011028.533,593200
2012072.793,593300
2013774.906,593400
2014638.023,593500
2016081.601,593600
2017098.805,593700
2017917.161,593800
2018995.141,593900
2019831.477,594000
2021251.791,594100
2023065.413,594200
2024108.174,594300
2025480.524,594400
2026304.621,594500
2027484.013,594600
2028294.147,594700
2029097.783,594800
2029882.652,594900
2034495.178,595000
2035614.872,595100
2038285.471,595200
2040178.629,595300
2041427.414,595400
2042756.200,595500
2043741.526,595600
2044558.354,595700
2045323.390,595800
2046042.323,595900
2046972.613,596000
2048260.946,596100
2049178.781,596200
2050404.380,596300
2051866.836,596400
2053099.063,596500
2054028.235,596600
2054854.446,596700
2055974.714,596800
2057120.786,596900
2057804.105,597000
2058467.854,597100
2059216.827,597200
2060072.769,597300
2061037.809,597400
2062454.583,597500
2063638.815,597600
2064636.616,597700
2065749.903,597800
2069505.048,597900
2070495.925,598000
2071644.459,598100
2072876.210,598200
2073876.541,598300
2075069.204,598400
2076413.722,598500
2077357.429,598600
2078382.086,598700
2079476.298,598800
2080505.688,598900
2081477.439,599000
2082489.762,599100
2083129.421,599200
2084000.715,599300
2084983.138,599400
2085843.729,599500
2087040.115,599600
2088295.849,599700
2089744.085,599800
2090626.048,599900
2091949.812,600000
2092941.067,600100
2093930.793,600200
2094703.420,600300
2095864.430,600400
2096670.272,600500
2097833.414,600600
2098562.538,600700
2099754.534,600800
2103982.365,600900
2106364.884,601000
2108614.934,601100
2110228.054,601200
2111868.590,601300
2113194.518,601400
2114531.402,601500
2115957.424,601600
2117385.988,601700
2118385.469,601800
2119713.465,601900
2120962.917,602000
2122228.175,602100
2123282.635,602200
2124185.890,602300
2125453.354,602400
2126634.120,602500
2127961.050,602600
2129292.903,602700
2130461.637,602800
2131750.552,602900
2133169.078,603000
2134334.141,603100
2135454.594,603200
2136555.905,603300
2138058.489,603400
2139211.153,603500
2140987.067,603600
2144224.017,603700
2146026.195,603800
2149701.004,603900
2151240.720,604000
2153108.166,604100
2154805.791,604200
2156175.303,604300
2157435.662,604400
2158771.401,604500
2159899.661,604600
2161201.314,604700
2162510.205,604800
2163969.242,604900
2165472.302,605000
2166296.947,605100
2167171.309,605200
2168423.164,605300
2169885.313,605400
2171333.931,605500
2172823.279,605600
2173795.814,605700
2174995.696,605800
2176042.083,605900
2177308.550,606000
2178489.583,606100
2179589.191,606200
2180594.583,606300
2181659.591,606400
2182570.257,606500
2186075.512,606600
2188470.506,606700
2190758.208,606800
2192059.056,606900
2193483.854,607000
2194371.220,607100
2195191.606,607200
2196286.550,607300
2197402.877,607400
2198610.151,607500
2200160.357,607600
2201608.145,607700
2202730.612,607800
2203813.050,607900
2204912.642,608000
2205511.386,608100
2206400.458,608200
2207480.759,608300
2208743.946,608400
2210043.598,608500
2211612.209,608600
2212794.470,608700
2213875.662,608800
2215178.655,608900
2216363.894,609000
2217116.148,609100
2218025.630,609200
2218785.539,609300
2219781.497,609400
2221147.561,609500
2222373.034,609600
2225203.824,609700
2227203.825,609800
2229672.304,609900
2230987.786,610000
2232413.661,610100
2233425.542,610200
2235954.480,610300
2237398.504,610400
2238851.965,610500
2240140.008,610600
2241283.190,610700
2241959.417,610800
2242758.674,610900
2243951.780,611000
2244719.094,611100
2245726.933,611200
2246773.608,611300
2247382.170,611400
2248202.891,611500
2249239.426,611600
2250234.151,611700
2251602.352,611800
2253160.866,611900
2254843.942,612000
2256703.718,612100
2257888.715,612200
2259405.064,612300
2260548.279,612400
2261280.913,612500
2262455.834,612600
2263549.140,612700
2265492.204,612800
2269785.426,612900
2271841.744,613000
2273713.657,613100
2275001.801,613200
2276763.265,613300
2278008.694,613400
2279608.057,613500
2280844.656,613600
2282071.830,613700
2283261.551,613800
2284368.468,613900
2286310.898,614000
2288004.711,614100
2289435.677,614200
2290804.899,614300
2291918.790,614400
2292553.415,614500
2293160.192,614600
2294084.251,614700
2295964.397,614800
2298599.413,614900
2300402.549,615000
2302134.207,615100
2303139.470,615200
2304552.454,615300
2305772.685,615400
2306727.880,615500
2307885.782,615600
2309051.371,615700
2310230.132,615800
2314459.152,615900
2316680.905,616000
2318852.302,616100
2320933.620,616200
2322941.064,616300
2324842.146,616400
2326169.554,616500
2327519.566,616600
2329476.217,616700
2331054.385,616800
2332431.178,616900
2333771.661,617000
2335054.121,617100
2336779.574,617200
2339271.171,617300
2340805.748,617400
2342415.606,617500
2344449.182,617600
2345683.530,617700
2346813.706,617800
2347815.009,617900
2349290.728,618000
2350577.224,618100
2351795.013,618200
2353527.714,618300
2354721.269,618400
2356241.264,618500
2360591.928,618600
2362879.652,618700
2364719.646,618800
2366309.180,618900
2367898.526,619000
2369223.588,619100
2370429.688,619200
2371526.162,619300
2372637.011,619400
2373423.614,619500
2374888.900,619600
2375768.147,619700
2376792.282,619800
2378678.585,619900
2379931.567,620000
2382983.729,620100
2386690.398,620200
2388611.886,620300
2389985.685,620400
2391063.678,620500
2392146.675,620600
2393131.389,620700
2393775.490,620800
2394934.399,620900
2396121.134,621000
2397523.956,621100
2398922.947,621200
2400544.015,621300
2402963.895,621400
2408505.987,621500
2410962.048,621600
2413009.885,621700
2415475.110,621800
2417110.993,621900
2418368.021,622000
2420124.771,622100
2421819.471,622200
2423360.584,622300
2424845.338,622400
2426277.216,622500
2427322.640,622600
2428392.304,622700
2430500.103,622800
2431796.392,622900
2433470.622,623000
2435179.771,623100
2436782.844,623200
2438132.832,623300
2439798.672,623400
2441108.413,623500
2442505.713,623600
2443822.816,623700
2445253.916,623800
2446672.817,623900
2447981.716,624000
2449061.490,624100
2450394.793,624200
2452066.372,624300
2457460.755,624400
2459963.262,624500
2461496.944,624600
2463369.340,624700
2464598.923,624800
2465980.522,624900
2467491.795,625000
2468523.587,625100
2469780.748,625200
2470727.821,625300
2471726.132,625400
2472613.855,625500
2474431.667,625600
2476034.675,625700
2478175.679,625800
2479910.171,625900
2481101.923,626000
2483685.603,626100
2485091.956,626200
2486301.012,626300
2487863.672,626400
2489252.873,626500
2490574.173,626600
2491990.706,626700
2493508.851,626800
2495538.874,626900
2497119.087,627000
2498491.200,627100
2499605.550,627200
2501051.919,627300
2502660.271,627400
2506162.025,627500
2509333.559,627600
2512640.736,627700
2514065.102,627800
2515496.559,627900
2517201.791,628000
2518523.948,628100
2520155.750,628200
2522090.059,628300
2523616.371,628400
2525393.778,628500
2527683.785,628600
2529931.660,628700
2531535.233,628800
2532745.693,628900
2534578.255,629000
2536655.718,629100
2538412.923,629200
2540123.418,629300
2542186.563,629400
2544251.484,629500
2545831.303,629600
2547846.316,629700
2549819.664,629800
2551831.038,629900
2553769.934,630000
2559399.591,630100
2561853.428,630200
2563966.585,630300
2566981.292,630400
2568691.522,630500
2570060.886,630600
2571365.125,630700
2572958.117,630800
2575111.773,630900
2576770.735,631000
2578197.293,631100
2580104.262,631200
2581486.251,631300
2583305.228,631400
2585703.087,631500
2587919.463,631600
2589478.965,631700
2590807.433,631800
2592168.178,631900
2593619.257,632000
2595005.438,632100
2597155.289,632200
2599443.801,632300
2601587.882,632400
2603278.189,632500
2608086.107,632600
2610921.009,632700
2613520.327,632800
2615282.142,632900
2616639.015,633000
2618152.402,633100
2619357.752,633200
2620559.979,633300
2621516.634,633400
2622681.671,633500
2623827.558,633600
2624915.053,633700
2626163.609,633800
2627350.665,633900
2628275.425,634000
2630488.473,634100
2634880.743,634200
2637387.252,634300
2638915.286,634400
2640343.880,634500
2641456.960,634600
2642303.006,634700
2643212.896,634800
2644298.213,634900
2645548.579,635000
2646690.987,635100
2648632.822,635200
2650852.513,635300
2652720.661,635400
2657932.859,635500
2660218.971,635600
2662146.679,635700
2663589.807,635800
2665236.576,635900
2667157.765,636000
2668395.946,636100
2670147.453,636200
2671276.252,636300
2673008.988,636400
2674025.649,636500
2675700.285,636600
2676919.639,636700
2678378.841,636800
2680069.365,636900
2681830.886,637000
2683117.612,637100
2684425.668,637200
2685503.005,637300
2686706.459,637400
2687723.973,637500
2688770.012,637600
2690427.169,637700
2691483.608,637800
2697342.524,637900
2698964.227,638000
2700350.382,638100
2701738.342,638200
2706688.472,638300
2708918.048,638400
2712355.737,638500
2714339.372,638600
2716353.139,638700
2718014.618,638800
2719675.024,638900
2721552.071,639000
2723119.054,639100
2724660.980,639200
2726181.278,639300
2727524.326,639400
2728931.350,639500
2730199.944,639600
2731492.224,639700
2733220.438,639800
2735930.518,639900
2738738.988,640000
2740281.035,640100
2741767.350,640200
2743369.768,640300
2744856.884,640400
2746298.306,640500
2748152.984,640600
2749978.925,640700
2754048.121,640800
2756912.731,640900
2760184.132,641000
2762862.731,641100
2765843.068,641200
2768058.832,641300
2770034.744,641400
2772200.235,641500
2775431.670,641600
2777230.215,641700
2779020.652,641800
2781037.254,641900
2782837.452,642000
2784538.789,642100
2786187.474,642200
2788030.559,642300
2790544.403,642400
2792617.855,642500
2794781.934,642600
2797127.927,642700
2799016.715,642800
2801215.485,642900
2803399.412,643000
2805124.001,643100
2806902.744,643200
2810827.367,643300
2813224.935,643400
2815063.806,643500
2816769.982,643600
2819024.739,643700
2820946.665,643800
2823631.321,643900
2825378.801,644000
2827494.582,644100
2829663.474,644200
2831636.047,644300
2833427.205,644400
2834805.638,644500
2836466.941,644600
2838378.242,644700
2839732.633,644800
2841856.921,644900
2844094.350,645000
2846310.932,645100
2848218.397,645200
2850294.088,645300
2851701.756,645400
2853162.847,645500
2854447.197,645600
2856582.389,645700
2860695.545,645800
2863838.442,645900
2867183.582,646000
2869586.339,646100
2871340.127,646200
2873266.495,646300
2875092.952,646400
2876548.734,646500
2877940.985,646600
2879175.304,646700
2880597.040,646800
2883102.230,646900
2885854.810,647000
2887682.494,647100
2889394.746,647200
2891263.857,647300
2893225.796,647400
2894847.215,647500
2896359.135,647600
2897583.570,647700
2898985.288,647800
2900171.797,647900
2901317.315,648000
2902581.121,648100
2904386.261,648200
2906650.953,648300
2910936.676,648400
2913083.827,648500
2915767.234,648600
2917581.811,648700
2919287.127,648800
2920698.734,648900
2921967.515,649000
2923931.829,649100
2925141.298,649200
2926566.534,649300
2928667.823,649400
2930346.029,649500
2932202.219,649600
2934044.684,649700
2935859.078,649800
2937720.785,649900
2939286.628,650000
2940840.462,650100
2942437.150,650200
2944128.325,650300
2945554.925,650400
2946980.508,650500
2948525.940,650600
2950018.561,650700
2951454.027,650800
2953091.805,650900
2957981.260,651000
2961059.347,651100
2963820.932,651200
2965607.320,651300
2966899.094,651400
2968260.623,651500
2969549.492,651600
2970992.903,651700
2972580.629,651800
2973918.569,651900
2975597.175,652000
2977375.395,652100
2979102.409,652200
2982065.602,652300
2983599.359,652400
2985945.615,652500
2988091.626,652600
2989829.454,652700
2991781.742,652800
2993840.099,652900
2996000.957,653000
2998470.810,653100
2999985.152,653200
3001957.428,653300
3003696.940,653400
3005382.060,653500
3010274.694,653600
3013191.676,653700
3015921.322,653800
3018145.581,653900
3020130.735,654000
3022630.004,654100
3025732.137,654200
3029115.285,654300
3031381.306,654400
3033634.486,654500
3035764.167,654600
3037719.560,654700
3039700.677,654800
3041634.782,654900
3043753.465,655000
3045810.653,655100
3047352.102,655200
3049043.067,655300
3051407.075,655400
3054604.385,655500
3058687.363,655600
3063247.295,655700
3066669.307,655800
3069922.947,655900
3079772.326,656000
3083131.661,656100
3085623.298,656200
3087439.622,656300
3089087.438,656400
3090964.506,656500
3092980.447,656600
3095174.504,656700
3097657.231,656800
3100732.728,656900
3103873.509,657000
3107165.788,657100
3109781.397,657200
3112252.330,657300
3115103.237,657400
3118988.559,657500
3121793.210,657600
3124099.368,657700
3126643.210,657800
3129136.221,657900
3131818.262,658000
3134925.401,658100
3137965.297,658200
3140667.645,658300
3143411.810,658400
3146584.866,658500
3153151.944,658600
3156982.648,658700
3160305.638,658800
3163069.031,658900
3164736.646,659000
3167571.186,659100
3170319.488,659200
3173281.661,659300
3176204.216,659400
3179834.869,659500
3182456.490,659600
3184892.510,659700
3187008.679,659800
3189605.972,659900
3191731.218,660000
3193911.129,660100
3196946.010,660200
3199302.274,660300
3201365.545,660400
3203959.240,660500
3206579.346,660600
3208686.311,660700
3210496.352,660800
3212705.559,660900
3214354.483,661000
3219501.635,661100
3223342.908,661200
3225875.810,661300
3228535.377,661400
3231193.252,661500
3234025.341,661600
3237938.304,661700
3242487.907,661800
3245528.382,661900
3248822.794,662000
3251910.093,662100
3255717.619,662200
3258904.909,662300
3260995.392,662400
3263512.935,662500
3266475.792,662600
3269616.485,662700
3273503.917,662800
3276829.134,662900
3280097.590,663000
3284064.262,663100
3289385.973,663200
3294191.674,663300
3297518.168,663400
3300530.134,663500
3307997.851,663600
3312626.080,663700
3315693.520,663800
3318781.190,663900
3323163.565,664000
3327760.771,664100
3332563.779,664200
3337967.566,664300
3343377.749,664400
3347319.194,664500
3350968.816,664600
3353771.178,664700
3357100.346,664800
3361022.288,664900
3365648.737,665000
3370984.031,665100
3375990.681,665200
3380312.780,665300
3384710.554,665400
3389794.904,665500
3394834.584,665600
3398009.000,665700
3400616.562,665800
3408976.203,665900
3419538.967,666000
3423635.875,666100
3426840.328,666200
3430150.252,666300
3434201.733,666400
3437765.374,666500
3441213.088,666600
3443776.538,666700
3446166.053,666800
3449215.616,666900
3451651.186,667000
3453911.456,667100
3456811.796,667200
3460237.883,667300
3464713.844,667400
3468076.265,667500
3470824.214,667600
3473379.602,667700
3475814.019,667800
3478776.223,667900
3481251.473,668000
3483535.336,668100
3486071.359,668200
3488613.125,668300
3493283.725,668400
3497009.549,668500
3500255.941,668600
3502857.050,668700
3505179.963,668800
3507636.101,668900
3510003.038,669000
3512565.796,669100
3515208.706,669200
3517309.285,669300
3520830.446,669400
3524959.486,669500
3528950.415,669600
3532117.834,669700
3536110.002,669800
3540404.855,669900
3544043.480,670000
3547023.657,670100
3551385.235,670200
3553972.402,670300
3556715.033,670400
3559774.568,670500
3563288.254,670600
3566704.149,670700
3574110.311,670800
3578241.388,670900
3582372.957,671000
3585612.812,671100
3588478.274,671200
3591397.413,671300
3594441.716,671400
3598004.022,671500
3601024.198,671600
3604314.535,671700
3607044.543,671800
3610303.559,671900
3613961.865,672000
3618578.601,672100
3621858.926,672200
3624456.060,672300
3627687.425,672400
3631259.944,672500
3634431.640,672600
3636762.583,672700
3638697.598,672800
3640951.532,672900
3644386.299,673000
3650797.739,673100
3654852.127,673200
3657802.680,673300
3661139.034,673400
3664587.459,673500
3667390.590,673600
3670361.221,673700
3672914.435,673800
3675326.163,673900
3678095.166,674000
3680435.024,674100
3682670.964,674200
3684933.770,674300
3688365.578,674400
3692131.335,674500
3698031.134,674600
3701800.739,674700
3704582.898,674800
3706945.516,674900
3709403.550,675000
3711749.938,675100
3713594.808,675200
3715805.673,675300
3717969.772,675400
3725668.405,675500
3729639.103,675600
3732459.981,675700
3735022.593,675800
3737531.736,675900
3739794.201,676000
3742441.213,676100
3744431.532,676200
3746768.037,676300
3749057.399,676400
3751772.162,676500
3754388.180,676600
3757216.217,676700
3759411.435,676800
3762341.604,676900
3764550.298,677000
3766339.279,677100
3768343.013,677200
3770468.641,677300
3772773.595,677400
3775780.592,677500
3779146.171,677600
3783467.306,677700
3786321.910,677800
3792448.187,677900
3795008.458,678000
3797057.776,678100
3799401.126,678200
3801599.069,678300
3803275.692,678400
3805122.498,678500
3807212.656,678600
3809931.057,678700
3814190.489,678800
3817903.526,678900
3820658.004,679000
3823525.543,679100
3826049.389,679200
3828283.078,679300
3830219.931,679400
3832221.468,679500
3834331.061,679600
3836460.450,679700
3838445.725,679800
3840705.104,679900
3843313.453,680000
3845890.710,680100
3853019.485,680200
3857577.909,680300
3860630.877,680400
3863467.275,680500
3866391.720,680600
3868971.007,680700
3871118.908,680800
3873222.060,680900
3875665.330,681000
3877522.952,681100
3879275.034,681200
3881795.041,681300
3884792.188,681400
3888470.005,681500
3891969.957,681600
3895274.188,681700
3898303.134,681800
3902615.550,681900
3906264.217,682000
3910733.591,682100
3914281.957,682200
3917234.876,682300
3922421.186,682400
3924752.163,682500
3927306.181,682600
3932434.403,682700
3938271.703,682800
3941686.462,682900
3944089.089,683000
3946621.468,683100
3949329.030,683200
3952674.083,683300
3955633.886,683400
3958341.335,683500
3961305.724,683600
3963632.545,683700
3966645.813,683800
3969704.304,683900
3972750.835,684000
3975123.206,684100
3979101.416,684200
3981978.867,684300
3983844.243,684400
3985893.923,684500
3988180.481,684600
3991253.372,684700
3994188.050,684800
3997250.657,684900
3999115.068,685000
4001093.601,685100
4005888.833,685200
4008993.688,685300
4011541.465,685400
4016418.120,685500
4019630.866,685600
4022012.987,685700
4023762.104,685800
4025564.860,685900
4028483.757,686000
4030552.929,686100
4032602.420,686200
4034553.625,686300
4036553.794,686400
4038136.369,686500
4039977.097,686600
4042755.908,686700
4045412.162,686800
4049469.701,686900
4051488.728,687000
4053179.929,687100
4054707.340,687200
4056131.247,687300
4058943.202,687400
4061619.195,687500
4063899.317,687600
4065972.626,687700
4068466.444,687800
4073881.978,687900
4076281.102,688000
4077910.969,688100
4080882.390,688200
4082711.798,688300
4084407.076,688400
4086533.830,688500
4088022.467,688600
4089534.773,688700
4091258.191,688800
4093486.241,688900
4095468.826,689000
4097804.397,689100
4099814.221,689200
4101674.326,689300
4103348.300,689400
4104940.860,689500
4106870.209,689600
4109651.664,689700
4111362.044,689800
4114981.743,689900
4116864.234,690000
4119074.133,690100
4121101.084,690200
4126499.323,690300
4129703.019,690400
4131935.929,690500
4134507.235,690600
4136425.446,690700
4138208.562,690800
4140157.783,690900
4141490.421,691000
4142951.775,691100
4145160.873,691200
4146801.453,691300
4148511.531,691400
4149784.025,691500
4150828.797,691600
4152242.988,691700
4153669.851,691800
4157591.799,691900
4159776.543,692000
4162159.451,692100
4164125.264,692200
4165963.602,692300
4167807.727,692400
4169562.695,692500
4171214.927,692600
4172628.048,692700
4174792.397,692800
4176149.965,692900
4177742.505,693000
4179360.193,693100
4181015.663,693200
4182686.672,693300
4184501.555,693400
4186104.987,693500
4191178.477,693600
4192630.147,693700
4194675.173,693800
4196886.443,693900
4198158.191,694000
4199651.393,694100
4201064.155,694200
4202604.531,694300
4203813.859,694400
4205216.871,694500
4206822.721,694600
4208540.410,694700
4210875.887,694800
4212308.140,694900
4214736.112,695000
4216569.954,695100
4218497.163,695200
4220095.104,695300
4221943.013,695400
4223389.268,695500
4225711.052,695600
4227694.921,695700
4230066.736,695800
4231516.890,695900
4234068.501,696000
4237170.518,696100
4244202.541,696200
4247631.316,696300
4250834.627,696400
4254509.071,696500
4257757.758,696600
4261599.035,696700
4264983.492,696800
4270143.305,696900
4272179.565,697000
4274708.349,697100
4277312.366,697200
4279232.413,697300
4280914.255,697400
4282662.705,697500
4284754.464,697600
4286369.630,697700
4287949.828,697800
4290627.235,697900
4292815.672,698000
4294463.490,698100
4296748.906,698200
4298660.359,698300
4300379.223,698400
4302318.560,698500
4304718.875,698600
4307008.702,698700
4308845.595,698800
4311040.034,698900
4312625.541,699000
4314744.052,699100
4317389.792,699200
4319147.227,699300
4321469.291,699400
4323167.551,699500
4324932.722,699600
4327210.622,699700
4328891.087,699800
4330470.346,699900
4335669.693,700000
4338843.075,700100
4340911.264,700200
4342887.083,700300
4344891.672,700400
4347342.783,700500
4349299.145,700600
4351277.884,700700
4353815.593,700800
4356144.783,700900
4358217.832,701000
4359444.182,701100
4361157.065,701200
4362953.298,701300
4364388.634,701400
4366673.380,701500
4368518.820,701600
4370617.290,701700
4372757.295,701800
4375156.723,701900
4376924.907,702000
4378175.494,702100
4379682.576,702200
4381261.517,702300
4382710.786,702400
4384806.711,702500
4386338.023,702600
4387805.766,702700
4390046.458,702800
4392210.320,702900
4396710.487,703000
4400720.834,703100
4402354.469,703200
4403896.157,703300
4405537.794,703400
4407412.874,703500
4409445.454,703600
4411048.077,703700
4412952.771,703800
4415560.493,703900
4417928.802,704000
4420603.676,704100
4424607.115,704200
4426844.971,704300
4429082.912,704400
4431843.354,704500
4434883.619,704600
4437602.830,704700
4440215.918,704800
4442107.557,704900
4444500.470,705000
4447842.564,705100
4450626.431,705200
4454361.012,705300
4456469.729,705400
4458199.238,705500
4462018.057,705600
4469034.840,705700
4471675.105,705800
4475194.279,705900
4478308.881,706000
4480781.047,706100
4483150.697,706200
4485393.529,706300
4488380.336,706400
4491302.145,706500
4492736.036,706600
4495530.516,706700
4497479.032,706800
4499692.673,706900
4501916.075,707000
4503536.970,707100
4505619.161,707200
4507506.214,707300
4509079.577,707400
4511116.339,707500
4513000.667,707600
4515292.978,707700
4518057.301,707800
4520201.578,707900
4522570.600,708000
4525185.481,708100
4527463.258,708200
4530351.193,708300
4538925.902,708400
4541735.643,708500
4543966.998,708600
4546244.012,708700
4549060.868,708800
4552030.214,708900
4555771.663,709000
4561981.621,709100
4564756.386,709200
4567834.230,709300
4570733.222,709400
4572976.610,709500
4575082.798,709600
4576801.975,709700
4578686.697,709800
4581356.296,709900
4583432.175,710000
4587602.704,710100
4590180.711,710200
4592344.983,710300
4594540.014,710400
4597909.374,710500
4600919.118,710600
4602388.987,710700
4604523.182,710800
4606765.703,710900
4608496.553,711000
4613204.557,711100
4616616.283,711200
4619647.348,711300
4623361.681,711400
4625296.117,711500
4627151.421,711600
4628753.894,711700
4630514.249,711800
4632665.369,711900
4635223.937,712000
4637278.211,712100
4639116.460,712200
4641558.545,712300
4644228.283,712400
4646283.730,712500
4648584.425,712600
4652119.892,712700
4654321.341,712800
4656077.693,712900
4657755.589,713000
4659503.036,713100
4662492.927,713200
4664950.594,713300
4667477.347,713400
4669810.396,713500
4672725.069,713600
4674589.401,713700
4679485.002,713800
4682890.424,713900
4684993.845,714000
4687222.369,714100
4689297.037,714200
4690898.857,714300
4693099.182,714400
4694564.110,714500
4696477.177,714600
4698935.472,714700
4700678.075,714800
4703107.041,714900
4705035.135,715000
4706983.108,715100
4708590.856,715200
4710245.712,715300
4711544.368,715400
4713382.476,715500
4715393.578,715600
4716709.698,715700
4718869.220,715800
4720938.315,715900
4723005.244,716000
4729544.146,716100
4732253.979,716200
4735226.904,716300
4738650.036,716400
4745137.175,716500
4748263.415,716600
4749477.649,716700
4751111.609,716800
4752748.575,716900
4754254.919,717000
4756594.477,717100
4759180.586,717200
4762084.113,717300
4765039.821,717400
4767742.585,717500
4769648.344,717600
4771519.728,717700
4773283.446,717800
4774621.924,717900
4776021.078,718000
4778834.373,718100
4780732.670,718200
4782305.062,718300
4784954.656,718400
4786914.326,718500
4788820.086,718600
4790949.233,718700
4793091.257,718800
4794516.265,718900
4795879.354,719000
4797485.736,719100
4799448.401,719200
4801180.789,719300
4806261.261,719400
4809139.868,719500
4810841.544,719600
4813780.582,719700
4816747.349,719800
4821531.755,719900
4823786.327,720000
4825674.645,720100
4828314.593,720200
4830249.274,720300
4832102.660,720400
4833844.709,720500
4835806.556,720600
4838600.642,720700
4840920.197,720800
4842336.459,720900
4843762.698,721000
4845436.573,721100
4847879.769,721200
4850978.964,721300
4854276.304,721400
4857173.643,721500
4860016.740,721600
4863465.022,721700
4865358.481,721800
4867792.650,721900
4870553.648,722000
4874748.394,722100
4877411.152,722200
4880833.176,722300
4886509.787,722400
4894290.956,722500
4910987.796,722600
4919243.955,722700
4923407.215,722800
4927430.630,722900
4929760.169,723000
4930898.423,723100
4932243.645,723200
4933453.855,723300
4934831.482,723400
4936616.085,723500
4938032.762,723600
4939529.562,723700
4940884.037,723800
4942681.706,723900
4944807.467,724000
4946359.662,724100
4948019.842,724200
4949646.573,724300
4952385.126,724400
4954461.757,724500
4956058.170,724600
4957828.283,724700
4960566.999,724800
4967933.085,724900
4970286.423,725000
4972062.138,725100
4973921.523,725200
4975402.590,725300
4977185.838,725400
4983213.648,725500
4986275.413,725600
4988405.658,725700
4990636.707,725800
4992809.985,725900
4994807.002,726000
4996736.938,726100
4998570.562,726200
5000478.494,726300
5002700.896,726400
5004592.330,726500
5006710.859,726600
5009394.207,726700
5011056.036,726800
5013376.847,726900
5014884.767,727000
5016210.141,727100
5018012.317,727200
5019355.015,727300
5021958.897,727400
5024279.487,727500
5029436.134,727600
5032377.957,727700
5036011.293,727800
5038798.927,727900
5041274.527,728000
5043309.078,728100
5044471.545,728200
5046245.763,728300
5048085.096,728400
5049514.540,728500
5051964.353,728600
5053707.389,728700
5055180.900,728800
5057117.080,728900
5058923.218,729000
5060551.820,729100
5062692.413,729200
5064997.238,729300
5067570.422,729400
5070008.324,729500
5072796.186,729600
5075472.475,729700
5077590.150,729800
5080369.504,729900
5082804.099,730000
5085819.079,730100
5088114.807,730200
5094517.389,730300
5096940.603,730400
5099245.984,730500
5101230.606,730600
5102815.401,730700
5104405.683,730800
5106285.659,730900
5107949.575,731000
5110098.475,731100
5111915.464,731200
5113743.415,731300
5116237.634,731400
5118803.855,731500
5121053.886,731600
5123490.511,731700
5125711.384,731800
5127793.702,731900
5129232.150,732000
5130583.655,732100
5131932.146,732200
5133256.566,732300
5134931.390,732400
5137480.677,732500
5139938.128,732600
5141743.856,732700
5143576.470,732800
5145803.622,732900
5150029.283,733000
5152726.767,733100
5154363.949,733200
5155822.015,733300
5157343.695,733400
5159172.151,733500
5160838.871,733600
5163573.221,733700
5165514.538,733800
5167696.672,733900
5170039.073,734000
5171992.733,734100
5173886.377,734200
5175391.110,734300
5176918.233,734400
5178117.286,734500
5180334.162,734600
5182072.313,734700
5184155.728,734800
5186726.486,734900
5189698.960,735000
5191996.793,735100
5194351.701,735200
5195960.254,735300
5197605.663,735400
5199181.672,735500
5200644.267,735600
5204133.427,735700
5209942.111,735800
5211874.692,735900
5215941.411,736000
5219654.611,736100
5222516.045,736200
5225821.850,736300
5227957.380,736400
5229951.161,736500
5232834.381,736600
5235102.791,736700
5237035.511,736800
5239027.540,736900
5240680.680,737000
5242337.223,737100
5244600.841,737200
5246154.194,737300
5249683.149,737400
5251843.154,737500
5253833.612,737600
5255595.124,737700
5257235.595,737800
5259021.610,737900
5260452.135,738000
5262263.294,738100
5264573.201,738200
5269766.879,738300
5272507.127,738400
5275039.640,738500
5277641.270,738600
5280073.867,738700
5282457.105,738800
5284285.136,738900
5285803.902,739000
5287210.650,739100
5288742.163,739200
5289913.862,739300
5291115.926,739400
5292551.510,739500
5294572.596,739600
5296085.952,739700
5298051.063,739800
5299280.513,739900
5300648.000,740000
5302369.503,740100
5304249.855,740200
5305997.126,740300
5308246.339,740400
5310240.049,740500
5313179.005,740600
5317071.315,740700
5320131.243,740800
5322828.145,740900
5325371.071,741000
5331888.247,741100
5335249.353,741200
5338736.354,741300
5341426.091,741400
5343321.244,741500
5344789.966,741600
5346487.518,741700
5348410.254,741800
5350560.091,741900
5352214.885,742000
5353796.222,742100
5355748.513,742200
5358432.902,742300
5362978.008,742400
5366811.749,742500
5371538.842,742600
5374741.044,742700
5377450.733,742800
5380083.940,742900
5381851.471,743000
5383370.294,743100
5385157.255,743200
5386719.178,743300
5388063.567,743400
5389266.059,743500
5390346.085,743600
5391687.428,743700
5396384.731,743800
5398717.073,743900
5401090.006,744000
5403525.309,744100
5406448.610,744200
5407959.304,744300
5409014.855,744400
5410340.857,744500
5411651.581,744600
5413624.251,744700
5415581.566,744800
5419295.585,744900
5421299.646,745000
5424021.423,745100
5426281.792,745200
5427981.501,745300
5429921.822,745400
5431882.648,745500
5433970.823,745600
5435923.764,745700
5438753.335,745800
5440387.882,745900
5441868.966,746000
5443406.281,746100
5444372.452,746200
5445224.780,746300
5449379.110,746400
5452851.667,746500
5455026.244,746600
5457311.234,746700
5458911.967,746800
5461206.052,746900
5463130.549,747000
5464736.043,747100
5466052.317,747200
5467430.673,747300
5468851.931,747400
5470148.445,747500
5471492.395,747600
5474047.755,747700
5476239.830,747800
5479564.716,747900
5481960.764,748000
5483225.385,748100
5484763.666,748200
5485990.405,748300
5486964.869,748400
5488181.347,748500
5489897.573,748600
5491171.824,748700
5494395.348,748800
5496901.319,748900
5499005.079,749000
5500603.860,749100
5507835.813,749200
5510271.941,749300
5512317.686,749400
5514198.724,749500
5516167.878,749600
5517900.138,749700
5520129.707,749800
5522528.052,749900
5525309.275,750000
5527039.292,750100
5529001.182,750200
5530502.892,750300
5532091.494,750400
5533505.700,750500
5534800.756,750600
5536446.820,750700
5538579.710,750800
5540165.433,750900
5542843.670,751000
5545213.850,751100
5546575.995,751200
5548884.558,751300
5550783.850,751400
5552061.315,751500
5554426.979,751600
5556105.185,751700
5557841.470,751800
5559819.620,751900
5565263.081,752000
5569035.150,752100
5571315.768,752200
5573855.757,752300
5576069.186,752400
5577681.995,752500
5579011.986,752600
5580269.123,752700
5583174.027,752800
5585129.690,752900
5586878.723,753000
5588749.751,753100
5590593.521,753200
5592145.095,753300
5593882.184,753400
5596290.184,753500
5597346.124,753600
5598834.391,753700
5600533.099,753800
5602562.338,753900
5607704.825,754000
5609772.131,754100
5611331.400,754200
5613360.479,754300
5616193.189,754400
5618054.870,754500
5619570.132,754600
5624630.585,754700
5627572.675,754800
5630034.713,754900
5632204.657,755000
5634109.254,755100
5636115.523,755200
5637981.757,755300
5639575.010,755400
5640787.364,755500
5641885.545,755600
5644268.789,755700
5646799.073,755800
5649175.485,755900
5651319.495,756000
5653191.528,756100
5654707.102,756200
5656512.507,756300
5658264.984,756400
5659553.180,756500
5660815.820,756600
5661876.604,756700
5663120.478,756800
5664668.783,756900
5666130.492,757000
5669114.227,757100
5670422.659,757200
5672194.836,757300
5674230.840,757400
5683279.694,757500
5685801.093,757600
5687280.066,757700
5688536.973,757800
5689933.011,757900
5691214.174,758000
5692960.837,758100
5694380.861,758200
5696101.811,758300
5698303.270,758400
5704484.375,758500
5711208.379,758600
5718400.955,758700
5721768.632,758800
5723915.675,758900
5727120.671,759000
5730030.172,759100
5737407.318,759200
5747033.212,759300
5762393.704,759400
5765666.577,759500
5768172.408,759600
5772937.743,759700
5776085.766,759800
5778324.940,759900
5780239.924,760000
5782450.303,760100
5785285.486,760200
5794765.853,760300
5801410.068,760400
5805411.026,760500
5808194.760,760600
5810033.649,760700
5811708.585,760800
5813603.467,760900
5815483.630,761000
5817421.767,761100
5820401.375,761200
5823312.724,761300
5825765.465,761400
5828463.659,761500
5830801.047,761600
5833153.938,761700
5835562.337,761800
5837730.467,761900
5840502.903,762000
5842326.211,762100
5845284.767,762200
5847604.799,762300
5849410.211,762400
5855379.980,762500
5858265.286,762600
5861150.494,762700
5863474.664,762800
5870522.805,762900
5874967.637,763000
5877287.705,763100
5880506.200,763200
5882985.515,763300
5884977.681,763400
5887166.769,763500
5888940.870,763600
5891324.268,763700
5895266.837,763800
5898336.058,763900
5900753.979,764000
5903466.650,764100
5906534.795,764200
5910892.153,764300
5915269.899,764400
5919550.192,764500
5923886.196,764600
5927171.778,764700
5930649.053,764800
5932742.634,764900
5935560.024,765000
5938919.351,765100
5942168.879,765200
5947500.394,765300
5951357.970,765400
5953839.637,765500
5956250.570,765600
5958457.571,765700
5962080.059,765800
5964149.117,765900
5967194.145,766000
5969639.998,766100
5973014.552,766200
5974598.549,766300
5976119.528,766400
5977509.176,766500
5978802.834,766600
5986977.187,766700
5997696.739,766800
6001354.154,766900
6004118.221,767000
6007191.391,767100
6009172.841,767200
6011174.137,767300
6012800.753,767400
6014568.875,767500
6016526.280,767600
6018406.722,767700
6020957.803,767800
6027231.354,767900
6031090.373,768000
6037718.126,768100
6039948.066,768200
6042212.673,768300
6043588.540,768400
6045064.828,768500
6046490.512,768600
6048341.971,768700
6050386.271,768800
6051876.667,768900
6053251.478,769000
6054981.327,769100
6058199.397,769200
6059661.003,769300
6062156.256,769400
6064432.944,769500
6067977.429,769600
6069979.953,769700
6072131.760,769800
6073255.192,769900
6074825.737,770000
6078910.189,770100
6081081.389,770200
6083256.784,770300
6086300.383,770400
6088947.550,770500
6101302.658,770600
6104336.203,770700
6106039.172,770800
6107876.342,770900
6109109.888,771000
6110651.787,771100
6121574.494,771200
6133785.594,771300
6138424.133,771400
6148107.150,771500
6154092.248,771600
6157614.816,771700
6160658.065,771800
6163461.421,771900
6165976.518,772000
6167661.786,772100
6169103.239,772200
6171906.772,772300
6173938.064,772400
6176033.205,772500
6177877.054,772600
6179348.219,772700
6181096.858,772800
6183075.240,772900
6185554.035,773000
6187922.877,773100
6190589.430,773200
6196469.646,773300
6198669.661,773400
6200780.457,773500
6202598.174,773600
6203917.360,773700
6205698.964,773800
6206949.781,773900
6208236.787,774000
6210005.052,774100
6211817.007,774200
6213770.732,774300
6217294.338,774400
6220067.544,774500
6223501.742,774600
6225645.765,774700
6227803.574,774800
6229930.200,774900
6231711.944,775000
6233467.234,775100
6234873.745,775200
6236576.961,775300
6238049.751,775400
6240534.597,775500
6243241.923,775600
6245347.942,775700
6248612.532,775800
6254365.525,775900
6257924.263,776000
6260629.882,776100
6262344.426,776200
6264823.463,776300
6267878.956,776400
6269866.322,776500
6272061.731,776600
6274280.343,776700
6276506.358,776800
6278658.867,776900
6280359.413,777000
6282221.786,777100
6284282.215,777200
6286150.334,777300
6288913.776,777400
6291083.487,777500
6293752.103,777600
6295914.812,777700
6297893.159,777800
6300165.659,777900
6302388.078,778000
6304659.448,778100
6307429.960,778200
6309825.081,778300
6315073.463,778400
6319122.654,778500
6327322.798,778600
6330948.024,778700
6333605.883,778800
6335447.235,778900
6337200.300,779000
6338977.444,779100
6340915.310,779200
6342921.597,779300
6344748.855,779400
6347056.811,779500
6349669.377,779600
6352785.084,779700
6355428.996,779800
6357884.925,779900
6360849.270,780000
6363198.033,780100
6365998.282,780200
6368067.757,780300
6370340.686,780400
6372235.047,780500
6376081.211,780600
6380274.099,780700
6385215.532,780800
6388839.974,780900
6393626.854,781000
6401871.889,781100
6405964.056,781200
6409124.359,781300
6411523.724,781400
6413146.636,781500
6415382.853,781600
6417752.270,781700
6420268.683,781800
6423159.824,781900
6425886.884,782000
6428526.394,782100
6430580.600,782200
6432929.107,782300
6435141.959,782400
6437590.459,782500
6440073.590,782600
6442857.421,782700
6444959.820,782800
6447415.576,782900
6449511.632,783000
6452306.583,783100
6454689.168,783200
6457264.688,783300
6459723.988,783400
6462118.105,783500
6463965.007,783600
6469660.971,783700
6472725.927,783800
6475331.428,783900
6477938.173,784000
6480338.555,784100
6482562.668,784200
6484646.808,784300
6486599.676,784400
6488447.433,784500
6490187.039,784600
6492482.642,784700
6495936.464,784800
6499452.543,784900
6502312.415,785000
6504656.508,785100
6506904.009,785200
6509261.039,785300
6512950.465,785400
6516312.819,785500
6519331.004,785600
6522403.308,785700
6524620.537,785800
6527245.870,785900
6535649.878,786000
6540222.697,786100
6544446.356,786200
6546951.131,786300
6548961.067,786400
6550711.023,786500
6552237.701,786600
6554795.699,786700
6557779.312,786800
6560362.168,786900
6563333.635,787000
6565976.085,787100
6568840.133,787200
6571487.199,787300
6573735.812,787400
6575620.623,787500
6577048.975,787600
6578620.497,787700
6580253.175,787800
6581908.456,787900
6586621.146,788000
6589415.714,788100
6591310.067,788200
6593235.456,788300
6595520.615,788400
6596878.983,788500
6598092.785,788600
6599283.006,788700
6600817.474,788800
6602758.234,788900
6605120.725,789000
6607016.952,789100
6608637.884,789200
6611375.607,789300
6613169.297,789400
6614749.172,789500
6616354.449,789600
6617920.120,789700
6624154.733,789800
6627308.513,789900
6629212.640,790000
6631930.924,790100
6633876.208,790200
6636207.775,790300
6638392.654,790400
6640076.931,790500
6641871.617,790600
6643373.658,790700
6645191.643,790800
6647181.782,790900
6650836.160,791000
6654244.955,791100
6656837.875,791200
6659495.150,791300
6662137.273,791400
6664135.367,791500
6666158.605,791600
6671801.861,791700
6673892.481,791800
6676135.776,791900
6678618.166,792000
6680840.061,792100
6683217.107,792200
6685499.220,792300
6687987.470,792400
6690410.498,792500
6692344.035,792600
6694465.095,792700
6697129.084,792800
6700387.111,792900
6704389.026,793000
6707446.581,793100
6711561.250,793200
6714958.429,793300
6718272.893,793400
6721618.288,793500
6726327.033,793600
6731484.795,793700
6743054.671,793800
6746823.750,793900
6749246.762,794000
6752268.032,794100
6754374.791,794200
6757279.403,794300
6759779.913,794400
6762607.061,794500
6764715.717,794600
6767309.173,794700
6769239.237,794800
6771411.218,794900
6773728.599,795000
6776212.036,795100
6778194.665,795200
6780833.142,795300
6784016.052,795400
6788037.435,795500
6792548.497,795600
6796084.294,795700
6798767.086,795800
6805080.755,795900
6808798.722,796000
6811428.418,796100
6813885.911,796200
6816456.820,796300
6819074.679,796400
6821877.662,796500
6824437.577,796600
6828452.485,796700
6832102.741,796800
6834940.070,796900
6838438.334,797000
6842074.845,797100
6846259.937,797200
6849092.677,797300
6851992.821,797400
6855356.387,797500
6857354.942,797600
6859416.026,797700
6861458.158,797800
6863469.957,797900
6871762.380,798000
6875561.392,798100
6879389.313,798200
6882233.444,798300
6885482.248,798400
6888260.811,798500
6891879.063,798600
6895039.322,798700
6897348.394,798800
6899340.643,798900
6901894.050,799000
6906025.014,799100
6909175.728,799200
6912647.533,799300
6916025.610,799400
6919200.125,799500
6922765.632,799600
6925917.436,799700
6928328.839,799800
6933924.069,799900
6936747.999,800000
6939467.459,800100
6941895.793,800200
6944478.249,800300
6947581.063,800400
6950558.024,800500
6952853.638,800600
6955192.087,800700
6957613.347,800800
6959432.084,800900
6962241.663,801000
6966894.703,801100
6970250.772,801200
6973035.887,801300
6976742.021,801400
6980001.386,801500
6982746.219,801600
6986662.985,801700
6993888.390,801800
6997205.141,801900
7001055.183,802000
7004454.815,802100
7008169.941,802200
7012399.325,802300
7015336.720,802400
7017954.996,802500
7020754.915,802600
7023305.989,802700
7027147.183,802800
7030624.660,802900
7032800.587,803000
7035008.543,803100
7039271.687,803200
7042484.537,803300
7046874.853,803400
7050174.214,803500
7053591.737,803600
7060990.587,803700
7064627.040,803800
7066812.185,803900
7068914.315,804000
7070666.388,804100
7072615.776,804200
7075212.933,804300
7077656.629,804400
7080792.278,804500
7085703.622,804600
7088369.866,804700
7091303.079,804800
7093885.716,804900
7096253.181,805000
7098842.385,805100
7102166.842,805200
7104823.048,805300
7108496.351,805400
7111445.397,805500
7119967.735,805600
7123692.807,805700
7127004.730,805800
7129790.216,805900
7132239.772,806000
7135189.980,806100
7138102.098,806200
7140780.759,806300
7143648.470,806400
7145790.786,806500
7148275.066,806600
7150535.792,806700
7153276.343,806800
7155012.198,806900
7156866.455,807000
7160100.479,807100
7162976.995,807200
7166329.172,807300
7169744.209,807400
7175638.998,807500
7178227.881,807600
7181691.438,807700
7183789.821,807800
7186991.864,807900
7188890.926,808000
7191156.917,808100
7194201.371,808200
7196331.382,808300
7199450.748,808400
7202152.725,808500
7204804.321,808600
7208315.812,808700
7211441.934,808800
7213811.892,808900
7215574.521,809000
7217722.089,809100
7221086.739,809200
7233687.811,809300
7238002.580,809400
7241067.584,809500
7243877.504,809600
7246602.584,809700
7250511.012,809800
7254713.054,809900
7258302.401,810000
7262109.318,810100
7266248.397,810200
7270816.230,810300
7274470.725,810400
7278468.712,810500
7281980.140,810600
7286994.922,810700
7292068.292,810800
7298654.271,810900
7304389.385,811000
7311577.903,811100
7316069.168,811200
7320480.808,811300
7324760.120,811400
7332140.957,811500
7339101.865,811600
7344906.089,811700
7350498.556,811800
7356820.222,811900
7361992.461,812000
7366142.899,812100
7370138.726,812200
7373052.318,812300
7377521.700,812400
7381803.297,812500
7385639.014,812600
7391264.529,812700
7397944.782,812800
7403961.890,812900
7407790.773,813000
7413431.249,813100
7418210.466,813200
7422521.651,813300
7427896.424,813400
7432020.783,813500
7437135.371,813600
7443083.459,813700
7451255.156,813800
7457175.990,813900
7461840.376,814000
7466869.109,814100
7470829.674,814200
7475884.702,814300
7480108.819,814400
7484366.625,814500
7489320.936,814600
7494526.120,814700
7498469.435,814800
7503492.202,814900
7508233.531,815000
7511232.839,815100
7513848.061,815200
7516086.360,815300
7517922.382,815400
7521341.954,815500
7524643.605,815600
7534965.180,815700
7541113.031,815800
7544621.786,815900
7547634.993,816000
7551130.703,816100
7554568.563,816200
7556886.614,816300
7559475.947,816400
7561420.058,816500
7563974.788,816600
7567154.740,816700
7570392.857,816800
7573142.635,816900
7575763.559,817000
7578176.208,817100
7581085.108,817200
7583461.132,817300
7590110.652,817400
7592421.838,817500
7595187.516,817600
7598353.604,817700
7600607.933,817800
7603625.025,817900
7606322.416,818000
7608432.545,818100
7611773.856,818200
7615173.763,818300
7617637.014,818400
7620693.546,818500
7623459.788,818600
7626447.058,818700
7629783.246,818800
7633979.920,818900
7638049.985,819000
7642112.806,819100
7653410.704,819200
7656331.571,819300
7660370.251,819400
7664345.616,819500
7667389.396,819600
7671335.387,819700
7677417.399,819800
7680807.317,819900
7685880.932,820000
7690682.793,820100
7695499.158,820200
7699384.039,820300
7703254.374,820400
7706742.885,820500
7709577.251,820600
7713373.578,820700
7717617.311,820800
7720407.028,820900
7726943.481,821000
7730227.611,821100
7732868.047,821200
7735642.505,821300
7738339.938,821400
7740003.310,821500
7741600.276,821600
7743907.698,821700
7745680.221,821800
7748233.065,821900
7750382.397,822000
7752269.298,822100
7755711.436,822200
7759595.519,822300
7762965.529,822400
7768117.854,822500
7771485.424,822600
7780178.580,822700
7784281.726,822800
7787113.583,822900
7790455.176,823000
7793477.286,823100
7795938.587,823200
7799448.478,823300
7802531.298,823400
7807837.899,823500
7811821.347,823600
7813898.826,823700
7816803.248,823800
7820016.934,823900
7825369.746,824000
7831032.058,824100
7835244.423,824200
7840163.201,824300
7846373.814,824400
7855096.510,824500
7860237.558,824600
7864813.869,824700
7869107.162,824800
7874146.783,824900
7881360.437,825000
7888800.888,825100
7894580.451,825200
7898654.663,825300
7904800.138,825400
7911922.365,825500
7916387.359,825600
7918490.868,825700
7920475.980,825800
7923544.310,825900
7927900.175,826000
7933238.537,826100
7938808.551,826200
7943551.074,826300
7957169.522,826400
7962323.516,826500
7967091.602,826600
7970551.627,826700
7974504.640,826800
7980478.928,826900
7984391.727,827000
7989294.338,827100
7995829.921,827200
8002125.009,827300
8009231.054,827400
8013321.419,827500
8017127.935,827600
8021577.581,827700
8024867.582,827800
8028228.193,827900
8031936.371,828000
8036227.754,828100
8040743.413,828200
8051708.329,828300
8057204.559,828400
8061271.725,828500
8065206.078,828600
8068085.501,828700
8070534.927,828800
8073757.839,828900
8076988.838,829000
8080046.343,829100
8082857.106,829200
8086688.698,829300
8089156.662,829400
8092305.030,829500
8096607.705,829600
8100368.608,829700
8105247.520,829800
8111614.798,829900
8117741.223,830000
8123249.714,830100
8128649.653,830200
8134734.425,830300
8139935.386,830400
8153670.475,830500
8159944.213,830600
8166178.867,830700
8171547.341,830800
8176773.811,830900
8181252.963,831000
8185822.696,831100
8190770.331,831200
8196012.547,831300
8202474.487,831400
8208557.705,831500
8214214.302,831600
8219547.418,831700
8224525.121,831800
8229762.842,831900
8236562.767,832000
8242695.936,832100
8248948.961,832200
8256144.447,832300
8262477.609,832400
8274147.490,832500
8289205.239,832600
8295875.301,832700
8300597.320,832800
8305834.325,832900
8310880.086,833000
8317537.204,833100
8326492.448,833200
8335679.142,833300
8343127.884,833400
8350264.714,833500
8355714.145,833600
8360052.201,833700
8365844.885,833800
8371370.901,833900
8376602.867,834000
8383071.685,834100
8389423.826,834200
8398327.920,834300
8407003.383,834400
8417763.223,834500
8435120.853,834600
8442533.697,834700
8450180.958,834800
8455836.350,834900
8462535.634,835000
8468221.924,835100
8473738.173,835200
8478836.650,835300
8484864.185,835400
8490660.524,835500
8499069.910,835600
8504837.255,835700
8508589.925,835800
8520063.833,835900
8528166.218,836000
8533050.816,836100
8540769.376,836200
8547127.140,836300
8552700.599,836400
8557471.915,836500
8566872.707,836600
8572235.823,836700
8575826.519,836800
8578914.286,836900
8582175.687,837000
8586591.779,837100
8592224.494,837200
8598759.336,837300
8605755.366,837400
8612257.444,837500
8618099.425,837600
8624632.120,837700
8636915.926,837800
8642595.707,837900
8648196.446,838000
8651575.059,838100
8655676.595,838200
8660695.821,838300
8664787.735,838400
8669361.640,838500
8677696.217,838600
8681630.989,838700
8685143.384,838800
8688463.964,838900
8691410.570,839000
8695063.279,839100
8698009.784,839200
8701415.716,839300
8704009.804,839400
8707172.473,839500
8710466.368,839600
8713751.655,839700
8717177.334,839800
8721005.130,839900
8724402.838,840000
8725872.866,840100
8727377.866,840200
8729287.058,840300
8735782.737,840400
8737899.834,840500
8740497.526,840600
8745029.740,840700
8749049.398,840800
8752790.971,840900
8757015.663,841000
8760401.115,841100
8763438.140,841200
8766908.661,841300
8771506.188,841400
8774842.081,841500
8778466.790,841600
8783335.585,841700
8787195.592,841800
8791518.724,841900
8798771.097,842000
8801659.741,842100
8804217.733,842200
8807380.621,842300
8812078.844,842400
8816626.805,842500
8821238.470,842600
8824517.690,842700
8827464.351,842800
8830122.995,842900
8831820.704,843000
8835759.459,843100
8839025.619,843200
8842877.456,843300
8847349.654,843400
8852227.224,843500
8866237.767,843600
8873735.643,843700
8877631.787,843800
8881177.259,843900
8885020.115,844000
8890247.278,844100
8895477.569,844200
8899065.793,844300
8903652.103,844400
8908724.152,844500
8913916.532,844600
8917858.397,844700
8922742.103,844800
8926959.845,844900
8931384.347,845000
8934047.635,845100
8936857.818,845200
8943923.546,845300
8948108.547,845400
8951978.897,845500
8955730.176,845600
8957818.184,845700
8961062.560,845800
8964403.100,845900
8967009.179,846000
8969957.115,846100
8972651.364,846200
8975566.484,846300
8979421.073,846400
8982031.869,846500
8985505.283,846600
8988990.623,846700
8997243.973,846800
9005221.858,846900
9011951.661,847000
9016330.921,847100
9020380.651,847200
9024109.263,847300
9028272.768,847400
9032349.135,847500
9036295.242,847600
9040174.160,847700
9042984.946,847800
9045692.689,847900
9048982.401,848000
9054125.098,848100
9058032.360,848200
9061424.856,848300
9067865.642,848400
9078979.149,848500
9083929.766,848600
9087976.645,848700
9094059.420,848800
9098918.553,848900
9103438.678,849000
9108650.737,849100
9113485.997,849200
9119722.415,849300
9125862.863,849400
9130461.886,849500
9136259.686,849600
9144972.098,849700
9150665.699,849800
9156146.973,849900
9160409.928,850000
9171742.310,850100
9177681.582,850200
9182370.072,850300
9188753.194,850400
9194820.699,850500
9203915.725,850600
9209850.339,850700
9215318.751,850800
9222110.073,850900
9234931.601,851000
9240865.943,851100
9248342.502,851200
9256722.419,851300
9262471.428,851400
9270325.178,851500
9277063.613,851600
9286296.990,851700
9293005.608,851800
9299445.948,851900
9304041.805,852000
9310635.826,852100
9322624.078,852200
9334132.307,852300
9342056.218,852400
9355019.897,852500
9362203.173,852600
9371436.233,852700
9380355.053,852800
9385381.695,852900
9390744.214,853000
9396819.107,853100
9401739.206,853200
9418935.810,853300
9426340.112,853400
9430871.084,853500
9437206.525,853600
9441879.190,853700
9447392.933,853800
9453300.768,853900
9460710.849,854000
9471269.397,854100
9480718.276,854200
9487030.554,854300
9493181.114,854400
9499520.682,854500
9504702.971,854600
9510553.540,854700
9516259.664,854800
9526850.435,854900
9533511.722,855000
9540261.404,855100
9546997.224,855200
9551647.867,855300
9559478.216,855400
9567469.503,855500
9575596.581,855600
9584793.334,855700
9593690.679,855800
9598473.077,855900
9603982.380,856000
9610444.110,856100
9614754.956,856200
9622791.155,856300
9636743.069,856400
9654511.723,856500
9676749.709,856600
9685543.873,856700
9693070.441,856800
9700788.599,856900
9705272.221,857000
9709790.840,857100
9713543.565,857200
9719657.385,857300
9724291.452,857400
9729722.063,857500
9733848.437,857600
9738079.457,857700
9741731.005,857800
9745340.304,857900
9747919.834,858000
9750397.280,858100
9758059.977,858200
9762267.629,858300
9765601.714,858400
9769007.617,858500
9773153.463,858600
9776797.810,858700
9780022.019,858800
9784973.769,858900
9790516.059,859000
9795327.913,859100
9802487.068,859200
9806557.631,859300
9811126.979,859400
9816676.598,859500
9821399.559,859600
9829821.943,859700
9834957.291,859800
9840721.675,859900
9843306.712,860000
9847257.393,860100
9851390.494,860200
9854675.308,860300
9859462.004,860400
9862793.894,860500
9867730.124,860600
9871760.084,860700
9878127.282,860800
9883748.497,860900
9888516.863,861000
9894718.455,861100
9900868.727,861200
9908227.614,861300
9916727.758,861400
9922681.248,861500
9928970.941,861600
9933295.928,861700
9939486.558,861800
9946053.956,861900
9951342.916,862000
9960012.180,862100
9968413.118,862200
9974454.331,862300
9980650.189,862400
9985489.875,862500
9992795.147,862600
10000896.269,862700
10007519.156,862800
10014983.017,862900
10030488.909,863000
10037359.243,863100
10042131.077,863200
10047102.758,863300
10052668.742,863400
10058464.554,863500
10063654.391,863600
10068741.942,863700
10075383.712,863800
10080201.615,863900
10086541.441,864000
10094678.927,864100
10101279.698,864200
10105719.717,864300
10109269.031,864400
10113228.463,864500
10121282.084,864600
10125130.072,864700
10129750.393,864800
10133806.109,864900
10136745.172,865000
10140683.800,865100
10149820.496,865200
10155757.243,865300
10158932.321,865400
10163801.077,865500
10168016.186,865600
10172251.698,865700
10178632.738,865800
10183393.601,865900
10187741.346,866000
10199433.966,866100
10206949.971,866200
10210794.267,866300
10215332.120,866400
10219790.088,866500
10224188.006,866600
10228742.994,866700
10232472.233,866800
10236387.175,866900
10240292.982,867000
10248225.639,867100
10252691.108,867200
10259942.460,867300
10268012.260,867400
10278999.192,867500
10286176.520,867600
10297204.335,867700
10304776.450,867800
10311069.211,867900
10319992.958,868000
10326611.378,868100
10331776.813,868200
10337349.580,868300
10344777.387,868400
10349935.419,868500
10355699.415,868600
10362366.394,868700
10371053.558,868800
10380983.764,868900
10389748.405,869000
10401015.819,869100
10411402.757,869200
10420298.406,869300
10435828.821,869400
10443315.719,869500
10448773.191,869600
10455274.147,869700
10464187.252,869800
10476344.318,869900
10490455.653,870000
10499700.542,870100
10512877.472,870200
10522835.498,870300
10534045.681,870400
10542279.703,870500
10552046.116,870600
10561875.314,870700
10569726.635,870800
10577012.055,870900
10581955.974,871000
10593525.520,871100
10598987.423,871200
10606037.635,871300
10620326.721,871400
10629556.884,871500
10638963.497,871600
10646535.920,871700
10655924.695,871800
10664463.751,871900
10675954.453,872000
10684500.693,872100
10691217.059,872200
10697632.031,872300
10703497.152,872400
10710520.709,872500
10717064.940,872600
10725081.948,872700
10740473.742,872800
10748145.852,872900
10755879.297,873000
10763226.966,873100
10770185.346,873200
10777949.822,873300
10789974.502,873400
10798917.669,873500
10806960.916,873600
10814547.511,873700
10822900.299,873800
10831115.010,873900
10839261.991,874000
10848684.920,874100
10856362.431,874200
10862131.420,874300
10868055.913,874400
10877431.988,874500
10884838.225,874600
10894236.074,874700
10900035.827,874800
10906711.431,874900
10915198.575,875000
10924587.837,875100
10932073.894,875200
10938906.861,875300
10945157.408,875400
10952712.824,875500
10962284.916,875600
10971015.760,875700
10981730.857,875800
10992311.422,875900
11003582.428,876000
11012846.686,876100
11022808.322,876200
11032747.355,876300
11043318.628,876400
11053845.311,876500
11064417.874,876600
11077091.769,876700
11099365.383,876800
11111733.953,876900
11120197.766,877000
11130152.316,877100
11140560.537,877200
11149220.049,877300
11160765.605,877400
11175780.743,877500
11183236.259,877600
11190586.703,877700
11199093.906,877800
11207219.659,877900
11214235.062,878000
11223375.343,878100
11231298.089,878200
11238515.966,878300
11244611.778,878400
11250124.212,878500
11259904.624,878600
11266563.410,878700
11281503.091,878800
11290608.717,878900
11300176.852,879000
11306846.362,879100
11313842.278,879200
11321677.569,879300
11330483.934,879400
11338642.002,879500
11345867.596,879600
11355129.508,879700
11366409.247,879800
11376634.808,879900
11386668.939,880000
11398182.584,880100
11403962.457,880200
11411569.414,880300
11420818.634,880400
11433203.052,880500
11442116.491,880600
11451536.164,880700
11468108.377,880800
11477038.946,880900
11489276.525,881000
11498201.179,881100
11507448.402,881200
11516819.098,881300
11525900.746,881400
11533857.258,881500
11542467.070,881600
11550593.213,881700
11560198.646,881800
11569986.932,881900
11579410.483,882000
11595875.100,882100
11608708.988,882200
11620662.963,882300
11629598.160,882400
11636556.041,882500
11645389.473,882600
11654602.067,882700
11660332.096,882800
11670441.748,882900
11678201.863,883000
11686488.921,883100
11695168.484,883200
11702145.927,883300
11708324.000,883400
11715729.016,883500
11723884.705,883600
11732309.767,883700
11742589.566,883800
11751742.919,883900
11759063.998,884000
11766582.364,884100
11774701.180,884200
11793894.055,884300
11799706.888,884400
11804819.540,884500
11809421.616,884600
11813124.098,884700
11820834.477,884800
11833707.873,884900
11836826.909,885000
11839585.143,885100
11843706.233,885200
11850854.122,885300
11857590.708,885400
11864848.335,885500
11870352.682,885600
11876883.097,885700
11885040.204,885800
11897824.572,885900
11905152.998,886000
11913668.911,886100
11921886.638,886200
11933064.104,886300
11941134.315,886400
11952508.000,886500
11962264.780,886600
11974047.908,886700
11987871.807,886800
11997751.469,886900
12007037.318,887000
12014752.461,887100
12021490.361,887200
12028184.438,887300
12033438.194,887400
12039241.357,887500
12043973.065,887600
12049241.585,887700
12052396.204,887800
12055195.632,887900
12060025.241,888000
12066026.586,888100
12070893.428,888200
12076526.480,888300
12081947.608,888400
12087051.417,888500
12094415.593,888600
12109091.700,888700
12116553.418,888800
12121639.451,888900
12125593.254,889000
12128204.384,889100
12133330.332,889200
12138163.903,889300
12141535.087,889400
12145530.761,889500
12151985.915,889600
12157551.991,889700
12162254.346,889800
12167169.711,889900
12172724.976,890000
12176149.647,890100
12180291.469,890200
12185564.926,890300
12190448.758,890400
12196119.623,890500
12200324.622,890600
12210377.595,890700
12218342.887,890800
12222810.766,890900
12226859.774,891000
12231433.186,891100
12240258.681,891200
12246273.482,891300
12262646.835,891400
12266980.705,891500
12274264.923,891600
12281021.908,891700
12284982.285,891800
12289501.736,891900
12293127.722,892000
12297570.419,892100
12300611.085,892200
12304577.499,892300
12309434.112,892400
12313132.810,892500
12317029.269,892600
12323495.143,892700
12327801.818,892800
12338080.678,892900
12343947.369,893000
12349719.371,893100
12352176.953,893200
12355719.943,893300
12359492.079,893400
12363996.224,893500
12369079.855,893600
12373729.414,893700
12378420.954,893800
12384073.085,893900
12389216.668,894000
12395047.111,894100
12399216.928,894200
12415144.799,894300
12426253.731,894400
12432726.314,894500
12439709.814,894600
12452647.297,894700
12459462.859,894800
12463877.511,894900
12470645.643,895000
12474705.416,895100
12478016.281,895200
12483394.456,895300
12489439.912,895400
12494554.805,895500
12500063.439,895600
12509033.534,895700
12518252.557,895800
12528548.398,895900
12538988.196,896000
12548157.935,896100
12556574.955,896200
12564604.725,896300
12572841.604,896400
12580575.137,896500
12589494.186,896600
12598621.597,896700
12604683.833,896800
12621310.607,896900
12627342.081,897000
12633442.181,897100
12638173.052,897200
12641628.923,897300
12647516.086,897400
12652432.336,897500
12657819.634,897600
12665145.957,897700
12672639.456,897800
12682244.372,897900
12689363.493,898000
12694671.630,898100
12700152.906,898200
12705447.335,898300
12710779.411,898400
12720170.249,898500
12725864.190,898600
12733737.425,898700
12739957.500,898800
12748338.743,898900
12755715.612,899000
12762345.595,899100
12768039.146,899200
12773430.316,899300
12782552.311,899400
12789788.217,899500
12796925.560,899600
12803488.830,899700
12809069.322,899800
12815646.551,899900
12823205.685,900000
12829242.008,900100
12834689.646,900200
12839387.268,900300
12843801.333,900400
12848639.547,900500
12857453.621,900600
12865045.530,900700
12871977.833,900800
12877864.920,900900
12883814.881,901000
12890563.135,901100
12908496.997,901200
12913177.645,901300
12919976.773,901400
12924622.756,901500
12931388.665,901600
12939968.552,901700
12946277.483,901800
12952640.957,901900
12963581.201,902000
12970572.744,902100
12976167.451,902200
12983639.432,902300
12989697.731,902400
12997835.634,902500
13005333.729,902600
13012685.493,902700
13018566.016,902800
13024402.624,902900
13029791.759,903000
13034262.922,903100
13038045.863,903200
13046953.113,903300
13054152.329,903400
13061152.871,903500
13066829.426,903600
13071991.805,903700
13077589.095,903800
13083234.465,903900
13087965.025,904000
13091774.248,904100
13095391.680,904200
13098339.328,904300
13103845.427,904400
13111750.358,904500
13117824.667,904600
13124129.781,904700
13129514.064,904800
13136147.929,904900
13144058.897,905000
13151959.035,905100
13157803.069,905200
13163403.515,905300
13168374.903,905400
13183663.961,905500
13191024.928,905600
13195299.643,905700
13201178.686,905800
13209923.343,905900
13217064.006,906000
13225184.648,906100
13230454.030,906200
13237020.582,906300
13242695.559,906400
13249688.470,906500
13255408.954,906600
13261106.329,906700
13270990.905,906800
13277644.771,906900
13283323.783,907000
13287612.307,907100
13291667.506,907200
13295678.800,907300
13299779.561,907400
13309157.086,907500
13315515.988,907600
13322594.108,907700
13327018.766,907800
13331776.873,907900
13337578.339,908000
13341947.931,908100
13346856.412,908200
13351056.307,908300
13354714.012,908400
13359238.280,908500
13363546.260,908600
13367265.950,908700
13372155.379,908800
13376703.476,908900
13381852.483,909000
13388054.425,909100
13394384.595,909200
13401220.607,909300
13407154.544,909400
13420994.802,909500
13430606.501,909600
13435470.505,909700
13441584.540,909800
13447663.966,909900
13452425.869,910000
13458368.052,910100
13463694.951,910200
13470236.099,910300
13474815.155,910400
13479078.426,910500
13483584.712,910600
13488764.322,910700
13493691.621,910800
13499246.425,910900
13503329.431,911000
13507321.951,911100
13511354.854,911200
13518847.197,911300
13524049.280,911400
13533394.228,911500
13539259.815,911600
13544887.573,911700
13549432.322,911800
13553389.719,911900
13558342.495,912000
13561875.932,912100
13566147.894,912200
13570640.932,912300
13573993.117,912400
13577406.890,912500
13581369.720,912600
13584803.704,912700
13589103.450,912800
13594078.632,912900
13599286.323,913000
13605191.082,913100
13609921.272,913200
13614175.470,913300
13623146.408,913400
13627745.293,913500
13631395.174,913600
13635519.054,913700
13641507.472,913800
13646081.533,913900
13650159.442,914000
13654355.654,914100
13657541.394,914200
13661481.239,914300
13666515.733,914400
13671914.539,914500
13676095.695,914600
13680643.078,914700
13684350.678,914800
13689781.894,914900
13694364.283,915000
13699066.467,915100
13703927.273,915200
13711511.171,915300
13715988.758,915400
13720246.742,915500
13723115.892,915600
13726425.265,915700
13731007.592,915800
13735518.348,915900
13739439.916,916000
13745128.216,916100
13749289.485,916200
13755283.249,916300
13761351.223,916400
13765592.668,916500
13770546.721,916600
13774513.676,916700
13778314.898,916800
13783425.832,916900
13789803.907,917000
13795323.300,917100
13799689.266,917200
13814186.043,917300
13821860.426,917400
13828165.342,917500
13835537.286,917600
13840793.224,917700
13847864.122,917800
13852368.427,917900
13860248.499,918000
13869454.616,918100
13879387.193,918200
13886535.650,918300
13892099.488,918400
13899182.147,918500
13906069.198,918600
13909705.543,918700
13914925.614,918800
13919536.782,918900
13924111.531,919000
13930961.950,919100
13939168.077,919200
13944135.379,919300
13951353.286,919400
13956398.057,919500
13962113.554,919600
13965475.194,919700
13967996.134,919800
13973386.772,919900
13978976.579,920000
13983151.359,920100
13988281.551,920200
13992287.610,920300
13995987.419,920400
14000195.182,920500
14005775.871,920600
14009006.097,920700
14013878.857,920800
14018066.599,920900
14023003.821,921000
14028534.614,921100
14039091.595,921200
14046201.792,921300
14050801.677,921400
14055143.473,921500
14058632.169,921600
14062838.179,921700
14066676.376,921800
14069769.004,921900
14073451.273,922000
14078511.832,922100
14084400.450,922200
14090765.040,922300
14095303.746,922400
14099776.393,922500
14105288.825,922600
14109139.368,922700
14113586.792,922800
14117115.067,922900
14121017.435,923000
14125118.553,923100
14133512.828,923200
14138623.534,923300
14143205.604,923400
14147409.481,923500
14152695.212,923600
14157672.102,923700
14161731.596,923800
14165750.910,923900
14170701.164,924000
14178159.387,924100
14187938.024,924200
14192712.859,924300
14197898.828,924400
14204579.107,924500
14213438.537,924600
14220572.221,924700
14226209.455,924800
14231139.386,924900
14235899.107,925000
14247193.115,925100
14253155.946,925200
14256898.552,925300
14260800.228,925400
14264026.142,925500
14267558.268,925600
14271645.485,925700
14276064.322,925800
14279783.877,925900
14284314.205,926000
14291148.904,926100
14296099.047,926200
14300227.791,926300
14304807.329,926400
14312818.319,926500
14318901.867,926600
14322763.305,926700
14325601.662,926800
14330022.224,926900
14339677.827,927000
14344576.006,927100
14351520.459,927200
14356435.130,927300
14360428.855,927400
14365302.206,927500
14371003.273,927600
14373659.065,927700
14377490.048,927800
14380941.432,927900
14384444.758,928000
14387956.414,928100
14393450.846,928200
14397270.191,928300
14402265.744,928400
14406326.604,928500
14409999.893,928600
14412664.854,928700
14415914.324,928800
14424252.775,928900
14429930.125,929000
14434501.136,929100
14438725.456,929200
14443070.526,929300
14446457.850,929400
14449785.621,929500
14453024.538,929600
14455862.780,929700
14459064.177,929800
14461972.189,929900
14465485.833,930000
14470277.535,930100
14476103.239,930200
14481602.112,930300
14486045.620,930400
14490598.333,930500
14495821.407,930600
14500366.294,930700
14507712.363,930800
14516631.936,930900
14520886.919,931000
14525798.190,931100
14530444.375,931200
14534790.458,931300
14538388.548,931400
14542572.437,931500
14547488.578,931600
14550664.488,931700
14555646.223,931800
14560955.483,931900
14564006.521,932000
14567748.636,932100
14572107.788,932200
14577302.566,932300
14581538.458,932400
14586476.828,932500
14593703.909,932600
14598798.174,932700
14609488.707,932800
14614415.197,932900
14618410.877,933000
14621906.214,933100
14625809.882,933200
14630194.483,933300
14633609.977,933400
14637476.494,933500
14641823.327,933600
14645827.854,933700
14650931.511,933800
14655803.909,933900
14659077.959,934000
14663824.116,934100
14669949.538,934200
14676701.289,934300
14682089.459,934400
14686177.266,934500
14693920.212,934600
14699729.701,934700
14711019.948,934800
14716100.167,934900
14719548.310,935000
14724969.529,935100
14736836.051,935200
14742260.941,935300
14744764.483,935400
14747944.126,935500
14750053.014,935600
14752397.019,935700
14756388.272,935800
14759464.992,935900
14762953.582,936000
14768224.628,936100
14770711.466,936200
14773723.700,936300
14776499.156,936400
14778900.874,936500
14781710.254,936600
14783425.637,936700
14790581.607,936800
14794397.212,936900
14798308.004,937000
14801186.092,937100
14805613.239,937200
14808951.847,937300
14811130.578,937400
14814186.481,937500
14818022.618,937600
14820965.157,937700
14823146.378,937800
14825827.838,937900
14835776.497,938000
14841147.941,938100
14845109.801,938200
14849794.650,938300
14852950.206,938400
14857011.826,938500
14860703.204,938600
14864194.206,938700
14870647.140,938800
14874509.333,938900
14878510.625,939000
14882452.562,939100
14885450.104,939200
14889075.351,939300
14892053.461,939400
14896562.070,939500
14899661.720,939600
14902610.937,939700
14905723.886,939800
14909414.244,939900
14912376.848,940000
14916224.233,940100
14919564.550,940200
14922373.191,940300
14926198.301,940400
14930062.230,940500
14934446.740,940600
14937325.379,940700
14946904.005,940800
14952911.144,940900
14958423.482,941000
14962305.107,941100
14965841.060,941200
14968978.175,941300
14973518.414,941400
14977400.821,941500
14979858.064,941600
14982075.278,941700
14984419.100,941800
14987400.554,941900
14991720.154,942000
14995067.530,942100
14998419.057,942200
15000443.106,942300
15003054.186,942400
15006154.830,942500
15008791.553,942600
15014182.637,942700
15017002.674,942800
15020509.587,942900
15024850.851,943000
15029258.073,943100
15031904.824,943200
15034656.589,943300
15037404.518,943400
15039874.118,943500
15043691.773,943600
15046823.205,943700
15049132.185,943800
15051838.267,943900
15054988.201,944000
15058485.886,944100
15061966.383,944200
15064951.369,944300
15068210.566,944400
15076130.447,944500
15080300.595,944600
15083890.492,944700
15087541.576,944800
15090148.112,944900
15093541.255,945000
15097760.024,945100
15104558.516,945200
15109391.150,945300
15113911.309,945400
15118204.623,945500
15122083.632,945600
15124866.915,945700
15127647.509,945800
15130662.000,945900
15135740.928,946000
15140488.003,946100
15146992.532,946200
15152823.903,946300
15156595.918,946400
15159851.305,946500
15163328.223,946600
15165539.877,946700
15167858.543,946800
15171203.745,946900
15173868.118,947000
15178368.911,947100
15182140.422,947200
15186665.033,947300
15195405.874,947400
15202238.420,947500
15208720.827,947600
15214823.691,947700
15221278.062,947800
15228563.186,947900
15246121.263,948000
15254385.751,948100
15259531.521,948200
15262926.685,948300
15270093.003,948400
15274443.670,948500
15277173.308,948600
15279968.532,948700
15282374.731,948800
15285000.428,948900
15288927.946,949000
15292613.850,949100
15295886.134,949200
15300180.820,949300
15303112.194,949400
15306272.410,949500
15309986.662,949600
15318132.923,949700
15321627.320,949800
15325052.600,949900
15328478.739,950000
15331009.393,950100
15333512.385,950200
15337341.196,950300
15341047.102,950400
15344611.361,950500
15348187.937,950600
15351178.463,950700
15353714.601,950800
15356437.538,950900
15359463.621,951000
15362210.833,951100
15365804.492,951200
15375017.724,951300
15378909.186,951400
15382921.064,951500
15385985.414,951600
15388594.623,951700
15391033.239,951800
15393668.709,951900
15397049.316,952000
15400753.167,952100
15405752.482,952200
15410256.297,952300
15414052.896,952400
15417988.169,952500
15422716.368,952600
15426364.073,952700
15429657.231,952800
15437625.972,952900
15443549.419,953000
15447150.937,953100
15450272.900,953200
15453427.623,953300
15457406.233,953400
15460652.154,953500
15464681.667,953600
15467880.665,953700
15472044.449,953800
15476824.999,953900
15480338.142,954000
15483804.419,954100
15487642.061,954200
15490625.834,954300
15493247.883,954400
15501401.543,954500
15505362.314,954600
15508223.464,954700
15512358.914,954800
15515463.846,954900
15518146.606,955000
15521529.697,955100
15524373.778,955200
15527523.358,955300
15530645.436,955400
15534220.124,955500
15536790.528,955600
15539274.289,955700
15541941.007,955800
15545209.908,955900
15553169.154,956000
15557763.379,956100
15562747.307,956200
15566569.591,956300
15570353.837,956400
15573481.952,956500
15576626.026,956600
15579593.157,956700
15581735.206,956800
15584265.864,956900
15588466.539,957000
15592172.861,957100
15595880.585,957200
15598522.775,957300
15601753.814,957400
15604786.401,957500
15613057.845,957600
15616466.371,957700
15619974.308,957800
15624061.993,957900
15626875.377,958000
15631640.471,958100
15636565.361,958200
15640849.150,958300
15646534.934,958400
15651068.143,958500
15654411.716,958600
15657036.281,958700
15660463.458,958800
15663851.037,958900
15667961.729,959000
15675027.306,959100
15679171.378,959200
15682515.522,959300
15685015.440,959400
15688206.538,959500
15690981.235,959600
15693712.097,959700
15696740.145,959800
15700200.973,959900
15704236.640,960000
15707730.714,960100
15711915.177,960200
15715688.316,960300
15728571.581,960400
15750906.595,960500
15761925.099,960600
15781050.580,960700
15791288.269,960800
15799747.566,960900
15807561.759,961000
15814171.113,961100
15820984.268,961200
15826797.302,961300
15832308.202,961400
15837783.673,961500
15842307.487,961600
15846141.710,961700
15850619.364,961800
15854355.396,961900
15858651.326,962000
15863466.239,962100
15868279.412,962200
15876260.848,962300
15881530.065,962400
15885945.333,962500
15889021.627,962600
15892057.294,962700
15895457.753,962800
15899067.133,962900
15903396.879,963000
15907802.419,963100
15911838.947,963200
15917365.387,963300
15924579.199,963400
15931355.270,963500
15935688.151,963600
15939927.787,963700
15944729.851,963800
15957128.309,963900
15964268.095,964000
15969259.028,964100
15973216.485,964200
15976894.912,964300
15981700.173,964400
15986214.525,964500
15989478.253,964600
15992475.968,964700
15996950.234,964800
16000748.613,964900
16005069.551,965000
16010329.827,965100
16019105.814,965200
16026479.650,965300
16032109.724,965400
16043162.749,965500
16048549.874,965600
16052414.196,965700
16055928.342,965800
16058748.917,965900
16062693.474,966000
16066529.311,966100
16075608.451,966200
16081877.896,966300
16086654.051,966400
16089572.651,966500
16093519.382,966600
16096479.550,966700
16100198.303,966800
16104009.062,966900
16115874.638,967000
16121520.625,967100
16126108.253,967200
16129939.925,967300
16136757.085,967400
16140526.669,967500
16144978.286,967600
16148633.663,967700
16152913.094,967800
16156651.166,967900
16162638.746,968000
16168726.992,968100
16175095.400,968200
16179971.666,968300
16185408.074,968400
16190171.856,968500
16201868.357,968600
16212339.052,968700
18574749.018,0
18574983.291,100
18575035.213,200
18575051.253,300
18575057.029,400
18575063.896,500
18575078.353,600
18575085.946,700
18575092.128,800
18575098.762,900
18575106.433,1000
18575119.433,1100
18575125.394,1200
18575131.754,1300
18575137.989,1400
18575143.893,1500
18575149.771,1600
18575155.887,1700
18575161.753,1800
18575167.528,1900
18575173.924,2000
18575186.072,2100
18575192.001,2200
18575198.046,2300
18575203.350,2400
18575209.062,2500
18575214.498,2600
18575220.513,2700
18575226.590,2800
18575232.657,2900
18575239.193,3000
18575245.324,3100
18575251.413,3200
18575257.486,3300
18575263.602,3400
18575269.702,3500
18575275.900,3600
18575281.535,3700
18575287.385,3800
18575294.142,3900
18575299.733,4000
18575323.321,4100
18575327.866,4200
18575332.000,4300
18575336.165,4400
18575340.368,4500
18575344.863,4600
18575351.112,4700
18575356.606,4800
18575362.117,4900
18575368.065,5000
18575374.212,5100
18575380.035,5200
18575386.190,5300
18575392.179,5400
18575398.167,5500
18575403.978,5600
18575410.169,5700
18575415.989,5800
18575420.716,5900
18575426.409,6000
18575432.764,6100
18575438.732,6200
18575444.625,6300
18575450.560,6400
18575456.310,6500
18575462.599,6600
18575468.550,6700
18575474.481,6800
18575480.129,6900
18575486.054,7000
18575491.971,7100
18575498.667,7200
18575504.774,7300
18575510.737,7400
18575516.769,7500
18575522.574,7600
18575528.421,7700
18575534.424,7800
18575541.019,7900
18575547.295,8000
18575553.207,8100
18575594.340,8200
18575600.422,8300
18575607.566,8400
18575613.370,8500
18575619.255,8600
18575624.874,8700
18575630.873,8800
18575636.689,8900
18575642.877,9000
18575648.649,9100
18575654.689,9200
18575660.678,9300
18575666.506,9400
18575672.514,9500
18575679.154,9600
18575685.133,9700
18575690.927,9800
18575696.988,9900
18575966.901,10000
18575977.247,10100
18575983.181,10200
18575988.851,10300
18575994.563,10400
18576000.389,10500
18576006.768,10600
18576012.567,10700
18576018.652,10800
18576024.448,10900
18576030.661,11000
18576038.951,11100
18576044.633,11200
18576050.823,11300
18576056.681,11400
18576062.714,11500
18576068.946,11600
18576075.263,11700
18576081.003,11800
18576086.835,11900
18576092.566,12000
18576104.451,12100
18576110.365,12200
18576116.357,12300
18576122.207,12400
18576128.278,12500
18576134.237,12600
18576140.223,12700
18576146.149,12800
18576152.127,12900
18576158.293,13000
18576164.121,13100
18576170.028,13200
18576176.082,13300
18576182.087,13400
18576188.039,13500
18576194.555,13600
18576200.470,13700
18576206.146,13800
18576212.160,13900
18576218.284,14000
18576240.094,14100
18576246.200,14200
18576252.500,14300
18576258.553,14400
18576265.002,14500
18576270.818,14600
18576276.655,14700
18576282.430,14800
18576288.320,14900
18576294.308,15000
18576300.739,15100
18576306.784,15200
18576312.550,15300
18576318.770,15400
18576324.606,15500
18576330.578,15600
18576336.467,15700
18576342.424,15800
18576348.531,15900
18576354.399,16000
18576360.099,16100
18576366.589,16200
18576372.793,16300
18576378.790,16400
18576384.918,16500
18576391.054,16600
18576396.928,16700
18576402.972,16800
18576408.804,16900
18576414.792,17000
18576420.589,17100
18576427.418,17200
18576433.454,17300
18576439.339,17400
18576445.481,17500
18576451.513,17600
18576457.443,17700
18576463.759,17800
18576470.027,17900
18576475.955,18000
18576482.078,18100
18576521.427,18200
18576528.139,18300
18576534.115,18400
18576540.034,18500
18576545.913,18600
18576551.874,18700
18576557.965,18800
18576563.702,18900
18576569.607,19000
18576575.774,19100
18576581.635,19200
18576587.528,19300
18576593.165,19400
18576600.327,19500
18576606.370,19600
18576612.247,19700
18576618.628,19800
18576624.520,19900
18576739.574,20000
18576747.660,20100
18576754.418,20200
18576760.711,20300
18576767.864,20400
18576777.643,20500
18576784.046,20600
18576790.236,20700
18576796.510,20800
18576802.514,20900
18576808.618,21000
18576817.662,21100
18576823.901,21200
18576829.842,21300
18576836.121,21400
18576841.827,21500
18576848.161,21600
18576854.125,21700
18576859.586,21800
18576865.559,21900
18576871.417,22000
18576882.403,22100
18576888.549,22200
18576894.317,22300
18576900.314,22400
18576906.366,22500
18576912.481,22600
18576918.674,22700
18576924.646,22800
18576930.700,22900
18576936.533,23000
18576942.677,23100
18576948.786,23200
18576954.457,23300
18576960.442,23400
18576966.674,23500
18576976.888,23600
18576982.929,23700
18576988.845,23800
18576994.359,23900
18577000.372,24000
18577017.774,24100
18577023.772,24200
18577029.733,24300
18577035.539,24400
18577041.608,24500
18577047.406,24600
18577053.407,24700
18577059.178,24800
18577065.745,24900
18577071.820,25000
18577077.969,25100
18577083.960,25200
18577089.857,25300
18577096.070,25400
18577102.170,25500
18577107.999,25600
18577114.135,25700
18577120.759,25800
18577126.677,25900
18577132.472,26000
18577138.465,26100
18577144.969,26200
18577150.839,26300
18577157.007,26400
18577163.413,26500
18577169.655,26600
18577175.536,26700
18577181.677,26800
18577187.945,26900
18577194.095,27000
18577200.179,27100
18577205.920,27200
18577212.099,27300
18577218.291,27400
18577224.356,27500
18577230.450,27600
18577236.449,27700
18577242.287,27800
18577248.272,27900
18577254.487,28000
18577260.498,28100
18577296.796,28200
18577302.879,28300
18577308.938,28400
18577314.941,28500
18577321.529,28600
18577327.738,28700
18577333.843,28800
18577339.970,28900
18577345.853,29000
18577351.738,29100
18577358.006,29200
18577363.959,29300
18577369.951,29400
18577375.938,29500
18577382.048,29600
18577388.189,29700
18577394.454,29800
18577400.350,29900
18577501.832,30000
18577508.838,30100
18577515.046,30200
18577520.907,30300
18577526.851,30400
18577532.994,30500
18577539.305,30600
18577545.081,30700
18577550.930,30800
18577556.641,30900
18577562.503,31000
18577569.291,31100
18577575.016,31200
18577581.195,31300
18577587.148,31400
18577593.282,31500
18577599.224,31600
18577605.182,31700
18577611.165,31800
18577617.005,31900
18577622.897,32000
18577630.735,32100
18577636.836,32200
18577642.838,32300
18577648.911,32400
18577654.745,32500
18577660.386,32600
18577666.158,32700
18577672.144,32800
18577677.876,32900
18577683.966,33000
18577689.914,33100
18577695.788,33200
18577701.393,33300
18577707.158,33400
18577712.988,33500
18577718.951,33600
18577724.889,33700
18577730.857,33800
18577736.639,33900
18577742.517,34000
18577752.061,34100
18577758.311,34200
18577764.339,34300
18577770.176,34400
18577776.892,34500
18577783.047,34600
18577789.110,34700
18577796.521,34800
18577802.925,34900
18577808.805,35000
18577814.881,35100
18577820.693,35200
18577826.562,35300
18577832.676,35400
18577838.411,35500
18577844.530,35600
18577850.685,35700
18577856.753,35800
18577862.795,35900
18577868.837,36000
18577874.770,36100
18577880.604,36200
18577886.812,36300
18577892.788,36400
18577898.714,36500
18577905.190,36600
18577911.259,36700
18577917.118,36800
18577922.815,36900
18577928.477,37000
18577934.503,37100
18577940.559,37200
18577946.408,37300
18577952.404,37400
18577958.391,37500
18577964.399,37600
18577970.490,37700
18577976.543,37800
18577982.223,37900
18577987.847,38000
18577993.675,38100
18578008.147,38200
18578014.506,38300
18578020.941,38400
18578026.697,38500
18578033.008,38600
18578039.102,38700
18578045.192,38800
18578050.787,38900
18578056.996,39000
18578062.971,39100
18578068.974,39200
18578074.912,39300
18578081.323,39400
18578087.661,39500
18578093.374,39600
18578099.563,39700
18578105.404,39800
18578111.352,39900
18578205.889,40000
18578215.172,40100
18578221.462,40200
18578227.736,40300
18578233.635,40400
18578239.832,40500
18578246.179,40600
18578252.317,40700
18578258.057,40800
18578263.997,40900
18578269.936,41000
18578276.115,41100
18578281.947,41200
18578287.661,41300
18578293.279,41400
18578299.005,41500
18578304.898,41600
18578310.792,41700
18578316.690,41800
18578322.615,41900
18578328.392,42000
18578335.414,42100
18578341.263,42200
18578347.079,42300
18578353.231,42400
18578359.202,42500
18578365.736,42600
18578371.679,42700
18578377.988,42800
18578383.968,42900
18578389.877,43000
18578395.891,43100
18578401.944,43200
18578408.066,43300
18578413.962,43400
18578420.218,43500
18578426.372,43600
18578432.389,43700
18578438.368,43800
18578444.320,43900
18578450.522,44000
18578457.781,44100
18578463.666,44200
18578469.550,44300
18578475.442,44400
18578481.844,44500
18578487.717,44600
18578493.716,44700
18578499.852,44800
18578506.084,44900
18578512.169,45000
18578518.345,45100
18578524.259,45200
18578529.918,45300
18578536.137,45400
18578542.079,45500
18578547.919,45600
18578554.069,45700
18578560.056,45800
18578566.387,45900
18578572.694,46000
18578578.666,46100
18578585.160,46200
18578591.276,46300
18578597.459,46400
18578603.506,46500
18578609.348,46600
18578615.701,46700
18578621.809,46800
18578627.714,46900
18578633.794,47000
18578640.274,47100
18578646.530,47200
18578652.454,47300
18578658.787,47400
18578664.887,47500
18578670.698,47600
18578676.709,47700
18578682.547,47800
18578688.786,47900
18578694.437,48000
18578700.752,48100
18578711.556,48200
18578717.410,48300
18578723.376,48400
18578729.771,48500
18578735.554,48600
18578741.527,48700
18578747.752,48800
18578753.717,48900
18578760.042,49000
18578767.114,49100
18578773.886,49200
18578780.616,49300
18578786.993,49400
18578792.981,49500
18578799.172,49600
18578805.035,49700
18578811.471,49800
18578818.330,49900
18578915.362,50000
18578920.807,50100
18578925.316,50200
18578930.714,50300
18578936.193,50400
18578942.626,50500
18578948.486,50600
18578954.402,50700
18578960.797,50800
18578967.552,50900
18578974.095,51000
18578981.837,51100
18578988.449,51200
18578994.941,51300
18579002.927,51400
18579009.237,51500
18579015.641,51600
18579022.630,51700
18579030.951,51800
18579037.404,51900
18579043.675,52000
18579051.800,52100
18579058.361,52200
18579064.823,52300
18579070.925,52400
18579077.114,52500
18579084.091,52600
18579090.586,52700
18579097.078,52800
18579103.446,52900
18579110.100,53000
18579117.220,53100
18579124.098,53200
18579131.172,53300
18579137.927,53400
18579145.136,53500
18579152.050,53600
18579158.413,53700
18579164.908,53800
18579171.360,53900
18579178.002,54000
18579187.256,54100
18579193.648,54200
18579200.041,54300
18579206.624,54400
18579213.077,54500
18579219.464,54600
18579225.747,54700
18579233.077,54800
18579239.445,54900
18579245.733,55000
18579252.259,55100
18579258.854,55200
18579265.376,55300
18579272.148,55400
18579278.602,55500
18579285.624,55600
18579292.161,55700
18579298.739,55800
18579305.581,55900
18579312.565,56000
18579318.838,56100
18579325.474,56200
18579331.998,56300
18579338.524,56400
18579345.163,56500
18579351.236,56600
18579357.944,56700
18579364.280,56800
18579371.186,56900
18579377.426,57000
18579383.917,57100
18579390.083,57200
18579396.586,57300
18579403.239,57400
18579410.599,57500
18579416.895,57600
18579423.472,57700
18579430.019,57800
18579436.565,57900
18579443.679,58000
18579450.754,58100
18579462.741,58200
18579469.270,58300
18579476.025,58400
18579482.781,58500
18579489.644,58600
18579496.978,58700
18579503.612,58800
18579510.817,58900
18579517.917,59000
18579524.848,59100
18579531.786,59200
18579539.034,59300
18579546.189,59400
18579552.757,59500
18579559.612,59600
18579566.790,59700
18579573.449,59800
18579579.993,59900
18579677.369,60000
18579684.956,60100
18579691.815,60200
18579699.055,60300
18579705.777,60400
18579713.050,60500
18579720.660,60600
18579727.363,60700
18579734.606,60800
18579742.016,60900
18579749.380,61000
18579757.604,61100
18579764.868,61200
18579772.196,61300
18579779.179,61400
18579785.824,61500
18579792.962,61600
18579799.742,61700
18579806.323,61800
18579813.226,61900
18579820.211,62000
18579829.211,62100
18579836.403,62200
18579843.354,62300
18579850.850,62400
18579857.460,62500
18579864.757,62600
18579871.924,62700
18579878.924,62800
18579885.558,62900
18579892.469,63000
18579899.273,63100
18579907.006,63200
18579914.282,63300
18579921.886,63400
18579929.007,63500
18579935.997,63600
18579942.683,63700
18579950.138,63800
18579956.897,63900
18579964.163,64000
18579972.653,64100
18579979.543,64200
18579986.241,64300
18579993.214,64400
18580000.100,64500
18580006.836,64600
18580013.617,64700
18580020.393,64800
18580028.782,64900
18580035.834,65000
18580042.475,65100
18580049.150,65200
18580055.702,65300
18580062.573,65400
18580069.785,65500
18580078.733,65600
18580087.761,65700
18580095.618,65800
18580103.681,65900
18580112.166,66000
18580120.046,66100
18580128.529,66200
18580136.288,66300
18580143.802,66400
18580151.696,66500
18580160.021,66600
18580167.709,66700
18580175.384,66800
18580183.642,66900
18580192.196,67000
18580200.177,67100
18580207.588,67200
18580217.351,67300
18580226.995,67400
18580234.982,67500
18580242.307,67600
18580249.734,67700
18580257.501,67800
18580266.423,67900
18580275.248,68000
18580283.654,68100
18580297.750,68200
18580305.143,68300
18580312.744,68400
18580320.612,68500
18580329.593,68600
18580337.360,68700
18580345.868,68800
18580353.397,68900
18580362.478,69000
18580370.981,69100
18580378.804,69200
18580387.726,69300
18580396.313,69400
18580404.684,69500
18580412.780,69600
18580421.039,69700
18580429.429,69800
18580437.537,69900
18580539.729,70000
18580551.303,70100
18580559.498,70200
18580567.747,70300
18580575.401,70400
18580583.467,70500
18580593.380,70600
18580601.962,70700
18580609.748,70800
18580618.602,70900
18580626.227,71000
18580635.637,71100
18580643.258,71200
18580650.934,71300
18580658.322,71400
18580665.326,71500
18580672.474,71600
18580679.216,71700
18580686.058,71800
18580693.914,71900
18580701.254,72000
18580709.914,72100
18580717.715,72200
18580724.517,72300
18580732.397,72400
18580739.831,72500
18580747.786,72600
18580755.742,72700
18580763.943,72800
18580771.891,72900
18580778.898,73000
18580786.176,73100
18580793.723,73200
18580802.218,73300
18580809.288,73400
18580816.547,73500
18580823.584,73600
18580831.427,73700
18580838.924,73800
18580846.494,73900
18580853.920,74000
18580862.541,74100
18580869.924,74200
18580876.916,74300
18580883.780,74400
18580891.098,74500
18580898.193,74600
18580906.468,74700
18580914.659,74800
18580922.561,74900
18580930.792,75000
18580939.126,75100
18580947.508,75200
18580954.947,75300
18580962.367,75400
18580970.181,75500
18580977.743,75600
18580984.682,75700
18580992.366,75800
18580999.768,75900
18581006.953,76000
18581014.159,76100
18581022.298,76200
18581029.772,76300
18581037.311,76400
18581044.469,76500
18581052.544,76600
18581060.133,76700
18581067.779,76800
18581076.772,76900
18581084.443,77000
18581092.240,77100
18581100.107,77200
18581108.617,77300
18581116.816,77400
18581124.797,77500
18581132.894,77600
18581140.631,77700
18581148.470,77800
18581155.848,77900
18581162.905,78000
18581170.438,78100
18581183.604,78200
18581191.169,78300
18581198.645,78400
18581206.215,78500
18581213.951,78600
18581221.605,78700
18581229.529,78800
18581237.656,78900
18581245.038,79000
18581252.738,79100
18581260.670,79200
18581268.497,79300
18581276.895,79400
18581285.301,79500
18581293.378,79600
18581300.865,79700
18581308.643,79800
18581316.208,79900
18581418.047,80000
18581426.693,80100
18581434.210,80200
18581441.813,80300
18581450.044,80400
18581457.644,80500
18581465.178,80600
18581472.201,80700
18581479.698,80800
18581487.831,80900
18581495.856,81000
18581504.588,81100
18581513.603,81200
18581522.267,81300
18581531.847,81400
18581539.656,81500
18581548.033,81600
18581555.792,81700
18581564.257,81800
18581572.059,81900
18581580.331,82000
18581589.183,82100
18581596.730,82200
18581605.772,82300
18581613.923,82400
18581621.360,82500
18581628.843,82600
18581637.631,82700
18581647.196,82800
18581655.707,82900
18581664.097,83000
18581672.079,83100
18581680.850,83200
18581689.420,83300
18581698.297,83400
18581707.020,83500
18581715.731,83600
18581724.141,83700
18581732.919,83800
18581741.201,83900
18581748.808,84000
18581758.732,84100
18581766.957,84200
18581775.229,84300
18581783.030,84400
18581791.252,84500
18581799.260,84600
18581807.220,84700
18581815.444,84800
18581823.587,84900
18581832.083,85000
18581839.824,85100
18581847.654,85200
18581855.224,85300
18581862.689,85400
18581869.944,85500
18581877.589,85600
18581884.755,85700
18581892.235,85800
18581899.811,85900
18581907.409,86000
18581915.592,86100
18581924.823,86200
18581933.614,86300
18581941.443,86400
18581950.431,86500
18581958.106,86600
18581966.055,86700
18581974.185,86800
18581983.374,86900
18581991.782,87000
18582000.149,87100
18582007.811,87200
18582015.436,87300
18582022.783,87400
18582030.661,87500
18582038.465,87600
18582046.200,87700
18582054.361,87800
18582062.498,87900
18582070.495,88000
18582078.163,88100
18582089.837,88200
18582097.543,88300
18582105.059,88400
18582112.811,88500
18582120.006,88600
18582127.361,88700
18582134.507,88800
18582142.513,88900
18582150.287,89000
18582157.979,89100
18582165.229,89200
18582172.592,89300
18582180.418,89400
18582188.008,89500
18582195.979,89600
18582203.278,89700
18582211.169,89800
18582219.181,89900
18582327.266,90000
18582336.230,90100
18582344.272,90200
18582351.853,90300
18582359.738,90400
18582368.037,90500
18582377.393,90600
18582385.346,90700
18582393.721,90800
18582401.609,90900
18582409.733,91000
18582418.382,91100
18582426.208,91200
18582434.084,91300
18582442.076,91400
18582449.346,91500
18582456.533,91600
18582463.914,91700
18582471.330,91800
18582479.157,91900
18582486.996,92000
18582500.132,92100
18582510.663,92200
18582519.450,92300
18582527.022,92400
18582535.339,92500
18582543.284,92600
18582551.142,92700
18582560.420,92800
18582572.122,92900
18582584.159,93000
18582595.669,93100
18582605.154,93200
18582613.147,93300
18582621.690,93400
18582629.900,93500
18582638.239,93600
18582649.485,93700
18582660.330,93800
18582670.435,93900
18582680.155,94000
18582691.227,94100
18582699.483,94200
18582707.855,94300
18582715.951,94400
18582724.175,94500
18582732.419,94600
18582740.619,94700
18582749.009,94800
18582757.795,94900
18582769.027,95000
18582777.210,95100
18582786.247,95200
18582794.270,95300
18582802.932,95400
18582810.406,95500
18582818.753,95600
18582826.525,95700
18582834.703,95800
18582842.454,95900
18582850.814,96000
18582859.400,96100
18582867.988,96200
18582876.877,96300
18582885.600,96400
18582894.201,96500
18582902.695,96600
18582910.924,96700
18582919.445,96800
18582928.254,96900
18582937.253,97000
18582946.590,97100
18582955.568,97200
18582965.621,97300
18582975.961,97400
18582985.028,97500
18582994.899,97600
18583003.839,97700
18583012.916,97800
18583021.912,97900
18583030.934,98000
18583040.022,98100
18583052.376,98200
18583061.797,98300
18583070.688,98400
18583079.943,98500
18583089.848,98600
18583098.424,98700
18583107.150,98800
18583116.695,98900
18583125.979,99000
18583135.262,99100
18583144.777,99200
18583153.921,99300
18583163.192,99400
18583172.667,99500
18583181.801,99600
18583190.800,99700
18583199.911,99800
18583209.641,99900
18583321.418,100000
18583331.743,100100
18583340.944,100200
18583350.745,100300
18583359.649,100400
18583368.434,100500
18583377.871,100600
18583385.985,100700
18583394.852,100800
18583404.204,100900
18583413.956,101000
18583423.992,101100
18583433.487,101200
18583443.135,101300
18583451.716,101400
18583461.125,101500
18583471.045,101600
18583480.667,101700
18583490.132,101800
18583499.635,101900
18583509.286,102000
18583519.892,102100
18583530.154,102200
18583540.027,102300
18583549.517,102400
18583559.066,102500
18583568.801,102600
18583578.063,102700
18583587.436,102800
18583597.273,102900
18583606.286,103000
18583615.781,103100
18583624.668,103200
18583633.978,103300
18583643.665,103400
18583652.822,103500
18583661.807,103600
18583670.511,103700
18583680.042,103800
18583689.917,103900
18583700.561,104000
18583713.194,104100
18583723.231,104200
18583733.421,104300
18583744.003,104400
18583753.849,104500
18583763.544,104600
18583772.795,104700
18583782.395,104800
18583791.894,104900
18583801.555,105000
18583812.124,105100
18583822.131,105200
18583832.720,105300
18583843.727,105400
18583853.645,105500
18583863.786,105600
18583873.140,105700
18583883.231,105800
18583893.405,105900
18583901.793,106000
18583911.137,106100
18583920.234,106200
18583929.964,106300
18583939.243,106400
18583947.661,106500
18583957.811,106600
18583966.774,106700
18583975.821,106800
18583984.823,106900
18583994.323,107000
18584003.572,107100
18584013.800,107200
18584026.102,107300
18584038.294,107400
18584048.923,107500
18584059.779,107600
18584070.082,107700
18584080.770,107800
18584090.654,107900
18584101.314,108000
18584112.450,108100
18584128.530,108200
18584138.310,108300
18584148.450,108400
18584158.537,108500
18584168.592,108600
18584179.001,108700
18584189.239,108800
18584200.055,108900
18584211.058,109000
18584222.542,109100
18584234.028,109200
18584243.950,109300
18584254.632,109400
18584265.149,109500
18584275.771,109600
18584286.286,109700
18584297.304,109800
18584307.782,109900
18584430.359,110000
18584442.804,110100
18584453.286,110200
18584464.383,110300
18584474.574,110400
18584484.981,110500
18584495.494,110600
18584505.255,110700
18584515.527,110800
18584525.795,110900
18584536.742,111000
18584547.831,111100
18584559.355,111200
18584571.077,111300
18584582.017,111400
18584593.194,111500
18584604.406,111600
18584615.166,111700
18584625.534,111800
18584636.121,111900
18584646.391,112000
18584658.079,112100
18584667.973,112200
18584677.443,112300
18584688.409,112400
18584698.053,112500
18584709.010,112600
18584719.605,112700
18584730.066,112800
18584740.329,112900
18584751.510,113000
18584762.819,113100
18584774.592,113200
18584786.148,113300
18584797.130,113400
18584808.615,113500
18584820.214,113600
18584831.907,113700
18584843.272,113800
18584854.752,113900
18584865.687,114000
18584879.028,114100
18584890.652,114200
18584902.204,114300
18584916.915,114400
18584928.764,114500
18584940.956,114600
18584952.331,114700
18584964.341,114800
18584975.887,114900
18584987.084,115000
18584998.595,115100
18585009.905,115200
18585021.019,115300
18585032.510,115400
18585043.834,115500
18585054.634,115600
18585065.685,115700
18585076.471,115800
18585087.215,115900
18585098.129,116000
18585108.774,116100
18585119.845,116200
18585130.592,116300
18585141.776,116400
18585152.139,116500
18585163.377,116600
18585174.978,116700
18585186.682,116800
18585196.932,116900
18585208.064,117000
18585219.810,117100
18585230.659,117200
18585241.789,117300
18585252.605,117400
18585264.194,117500
18585275.206,117600
18585287.067,117700
18585298.391,117800
18585309.969,117900
18585321.578,118000
18585333.943,118100
18585350.341,118200
18585362.025,118300
18585373.068,118400
18585384.879,118500
18585397.300,118600
18585408.582,118700
18585419.728,118800
18585431.574,118900
18585443.787,119000
18585456.856,119100
18585468.745,119200
18585481.362,119300
18585492.918,119400
18585504.932,119500
18585516.239,119600
18585527.567,119700
18585538.511,119800
18585550.226,119900
18585718.162,120000
18585731.149,120100
18585742.938,120200
18585754.809,120300
18585767.702,120400
18585779.354,120500
18585792.386,120600
18585804.489,120700
18585816.643,120800
18585827.881,120900
18585840.351,121000
18585853.269,121100
18585865.907,121200
18585878.358,121300
18585890.310,121400
18585901.846,121500
18585913.322,121600
18585924.711,121700
18585936.138,121800
18585947.706,121900
18585959.183,122000
18585972.638,122100
18585984.592,122200
18585996.321,122300
18586008.109,122400
18586019.926,122500
18586031.241,122600
18586042.259,122700
18586053.733,122800
18586065.209,122900
18586076.580,123000
18586088.723,123100
18586101.177,123200
18586112.622,123300
18586124.572,123400
18586136.598,123500
18586151.767,123600
18586163.616,123700
18586175.680,123800
18586187.159,123900
18586199.498,124000
18586212.624,124100
18586225.066,124200
18586236.914,124300
18586248.775,124400
18586261.495,124500
18586273.445,124600
18586285.693,124700
18586297.314,124800
18586308.902,124900
18586321.194,125000
18586334.387,125100
18586348.516,125200
18586360.688,125300
18586373.421,125400
18586385.660,125500
18586397.892,125600
18586409.553,125700
18586421.312,125800
18586434.479,125900
18586446.895,126000
18586458.779,126100
18586470.137,126200
18586482.003,126300
18586494.081,126400
18586506.413,126500
18586518.037,126600
18586529.758,126700
18586542.778,126800
18586554.316,126900
18586567.318,127000
18586580.601,127100
18586592.831,127200
18586606.305,127300
18586619.253,127400
18586631.574,127500
18586645.261,127600
18586658.382,127700
18586671.851,127800
18586686.188,127900
18586699.292,128000
18586713.390,128100
18586733.383,128200
18586746.789,128300
18586761.783,128400
18586776.681,128500
18586791.889,128600
18586806.701,128700
18586820.889,128800
18586835.694,128900
18586849.940,129000
18586866.900,129100
18586882.043,129200
18586900.543,129300
18586915.921,129400
18586936.279,129500
18586952.574,129600
18586968.824,129700
18586983.972,129800
18586999.887,129900
18587137.116,130000
18587152.834,130100
18587167.766,130200
18587182.661,130300
18587198.991,130400
18587214.173,130500
18587228.791,130600
18587244.595,130700
18587261.188,130800
18587276.271,130900
18587290.933,131000
18587307.076,131100
18587322.624,131200
18587340.731,131300
18587358.228,131400
18587375.464,131500
18587391.411,131600
18587407.685,131700
18587421.921,131800
18587436.175,131900
18587451.103,132000
18587466.678,132100
18587481.138,132200
18587494.735,132300
18587509.713,132400
18587522.794,132500
18587537.171,132600
18587551.581,132700
18587565.620,132800
18587580.416,132900
18587593.466,133000
18587609.455,133100
18587625.196,133200
18587641.111,133300
18587656.157,133400
18587674.252,133500
18587691.830,133600
18587707.796,133700
18587723.946,133800
18587740.680,133900
18587757.350,134000
18587776.246,134100
18587792.098,134200
18587808.404,134300
18587823.772,134400
18587839.109,134500
18587855.548,134600
18587870.963,134700
18587886.999,134800
18587902.682,134900
18587919.737,135000
18587938.043,135100
18587955.495,135200
18587972.341,135300
18587987.939,135400
18588003.421,135500
18588020.112,135600
18588037.128,135700
18588053.311,135800
18588069.245,135900
18588085.790,136000
18588101.031,136100
18588116.929,136200
18588132.534,136300
18588147.521,136400
18588162.419,136500
18588177.615,136600
18588193.390,136700
18588208.736,136800
18588226.275,136900
18588242.442,137000
18588260.130,137100
18588278.093,137200
18588295.312,137300
18588316.633,137400
18588341.012,137500
18588357.082,137600
18588372.318,137700
18588386.979,137800
18588402.991,137900
18588419.577,138000
18588436.488,138100
18588458.554,138200
18588473.052,138300
18588489.597,138400
18588504.517,138500
18588521.423,138600
18588536.646,138700
18588551.854,138800
18588567.310,138900
18588583.276,139000
18588598.970,139100
18588616.335,139200
18588632.304,139300
18588649.173,139400
18588666.181,139500
18588683.152,139600
18588700.694,139700
18588717.710,139800
18588734.974,139900
18588903.747,140000
18588921.041,140100
18588939.127,140200
18588956.834,140300
18588972.188,140400
18588989.342,140500
18589006.154,140600
18589022.083,140700
18589037.678,140800
18589054.884,140900
18589072.812,141000
18589090.558,141100
18589108.322,141200
18589125.552,141300
18589142.605,141400
18589158.742,141500
18589175.224,141600
18589191.550,141700
18589207.154,141800
18589222.246,141900
18589238.001,142000
18589255.377,142100
18589272.071,142200
18589288.285,142300
18589304.749,142400
18589321.578,142500
18589338.907,142600
18589354.949,142700
18589372.934,142800
18589389.116,142900
18589405.158,143000
18589422.112,143100
18589436.476,143200
18589452.340,143300
18589467.256,143400
18589482.885,143500
18589498.336,143600
18589514.090,143700
18589528.309,143800
18589551.106,143900
18589567.781,144000
18589585.536,144100
18589602.176,144200
18589619.486,144300
18589634.844,144400
18589649.894,144500
18589665.929,144600
18589681.849,144700
18589698.914,144800
18589713.335,144900
18589731.306,145000
18589747.932,145100
18589763.399,145200
18589779.644,145300
18589794.926,145400
18589809.856,145500
18589826.411,145600
18589841.856,145700
18589857.007,145800
18589870.509,145900
18589885.836,146000
18589903.774,146100
18589922.369,146200
18589938.839,146300
18589954.687,146400
18589969.350,146500
18589983.672,146600
18589999.661,146700
18590013.606,146800
18590027.722,146900
18590043.037,147000
18590058.368,147100
18590073.942,147200
18590089.173,147300
18590103.923,147400
18590119.579,147500
18590135.730,147600
18590149.457,147700
18590164.551,147800
18590179.530,147900
18590195.616,148000
18590211.578,148100
18590232.925,148200
18590247.821,148300
18590262.578,148400
18590276.584,148500
18590291.724,148600
18590305.771,148700
18590320.993,148800
18590337.258,148900
18590354.034,149000
18590370.617,149100
18590386.441,149200
18590402.284,149300
18590416.412,149400
18590431.277,149500
18590447.567,149600
18590464.462,149700
18590479.929,149800
18590494.984,149900
18590666.033,150000
18590681.806,150100
18590699.215,150200
18590715.549,150300
18590731.808,150400
18590746.293,150500
18590762.515,150600
18590778.349,150700
18590795.537,150800
18590811.266,150900
18590825.788,151000
18590844.225,151100
18590859.378,151200
18590873.824,151300
18590889.186,151400
18590903.468,151500
18590917.639,151600
18590932.874,151700
18590948.212,151800
18590964.679,151900
18590979.397,152000
18590995.156,152100
18591009.755,152200
18591023.646,152300
18591039.198,152400
18591053.752,152500
18591068.334,152600
18591083.575,152700
18591099.010,152800
18591114.968,152900
18591129.176,153000
18591142.575,153100
18591158.182,153200
18591173.794,153300
18591188.507,153400
18591202.249,153500
18591216.473,153600
18591230.511,153700
18591245.025,153800
18591259.047,153900
18591272.606,154000
18591289.426,154100
18591303.380,154200
18591318.099,154300
18591332.756,154400
18591347.437,154500
18591363.255,154600
18591378.604,154700
18591394.163,154800
18591408.601,154900
18591423.349,155000
18591438.919,155100
18591454.558,155200
18591470.151,155300
18591484.128,155400
18591498.833,155500
18591513.333,155600
18591528.017,155700
18591543.276,155800
18591557.441,155900
18591572.097,156000
18591587.307,156100
18591601.643,156200
18591615.871,156300
18591631.621,156400
18591647.105,156500
18591661.870,156600
18591678.329,156700
18591693.328,156800
18591708.516,156900
18591723.610,157000
18591738.528,157100
18591754.609,157200
18591770.970,157300
18591786.585,157400
18591801.986,157500
18591817.503,157600
18591832.485,157700
18591848.814,157800
18591862.593,157900
18591877.264,158000
18591892.349,158100
18591913.721,158200
18591929.637,158300
18591944.836,158400
18591959.230,158500
18591973.636,158600
18591988.828,158700
18592004.042,158800
18592018.416,158900
18592032.849,159000
18592047.258,159100
18592060.538,159200
18592075.532,159300
18592089.553,159400
18592104.821,159500
18592118.442,159600
18592132.455,159700
18592147.483,159800
18592161.477,159900
18592320.053,160000
18592335.354,160100
18592351.797,160200
18592367.420,160300
18592382.989,160400
18592398.822,160500
18592413.678,160600
18592430.959,160700
18592447.431,160800
18592462.626,160900
18592478.534,161000
18592493.526,161100
18592509.512,161200
18592524.986,161300
18592540.353,161400
18592556.650,161500
18592573.862,161600
18592590.917,161700
18592606.817,161800
18592621.579,161900
18592637.365,162000
18592653.164,162100
18592667.758,162200
18592683.559,162300
18592699.908,162400
18592715.225,162500
18592729.596,162600
18592745.690,162700
18592762.203,162800
18592777.857,162900
18592795.722,163000
18592811.585,163100
18592827.124,163200
18592843.171,163300
18592858.425,163400
18592873.489,163500
18592889.048,163600
18592907.697,163700
18592924.594,163800
18592941.930,163900
18592958.645,164000
18592978.903,164100
18592994.112,164200
18593010.135,164300
18593024.692,164400
18593039.528,164500
18593053.294,164600
18593068.799,164700
18593085.645,164800
18593100.671,164900
18593116.654,165000
18593132.112,165100
18593147.949,165200
18593163.626,165300
18593179.174,165400
18593194.475,165500
18593209.256,165600
18593225.489,165700
18593240.524,165800
18593256.968,165900
18593274.596,166000
18593290.623,166100
18593307.884,166200
18593325.220,166300
18593340.001,166400
18593354.621,166500
18593370.521,166600
18593387.146,166700
18593405.023,166800
18593422.725,166900
18593441.624,167000
18593459.766,167100
18593476.568,167200
18593492.484,167300
18593507.508,167400
18593522.768,167500
18593538.739,167600
18593554.711,167700
18593570.983,167800
18593588.509,167900
18593604.250,168000
18593621.211,168100
18593644.771,168200
18593660.959,168300
18593676.999,168400
18593693.507,168500
18593709.081,168600
18593725.486,168700
18593741.981,168800
18593759.280,168900
18593775.540,169000
18593791.152,169100
18593808.054,169200
18593825.475,169300
18593842.213,169400
18593858.851,169500
18593874.821,169600
18593891.298,169700
18593907.472,169800
18593923.653,169900
18594134.884,170000
18594150.493,170100
18594166.213,170200
18594182.112,170300
18594196.439,170400
18594212.540,170500
18594227.266,170600
18594242.491,170700
18594257.139,170800
18594273.000,170900
18594287.595,171000
18594305.383,171100
18594321.583,171200
18594338.434,171300
18594354.057,171400
18594370.085,171500
18594384.349,171600
18594399.190,171700
18594413.736,171800
18594429.253,171900
18594445.023,172000
18594461.508,172100
18594476.986,172200
18594493.397,172300
18594509.233,172400
18594525.652,172500
18594540.268,172600
18594554.186,172700
18594568.968,172800
18594584.659,172900
18594599.738,173000
18594615.369,173100
18594630.452,173200
18594645.760,173300
18594662.352,173400
18594679.799,173500
18594696.285,173600
18594712.283,173700
18594727.804,173800
18594743.713,173900
18594759.499,174000
18594780.076,174100
18594798.198,174200
18594814.596,174300
18594832.328,174400
18594849.911,174500
18594866.433,174600
18594882.763,174700
18594897.605,174800
18594912.930,174900
18594928.732,175000
18594946.032,175100
18594962.045,175200
18594978.705,175300
18594995.657,175400
18595013.287,175500
18595031.015,175600
18595048.835,175700
18595067.907,175800
18595084.638,175900
18595102.684,176000
18595121.470,176100
18595139.826,176200
18595156.661,176300
18595174.213,176400
18595191.989,176500
18595209.984,176600
18595225.941,176700
18595241.455,176800
18595257.565,176900
18595275.772,177000
18595293.996,177100
18595310.964,177200
18595329.109,177300
18595347.105,177400
18595365.119,177500
18595380.547,177600
18595396.104,177700
18595411.714,177800
18595426.818,177900
18595443.332,178000
18595460.913,178100
18595484.984,178200
18595502.245,178300
18595519.347,178400
18595537.307,178500
18595554.855,178600
18595571.921,178700
18595589.861,178800
18595609.573,178900
18595626.917,179000
18595646.004,179100
18595663.679,179200
18595680.820,179300
18595700.710,179400
18595722.247,179500
18595741.572,179600
18595763.896,179700
18595784.380,179800
18595805.110,179900
18596024.463,180000
18596050.250,180100
18596073.388,180200
18596096.905,180300
18596119.959,180400
18596140.647,180500
18596162.204,180600
18596184.711,180700
18596209.173,180800
18596232.250,180900
18596254.540,181000
18596279.561,181100
18596303.337,181200
18596327.353,181300
18596348.651,181400
18596373.037,181500
18596397.492,181600
18596420.909,181700
18596441.784,181800
18596466.642,181900
18596493.929,182000
18596521.469,182100
18596545.896,182200
18596568.248,182300
18596588.697,182400
18596612.198,182500
18596636.054,182600
18596654.661,182700
18596674.422,182800
18596701.715,182900
18596726.864,183000
18596755.548,183100
18596781.056,183200
18596797.613,183300
18596822.142,183400
18596845.558,183500
18596865.630,183600
18596887.338,183700
18596910.969,183800
18596933.720,183900
18596957.698,184000
18596984.819,184100
18597006.356,184200
18597030.348,184300
18597061.714,184400
18597096.930,184500
18597129.062,184600
18597161.263,184700
18597194.045,184800
18597219.484,184900
18597247.467,185000
18597277.513,185100
18597303.231,185200
18597327.330,185300
18597355.773,185400
18597378.434,185500
18597402.288,185600
18597427.399,185700
18597450.328,185800
18597473.521,185900
18597495.388,186000
18597520.411,186100
18597545.019,186200
18597572.627,186300
18597598.826,186400
18597624.032,186500
18597648.360,186600
18597671.806,186700
18597694.100,186800
18597716.341,186900
18597737.802,187000
18597758.459,187100
18597778.800,187200
18597812.602,187300
18597836.065,187400
18597858.275,187500
18597880.618,187600
18597903.326,187700
18597924.996,187800
18597948.135,187900
18597968.500,188000
18597989.767,188100
18598015.922,188200
18598036.336,188300
18598062.700,188400
18598090.263,188500
18598114.147,188600
18598140.775,188700
18598166.772,188800
18598189.240,188900
18598216.714,189000
18598238.481,189100
18598263.115,189200
18598288.900,189300
18598317.360,189400
18598343.706,189500
18598370.222,189600
18598398.225,189700
18598427.047,189800
18598454.579,189900
18598695.787,190000
18598723.158,190100
18598747.758,190200
18598772.070,190300
18598797.915,190400
18598824.493,190500
18598848.062,190600
18598871.515,190700
18598895.111,190800
18598919.133,190900
18598943.668,191000
18598965.858,191100
18598993.848,191200
18599021.812,191300
18599045.039,191400
18599072.027,191500
18599097.182,191600
18599128.840,191700
18599160.385,191800
18599185.496,191900
18599210.382,192000
18599238.088,192100
18599263.021,192200
18599287.444,192300
18599314.555,192400
18599342.853,192500
18599369.912,192600
18599397.051,192700
18599422.173,192800
18599451.188,192900
18599478.135,193000
18599502.321,193100
18599526.446,193200
18599551.820,193300
18599575.093,193400
18599601.892,193500
18599626.024,193600
18599655.347,193700
18599683.114,193800
18599708.259,193900
18599735.791,194000
18599768.511,194100
18599794.990,194200
18599822.951,194300
18599852.001,194400
18599879.074,194500
18599908.096,194600
18599936.191,194700
18599964.450,194800
18599991.452,194900
18600017.790,195000
18600045.946,195100
18600070.955,195200
18600094.157,195300
18600119.780,195400
18600145.897,195500
18600176.612,195600
18600203.349,195700
18600226.774,195800
18600253.093,195900
18600280.242,196000
18600306.125,196100
18600327.918,196200
18600352.600,196300
18600376.785,196400
18600408.403,196500
18600438.680,196600
18600464.226,196700
18600488.778,196800
18600512.394,196900
18600538.144,197000
18600566.036,197100
18600596.411,197200
18600621.514,197300
18600650.104,197400
18600679.718,197500
18600709.370,197600
18600736.541,197700
18600763.708,197800
18600791.860,197900
18600818.332,198000
18600844.647,198100
18600876.791,198200
18600903.950,198300
18600937.227,198400
18600962.936,198500
18600989.947,198600
18601018.277,198700
18601046.246,198800
18601070.408,198900
18601095.029,199000
18601118.194,199100
18601140.436,199200
18601162.696,199300
18601184.739,199400
18601211.560,199500
18601240.242,199600
18601268.670,199700
18601294.911,199800
18601320.059,199900
18601566.527,200000
18601592.022,200100
18601616.110,200200
18601640.279,200300
18601664.160,200400
18601686.494,200500
18601712.375,200600
18601739.239,200700
18601762.784,200800
18601787.105,200900
18601815.888,201000
18601838.816,201100
18601863.481,201200
18601889.218,201300
18601914.054,201400
18601943.913,201500
18601976.781,201600
18602007.956,201700
18602038.353,201800
18602071.342,201900
18602103.231,202000
18602133.060,202100
18602163.257,202200
18602196.623,202300
18602225.566,202400
18602256.205,202500
18602284.352,202600
18602309.579,202700
18602334.872,202800
18602360.708,202900
18602384.480,203000
18602411.164,203100
18602436.634,203200
18602463.265,203300
18602486.544,203400
18602512.219,203500
18602538.497,203600
18602564.517,203700
18602598.907,203800
18602622.742,203900
18602651.402,204000
18602683.605,204100
18602709.797,204200
18602739.894,204300
18602769.046,204400
18602795.655,204500
18602825.096,204600
18602852.039,204700
18602876.701,204800
18602903.708,204900
18602931.153,205000
18602954.259,205100
18602975.238,205200
18602996.275,205300
18603015.900,205400
18603037.633,205500
18603060.994,205600
18603088.492,205700
18603119.136,205800
18603146.901,205900
18603172.769,206000
18603199.349,206100
18603226.256,206200
18603252.223,206300
18603274.681,206400
18603300.927,206500
18603329.598,206600
18603356.158,206700
18603383.757,206800
18603410.301,206900
18603437.020,207000
18603465.376,207100
18603491.954,207200
18603518.647,207300
18603543.118,207400
18603566.128,207500
18603590.010,207600
18603614.655,207700
18603638.605,207800
18603665.853,207900
18603694.974,208000
18603725.869,208100
18603763.037,208200
18603792.964,208300
18603826.092,208400
18603849.424,208500
18603882.468,208600
18603914.730,208700
18603944.030,208800
18603976.011,208900
18604006.726,209000
18604035.523,209100
18604064.631,209200
18604088.089,209300
18604110.084,209400
18604134.874,209500
18604162.340,209600
18604186.641,209700
18604213.090,209800
18604241.211,209900
18604477.912,210000
18604507.925,210100
18604534.170,210200
18604564.594,210300
18604595.722,210400
18604620.121,210500
18604642.308,210600
18604665.933,210700
18604688.880,210800
18604723.508,210900
18604755.860,211000
18604787.710,211100
18604816.046,211200
18604842.017,211300
18604868.600,211400
18604897.143,211500
18604929.622,211600
18604957.203,211700
18604988.694,211800
18605019.285,211900
18605053.418,212000
18605088.408,212100
18605125.534,212200
18605159.244,212300
18605190.742,212400
18605225.630,212500
18605259.171,212600
18605291.174,212700
18605324.044,212800
18605354.704,212900
18605386.731,213000
18605421.576,213100
18605453.232,213200
18605481.917,213300
18605513.447,213400
18605544.730,213500
18605573.129,213600
18605602.654,213700
18605628.702,213800
18605658.513,213900
18605687.584,214000
18605721.097,214100
18605747.806,214200
18605775.797,214300
18605800.644,214400
18605828.498,214500
18605854.616,214600
18605880.198,214700
18605908.952,214800
18605935.565,214900
18605960.063,215000
18605989.805,215100
18606018.810,215200
18606046.773,215300
18606072.924,215400
18606100.534,215500
18606126.417,215600
18606152.768,215700
18606190.793,215800
18606223.937,215900
18606260.419,216000
18606301.396,216100
18606338.114,216200
18606371.561,216300
18606407.203,216400
18606438.010,216500
18606473.096,216600
18606507.486,216700
18606545.685,216800
18606584.334,216900
18606626.131,217000
18606666.568,217100
18606699.007,217200
18606729.421,217300
18606758.924,217400
18606789.097,217500
18606820.472,217600
18606859.226,217700
18606897.986,217800
18606929.907,217900
18606966.489,218000
18607003.273,218100
18607042.281,218200
18607076.199,218300
18607111.752,218400
18607149.441,218500
18607185.849,218600
18607220.285,218700
18607251.531,218800
18607279.082,218900
18607310.786,219000
18607350.056,219100
18607388.664,219200
18607422.941,219300
18607458.644,219400
18607492.182,219500
18607526.463,219600
18607562.733,219700
18607595.682,219800
18607628.569,219900
18607938.111,220000
18607973.105,220100
18608008.072,220200
18608038.868,220300
18608076.704,220400
18608110.508,220500
18608149.003,220600
18608182.590,220700
18608222.846,220800
18608262.503,220900
18608296.715,221000
18608333.770,221100
18608370.216,221200
18608404.319,221300
18608436.587,221400
18608466.602,221500
18608501.067,221600
18608530.919,221700
18608563.964,221800
18608599.257,221900
18608633.201,222000
18608668.365,222100
18608701.346,222200
18608737.028,222300
18608768.866,222400
18608807.372,222500
18608841.585,222600
18608876.869,222700
18608908.949,222800
18608942.316,222900
18608979.111,223000
18609012.264,223100
18609050.714,223200
18609084.646,223300
18609114.164,223400
18609145.082,223500
18609179.033,223600
18609220.433,223700
18609259.749,223800
18609298.756,223900
18609333.392,224000
18609369.093,224100
18609404.229,224200
18609441.222,224300
18609481.365,224400
18609524.096,224500
18609564.842,224600
18609601.826,224700
18609643.490,224800
18609678.406,224900
18609711.954,225000
18609744.074,225100
18609774.205,225200
18609808.354,225300
18609840.289,225400
18609876.426,225500
18609912.776,225600
18609951.028,225700
18609987.831,225800
18610024.644,225900
18610058.691,226000
18610098.110,226100
18610126.413,226200
18610155.845,226300
18610182.615,226400
18610213.816,226500
18610245.776,226600
18610280.305,226700
18610314.407,226800
18610349.089,226900
18610377.068,227000
18610408.787,227100
18610442.322,227200
18610479.677,227300
18610513.615,227400
18610550.773,227500
18610584.506,227600
18610618.045,227700
18610650.101,227800
18610689.413,227900
18610731.480,228000
18610772.530,228100
18610823.067,228200
18610862.822,228300
18610898.914,228400
18610939.779,228500
18610977.599,228600
18611014.384,228700
18611053.155,228800
18611096.225,228900
18611134.212,229000
18611166.948,229100
18611209.018,229200
18611253.131,229300
18611301.280,229400
18611347.091,229500
18611398.196,229600
18611443.991,229700
18611490.259,229800
18611543.339,229900
18611842.265,230000
18611881.177,230100
18611923.052,230200
18611965.621,230300
18612014.371,230400
18612054.196,230500
18612100.842,230600
18612148.288,230700
18612197.283,230800
18612250.758,230900
18612290.234,231000
18612336.193,231100
18612374.543,231200
18612415.170,231300
18612456.975,231400
18612498.307,231500
18612540.713,231600
18612586.451,231700
18612625.898,231800
18612677.011,231900
18612710.982,232000
18612761.888,232100
18612809.981,232200
18612846.323,232300
18612881.657,232400
18612919.120,232500
18612957.936,232600
18612996.081,232700
18613038.241,232800
18613082.323,232900
18613132.195,233000
18613175.721,233100
18613218.932,233200
18613256.818,233300
18613294.362,233400
18613335.151,233500
18613372.321,233600
18613413.934,233700
18613452.636,233800
18613497.594,233900
18613540.771,234000
18613586.661,234100
18613624.776,234200
18613665.743,234300
18613710.668,234400
18613751.363,234500
18613794.305,234600
18613834.868,234700
18613875.383,234800
18613919.302,234900
18613961.618,235000
18614007.208,235100
18614050.577,235200
18614094.623,235300
18614140.630,235400
18614183.994,235500
18614222.909,235600
18614268.529,235700
18614310.934,235800
18614352.609,235900
18614394.669,236000
18614440.144,236100
18614482.441,236200
18614525.522,236300
18614569.594,236400
18614611.238,236500
18614647.759,236600
18614692.267,236700
18614732.914,236800
18614770.788,236900
18614812.055,237000
18614855.824,237100
18614899.512,237200
18614940.530,237300
18614974.584,237400
18615014.908,237500
18615059.735,237600
18615099.532,237700
18615149.769,237800
18615190.389,237900
18615228.294,238000
18615268.168,238100
18615309.670,238200
18615350.071,238300
18615392.636,238400
18615431.722,238500
18615474.547,238600
18615514.320,238700
18615556.523,238800
18615591.997,238900
18615631.366,239000
18615664.319,239100
18615698.924,239200
18615734.788,239300
18615771.806,239400
18615804.934,239500
18615842.281,239600
18615874.009,239700
18615909.844,239800
18615947.239,239900
18616273.472,240000
18616308.671,240100
18616352.227,240200
18616392.976,240300
18616427.684,240400
18616461.320,240500
18616502.843,240600
18616538.099,240700
18616571.254,240800
18616604.749,240900
18616636.057,241000
18616667.851,241100
18616698.847,241200
18616728.036,241300
18616762.257,241400
18616794.008,241500
18616826.586,241600
18616858.133,241700
18616887.317,241800
18616917.430,241900
18616949.181,242000
18616989.699,242100
18617027.165,242200
18617072.114,242300
18617111.292,242400
18617154.250,242500
18617191.859,242600
18617226.140,242700
18617259.464,242800
18617294.951,242900
18617326.542,243000
18617362.155,243100
18617397.130,243200
18617433.258,243300
18617464.352,243400
18617502.515,243500
18617537.970,243600
18617572.876,243700
18617606.730,243800
18617641.572,243900
18617674.927,244000
18617708.209,244100
18617740.666,244200
18617777.605,244300
18617813.086,244400
18617842.695,244500
18617873.081,244600
18617905.261,244700
18617937.849,244800
18617968.672,244900
18617999.780,245000
18618028.066,245100
18618058.228,245200
18618087.537,245300
18618117.614,245400
18618148.720,245500
18618182.506,245600
18618212.624,245700
18618244.000,245800
18618275.512,245900
18618306.246,246000
18618340.446,246100
18618377.063,246200
18618419.996,246300
18618451.082,246400
18618479.331,246500
18618510.435,246600
18618543.915,246700
18618576.655,246800
18618610.404,246900
18618641.013,247000
18618670.886,247100
18618700.922,247200
18618731.392,247300
18618759.546,247400
18618787.720,247500
18618814.877,247600
18618842.704,247700
18618871.274,247800
18618898.921,247900
18618935.299,248000
18618967.370,248100
18619010.921,248200
18619044.467,248300
18619082.871,248400
18619117.239,248500
18619151.063,248600
18619182.543,248700
18619212.574,248800
18619239.079,248900
18619275.365,249000
18619310.619,249100
18619341.358,249200
18619376.409,249300
18619410.915,249400
18619448.119,249500
18619481.954,249600
18619522.649,249700
18619557.673,249800
18619594.014,249900
18619895.898,250000
18619934.452,250100
18619965.156,250200
18619997.013,250300
18620032.914,250400
18620070.071,250500
18620103.609,250600
18620135.581,250700
18620169.938,250800
18620199.050,250900
18620233.210,251000
18620261.558,251100
18620293.840,251200
18620326.195,251300
18620357.088,251400
18620385.255,251500
18620416.161,251600
18620443.994,251700
18620480.947,251800
18620523.656,251900
18620556.821,252000
18620595.784,252100
18620635.281,252200
18620671.566,252300
18620706.325,252400
18620745.313,252500
18620776.589,252600
18620813.706,252700
18620843.096,252800
18620874.526,252900
18620913.101,253000
18620951.979,253100
18620989.465,253200
18621025.796,253300
18621057.525,253400
18621095.591,253500
18621126.109,253600
18621159.691,253700
18621192.586,253800
18621228.628,253900
18621260.262,254000
18621300.865,254100
18621337.840,254200
18621375.423,254300
18621415.632,254400
18621456.980,254500
18621502.627,254600
18621543.045,254700
18621580.770,254800
18621617.219,254900
18621654.767,255000
18621691.331,255100
18621721.769,255200
18621749.841,255300
18621777.792,255400
18621806.790,255500
18621833.833,255600
18621862.354,255700
18621896.006,255800
18621933.413,255900
18621968.836,256000
18622004.780,256100
18622045.410,256200
18622080.507,256300
18622117.654,256400
18622155.649,256500
18622191.468,256600
18622230.068,256700
18622268.598,256800
18622301.921,256900
18622339.596,257000
18622373.365,257100
18622412.661,257200
18622444.670,257300
18622477.104,257400
18622510.842,257500
18622546.264,257600
18622574.362,257700
18622604.531,257800
18622631.598,257900
18622659.523,258000
18622688.134,258100
18622727.586,258200
18622758.075,258300
18622802.477,258400
18622836.967,258500
18622882.988,258600
18622923.294,258700
18622957.491,258800
18622993.852,258900
18623024.413,259000
18623058.169,259100
18623089.970,259200
18623123.981,259300
18623156.473,259400
18623189.385,259500
18623219.826,259600
18623253.706,259700
18623288.005,259800
18623326.271,259900
18623632.136,260000
18623674.419,260100
18623712.399,260200
18623757.929,260300
18623789.821,260400
18623825.954,260500
18623860.455,260600
18623894.193,260700
18623929.398,260800
18623963.347,260900
18624005.566,261000
18624041.477,261100
18624084.292,261200
18624120.801,261300
18624161.094,261400
18624197.963,261500
18624233.712,261600
18624271.864,261700
18624305.144,261800
18624334.011,261900
18624363.880,262000
18624401.967,262100
18624438.030,262200
18624476.377,262300
18624507.076,262400
18624540.391,262500
18624574.029,262600
18624611.398,262700
18624644.202,262800
18624679.652,262900
18624713.255,263000
18624744.594,263100
18624778.363,263200
18624810.379,263300
18624841.621,263400
18624872.642,263500
18624903.425,263600
18624936.950,263700
18624964.176,263800
18624995.101,263900
18625027.153,264000
18625060.592,264100
18625095.626,264200
18625129.975,264300
18625168.411,264400
18625205.167,264500
18625240.464,264600
18625278.198,264700
18625312.074,264800
18625339.410,264900
18625373.628,265000
18625410.702,265100
18625448.805,265200
18625485.607,265300
18625523.654,265400
18625561.548,265500
18625602.497,265600
18625645.746,265700
18625688.972,265800
18625726.157,265900
18625764.068,266000
18625800.458,266100
18625838.391,266200
18625877.389,266300
18625910.410,266400
18625946.110,266500
18625988.503,266600
18626027.208,266700
18626069.596,266800
18626104.784,266900
18626139.812,267000
18626172.610,267100
18626215.736,267200
18626251.476,267300
18626283.476,267400
18626316.872,267500
18626351.322,267600
18626382.212,267700
18626419.595,267800
18626451.125,267900
18626492.123,268000
18626535.662,268100
18626592.226,268200
18626641.313,268300
18626687.305,268400
18626741.786,268500
18626798.695,268600
18626851.159,268700
18626899.617,268800
18626940.603,268900
18626975.447,269000
18627022.741,269100
18627061.909,269200
18627106.645,269300
18627147.115,269400
18627200.465,269500
18627242.806,269600
18627292.941,269700
18627340.251,269800
18627371.676,269900
18627716.375,270000
18627753.452,270100
18627805.313,270200
18627861.933,270300
18627932.518,270400
18627998.083,270500
18628055.847,270600
18628109.361,270700
18628174.753,270800
18628229.657,270900
18628285.757,271000
18628337.101,271100
18628381.400,271200
18628428.024,271300
18628472.722,271400
18628522.872,271500
18628573.046,271600
18628635.311,271700
18628691.132,271800
18628750.989,271900
18628810.292,272000
18628864.216,272100
18628927.437,272200
18628984.031,272300
18629032.354,272400
18629078.856,272500
18629132.183,272600
18629183.002,272700
18629233.557,272800
18629281.300,272900
18629331.265,273000
18629388.915,273100
18629441.893,273200
18629497.217,273300
18629537.015,273400
18629585.955,273500
18629633.088,273600
18629678.591,273700
18629719.253,273800
18629757.539,273900
18629802.602,274000
18629854.368,274100
18629896.949,274200
18629947.646,274300
18629994.062,274400
18630036.778,274500
18630085.147,274600
18630131.198,274700
18630176.064,274800
18630219.933,274900
18630269.216,275000
18630321.363,275100
18630368.405,275200
18630420.487,275300
18630470.921,275400
18630514.821,275500
18630564.828,275600
18630616.874,275700
18630656.810,275800
18630701.647,275900
18630747.714,276000
18630791.048,276100
18630843.460,276200
18630892.184,276300
18630934.175,276400
18630980.028,276500
18631028.305,276600
18631069.576,276700
18631112.544,276800
18631157.816,276900
18631198.028,277000
18631238.668,277100
18631282.307,277200
18631323.980,277300
18631363.828,277400
18631416.709,277500
18631461.958,277600
18631511.185,277700
18631557.225,277800
18631602.407,277900
18631644.076,278000
18631675.174,278100
18631757.531,278200
18631812.250,278300
18631865.156,278400
18631918.434,278500
18631962.684,278600
18632012.065,278700
18632058.529,278800
18632111.568,278900
18632171.219,279000
18632215.303,279100
18632265.104,279200
18632324.359,279300
18632372.157,279400
18632415.124,279500
18632456.836,279600
18632498.688,279700
18632543.418,279800
18632580.432,279900
18633112.501,280000
18633159.493,280100
18633199.955,280200
18633247.563,280300
18633301.360,280400
18633345.881,280500
18633390.061,280600
18633431.329,280700
18633468.805,280800
18633514.451,280900
18633557.494,281000
18633604.520,281100
18633647.129,281200
18633688.254,281300
18633731.940,281400
18633778.494,281500
18633837.586,281600
18633886.844,281700
18633940.189,281800
18633984.609,281900
18634033.044,282000
18634084.566,282100
18634131.384,282200
18634175.331,282300
18634222.191,282400
18634269.019,282500
18634315.942,282600
18634365.573,282700
18634415.513,282800
18634469.323,282900
18634523.243,283000
18634572.576,283100
18634619.340,283200
18634665.906,283300
18634707.670,283400
18634754.645,283500
18634795.114,283600
18634841.735,283700
18634886.737,283800
18634927.964,283900
18634982.283,284000
18635036.799,284100
18635091.467,284200
18635141.559,284300
18635200.643,284400
18635251.304,284500
18635303.878,284600
18635360.373,284700
18635406.724,284800
18635455.018,284900
18635509.368,285000
18635562.327,285100
18635617.104,285200
18635665.626,285300
18635721.142,285400
18635791.289,285500
18635846.028,285600
18635899.906,285700
18635951.076,285800
18636000.956,285900
18636047.849,286000
18636092.882,286100
18636135.691,286200
18636185.098,286300
18636240.338,286400
18636292.661,286500
18636346.630,286600
18636393.909,286700
18636448.794,286800
18636496.839,286900
18636552.560,287000
18636610.515,287100
18636657.366,287200
18636705.141,287300
18636752.406,287400
18636804.014,287500
18636856.516,287600
18636921.771,287700
18636983.855,287800
18637041.315,287900
18637089.043,288000
18637137.852,288100
18637198.235,288200
18637246.815,288300
18637313.236,288400
18637362.657,288500
18637411.613,288600
18637470.126,288700
18637543.403,288800
18637611.538,288900
18637669.049,289000
18637729.977,289100
18637785.740,289200
18637840.680,289300
18637897.258,289400
18637946.238,289500
18637997.099,289600
18638048.468,289700
18638096.988,289800
18638159.831,289900
18638707.308,290000
18638769.356,290100
18638828.853,290200
18638888.773,290300
18638944.347,290400
18639014.416,290500
18639081.369,290600
18639127.973,290700
18639180.545,290800
18639232.893,290900
18639278.879,291000
18639337.151,291100
18639380.447,291200
18639433.539,291300
18639491.758,291400
18639543.026,291500
18639604.877,291600
18639655.080,291700
18639706.595,291800
18639770.609,291900
18639811.886,292000
18639856.823,292100
18639909.356,292200
18639958.610,292300
18640012.616,292400
18640070.227,292500
18640124.752,292600
18640183.346,292700
18640237.606,292800
18640288.045,292900
18640337.802,293000
18640384.575,293100
18640436.029,293200
18640493.861,293300
18640542.063,293400
18640592.360,293500
18640642.336,293600
18640696.557,293700
18640740.013,293800
18640783.797,293900
18640826.682,294000
18640875.589,294100
18640922.382,294200
18640963.995,294300
18641011.208,294400
18641056.265,294500
18641111.550,294600
18641169.501,294700
18641228.767,294800
18641288.031,294900
18641346.135,295000
18641399.657,295100
18641466.644,295200
18641516.561,295300
18641564.897,295400
18641607.864,295500
18641644.619,295600
18641695.313,295700
18641745.230,295800
18641801.825,295900
18641854.957,296000
18641916.724,296100
18641974.004,296200
18642028.364,296300
18642085.566,296400
18642133.563,296500
18642185.243,296600
18642233.092,296700
18642272.653,296800
18642320.433,296900
18642369.916,297000
18642423.711,297100
18642485.088,297200
18642533.625,297300
18642593.168,297400
18642642.713,297500
18642700.660,297600
18642754.258,297700
18642799.637,297800
18642847.262,297900
18642893.881,298000
18642941.881,298100
18643005.861,298200
18643055.290,298300
18643111.674,298400
18643168.730,298500
18643221.565,298600
18643271.287,298700
18643318.421,298800
18643369.942,298900
18643421.152,299000
18643466.419,299100
18643524.290,299200
18643586.491,299300
18643630.207,299400
18643684.848,299500
18643741.603,299600
18643794.302,299700
18643848.565,299800
18643899.315,299900
18644347.061,300000
18644401.718,300100
18644449.923,300200
18644513.850,300300
18644570.407,300400
18644625.307,300500
18644681.234,300600
18644736.766,300700
18644795.352,300800
18644849.865,300900
18644897.063,301000
18644949.800,301100
18644995.795,301200
18645053.137,301300
18645100.843,301400
18645151.468,301500
18645209.542,301600
18645261.307,301700
18645321.861,301800
18645378.015,301900
18645434.755,302000
18645487.359,302100
18645542.711,302200
18645599.291,302300
18645642.773,302400
18645691.767,302500
18645746.962,302600
18645799.917,302700
18645860.598,302800
18645920.201,302900
18645970.267,303000
18646025.865,303100
18646081.338,303200
18646132.772,303300
18646186.778,303400
18646242.517,303500
18646292.134,303600
18646344.589,303700
18646392.660,303800
18646440.475,303900
18646494.580,304000
18646553.677,304100
18646599.719,304200
18646660.330,304300
18646720.392,304400
18646778.879,304500
18646837.187,304600
18646882.824,304700
18646931.095,304800
18646991.974,304900
18647052.461,305000
18647103.693,305100
18647168.052,305200
18647223.846,305300
18647281.238,305400
18647340.856,305500
18647395.673,305600
18647445.700,305700
18647493.171,305800
18647531.713,305900
18647579.828,306000
18647630.844,306100
18647681.860,306200
18647737.473,306300
18647786.548,306400
18647837.442,306500
18647896.571,306600
18647954.348,306700
18648006.613,306800
18648053.892,306900
18648100.538,307000
18648144.960,307100
18648187.250,307200
18648243.802,307300
18648293.469,307400
18648345.706,307500
18648390.229,307600
18648435.060,307700
18648486.985,307800
18648537.829,307900
18648590.982,308000
18648631.428,308100
18648685.008,308200
18648726.493,308300
18648774.655,308400
18648827.596,308500
18648886.007,308600
18648957.381,308700
18649027.601,308800
18649085.600,308900
18649142.158,309000
18649201.319,309100
18649250.667,309200
18649295.923,309300
18649347.728,309400
18649406.202,309500
18649458.458,309600
18649518.151,309700
18649574.779,309800
18649632.121,309900
18650123.262,310000
18650182.446,310100
18650235.253,310200
18650297.151,310300
18650345.579,310400
18650396.600,310500
18650455.263,310600
18650511.056,310700
18650571.670,310800
18650634.024,310900
18650679.374,311000
18650742.276,311100
18650791.983,311200
18650843.126,311300
18650897.905,311400
18650942.713,311500
18650990.377,311600
18651041.778,311700
18651098.971,311800
18651158.561,311900
18651214.568,312000
18651266.660,312100
18651320.886,312200
18651375.531,312300
18651424.527,312400
18651483.536,312500
18651538.197,312600
18651583.583,312700
18651645.454,312800
18651704.340,312900
18651757.775,313000
18651818.542,313100
18651866.469,313200
18651918.041,313300
18651976.659,313400
18652026.896,313500
18652085.231,313600
18652133.318,313700
18652180.205,313800
18652241.176,313900
18652307.849,314000
18652373.858,314100
18652434.130,314200
18652496.644,314300
18652550.608,314400
18652605.534,314500
18652666.340,314600
18652714.699,314700
18652764.515,314800
18652811.473,314900
18652871.054,315000
18652925.725,315100
18652975.239,315200
18653035.326,315300
18653092.455,315400
18653160.839,315500
18653219.231,315600
18653274.882,315700
18653325.982,315800
18653401.725,315900
18653457.762,316000
18653510.140,316100
18653559.822,316200
18653614.197,316300
18653663.725,316400
18653715.056,316500
18653771.736,316600
18653830.835,316700
18653890.107,316800
18653945.060,316900
18654008.328,317000
18654058.007,317100
18654107.689,317200
18654164.117,317300
18654225.674,317400
18654286.018,317500
18654338.378,317600
18654391.891,317700
18654453.318,317800
18654498.399,317900
18654558.879,318000
18654609.462,318100
18654669.760,318200
18654716.811,318300
18654757.372,318400
18654805.385,318500
18654859.100,318600
18654925.872,318700
18654987.557,318800
18655040.144,318900
18655097.139,319000
18655154.345,319100
18655206.944,319200
18655274.130,319300
18655319.506,319400
18655373.415,319500
18655436.977,319600
18655486.122,319700
18655553.189,319800
18655628.690,319900
18656183.012,320000
18656244.831,320100
18656297.775,320200
18656348.170,320300
18656405.509,320400
18656448.477,320500
18656494.052,320600
18656555.365,320700
18656615.529,320800
18656677.386,320900
18656750.536,321000
18656805.463,321100
18656858.725,321200
18656917.306,321300
18656976.537,321400
18657025.513,321500
18657080.165,321600
18657130.042,321700
18657181.055,321800
18657239.098,321900
18657296.843,322000
18657354.144,322100
18657412.584,322200
18657478.049,322300
18657542.950,322400
18657603.160,322500
18657667.253,322600
18657731.550,322700
18657793.268,322800
18657852.154,322900
18657928.475,323000
18657994.817,323100
18658053.596,323200
18658122.052,323300
18658186.770,323400
18658243.613,323500
18658299.955,323600
18658368.761,323700
18658433.900,323800
18658485.329,323900
18658553.418,324000
18658613.161,324100
18658681.829,324200
18658745.120,324300
18658810.762,324400
18658878.665,324500
18658940.234,324600
18658998.937,324700
18659056.826,324800
18659117.094,324900
18659177.149,325000
18659243.858,325100
18659312.394,325200
18659381.166,325300
18659447.578,325400
18659515.246,325500
18659568.709,325600
18659634.455,325700
18659696.622,325800
18659747.980,325900
18659803.572,326000
18659876.396,326100
18659943.263,326200
18660010.116,326300
18660072.998,326400
18660131.871,326500
18660191.746,326600
18660251.649,326700
18660304.176,326800
18660358.786,326900
18660418.066,327000
18660487.687,327100
18660548.017,327200
18660615.069,327300
18660682.350,327400
18660747.037,327500
18660810.542,327600
18660869.762,327700
18660932.281,327800
18660987.024,327900
18661040.488,328000
18661094.745,328100
18661156.373,328200
18661223.489,328300
18661293.622,328400
18661352.502,328500
18661412.986,328600
18661472.734,328700
18661537.067,328800
18661613.001,328900
18661684.889,329000
18661745.268,329100
18661805.475,329200
18661874.052,329300
18661936.837,329400
18662013.985,329500
18662081.140,329600
18662149.849,329700
18662235.419,329800
18662303.212,329900
18662914.249,330000
18662990.213,330100
18663057.438,330200
18663132.436,330300
18663196.732,330400
18663269.879,330500
18663334.640,330600
18663404.199,330700
18663476.394,330800
18663543.813,330900
18663616.376,331000
18663674.258,331100
18663732.608,331200
18663804.358,331300
18663871.039,331400
18663943.307,331500
18664017.219,331600
18664083.771,331700
18664148.573,331800
18664217.635,331900
18664273.855,332000
18664347.166,332100
18664406.308,332200
18664466.606,332300
18664544.615,332400
18664631.862,332500
18664693.537,332600
18664781.140,332700
18664853.763,332800
18664920.937,332900
18664983.061,333000
18665051.159,333100
18665112.706,333200
18665186.279,333300
18665254.009,333400
18665324.747,333500
18665389.110,333600
18665447.392,333700
18665525.415,333800
18665589.626,333900
18665655.765,334000
18665730.472,334100
18665783.050,334200
18665848.215,334300
18665922.052,334400
18666006.737,334500
18666080.522,334600
18666156.268,334700
18666238.599,334800
18666319.024,334900
18666395.613,335000
18666466.509,335100
18666538.219,335200
18666614.491,335300
18666690.103,335400
18666758.563,335500
18666832.461,335600
18666899.544,335700
18666954.183,335800
18667011.307,335900
18667067.720,336000
18667130.782,336100
18667197.417,336200
18667250.529,336300
18667324.075,336400
18667379.509,336500
18667443.774,336600
18667509.337,336700
18667570.281,336800
18667623.996,336900
18667673.185,337000
18667729.692,337100
18667798.652,337200
18667861.271,337300
18667925.847,337400
18667995.660,337500
18668061.482,337600
18668135.772,337700
18668195.444,337800
18668265.160,337900
18668341.488,338000
18668411.011,338100
18668490.548,338200
18668564.276,338300
18668637.254,338400
18668701.254,338500
18668776.198,338600
18668840.533,338700
18668926.004,338800
18669002.121,338900
18669083.799,339000
18669165.175,339100
18669231.268,339200
18669388.443,339300
18669473.853,339400
18669532.749,339500
18669608.766,339600
18669682.691,339700
18669763.029,339800
18669842.683,339900
18670496.121,340000
18670579.260,340100
18670652.050,340200
18670726.530,340300
18670799.594,340400
18670902.401,340500
18670987.511,340600
18671066.167,340700
18671135.565,340800
18671196.738,340900
18671256.323,341000
18671321.117,341100
18671381.660,341200
18671445.153,341300
18671520.553,341400
18671572.211,341500
18671650.066,341600
18671718.901,341700
18671800.639,341800
18671863.748,341900
18671939.757,342000
18672006.724,342100
18672069.031,342200
18672129.674,342300
18672193.741,342400
18672259.432,342500
18672346.087,342600
18672414.228,342700
18672490.125,342800
18672557.880,342900
18672623.476,343000
18672693.984,343100
18672770.132,343200
18672847.011,343300
18672932.430,343400
18673011.219,343500
18673103.369,343600
18673175.501,343700
18673247.978,343800
18673324.242,343900
18673398.979,344000
18673470.265,344100
18673530.241,344200
18673601.664,344300
18673663.445,344400
18673741.874,344500
18673822.784,344600
18673891.755,344700
18673971.157,344800
18674054.854,344900
18674133.900,345000
18674201.730,345100
18674277.577,345200
18674353.368,345300
18674424.650,345400
18674499.696,345500
18674586.481,345600
18674652.031,345700
18674736.840,345800
18674814.305,345900
18674890.945,346000
18674969.876,346100
18675049.420,346200
18675132.683,346300
18675210.332,346400
18675289.448,346500
18675368.405,346600
18675428.711,346700
18675509.310,346800
18675595.991,346900
18675675.940,347000
18675749.279,347100
18675825.508,347200
18675910.894,347300
18675991.595,347400
18676075.996,347500
18676154.730,347600
18676214.190,347700
18676296.479,347800
18676380.568,347900
18676448.270,348000
18676520.830,348100
18676603.223,348200
18676684.860,348300
18676768.658,348400
18676846.068,348500
18676919.014,348600
18676990.968,348700
18677071.523,348800
18677162.302,348900
18677217.185,349000
18677290.522,349100
18677353.694,349200
18677422.029,349300
18677502.521,349400
18677556.110,349500
18677619.786,349600
18677688.447,349700
18677747.395,349800
18677830.818,349900
18678683.113,350000
18678772.655,350100
18678859.397,350200
18678953.542,350300
18679028.703,350400
18679094.721,350500
18679179.068,350600
18679248.753,350700
18679310.989,350800
18679391.357,350900
18679471.900,351000
18679541.201,351100
18679627.885,351200
18679714.544,351300
18679787.074,351400
18679868.391,351500
18679937.269,351600
18680018.807,351700
18680081.513,351800
18680160.329,351900
18680242.241,352000
18680316.618,352100
18680397.044,352200
18680474.784,352300
18680542.553,352400
18680613.820,352500
18680687.928,352600
18680759.276,352700
18680828.231,352800
18680903.982,352900
18680979.942,353000
18681048.766,353100
18681130.576,353200
18681207.225,353300
18681280.769,353400
18681366.065,353500
18681442.106,353600
18681514.398,353700
18681574.170,353800
18681648.823,353900
18681736.001,354000
18681802.512,354100
18681881.361,354200
18681969.478,354300
18682045.038,354400
18682109.040,354500
18682178.680,354600
18682253.914,354700
18682320.424,354800
18682394.570,354900
18682476.941,355000
18682550.227,355100
18682623.363,355200
18682698.314,355300
18682770.227,355400
18682838.015,355500
18682923.999,355600
18682995.611,355700
18683072.568,355800
18683142.802,355900
18683224.544,356000
18683300.484,356100
18683368.500,356200
18683435.459,356300
18683497.929,356400
18683569.089,356500
18683640.564,356600
18683717.777,356700
18683774.557,356800
18683841.214,356900
18683910.161,357000
18683980.170,357100
18684064.445,357200
18684140.416,357300
18684199.112,357400
18684268.844,357500
18684346.227,357600
18684415.639,357700
18684488.449,357800
18684570.805,357900
18684650.861,358000
18684725.010,358100
18684816.650,358200
18684897.632,358300
18684969.714,358400
18685036.482,358500
18685119.010,358600
18685209.773,358700
18685270.519,358800
18685343.788,358900
18685433.957,359000
18685516.250,359100
18685600.881,359200
18685680.072,359300
18685759.029,359400
18685829.617,359500
18685911.958,359600
18685981.258,359700
18686037.766,359800
18686111.782,359900
18686851.419,360000
18686930.701,360100
18687017.971,360200
18687110.220,360300
18687188.143,360400
18687268.323,360500
18687351.135,360600
18687438.118,360700
18687515.468,360800
18687582.842,360900
18687666.872,361000
18687761.168,361100
18687850.719,361200
18687951.845,361300
18688031.337,361400
18688109.168,361500
18688193.440,361600
18688282.164,361700
18688365.261,361800
18688440.743,361900
18688523.448,362000
18688621.826,362100
18688712.837,362200
18688783.494,362300
18688864.250,362400
18688928.342,362500
18689000.391,362600
18689082.182,362700
18689170.652,362800
18689236.043,362900
18689315.814,363000
18689402.960,363100
18689486.619,363200
18689577.677,363300
18689673.706,363400
18689755.576,363500
18689836.560,363600
18689919.100,363700
18689992.878,363800
18690056.974,363900
18690141.773,364000
18690222.052,364100
18690319.279,364200
18690417.350,364300
18690516.963,364400
18690611.610,364500
18690715.134,364600
18690805.650,364700
18690905.519,364800
18691019.217,364900
18691116.872,365000
18691238.569,365100
18691335.102,365200
18691424.860,365300
18691512.027,365400
18691603.170,365500
18691695.731,365600
18691776.559,365700
18691868.215,365800
18691948.636,365900
18692033.844,366000
18692117.829,366100
18692202.021,366200
18692276.525,366300
18692361.235,366400
18692441.150,366500
18692510.660,366600
18692587.620,366700
18692657.530,366800
18692726.493,366900
18692792.699,367000
18692876.909,367100
18692960.570,367200
18693046.508,367300
18693141.012,367400
18693260.233,367500
18693378.790,367600
18693483.625,367700
18693605.265,367800
18693723.747,367900
18693843.161,368000
18693913.504,368100
18694000.280,368200
18694080.435,368300
18694202.962,368400
18694316.255,368500
18694434.586,368600
18694559.597,368700
18694650.928,368800
18694727.082,368900
18694799.617,369000
18694876.796,369100
18694948.607,369200
18695039.083,369300
18695108.578,369400
18695194.488,369500
18695282.980,369600
18695358.764,369700
18695442.942,369800
18695526.287,369900
18696340.149,370000
18696418.068,370100
18696511.304,370200
18696594.771,370300
18696676.483,370400
18696762.131,370500
18696841.923,370600
18696913.149,370700
18696999.008,370800
18697070.147,370900
18697146.526,371000
18697221.448,371100
18697306.299,371200
18697384.860,371300
18697472.923,371400
18697561.197,371500
18697635.250,371600
18697715.664,371700
18697799.136,371800
18697878.528,371900
18697957.957,372000
18698028.254,372100
18698095.504,372200
18698173.043,372300
18698243.116,372400
18698337.395,372500
18698416.832,372600
18698521.682,372700
18698620.219,372800
18698701.791,372900
18698766.637,373000
18698841.931,373100
18698928.079,373200
18699000.972,373300
18699089.361,373400
18699171.409,373500
18699271.397,373600
18699358.810,373700
18699446.984,373800
18699528.575,373900
18699616.939,374000
18699719.616,374100
18699805.065,374200
18699891.618,374300
18699984.200,374400
18700078.416,374500
18700173.242,374600
18700269.029,374700
18700359.121,374800
18700463.499,374900
18700562.928,375000
18700657.008,375100
18700735.761,375200
18700813.740,375300
18700910.105,375400
18701007.082,375500
18701094.233,375600
18701189.531,375700
18701269.430,375800
18701342.386,375900
18701429.274,376000
18701506.462,376100
18701586.516,376200
18701672.383,376300
18701744.102,376400
18701842.613,376500
18701926.109,376600
18702007.584,376700
18702101.841,376800
18702191.525,376900
18702263.466,377000
18702350.426,377100
18702441.172,377200
18702520.485,377300
18702585.187,377400
18702666.262,377500
18702748.594,377600
18702824.615,377700
18702921.609,377800
18703022.696,377900
18703119.458,378000
18703212.416,378100
18703319.587,378200
18703417.043,378300
18703505.344,378400
18703598.860,378500
18703693.658,378600
18703784.413,378700
18703875.449,378800
18703969.575,378900
18704062.328,379000
18704155.196,379100
18704244.316,379200
18704350.132,379300
18704473.006,379400
18704567.295,379500
18704645.325,379600
18704744.449,379700
18704851.058,379800
18704946.121,379900
18706049.256,380000
18706161.572,380100
18706256.511,380200
18706370.587,380300
18706468.261,380400
18706548.052,380500
18706651.107,380600
18706748.462,380700
18706841.834,380800
18706942.866,380900
18707040.043,381000
18707141.612,381100
18707244.932,381200
18707336.745,381300
18707431.163,381400
18707521.662,381500
18707619.277,381600
18707714.660,381700
18707815.152,381800
18707924.040,381900
18708032.759,382000
18708164.487,382100
18708275.732,382200
18708386.601,382300
18708487.350,382400
18708579.392,382500
18708673.794,382600
18708772.544,382700
18708875.800,382800
18708962.723,382900
18709075.404,383000
18709163.263,383100
18709256.091,383200
18709347.384,383300
18709425.490,383400
18709522.523,383500
18709613.863,383600
18709701.255,383700
18709788.001,383800
18709877.791,383900
18709960.796,384000
18710076.212,384100
18710174.609,384200
18710259.675,384300
18710356.126,384400
18710450.395,384500
18710529.702,384600
18710612.672,384700
18710684.460,384800
18710770.254,384900
18710856.704,385000
18710938.603,385100
18711031.742,385200
18711124.690,385300
18711210.285,385400
18711310.089,385500
18711407.198,385600
18711510.931,385700
18711604.764,385800
18711685.402,385900
18711791.437,386000
18711887.411,386100
18711976.402,386200
18712081.126,386300
18712170.919,386400
18712271.623,386500
18712374.229,386600
18712468.156,386700
18712569.814,386800
18712662.538,386900
18712755.578,387000
18712860.308,387100
18712961.580,387200
18713071.078,387300
18713165.587,387400
18713272.206,387500
18713368.377,387600
18713460.875,387700
18713547.965,387800
18713648.508,387900
18713762.472,388000
18713864.238,388100
18713976.801,388200
18714079.998,388300
18714183.963,388400
18714277.040,388500
18714382.371,388600
18714484.244,388700
18714592.906,388800
18714697.353,388900
18714799.498,389000
18714899.911,389100
18715012.553,389200
18715111.396,389300
18715211.938,389400
18715324.747,389500
18715445.584,389600
18715562.732,389700
18715667.188,389800
18715775.768,389900
18716755.711,390000
18716879.533,390100
18716971.702,390200
18717075.181,390300
18717166.663,390400
18717257.966,390500
18717354.162,390600
18717461.364,390700
18717561.755,390800
18717660.740,390900
18717755.273,391000
18717855.451,391100
18717949.369,391200
18718034.584,391300
18718133.545,391400
18718230.512,391500
18718332.748,391600
18718416.194,391700
18718517.459,391800
18718620.362,391900
18718722.586,392000
18718819.842,392100
18718929.884,392200
18719024.640,392300
18719115.285,392400
18719216.519,392500
18719309.345,392600
18719399.573,392700
18719497.074,392800
18719602.029,392900
18719696.351,393000
18719802.873,393100
18719903.097,393200
18720013.122,393300
18720130.788,393400
18720243.358,393500
18720352.165,393600
18720462.706,393700
18720568.616,393800
18720668.251,393900
18720776.627,394000
18720907.913,394100
18721052.632,394200
18721173.736,394300
18721287.903,394400
18721390.721,394500
18721490.141,394600
18721584.979,394700
18721668.576,394800
18721767.410,394900
18721867.380,395000
18721977.027,395100
18722088.620,395200
18722199.508,395300
18722315.679,395400
18722419.469,395500
18722510.610,395600
18722630.954,395700
18722720.217,395800
18722811.371,395900
18722896.169,396000
18722999.949,396100
18723124.455,396200
18723238.971,396300
18723358.025,396400
18723467.746,396500
18723562.391,396600
18723662.610,396700
18723755.416,396800
18723862.535,396900
18723960.008,397000
18724056.807,397100
18724169.643,397200
18724273.765,397300
18724383.890,397400
18724498.145,397500
18724605.657,397600
18724699.156,397700
18724816.762,397800
18724919.873,397900
18725018.327,398000
18725115.844,398100
18725225.624,398200
18725327.150,398300
18725430.749,398400
18725530.943,398500
18725646.473,398600
18725746.586,398700
18725878.113,398800
18725995.540,398900
18726090.879,399000
18726189.380,399100
18726307.679,399200
18726422.735,399300
18726535.893,399400
18726659.756,399500
18726783.720,399600
18726914.023,399700
18727035.849,399800
18727156.166,399900
18728604.156,400000
18728783.332,400100
18728923.534,400200
18729036.225,400300
18729139.505,400400
18729277.011,400500
18729414.906,400600
18729543.669,400700
18729674.443,400800
18729789.050,400900
18729921.020,401000
18730047.682,401100
18730154.875,401200
18730282.477,401300
18730381.911,401400
18730493.367,401500
18730595.544,401600
18730713.938,401700
18730820.449,401800
18730951.849,401900
18731063.973,402000
18731168.400,402100
18731266.921,402200
18731361.384,402300
18731453.686,402400
18731553.052,402500
18731660.563,402600
18731777.181,402700
18731878.944,402800
18731972.530,402900
18732076.953,403000
18732189.164,403100
18732288.238,403200
18732402.358,403300
18732503.524,403400
18732598.711,403500
18732709.437,403600
18732817.760,403700
18732924.463,403800
18733030.783,403900
18733131.637,404000
18733236.463,404100
18733332.794,404200
18733431.648,404300
18733536.025,404400
18733627.968,404500
18733731.673,404600
18733847.318,404700
18733940.387,404800
18734087.389,404900
18734202.972,405000
18734315.342,405100
18734431.917,405200
18734537.337,405300
18734661.385,405400
18734791.870,405500
18734896.255,405600
18734994.205,405700
18735098.156,405800
18735209.761,405900
18735311.387,406000
18735421.126,406100
18735528.253,406200
18735625.406,406300
18735730.498,406400
18735821.985,406500
18735913.663,406600
18736008.983,406700
18736111.843,406800
18736223.220,406900
18736338.068,407000
18736435.031,407100
18736540.796,407200
18736644.241,407300
18736742.010,407400
18736849.694,407500
18736950.845,407600
18737045.578,407700
18737150.355,407800
18737266.174,407900
18737362.252,408000
18737472.768,408100
18737583.540,408200
18737683.445,408300
18737793.890,408400
18737902.072,408500
18737999.906,408600
18738103.478,408700
18738219.082,408800
18738344.608,408900
18738448.665,409000
18738569.082,409100
18738691.943,409200
18738818.805,409300
18738945.971,409400
18739063.224,409500
18739182.761,409600
18739280.608,409700
18739386.522,409800
18739497.959,409900
18740650.694,410000
18740797.902,410100
18740917.174,410200
18741042.864,410300
18741166.699,410400
18741273.736,410500
18741390.093,410600
18741488.856,410700
18741580.616,410800
18741686.422,410900
18741791.126,411000
18741894.450,411100
18742007.589,411200
18742117.822,411300
18742236.949,411400
18742345.975,411500
18742454.713,411600
18742567.990,411700
18742679.334,411800
18742794.227,411900
18742912.549,412000
18743035.655,412100
18743150.563,412200
18743270.029,412300
18743397.186,412400
18743517.016,412500
18743628.018,412600
18743744.009,412700
18743860.466,412800
18743948.461,412900
18744044.567,413000
18744129.250,413100
18744248.126,413200
18744364.011,413300
18744490.483,413400
18744602.135,413500
18744723.090,413600
18744852.044,413700
18744975.295,413800
18745078.935,413900
18745196.238,414000
18745321.060,414100
18745433.477,414200
18745557.809,414300
18745670.166,414400
18745794.256,414500
18745904.589,414600
18746017.269,414700
18746138.605,414800
18746230.606,414900
18746334.875,415000
18746445.316,415100
18746559.851,415200
18746669.445,415300
18746785.385,415400
18746888.690,415500
18747000.064,415600
18747124.960,415700
18747232.417,415800
18747337.239,415900
18747456.160,416000
18747583.235,416100
18747712.626,416200
18747843.820,416300
18747972.751,416400
18748106.295,416500
18748229.861,416600
18748369.654,416700
18748495.737,416800
18748609.030,416900
18748713.842,417000
18748822.064,417100
18748925.557,417200
18749052.172,417300
18749174.763,417400
18749302.313,417500
18749432.065,417600
18749558.922,417700
18749687.828,417800
18749798.635,417900
18749909.959,418000
18750028.625,418100
18750129.133,418200
18750250.972,418300
18750357.802,418400
18750471.875,418500
18750577.342,418600
18750692.117,418700
18750785.441,418800
18750904.495,418900
18751008.174,419000
18751099.809,419100
18751207.093,419200
18751311.648,419300
18751434.179,419400
18751539.285,419500
18751648.354,419600
18751767.262,419700
18751886.763,419800
18751994.293,419900
18753152.293,420000
18753258.670,420100
18753369.666,420200
18753489.262,420300
18753605.112,420400
18753729.470,420500
18753856.591,420600
18753967.841,420700
18754094.225,420800
18754210.516,420900
18754319.348,421000
18754436.031,421100
18754551.591,421200
18754672.311,421300
18754784.609,421400
18754902.481,421500
18755008.467,421600
18755121.014,421700
18755233.593,421800
18755355.469,421900
18755462.952,422000
18755567.568,422100
18755682.915,422200
18755800.285,422300
18755921.760,422400
18756047.765,422500
18756170.584,422600
18756279.112,422700
18756392.734,422800
18756506.508,422900
18756627.760,423000
18756749.117,423100
18756871.686,423200
18756972.725,423300
18757098.583,423400
18757208.790,423500
18757316.345,423600
18757426.013,423700
18757526.150,423800
18757634.832,423900
18757732.443,424000
18757839.648,424100
18757945.029,424200
18758060.071,424300
18758161.352,424400
18758279.763,424500
18758390.756,424600
18758511.192,424700
18758626.751,424800
18758737.804,424900
18758835.535,425000
18758945.291,425100
18759044.591,425200
18759140.679,425300
18759259.819,425400
18759377.447,425500
18759502.499,425600
18759618.946,425700
18759737.852,425800
18759850.641,425900
18759952.299,426000
18760062.251,426100
18760159.175,426200
18760264.044,426300
18760378.934,426400
18760484.462,426500
18760609.098,426600
18760726.402,426700
18760827.347,426800
18760951.323,426900
18761071.423,427000
18761176.159,427100
18761266.823,427200
18761362.876,427300
18761471.097,427400
18761588.248,427500
18761702.970,427600
18761828.678,427700
18761936.715,427800
18762050.856,427900
18762155.359,428000
18762262.372,428100
18762372.689,428200
18762465.617,428300
18762576.508,428400
18762695.577,428500
18762812.499,428600
18762920.412,428700
18763025.245,428800
18763148.543,428900
18763259.805,429000
18763366.101,429100
18763466.672,429200
18763562.350,429300
18763661.724,429400
18763764.456,429500
18763885.285,429600
18763989.368,429700
18764095.389,429800
18764196.804,429900
18765481.849,430000
18765602.670,430100
18765729.407,430200
18765853.399,430300
18765962.452,430400
18766082.451,430500
18766206.621,430600
18766323.861,430700
18766438.807,430800
18766551.912,430900
18766661.365,431000
18766779.959,431100
18766904.336,431200
18767002.357,431300
18767083.091,431400
18767175.772,431500
18767278.457,431600
18767398.303,431700
18767517.458,431800
18767623.817,431900
18767746.755,432000
18767862.229,432100
18767985.945,432200
18768091.885,432300
18768192.927,432400
18768289.315,432500
18768409.845,432600
18768532.214,432700
18768641.271,432800
18768763.141,432900
18768874.130,433000
18768985.768,433100
18769112.217,433200
18769224.464,433300
18769329.990,433400
18769442.868,433500
18769538.975,433600
18769644.499,433700
18769759.488,433800
18769882.061,433900
18770012.895,434000
18770128.360,434100
18770249.855,434200
18770374.704,434300
18770504.779,434400
18770608.604,434500
18770717.972,434600
18770836.069,434700
18770957.602,434800
18771067.288,434900
18771181.297,435000
18771307.878,435100
18771435.176,435200
18771549.491,435300
18771650.007,435400
18771774.961,435500
18771894.044,435600
18772039.708,435700
18772186.830,435800
18772329.741,435900
18772500.894,436000
18772654.990,436100
18772793.962,436200
18772909.678,436300
18773027.287,436400
18773150.891,436500
18773249.931,436600
18773347.177,436700
18773475.258,436800
18773601.637,436900
18773739.881,437000
18773866.420,437100
18773988.588,437200
18774117.692,437300
18774247.991,437400
18774367.447,437500
18774470.317,437600
18774590.538,437700
18774709.246,437800
18774830.343,437900
18774963.390,438000
18775099.088,438100
18775217.995,438200
18775339.759,438300
18775451.047,438400
18775562.130,438500
18775679.861,438600
18775782.303,438700
18775909.085,438800
18776020.576,438900
18776154.498,439000
18776405.272,439100
18776640.780,439200
18776784.199,439300
18776907.811,439400
18777048.033,439500
18777179.631,439600
18777300.911,439700
18777431.954,439800
18777577.421,439900
18779854.491,440000
18780007.180,440100
18780159.755,440200
18780320.067,440300
18780466.668,440400
18780618.165,440500
18780756.970,440600
18780906.083,440700
18781033.811,440800
18781174.633,440900
18781306.146,441000
18781442.531,441100
18781576.362,441200
18781704.976,441300
18781834.664,441400
18781985.558,441500
18782129.984,441600
18782263.477,441700
18782388.299,441800
18782516.174,441900
18782653.148,442000
18782787.330,442100
18782935.646,442200
18783069.261,442300
18783212.952,442400
18783342.736,442500
18783479.491,442600
18783611.370,442700
18783745.866,442800
18783860.793,442900
18783971.952,443000
18784080.698,443100
18784217.125,443200
18784333.798,443300
18784464.521,443400
18784592.771,443500
18784730.319,443600
18784860.883,443700
18784996.882,443800
18785117.381,443900
18785230.190,444000
18785368.601,444100
18785495.419,444200
18785634.549,444300
18785761.026,444400
18785896.000,444500
18786025.501,444600
18786152.088,444700
18786282.079,444800
18786410.497,444900
18786522.262,445000
18786626.660,445100
18786747.959,445200
18786875.108,445300
18787012.261,445400
18787132.007,445500
18787267.103,445600
18787401.804,445700
18787529.153,445800
18787661.040,445900
18787785.044,446000
18787892.045,446100
18788010.054,446200
18788153.235,446300
18788276.975,446400
18788412.715,446500
18788553.848,446600
18788704.553,446700
18788846.407,446800
18788979.678,446900
18789121.463,447000
18789267.757,447100
18789392.567,447200
18789514.436,447300
18789653.977,447400
18789792.086,447500
18789922.408,447600
18790063.214,447700
18790189.653,447800
18790311.525,447900
18790433.533,448000
18790552.833,448100
18790677.872,448200
18790790.132,448300
18790907.234,448400
18791014.805,448500
18791142.853,448600
18791279.036,448700
18791408.194,448800
18791546.294,448900
18791665.155,449000
18791788.841,449100
18791902.812,449200
18792008.407,449300
18792128.995,449400
18792233.235,449500
18792342.605,449600
18792486.755,449700
18792642.711,449800
18792794.996,449900
18795351.612,450000
18795515.555,450100
18795674.633,450200
18795807.791,450300
18795956.505,450400
18796124.262,450500
18796271.283,450600
18796427.147,450700
18796587.305,450800
18796735.592,450900
18796873.539,451000
18797012.239,451100
18797151.148,451200
18797297.823,451300
18797451.532,451400
18797593.527,451500
18797738.171,451600
18797883.780,451700
18798030.940,451800
18798173.207,451900
18798320.037,452000
18798460.023,452100
18798590.997,452200
18798724.620,452300
18798865.619,452400
18799010.295,452500
18799142.669,452600
18799266.837,452700
18799393.342,452800
18799528.471,452900
18799642.423,453000
18799779.543,453100
18799911.895,453200
18800047.825,453300
18800181.917,453400
18800313.126,453500
18800448.083,453600
18800591.684,453700
18800726.375,453800
18800863.109,453900
18800998.078,454000
18801136.377,454100
18801271.726,454200
18801404.253,454300
18801537.700,454400
18801674.827,454500
18801812.945,454600
18801953.962,454700
18802079.232,454800
18802208.247,454900
18802338.707,455000
18802474.155,455100
18802606.052,455200
18802741.001,455300
18802878.222,455400
18803010.639,455500
18803146.905,455600
18803280.650,455700
18803413.915,455800
18803556.847,455900
18803691.937,456000
18803835.656,456100
18803968.492,456200
18804104.522,456300
18804242.254,456400
18804382.779,456500
18804523.312,456600
18804670.159,456700
18804812.777,456800
18804938.008,456900
18805074.297,457000
18805211.657,457100
18805347.422,457200
18805485.606,457300
18805622.843,457400
18805763.494,457500
18805900.954,457600
18806038.799,457700
18806187.447,457800
18806328.315,457900
18806459.982,458000
18806599.087,458100
18806744.869,458200
18806878.210,458300
18807018.684,458400
18807156.665,458500
18807293.937,458600
18807426.108,458700
18807552.857,458800
18807684.636,458900
18807808.796,459000
18807912.260,459100
18808032.116,459200
18808174.993,459300
18808308.431,459400
18808450.617,459500
18808588.118,459600
18808725.989,459700
18808865.413,459800
18809005.630,459900
18814046.489,460000
18814205.062,460100
18814343.393,460200
18814489.342,460300
18814640.757,460400
18814793.307,460500
18814939.834,460600
18815088.229,460700
18815238.855,460800
18815381.811,460900
18815511.799,461000
18815645.477,461100
18815795.850,461200
18815934.852,461300
18816073.842,461400
18816215.963,461500
18816355.670,461600
18816503.518,461700
18816646.582,461800
18816789.475,461900
18816928.082,462000
18817062.291,462100
18817200.664,462200
18817325.342,462300
18817466.963,462400
18817608.036,462500
18817747.591,462600
18817881.765,462700
18818025.456,462800
18818161.405,462900
18818302.867,463000
18818442.065,463100
18818571.922,463200
18818704.598,463300
18818836.976,463400
18818976.170,463500
18819112.291,463600
18819252.865,463700
18819383.972,463800
18819527.645,463900
18819677.535,464000
18819815.224,464100
18819956.360,464200
18820106.935,464300
18820245.429,464400
18820384.615,464500
18820530.347,464600
18820668.299,464700
18820812.202,464800
18820946.261,464900
18821085.311,465000
18821230.732,465100
18821366.887,465200
18821507.946,465300
18821651.157,465400
18821796.232,465500
18821940.665,465600
18822080.609,465700
18822216.442,465800
18822362.276,465900
18822498.459,466000
18822643.251,466100
18822788.230,466200
18822931.416,466300
18823080.172,466400
18823224.182,466500
18823358.844,466600
18823491.552,466700
18823630.837,466800
18823771.915,466900
18823916.244,467000
18824058.127,467100
18824201.838,467200
18824354.510,467300
18824505.994,467400
18824657.572,467500
18824804.882,467600
18824959.060,467700
18825108.287,467800
18825247.545,467900
18825392.980,468000
18825539.950,468100
18825691.890,468200
18825843.725,468300
18825998.468,468400
18826155.940,468500
18826315.012,468600
18826471.440,468700
18826616.355,468800
18826752.589,468900
18826899.638,469000
18827046.192,469100
18827196.409,469200
18827343.916,469300
18827489.981,469400
18827643.084,469500
18827787.656,469600
18827930.178,469700
18828078.546,469800
18828215.053,469900
18833675.394,470000
18833834.700,470100
18834002.653,470200
18834165.912,470300
18834324.876,470400
18834482.471,470500
18834641.467,470600
18834806.783,470700
18834959.018,470800
18835117.683,470900
18835270.498,471000
18835426.494,471100
18835582.903,471200
18835732.891,471300
18835891.828,471400
18836043.936,471500
18836199.300,471600
18836343.358,471700
18836502.239,471800
18836660.461,471900
18836820.675,472000
18836976.365,472100
18837128.249,472200
18837282.971,472300
18837429.515,472400
18837581.734,472500
18837726.635,472600
18837872.602,472700
18838026.299,472800
18838168.997,472900
18838317.057,473000
18838465.715,473100
18838616.413,473200
18838761.769,473300
18838910.987,473400
18839059.487,473500
18839209.251,473600
18839353.804,473700
18839479.380,473800
18839598.774,473900
18839719.849,474000
18839858.933,474100
18839993.882,474200
18840129.831,474300
18840267.702,474400
18840398.924,474500
18840547.370,474600
18840695.865,474700
18840824.426,474800
18840953.014,474900
18841080.467,475000
18841195.165,475100
18841332.171,475200
18841470.025,475300
18841609.952,475400
18841737.974,475500
18841882.357,475600
18842020.821,475700
18842153.553,475800
18842311.021,475900
18842456.498,476000
18842590.537,476100
18842733.799,476200
18842895.029,476300
18843046.846,476400
18843199.950,476500
18843349.040,476600
18843466.242,476700
18843616.322,476800
18843756.927,476900
18843897.813,477000
18844038.583,477100
18844134.052,477200
18844279.467,477300
18844420.773,477400
18844571.131,477500
18844723.940,477600
18844867.621,477700
18845017.139,477800
18845174.582,477900
18845314.244,478000
18845466.867,478100
18845629.088,478200
18845768.340,478300
18845920.040,478400
18846077.065,478500
18846191.065,478600
18846349.101,478700
18846508.470,478800
18846650.668,478900
18846799.770,479000
18846949.720,479100
18847088.871,479200
18847221.647,479300
18847359.260,479400
18847492.083,479500
18847654.678,479600
18847807.822,479700
18847957.491,479800
18848111.860,479900
18855381.609,480000
18855548.912,480100
18855707.837,480200
18855873.330,480300
18856041.310,480400
18856197.941,480500
18856360.945,480600
18856522.002,480700
18856670.897,480800
18856831.103,480900
18856987.950,481000
18857135.045,481100
18857284.385,481200
18857436.777,481300
18857590.845,481400
18857745.292,481500
18857895.536,481600
18858053.588,481700
18858197.998,481800
18858345.228,481900
18858477.703,482000
18858620.652,482100
18858783.115,482200
18858937.711,482300
18859078.832,482400
18859232.974,482500
18859374.763,482600
18859525.135,482700
18859682.896,482800
18859835.747,482900
18859979.079,483000
18860116.357,483100
18860260.337,483200
18860378.204,483300
18860500.829,483400
18860635.682,483500
18860782.053,483600
18860906.595,483700
18861022.844,483800
18861177.477,483900
18861298.091,484000
18861454.408,484100
18861585.011,484200
18861713.128,484300
18861844.575,484400
18861955.512,484500
18862097.008,484600
18862223.564,484700
18862348.413,484800
18862470.486,484900
18862581.635,485000
18862707.590,485100
18862809.807,485200
18862967.482,485300
18863089.969,485400
18863237.296,485500
18863353.693,485600
18863450.004,485700
18863576.284,485800
18863716.180,485900
18863878.833,486000
18864022.642,486100
18864175.937,486200
18864303.151,486300
18864426.529,486400
18864551.713,486500
18864670.373,486600
18864779.591,486700
18864883.147,486800
18865021.922,486900
18865168.481,487000
18865322.414,487100
18865442.827,487200
18865592.007,487300
18865726.851,487400
18865862.616,487500
18865980.882,487600
18866099.548,487700
18866258.755,487800
18866425.885,487900
18866582.474,488000
18866707.998,488100
18866854.650,488200
18866976.816,488300
18867131.907,488400
18867275.457,488500
18867419.569,488600
18867543.400,488700
18867667.960,488800
18867788.378,488900
18867932.761,489000
18868077.559,489100
18868234.940,489200
18868388.790,489300
18868544.390,489400
18868688.993,489500
18868844.410,489600
18868999.975,489700
18869154.333,489800
18869311.604,489900
18877865.066,490000
18878109.777,490100
18878280.867,490200
18878440.018,490300
18878599.677,490400
18878746.601,490500
18878906.725,490600
18879068.636,490700
18879220.865,490800
18879383.310,490900
18879543.177,491000
18879684.928,491100
18879834.162,491200
18879994.855,491300
18880163.544,491400
18880345.338,491500
18880513.021,491600
18880674.451,491700
18880816.642,491800
18880932.064,491900
18881096.642,492000
18881260.928,492100
18881424.210,492200
18881591.571,492300
18881753.326,492400
18881907.592,492500
18882069.201,492600
18882231.988,492700
18882398.261,492800
18882559.559,492900
18882729.836,493000
18882890.812,493100
18883047.143,493200
18883218.204,493300
18883384.639,493400
18883540.830,493500
18883708.324,493600
18883870.865,493700
18884027.112,493800
18884186.279,493900
18884353.639,494000
18884530.791,494100
18884690.035,494200
18884852.773,494300
18885011.391,494400
18885175.415,494500
18885335.638,494600
18885500.141,494700
18885668.029,494800
18885837.482,494900
18886008.238,495000
18886176.846,495100
18886350.644,495200
18886512.702,495300
18886671.937,495400
18886834.484,495500
18886992.815,495600
18887159.928,495700
18887333.861,495800
18887496.097,495900
18887662.438,496000
18887830.870,496100
18887999.196,496200
18888174.279,496300
18888339.232,496400
18888512.690,496500
18888685.679,496600
18888853.168,496700
18889026.887,496800
18889193.482,496900
18889368.139,497000
18889533.516,497100
18889702.802,497200
18889873.365,497300
18890028.120,497400
18890206.315,497500
18890387.368,497600
18890567.434,497700
18890742.260,497800
18890917.756,497900
18891090.104,498000
18891265.148,498100
18891458.757,498200
18891642.937,498300
18891826.241,498400
18892014.480,498500
18892321.725,498600
18892537.621,498700
18892732.113,498800
18892911.922,498900
18893088.816,499000
18893265.592,499100
18893445.585,499200
18893614.638,499300
18893795.342,499400
18893965.548,499500
18894142.901,499600
18894313.092,499700
18894488.204,499800
18894666.521,499900
18901965.765,500000
18902164.768,500100
18902349.744,500200
18902535.655,500300
18902713.846,500400
18902892.571,500500
18903073.319,500600
18903251.427,500700
18903430.347,500800
18903619.752,500900
18903806.488,501000
18903992.986,501100
18904174.182,501200
18904361.662,501300
18904556.750,501400
18904738.125,501500
18904928.750,501600
18905111.273,501700
18905296.096,501800
18905489.636,501900
18905674.342,502000
18905861.026,502100
18906035.256,502200
18906214.049,502300
18906396.320,502400
18906580.985,502500
18906762.788,502600
18906941.357,502700
18907125.331,502800
18907301.145,502900
18907480.975,503000
18907657.043,503100
18907829.278,503200
18907998.868,503300
18908177.215,503400
18908359.021,503500
18908535.417,503600
18908716.423,503700
18908894.325,503800
18909070.952,503900
18909246.834,504000
18909417.089,504100
18909601.635,504200
18909771.743,504300
18909945.531,504400
18910107.682,504500
18910284.059,504600
18910467.806,504700
18910644.549,504800
18910814.971,504900
18911002.536,505000
18911195.026,505100
18911372.941,505200
18911563.816,505300
18911742.566,505400
18911922.673,505500
18912098.195,505600
18912271.959,505700
18912459.018,505800
18912632.172,505900
18912806.506,506000
18912994.368,506100
18913171.019,506200
18913346.804,506300
18913530.749,506400
18913705.700,506500
18913881.747,506600
18914047.248,506700
18914211.861,506800
18914376.890,506900
18914540.443,507000
18914703.304,507100
18914882.299,507200
18915058.498,507300
18915228.077,507400
18915395.496,507500
18915540.367,507600
18915710.581,507700
18915872.612,507800
18916083.336,507900
18916287.878,508000
18916498.875,508100
18916719.492,508200
18916934.530,508300
18917158.569,508400
18917369.390,508500
18917572.796,508600
18917811.408,508700
18918036.943,508800
18918261.015,508900
18918489.051,509000
18918710.033,509100
18918940.429,509200
18919148.963,509300
18919333.647,509400
18919538.156,509500
18919765.718,509600
18919976.874,509700
18920191.442,509800
18920397.593,509900
18932845.583,510000
18933090.931,510100
18933273.094,510200
18933446.190,510300
18933606.393,510400
18933789.754,510500
18933983.673,510600
18934176.202,510700
18934344.309,510800
18934469.045,510900
18934625.673,511000
18934817.262,511100
18934989.486,511200
18935153.300,511300
18935371.905,511400
18935556.570,511500
18935701.464,511600
18935872.900,511700
18936094.323,511800
18936321.951,511900
18936544.087,512000
18936772.766,512100
18936976.946,512200
18937202.474,512300
18937416.131,512400
18937641.254,512500
18937862.527,512600
18938093.949,512700
18938289.632,512800
18938496.211,512900
18938729.369,513000
18938950.383,513100
18939160.632,513200
18939304.346,513300
18939491.119,513400
18939622.688,513500
18939758.170,513600
18939905.825,513700
18940023.328,513800
18940131.999,513900
18940241.444,514000
18940345.761,514100
18940465.521,514200
18940600.508,514300
18940730.772,514400
18940842.452,514500
18940986.084,514600
18941119.037,514700
18941271.452,514800
18941400.650,514900
18941512.256,515000
18941609.582,515100
18941725.396,515200
18941868.783,515300
18941984.955,515400
18942108.729,515500
18942250.785,515600
18942360.253,515700
18942474.938,515800
18942587.169,515900
18942705.084,516000
18942794.221,516100
18942897.296,516200
18942998.887,516300
18943104.134,516400
18943238.773,516500
18943357.081,516600
18943475.483,516700
18943593.982,516800
18943718.837,516900
18943844.637,517000
18943947.346,517100
18944039.737,517200
18944137.409,517300
18944246.091,517400
18944367.489,517500
18944492.948,517600
18944588.680,517700
18944720.906,517800
18944855.240,517900
18944966.939,518000
18945100.937,518100
18945215.298,518200
18945336.793,518300
18945460.155,518400
18945635.997,518500
18945777.093,518600
18945910.333,518700
18946024.486,518800
18946133.725,518900
18946258.051,519000
18946372.202,519100
18946532.824,519200
18946654.769,519300
18946745.656,519400
18946855.681,519500
18946988.134,519600
18947135.194,519700
18947290.626,519800
18947466.469,519900
18955324.088,520000
18955504.866,520100
18955669.468,520200
18955832.015,520300
18955941.197,520400
18956072.842,520500
18956209.474,520600
18956335.845,520700
18956475.429,520800
18956613.629,520900
18956756.735,521000
18956922.344,521100
18957077.130,521200
18957225.912,521300
18957359.121,521400
18957487.301,521500
18957616.595,521600
18957779.143,521700
18957942.020,521800
18958069.852,521900
18958198.494,522000
18958329.196,522100
18958484.122,522200
18958656.661,522300
18958774.277,522400
18958872.073,522500
18959002.976,522600
18959160.332,522700
18959281.685,522800
18959416.881,522900
18959543.047,523000
18959657.305,523100
18959846.681,523200
18959993.480,523300
18960102.504,523400
18960213.784,523500
18960323.327,523600
18960454.133,523700
18960580.232,523800
18960714.040,523900
18960848.410,524000
18960977.023,524100
18961112.394,524200
18961205.191,524300
18961339.143,524400
18961448.334,524500
18961533.392,524600
18961634.900,524700
18961747.538,524800
18961884.391,524900
18962025.443,525000
18962148.598,525100
18962272.017,525200
18962396.769,525300
18962514.492,525400
18962657.928,525500
18962754.650,525600
18962876.233,525700
18962996.738,525800
18963168.040,525900
18963330.479,526000
18963451.734,526100
18963616.529,526200
18963767.698,526300
18963945.566,526400
18964116.807,526500
18964265.027,526600
18964377.278,526700
18964503.632,526800
18964631.334,526900
18964757.377,527000
18964893.613,527100
18965075.564,527200
18965210.776,527300
18965353.487,527400
18965484.215,527500
18965625.755,527600
18965722.623,527700
18965822.281,527800
18965910.888,527900
18966018.898,528000
18966146.568,528100
18966267.765,528200
18966452.025,528300
18966629.323,528400
18966758.590,528500
18966881.387,528600
18966992.497,528700
18967119.851,528800
18967227.927,528900
18967317.424,529000
18967416.580,529100
18967556.521,529200
18967725.483,529300
18967891.923,529400
18968060.519,529500
18968184.250,529600
18968313.139,529700
18968438.942,529800
18968589.267,529900
18980187.397,530000
18980336.276,530100
18980481.506,530200
18980674.604,530300
18980853.326,530400
18981001.200,530500
18981137.661,530600
18981259.371,530700
18981392.065,530800
18981499.458,530900
18981608.817,531000
18981727.274,531100
18981888.334,531200
18982050.310,531300
18982214.533,531400
18982378.505,531500
18982596.076,531600
18982826.182,531700
18983028.551,531800
18983264.562,531900
18983420.445,532000
18983546.587,532100
18983713.215,532200
18983850.074,532300
18984015.986,532400
18984185.659,532500
18984326.100,532600
18984455.610,532700
18984585.991,532800
18984727.761,532900
18984863.792,533000
18984949.873,533100
18985056.890,533200
18985183.294,533300
18985335.847,533400
18985489.649,533500
18985632.509,533600
18985783.336,533700
18985914.059,533800
18986060.421,533900
18986204.657,534000
18986337.310,534100
18986438.923,534200
18986542.015,534300
18986677.246,534400
18986823.052,534500
18986987.377,534600
18987130.509,534700
18987278.301,534800
18987428.893,534900
18987561.254,535000
18987689.141,535100
18987798.162,535200
18987896.991,535300
18988000.778,535400
18988152.014,535500
18988301.892,535600
18988454.320,535700
18988582.823,535800
18988711.230,535900
18988854.363,536000
18988985.064,536100
18989116.219,536200
18989226.438,536300
18989326.002,536400
18989438.951,536500
18989571.887,536600
18989709.464,536700
18989863.336,536800
18989984.441,536900
18990118.823,537000
18990263.105,537100
18990393.774,537200
18990516.858,537300
18990623.841,537400
18990721.392,537500
18990841.563,537600
18990986.376,537700
18991099.179,537800
18991229.846,537900
18991362.628,538000
18991469.345,538100
18991609.618,538200
18991743.712,538300
18991852.179,538400
18991966.181,538500
18992084.516,538600
18992195.685,538700
18992345.513,538800
18992502.568,538900
18992645.685,539000
18992793.419,539100
18992911.540,539200
18993049.645,539300
18993191.277,539400
18993304.773,539500
18993425.307,539600
18993541.775,539700
18993660.004,539800
18993809.948,539900
18999231.582,540000
18999409.030,540100
18999551.665,540200
18999697.898,540300
18999866.204,540400
18999983.994,540500
19000109.624,540600
19000225.627,540700
19000357.429,540800
19000524.289,540900
19000686.215,541000
19000807.136,541100
19000940.161,541200
19001088.885,541300
19001225.524,541400
19001377.953,541500
19001505.153,541600
19001614.784,541700
19001748.311,541800
19001886.040,541900
19002038.930,542000
19002167.110,542100
19002299.187,542200
19002437.175,542300
19002598.315,542400
19002738.699,542500
19002858.548,542600
19002973.423,542700
19003086.841,542800
19003225.263,542900
19003340.956,543000
19003475.495,543100
19003614.027,543200
19003752.522,543300
19003891.418,543400
19004040.899,543500
19004152.025,543600
19004269.909,543700
19004387.417,543800
19004500.590,543900
19004657.343,544000
19004821.469,544100
19004949.855,544200
19005095.722,544300
19005234.071,544400
19005355.098,544500
19005511.265,544600
19005636.263,544700
19005757.302,544800
19005902.337,544900
19006064.650,545000
19006214.803,545100
19006358.071,545200
19006501.608,545300
19006646.532,545400
19006810.388,545500
19006954.307,545600
19007105.812,545700
19007252.906,545800
19007410.287,545900
19007560.024,546000
19007726.055,546100
19007897.330,546200
19008046.591,546300
19008206.082,546400
19008366.776,546500
19008507.585,546600
19008625.721,546700
19008757.538,546800
19008900.892,546900
19009042.680,547000
19009210.748,547100
19009386.574,547200
19009554.916,547300
19009704.832,547400
19009857.346,547500
19009990.559,547600
19010123.282,547700
19010250.498,547800
19010425.717,547900
19010583.617,548000
19010708.870,548100
19010956.252,548200
19011091.944,548300
19011255.556,548400
19011432.464,548500
19011573.412,548600
19011700.384,548700
19011872.506,548800
19012031.079,548900
19012170.193,549000
19012342.532,549100
19012508.904,549200
19012680.693,549300
19012848.816,549400
19012997.340,549500
19013130.214,549600
19013260.928,549700
19013406.587,549800
19013569.965,549900
19024637.456,550000
19024828.458,550100
19025013.321,550200
19025195.435,550300
19025353.199,550400
19025503.345,550500
19025631.503,550600
19025796.494,550700
19025995.807,550800
19026183.746,550900
19026371.698,551000
19026547.646,551100
19026723.825,551200
19026873.372,551300
19027020.433,551400
19027183.421,551500
19027368.199,551600
19027538.105,551700
19027711.717,551800
19027898.751,551900
19028081.855,552000
19028265.392,552100
19028420.146,552200
19028575.135,552300
19028727.082,552400
19028899.606,552500
19029049.342,552600
19029210.703,552700
19029384.276,552800
19029557.678,552900
19029716.615,553000
19029863.254,553100
19030006.498,553200
19030163.058,553300
19030328.315,553400
19030500.732,553500
19030679.961,553600
19030845.328,553700
19030994.789,553800
19031162.198,553900
19031310.446,554000
19031464.833,554100
19031627.728,554200
19031790.634,554300
19031954.856,554400
19032115.428,554500
19032275.827,554600
19032443.579,554700
19032606.008,554800
19032722.679,554900
19032848.720,555000
19032963.246,555100
19033076.890,555200
19033212.312,555300
19033340.983,555400
19033475.802,555500
19033602.142,555600
19033724.116,555700
19033867.393,555800
19033991.350,555900
19034130.027,556000
19034257.880,556100
19034383.247,556200
19034498.407,556300
19034619.701,556400
19034744.692,556500
19034857.394,556600
19034979.215,556700
19035118.532,556800
19035260.087,556900
19035388.305,557000
19035508.652,557100
19035623.088,557200
19035739.920,557300
19035864.953,557400
19036009.214,557500
19036129.521,557600
19036272.427,557700
19036408.971,557800
19036533.034,557900
19036678.525,558000
19036822.126,558100
19036954.609,558200
19037086.892,558300
19037211.967,558400
19037338.441,558500
19037475.098,558600
19037631.590,558700
19037787.587,558800
19037935.020,558900
19038086.450,559000
19038236.138,559100
19038372.123,559200
19038472.111,559300
19038598.603,559400
19038728.477,559500
19038853.696,559600
19039000.694,559700
19039157.733,559800
19039289.145,559900
19050202.958,560000
19050402.667,560100
19050542.941,560200
19050673.977,560300
19050808.542,560400
19050951.763,560500
19051121.464,560600
19051265.964,560700
19051414.420,560800
19051572.913,560900
19051731.231,561000
19051886.279,561100
19052016.735,561200
19052160.045,561300
19052299.068,561400
19052434.967,561500
19052581.984,561600
19052739.078,561700
19052872.706,561800
19053037.606,561900
19053181.469,562000
19053311.318,562100
19053464.251,562200
19053582.620,562300
19053726.456,562400
19053855.124,562500
19053980.191,562600
19054196.138,562700
19054388.978,562800
19054566.437,562900
19054693.199,563000
19054851.477,563100
19055006.251,563200
19055159.446,563300
19055263.642,563400
19055391.298,563500
19055525.771,563600
19055671.456,563700
19055817.859,563800
19055981.279,563900
19056137.993,564000
19056314.285,564100
19056463.924,564200
19056589.285,564300
19056730.790,564400
19056867.359,564500
19057006.910,564600
19057171.843,564700
19057321.296,564800
19057477.705,564900
19057617.394,565000
19057777.607,565100
19057904.305,565200
19058065.876,565300
19058206.407,565400
19058326.673,565500
19058461.051,565600
19058631.786,565700
19058770.291,565800
19058930.131,565900
19059089.252,566000
19059243.832,566100
19059387.690,566200
19059531.407,566300
19059666.271,566400
19059775.909,566500
19059936.888,566600
19060101.092,566700
19060252.615,566800
19060403.246,566900
19060579.920,567000
19060721.324,567100
19060859.884,567200
19060994.098,567300
19061123.365,567400
19061220.754,567500
19061357.867,567600
19061505.006,567700
19061637.539,567800
19061798.466,567900
19061938.882,568000
19062090.979,568100
19062245.820,568200
19062375.552,568300
19062518.882,568400
19062651.657,568500
19062756.866,568600
19062905.530,568700
19063065.191,568800
19063219.030,568900
19063381.870,569000
19063549.649,569100
19063715.578,569200
19063871.967,569300
19064040.724,569400
19064198.605,569500
19064354.071,569600
19064516.152,569700
19064686.847,569800
19064855.882,569900
19075603.148,570000
19075811.407,570100
19075984.241,570200
19076168.637,570300
19076343.871,570400
19076501.213,570500
19076664.490,570600
19076824.993,570700
19077011.662,570800
19077193.908,570900
19077369.105,571000
19077543.526,571100
19077704.683,571200
19077867.010,571300
19078033.953,571400
19078184.303,571500
19078331.111,571600
19078495.017,571700
19078670.734,571800
19078830.547,571900
19079015.048,572000
19079188.356,572100
19079350.670,572200
19079508.445,572300
19079677.459,572400
19079834.278,572500
19080014.692,572600
19080158.698,572700
19080317.284,572800
19080497.938,572900
19080683.678,573000
19080853.192,573100
19081013.635,573200
19081175.167,573300
19081338.614,573400
19081484.354,573500
19081623.860,573600
19081750.391,573700
19081921.710,573800
19082083.644,573900
19082267.236,574000
19082416.735,574100
19082555.663,574200
19082699.483,574300
19082844.817,574400
19083015.955,574500
19083168.184,574600
19083327.620,574700
19083488.044,574800
19083642.800,574900
19083812.895,575000
19083981.265,575100
19084153.623,575200
19084327.714,575300
19084498.621,575400
19084677.044,575500
19084857.328,575600
19085033.069,575700
19085212.429,575800
19085384.581,575900
19085562.872,576000
19085744.687,576100
19085925.727,576200
19086105.515,576300
19086283.552,576400
19086461.878,576500
19086635.602,576600
19086806.284,576700
19086964.804,576800
19087115.250,576900
19087288.555,577000
19087457.700,577100
19087641.499,577200
19087810.903,577300
19087977.765,577400
19088157.717,577500
19088328.634,577600
19088491.822,577700
19088644.156,577800
19088785.652,577900
19088951.224,578000
19089126.037,578100
19089310.391,578200
19089501.118,578300
19089659.876,578400
19089810.777,578500
19089991.680,578600
19090183.226,578700
19090362.107,578800
19090544.801,578900
19090708.183,579000
19090887.702,579100
19091065.509,579200
19091242.746,579300
19091414.255,579400
19091582.815,579500
19091755.513,579600
19091923.992,579700
19092087.672,579800
19092227.788,579900
19102577.701,580000
19102766.620,580100
19102953.247,580200
19103141.652,580300
19103325.375,580400
19103524.179,580500
19103719.732,580600
19103904.841,580700
19104120.801,580800
19104309.144,580900
19104483.747,581000
19104671.023,581100
19104853.026,581200
19105040.767,581300
19105228.618,581400
19105400.103,581500
19105569.619,581600
19105756.953,581700
19105946.986,581800
19106139.236,581900
19106338.610,582000
19106508.269,582100
19106686.196,582200
19106882.770,582300
19107062.685,582400
19107265.512,582500
19107473.979,582600
19107668.379,582700
19107869.859,582800
19108060.970,582900
19108248.704,583000
19108401.121,583100
19108557.341,583200
19108729.890,583300
19108923.293,583400
19109107.038,583500
19109284.646,583600
19109454.588,583700
19109617.225,583800
19109772.071,583900
19109935.479,584000
19110082.852,584100
19110205.104,584200
19110329.041,584300
19110472.550,584400
19110621.088,584500
19110801.333,584600
19110970.196,584700
19111154.388,584800
19111344.780,584900
19111529.036,585000
19111712.332,585100
19111881.862,585200
19112028.568,585300
19112162.179,585400
19112315.331,585500
19112482.246,585600
19112641.882,585700
19112791.705,585800
19112977.016,585900
19113157.798,586000
19113341.308,586100
19113530.612,586200
19113664.541,586300
19113788.132,586400
19113918.761,586500
19114086.514,586600
19114267.758,586700
19114408.230,586800
19114587.650,586900
19114760.947,587000
19114915.624,587100
19115047.185,587200
19115182.483,587300
19115297.335,587400
19115415.137,587500
19115531.283,587600
19115685.598,587700
19115851.806,587800
19116001.946,587900
19116142.267,588000
19116299.441,588100
19116471.645,588200
19116630.177,588300
19116761.588,588400
19116879.413,588500
19117018.911,588600
19117156.922,588700
19117345.002,588800
19117512.701,588900
19117681.101,589000
19117868.154,589100
19118055.713,589200
19118226.726,589300
19118397.955,589400
19118543.831,589500
19118645.955,589600
19118779.506,589700
19118913.273,589800
19119105.947,589900
19129591.325,590000
19129797.376,590100
19129957.134,590200
19130121.873,590300
19130274.684,590400
19130436.638,590500
19130585.651,590600
19130743.977,590700
19130876.020,590800
19131038.689,590900
19131208.672,591000
19131390.937,591100
19131577.525,591200
19131763.647,591300
19131932.551,591400
19132084.238,591500
19132243.409,591600
19132365.981,591700
19132496.943,591800
19132681.225,591900
19132851.094,592000
19132999.835,592100
19133166.557,592200
19133316.284,592300
19133468.777,592400
19133633.238,592500
19133770.421,592600
19133884.702,592700
19134025.194,592800
19134175.074,592900
19134349.315,593000
19134508.434,593100
19134676.300,593200
19134848.594,593300
19135002.572,593400
19135148.778,593500
19135321.273,593600
19135468.071,593700
19135574.069,593800
19135695.269,593900
19135824.408,594000
19136012.662,594100
19136170.524,594200
19136318.326,594300
19136483.499,594400
19136621.840,594500
19136779.890,594600
19136929.170,594700
19137083.641,594800
19137228.416,594900
19137391.292,595000
19137500.113,595100
19137688.247,595200
19137850.424,595300
19138011.201,595400
19138196.751,595500
19138330.975,595600
19138486.695,595700
19138638.940,595800
19138778.093,595900
19138913.112,596000
19139035.014,596100
19139177.639,596200
19139362.324,596300
19139529.101,596400
19139697.792,596500
19139861.409,596600
19139999.997,596700
19140151.630,596800
19140331.949,596900
19140455.420,597000
19140580.655,597100
19140721.499,597200
19140892.480,597300
19141056.854,597400
19141206.821,597500
19141366.427,597600
19141508.728,597700
19141664.843,597800
19141828.341,597900
19141943.013,598000
19142074.644,598100
19142214.514,598200
19142344.588,598300
19142496.995,598400
19142645.075,598500
19142778.909,598600
19142948.170,598700
19143103.802,598800
19143228.930,598900
19143380.214,599000
19143528.694,599100
19143638.807,599200
19143782.397,599300
19143946.177,599400
19144089.996,599500
19144264.212,599600
19144421.506,599700
19144581.489,599800
19144709.444,599900
19149499.749,600000
19149677.243,600100
19149821.174,600200
19149959.555,600300
19150122.614,600400
19150251.447,600500
19150429.343,600600
19150569.859,600700
19150743.318,600800
19150924.253,600900
19151110.186,601000
19151319.038,601100
19151508.098,601200
19151687.529,601300
19151872.400,601400
19152055.572,601500
19152246.333,601600
19152424.135,601700
19152574.177,601800
19152774.263,601900
19152955.009,602000
19153108.210,602100
19153264.920,602200
19153421.775,602300
19153617.129,602400
19153787.285,602500
19153987.502,602600
19154169.214,602700
19154361.343,602800
19154529.255,602900
19154699.842,603000
19154864.640,603100
19154994.090,603200
19155137.133,603300
19155297.146,603400
19155446.575,603500
19155639.241,603600
19155782.751,603700
19155947.811,603800
19156115.012,603900
19156311.328,604000
19156506.910,604100
19156707.411,604200
19156866.746,604300
19157034.688,604400
19157225.647,604500
19157379.258,604600
19157537.420,604700
19157714.231,604800
19157904.745,604900
19158068.824,605000
19158198.039,605100
19158317.636,605200
19158467.210,605300
19158635.721,605400
19158821.834,605500
19159000.224,605600
19159151.384,605700
19159309.062,605800
19159436.460,605900
19159616.536,606000
19159784.165,606100
19159911.758,606200
19160053.727,606300
19160216.291,606400
19160360.334,606500
19160496.296,606600
19160648.352,606700
19160800.475,606800
19160947.992,606900
19161129.263,607000
19161264.835,607100
19161388.408,607200
19161524.823,607300
19161685.818,607400
19161865.402,607500
19162053.950,607600
19162247.794,607700
19162412.905,607800
19162570.919,607900
19162742.390,608000
19162859.182,608100
19163013.093,608200
19163191.451,608300
19163343.453,608400
19163527.831,608500
19163715.647,608600
19163884.188,608700
19164023.840,608800
19164177.023,608900
19164320.424,609000
19164444.144,609100
19164571.165,609200
19164673.797,609300
19164822.150,609400
19164991.904,609500
19165206.122,609600
19165334.343,609700
19165478.582,609800
19165603.047,609900
19179117.821,610000
19179354.096,610100
19179491.859,610200
19179619.525,610300
19179770.868,610400
19179908.737,610500
19180071.750,610600
19180223.560,610700
19180336.803,610800
19180451.503,610900
19180619.814,611000
19180750.551,611100
19180911.454,611200
19181051.889,611300
19181170.287,611400
19181311.050,611500
19181480.712,611600
19181655.936,611700
19181821.044,611800
19181972.391,611900
19182156.674,612000
19182335.293,612100
19182494.946,612200
19182661.552,612300
19182802.581,612400
19182911.839,612500
19183056.262,612600
19183215.104,612700
19183411.762,612800
19183595.651,612900
19183760.254,613000
19183928.060,613100
19184065.626,613200
19184215.973,613300
19184380.478,613400
19184537.225,613500
19184666.162,613600
19184810.148,613700
19184970.167,613800
19185121.604,613900
19185294.367,614000
19185466.278,614100
19185632.409,614200
19185787.671,614300
19185961.690,614400
19186084.190,614500
19186215.723,614600
19186360.391,614700
19186518.091,614800
19186715.987,614900
19186895.142,615000
19187066.083,615100
19187200.209,615200
19187382.306,615300
19187549.717,615400
19187694.192,615500
19187893.816,615600
19188042.141,615700
19188200.513,615800
19188393.255,615900
19188571.997,616000
19188720.689,616100
19188896.680,616200
19189086.705,616300
19189283.528,616400
19189461.973,616500
19189621.636,616600
19189784.140,616700
19189945.125,616800
19190129.132,616900
19190312.920,617000
19190482.409,617100
19190680.971,617200
19190849.873,617300
19191009.667,617400
19191175.197,617500
19191325.363,617600
19191473.150,617700
19191631.416,617800
19191764.326,617900
19191943.505,618000
19192115.354,618100
19192304.088,618200
19192486.613,618300
19192650.939,618400
19192800.886,618500
19192955.801,618600
19193107.061,618700
19193264.225,618800
19193436.379,618900
19193607.884,619000
19193787.281,619100
19193958.574,619200
19194131.639,619300
19194290.210,619400
19194432.300,619500
19194602.998,619600
19194725.484,619700
19194862.058,619800
19195039.007,619900
19209159.931,620000
19209418.992,620100
19209614.406,620200
19209760.463,620300
19209947.953,620400
19210118.225,620500
19210287.185,620600
19210434.389,620700
19210553.400,620800
19210731.829,620900
19210922.395,621000
19211118.060,621100
19211303.059,621200
19211513.295,621300
19211720.184,621400
19211934.161,621500
19212132.029,621600
19212314.721,621700
19212502.643,621800
19212696.559,621900
19212892.418,622000
19213077.656,622100
19213267.985,622200
19213467.571,622300
19213646.012,622400
19213804.508,622500
19213960.254,622600
19214138.000,622700
19214320.019,622800
19214500.415,622900
19214678.348,623000
19214876.698,623100
19215045.389,623200
19215188.125,623300
19215352.698,623400
19215479.535,623500
19215632.400,623600
19215812.093,623700
19215983.451,623800
19216149.288,623900
19216351.870,624000
19216523.573,624100
19216698.082,624200
19216879.776,624300
19217026.575,624400
19217158.614,624500
19217283.392,624600
19217445.494,624700
19217653.069,624800
19217818.181,624900
19217985.808,625000
19218139.305,625100
19218308.268,625200
19218444.090,625300
19218587.456,625400
19218726.682,625500
19218838.341,625600
19218983.121,625700
19219129.274,625800
19219269.750,625900
19219438.065,626000
19219619.868,626100
19219799.929,626200
19219957.029,626300
19220162.321,626400
19220361.064,626500
19220521.354,626600
19220661.304,626700
19220805.848,626800
19220977.844,626900
19221136.861,627000
19221295.575,627100
19221460.246,627200
19221651.370,627300
19221852.021,627400
19222039.146,627500
19222238.137,627600
19222435.557,627700
19222599.055,627800
19222770.450,627900
19222957.784,628000
19223137.841,628100
19223335.562,628200
19223544.855,628300
19223742.637,628400
19223946.714,628500
19224157.749,628600
19224347.926,628700
19224522.454,628800
19224681.619,628900
19224862.836,629000
19225056.774,629100
19225242.698,629200
19225450.202,629300
19225660.090,629400
19225879.056,629500
19226085.289,629600
19226291.077,629700
19226482.929,629800
19226670.265,629900
19239179.277,630000
19239509.362,630100
19239724.934,630200
19239932.370,630300
19240165.801,630400
19240384.131,630500
19240579.550,630600
19240787.973,630700
19241005.026,630800
19241240.907,630900
19241465.057,631000
19241676.639,631100
19241884.491,631200
19242089.640,631300
19242291.943,631400
19242499.482,631500
19242710.397,631600
19242920.559,631700
19243122.245,631800
19243320.398,631900
19243515.125,632000
19243721.447,632100
19243920.836,632200
19244120.273,632300
19244312.782,632400
19244469.388,632500
19244656.664,632600
19244858.379,632700
19245063.330,632800
19245258.571,632900
19245442.936,633000
19245627.826,633100
19245771.220,633200
19245944.397,633300
19246059.183,633400
19246201.527,633500
19246336.802,633600
19246490.773,633700
19246691.391,633800
19246871.747,633900
19247022.907,634000
19247211.367,634100
19247401.449,634200
19247591.322,634300
19247762.939,634400
19247926.994,634500
19248084.573,634600
19248212.006,634700
19248351.252,634800
19248529.875,634900
19248716.617,635000
19248909.238,635100
19249098.327,635200
19249287.218,635300
19249477.247,635400
19249667.805,635500
19249822.098,635600
19249973.431,635700
19250123.257,635800
19250310.190,635900
19250509.541,636000
19250699.874,636100
19250895.641,636200
19251089.105,636300
19251286.720,636400
19251454.233,636500
19251612.144,636600
19251753.860,636700
19251917.754,636800
19252099.550,636900
19252287.206,637000
19252478.988,637100
19252674.483,637200
19252838.692,637300
19253027.030,637400
19253190.525,637500
19253376.092,637600
19253532.755,637700
19253677.907,637800
19253856.417,637900
19254044.117,638000
19254217.477,638100
19254415.284,638200
19254606.382,638300
19254807.437,638400
19255002.729,638500
19255175.834,638600
19255368.892,638700
19255535.768,638800
19255705.060,638900
19255861.073,639000
19256033.773,639100
19256233.274,639200
19256426.794,639300
19256619.774,639400
19256819.155,639500
19257006.071,639600
19257203.213,639700
19257396.612,639800
19257736.703,639900
19269192.908,640000
19269617.189,640100
19269845.928,640200
19270065.668,640300
19270285.372,640400
19270502.237,640500
19270723.488,640600
19270934.038,640700
19271140.653,640800
19271349.542,640900
19271567.547,641000
19271798.686,641100
19272025.037,641200
19272241.297,641300
19272458.112,641400
19272664.067,641500
19272888.534,641600
19273096.931,641700
19273309.511,641800
19273525.035,641900
19273743.532,642000
19273957.476,642100
19274178.813,642200
19274391.675,642300
19274600.800,642400
19274816.911,642500
19275045.616,642600
19275264.286,642700
19275477.275,642800
19275708.407,642900
19275914.999,643000
19276117.110,643100
19276323.319,643200
19276525.089,643300
19276726.650,643400
19276918.044,643500
19277126.484,643600
19277315.197,643700
19277503.685,643800
19277706.811,643900
19277885.511,644000
19278074.562,644100
19278280.336,644200
19278485.135,644300
19278688.163,644400
19278886.602,644500
19279076.076,644600
19279273.919,644700
19279465.037,644800
19279666.012,644900
19279851.190,645000
19280031.823,645100
19280228.289,645200
19280431.424,645300
19280641.737,645400
19280842.015,645500
19281045.754,645600
19281255.027,645700
19281451.894,645800
19281645.895,645900
19281840.047,646000
19282028.334,646100
19282229.574,646200
19282442.516,646300
19282635.874,646400
19282836.673,646500
19283042.836,646600
19283250.912,646700
19283455.941,646800
19283659.624,646900
19283859.700,647000
19284068.928,647100
19284265.884,647200
19284442.282,647300
19284643.206,647400
19284829.433,647500
19285043.573,647600
19285245.680,647700
19285446.752,647800
19285623.030,647900
19285790.286,648000
19285925.554,648100
19286109.306,648200
19286302.234,648300
19286485.336,648400
19286682.113,648500
19286885.766,648600
19287070.214,648700
19287275.032,648800
19287453.109,648900
19287651.254,649000
19287840.627,649100
19288007.651,649200
19288215.115,649300
19288414.165,649400
19288622.177,649500
19288834.643,649600
19289061.428,649700
19289260.891,649800
19289468.606,649900
19299389.018,650000
19299701.562,650100
19299906.118,650200
19300092.518,650300
19300296.845,650400
19300517.051,650500
19300729.333,650600
19300938.143,650700
19301146.809,650800
19301355.896,650900
19301568.692,651000
19301780.371,651100
19301993.312,651200
19302171.986,651300
19302356.188,651400
19302573.487,651500
19302792.486,651600
19303005.438,651700
19303191.406,651800
19303402.061,651900
19303617.723,652000
19303829.758,652100
19304020.629,652200
19304212.161,652300
19304392.740,652400
19304595.155,652500
19304801.078,652600
19304982.376,652700
19305202.590,652800
19305400.249,652900
19305584.666,653000
19305786.556,653100
19305951.340,653200
19306113.652,653300
19306316.023,653400
19306529.056,653500
19306723.018,653600
19306931.472,653700
19307149.801,653800
19307362.565,653900
19307573.325,654000
19307787.491,654100
19308002.540,654200
19308220.486,654300
19308433.264,654400
19308643.278,654500
19308853.482,654600
19309064.870,654700
19309273.759,654800
19309485.761,654900
19309697.095,655000
19309922.344,655100
19310131.240,655200
19310369.337,655300
19310586.385,655400
19310807.008,655500
19311022.674,655600
19311246.482,655700
19311468.385,655800
19311699.988,655900
19311923.328,656000
19312134.447,656100
19312348.653,656200
19312546.241,656300
19312759.114,656400
19312967.165,656500
19313169.095,656600
19313386.015,656700
19313593.088,656800
19313785.605,656900
19313975.259,657000
19314179.818,657100
19314376.380,657200
19314594.719,657300
19314820.006,657400
19315050.495,657500
19315267.500,657600
19315492.562,657700
19315712.300,657800
19315939.315,657900
19316135.336,658000
19316307.382,658100
19316485.608,658200
19316683.477,658300
19316905.554,658400
19317131.211,658500
19317346.658,658600
19317563.100,658700
19317789.708,658800
19318012.624,658900
19318223.170,659000
19318441.804,659100
19318628.182,659200
19318868.827,659300
19319099.645,659400
19319329.826,659500
19319549.136,659600
19319761.678,659700
19319984.143,659800
19320207.942,659900
19329437.091,660000
19329753.875,660100
19329973.274,660200
19330199.264,660300
19330393.982,660400
19330610.150,660500
19330835.801,660600
19331052.272,660700
19331267.327,660800
19331490.157,660900
19331715.324,661000
19331928.437,661100
19332110.265,661200
19332302.387,661300
19332520.829,661400
19332730.752,661500
19332945.462,661600
19333196.892,661700
19333447.553,661800
19333680.192,661900
19333924.677,662000
19334144.541,662100
19334373.221,662200
19334603.581,662300
19334818.195,662400
19335041.312,662500
19335278.634,662600
19335514.591,662700
19335748.755,662800
19335977.206,662900
19336195.229,663000
19336424.510,663100
19336670.527,663200
19336911.621,663300
19337143.413,663400
19337379.890,663500
19337605.368,663600
19337827.744,663700
19338058.760,663800
19338273.842,663900
19338498.533,664000
19338720.167,664100
19338966.321,664200
19339212.011,664300
19339457.615,664400
19339689.258,664500
19339927.712,664600
19340149.493,664700
19340375.777,664800
19340612.186,664900
19340839.410,665000
19341082.103,665100
19341323.865,665200
19341550.788,665300
19341787.424,665400
19342034.133,665500
19342279.237,665600
19342519.848,665700
19342745.732,665800
19342983.162,665900
19343207.194,666000
19343421.307,666100
19343638.950,666200
19343859.195,666300
19344080.334,666400
19344310.153,666500
19344539.048,666600
19344756.261,666700
19344974.558,666800
19345201.410,666900
19345419.949,667000
19345643.233,667100
19345853.715,667200
19346069.262,667300
19346287.048,667400
19346510.128,667500
19346734.444,667600
19346951.173,667700
19347164.379,667800
19347385.895,667900
19347605.496,668000
19347818.487,668100
19348054.434,668200
19348279.328,668300
19348500.020,668400
19348724.920,668500
19348940.630,668600
19349162.738,668700
19349380.861,668800
19349602.158,668900
19349824.279,669000
19350047.277,669100
19350273.822,669200
19350563.443,669300
19350793.636,669400
19351031.637,669500
19351256.468,669600
19351477.723,669700
19351709.594,669800
19351942.618,669900
19361709.915,670000
19362225.910,670100
19362467.617,670200
19362698.039,670300
19362930.916,670400
19363161.710,670500
19363403.933,670600
19363644.293,670700
19363886.093,670800
19364114.243,670900
19364361.646,671000
19364604.258,671100
19364840.601,671200
19365067.529,671300
19365314.949,671400
19365547.669,671500
19365775.483,671600
19366028.788,671700
19366265.335,671800
19366496.497,671900
19366725.339,672000
19366967.176,672100
19367192.817,672200
19367418.184,672300
19367651.432,672400
19367890.616,672500
19368124.043,672600
19368363.216,672700
19368597.491,672800
19368822.436,672900
19369055.744,673000
19369278.064,673100
19369506.801,673200
19369721.636,673300
19369951.931,673400
19370186.861,673500
19370413.665,673600
19370666.547,673700
19370891.147,673800
19371111.420,673900
19371339.335,674000
19371567.490,674100
19371784.969,674200
19372007.708,674300
19372221.375,674400
19372458.887,674500
19372694.998,674600
19372939.335,674700
19373166.627,674800
19373379.588,674900
19373595.819,675000
19373817.619,675100
19374029.280,675200
19374240.240,675300
19374453.135,675400
19374669.604,675500
19374907.797,675600
19375166.036,675700
19375385.461,675800
19375608.639,675900
19375859.972,676000
19376095.903,676100
19376305.547,676200
19376523.687,676300
19376742.432,676400
19376956.844,676500
19377174.693,676600
19377409.929,676700
19377633.624,676800
19377855.568,676900
19378069.843,677000
19378279.642,677100
19378493.919,677200
19378706.834,677300
19378923.593,677400
19379131.976,677500
19379343.670,677600
19379571.891,677700
19379793.751,677800
19380025.812,677900
19380246.541,678000
19380466.331,678100
19380697.690,678200
19380921.851,678300
19381140.401,678400
19381355.122,678500
19381570.331,678600
19381792.709,678700
19382019.309,678800
19382248.763,678900
19382462.555,679000
19382685.192,679100
19382909.397,679200
19383138.021,679300
19383356.102,679400
19383580.294,679500
19383810.424,679600
19384031.126,679700
19384291.090,679800
19384506.731,679900
19395030.536,680000
19395496.946,680100
19395741.308,680200
19395993.963,680300
19396252.687,680400
19396508.420,680500
19396759.683,680600
19397007.626,680700
19397249.984,680800
19397491.677,680900
19397738.738,681000
19397972.249,681100
19398202.524,681200
19398442.777,681300
19398680.366,681400
19398929.178,681500
19399182.343,681600
19399438.838,681700
19399690.395,681800
19399938.500,681900
19400189.569,682000
19400443.438,682100
19400677.421,682200
19400912.308,682300
19401157.477,682400
19401384.272,682500
19401619.594,682600
19401857.370,682700
19402098.064,682800
19402351.712,682900
19402585.050,683000
19402817.855,683100
19403062.833,683200
19403290.071,683300
19403531.497,683400
19403773.497,683500
19404013.012,683600
19404236.067,683700
19404475.623,683800
19404724.257,683900
19404963.617,684000
19405199.910,684100
19405439.443,684200
19405680.428,684300
19405905.899,684400
19406139.547,684500
19406370.909,684600
19406600.785,684700
19406831.207,684800
19407062.093,684900
19407296.218,685000
19407514.659,685100
19407744.034,685200
19407957.228,685300
19408182.781,685400
19408420.710,685500
19408669.595,685600
19408908.730,685700
19409125.353,685800
19409342.683,685900
19409568.996,686000
19409784.884,686100
19410016.204,686200
19410234.953,686300
19410419.811,686400
19410580.679,686500
19410759.779,686600
19410966.685,686700
19411170.936,686800
19411397.663,686900
19411610.744,687000
19411833.033,687100
19412062.007,687200
19412272.746,687300
19412487.946,687400
19412685.068,687500
19412910.486,687600
19413129.269,687700
19413356.199,687800
19413564.497,687900
19413770.896,688000
19413963.389,688100
19414193.192,688200
19414411.895,688300
19414640.429,688400
19414874.026,688500
19415102.342,688600
19415324.340,688700
19415540.976,688800
19415763.874,688900
19415989.510,689000
19416215.985,689100
19416438.410,689200
19416666.424,689300
19416890.223,689400
19417113.081,689500
19417335.378,689600
19417568.808,689700
19417784.957,689800
19417988.557,689900
19442254.792,690000
19442982.805,690100
19443213.255,690200
19443390.198,690300
19443567.520,690400
19443721.901,690500
19443918.631,690600
19444124.218,690700
19444325.978,690800
19444532.654,690900
19444689.800,691000
19444866.300,691100
19445091.428,691200
19445254.856,691300
19445401.282,691400
19445554.099,691500
19445683.478,691600
19445869.692,691700
19446046.767,691800
19446269.369,691900
19446467.209,692000
19446669.277,692100
19446838.689,692200
19447028.013,692300
19447193.878,692400
19447375.497,692500
19447507.481,692600
19447669.195,692700
19447895.533,692800
19448090.417,692900
19448274.551,693000
19448449.502,693100
19448630.537,693200
19448823.672,693300
19448973.253,693400
19449147.000,693500
19449321.991,693600
19449442.123,693700
19449614.922,693800
19449838.128,693900
19449995.697,694000
19450193.113,694100
19450395.222,694200
19450573.385,694300
19450762.035,694400
19450931.203,694500
19451112.544,694600
19451275.794,694700
19451440.723,694800
19451585.455,694900
19451792.417,695000
19451988.210,695100
19452171.266,695200
19452351.942,695300
19452550.326,695400
19452752.875,695500
19452968.055,695600
19453138.381,695700
19453282.630,695800
19453409.713,695900
19453606.318,696000
19453827.178,696100
19454116.177,696200
19454342.270,696300
19454547.582,696400
19454770.105,696500
19454971.783,696600
19455163.336,696700
19455388.346,696800
19455550.799,696900
19455691.299,697000
19455871.676,697100
19456054.666,697200
19456218.222,697300
19456413.040,697400
19456585.212,697500
19456780.268,697600
19456959.035,697700
19457108.785,697800
19457321.160,697900
19457480.588,698000
19457636.494,698100
19457814.809,698200
19458012.343,698300
19458198.858,698400
19458422.445,698500
19458638.689,698600
19458847.653,698700
19459069.250,698800
19459282.995,698900
19459426.687,699000
19459664.261,699100
19459834.158,699200
19460008.085,699300
19460211.903,699400
19460384.372,699500
19460578.364,699600
19460800.661,699700
19460995.120,699800
19461185.184,699900
19479142.846,700000
19479714.059,700100
19479900.736,700200
19480085.865,700300
19480313.042,700400
19480461.950,700500
19480687.380,700600
19480912.470,700700
19481142.464,700800
19481378.369,700900
19481584.749,701000
19481741.415,701100
19481906.955,701200
19482047.280,701300
19482235.501,701400
19482464.264,701500
19482675.730,701600
19482884.190,701700
19483076.328,701800
19483259.752,701900
19483451.004,702000
19483618.355,702100
19483783.560,702200
19483947.181,702300
19484104.172,702400
19484301.569,702500
19484477.075,702600
19484666.640,702700
19484886.819,702800
19485109.294,702900
19485274.078,703000
19485522.862,703100
19485680.480,703200
19485851.097,703300
19486016.986,703400
19486241.652,703500
19486440.993,703600
19486652.214,703700
19486879.149,703800
19487141.366,703900
19487403.254,704000
19487663.121,704100
19487904.729,704200
19488105.383,704300
19488254.229,704400
19488441.468,704500
19488699.330,704600
19488917.626,704700
19489135.514,704800
19489333.611,704900
19489556.344,705000
19489790.838,705100
19490029.433,705200
19490266.358,705300
19490426.434,705400
19490592.273,705500
19490818.486,705600
19491049.449,705700
19491250.229,705800
19491474.219,705900
19491728.490,706000
19491966.273,706100
19492185.093,706200
19492368.539,706300
19492573.070,706400
19492740.089,706500
19492900.001,706600
19493115.096,706700
19493298.228,706800
19493524.711,706900
19493732.210,707000
19493912.152,707100
19494123.293,707200
19494317.446,707300
19494489.059,707400
19494688.072,707500
19494881.704,707600
19495071.683,707700
19495316.165,707800
19495529.411,707900
19495725.735,708000
19495950.992,708100
19496175.613,708200
19496400.929,708300
19496634.508,708400
19496801.994,708500
19496958.768,708600
19497150.797,708700
19497362.583,708800
19497624.991,708900
19497874.650,709000
19498110.010,709100
19498314.697,709200
19498548.384,709300
19498755.177,709400
19498954.236,709500
19499144.251,709600
19499304.083,709700
19499483.514,709800
19499727.919,709900
19512319.165,710000
19512906.593,710100
19513217.788,710200
19513451.056,710300
19513673.756,710400
19513931.144,710500
19514122.994,710600
19514291.088,710700
19514511.226,710800
19514755.621,710900
19514955.746,711000
19515193.337,711100
19515442.417,711200
19515656.853,711300
19515909.016,711400
19516107.846,711500
19516289.930,711600
19516467.716,711700
19516662.335,711800
19516894.573,711900
19517124.681,712000
19517358.077,712100
19517594.949,712200
19517859.593,712300
19518054.777,712400
19518252.455,712500
19518443.156,712600
19518727.228,712700
19518940.919,712800
19519138.651,712900
19519334.588,713000
19519558.844,713100
19519723.906,713200
19519936.238,713300
19520162.902,713400
19520346.294,713500
19520556.443,713600
19520722.208,713700
19520872.338,713800
19521052.292,713900
19521241.216,714000
19521439.148,714100
19521662.285,714200
19521885.284,714300
19522095.977,714400
19522303.316,714500
19522527.071,714600
19522732.205,714700
19522872.298,714800
19523041.693,714900
19523262.524,715000
19523465.119,715100
19523663.095,715200
19523869.705,715300
19524048.443,715400
19524261.246,715500
19524481.669,715600
19524703.980,715700
19524877.737,715800
19525079.875,715900
19525288.146,716000
19525555.025,716100
19525814.405,716200
19526046.481,716300
19526291.681,716400
19526548.678,716500
19526773.911,716600
19526897.975,716700
19527050.166,716800
19527197.142,716900
19527369.472,717000
19527609.121,717100
19527809.825,717200
19528013.320,717300
19528236.634,717400
19528457.001,717500
19528651.845,717600
19528855.970,717700
19529037.329,717800
19529192.809,717900
19529364.194,718000
19529601.987,718100
19529813.706,718200
19530000.811,718300
19530215.560,718400
19530371.997,718500
19530537.276,718600
19530741.781,718700
19530898.001,718800
19531056.936,718900
19531203.331,719000
19531368.690,719100
19531569.531,719200
19531766.396,719300
19531949.910,719400
19532133.530,719500
19532297.428,719600
19532520.671,719700
19532747.649,719800
19532996.001,719900
19547493.465,720000
19548042.858,720100
19548311.804,720200
19548545.808,720300
19548760.079,720400
19548965.267,720500
19549191.827,720600
19549410.039,720700
19549617.095,720800
19549809.232,720900
19549983.957,721000
19550206.900,721100
19550462.528,721200
19550707.841,721300
19550930.451,721400
19551150.263,721500
19551343.061,721600
19551568.234,721700
19551762.061,721800
19552024.810,721900
19552279.297,722000
19552455.410,722100
19552656.491,722200
19552882.755,722300
19553102.166,722400
19553362.045,722500
19553670.977,722600
19553941.668,722700
19554197.414,722800
19554463.236,722900
19554719.481,723000
19554873.986,723100
19555051.633,723200
19555220.858,723300
19555413.414,723400
19555626.613,723500
19555791.473,723600
19555994.390,723700
19556181.522,723800
19556405.267,723900
19556619.641,724000
19556800.120,724100
19556962.761,724200
19557132.423,724300
19557364.364,724400
19557558.229,724500
19557726.882,724600
19557934.419,724700
19558178.166,724800
19558402.256,724900
19558608.562,725000
19558802.154,725100
19558981.506,725200
19559170.581,725300
19559394.320,725400
19559644.102,725500
19559918.384,725600
19560159.365,725700
19560373.810,725800
19560578.383,725900
19560787.442,726000
19561008.433,726100
19561195.213,726200
19561379.128,726300
19561601.016,726400
19561796.123,726500
19562013.915,726600
19562242.492,726700
19562454.492,726800
19562664.215,726900
19562832.696,727000
19562995.361,727100
19563172.808,727200
19563330.867,727300
19563562.643,727400
19563793.069,727500
19563991.893,727600
19564197.979,727700
19564413.469,727800
19564602.909,727900
19564825.924,728000
19565004.286,728100
19565152.879,728200
19565324.908,728300
19565525.071,728400
19565698.880,728500
19565932.359,728600
19566139.873,728700
19566324.972,728800
19566562.871,728900
19566789.919,729000
19566946.302,729100
19567135.910,729200
19567333.441,729300
19567559.636,729400
19567779.556,729500
19568002.855,729600
19568217.714,729700
19568445.571,729800
19568692.840,729900
19593707.451,730000
19594247.012,730100
19594507.792,730200
19594736.680,730300
19594924.384,730400
19595136.799,730500
19595359.366,730600
19595556.656,730700
19595767.912,730800
19596006.215,730900
19596216.899,731000
19596418.644,731100
19596588.992,731200
19596765.097,731300
19596973.429,731400
19597185.732,731500
19597409.310,731600
19597601.892,731700
19597822.611,731800
19598045.453,731900
19598221.319,732000
19598407.535,732100
19598588.035,732200
19598736.752,732300
19598899.342,732400
19599136.585,732500
19599373.586,732600
19599566.557,732700
19599776.903,732800
19599975.011,732900
19600171.561,733000
19600389.211,733100
19600542.848,733200
19600714.037,733300
19600883.593,733400
19601095.306,733500
19601300.402,733600
19601531.284,733700
19601712.556,733800
19601925.629,733900
19602158.721,734000
19602378.953,734100
19602621.124,734200
19602834.086,734300
19602990.030,734400
19603152.398,734500
19603342.981,734600
19603551.467,734700
19603765.005,734800
19603954.604,734900
19604208.432,735000
19604463.782,735100
19604707.679,735200
19604905.330,735300
19605102.557,735400
19605277.670,735500
19605464.745,735600
19605732.369,735700
19605940.982,735800
19606128.353,735900
19606403.306,736000
19606688.641,736100
19606940.369,736200
19607182.985,736300
19607440.595,736400
19607703.153,736500
19607964.229,736600
19608212.879,736700
19608458.651,736800
19608671.551,736900
19608893.425,737000
19609124.070,737100
19609380.909,737200
19609590.884,737300
19609755.814,737400
19609962.733,737500
19610154.213,737600
19610353.642,737700
19610582.784,737800
19610798.615,737900
19610985.625,738000
19611204.847,738100
19611436.783,738200
19611592.708,738300
19611762.943,738400
19611940.172,738500
19612158.165,738600
19612375.754,738700
19612604.486,738800
19612817.800,738900
19613049.274,739000
19613266.547,739100
19613483.198,739200
19613658.018,739300
19613801.327,739400
19613969.331,739500
19614200.244,739600
19614373.696,739700
19614583.064,739800
19614744.643,739900
19629322.193,740000
19629903.007,740100
19630117.445,740200
19630341.796,740300
19630547.828,740400
19630731.118,740500
19630973.827,740600
19631256.531,740700
19631508.568,740800
19631726.266,740900
19631945.220,741000
19632194.978,741100
19632438.573,741200
19632660.946,741300
19632856.237,741400
19633067.747,741500
19633256.383,741600
19633457.161,741700
19633674.913,741800
19633884.387,741900
19634066.654,742000
19634252.213,742100
19634484.547,742200
19634648.716,742300
19634865.681,742400
19635090.661,742500
19635388.412,742600
19635589.521,742700
19635814.204,742800
19636028.435,742900
19636217.627,743000
19636424.976,743100
19636647.737,743200
19636864.346,743300
19637059.646,743400
19637224.943,743500
19637391.303,743600
19637593.927,743700
19637843.578,743800
19638071.034,743900
19638269.682,744000
19638477.843,744100
19638702.906,744200
19638888.047,744300
19639036.347,744400
19639218.617,744500
19639420.717,744600
19639617.192,744700
19639838.127,744800
19640079.152,744900
19640323.988,745000
19640531.123,745100
19640708.063,745200
19640896.437,745300
19641077.209,745400
19641277.640,745500
19641515.323,745600
19641753.342,745700
19642002.730,745800
19642217.622,745900
19642416.744,746000
19642649.306,746100
19642808.628,746200
19642963.336,746300
19643128.128,746400
19643334.773,746500
19643513.450,746600
19643748.238,746700
19643914.663,746800
19644126.485,746900
19644363.312,747000
19644562.277,747100
19644766.333,747200
19644972.400,747300
19645149.741,747400
19645349.168,747500
19645550.974,747600
19645748.391,747700
19645951.340,747800
19646191.414,747900
19646417.085,748000
19646585.068,748100
19646807.927,748200
19646978.486,748300
19647115.955,748400
19647282.540,748500
19647503.102,748600
19647699.113,748700
19647937.316,748800
19648169.983,748900
19648392.258,749000
19648589.625,749100
19648825.816,749200
19649001.564,749300
19649211.798,749400
19649406.261,749500
19649607.090,749600
19649813.591,749700
19650062.271,749800
19650298.113,749900
19666550.092,750000
19667027.379,750100
19667262.398,750200
19667447.409,750300
19667644.582,750400
19667833.629,750500
19668018.298,750600
19668209.370,750700
19668433.639,750800
19668620.051,750900
19668834.995,751000
19669034.032,751100
19669187.269,751200
19669404.174,751300
19669594.766,751400
19669752.710,751500
19669946.908,751600
19670129.186,751700
19670332.885,751800
19670556.650,751900
19670745.319,752000
19670991.600,752100
19671202.933,752200
19671431.416,752300
19671677.449,752400
19671847.622,752500
19671995.899,752600
19672171.964,752700
19672424.621,752800
19672626.567,752900
19672851.518,753000
19673078.558,753100
19673303.833,753200
19673521.152,753300
19673749.585,753400
19673917.781,753500
19674075.939,753600
19674247.062,753700
19674449.429,753800
19674661.500,753900
19674908.988,754000
19675149.637,754100
19675354.389,754200
19675581.378,754300
19675800.584,754400
19675975.322,754500
19676138.028,754600
19676321.598,754700
19676499.716,754800
19676716.062,754900
19676923.540,755000
19677106.060,755100
19677322.693,755200
19677542.429,755300
19677765.315,755400
19677949.302,755500
19678129.868,755600
19678323.477,755700
19678514.723,755800
19678745.298,755900
19678981.931,756000
19679158.827,756100
19679339.916,756200
19679554.023,756300
19679737.527,756400
19679914.685,756500
19680089.633,756600
19680245.724,756700
19680430.269,756800
19680634.323,756900
19680809.410,757000
19681036.271,757100
19681172.318,757200
19681371.554,757300
19681575.526,757400
19681773.152,757500
19681992.863,757600
19682144.149,757700
19682297.209,757800
19682446.923,757900
19682617.607,758000
19682821.138,758100
19683002.970,758200
19683212.139,758300
19683436.116,758400
19683784.546,758500
19684146.432,758600
19684435.153,758700
19684644.580,758800
19684813.240,758900
19685008.740,759000
19685207.272,759100
19685433.303,759200
19685723.607,759300
19685995.747,759400
19686228.407,759500
19686441.606,759600
19686648.137,759700
19686849.210,759800
19687050.920,759900
19713750.570,760000
19714287.629,760100
19714560.144,760200
19714808.062,760300
19715060.912,760400
19715280.028,760500
19715518.398,760600
19715710.551,760700
19715898.505,760800
19716107.126,760900
19716307.566,761000
19716488.472,761100
19716688.127,761200
19716897.564,761300
19717119.119,761400
19717347.383,761500
19717548.116,761600
19717756.756,761700
19718004.561,761800
19718189.595,761900
19718378.929,762000
19718567.383,762100
19718815.617,762200
19719019.386,762300
19719227.248,762400
19719493.399,762500
19719700.890,762600
19719943.919,762700
19720142.160,762800
19720316.870,762900
19720551.108,763000
19720773.795,763100
19721025.625,763200
19721307.377,763300
19721586.771,763400
19721860.958,763500
19722128.606,763600
19722381.211,763700
19722652.053,763800
19722908.584,763900
19723155.896,764000
19723384.189,764100
19723641.971,764200
19723884.264,764300
19724137.383,764400
19724451.795,764500
19724745.907,764600
19725003.911,764700
19725278.174,764800
19725478.863,764900
19725735.242,765000
19725956.263,765100
19726186.793,765200
19726394.305,765300
19726643.383,765400
19726839.675,765500
19727061.073,765600
19727305.769,765700
19727524.722,765800
19727710.603,765900
19727926.800,766000
19728136.112,766100
19728361.445,766200
19728532.958,766300
19728705.202,766400
19728886.544,766500
19729065.279,766600
19729342.553,766700
19729631.324,766800
19729820.586,766900
19730008.396,767000
19730210.622,767100
19730409.364,767200
19730607.393,767300
19730798.761,767400
19731018.953,767500
19731232.441,767600
19731422.803,767700
19731653.506,767800
19731855.046,767900
19732043.767,768000
19732267.717,768100
19732504.912,768200
19732725.047,768300
19732933.447,768400
19733142.565,768500
19733335.061,768600
19733572.938,768700
19733808.618,768800
19733968.205,768900
19734136.149,769000
19734353.358,769100
19734652.402,769200
19734833.143,769300
19735046.134,769400
19735265.643,769500
19735506.378,769600
19735684.755,769700
19735890.204,769800
19736044.999,769900
19751546.473,770000
19752267.476,770100
19752579.305,770200
19752829.086,770300
19753087.395,770400
19753285.398,770500
19753550.857,770600
19753731.927,770700
19753897.442,770800
19754092.536,770900
19754250.793,771000
19754443.154,771100
19754756.931,771200
19755059.092,771300
19755279.805,771400
19755563.444,771500
19755809.761,771600
19756045.574,771700
19756290.548,771800
19756509.109,771900
19756696.139,772000
19756867.342,772100
19757042.748,772200
19757290.044,772300
19757479.657,772400
19757708.444,772500
19757934.150,772600
19758128.379,772700
19758340.565,772800
19758582.690,772900
19758773.119,773000
19758960.939,773100
19759149.284,773200
19759359.378,773300
19759556.664,773400
19759764.715,773500
19759955.162,773600
19760132.751,773700
19760344.118,773800
19760520.307,773900
19760705.690,774000
19760906.280,774100
19761071.434,774200
19761272.357,774300
19761510.466,774400
19761763.989,774500
19762019.989,774600
19762252.508,774700
19762480.462,774800
19762707.465,774900
19762923.150,775000
19763118.041,775100
19763288.016,775200
19763492.793,775300
19763683.479,775400
19763893.253,775500
19764109.201,775600
19764300.084,775700
19764515.561,775800
19764697.193,775900
19764890.323,776000
19765068.278,776100
19765216.012,776200
19765418.002,776300
19765613.376,776400
19765784.962,776500
19765963.861,776600
19766156.249,776700
19766351.897,776800
19766573.592,776900
19766786.510,777000
19766997.716,777100
19767218.327,777200
19767405.225,777300
19767626.196,777400
19767823.987,777500
19768042.980,777600
19768279.279,777700
19768500.294,777800
19768721.484,777900
19768953.309,778000
19769176.349,778100
19769423.331,778200
19769644.151,778300
19769831.006,778400
19770032.896,778500
19770272.694,778600
19770487.921,778700
19770697.614,778800
19770893.315,778900
19771082.898,779000
19771302.854,779100
19771505.735,779200
19771693.123,779300
19771886.731,779400
19772100.951,779500
19772310.416,779600
19772532.157,779700
19772744.640,779800
19772968.324,779900
19791164.492,780000
19791989.079,780100
19792362.533,780200
19792579.535,780300
19792793.373,780400
19792974.162,780500
19793208.236,780600
19793481.672,780700
19793731.209,780800
19793980.491,780900
19794233.884,781000
19794456.001,781100
19794682.067,781200
19794928.193,781300
19795134.461,781400
19795311.795,781500
19795538.106,781600
19795770.116,781700
19795993.309,781800
19796228.991,781900
19796420.900,782000
19796615.452,782100
19796794.982,782200
19796966.938,782300
19797170.725,782400
19797380.546,782500
19797570.868,782600
19797799.806,782700
19798023.024,782800
19798258.805,782900
19798501.700,783000
19798726.844,783100
19798925.077,783200
19799161.315,783300
19799401.998,783400
19799637.870,783500
19799858.202,783600
19800084.796,783700
19800319.466,783800
19800544.487,783900
19800779.114,784000
19801016.436,784100
19801207.880,784200
19801428.165,784300
19801662.508,784400
19801852.698,784500
19802047.638,784600
19802265.959,784700
19802519.025,784800
19802784.149,784900
19803057.438,785000
19803290.647,785100
19803540.420,785200
19803787.683,785300
19804043.547,785400
19804291.315,785500
19804537.859,785600
19804776.692,785700
19805018.521,785800
19805273.660,785900
19805535.605,786000
19805777.682,786100
19806051.910,786200
19806294.078,786300
19806532.291,786400
19806756.098,786500
19806968.487,786600
19807162.115,786700
19807374.784,786800
19807625.800,786900
19807868.888,787000
19808095.330,787100
19808349.972,787200
19808589.456,787300
19808817.963,787400
19809041.814,787500
19809271.434,787600
19809478.464,787700
19809688.824,787800
19809903.105,787900
19810126.099,788000
19810354.222,788100
19810588.518,788200
19810814.796,788300
19811047.785,788400
19811242.478,788500
19811443.678,788600
19811628.193,788700
19811827.240,788800
19812030.039,788900
19812240.813,789000
19812446.316,789100
19812643.109,789200
19812853.306,789300
19813070.741,789400
19813265.826,789500
19813459.072,789600
19813650.325,789700
19813858.996,789800
19814072.666,789900
19839133.008,790000
19839818.801,790100
19840159.450,790200
19840465.147,790300
19840749.990,790400
19840991.494,790500
19841237.335,790600
19841455.146,790700
19841681.948,790800
19841916.426,790900
19842148.325,791000
19842388.227,791100
19842618.760,791200
19842849.678,791300
19843091.472,791400
19843331.732,791500
19843559.998,791600
19843777.247,791700
19843982.023,791800
19844209.827,791900
19844439.864,792000
19844661.460,792100
19844906.022,792200
19845142.591,792300
19845379.416,792400
19845611.459,792500
19845850.102,792600
19846072.635,792700
19846310.146,792800
19846540.000,792900
19846775.526,793000
19846997.775,793100
19847257.437,793200
19847515.220,793300
19847735.722,793400
19847964.640,793500
19848197.251,793600
19848438.123,793700
19848677.502,793800
19848887.979,793900
19849119.705,794000
19849374.060,794100
19849607.089,794200
19849858.864,794300
19850105.067,794400
19850336.003,794500
19850549.124,794600
19850811.620,794700
19851025.296,794800
19851236.121,794900
19851448.577,795000
19851698.392,795100
19851937.078,795200
19852198.712,795300
19852481.170,795400
19852736.418,795500
19853005.658,795600
19853254.322,795700
19853498.106,795800
19853719.834,795900
19853967.596,796000
19854209.001,796100
19854446.516,796200
19854699.604,796300
19854940.927,796400
19855178.676,796500
19855431.569,796600
19855680.001,796700
19855948.271,796800
19856216.668,796900
19856488.696,797000
19856751.620,797100
19857038.966,797200
19857276.461,797300
19857525.208,797400
19857789.654,797500
19858007.863,797600
19858225.979,797700
19858443.366,797800
19858649.532,797900
19858857.780,798000
19859072.552,798100
19859328.852,798200
19859570.407,798300
19859809.802,798400
19860068.236,798500
19860335.803,798600
19860594.003,798700
19860832.204,798800
19861058.995,798900
19861277.645,799000
19861518.998,799100
19861741.386,799200
19861971.212,799300
19862184.958,799400
19862427.245,799500
19862696.480,799600
19863142.240,799700
19863602.403,799800
19863930.175,799900
19882972.432,800000
19883678.709,800100
19883995.114,800200
19884311.311,800300
19884591.365,800400
19884857.585,800500
19885114.600,800600
19885378.943,800700
19885609.845,800800
19885852.828,800900
19886073.479,801000
19886334.693,801100
19886593.670,801200
19886865.522,801300
19887118.453,801400
19887360.040,801500
19887613.361,801600
19887875.104,801700
19888102.379,801800
19888322.288,801900
19888540.189,802000
19888771.664,802100
19889030.560,802200
19889299.660,802300
19889520.892,802400
19889762.340,802500
19890011.116,802600
19890240.760,802700
19890452.383,802800
19890688.896,802900
19890912.410,803000
19891125.365,803100
19891379.811,803200
19891592.927,803300
19891835.278,803400
19892084.173,803500
19892315.635,803600
19892589.448,803700
19892861.905,803800
19893105.293,803900
19893331.546,804000
19893568.751,804100
19893806.757,804200
19894081.194,804300
19894340.869,804400
19894588.502,804500
19894884.051,804600
19895126.757,804700
19895371.654,804800
19895623.651,804900
19895860.268,805000
19896098.136,805100
19896367.812,805200
19896595.072,805300
19896863.591,805400
19897116.039,805500
19897396.039,805600
19897635.140,805700
19897883.407,805800
19898102.571,805900
19898304.173,806000
19898508.962,806100
19898719.191,806200
19898962.068,806300
19899220.461,806400
19899463.546,806500
19899707.484,806600
19899937.591,806700
19900190.926,806800
19900414.523,806900
19900631.135,807000
19900852.595,807100
19901080.755,807200
19901314.573,807300
19901569.072,807400
19901801.783,807500
19902024.955,807600
19902266.609,807700
19902484.215,807800
19902734.276,807900
19902953.687,808000
19903178.990,808100
19903435.883,808200
19903677.213,808300
19903988.813,808400
19904288.092,808500
19904555.986,808600
19904835.022,808700
19905117.476,808800
19905388.028,808900
19905630.012,809000
19905874.984,809100
19906162.400,809200
19906495.594,809300
19906832.043,809400
19907145.258,809500
19907422.206,809600
19907703.025,809700
19908037.099,809800
19908358.739,809900
19929377.432,810000
19930148.765,810100
19930638.416,810200
19930998.626,810300
19931349.994,810400
19931711.953,810500
19931992.619,810600
19932284.556,810700
19932565.723,810800
19932804.183,810900
19933077.451,811000
19933333.380,811100
19933582.296,811200
19933834.653,811300
19934077.668,811400
19934299.427,811500
19934573.362,811600
19934815.642,811700
19935096.357,811800
19935364.989,811900
19935626.298,812000
19935898.024,812100
19936142.647,812200
19936352.124,812300
19936608.033,812400
19936897.815,812500
19937157.070,812600
19937440.606,812700
19937734.841,812800
19937982.172,812900
19938265.882,813000
19938539.681,813100
19938795.608,813200
19939038.948,813300
19939295.078,813400
19939530.995,813500
19939835.163,813600
19940157.563,813700
19940431.941,813800
19940717.348,813900
19941004.370,814000
19941272.363,814100
19941494.768,814200
19941738.126,814300
19941971.748,814400
19942207.667,814500
19942485.388,814600
19942720.444,814700
19942975.284,814800
19943245.292,814900
19943525.923,815000
19943761.466,815100
19944007.286,815200
19944232.582,815300
19944443.979,815400
19944694.214,815500
19944950.662,815600
19945238.536,815700
19945584.763,815800
19945834.875,815900
19946094.251,816000
19946377.786,816100
19946660.861,816200
19946897.220,816300
19947146.348,816400
19947355.517,816500
19947610.552,816600
19947898.356,816700
19948182.612,816800
19948437.871,816900
19948690.126,817000
19948945.465,817100
19949206.262,817200
19949431.835,817300
19949664.713,817400
19949861.631,817500
19950094.397,817600
19950344.143,817700
19950579.634,817800
19950865.144,817900
19951128.560,818000
19951366.347,818100
19951682.632,818200
19951975.241,818300
19952226.045,818400
19952462.564,818500
19952711.623,818600
19952988.245,818700
19953278.994,818800
19953589.058,818900
19953885.150,819000
19954210.533,819100
19954572.217,819200
19954843.984,819300
19955139.535,819400
19955402.032,819500
19955631.662,819600
19955911.662,819700
19956253.478,819800
19956531.687,819900
19989331.733,820000
19990284.039,820100
19990815.526,820200
19991219.496,820300
19991512.449,820400
19991781.631,820500
19992046.524,820600
19992316.397,820700
19992616.964,820800
19992899.352,820900
19993151.253,821000
19993373.139,821100
19993608.874,821200
19993837.075,821300
19994085.042,821400
19994291.895,821500
19994499.468,821600
19994724.343,821700
19994950.819,821800
19995188.518,821900
19995422.524,822000
19995643.510,822100
19995869.485,822200
19996093.064,822300
19996321.249,822400
19996585.101,822500
19996817.603,822600
19997034.003,822700
19997250.392,822800
19997463.120,822900
19997676.045,823000
19997913.269,823100
19998130.116,823200
19998397.636,823300
19998647.553,823400
19998900.862,823500
19999143.326,823600
19999342.458,823700
19999565.123,823800
19999797.793,823900
20000062.281,824000
20000359.148,824100
20000614.813,824200
20000877.947,824300
20001163.213,824400
20001427.871,824500
20001682.106,824600
20001969.791,824700
20002255.546,824800
20002523.109,824900
20002813.993,825000
20003110.979,825100
20003387.462,825200
20003634.415,825300
20003910.257,825400
20004173.674,825500
20004445.353,825600
20004647.693,825700
20004850.673,825800
20005096.288,825900
20005353.474,826000
20005644.509,826100
20005914.592,826200
20006160.121,826300
20006416.778,826400
20006681.130,826500
20006931.340,826600
20007161.589,826700
20007412.144,826800
20007687.554,826900
20007918.010,827000
20008180.820,827100
20008483.150,827200
20008829.306,827300
20009167.217,827400
20009451.905,827500
20009782.941,827600
20010046.541,827700
20010284.768,827800
20010533.369,827900
20010812.121,828000
20011099.401,828100
20011469.002,828200
20011821.425,828300
20012166.659,828400
20012472.257,828500
20012754.465,828600
20013020.345,828700
20013264.703,828800
20013533.130,828900
20013811.017,829000
20014116.947,829100
20014399.733,829200
20014717.688,829300
20014967.135,829400
20015237.009,829500
20015552.943,829600
20015835.787,829700
20016145.141,829800
20016461.140,829900
20047798.484,830000
20048765.400,830100
20049284.734,830200
20049701.983,830300
20049988.634,830400
20050317.995,830500
20050604.750,830600
20050922.587,830700
20051239.536,830800
20051534.063,830900
20051817.159,831000
20052115.312,831100
20052424.369,831200
20052709.086,831300
20052961.473,831400
20053235.998,831500
20053528.270,831600
20053780.388,831700
20054049.030,831800
20054304.405,831900
20054582.969,832000
20054868.282,832100
20055175.607,832200
20055512.332,832300
20055824.328,832400
20056255.258,832500
20056634.191,832600
20056962.529,832700
20057280.354,832800
20057600.027,832900
20057870.858,833000
20058168.884,833100
20058512.976,833200
20058857.234,833300
20059156.203,833400
20059466.835,833500
20059743.424,833600
20060003.566,833700
20060271.391,833800
20060539.383,833900
20060814.002,834000
20061111.506,834100
20061387.880,834200
20061728.261,834300
20062059.741,834400
20062369.958,834500
20062686.328,834600
20063006.090,834700
20063325.199,834800
20063641.041,834900
20063954.873,835000
20064247.510,835100
20064534.848,835200
20064842.156,835300
20065139.608,835400
20065409.585,835500
20065740.361,835600
20066041.612,835700
20066321.492,835800
20066634.901,835900
20066932.233,836000
20067241.302,836100
20067577.844,836200
20067893.427,836300
20068213.574,836400
20068477.969,836500
20068788.202,836600
20069073.338,836700
20069347.549,836800
20069619.359,836900
20069883.022,837000
20070129.043,837100
20070371.934,837200
20070685.418,837300
20070981.288,837400
20071296.644,837500
20071614.034,837600
20071920.233,837700
20072250.134,837800
20072550.644,837900
20072826.421,838000
20073075.357,838100
20073354.261,838200
20073632.471,838300
20073897.422,838400
20074172.593,838500
20074428.622,838600
20074692.806,838700
20074961.692,838800
20075249.596,838900
20075489.100,839000
20075742.422,839100
20075990.633,839200
20076237.547,839300
20076493.241,839400
20076741.158,839500
20076987.896,839600
20077232.808,839700
20077480.016,839800
20077733.101,839900
20109325.252,840000
20109901.848,840100
20110233.431,840200
20110547.112,840300
20110879.170,840400
20111106.192,840500
20111352.585,840600
20111664.384,840700
20111956.562,840800
20112260.242,840900
20112551.899,841000
20112821.090,841100
20113068.394,841200
20113326.327,841300
20113609.489,841400
20113866.621,841500
20114131.160,841600
20114417.359,841700
20114655.325,841800
20114914.320,841900
20115173.246,842000
20115397.856,842100
20115607.667,842200
20115846.878,842300
20116107.817,842400
20116362.687,842500
20116622.058,842600
20116860.579,842700
20117087.904,842800
20117317.280,842900
20117510.102,843000
20117746.921,843100
20117977.598,843200
20118236.152,843300
20118533.820,843400
20118826.009,843500
20119121.146,843600
20119405.367,843700
20119662.015,843800
20119911.822,843900
20120151.249,844000
20120424.214,844100
20120686.268,844200
20120933.087,844300
20121206.377,844400
20121493.102,844500
20121773.875,844600
20122017.365,844700
20122269.514,844800
20122507.728,844900
20122770.017,845000
20122971.244,845100
20123188.845,845200
20123412.694,845300
20123671.781,845400
20123923.544,845500
20124196.148,845600
20124412.554,845700
20124699.223,845800
20124954.871,845900
20125188.872,846000
20125415.678,846100
20125649.465,846200
20125876.725,846300
20126150.916,846400
20126382.042,846500
20126648.124,846600
20126912.206,846700
20127175.438,846800
20127436.241,846900
20127676.844,847000
20127925.740,847100
20128190.756,847200
20128416.686,847300
20128708.949,847400
20128999.824,847500
20129294.511,847600
20129598.624,847700
20129855.168,847800
20130107.196,847900
20130382.248,848000
20130708.286,848100
20131052.463,848200
20131390.421,848300
20131732.271,848400
20132042.086,848500
20132368.923,848600
20132681.143,848700
20132995.477,848800
20133284.008,848900
20133573.810,849000
20133844.666,849100
20134131.824,849200
20134407.286,849300
20134714.061,849400
20134993.539,849500
20135279.084,849600
20135626.828,849700
20135942.941,849800
20136257.208,849900
20167318.348,850000
20168080.104,850100
20168543.916,850200
20168955.297,850300
20169305.879,850400
20169611.895,850500
20169955.797,850600
20170244.044,850700
20170570.067,850800
20170956.594,850900
20171483.297,851000
20171788.059,851100
20172127.242,851200
20172447.258,851300
20172736.178,851400
20173075.273,851500
20173386.204,851600
20173686.552,851700
20174001.710,851800
20174341.035,851900
20174590.267,852000
20174869.652,852100
20175177.887,852200
20175485.340,852300
20175806.145,852400
20176161.773,852500
20176427.776,852600
20176735.007,852700
20177041.360,852800
20177318.399,852900
20177590.888,853000
20177850.604,853100
20178104.662,853200
20178366.368,853300
20178633.731,853400
20178858.628,853500
20179107.305,853600
20179351.968,853700
20179639.344,853800
20179909.019,853900
20180170.516,854000
20180495.649,854100
20180806.651,854200
20181082.050,854300
20181324.440,854400
20181584.954,854500
20181853.470,854600
20182106.776,854700
20182363.596,854800
20182660.620,854900
20182955.920,855000
20183267.384,855100
20183559.700,855200
20183850.220,855300
20184163.321,855400
20184492.563,855500
20184813.262,855600
20185161.193,855700
20185483.628,855800
20185762.130,855900
20186072.781,856000
20186407.553,856100
20186673.961,856200
20186977.517,856300
20187348.204,856400
20187699.550,856500
20188032.985,856600
20188313.275,856700
20188592.949,856800
20188841.473,856900
20189102.042,857000
20189366.157,857100
20189589.708,857200
20189823.362,857300
20190065.099,857400
20190340.445,857500
20190598.358,857600
20190872.214,857700
20191142.646,857800
20191397.781,857900
20191634.754,858000
20191862.800,858100
20192164.959,858200
20192459.512,858300
20192718.264,858400
20192998.871,858500
20193315.866,858600
20193605.427,858700
20193847.533,858800
20194140.281,858900
20194458.172,859000
20194795.177,859100
20195109.550,859200
20195376.774,859300
20195648.997,859400
20195912.704,859500
20196177.037,859600
20196416.063,859700
20196673.149,859800
20196976.193,859900
20229317.659,860000
20230173.411,860100
20230624.514,860200
20230937.047,860300
20231232.555,860400
20231490.085,860500
20231801.025,860600
20232088.250,860700
20232384.937,860800
20232674.040,860900
20232953.043,861000
20233278.584,861100
20233577.669,861200
20233814.077,861300
20234070.793,861400
20234327.856,861500
20234615.823,861600
20234872.790,861700
20235142.225,861800
20235432.037,861900
20235736.418,862000
20236034.710,862100
20236343.106,862200
20236599.105,862300
20236850.634,862400
20237103.319,862500
20237404.608,862600
20237685.329,862700
20237931.812,862800
20238222.785,862900
20238508.893,863000
20238791.661,863100
20239027.461,863200
20239285.527,863300
20239526.801,863400
20239807.885,863500
20240092.364,863600
20240377.425,863700
20240610.409,863800
20240872.663,863900
20241150.703,864000
20241415.333,864100
20241687.843,864200
20241935.520,864300
20242181.566,864400
20242427.551,864500
20242688.844,864600
20242945.784,864700
20243207.085,864800
20243478.550,864900
20243734.104,865000
20244007.490,865100
20244273.900,865200
20244531.179,865300
20244789.408,865400
20245041.232,865500
20245320.465,865600
20245613.953,865700
20245908.313,865800
20246204.283,865900
20246490.281,866000
20246785.572,866100
20247093.166,866200
20247361.282,866300
20247643.630,866400
20247924.181,866500
20248180.890,866600
20248461.618,866700
20248731.071,866800
20249018.723,866900
20249283.278,867000
20249611.101,867100
20249889.771,867200
20250174.332,867300
20250472.396,867400
20250774.885,867500
20251047.458,867600
20251304.974,867700
20251594.707,867800
20251901.425,867900
20252281.033,868000
20252585.368,868100
20252911.275,868200
20253250.144,868300
20253527.168,868400
20253854.431,868500
20254146.019,868600
20254484.177,868700
20254781.359,868800
20255094.261,868900
20255422.902,869000
20255794.407,869100
20256150.775,869200
20256457.040,869300
20256786.162,869400
20257134.701,869500
20257437.763,869600
20257747.334,869700
20258098.757,869800
20258508.160,869900
20289398.660,870000
20290209.869,870100
20290777.513,870200
20291244.401,870300
20291655.839,870400
20291980.482,870500
20292284.604,870600
20292569.044,870700
20292864.232,870800
20293155.289,870900
20293413.310,871000
20293701.784,871100
20293968.331,871200
20294260.647,871300
20294650.057,871400
20294967.067,871500
20295297.389,871600
20295608.369,871700
20295916.307,871800
20296206.408,871900
20296531.780,872000
20296817.225,872100
20297112.084,872200
20297399.977,872300
20297676.873,872400
20297973.333,872500
20298258.438,872600
20298544.706,872700
20298811.038,872800
20299123.713,872900
20299474.569,873000
20299771.731,873100
20300077.172,873200
20300384.303,873300
20300729.208,873400
20301065.976,873500
20301376.983,873600
20301674.211,873700
20302003.822,873800
20302308.742,873900
20302605.819,874000
20302945.630,874100
20303273.427,874200
20303567.488,874300
20303860.895,874400
20304183.993,874500
20304474.105,874600
20304750.047,874700
20305031.273,874800
20305328.249,874900
20305661.015,875000
20306014.347,875100
20306350.128,875200
20306674.265,875300
20307010.125,875400
20307349.350,875500
20307674.859,875600
20308004.690,875700
20308324.172,875800
20308630.830,875900
20308928.727,876000
20309277.576,876100
20309599.420,876200
20309891.973,876300
20310211.603,876400
20310533.669,876500
20310843.250,876600
20311147.770,876700
20311439.406,876800
20311690.707,876900
20311992.816,877000
20312290.937,877100
20312585.610,877200
20312879.327,877300
20313152.503,877400
20313440.610,877500
20313724.611,877600
20314014.249,877700
20314268.830,877800
20314541.815,877900
20314794.774,878000
20315066.926,878100
20315432.196,878200
20315814.631,878300
20316137.102,878400
20316425.239,878500
20316698.045,878600
20317017.516,878700
20317261.720,878800
20317574.210,878900
20317852.715,879000
20318147.830,879100
20318422.968,879200
20319086.543,879300
20319819.585,879400
20320359.478,879500
20320821.385,879600
20321298.840,879700
20321710.595,879800
20322111.684,879900
20349972.586,880000
20350988.257,880100
20351541.589,880200
20352123.520,880300
20352570.711,880400
20352930.098,880500
20353306.430,880600
20353661.239,880700
20353973.386,880800
20354257.437,880900
20354569.302,881000
20354943.094,881100
20355383.880,881200
20355703.439,881300
20356004.357,881400
20356266.857,881500
20356565.528,881600
20356870.701,881700
20357105.477,881800
20357379.043,881900
20357635.631,882000
20357989.320,882100
20358326.882,882200
20358664.921,882300
20358960.889,882400
20359238.221,882500
20359539.532,882600
20359801.461,882700
20360068.227,882800
20360300.474,882900
20360563.852,883000
20360817.618,883100
20361121.143,883200
20361411.775,883300
20361738.597,883400
20362050.190,883500
20362320.142,883600
20362626.861,883700
20362922.140,883800
20363167.333,883900
20363410.616,884000
20363671.989,884100
20363981.975,884200
20364649.639,884300
20364986.906,884400
20365350.687,884500
20365662.630,884600
20365980.144,884700
20366338.465,884800
20366623.935,884900
20366889.848,885000
20367170.915,885100
20367498.430,885200
20367838.803,885300
20368148.755,885400
20368505.751,885500
20368858.431,885600
20369183.406,885700
20369551.614,885800
20369908.117,885900
20370181.126,886000
20370528.431,886100
20370861.470,886200
20371216.051,886300
20371578.812,886400
20371963.807,886500
20372336.826,886600
20372720.616,886700
20373119.014,886800
20373462.876,886900
20373772.660,887000
20374097.379,887100
20374452.601,887200
20374786.435,887300
20375125.628,887400
20375420.536,887500
20375707.801,887600
20376032.159,887700
20376333.897,887800
20376599.445,887900
20376894.907,888000
20377217.185,888100
20377568.648,888200
20377886.860,888300
20378228.117,888400
20378507.889,888500
20378831.714,888600
20379182.008,888700
20379490.747,888800
20379772.832,888900
20380045.474,889000
20380300.592,889100
20380578.831,889200
20380930.149,889300
20381218.174,889400
20381495.081,889500
20381823.262,889600
20382136.066,889700
20382428.552,889800
20382761.557,889900
20410037.747,890000
20410892.932,890100
20411342.637,890200
20411786.317,890300
20412152.356,890400
20412495.834,890500
20412796.860,890600
20413105.211,890700
20413440.361,890800
20413701.347,890900
20413971.352,891000
20414229.714,891100
20414493.280,891200
20414763.261,891300
20415134.799,891400
20415374.904,891500
20415670.094,891600
20415975.002,891700
20416227.196,891800
20416488.333,891900
20416757.592,892000
20416989.883,892100
20417213.505,892200
20417423.343,892300
20417687.482,892400
20417917.627,892500
20418181.950,892600
20418457.125,892700
20418712.499,892800
20418989.019,892900
20419248.307,893000
20419538.447,893100
20419780.078,893200
20420043.312,893300
20420323.950,893400
20420618.734,893500
20420936.171,893600
20421273.018,893700
20421565.719,893800
20421838.547,893900
20422129.998,894000
20422407.737,894100
20422679.036,894200
20423233.859,894300
20423600.535,894400
20423944.173,894500
20424308.209,894600
20424664.282,894700
20425014.708,894800
20425321.967,894900
20425694.381,895000
20425943.785,895100
20426196.783,895200
20426449.842,895300
20426726.418,895400
20427001.719,895500
20427355.227,895600
20427704.422,895700
20428013.364,895800
20428374.875,895900
20428753.804,896000
20429057.896,896100
20429375.666,896200
20429646.166,896300
20429943.197,896400
20430248.876,896500
20430644.552,896600
20431001.016,896700
20431288.534,896800
20431627.609,896900
20431935.645,897000
20432277.317,897100
20432558.085,897200
20432805.665,897300
20433085.620,897400
20433402.562,897500
20433698.807,897600
20434038.381,897700
20434382.335,897800
20434769.739,897900
20435081.450,898000
20435389.298,898100
20435703.454,898200
20435942.965,898300
20436213.505,898400
20436537.045,898500
20436795.811,898600
20437150.897,898700
20437452.995,898800
20437699.567,898900
20437993.481,899000
20438312.635,899100
20438603.738,899200
20438847.173,899300
20439132.119,899400
20439447.940,899500
20439769.825,899600
20440122.319,899700
20440452.093,899800
20440754.239,899900
20469461.916,900000
20470453.743,900100
20470815.048,900200
20471120.096,900300
20471414.380,900400
20471703.262,900500
20472029.603,900600
20472328.626,900700
20472614.239,900800
20472893.958,900900
20473192.371,901000
20473466.394,901100
20473734.656,901200
20473949.315,901300
20474189.758,901400
20474406.767,901500
20474700.410,901600
20474990.788,901700
20475288.886,901800
20475599.828,901900
20475888.716,902000
20476196.686,902100
20476447.808,902200
20476763.372,902300
20477039.952,902400
20477375.208,902500
20477708.625,902600
20478002.476,902700
20478291.815,902800
20478600.640,902900
20478903.405,903000
20479170.762,903100
20479417.180,903200
20479610.321,903300
20479849.531,903400
20480161.764,903500
20480483.873,903600
20480769.363,903700
20481080.628,903800
20481387.042,903900
20481644.063,904000
20481872.537,904100
20482116.947,904200
20482352.846,904300
20482607.679,904400
20482901.026,904500
20483208.028,904600
20483509.695,904700
20483801.225,904800
20484095.513,904900
20484427.046,905000
20484775.109,905100
20485057.018,905200
20485368.947,905300
20485653.166,905400
20485982.161,905500
20486315.462,905600
20486568.563,905700
20486858.005,905800
20487211.321,905900
20487531.043,906000
20487898.171,906100
20488189.585,906200
20488523.002,906300
20488782.204,906400
20489068.770,906500
20489381.617,906600
20489651.161,906700
20490038.673,906800
20490344.250,906900
20490616.784,907000
20490898.035,907100
20491174.444,907200
20491434.494,907300
20491712.583,907400
20492019.519,907500
20492308.936,907600
20492695.293,907700
20492983.693,907800
20493298.876,907900
20493610.535,908000
20493889.046,908100
20494240.430,908200
20494526.505,908300
20494774.138,908400
20495029.277,908500
20495301.329,908600
20495571.367,908700
20495900.432,908800
20496182.790,908900
20496453.337,909000
20496770.192,909100
20497083.643,909200
20497457.243,909300
20497739.450,909400
20498029.079,909500
20498377.707,909600
20498663.878,909700
20498955.212,909800
20499266.489,909900
20529365.188,910000
20530420.332,910100
20530941.462,910200
20531284.108,910300
20531571.073,910400
20531818.601,910500
20532083.853,910600
20532366.273,910700
20532650.151,910800
20532923.140,910900
20533186.291,911000
20533442.103,911100
20533697.986,911200
20533965.210,911300
20534211.863,911400
20534425.604,911500
20534654.728,911600
20534932.068,911700
20535223.463,911800
20535498.355,911900
20535808.514,912000
20536061.034,912100
20536340.512,912200
20536607.207,912300
20536845.877,912400
20537113.007,912500
20537361.556,912600
20537600.833,912700
20537859.135,912800
20538086.089,912900
20538368.394,913000
20538673.803,913100
20538953.504,913200
20539246.388,913300
20539526.626,913400
20539750.837,913500
20539982.563,913600
20540222.745,913700
20540499.664,913800
20540765.866,913900
20541017.326,914000
20541284.425,914100
20541532.322,914200
20541799.301,914300
20542099.726,914400
20542407.561,914500
20542655.211,914600
20542895.055,914700
20543141.530,914800
20543458.784,914900
20543738.632,915000
20544016.020,915100
20544316.895,915200
20544588.466,915300
20544865.742,915400
20545131.136,915500
20545354.857,915600
20545616.882,915700
20545870.715,915800
20546138.747,915900
20546420.198,916000
20546723.049,916100
20547001.674,916200
20547297.054,916300
20547617.645,916400
20547919.964,916500
20548177.962,916600
20548453.432,916700
20548677.688,916800
20548933.932,916900
20549246.342,917000
20549528.345,917100
20549809.480,917200
20550148.017,917300
20550464.712,917400
20550805.345,917500
20551170.590,917600
20551467.946,917700
20551789.988,917800
20552069.921,917900
20552440.219,918000
20552805.345,918100
20553199.709,918200
20553616.841,918300
20553965.195,918400
20554335.691,918500
20554663.586,918600
20554909.891,918700
20555245.227,918800
20555517.573,918900
20555770.012,919000
20556058.526,919100
20556323.372,919200
20556639.481,919300
20556965.775,919400
20557206.355,919500
20557522.406,919600
20557765.489,919700
20557981.113,919800
20558255.590,919900
20587827.392,920000
20588595.486,920100
20589122.333,920200
20589487.247,920300
20589802.210,920400
20590103.228,920500
20590371.556,920600
20590582.848,920700
20590817.649,920800
20591043.248,920900
20591307.435,921000
20591594.792,921100
20591828.323,921200
20592086.907,921300
20592362.580,921400
20592622.803,921500
20592863.662,921600
20593125.017,921700
20593386.635,921800
20593591.900,921900
20593852.011,922000
20594163.838,922100
20594456.078,922200
20594760.707,922300
20595045.662,922400
20595311.874,922500
20595609.425,922600
20595907.430,922700
20596178.768,922800
20596420.428,922900
20596698.917,923000
20596983.395,923100
20597253.958,923200
20597515.295,923300
20597769.652,923400
20598030.083,923500
20598332.933,923600
20598635.685,923700
20598933.972,923800
20599166.041,923900
20599427.810,924000
20599784.989,924100
20600142.439,924200
20600433.985,924300
20600744.718,924400
20601064.510,924500
20601413.062,924600
20601726.737,924700
20602061.340,924800
20602322.117,924900
20602581.225,925000
20602898.045,925100
20603257.200,925200
20603514.313,925300
20603813.004,925400
20604080.590,925500
20604370.261,925600
20604630.369,925700
20604891.062,925800
20605140.858,925900
20605419.134,926000
20605741.982,926100
20606081.715,926200
20606367.477,926300
20606664.271,926400
20606982.111,926500
20607296.240,926600
20607510.845,926700
20607728.002,926800
20607950.140,926900
20608201.336,927000
20608487.563,927100
20608827.623,927200
20609109.683,927300
20609373.869,927400
20609725.468,927500
20610045.319,927600
20610277.987,927700
20610566.674,927800
20610822.183,927900
20611118.201,928000
20611358.836,928100
20611692.799,928200
20611982.468,928300
20612278.866,928400
20612590.792,928500
20612877.908,928600
20613099.614,928700
20613370.468,928800
20613630.160,928900
20613918.864,929000
20614186.840,929100
20614471.438,929200
20614723.442,929300
20614951.395,929400
20615210.363,929500
20615437.841,929600
20615677.976,929700
20615944.685,929800
20616182.505,929900
20645905.711,930000
20646723.557,930100
20647328.030,930200
20647783.629,930300
20648166.097,930400
20648466.075,930500
20648780.031,930600
20649055.773,930700
20649308.216,930800
20649631.096,930900
20649867.718,931000
20650147.643,931100
20650418.441,931200
20650658.411,931300
20650884.602,931400
20651143.692,931500
20651407.298,931600
20651604.401,931700
20651861.537,931800
20652087.754,931900
20652319.599,932000
20652574.952,932100
20652860.287,932200
20653132.136,932300
20653397.739,932400
20653666.618,932500
20653972.103,932600
20654199.287,932700
20654424.278,932800
20654662.737,932900
20654887.779,933000
20655164.172,933100
20655448.822,933200
20655761.330,933300
20656001.387,933400
20656234.393,933500
20656529.542,933600
20656807.993,933700
20657091.596,933800
20657377.197,933900
20657629.948,934000
20657940.807,934100
20658213.998,934200
20658531.501,934300
20658825.100,934400
20659086.328,934500
20659409.453,934600
20659686.928,934700
20660006.447,934800
20660311.192,934900
20660593.758,935000
20660923.188,935100
20661349.175,935200
20661679.772,935300
20661915.667,935400
20662164.483,935500
20662378.117,935600
20662606.316,935700
20662857.316,935800
20663071.508,935900
20663343.485,936000
20663608.295,936100
20663810.517,936200
20664059.568,936300
20664323.842,936400
20664553.397,936500
20664791.849,936600
20664970.934,936700
20665163.731,936800
20665377.264,936900
20665592.045,937000
20665806.677,937100
20666055.055,937200
20666305.200,937300
20666504.273,937400
20666770.732,937500
20667031.115,937600
20667296.857,937700
20667498.884,937800
20667751.076,937900
20668136.111,938000
20668439.751,938100
20668759.937,938200
20669048.979,938300
20669300.692,938400
20669640.283,938500
20669908.902,938600
20670192.204,938700
20670467.848,938800
20670700.079,938900
20670985.297,939000
20671284.900,939100
20671574.902,939200
20671890.503,939300
20672138.691,939400
20672467.497,939500
20672714.492,939600
20672993.781,939700
20673251.757,939800
20673496.666,939900
20690015.167,940000
20690866.333,940100
20691354.103,940200
20691684.649,940300
20691996.221,940400
20692300.401,940500
20692612.016,940600
20692855.659,940700
20693102.215,940800
20693369.116,940900
20693662.065,941000
20693926.064,941100
20694170.232,941200
20694379.988,941300
20694624.993,941400
20694884.324,941500
20695083.938,941600
20695298.300,941700
20695516.906,941800
20695739.813,941900
20695976.719,942000
20696217.965,942100
20696465.765,942200
20696684.659,942300
20696932.538,942400
20697177.034,942500
20697405.815,942600
20697626.150,942700
20697838.727,942800
20698089.735,942900
20698370.098,943000
20698661.297,943100
20698916.664,943200
20699184.408,943300
20699455.710,943400
20699688.873,943500
20699959.056,943600
20700215.475,943700
20700452.024,943800
20700687.805,943900
20700949.050,944000
20701230.481,944100
20701516.461,944200
20701769.278,944300
20702042.288,944400
20702339.394,944500
20702618.212,944600
20702869.866,944700
20703129.007,944800
20703389.320,944900
20703680.998,945000
20703965.660,945100
20704254.961,945200
20704554.733,945300
20704847.654,945400
20705110.531,945500
20705382.216,945600
20705629.551,945700
20705864.667,945800
20706093.788,945900
20706420.271,946000
20706734.077,946100
20707015.758,946200
20707337.556,946300
20707615.681,946400
20707907.792,946500
20708203.130,946600
20708471.994,946700
20708746.958,946800
20709072.381,946900
20709330.198,947000
20709666.716,947100
20709975.718,947200
20710263.008,947300
20710587.835,947400
20710895.337,947500
20711183.210,947600
20711436.045,947700
20711699.149,947800
20712003.321,947900
20712293.250,948000
20712625.991,948100
20712978.048,948200
20713265.412,948300
20713615.465,948400
20713917.602,948500
20714175.329,948600
20714457.114,948700
20714674.528,948800
20714902.751,948900
20715211.382,949000
20715521.018,949100
20715806.162,949200
20716122.357,949300
20716396.229,949400
20716688.764,949500
20716995.555,949600
20717267.937,949700
20717510.907,949800
20717794.959,949900
20739721.610,950000
20740251.018,950100
20740664.416,950200
20741047.836,950300
20741391.347,950400
20741709.707,950500
20741984.216,950600
20742219.686,950700
20742444.209,950800
20742675.954,950900
20742923.215,951000
20743151.187,951100
20743428.349,951200
20743695.402,951300
20743919.081,951400
20744168.423,951500
20744423.074,951600
20744666.594,951700
20744907.837,951800
20745152.273,951900
20745409.404,952000
20745684.496,952100
20745994.814,952200
20746296.555,952300
20746585.287,952400
20746867.357,952500
20747175.450,952600
20747474.248,952700
20747768.120,952800
20748069.605,952900
20748370.524,953000
20748646.425,953100
20748926.574,953200
20749209.292,953300
20749485.907,953400
20749730.145,953500
20750018.210,953600
20750263.198,953700
20750543.713,953800
20750863.975,953900
20751137.819,954000
20751413.189,954100
20751757.192,954200
20752029.787,954300
20752300.511,954400
20752550.400,954500
20752792.795,954600
20753015.848,954700
20753270.845,954800
20753572.565,954900
20753825.787,955000
20754104.476,955100
20754375.920,955200
20754655.436,955300
20754954.201,955400
20755268.270,955500
20755531.075,955600
20755803.964,955700
20756058.909,955800
20756373.828,955900
20756744.964,956000
20757099.196,956100
20757456.770,956200
20757801.379,956300
20758148.221,956400
20758441.141,956500
20758733.284,956600
20759024.732,956700
20759266.198,956800
20759531.581,956900
20759853.388,957000
20760161.298,957100
20760433.618,957200
20760717.605,957300
20761037.889,957400
20761357.949,957500
20761627.716,957600
20761856.525,957700
20762110.871,957800
20762386.249,957900
20762632.978,958000
20763051.086,958100
20763532.752,958200
20763995.361,958300
20764443.098,958400
20764902.025,958500
20765270.226,958600
20765591.240,958700
20765967.575,958800
20766313.252,958900
20766687.684,959000
20767110.908,959100
20767472.898,959200
20767792.928,959300
20768030.463,959400
20768365.017,959500
20768639.838,959600
20768903.047,959700
20769195.127,959800
20769515.403,959900
20799491.031,960000
20800234.337,960100
20800679.773,960200
20801070.876,960300
20801475.095,960400
20801960.588,960500
20802300.372,960600
20802585.850,960700
20802904.588,960800
20803215.310,960900
20803522.567,961000
20803820.468,961100
20804114.934,961200
20804404.956,961300
20804691.907,961400
20804958.020,961500
20805207.914,961600
20805450.552,961700
20805708.792,961800
20805971.868,961900
20806250.373,962000
20806537.541,962100
20806810.422,962200
20807059.985,962300
20807329.722,962400
20807599.586,962500
20807844.270,962600
20808078.311,962700
20808319.139,962800
20808562.094,962900
20808831.424,963000
20809092.300,963100
20809375.097,963200
20809677.169,963300
20810040.352,963400
20810411.857,963500
20810686.004,963600
20810985.154,963700
20811276.036,963800
20811567.869,963900
20811907.864,964000
20812227.594,964100
20812523.661,964200
20812798.819,964300
20813108.050,964400
20813419.467,964500
20813688.025,964600
20813926.157,964700
20814198.527,964800
20814500.693,964900
20814784.970,965000
20815135.998,965100
20815474.701,965200
20815791.879,965300
20816119.393,965400
20816455.561,965500
20816780.187,965600
20817059.223,965700
20817308.853,965800
20817588.345,965900
20817917.561,966000
20818202.222,966100
20818522.486,966200
20818854.383,966300
20819181.133,966400
20819470.593,966500
20819789.386,966600
20820050.890,966700
20820319.645,966800
20820621.140,966900
20820913.379,967000
20821190.706,967100
20821510.903,967200
20821798.597,967300
20822126.933,967400
20822452.055,967500
20822771.091,967600
20823065.112,967700
20823368.884,967800
20823697.519,967900
20824021.586,968000
20824355.469,968100
20824785.682,968200
20825145.990,968300
20825496.391,968400
20825813.048,968500
20826159.710,968600
20826440.007,968700
