timestamp_ms,height
16646.997,0
16650.141,100
16654.849,200
16657.256,300
16659.469,400
16662.107,500
16665.293,600
16668.311,700
16671.109,800
16674.010,900
16676.730,1000
16679.977,1100
16683.012,1200
16685.841,1300
16687.807,1400
16690.194,1500
16693.005,1600
16696.045,1700
16699.064,1800
16702.003,1900
16704.891,2000
16707.153,2100
16709.808,2200
16712.477,2300
16714.956,2400
16717.897,2500
16720.402,2600
16722.644,2700
16725.226,2800
16728.668,2900
16731.702,3000
16734.602,3100
16736.860,3200
16739.835,3300
16742.945,3400
16745.619,3500
16748.236,3600
16750.655,3700
16753.164,3800
16755.151,3900
16757.659,4000
16760.439,4100
16762.659,4200
16765.379,4300
16767.939,4400
16770.564,4500
16773.632,4600
16776.726,4700
16779.428,4800
16781.431,4900
16784.430,5000
16786.953,5100
16789.578,5200
16792.254,5300
16795.187,5400
16797.905,5500
16800.342,5600
16803.204,5700
16805.833,5800
16809.037,5900
16811.556,6000
16813.893,6100
16816.400,6200
16819.268,6300
16822.135,6400
16824.959,6500
16827.880,6600
16830.499,6700
16833.853,6800
16836.144,6900
16838.783,7000
16841.224,7100
16843.109,7200
16845.626,7300
16848.806,7400
16851.813,7500
16854.228,7600
16857.448,7700
16860.255,7800
16863.174,7900
16866.211,8000
16869.306,8100
16872.425,8200
16874.180,8300
16877.264,8400
16879.865,8500
16882.837,8600
16885.495,8700
16888.654,8800
16891.054,8900
16893.450,9000
16896.421,9100
16898.682,9200
16901.702,9300
16904.690,9400
16906.965,9500
16909.621,9600
16912.508,9700
16915.255,9800
16918.008,9900
16920.997,10000
16923.551,10100
16926.603,10200
16929.244,10300
16932.273,10400
16934.672,10500
16936.765,10600
16939.360,10700
16942.216,10800
16945.147,10900
16947.859,11000
16950.720,11100
16953.337,11200
16956.050,11300
16958.618,11400
16961.579,11500
16964.600,11600
16967.177,11700
16969.194,11800
16970.969,11900
16972.685,12000
16975.101,12100
16977.803,12200
16980.789,12300
16983.675,12400
16986.156,12500
16988.953,12600
16991.870,12700
16994.761,12800
16997.276,12900
16999.590,13000
17002.413,13100
17005.248,13200
17008.204,13300
17011.276,13400
17014.465,13500
17017.230,13600
17020.174,13700
17022.556,13800
17025.190,13900
17027.790,14000
17029.862,14100
17032.553,14200
17035.402,14300
17038.548,14400
17040.755,14500
17043.261,14600
17045.963,14700
17048.289,14800
17051.058,14900
17053.765,15000
17056.602,15100
17058.710,15200
17060.984,15300
17063.610,15400
17066.383,15500
17069.396,15600
17071.871,15700
17074.746,15800
17077.315,15900
17080.461,16000
17083.497,16100
17086.311,16200
17089.342,16300
17091.768,16400
17094.243,16500
17096.815,16600
17099.032,16700
17101.747,16800
17104.537,16900
17107.389,17000
17110.171,17100
17113.070,17200
17115.780,17300
17118.728,17400
17120.945,17500
17122.910,17600
17125.530,17700
17128.172,17800
17131.490,17900
17134.262,18000
17137.566,18100
17140.283,18200
17143.313,18300
17146.288,18400
17149.175,18500
17151.810,18600
17153.785,18700
17156.086,18800
17158.620,18900
17161.605,19000
17164.314,19100
17167.003,19200
17169.527,19300
17171.829,19400
17174.080,19500
17176.786,19600
17179.516,19700
17182.476,19800
17185.303,19900
17187.598,20000
17189.701,20100
17191.875,20200
17194.343,20300
17196.853,20400
17199.786,20500
17202.475,20600
17205.331,20700
17208.471,20800
17211.414,20900
17213.923,21000
17216.133,21100
17218.762,21200
17221.147,21300
17223.782,21400
17226.338,21500
17229.362,21600
17231.809,21700
17234.628,21800
17237.485,21900
17240.297,22000
17243.149,22100
17245.564,22200
17248.202,22300
17250.834,22400
17253.942,22500
17256.415,22600
17259.420,22700
17262.089,22800
17264.469,22900
17267.383,23000
17270.443,23100
17273.391,23200
17275.668,23300
17278.006,23400
17280.913,23500
17283.728,23600
17286.727,23700
17289.732,23800
17292.412,23900
17295.805,24000
17298.528,24100
17300.837,24200
17303.722,24300
17305.622,24400
17308.042,24500
17310.624,24600
17313.408,24700
17316.154,24800
17319.317,24900
17321.986,25000
17325.066,25100
17327.866,25200
17331.182,25300
17334.042,25400
17336.411,25500
17339.439,25600
17342.398,25700
17345.261,25800
17347.657,25900
17351.077,26000
17353.363,26100
17356.028,26200
17358.656,26300
17361.255,26400
17364.190,26500
17366.600,26600
17368.674,26700
17371.187,26800
17373.712,26900
17376.317,27000
17378.311,27100
17380.378,27200
17383.388,27300
17386.202,27400
17389.047,27500
17392.314,27600
17395.209,27700
17397.842,27800
17399.924,27900
17402.463,28000
17405.082,28100
17408.077,28200
17410.678,28300
17413.392,28400
17416.121,28500
17419.512,28600
17422.322,28700
17425.401,28800
17427.802,28900
17429.548,29000
17432.382,29100
17435.610,29200
17438.549,29300
17441.309,29400
17444.527,29500
17446.950,29600
17450.195,29700
17453.089,29800
17456.440,29900
17458.868,30000
17461.058,30100
17463.855,30200
17466.551,30300
17469.513,30400
17472.083,30500
17474.990,30600
17477.497,30700
17480.549,30800
17483.144,30900
17485.979,31000
17488.436,31100
17490.426,31200
17493.106,31300
17495.747,31400
17498.744,31500
17500.654,31600
17502.724,31700
17505.122,31800
17507.526,31900
17510.391,32000
17513.102,32100
17515.954,32200
17518.607,32300
17520.374,32400
17522.578,32500
17525.279,32600
17528.227,32700
17532.168,32800
17534.953,32900
17537.957,33000
17541.066,33100
17543.871,33200
17546.667,33300
17549.631,33400
17552.210,33500
17554.033,33600
17556.195,33700
17558.512,33800
17561.145,33900
17563.829,34000
17566.513,34100
17569.494,34200
17572.026,34300
17574.990,34400
17578.412,34500
17581.430,34600
17583.599,34700
17585.877,34800
17587.813,34900
17589.931,35000
17592.595,35100
17595.126,35200
17598.068,35300
17600.938,35400
17603.743,35500
17606.496,35600
17609.378,35700
17612.307,35800
17614.473,35900
17616.758,36000
17618.989,36100
17621.481,36200
17624.890,36300
17627.511,36400
17630.460,36500
17633.245,36600
17635.512,36700
17638.513,36800
17641.434,36900
17644.378,37000
17646.749,37100
17649.158,37200
17652.050,37300
17654.996,37400
17658.001,37500
17661.040,37600
17663.931,37700
17667.127,37800
17669.888,37900
17672.621,38000
17675.403,38100
17677.303,38200
17680.315,38300
17683.554,38400
17686.376,38500
17688.985,38600
17692.215,38700
17695.041,38800
17697.818,38900
17700.827,39000
17703.955,39100
17706.329,39200
17708.123,39300
17711.267,39400
17714.640,39500
17717.427,39600
17720.957,39700
17724.128,39800
17727.046,39900
17730.243,40000
17733.169,40100
17736.205,40200
17738.824,40300
17741.538,40400
17745.146,40500
17748.117,40600
17751.096,40700
17753.974,40800
17756.838,40900
17760.194,41000
17762.649,41100
17765.482,41200
17768.098,41300
17770.279,41400
17772.927,41500
17775.937,41600
17779.184,41700
17783.135,41800
17786.328,41900
17789.383,42000
17792.112,42100
17795.033,42200
17797.585,42300
17800.827,42400
17803.109,42500
17806.156,42600
17808.892,42700
17811.879,42800
17814.720,42900
17817.241,43000
17820.432,43100
17822.774,43200
17825.884,43300
17829.048,43400
17831.195,43500
17833.398,43600
17836.516,43700
17840.018,43800
17842.865,43900
17845.877,44000
17849.186,44100
17852.159,44200
17855.278,44300
17858.157,44400
17861.242,44500
17863.959,44600
17866.959,44700
17870.494,44800
17873.581,44900
17876.617,45000
17879.518,45100
17882.739,45200
17885.494,45300
17888.380,45400
17890.317,45500
17892.566,45600
17895.565,45700
17898.459,45800
17902.111,45900
17905.795,46000
17908.546,46100
17911.904,46200
17914.792,46300
17917.690,46400
17921.002,46500
17922.905,46600
17925.878,46700
17928.811,46800
17932.296,46900
17935.226,47000
17939.144,47100
17942.254,47200
17945.883,47300
17948.918,47400
17952.097,47500
17954.259,47600
17956.887,47700
17959.765,47800
17963.175,47900
17965.552,48000
17968.411,48100
17971.599,48200
17974.609,48300
17977.477,48400
17980.466,48500
17983.186,48600
17985.758,48700
17988.016,48800
17990.779,48900
17993.885,49000
17998.434,49100
18002.299,49200
18005.415,49300
18008.911,49400
18011.959,49500
18014.900,49600
18017.832,49700
18020.772,49800
18024.893,49900
18028.526,50000
18031.899,50100
18034.467,50200
18038.035,50300
18040.819,50400
18044.955,50500
18047.649,50600
18051.127,50700
18055.076,50800
18059.237,50900
18062.790,51000
18066.594,51100
18070.236,51200
18073.979,51300
18076.831,51400
18080.232,51500
18083.844,51600
18088.584,51700
18100.747,51800
18103.651,51900
18107.445,52000
18110.906,52100
18114.460,52200
18117.285,52300
18121.215,52400
18124.721,52500
18128.615,52600
18132.500,52700
18136.783,52800
18140.276,52900
18144.507,53000
18148.836,53100
18152.997,53200
18157.440,53300
18160.949,53400
18165.257,53500
18168.949,53600
18171.766,53700
18174.559,53800
18177.868,53900
18181.625,54000
18184.855,54100
18188.119,54200
18191.635,54300
18196.004,54400
18200.032,54500
18203.982,54600
18206.772,54700
18211.029,54800
18214.228,54900
18217.435,55000
18221.202,55100
18226.020,55200
18230.335,55300
18234.258,55400
18236.865,55500
18240.708,55600
18245.515,55700
18249.123,55800
18254.474,55900
18258.126,56000
18261.666,56100
18265.648,56200
18269.164,56300
18273.266,56400
18278.612,56500
18282.161,56600
18285.826,56700
18290.112,56800
18294.989,56900
18297.782,57000
18301.680,57100
18306.140,57200
18310.692,57300
18315.039,57400
18319.707,57500
18323.306,57600
18327.476,57700
18330.290,57800
18334.715,57900
18339.590,58000
18344.047,58100
18347.224,58200
18351.216,58300
18354.752,58400
18359.125,58500
18363.007,58600
18367.055,58700
18370.526,58800
18374.941,58900
18378.789,59000
18383.500,59100
18388.104,59200
18392.640,59300
18396.947,59400
18401.156,59500
18404.824,59600
18409.062,59700
18414.267,59800
18418.746,59900
18423.103,60000
18426.338,60100
18429.880,60200
18433.397,60300
18438.082,60400
18443.778,60500
18448.401,60600
18451.942,60700
18456.747,60800
18461.737,60900
18466.298,61000
18470.806,61100
18475.090,61200
18480.328,61300
18484.279,61400
18487.762,61500
18491.985,61600
18497.522,61700
18501.413,61800
18505.302,61900
18509.829,62000
18514.764,62100
18518.413,62200
18522.454,62300
18527.213,62400
18531.526,62500
18536.853,62600
18540.989,62700
18544.796,62800
18547.999,62900
18552.157,63000
18556.377,63100
18560.733,63200
18565.116,63300
18570.089,63400
18574.117,63500
18578.039,63600
18581.140,63700
18586.546,63800
18590.537,63900
18596.771,64000
18600.407,64100
18604.657,64200
18608.282,64300
18612.475,64400
18616.292,64500
18619.331,64600
18623.899,64700
18628.243,64800
18633.143,64900
18638.081,65000
18641.038,65100
18644.750,65200
18648.393,65300
18652.731,65400
18657.005,65500
18670.972,65600
18681.456,65700
18689.630,65800
18697.673,65900
18707.057,66000
18715.101,66100
18723.944,66200
18730.404,66300
18736.044,66400
18741.471,66500
18747.238,66600
18754.190,66700
18760.743,66800
18768.410,66900
18776.618,67000
18782.098,67100
18787.329,67200
18807.123,67300
18827.647,67400
18832.609,67500
18838.185,67600
18843.370,67700
18849.563,67800
18856.094,67900
18865.247,68000
18872.288,68100
18878.556,68200
18884.325,68300
18890.444,68400
18897.682,68500
18907.086,68600
18912.971,68700
18922.375,68800
18928.426,68900
18937.034,69000
18946.823,69100
18953.005,69200
18963.555,69300
18970.837,69400
18977.976,69500
18983.695,69600
18991.071,69700
18997.970,69800
19004.658,69900
19011.335,70000
19019.309,70100
19028.183,70200
19034.408,70300
19040.179,70400
19045.376,70500
19051.282,70600
19060.488,70700
19067.094,70800
19081.389,70900
19086.773,71000
19094.408,71100
19099.917,71200
19104.112,71300
19107.995,71400
19112.752,71500
19118.028,71600
19122.978,71700
19127.739,71800
19133.662,71900
19138.698,72000
19147.587,72100
19154.940,72200
19159.190,72300
19166.072,72400
19171.719,72500
19179.820,72600
19186.416,72700
19193.345,72800
19198.666,72900
19203.646,73000
19209.546,73100
19214.679,73200
19224.441,73300
19229.446,73400
19234.554,73500
19238.724,73600
19244.935,73700
19249.978,73800
19255.443,73900
19263.578,74000
19268.494,74100
19274.057,74200
19278.328,74300
19283.936,74400
19288.299,74500
19292.439,74600
19298.995,74700
19306.737,74800
19312.817,74900
19321.910,75000
19330.868,75100
19338.427,75200
19344.487,75300
19350.924,75400
19358.360,75500
19363.999,75600
19368.950,75700
19373.877,75800
19379.922,75900
19385.682,76000
19390.387,76100
19397.527,76200
19401.626,76300
19407.352,76400
19412.363,76500
19418.822,76600
19424.661,76700
19429.607,76800
19434.727,76900
19439.688,77000
19444.462,77100
19450.569,77200
19458.974,77300
19465.308,77400
19471.580,77500
19480.348,77600
19487.048,77700
19492.556,77800
19498.166,77900
19503.031,78000
19508.918,78100
19515.125,78200
19521.575,78300
19527.432,78400
19532.568,78500
19538.023,78600
19545.777,78700
19552.408,78800
19560.602,78900
19566.257,79000
19571.831,79100
19578.869,79200
19583.890,79300
19590.940,79400
19598.990,79500
19607.146,79600
19613.744,79700
19620.849,79800
19628.163,79900
19634.609,80000
19640.670,80100
19644.667,80200
19648.530,80300
19654.533,80400
19660.730,80500
19665.295,80600
19670.288,80700
19676.030,80800
19682.279,80900
19690.760,81000
19700.384,81100
19714.591,81200
19724.584,81300
19736.904,81400
19743.300,81500
19752.074,81600
19758.461,81700
19766.204,81800
19770.553,81900
19778.682,82000
19785.464,82100
19791.466,82200
19800.419,82300
19807.950,82400
19813.361,82500
19819.782,82600
19828.539,82700
19844.708,82800
19852.547,82900
19859.924,83000
19865.868,83100
19876.952,83200
19886.000,83300
19894.779,83400
19903.094,83500
19913.816,83600
19921.114,83700
19930.106,83800
19937.250,83900
19943.859,84000
19951.618,84100
19957.979,84200
19967.050,84300
19973.656,84400
19981.621,84500
19988.125,84600
19995.311,84700
20002.695,84800
20009.836,84900
20016.403,85000
20023.610,85100
20028.559,85200
20035.144,85300
20040.043,85400
20044.726,85500
20049.840,85600
20053.945,85700
20060.097,85800
20065.207,85900
20071.365,86000
20080.373,86100
20090.748,86200
20102.253,86300
20109.405,86400
20120.482,86500
20128.452,86600
20136.168,86700
20144.813,86800
20156.859,86900
20166.734,87000
20175.028,87100
20181.077,87200
20190.498,87300
20196.728,87400
20203.926,87500
20210.322,87600
20218.739,87700
20226.216,87800
20233.601,87900
20242.964,88000
20249.423,88100
20257.425,88200
20263.810,88300
20269.967,88400
20277.611,88500
20283.342,88600
20289.522,88700
20293.679,88800
20301.575,88900
20307.898,89000
20314.436,89100
20319.613,89200
20323.721,89300
20329.677,89400
20334.693,89500
20340.831,89600
20346.957,89700
20353.431,89800
20360.843,89900
20365.797,90000
20371.658,90100
20377.548,90200
20382.971,90300
20388.504,90400
20394.560,90500
20401.330,90600
20407.057,90700
20414.030,90800
20419.167,90900
20425.469,91000
20432.004,91100
20439.097,91200
20444.669,91300
20449.883,91400
20455.768,91500
20460.392,91600
20466.025,91700
20471.468,91800
20477.496,91900
20482.641,92000
20512.805,92100
20538.963,92200
20545.607,92300
20551.231,92400
20557.403,92500
20562.204,92600
20567.596,92700
20581.690,92800
20611.810,92900
20644.251,93000
20670.329,93100
20685.894,93200
20692.389,93300
20700.635,93400
20707.912,93500
20715.977,93600
20743.278,93700
20772.809,93800
20786.399,93900
20800.000,94000
20809.201,94100
20817.360,94200
20825.070,94300
20832.646,94400
20839.427,94500
20846.909,94600
20852.533,94700
20861.820,94800
20870.983,94900
20878.826,95000
20885.135,95100
20893.504,95200
20899.600,95300
20906.840,95400
20910.665,95500
20918.115,95600
20924.121,95700
20929.900,95800
20934.958,95900
20939.675,96000
20947.486,96100
20955.673,96200
20964.810,96300
20970.575,96400
20978.280,96500
20984.870,96600
20991.754,96700
20999.775,96800
21008.272,96900
21018.112,97000
21028.512,97100
21036.460,97200
21050.332,97300
21063.724,97400
21074.002,97500
21086.644,97600
21095.633,97700
21104.562,97800
21113.256,97900
21123.175,98000
21131.582,98100
21140.286,98200
21151.579,98300
21158.887,98400
21169.605,98500
21185.228,98600
21194.472,98700
21204.809,98800
21214.787,98900
21226.745,99000
21236.604,99100
21245.808,99200
21255.341,99300
21266.997,99400
21278.496,99500
21287.940,99600
21298.564,99700
21307.487,99800
21318.354,99900
21327.659,100000
21339.180,100100
21349.954,100200
21360.528,100300
21368.576,100400
21376.319,100500
21388.046,100600
21396.758,100700
21406.866,100800
21421.053,100900
21438.832,101000
21454.573,101100
21468.021,101200
21481.538,101300
21492.990,101400
21506.797,101500
21520.231,101600
21537.178,101700
21551.141,101800
21565.898,101900
21582.140,102000
21596.488,102100
21615.305,102200
21630.609,102300
21644.134,102400
21658.423,102500
21674.845,102600
21690.431,102700
21703.900,102800
21718.084,102900
21729.733,103000
21741.116,103100
21753.813,103200
21766.538,103300
21782.263,103400
21793.096,103500
21805.188,103600
21817.554,103700
21829.495,103800
21845.233,103900
21863.781,104000
21882.534,104100
21895.516,104200
21913.537,104300
21929.793,104400
21944.554,104500
21958.316,104600
21970.379,104700
21983.155,104800
21997.392,104900
22011.285,105000
22029.458,105100
22046.632,105200
22063.951,105300
22090.933,105400
22107.860,105500
22121.923,105600
22134.181,105700
22150.655,105800
22163.645,105900
22174.340,106000
22186.573,106100
22197.030,106200
22209.902,106300
22222.068,106400
22230.689,106500
22244.070,106600
22253.871,106700
22263.819,106800
22275.698,106900
22287.732,107000
22299.230,107100
22316.100,107200
22338.868,107300
22362.573,107400
22383.705,107500
22405.849,107600
22425.518,107700
22445.035,107800
22462.121,107900
22481.011,108000
22503.668,108100
22523.417,108200
22542.780,108300
22559.839,108400
22575.814,108500
22591.924,108600
22610.467,108700
22629.277,108800
22648.519,108900
22667.368,109000
22690.757,109100
22710.785,109200
22726.058,109300
22748.551,109400
22768.025,109500
22787.759,109600
22806.651,109700
22828.178,109800
22847.951,109900
22865.450,110000
22886.592,110100
22904.627,110200
22926.622,110300
22944.575,110400
22963.841,110500
22980.899,110600
22997.884,110700
23016.020,110800
23033.707,110900
23064.572,111000
23095.180,111100
23121.231,111200
23153.273,111300
23177.429,111400
23207.825,111500
23237.798,111600
23265.529,111700
23289.833,111800
23308.970,111900
23325.462,112000
23341.519,112100
23357.576,112200
23373.479,112300
23393.870,112400
23409.436,112500
23431.028,112600
23454.994,112700
23473.966,112800
23494.523,112900
23517.556,113000
23541.340,113100
23563.307,113200
23588.977,113300
23613.596,113400
23642.260,113500
23669.571,113600
23696.408,113700
23723.088,113800
23750.360,113900
23775.315,114000
23803.540,114100
23831.221,114200
23853.846,114300
23885.903,114400
23912.435,114500
23937.957,114600
23967.187,114700
23991.374,114800
24016.299,114900
24040.173,115000
24064.226,115100
24092.282,115200
24116.647,115300
24144.091,115400
24165.416,115500
24191.457,115600
24214.154,115700
24236.357,115800
24258.387,115900
24279.025,116000
24299.843,116100
24318.671,116200
24340.383,116300
24363.446,116400
24383.224,116500
24407.209,116600
24430.642,116700
24455.564,116800
24474.745,116900
24498.796,117000
24521.380,117100
24543.801,117200
24566.245,117300
24589.979,117400
24610.964,117500
24632.872,117600
24654.886,117700
24679.328,117800
24700.918,117900
24724.720,118000
24750.094,118100
24772.190,118200
24798.864,118300
24822.924,118400
24849.115,118500
24872.201,118600
24893.304,118700
24915.419,118800
24938.923,118900
24965.781,119000
24994.415,119100
25018.662,119200
25047.509,119300
25069.245,119400
25092.096,119500
25111.168,119600
25135.729,119700
25160.561,119800
25188.568,119900
25215.571,120000
25239.309,120100
25263.509,120200
25286.235,120300
25314.611,120400
25342.478,120500
25372.679,120600
25399.081,120700
25425.384,120800
25449.235,120900
25474.635,121000
25504.835,121100
25541.803,121200
25568.569,121300
25592.549,121400
25621.412,121500
25641.575,121600
25667.767,121700
25693.963,121800
25719.388,121900
25745.163,122000
25772.191,122100
25800.260,122200
25827.958,122300
25851.059,122400
25878.920,122500
25904.227,122600
25927.531,122700
25951.989,122800
25977.867,122900
26005.150,123000
26031.651,123100
26059.008,123200
26084.010,123300
26109.815,123400
26137.562,123500
26169.122,123600
26196.215,123700
26224.159,123800
26248.847,123900
26279.031,124000
26305.679,124100
26332.038,124200
26360.022,124300
26390.195,124400
26418.661,124500
26446.301,124600
26474.557,124700
26501.535,124800
26526.372,124900
26559.448,125000
26599.457,125100
26631.671,125200
26657.956,125300
26692.024,125400
26722.621,125500
26752.278,125600
26779.908,125700
26807.384,125800
26839.769,125900
26868.239,126000
26897.122,126100
26923.985,126200
26952.575,126300
26979.326,126400
27008.964,126500
27037.862,126600
27067.146,126700
27101.198,126800
27128.973,126900
27159.435,127000
27190.842,127100
27222.568,127200
27257.168,127300
27287.992,127400
27319.734,127500
27354.915,127600
27389.345,127700
27425.426,127800
27462.532,127900
27495.311,128000
27530.279,128100
27567.969,128200
27604.751,128300
27644.349,128400
27680.682,128500
27720.243,128600
27761.172,128700
27796.968,128800
27834.132,128900
27869.725,129000
27912.149,129100
27951.322,129200
27993.685,129300
28037.598,129400
28087.884,129500
28131.229,129600
28175.137,129700
28211.715,129800
28255.371,129900
28294.154,130000
28334.380,130100
28372.301,130200
28413.171,130300
28458.978,130400
28506.245,130500
28545.973,130600
28592.547,130700
28637.268,130800
28679.268,130900
28717.734,131000
28763.195,131100
28805.039,131200
28852.921,131300
28899.673,131400
28943.175,131500
28986.467,131600
29034.054,131700
29074.923,131800
29120.383,131900
29169.913,132000
29216.846,132100
29261.486,132200
29303.497,132300
29348.135,132400
29384.935,132500
29430.177,132600
29475.724,132700
29521.012,132800
29569.389,132900
29610.256,133000
29659.000,133100
29706.934,133200
29759.469,133300
29805.916,133400
29861.518,133500
29914.455,133600
29964.910,133700
30014.470,133800
30061.606,133900
30111.697,134000
30166.695,134100
30218.033,134200
30273.734,134300
30321.552,134400
30371.112,134500
30418.151,134600
30469.647,134700
30520.395,134800
30569.578,134900
30624.537,135000
30678.579,135100
30731.207,135200
30780.693,135300
30832.483,135400
30880.798,135500
30932.444,135600
30988.259,135700
31037.890,135800
31091.883,135900
31143.997,136000
31190.203,136100
31239.368,136200
31288.696,136300
31336.642,136400
31385.942,136500
31441.985,136600
31491.554,136700
31538.957,136800
31590.101,136900
31640.965,137000
31694.571,137100
31746.763,137200
31796.346,137300
31847.464,137400
31895.043,137500
31945.039,137600
31994.530,137700
32040.199,137800
32089.135,137900
32139.011,138000
32185.119,138100
32233.100,138200
32275.158,138300
32326.030,138400
32373.449,138500
32424.123,138600
32469.501,138700
32514.838,138800
32558.961,138900
32605.472,139000
32653.212,139100
32717.226,139200
32766.938,139300
32818.867,139400
32866.585,139500
32916.447,139600
32968.374,139700
33019.712,139800
33070.206,139900
33117.855,140000
33170.168,140100
33220.873,140200
33272.331,140300
33317.540,140400
33370.267,140500
33420.305,140600
33467.332,140700
33514.233,140800
33564.576,140900
33617.304,141000
33669.572,141100
33723.023,141200
33774.082,141300
33822.626,141400
33869.588,141500
33918.071,141600
33970.926,141700
34016.863,141800
34062.390,141900
34110.282,142000
34155.940,142100
34205.325,142200
34254.587,142300
34304.164,142400
34352.076,142500
34403.841,142600
34450.921,142700
34500.088,142800
34546.540,142900
34593.635,143000
34644.958,143100
34691.016,143200
34740.557,143300
34786.678,143400
34836.319,143500
34880.247,143600
34928.482,143700
34973.114,143800
35029.925,143900
35078.530,144000
35123.936,144100
35169.198,144200
35228.100,144300
35277.271,144400
35324.456,144500
35373.679,144600
35420.222,144700
35466.319,144800
35509.581,144900
35562.524,145000
35609.358,145100
35652.944,145200
35696.352,145300
35742.072,145400
35785.471,145500
35834.932,145600
35880.804,145700
35925.288,145800
35965.229,145900
36010.483,146000
36060.459,146100
36115.925,146200
36164.332,146300
36211.228,146400
36257.272,146500
36301.342,146600
36350.991,146700
36398.151,146800
36446.228,146900
36492.013,147000
36535.446,147100
36582.572,147200
36627.183,147300
36671.316,147400
36716.280,147500
36765.618,147600
36806.552,147700
36849.529,147800
36893.528,147900
36940.248,148000
36987.149,148100
37029.218,148200
37073.605,148300
37122.965,148400
37166.159,148500
37209.190,148600
37253.998,148700
37300.961,148800
37345.512,148900
37396.311,149000
37445.477,149100
37489.598,149200
37535.129,149300
37582.198,149400
37625.061,149500
37671.744,149600
37719.979,149700
37764.160,149800
37802.327,149900
37848.717,150000
37888.442,150100
37932.699,150200
37978.501,150300
38026.586,150400
38072.826,150500
38116.884,150600
38161.715,150700
38207.308,150800
38254.135,150900
38300.534,151000
38350.835,151100
38397.949,151200
38439.055,151300
38481.996,151400
38527.563,151500
38566.966,151600
38614.348,151700
38658.667,151800
38705.350,151900
38748.062,152000
38794.130,152100
38839.801,152200
38881.625,152300
38924.841,152400
38969.986,152500
39013.171,152600
39068.487,152700
39116.615,152800
39160.347,152900
39202.352,153000
39238.878,153100
39280.324,153200
39325.252,153300
39367.835,153400
39411.856,153500
39457.921,153600
39500.377,153700
39544.582,153800
39589.517,153900
39631.517,154000
39670.740,154100
39713.953,154200
39755.343,154300
39799.797,154400
39841.801,154500
39884.930,154600
39927.843,154700
39972.996,154800
40015.386,154900
40060.135,155000
40106.144,155100
40150.189,155200
40199.078,155300
40245.335,155400
40289.253,155500
40332.332,155600
40373.932,155700
40421.077,155800
40460.913,155900
40503.677,156000
40549.378,156100
40593.364,156200
40636.761,156300
40686.154,156400
40732.286,156500
40773.039,156600
40813.545,156700
40856.360,156800
40899.215,156900
40939.916,157000
40980.830,157100
41023.309,157200
41068.559,157300
41112.878,157400
41154.355,157500
41197.919,157600
41239.262,157700
41286.216,157800
41325.420,157900
41367.268,158000
41405.584,158100
41444.759,158200
41494.528,158300
41539.956,158400
41579.931,158500
41621.762,158600
41668.072,158700
41710.166,158800
41749.249,158900
41791.733,159000
41829.879,159100
41866.414,159200
41909.151,159300
41947.276,159400
42001.197,159500
42041.702,159600
42081.619,159700
42124.319,159800
42164.791,159900
42203.928,160000
42241.839,160100
42286.757,160200
42329.688,160300
42371.668,160400
42413.176,160500
42454.139,160600
42502.006,160700
42549.848,160800
42589.855,160900
42637.510,161000
42676.607,161100
42720.865,161200
42763.065,161300
42806.710,161400
42866.150,161500
42918.243,161600
42968.031,161700
43009.000,161800
43050.982,161900
43099.580,162000
43145.008,162100
43188.645,162200
43234.362,162300
43279.862,162400
43323.696,162500
43365.194,162600
43411.932,162700
43457.684,162800
43501.256,162900
43551.207,163000
43595.118,163100
43638.057,163200
43679.591,163300
43722.398,163400
43761.418,163500
43803.464,163600
43852.952,163700
43897.858,163800
43946.611,163900
43991.049,164000
44039.801,164100
44085.802,164200
44130.711,164300
44171.556,164400
44215.123,164500
44254.732,164600
44298.274,164700
44347.361,164800
44387.979,164900
44431.862,165000
44478.585,165100
44524.180,165200
44569.861,165300
44617.009,165400
44662.497,165500
44707.781,165600
44757.425,165700
44804.790,165800
44850.611,165900
44901.517,166000
44948.843,166100
44995.460,166200
45048.598,166300
45095.797,166400
45140.845,166500
45190.255,166600
45242.858,166700
45295.599,166800
45351.908,166900
45407.503,167000
45463.417,167100
45512.151,167200
45557.547,167300
45598.192,167400
45644.546,167500
45688.889,167600
45736.070,167700
45784.761,167800
45832.306,167900
45876.714,168000
45924.956,168100
45976.692,168200
46024.025,168300
46069.613,168400
46116.239,168500
46157.709,168600
46206.174,168700
46255.508,168800
46302.107,168900
46348.645,169000
46391.652,169100
46440.563,169200
46488.266,169300
46539.793,169400
46587.556,169500
46636.657,169600
46686.150,169700
46735.631,169800
46780.781,169900
46824.661,170000
46866.585,170100
46913.637,170200
46958.431,170300
47000.653,170400
47041.525,170500
47080.623,170600
47120.751,170700
47160.314,170800
47202.919,170900
47244.549,171000
47293.752,171100
47340.979,171200
47389.348,171300
47433.791,171400
47479.808,171500
47521.317,171600
47563.042,171700
47602.742,171800
47647.437,171900
47690.145,172000
47733.147,172100
47775.281,172200
47820.855,172300
47861.632,172400
47904.198,172500
47944.681,172600
47982.334,172700
48019.992,172800
48060.920,172900
48103.276,173000
48146.903,173100
48188.714,173200
48230.588,173300
48269.647,173400
48313.844,173500
48353.130,173600
48389.490,173700
48423.822,173800
48458.129,173900
48495.140,174000
48542.815,174100
48587.756,174200
48627.157,174300
48670.061,174400
48715.937,174500
48761.072,174600
48801.010,174700
48837.879,174800
48873.456,174900
48918.041,175000
48968.691,175100
49016.951,175200
49063.824,175300
49110.794,175400
49156.925,175500
49205.103,175600
49253.306,175700
49303.765,175800
49346.793,175900
49398.673,176000
49449.329,176100
49498.220,176200
49541.234,176300
49585.622,176400
49634.826,176500
49683.111,176600
49727.375,176700
49771.477,176800
49814.813,176900
49862.673,177000
49915.240,177100
49963.392,177200
50011.051,177300
50063.702,177400
50111.596,177500
50155.865,177600
50206.360,177700
50253.628,177800
50296.582,177900
50345.684,178000
50397.859,178100
50449.506,178200
50501.624,178300
50555.589,178400
50612.045,178500
50665.998,178600
50718.494,178700
50768.325,178800
50818.324,178900
50865.593,179000
50918.220,179100
50967.906,179200
51019.576,179300
51074.893,179400
51134.931,179500
51186.265,179600
51245.024,179700
51308.413,179800
51370.183,179900
51426.587,180000
51496.847,180100
51561.836,180200
51629.329,180300
51692.993,180400
51755.648,180500
51818.979,180600
51891.447,180700
51971.475,180800
52046.201,180900
52138.669,181000
52213.184,181100
52286.000,181200
52362.039,181300
52428.031,181400
52503.628,181500
52573.242,181600
52636.988,181700
52694.564,181800
52762.355,181900
52839.610,182000
52915.600,182100
52993.054,182200
53066.122,182300
53132.322,182400
53212.119,182500
53284.606,182600
53339.225,182700
53398.135,182800
53503.680,182900
53584.969,183000
53670.349,183100
53748.692,183200
53801.857,183300
53875.822,183400
53949.783,183500
54016.493,183600
54080.010,183700
54153.341,183800
54231.158,183900
54307.114,184000
54380.500,184100
54444.636,184200
54518.292,184300
54609.084,184400
54704.688,184500
54793.946,184600
54883.272,184700
54973.039,184800
55107.347,184900
55187.769,185000
55270.178,185100
55344.138,185200
55414.167,185300
55510.525,185400
55582.282,185500
55657.561,185600
55733.799,185700
55797.992,185800
55864.491,185900
55928.056,186000
55997.443,186100
56067.310,186200
56141.997,186300
56213.704,186400
56287.826,186500
56361.296,186600
56428.797,186700
56497.510,186800
56569.209,186900
56636.434,187000
56694.643,187100
56755.577,187200
56830.766,187300
56894.639,187400
56957.362,187500
57022.452,187600
57091.428,187700
57157.197,187800
57226.370,187900
57288.991,188000
57353.149,188100
57417.499,188200
57483.048,188300
57554.428,188400
57630.036,188500
57705.461,188600
57779.353,188700
57850.891,188800
57913.728,188900
57985.758,189000
58041.917,189100
58109.645,189200
58182.177,189300
58257.531,189400
58333.910,189500
58411.158,189600
58483.167,189700
58561.233,189800
58640.231,189900
58716.729,190000
58793.367,190100
58869.275,190200
58941.897,190300
59019.827,190400
59095.454,190500
59161.153,190600
59229.621,190700
59294.926,190800
59361.384,190900
59430.385,191000
59493.507,191100
59569.477,191200
59645.178,191300
59712.446,191400
59782.818,191500
59863.161,191600
59949.342,191700
60032.020,191800
60104.653,191900
60174.346,192000
60244.954,192100
60312.100,192200
60380.413,192300
60455.473,192400
60529.135,192500
60603.159,192600
60677.500,192700
60748.705,192800
60827.622,192900
60903.215,193000
60970.806,193100
61039.898,193200
61110.355,193300
61175.769,193400
61250.162,193500
61316.572,193600
61405.785,193700
61485.644,193800
61559.384,193900
61642.814,194000
61731.140,194100
61815.786,194200
61899.805,194300
61984.775,194400
62065.547,194500
62148.797,194600
62224.448,194700
62307.884,194800
62381.048,194900
62458.324,195000
62544.316,195100
62621.677,195200
62694.373,195300
62768.416,195400
62839.098,195500
62918.136,195600
62989.988,195700
63057.333,195800
63130.132,195900
63206.004,196000
63279.597,196100
63349.525,196200
63423.925,196300
63492.310,196400
63575.442,196500
63654.693,196600
63735.043,196700
63809.460,196800
63884.799,196900
63959.477,197000
65360.342,197100
65440.897,197200
65509.205,197300
65581.261,197400
65656.139,197500
65730.218,197600
65797.970,197700
65868.238,197800
65938.481,197900
66009.540,198000
66084.963,198100
66161.453,198200
66232.700,198300
66313.866,198400
66380.814,198500
66452.933,198600
66528.004,198700
66597.354,198800
66665.913,198900
66736.475,199000
66800.185,199100
66861.739,199200
66922.616,199300
66991.619,199400
67071.437,199500
67144.643,199600
67214.616,199700
67282.656,199800
67348.332,199900
67406.288,200000
67474.734,200100
67543.158,200200
67613.297,200300
67684.186,200400
67758.160,200500
67836.453,200600
67918.952,200700
67991.410,200800
68066.536,200900
68147.063,201000
68206.692,201100
68272.514,201200
68340.088,201300
68409.618,201400
68490.073,201500
68572.347,201600
68657.944,201700
68735.623,201800
68829.354,201900
68919.837,202000
68995.113,202100
69080.439,202200
69165.328,202300
69238.652,202400
69321.022,202500
69400.485,202600
69475.092,202700
69553.904,202800
69631.753,202900
69701.371,203000
69779.739,203100
69854.246,203200
69937.848,203300
70005.522,203400
70078.466,203500
70156.999,203600
70233.232,203700
70314.357,203800
70385.611,203900
70462.106,204000
70542.240,204100
70613.652,204200
70694.460,204300
70773.077,204400
70844.523,204500
70930.201,204600
71007.019,204700
71079.527,204800
71156.273,204900
71231.042,205000
71297.991,205100
71358.185,205200
71420.484,205300
71483.411,205400
71547.136,205500
71614.766,205600
71687.186,205700
71765.122,205800
71834.842,205900
71905.452,206000
71976.042,206100
72065.482,206200
72137.512,206300
72203.675,206400
72291.193,206500
72363.032,206600
72437.087,206700
72525.378,206800
72601.952,206900
72677.280,207000
72753.893,207100
72825.616,207200
72901.060,207300
72969.628,207400
73037.611,207500
73121.223,207600
73193.005,207700
73264.476,207800
73341.631,207900
73421.085,208000
73503.582,208100
73586.403,208200
73669.071,208300
73752.231,208400
73823.286,208500
73907.110,208600
73991.110,208700
74068.703,208800
74151.391,208900
74233.197,209000
74310.513,209100
74388.794,209200
74461.992,209300
74533.593,209400
74612.100,209500
74697.048,209600
74772.109,209700
74850.611,209800
74926.323,209900
74997.365,210000
75093.343,210100
75169.981,210200
75247.048,210300
75327.980,210400
75397.504,210500
75463.442,210600
75534.298,210700
75604.238,210800
75689.951,210900
75775.127,211000
75859.702,211100
75942.977,211200
76021.949,211300
76099.925,211400
76180.048,211500
76268.319,211600
76345.254,211700
76428.061,211800
76509.431,211900
76600.306,212000
76689.806,212100
76790.064,212200
76876.877,212300
76961.233,212400
77051.999,212500
77141.198,212600
77237.325,212700
77330.698,212800
77416.657,212900
77513.985,213000
77608.016,213100
77695.363,213200
77775.684,213300
77858.927,213400
77944.732,213500
78023.743,213600
78103.160,213700
78203.780,213800
78288.558,213900
78388.324,214000
78476.339,214100
78557.127,214200
78643.435,214300
78720.378,214400
78794.894,214500
78864.068,214600
78950.309,214700
79031.145,214800
79114.596,214900
79193.947,215000
79280.147,215100
79368.423,215200
79454.311,215300
79536.497,215400
79620.351,215500
79698.020,215600
79770.646,215700
79889.031,215800
79973.027,215900
80067.083,216000
80171.600,216100
80275.428,216200
80370.140,216300
80464.932,216400
80547.121,216500
80636.795,216600
80730.735,216700
80833.378,216800
80931.069,216900
81035.056,217000
81137.791,217100
81229.624,217200
81320.967,217300
81412.140,217400
81500.528,217500
81586.774,217600
81685.923,217700
81785.242,217800
81871.325,217900
81964.151,218000
82061.354,218100
82152.562,218200
82248.402,218300
82345.250,218400
82438.601,218500
82530.677,218600
82622.687,218700
82708.946,218800
82797.199,218900
82881.393,219000
82979.123,219100
83076.851,219200
83170.094,219300
83264.174,219400
83350.598,219500
83441.673,219600
83540.378,219700
83627.138,219800
83711.439,219900
83805.949,220000
83903.026,220100
84009.287,220200
84103.636,220300
84204.178,220400
84320.725,220500
84420.107,220600
84513.794,220700
84613.484,220800
84711.146,220900
84804.189,221000
84901.596,221100
84995.568,221200
85085.083,221300
85176.810,221400
85257.287,221500
85345.301,221600
85428.231,221700
85513.720,221800
85604.231,221900
85696.568,222000
85792.274,222100
87177.888,222200
87272.116,222300
87357.399,222400
87455.612,222500
87548.276,222600
87644.670,222700
87741.946,222800
87835.646,222900
87932.748,223000
88018.739,223100
88118.093,223200
88210.535,223300
88299.590,223400
88401.478,223500
88495.686,223600
88607.557,223700
88707.166,223800
88810.522,223900
88903.173,224000
88991.211,224100
89085.928,224200
89184.276,224300
89284.225,224400
89388.343,224500
89494.333,224600
89601.464,224700
89723.943,224800
89816.969,224900
89902.231,225000
90008.808,225100
90099.904,225200
90203.182,225300
90294.318,225400
90392.071,225500
90487.379,225600
90581.661,225700
90669.542,225800
90763.657,225900
90858.970,226000
90955.051,226100
91028.928,226200
91108.392,226300
91180.029,226400
91257.556,226500
91318.044,226600
91402.665,226700
91473.509,226800
91535.760,226900
91612.255,227000
91686.144,227100
91767.521,227200
91851.823,227300
91927.515,227400
92033.502,227500
92117.800,227600
92201.567,227700
92301.297,227800
92411.623,227900
92524.780,228000
92622.050,228100
92725.566,228200
92836.690,228300
92927.388,228400
93035.573,228500
93151.678,228600
93250.086,228700
93347.337,228800
93454.814,228900
93546.850,229000
93628.434,229100
93725.733,229200
93823.727,229300
93934.262,229400
94033.590,229500
94148.106,229600
94253.368,229700
94359.938,229800
94463.669,229900
94556.657,230000
94655.866,230100
94761.263,230200
94863.726,230300
94976.532,230400
95072.275,230500
95182.598,230600
95295.852,230700
95409.628,230800
95542.790,230900
95641.036,231000
95750.835,231100
95846.745,231200
95943.525,231300
96047.997,231400
96149.497,231500
96253.624,231600
96360.534,231700
96458.288,231800
96575.699,231900
96672.766,232000
96795.209,232100
96904.502,232200
97002.236,232300
97091.040,232400
97184.650,232500
97283.440,232600
97419.867,232700
97526.628,232800
97634.288,232900
97758.213,233000
97889.188,233100
98015.720,233200
98113.623,233300
98214.615,233400
98317.736,233500
98415.592,233600
98517.504,233700
98611.894,233800
98717.429,233900
98819.859,234000
98925.382,234100
99032.560,234200
99142.874,234300
99252.927,234400
99346.723,234500
99451.845,234600
99577.648,234700
99678.631,234800
99785.328,234900
99889.459,235000
99995.342,235100
100095.155,235200
100201.471,235300
100310.092,235400
100419.724,235500
100527.592,235600
100643.208,235700
100749.319,235800
100856.922,235900
100959.942,236000
101068.648,236100
101180.824,236200
101297.861,236300
101413.959,236400
101526.529,236500
101630.508,236600
101739.538,236700
101844.356,236800
101941.805,236900
102044.439,237000
102153.539,237100
102260.917,237200
102370.025,237300
102469.411,237400
102568.310,237500
102677.214,237600
102773.164,237700
102879.133,237800
102980.580,237900
103074.054,238000
103194.546,238100
103287.755,238200
103390.710,238300
103496.596,238400
103597.255,238500
103700.385,238600
103795.792,238700
103895.974,238800
103983.706,238900
104082.276,239000
104169.146,239100
104257.213,239200
104343.504,239300
104433.664,239400
104520.876,239500
104622.460,239600
104712.444,239700
104809.191,239800
106304.771,239900
106407.009,240000
106491.895,240100
106600.300,240200
106699.633,240300
106787.393,240400
106873.238,240500
106967.681,240600
107054.003,240700
107138.723,240800
107236.273,240900
107325.712,241000
107410.713,241100
107495.022,241200
107573.346,241300
107660.766,241400
107751.771,241500
107840.040,241600
107924.178,241700
108001.361,241800
108089.873,241900
108177.164,242000
108274.532,242100
108369.686,242200
108477.292,242300
108571.463,242400
108672.021,242500
108761.884,242600
108850.079,242700
108934.334,242800
109018.573,242900
109102.047,243000
109189.378,243100
109294.271,243200
109393.885,243300
109476.712,243400
109570.235,243500
109674.014,243600
109765.216,243700
109855.444,243800
109942.660,243900
110026.119,244000
110104.406,244100
110188.326,244200
110280.268,244300
110374.416,244400
110458.869,244500
110546.206,244600
110629.617,244700
110717.041,244800
110793.435,244900
110882.502,245000
110965.264,245100
111044.821,245200
111124.369,245300
111206.702,245400
111288.862,245500
111378.506,245600
111461.574,245700
111550.196,245800
111641.692,245900
111727.075,246000
111818.108,246100
111916.068,246200
112023.437,246300
112110.323,246400
112196.200,246500
112283.445,246600
112372.767,246700
112458.952,246800
112551.286,246900
112642.499,247000
112748.623,247100
112849.213,247200
112941.915,247300
113038.683,247400
113126.829,247500
113206.404,247600
113288.870,247700
113365.916,247800
113443.989,247900
113542.479,248000
113631.121,248100
113729.325,248200
113838.628,248300
113936.611,248400
114028.941,248500
114117.658,248600
114197.623,248700
114283.202,248800
114362.300,248900
114455.911,249000
114545.575,249100
114631.247,249200
114725.292,249300
114822.387,249400
114917.431,249500
115006.763,249600
115114.785,249700
115206.644,249800
115302.242,249900
115389.079,250000
115484.778,250100
115573.986,250200
115662.846,250300
115756.714,250400
115852.479,250500
115946.546,250600
116043.270,250700
116140.451,250800
116228.164,250900
116331.654,251000
116419.929,251100
116512.890,251200
116606.074,251300
116692.904,251400
116770.380,251500
116855.780,251600
116937.398,251700
117024.480,251800
117134.945,251900
117229.293,252000
117329.350,252100
117435.154,252200
117537.898,252300
117637.507,252400
117752.298,252500
117847.684,252600
117943.662,252700
118027.892,252800
118124.707,252900
118225.685,253000
118336.869,253100
118435.979,253200
118539.017,253300
118640.890,253400
118744.578,253500
118838.481,253600
118938.585,253700
119035.340,253800
119167.409,253900
119278.019,254000
119376.831,254100
119473.922,254200
119594.187,254300
119697.766,254400
119798.214,254500
119905.937,254600
120008.181,254700
120107.758,254800
120204.607,254900
120304.734,255000
120405.235,255100
120499.366,255200
120583.915,255300
120667.686,255400
120754.680,255500
120838.141,255600
120925.706,255700
121048.066,255800
121147.266,255900
121241.481,256000
121335.114,256100
121442.954,256200
121547.382,256300
121642.611,256400
121745.062,256500
121849.075,256600
121948.325,256700
122049.218,256800
122138.869,256900
122232.207,257000
122322.975,257100
122442.475,257200
122529.666,257300
122621.067,257400
122712.077,257500
122812.501,257600
122902.185,257700
122993.764,257800
123077.146,257900
123164.023,258000
123252.309,258100
123350.403,258200
123443.757,258300
123552.368,258400
123649.599,258500
123763.239,258600
123870.486,258700
123960.096,258800
124064.538,258900
124159.313,259000
124259.146,259100
124348.472,259200
124444.350,259300
124531.653,259400
124623.221,259500
124711.804,259600
124809.860,259700
124916.552,259800
125016.122,259900
125106.944,260000
125202.254,260100
125298.712,260200
125409.926,260300
125496.715,260400
125601.974,260500
125693.539,260600
125785.422,260700
125881.257,260800
125974.884,260900
126080.162,261000
126173.320,261100
126283.131,261200
126380.855,261300
126487.379,261400
126587.014,261500
126685.432,261600
126785.247,261700
126874.789,261800
126962.106,261900
127044.709,262000
127141.153,262100
127236.074,262200
127340.432,262300
127430.586,262400
127525.558,262500
127621.542,262600
127723.465,262700
127818.401,262800
127918.240,262900
128018.182,263000
129418.568,263100
129509.120,263200
129597.701,263300
129687.764,263400
129780.860,263500
129870.053,263600
129967.329,263700
130046.972,263800
130138.225,263900
130237.201,264000
130325.569,264100
130427.055,264200
130522.190,264300
130624.336,264400
130723.695,264500
130813.640,264600
130911.535,264700
131009.832,264800
131093.949,264900
131192.849,265000
131290.980,265100
131389.665,265200
131481.024,265300
131581.112,265400
131674.625,265500
131775.863,265600
131882.043,265700
131987.459,265800
132079.397,265900
132175.939,266000
132266.713,266100
132359.267,266200
132457.238,266300
132553.185,266400
132647.915,266500
132753.761,266600
132852.703,266700
132958.433,266800
133048.154,266900
133150.082,267000
133251.110,267100
133353.030,267200
133443.079,267300
133526.155,267400
133611.743,267500
133702.550,267600
133781.425,267700
133870.843,267800
133959.514,267900
134058.237,268000
134157.463,268100
134273.679,268200
134387.766,268300
134501.232,268400
134622.246,268500
134746.332,268600
134864.533,268700
134975.183,268800
135079.489,268900
135173.351,269000
135284.914,269100
135384.296,269200
135509.492,269300
135606.244,269400
135722.847,269500
135829.295,269600
135954.243,269700
136075.592,269800
136161.977,269900
136262.297,270000
136350.845,270100
136456.394,270200
136582.131,270300
136742.350,270400
136887.481,270500
137011.186,270600
137133.284,270700
137260.887,270800
137387.644,270900
137513.575,271000
137631.725,271100
137741.776,271200
137850.440,271300
137955.188,271400
138073.476,271500
138192.774,271600
138326.554,271700
138450.848,271800
138588.164,271900
138718.173,272000
138830.395,272100
138964.091,272200
139087.766,272300
139195.816,272400
139303.475,272500
139423.519,272600
139543.644,272700
139660.401,272800
139772.520,272900
139895.171,273000
140029.646,273100
140202.238,273200
140336.174,273300
140432.276,273400
140545.648,273500
140651.718,273600
140752.365,273700
140849.069,273800
140942.598,273900
141054.808,274000
141192.427,274100
141295.169,274200
141421.197,274300
141533.469,274400
141635.347,274500
141747.563,274600
141859.050,274700
141965.654,274800
142064.588,274900
142169.864,275000
142274.700,275100
142378.146,275200
142492.994,275300
142605.288,275400
142709.234,275500
142849.514,275600
142967.291,275700
143064.791,275800
143172.373,275900
143276.135,276000
143383.093,276100
143498.864,276200
143610.449,276300
143708.259,276400
143807.985,276500
143917.807,276600
144023.497,276700
144134.133,276800
144244.492,276900
144347.004,277000
144449.288,277100
144559.217,277200
144660.534,277300
144758.084,277400
144872.873,277500
144976.068,277600
145083.573,277700
145186.978,277800
145289.761,277900
145385.640,278000
145468.776,278100
145565.030,278200
145676.145,278300
145787.249,278400
145899.606,278500
146002.221,278600
146110.789,278700
146213.114,278800
146326.803,278900
146448.188,279000
146547.452,279100
146664.605,279200
146765.341,279300
146875.828,279400
146976.459,279500
147076.853,279600
147175.312,279700
147278.739,279800
147375.155,279900
147478.035,280000
147573.779,280100
147667.902,280200
147770.536,280300
147883.311,280400
149351.621,280500
149462.700,280600
149574.693,280700
149668.701,280800
149782.217,280900
149886.794,281000
150003.694,281100
150103.855,281200
150192.333,281300
150299.285,281400
150402.396,281500
150524.471,281600
150649.322,281700
150773.757,281800
150876.243,281900
150983.694,282000
151091.941,282100
151198.743,282200
151309.274,282300
151415.163,282400
151521.610,282500
151627.797,282600
151737.149,282700
151865.167,282800
151982.208,282900
152104.153,283000
152225.744,283100
152339.552,283200
152451.485,283300
152554.017,283400
152669.431,283500
152767.273,283600
152873.365,283700
152984.339,283800
153083.163,283900
153196.587,284000
153309.215,284100
153434.559,284200
153546.984,284300
153671.651,284400
153787.528,284500
153908.322,284600
154030.105,284700
154143.824,284800
154275.221,284900
154391.440,285000
154509.331,285100
154636.964,285200
154745.447,285300
154877.789,285400
155011.550,285500
155135.496,285600
155256.228,285700
155372.076,285800
155491.701,285900
155601.050,286000
155706.692,286100
155807.842,286200
155932.538,286300
156051.044,286400
156169.360,286500
156285.738,286600
156393.822,286700
156515.988,286800
156632.204,286900
156757.065,287000
156884.881,287100
156991.660,287200
157101.697,287300
157216.208,287400
157332.808,287500
157445.333,287600
157579.548,287700
157710.377,287800
157834.282,287900
157951.712,288000
158068.306,288100
158190.426,288200
158304.394,288300
158442.194,288400
158580.742,288500
158733.101,288600
158863.273,288700
159014.750,288800
159178.738,288900
159311.323,289000
159445.642,289100
159569.442,289200
159686.818,289300
159815.935,289400
159938.110,289500
160052.868,289600
160172.060,289700
160285.701,289800
160418.145,289900
160546.949,290000
160694.458,290100
160817.787,290200
160941.038,290300
161060.693,290400
161195.455,290500
161333.781,290600
161437.588,290700
161551.480,290800
161663.474,290900
161769.443,291000
161898.159,291100
162004.540,291200
162122.985,291300
162267.459,291400
162378.013,291500
162509.199,291600
162624.679,291700
162741.954,291800
162870.960,291900
162968.852,292000
163071.426,292100
163188.271,292200
163299.520,292300
163424.778,292400
163550.704,292500
163669.592,292600
163799.195,292700
163917.001,292800
164031.646,292900
164150.155,293000
164259.301,293100
164367.409,293200
164492.625,293300
164601.059,293400
164722.217,293500
164836.244,293600
164959.119,293700
165067.013,293800
165175.261,293900
165286.837,294000
165400.171,294100
165513.826,294200
167042.225,294300
167161.953,294400
167272.214,294500
167399.748,294600
167529.051,294700
167659.595,294800
167790.127,294900
167920.397,295000
168045.356,295100
168188.600,295200
168300.372,295300
168416.897,295400
168515.176,295500
168603.912,295600
168719.079,295700
168831.380,295800
168960.324,295900
169073.367,296000
169214.751,296100
169346.554,296200
169462.184,296300
169584.531,296400
169693.619,296500
169803.495,296600
169916.088,296700
170062.965,296800
170167.470,296900
170278.505,297000
170397.561,297100
170526.919,297200
170638.657,297300
170764.832,297400
170881.160,297500
171008.762,297600
171139.482,297700
171243.818,297800
171369.321,297900
171479.391,298000
171589.886,298100
171716.650,298200
171830.959,298300
171952.313,298400
172078.052,298500
172192.863,298600
172303.845,298700
172411.203,298800
172523.843,298900
172638.763,299000
172758.204,299100
172884.398,299200
173013.588,299300
173123.572,299400
173244.589,299500
173364.788,299600
173494.226,299700
173619.433,299800
173739.739,299900
173850.515,300000
173956.257,300100
174059.039,300200
174183.951,300300
174306.520,300400
174427.719,300500
174543.717,300600
174662.614,300700
174785.981,300800
174909.628,300900
175020.445,301000
175143.852,301100
175249.680,301200
175372.040,301300
175478.888,301400
175616.342,301500
175761.518,301600
175875.947,301700
176001.721,301800
176119.472,301900
176253.037,302000
176366.704,302100
176491.565,302200
176616.950,302300
176719.630,302400
176835.339,302500
176962.883,302600
177082.662,302700
177208.298,302800
177340.277,302900
177458.905,303000
177588.612,303100
177719.581,303200
177830.130,303300
177947.561,303400
178060.857,303500
178169.472,303600
178305.772,303700
178416.886,303800
178532.827,303900
178648.277,304000
178772.280,304100
178877.489,304200
179005.135,304300
179133.720,304400
179258.197,304500
179382.990,304600
179491.895,304700
179602.004,304800
179724.120,304900
179844.974,305000
179981.181,305100
180107.901,305200
180227.544,305300
180347.679,305400
180469.599,305500
180592.029,305600
180702.539,305700
180814.838,305800
180911.641,305900
181026.344,306000
181139.737,306100
181248.428,306200
181368.849,306300
181489.383,306400
181605.141,306500
181729.033,306600
181850.273,306700
181964.924,306800
182071.604,306900
182175.054,307000
182280.463,307100
182374.241,307200
182493.360,307300
182600.414,307400
184151.214,307500
184254.065,307600
184370.698,307700
184490.311,307800
184607.310,307900
184725.049,308000
184837.251,308100
184954.957,308200
185053.620,308300
185162.727,308400
185277.680,308500
185403.459,308600
185551.790,308700
185692.025,308800
185819.572,308900
185940.290,309000
186073.010,309100
186186.440,309200
186286.608,309300
186403.879,309400
186523.989,309500
186633.801,309600
186773.019,309700
186911.720,309800
187033.412,309900
187161.741,310000
187291.567,310100
187411.073,310200
187533.382,310300
187645.044,310400
187760.510,310500
187876.254,310600
187998.327,310700
188133.552,310800
188276.896,310900
188381.780,311000
188520.122,311100
188635.266,311200
188756.712,311300
188877.666,311400
188979.865,311500
189096.496,311600
189207.149,311700
189325.048,311800
189447.549,311900
189572.922,312000
189706.470,312100
189832.490,312200
189952.406,312300
190062.551,312400
190187.856,312500
190306.327,312600
190410.761,312700
190553.062,312800
190681.077,312900
190793.938,313000
190922.584,313100
191030.594,313200
191153.780,313300
191284.573,313400
191398.554,313500
191523.245,313600
191633.372,313700
191738.244,313800
191863.519,313900
192021.197,314000
192156.871,314100
192294.854,314200
192459.606,314300
192578.354,314400
192704.002,314500
192832.781,314600
192950.969,314700
193057.726,314800
193164.029,314900
193290.111,315000
193414.560,315100
193533.738,315200
193665.374,315300
193791.732,315400
193930.469,315500
194052.916,315600
194177.843,315700
194300.117,315800
194449.948,315900
194571.991,316000
194688.147,316100
194805.202,316200
194923.784,316300
195037.010,316400
195155.571,316500
195298.472,316600
195426.647,316700
195547.126,316800
195663.974,316900
195794.463,317000
195908.871,317100
196020.101,317200
196142.142,317300
196269.983,317400
196402.882,317500
196525.375,317600
196643.258,317700
196797.198,317800
196906.980,317900
197034.143,318000
197149.028,318100
197267.631,318200
197379.788,318300
197480.219,318400
197592.037,318500
197710.498,318600
197845.891,318700
197972.292,318800
198085.805,318900
198206.698,319000
198331.234,319100
198455.719,319200
198592.776,319300
198698.678,319400
198817.582,319500
198958.825,319600
200530.287,319700
200677.594,319800
200835.211,319900
200985.490,320000
201114.978,320100
201230.588,320200
201348.596,320300
201487.722,320400
201589.718,320500
201701.498,320600
201830.918,320700
201970.112,320800
202104.281,320900
202245.674,321000
202375.890,321100
202504.869,321200
202635.406,321300
202761.664,321400
202880.076,321500
203001.583,321600
203118.087,321700
203230.512,321800
203353.162,321900
203476.257,322000
203612.615,322100
203743.263,322200
203884.232,322300
204020.091,322400
204143.970,322500
204287.621,322600
204431.753,322700
204583.949,322800
204719.763,322900
204867.331,323000
205010.115,323100
205141.649,323200
205280.066,323300
205415.996,323400
205543.655,323500
205687.050,323600
205826.474,323700
205957.253,323800
206072.076,323900
206207.890,324000
206330.664,324100
206481.861,324200
206614.932,324300
206752.069,324400
206899.456,324500
207034.286,324600
207155.502,324700
207281.882,324800
207411.617,324900
207533.144,325000
207670.850,325100
207818.220,325200
207978.260,325300
208114.033,325400
208283.758,325500
208407.304,325600
208543.932,325700
208685.248,325800
208800.632,325900
208920.260,326000
209072.042,326100
209208.329,326200
209344.184,326300
209478.979,326400
209607.824,326500
209744.362,326600
209892.223,326700
210019.592,326800
210147.502,326900
210274.292,327000
210410.463,327100
210534.240,327200
210695.468,327300
210833.146,327400
210968.965,327500
211106.515,327600
211234.556,327700
211364.578,327800
211482.818,327900
211608.005,328000
211732.375,328100
211862.004,328200
212028.389,328300
212169.307,328400
212299.954,328500
212435.941,328600
212567.375,328700
212701.868,328800
212853.616,328900
212998.280,329000
213126.363,329100
213261.290,329200
213403.924,329300
213531.988,329400
213686.253,329500
213829.950,329600
213971.554,329700
215596.029,329800
215771.631,329900
215941.792,330000
216097.840,330100
216243.703,330200
216411.501,330300
216565.888,330400
216734.005,330500
216870.283,330600
217022.341,330700
217176.575,330800
217326.281,330900
217490.225,331000
217621.093,331100
217757.262,331200
217905.568,331300
218043.632,331400
218199.857,331500
218350.349,331600
218489.979,331700
218637.251,331800
218786.840,331900
218912.040,332000
219078.027,332100
219229.118,332200
219371.211,332300
219527.711,332400
219698.382,332500
219841.475,332600
220022.779,332700
220195.296,332800
220350.252,332900
220489.389,333000
220633.314,333100
220782.859,333200
220933.596,333300
221072.270,333400
221218.714,333500
221361.255,333600
221493.721,333700
221647.583,333800
221780.453,333900
221919.267,334000
222068.812,334100
222196.769,334200
222347.335,334300
222518.882,334400
222719.027,334500
222870.087,334600
223047.799,334700
223210.318,334800
223376.889,334900
223528.906,335000
223678.137,335100
223824.678,335200
223982.565,335300
224132.872,335400
224276.942,335500
224425.594,335600
224585.636,335700
224703.397,335800
224826.539,335900
224951.464,336000
225086.839,336100
225224.172,336200
225341.108,336300
225486.815,336400
225612.108,336500
225753.231,336600
225886.828,336700
226047.096,336800
226160.524,336900
226271.069,337000
226395.756,337100
226534.481,337200
226669.945,337300
226804.686,337400
226944.516,337500
227081.220,337600
227233.911,337700
227359.564,337800
227502.735,337900
227651.076,338000
227794.475,338100
227945.652,338200
228097.799,338300
229713.657,338400
229853.635,338500
230026.955,338600
230182.335,338700
230377.283,338800
230552.972,338900
230717.688,339000
230892.016,339100
231036.386,339200
231201.659,339300
231379.810,339400
231509.086,339500
231662.967,339600
231823.723,339700
231999.223,339800
232156.904,339900
232300.772,340000
232457.069,340100
232611.338,340200
232781.671,340300
232948.428,340400
233129.732,340500
233306.471,340600
233461.928,340700
233606.772,340800
233735.394,340900
233870.417,341000
234010.584,341100
234145.965,341200
234283.729,341300
234436.358,341400
234567.539,341500
234718.196,341600
234863.544,341700
235019.408,341800
235154.235,341900
235303.052,342000
235439.732,342100
235565.787,342200
235694.932,342300
235829.808,342400
235967.818,342500
236141.700,342600
236297.838,342700
236452.216,342800
236640.492,342900
236795.569,343000
236951.357,343100
237114.790,343200
237288.485,343300
237458.605,343400
237616.775,343500
237795.557,343600
237950.257,343700
238105.374,343800
238263.390,343900
238441.159,344000
238593.053,344100
238726.435,344200
238869.810,344300
239001.071,344400
239160.823,344500
239322.060,344600
239463.589,344700
239617.505,344800
239808.241,344900
239968.085,345000
240106.797,345100
240257.529,345200
240411.503,345300
240558.095,345400
240710.653,345500
240879.174,345600
241021.797,345700
241185.424,345800
241341.845,345900
241491.559,346000
243101.229,346100
243272.434,346200
243476.768,346300
243681.346,346400
243859.473,346500
244039.849,346600
244186.229,346700
244350.852,346800
244532.689,346900
244704.828,347000
244880.504,347100
245049.779,347200
245227.079,347300
245402.587,347400
245569.874,347500
245732.449,347600
245877.944,347700
246036.534,347800
246215.260,347900
246370.740,348000
246569.959,348100
246745.012,348200
246912.828,348300
247082.437,348400
247252.458,348500
247405.064,348600
247565.747,348700
247728.638,348800
247899.818,348900
248019.522,349000
248183.732,349100
248320.838,349200
248469.455,349300
248630.123,349400
248759.877,349500
248908.889,349600
249060.558,349700
249195.299,349800
249359.352,349900
249524.119,350000
249671.903,350100
249850.147,350200
250084.674,350300
250269.015,350400
250423.673,350500
250592.562,350600
250739.698,350700
250882.458,350800
251041.897,350900
251208.066,351000
251369.638,351100
251544.447,351200
251719.875,351300
251892.315,351400
252074.897,351500
252230.403,351600
252394.558,351700
252541.247,351800
252698.794,351900
252857.098,352000
253049.594,352100
253214.097,352200
253376.340,352300
253526.278,352400
253684.073,352500
253838.245,352600
253994.636,352700
254141.608,352800
254293.089,352900
254450.443,353000
254594.658,353100
254758.298,353200
254919.004,353300
255083.149,353400
256724.789,353500
256890.505,353600
257057.734,353700
257203.281,353800
257373.402,353900
257575.907,354000
257730.454,354100
257905.289,354200
258096.938,354300
258290.298,354400
258436.700,354500
258587.461,354600
258754.675,354700
258895.918,354800
259059.935,354900
259229.440,355000
259386.742,355100
259549.317,355200
259716.260,355300
259885.511,355400
260077.843,355500
260252.368,355600
260410.050,355700
260567.176,355800
260716.426,355900
260898.951,356000
261058.819,356100
261218.732,356200
261391.298,356300
261536.247,356400
261687.449,356500
261838.952,356600
261997.781,356700
262133.003,356800
262277.178,356900
262429.341,357000
262586.063,357100
262759.092,357200
262924.027,357300
263058.421,357400
263216.947,357500
263432.066,357600
263596.397,357700
263752.125,357800
263916.670,357900
264080.164,358000
264234.554,358100
264414.073,358200
264591.212,358300
264748.105,358400
264927.823,358500
265111.554,358600
265307.739,358700
265456.943,358800
265618.050,358900
265818.761,359000
266066.292,359100
266250.702,359200
266436.549,359300
266608.939,359400
266759.499,359500
266933.538,359600
267082.141,359700
267209.283,359800
267363.265,359900
267515.182,360000
267673.064,360100
267844.742,360200
268013.545,360300
268182.390,360400
269803.566,360500
270008.926,360600
270218.256,360700
270416.452,360800
270590.990,360900
270802.968,361000
271044.797,361100
271252.892,361200
271518.717,361300
271707.311,361400
271880.118,361500
272070.246,361600
272272.455,361700
272449.552,361800
272612.301,361900
272791.859,362000
273029.158,362100
273248.431,362200
273400.235,362300
273574.099,362400
273730.468,362500
273887.816,362600
274078.100,362700
274276.485,362800
274419.738,362900
274594.931,363000
274794.993,363100
274972.191,363200
275186.642,363300
275385.468,363400
275568.786,363500
275748.433,363600
275924.871,363700
276092.561,363800
276272.371,363900
276480.272,364000
276636.556,364100
276861.786,364200
277081.415,364300
277311.669,364400
277544.609,364500
277793.779,364600
277997.354,364700
278215.557,364800
278446.630,364900
278688.005,365000
278946.020,365100
279141.098,365200
279327.322,365300
280958.621,365400
281180.019,365500
281411.218,365600
281620.852,365700
281840.938,365800
282045.159,365900
282259.818,366000
282458.879,366100
282636.381,366200
282805.504,366300
283015.327,366400
283192.244,366500
283351.243,366600
283522.863,366700
283675.702,366800
283831.404,366900
283977.351,367000
284160.532,367100
284343.544,367200
284524.426,367300
284739.095,367400
284956.682,367500
285212.857,367600
285433.171,367700
285647.476,367800
285914.566,367900
286170.565,368000
286314.869,368100
286491.325,368200
286661.716,368300
286902.488,368400
287140.241,368500
287369.006,368600
287607.471,368700
287810.648,368800
287965.943,368900
288114.461,369000
288269.117,369100
288432.774,369200
288607.504,369300
288746.434,369400
288925.624,369500
289102.055,369600
289336.986,369700
289519.504,369800
289710.481,369900
289872.009,370000
291473.757,370100
291653.258,370200
291840.443,370300
292015.956,370400
292211.595,370500
292390.975,370600
292543.305,370700
292725.810,370800
292879.441,370900
293058.602,371000
293236.809,371100
293408.413,371200
293569.884,371300
293755.142,371400
293948.742,371500
294105.559,371600
294280.534,371700
294457.691,371800
294636.447,371900
294796.509,372000
294975.010,372100
295126.398,372200
295301.627,372300
295465.519,372400
295674.950,372500
295844.156,372600
296057.742,372700
296271.907,372800
296443.830,372900
296595.557,373000
296764.195,373100
296946.692,373200
297101.962,373300
297284.390,373400
297455.218,373500
297692.951,373600
297891.763,373700
298152.163,373800
298364.171,373900
298566.068,374000
298792.751,374100
299006.447,374200
299223.563,374300
299429.571,374400
299643.995,374500
299883.056,374600
300119.196,374700
300327.632,374800
300550.168,374900
300797.783,375000
300994.688,375100
301167.303,375200
301332.947,375300
301519.951,375400
301712.774,375500
301886.706,375600
303445.326,375700
303626.218,375800
303809.984,375900
304007.832,376000
304196.338,376100
304367.547,376200
304557.106,376300
304716.695,376400
304925.907,376500
305131.143,376600
305309.532,376700
305516.421,376800
305736.540,376900
305907.278,377000
306104.057,377100
306294.740,377200
306461.335,377300
306621.113,377400
306810.722,377500
306978.096,377600
307148.497,377700
307356.936,377800
307569.569,377900
307771.988,378000
307981.070,378100
308193.829,378200
308411.627,378300
308605.210,378400
308789.323,378500
308983.743,378600
309172.911,378700
309374.935,378800
309570.986,378900
309762.353,379000
309953.582,379100
310187.911,379200
310431.700,379300
310626.240,379400
310824.931,379500
311000.110,379600
311206.004,379700
311458.605,379800
311655.609,379900
311842.864,380000
312045.349,380100
312226.490,380200
312461.401,380300
312660.311,380400
312837.766,380500
313044.451,380600
313231.307,380700
313422.945,380800
313614.129,380900
313813.897,381000
314005.004,381100
314213.237,381200
314401.348,381300
316111.919,381400
316342.563,381500
316592.925,381600
316849.337,381700
317144.893,381800
317445.232,381900
317747.054,382000
318113.999,382100
318404.326,382200
318686.198,382300
318935.693,382400
319168.095,382500
319397.336,382600
319647.326,382700
319895.655,382800
320087.129,382900
320362.080,383000
320555.540,383100
320757.145,383200
320965.521,383300
321143.474,383400
321346.468,383500
321536.982,383600
321712.094,383700
321900.125,383800
322085.131,383900
322262.708,384000
322504.510,384100
322727.999,384200
322911.351,384300
323170.012,384400
323373.964,384500
323553.247,384600
323732.493,384700
323890.575,384800
324114.280,384900
324317.653,385000
324503.821,385100
324705.769,385200
324904.774,385300
325088.434,385400
325330.138,385500
325521.939,385600
325730.163,385700
325925.113,385800
326089.835,385900
326289.907,386000
326491.955,386100
326668.341,386200
326881.852,386300
327088.664,386400
327285.466,386500
328908.540,386600
329121.199,386700
329336.434,386800
329558.703,386900
329752.648,387000
329963.219,387100
330187.867,387200
330432.203,387300
330631.267,387400
330867.897,387500
331080.312,387600
331270.870,387700
331474.401,387800
331707.503,387900
331974.861,388000
332214.901,388100
332430.848,388200
332662.434,388300
332878.740,388400
333070.500,388500
333280.695,388600
333492.566,388700
333713.504,388800
333936.711,388900
334145.067,389000
334362.904,389100
334635.040,389200
334881.882,389300
335097.250,389400
335342.255,389500
335597.169,389600
335830.895,389700
336033.840,389800
336295.736,389900
336531.032,390000
336751.064,390100
336923.827,390200
337114.415,390300
337321.685,390400
337503.943,390500
337682.687,390600
337899.180,390700
338095.868,390800
338314.447,390900
338503.450,391000
338705.908,391100
340382.502,391200
340618.407,391300
340890.816,391400
341140.283,391500
341416.436,391600
341626.430,391700
341883.525,391800
342143.460,391900
342454.610,392000
342714.455,392100
343002.784,392200
343238.507,392300
343487.800,392400
343736.930,392500
343969.445,392600
344229.230,392700
344447.922,392800
344712.513,392900
344922.525,393000
345165.867,393100
345380.580,393200
345611.085,393300
345859.583,393400
346114.662,393500
346352.386,393600
346604.714,393700
346836.768,393800
347067.628,393900
347324.510,394000
347622.765,394100
347913.016,394200
348192.942,394300
348465.836,394400
348688.066,394500
348924.120,394600
349123.862,394700
349323.650,394800
349541.650,394900
349754.751,395000
349992.499,395100
350225.953,395200
350467.704,395300
350711.473,395400
350962.128,395500
351171.676,395600
352869.005,395700
353092.048,395800
353303.164,395900
353523.930,396000
353774.751,396100
354067.793,396200
354364.167,396300
354654.040,396400
354897.172,396500
355128.322,396600
355363.026,396700
355584.307,396800
355818.837,396900
356050.342,397000
356270.378,397100
356499.426,397200
356723.992,397300
356964.404,397400
357202.074,397500
357419.600,397600
357633.651,397700
357866.087,397800
358074.571,397900
358302.064,398000
358513.479,398100
358745.171,398200
358949.336,398300
359194.166,398400
359449.903,398500
359710.121,398600
359936.272,398700
360189.970,398800
360430.836,398900
360660.189,399000
360870.593,399100
361111.676,399200
361346.921,399300
361581.545,399400
361844.716,399500
362094.091,399600
362354.461,399700
362603.186,399800
364509.311,399900
364820.778,400000
365125.910,400100
365485.690,400200
365760.669,400300
366042.836,400400
366419.468,400500
366763.018,400600
367116.934,400700
367459.020,400800
367779.935,400900
368137.511,401000
368417.164,401100
368663.927,401200
368941.660,401300
369156.234,401400
369379.852,401500
369601.786,401600
369841.287,401700
370061.627,401800
370329.236,401900
370569.230,402000
370799.821,402100
370999.888,402200
371260.907,402300
371493.648,402400
371701.006,402500
371937.049,402600
372188.712,402700
372432.072,402800
372655.686,402900
372880.701,403000
373112.335,403100
373323.172,403200
373572.326,403300
373786.933,403400
373987.359,403500
374212.508,403600
374458.713,403700
374683.675,403800
376298.666,403900
376533.955,404000
376765.248,404100
377005.080,404200
377230.135,404300
377471.041,404400
377717.008,404500
377965.414,404600
378249.965,404700
378455.786,404800
378774.632,404900
379029.335,405000
379295.303,405100
379567.201,405200
379823.499,405300
380065.210,405400
380342.140,405500
380562.072,405600
380778.860,405700
381000.794,405800
381238.470,405900
381452.784,406000
381693.792,406100
381961.789,406200
382186.888,406300
382423.113,406400
382637.422,406500
382881.170,406600
383128.718,406700
383376.885,406800
383619.479,406900
383899.541,407000
384108.352,407100
384347.887,407200
384573.237,407300
384788.138,407400
385032.338,407500
385258.638,407600
385458.320,407700
385691.662,407800
385949.487,407900
386159.503,408000
387820.152,408100
388125.822,408200
388399.900,408300
388771.286,408400
389087.554,408500
389352.024,408600
389634.750,408700
389961.068,408800
390292.758,408900
390563.235,409000
390830.641,409100
391117.650,409200
391406.314,409300
391704.577,409400
391946.553,409500
392186.450,409600
392399.308,409700
392613.901,409800
392845.340,409900
393078.651,410000
393325.909,410100
393543.387,410200
393777.965,410300
394029.713,410400
394262.557,410500
394502.580,410600
394706.100,410700
394928.238,410800
395165.561,410900
395369.487,411000
395607.837,411100
395852.115,411200
396095.538,411300
396344.565,411400
396589.195,411500
396814.677,411600
397050.080,411700
397291.736,411800
397519.953,411900
397751.906,412000
399322.109,412100
399615.263,412200
399889.359,412300
400183.635,412400
400470.633,412500
400735.893,412600
401021.004,412700
401292.535,412800
401492.003,412900
401709.682,413000
401917.786,413100
402204.980,413200
402479.610,413300
402797.926,413400
403049.068,413500
403314.766,413600
403593.493,413700
403855.351,413800
404079.206,413900
404313.574,414000
404583.609,414100
404823.328,414200
405112.999,414300
405365.387,414400
405634.252,414500
405877.449,414600
406172.856,414700
406460.062,414800
406661.406,414900
406881.517,415000
407135.401,415100
407395.394,415200
407630.611,415300
407888.877,415400
408112.029,415500
408362.341,415600
408617.099,415700
408856.988,415800
410512.222,415900
410856.519,416000
411205.980,416100
411598.921,416200
411947.141,416300
412282.861,416400
412647.376,416500
412999.533,416600
413311.939,416700
413639.617,416800
413955.496,416900
414231.551,417000
414491.102,417100
414754.579,417200
415055.830,417300
415348.809,417400
415627.090,417500
415911.183,417600
416251.907,417700
416533.662,417800
416769.614,417900
417210.093,418000
417473.166,418100
417714.719,418200
417978.211,418300
418225.406,418400
418514.224,418500
418779.799,418600
419069.907,418700
419277.569,418800
419526.839,418900
419758.225,419000
419965.677,419100
420204.314,419200
420444.071,419300
420714.725,419400
420949.347,419500
421184.991,419600
422693.509,419700
423102.194,419800
423363.281,419900
423629.261,420000
423843.069,420100
424097.837,420200
424357.811,420300
424642.591,420400
424920.006,420500
425199.280,420600
425444.686,420700
425709.672,420800
426041.551,420900
426274.732,421000
426529.714,421100
427014.809,421200
427265.039,421300
427517.668,421400
427774.742,421500
428136.550,421600
428443.744,421700
428701.011,421800
428985.246,421900
429259.472,422000
429506.810,422100
429776.722,422200
430054.157,422300
430368.622,422400
430645.598,422500
430966.444,422600
431227.346,422700
431489.320,422800
431733.867,422900
431993.624,423000
432245.326,423100
432506.281,423200
432744.649,423300
433021.531,423400
433278.559,423500
434857.041,423600
435189.453,423700
435669.737,423800
435998.375,423900
436322.212,424000
436694.410,424100
437102.050,424200
437455.011,424300
437814.998,424400
438201.983,424500
438599.702,424600
438953.159,424700
439292.719,424800
439628.632,424900
439907.000,425000
440220.194,425100
440464.464,425200
440744.667,425300
441040.372,425400
441361.556,425500
441675.912,425600
441974.320,425700
442271.258,425800
442582.867,425900
442861.192,426000
443116.607,426100
443366.804,426200
443608.628,426300
443915.046,426400
444181.938,426500
444493.693,426600
444742.607,426700
444978.315,426800
445265.574,426900
445513.626,427000
445758.394,427100
445970.165,427200
446181.112,427300
446429.209,427400
446673.967,427500
446919.117,427600
448495.318,427700
449059.735,427800
449339.495,427900
449617.373,428000
449885.124,428100
450160.721,428200
450434.419,428300
450724.841,428400
451080.088,428500
451368.213,428600
451801.264,428700
452089.976,428800
452380.437,428900
452640.761,429000
452899.986,429100
453170.497,429200
453452.466,429300
453677.812,429400
453900.590,429500
454156.797,429600
454398.457,429700
454718.753,429800
454976.775,429900
455252.810,430000
455523.716,430100
455806.560,430200
456078.280,430300
456316.485,430400
456600.643,430500
456894.845,430600
457146.704,430700
457399.260,430800
457641.371,430900
457884.984,431000
458136.236,431100
458405.293,431200
458632.982,431300
458816.321,431400
459040.026,431500
459271.107,431600
459541.363,431700
459793.148,431800
461666.036,431900
462080.124,432000
462498.651,432100
463167.647,432200
463547.559,432300
463892.321,432400
464225.381,432500
464575.371,432600
464923.503,432700
465244.703,432800
465602.535,432900
465908.821,433000
466214.370,433100
466565.877,433200
466863.198,433300
467190.629,433400
467467.819,433500
467716.536,433600
468002.527,433700
468283.721,433800
468570.711,433900
468916.290,434000
469215.400,434100
469503.713,434200
469782.721,434300
470127.205,434400
470375.984,434500
470636.324,434600
470907.778,434700
471179.963,434800
471449.510,434900
471699.697,435000
471982.748,435100
472263.795,435200
472539.464,435300
472875.357,435400
473233.051,435500
474880.175,435600
475198.699,435700
475543.841,435800
475857.589,435900
476234.648,436000
476584.925,436100
476894.524,436200
477158.241,436300
477429.733,436400
477708.763,436500
477962.865,436600
478205.355,436700
478493.044,436800
478777.320,436900
479248.972,437000
479528.894,437100
479789.048,437200
480072.206,437300
480358.709,437400
480623.832,437500
480907.926,437600
481168.947,437700
481459.939,437800
481731.196,437900
482077.309,438000
482370.301,438100
482629.705,438200
482905.246,438300
483161.998,438400
483414.614,438500
483669.412,438600
483915.680,438700
484181.638,438800
484446.969,438900
484724.608,439000
485006.718,439100
485261.232,439200
487012.801,439300
487386.121,439400
487821.041,439500
488235.259,439600
488617.633,439700
489018.774,439800
489411.683,439900
489795.867,440000
490166.584,440100
490605.436,440200
490970.039,440300
491325.631,440400
491634.510,440500
491954.662,440600
492266.074,440700
492542.484,440800
492833.925,440900
493128.275,441000
493469.103,441100
493811.477,441200
494104.088,441300
494388.159,441400
494713.809,441500
495075.368,441600
495348.921,441700
495617.534,441800
495900.137,441900
496182.218,442000
496462.002,442100
496777.395,442200
497065.149,442300
497358.062,442400
497649.934,442500
499753.466,442600
500537.810,442700
500996.629,442800
501538.423,442900
501837.992,443000
502097.498,443100
502398.232,443200
502686.391,443300
502969.090,443400
503348.580,443500
503691.908,443600
504011.698,443700
504320.286,443800
504573.842,443900
504815.957,444000
505114.472,444100
505393.277,444200
505707.765,444300
506014.581,444400
506341.650,444500
506656.216,444600
506931.487,444700
507289.648,444800
507591.124,444900
507829.292,445000
508077.204,445100
508334.612,445200
508619.184,445300
508932.528,445400
509202.702,445500
509503.463,445600
509791.560,445700
510063.603,445800
510344.014,445900
510604.198,446000
512594.433,446100
513008.849,446200
513469.110,446300
513910.319,446400
514319.598,446500
514738.422,446600
515153.819,446700
515547.878,446800
515963.215,446900
516403.242,447000
516793.507,447100
517165.902,447200
517502.621,447300
517889.805,447400
518270.504,447500
518587.507,447600
518923.019,447700
519225.443,447800
519517.860,447900
519855.514,448000
520153.411,448100
520404.582,448200
520660.007,448300
520937.248,448400
521222.256,448500
521497.023,448600
521807.338,448700
522072.636,448800
522353.681,448900
522611.164,449000
522873.119,449100
523101.819,449200
523338.668,449300
523580.529,449400
523794.644,449500
524031.173,449600
525767.095,449700
526233.926,449800
526610.366,449900
526938.714,450000
527268.134,450100
527603.085,450200
527889.213,450300
528201.755,450400
528535.051,450500
528837.826,450600
529162.968,450700
529493.899,450800
529802.836,450900
530106.564,451000
530400.485,451100
530674.100,451200
530982.442,451300
531273.474,451400
531610.658,451500
531930.704,451600
532246.673,451700
532544.239,451800
532867.438,451900
533202.081,452000
533500.754,452100
533812.690,452200
534099.327,452300
534398.542,452400
534681.278,452500
534968.711,452600
535232.465,452700
535501.351,452800
535789.973,452900
537539.140,453000
538167.123,453100
538589.398,453200
539010.451,453300
539426.079,453400
539826.062,453500
540227.049,453600
540629.745,453700
540984.139,453800
541392.914,453900
541779.733,454000
542177.552,454100
542574.798,454200
542928.617,454300
543280.941,454400
543624.705,454500
543948.191,454600
544316.929,454700
544703.529,454800
545052.071,454900
545360.439,455000
545720.138,455100
546034.002,455200
546363.748,455300
546882.375,455400
547188.227,455500
547497.128,455600
547775.309,455700
548061.568,455800
548347.142,455900
548624.964,456000
548910.728,456100
550498.568,456200
550822.952,456300
551189.181,456400
551527.082,456500
551874.583,456600
552233.069,456700
552556.870,456800
552860.392,456900
553161.204,457000
553495.426,457100
553816.969,457200
554143.786,457300
554452.226,457400
554754.224,457500
555053.536,457600
555352.433,457700
555652.169,457800
555979.413,457900
556274.360,458000
556747.271,458100
557158.041,458200
557476.858,458300
557817.062,458400
558109.936,458500
558390.960,458600
558670.711,458700
558943.816,458800
559223.167,458900
559493.831,459000
559734.739,459100
560009.113,459200
560297.386,459300
560587.247,459400
562724.859,459500
563193.633,459600
563730.388,459700
564273.587,459800
564732.142,459900
565185.625,460000
565573.350,460100
566261.480,460200
566655.738,460300
567107.790,460400
567637.925,460500
568047.705,460600
568408.265,460700
568767.740,460800
569122.925,460900
569455.051,461000
569769.996,461100
570135.622,461200
570484.779,461300
570811.778,461400
571175.548,461500
571478.800,461600
571794.851,461700
572160.829,461800
572482.634,461900
572786.555,462000
573098.542,462100
573380.063,462200
573656.025,462300
573956.567,462400
574276.089,462500
574569.260,462600
576244.303,462700
576585.585,462800
576959.245,462900
577283.421,463000
577607.087,463100
578009.090,463200
578316.010,463300
578638.131,463400
578969.491,463500
579294.760,463600
579640.877,463700
579965.858,463800
580288.476,463900
580641.629,464000
581007.221,464100
581297.534,464200
581652.096,464300
581974.631,464400
582350.783,464500
582658.741,464600
582963.831,464700
583285.417,464800
583616.007,464900
583915.332,465000
584211.852,465100
584509.403,465200
584798.084,465300
585099.262,465400
585393.771,465500
585793.227,465600
586117.778,465700
587877.083,465800
588328.152,465900
588809.527,466000
589242.411,466100
589685.124,466200
590105.991,466300
590563.411,466400
591046.410,466500
591485.848,466600
591891.962,466700
592355.894,466800
592755.718,466900
593124.878,467000
593523.294,467100
593899.997,467200
594291.607,467300
594676.146,467400
595076.400,467500
595416.719,467600
595762.665,467700
596164.014,467800
596504.139,467900
596822.333,468000
597188.194,468100
597518.720,468200
597842.901,468300
598150.316,468400
598449.106,468500
598854.840,468600
599187.051,468700
600881.354,468800
601276.377,468900
601663.741,469000
602009.643,469100
602383.053,469200
602883.322,469300
603223.577,469400
603597.622,469500
603932.367,469600
604264.178,469700
604591.427,469800
604934.213,469900
605264.222,470000
605584.273,470100
605913.809,470200
606250.680,470300
606584.469,470400
606928.539,470500
607270.131,470600
607614.660,470700
607974.096,470800
608326.089,470900
608660.256,471000
608980.900,471100
609290.838,471200
609591.430,471300
609902.187,471400
610237.514,471500
610557.420,471600
610872.296,471700
611190.553,471800
611498.144,471900
614380.994,472000
615362.178,472100
615861.552,472200
616297.438,472300
616710.003,472400
617129.676,472500
617482.864,472600
617844.099,472700
618212.494,472800
618599.809,472900
618971.703,473000
619356.158,473100
619723.308,473200
620059.729,473300
620437.356,473400
620767.561,473500
621115.626,473600
621568.847,473700
621878.181,473800
622148.246,473900
622424.656,474000
622736.702,474100
623018.155,474200
623387.686,474300
623696.943,474400
624022.905,474500
624342.757,474600
624685.019,474700
625014.103,474800
625294.085,474900
625608.814,475000
625874.066,475100
626227.814,475200
626510.981,475300
626850.437,475400
628814.169,475500
629309.185,475600
629637.100,475700
629955.952,475800
630361.324,475900
630809.234,476000
631114.333,476100
631443.918,476200
631786.227,476300
632115.753,476400
632440.332,476500
632764.823,476600
633063.851,476700
633392.098,476800
633704.789,476900
634018.494,477000
634383.448,477100
634599.334,477200
634908.713,477300
635222.064,477400
635576.817,477500
635909.895,477600
636238.089,477700
636549.596,477800
636888.421,477900
637214.027,478000
637527.647,478100
637923.108,478200
638261.018,478300
638581.971,478400
638905.023,478500
639173.281,478600
639545.149,478700
639893.204,478800
640197.535,478900
640561.173,479000
640921.325,479100
643398.331,479200
644409.011,479300
644935.148,479400
645339.374,479500
645779.055,479600
646217.547,479700
646634.767,479800
647007.108,479900
647347.647,480000
647669.641,480100
648002.788,480200
648353.870,480300
648701.582,480400
649023.624,480500
649375.840,480600
649710.489,480700
650048.940,480800
650390.506,480900
650757.928,481000
651064.203,481100
651416.547,481200
651784.070,481300
652098.667,481400
652448.054,481500
652762.313,481600
653077.751,481700
653414.246,481800
653756.161,481900
654077.621,482000
654418.242,482100
654735.136,482200
655106.184,482300
656820.066,482400
657397.640,482500
657951.717,482600
658333.928,482700
658982.257,482800
659368.217,482900
659743.453,483000
660108.516,483100
660445.204,483200
660739.070,483300
661019.680,483400
661340.890,483500
661692.831,483600
661985.988,483700
662272.250,483800
662598.507,483900
662869.062,484000
663194.206,484100
663518.369,484200
663812.576,484300
664103.585,484400
664368.988,484500
664672.941,484600
664970.456,484700
665259.372,484800
665574.948,484900
665835.562,485000
666145.100,485100
666390.924,485200
666741.416,485300
667011.582,485400
667348.898,485500
667620.174,485600
667842.442,485700
668107.523,485800
668408.297,485900
668736.465,486000
669064.701,486100
671286.652,486200
671818.176,486300
672265.807,486400
672664.560,486500
673028.861,486600
673357.637,486700
673665.933,486800
674080.544,486900
674458.942,487000
674888.280,487100
675233.148,487200
675597.757,487300
676007.938,487400
676346.337,487500
676641.480,487600
676942.441,487700
677302.304,487800
677674.770,487900
678054.023,488000
678370.919,488100
678728.950,488200
679077.171,488300
679469.592,488400
679833.749,488500
680229.923,488600
680547.788,488700
680830.793,488800
681085.155,488900
681398.676,489000
681720.839,489100
682063.454,489200
682397.966,489300
682751.780,489400
683058.459,489500
683405.812,489600
685170.389,489700
685618.697,489800
686116.917,489900
686544.496,490000
686843.239,490100
687235.364,490200
687584.745,490300
687963.958,490400
688346.872,490500
688726.212,490600
689107.267,490700
689504.906,490800
689876.889,490900
690219.426,491000
690615.501,491100
690936.089,491200
691283.784,491300
691644.758,491400
692032.120,491500
692406.411,491600
692740.273,491700
693049.960,491800
693353.871,491900
693739.206,492000
694133.505,492100
694487.375,492200
694850.872,492300
695203.389,492400
695538.687,492500
695908.800,492600
696279.686,492700
698239.832,492800
698784.293,492900
699339.641,493000
699888.224,493100
700415.934,493200
700889.379,493300
701346.809,493400
701775.456,493500
702194.011,493600
702641.129,493700
703036.162,493800
703447.170,493900
703854.386,494000
704299.149,494100
704696.743,494200
705097.744,494300
705501.594,494400
705927.187,494500
706309.426,494600
706765.895,494700
707158.634,494800
707548.816,494900
707949.286,495000
708342.890,495100
708711.149,495200
709063.637,495300
709406.575,495400
709806.484,495500
711641.045,495600
712166.956,495700
712601.095,495800
713034.612,495900
713481.010,496000
713911.404,496100
714325.354,496200
714764.358,496300
715169.274,496400
715605.742,496500
716017.322,496600
716414.758,496700
716826.389,496800
717237.258,496900
717639.227,497000
718038.982,497100
718431.479,497200
718828.903,497300
719189.819,497400
719676.887,497500
720090.261,497600
720490.715,497700
720893.521,497800
721285.978,497900
721683.968,498000
722070.881,498100
722534.529,498200
724825.742,498300
725579.131,498400
726264.065,498500
726876.156,498600
727445.932,498700
727936.330,498800
728420.658,498900
728909.420,499000
729411.879,499100
729897.026,499200
730365.460,499300
730820.113,499400
731235.105,499500
731667.207,499600
732158.671,499700
732592.381,499800
733014.723,499900
733420.074,500000
733902.484,500100
734334.817,500200
734749.171,500300
735170.009,500400
735581.806,500500
736028.039,500600
736422.127,500700
736804.230,500800
738668.021,500900
739080.574,501000
739511.656,501100
739943.991,501200
740384.601,501300
740829.167,501400
741250.426,501500
741671.474,501600
742108.523,501700
742563.807,501800
743014.128,501900
743393.185,502000
743781.576,502100
744137.163,502200
744583.653,502300
745006.636,502400
745478.332,502500
745901.566,502600
746435.710,502700
747127.528,502800
747576.796,502900
748003.384,503000
748401.858,503100
748814.147,503200
749211.021,503300
749684.019,503400
750074.532,503500
752132.466,503600
752693.848,503700
753314.014,503800
753935.652,503900
754516.278,504000
755087.455,504100
755660.773,504200
756186.471,504300
756744.405,504400
757411.755,504500
757911.094,504600
758379.794,504700
758809.848,504800
759236.087,504900
759684.414,505000
760146.742,505100
760614.315,505200
761132.332,505300
761552.625,505400
761987.665,505500
762641.511,505600
763215.525,505700
763659.872,505800
764117.883,505900
764583.885,506000
765092.392,506100
765498.446,506200
765902.000,506300
766312.138,506400
766694.024,506500
767103.954,506600
768989.336,506700
769434.271,506800
769925.700,506900
770382.410,507000
770814.032,507100
771243.199,507200
771681.909,507300
772086.161,507400
772477.491,507500
772863.689,507600
773294.155,507700
773745.212,507800
774159.986,507900
774615.993,508000
775049.138,508100
775489.273,508200
775955.574,508300
776390.720,508400
776830.927,508500
777314.571,508600
777783.041,508700
778253.248,508800
778692.080,508900
779141.562,509000
779637.208,509100
780109.891,509200
780532.199,509300
780951.912,509400
781407.549,509500
781860.407,509600
782278.101,509700
782671.933,509800
783173.984,509900
783589.205,510000
783995.141,510100
786181.056,510200
786754.964,510300
787227.821,510400
787692.302,510500
788151.813,510600
788542.102,510700
788964.829,510800
789319.100,510900
789734.860,511000
790223.497,511100
790637.768,511200
791125.282,511300
791619.256,511400
792013.611,511500
792326.829,511600
792721.469,511700
793174.840,511800
793659.862,511900
794126.522,512000
794609.121,512100
795046.959,512200
795599.923,512300
796059.179,512400
796559.826,512500
797028.965,512600
797525.984,512700
797973.207,512800
798381.620,512900
798925.144,513000
799375.075,513100
799935.734,513200
800250.472,513300
800696.676,513400
800987.481,513500
801316.643,513600
801692.526,513700
801948.107,513800
802224.544,513900
803835.189,514000
804106.786,514100
804435.019,514200
804997.223,514300
805338.097,514400
805654.515,514500
806096.897,514600
806413.132,514700
806765.980,514800
807058.188,514900
807314.503,515000
807544.135,515100
807841.436,515200
808154.730,515300
808424.775,515400
808718.585,515500
809075.569,515600
809384.496,515700
809652.179,515800
809934.290,515900
810174.883,516000
810389.372,516100
810619.869,516200
810863.617,516300
811112.568,516400
811407.177,516500
811681.477,516600
811942.082,516700
812207.517,516800
812500.449,516900
812778.909,517000
813035.555,517100
813250.741,517200
813475.316,517300
813716.288,517400
813994.590,517500
814320.782,517600
814555.079,517700
814852.430,517800
815153.918,517900
815445.964,518000
815740.721,518100
816040.309,518200
816309.157,518300
816582.884,518400
816913.702,518500
817211.956,518600
818801.139,518700
819115.223,518800
819435.458,518900
819780.101,519000
820118.645,519100
820593.822,519200
820961.077,519300
821229.704,519400
821539.606,519500
821892.771,519600
822268.647,519700
822682.550,519800
823135.199,519900
823556.997,520000
823962.597,520100
824425.371,520200
824825.733,520300
825081.233,520400
825379.684,520500
825689.293,520600
825961.059,520700
826283.217,520800
826569.494,520900
826882.483,521000
827239.475,521100
827591.937,521200
827952.458,521300
828247.328,521400
828558.031,521500
828831.664,521600
829190.705,521700
829564.438,521800
829833.300,521900
830106.234,522000
830454.039,522100
830762.509,522200
831107.197,522300
831360.201,522400
831588.395,522500
831859.036,522600
833420.674,522700
833710.908,522800
834010.416,522900
834302.500,523000
834567.045,523100
835046.749,523200
835405.167,523300
835647.891,523400
835890.461,523500
836153.568,523600
836440.743,523700
836704.602,523800
836995.838,523900
837282.778,524000
837564.170,524100
837877.094,524200
838089.503,524300
838382.311,524400
838632.823,524500
838841.332,524600
839076.910,524700
839327.152,524800
839613.033,524900
839933.257,525000
840205.310,525100
840497.200,525200
840758.082,525300
841009.322,525400
841331.782,525500
841566.613,525600
841843.999,525700
842142.931,525800
842562.741,525900
842947.096,526000
843263.222,526100
843626.663,526200
843945.721,526300
844318.400,526400
844692.686,526500
844999.346,526600
845310.101,526700
845575.026,526800
845937.142,526900
846241.903,527000
848247.341,527100
848958.119,527200
849441.799,527300
849914.401,527400
850394.944,527500
850876.684,527600
851202.384,527700
851539.665,527800
851808.474,527900
852155.425,528000
852539.211,528100
852862.213,528200
853365.408,528300
853791.616,528400
854138.955,528500
854431.092,528600
854714.310,528700
855040.484,528800
855290.503,528900
855534.963,529000
855810.840,529100
856100.517,529200
856448.997,529300
856816.798,529400
857169.933,529500
857436.176,529600
857701.907,529700
857992.462,529800
858286.967,529900
858586.984,530000
858875.552,530100
859160.057,530200
859544.488,530300
859943.727,530400
860248.248,530500
860579.777,530600
860849.210,530700
861181.502,530800
861437.027,530900
861656.534,531000
861895.582,531100
862199.853,531200
863887.522,531300
864257.927,531400
864664.296,531500
865244.464,531600
865760.836,531700
866210.804,531800
866762.101,531900
867211.013,532000
867512.598,532100
867883.760,532200
868479.319,532300
868849.597,532400
869214.004,532500
869519.756,532600
869811.199,532700
870120.566,532800
870406.944,532900
870720.523,533000
870905.335,533100
871160.909,533200
871431.049,533300
871745.925,533400
872089.979,533500
872428.342,533600
872764.703,533700
873053.056,533800
873366.549,533900
873672.213,534000
873928.457,534100
874161.757,534200
874557.902,534300
874926.418,534400
875268.857,534500
875612.786,534600
875924.914,534700
876210.646,534800
876594.063,534900
876878.605,535000
878437.399,535100
878749.480,535200
879040.173,535300
879626.775,535400
880051.612,535500
880456.949,535600
880868.413,535700
881237.968,535800
881585.346,535900
881942.591,536000
882254.143,536100
882567.407,536200
882824.010,536300
883085.268,536400
883388.889,536500
883718.027,536600
884066.877,536700
884466.193,536800
884768.874,536900
885076.670,537000
885410.925,537100
885732.710,537200
886024.770,537300
886289.946,537400
886533.124,537500
886796.515,537600
887163.880,537700
887429.823,537800
887744.927,537900
888068.613,538000
888366.050,538100
888651.819,538200
888942.768,538300
889232.355,538400
889467.055,538500
889717.358,538600
889963.228,538700
890307.132,538800
890622.807,538900
891006.653,539000
891329.035,539100
892880.438,539200
893208.279,539300
893539.372,539400
893843.244,539500
894128.515,539600
894421.758,539700
894700.469,539800
895061.111,539900
895429.691,540000
895776.893,540100
896092.176,540200
896429.015,540300
896815.770,540400
897106.652,540500
897371.577,540600
897619.114,540700
897891.388,540800
898249.419,540900
898621.285,541000
898884.040,541100
899155.326,541200
899500.913,541300
899787.807,541400
900136.572,541500
900433.265,541600
900677.556,541700
900983.422,541800
901340.315,541900
901680.323,542000
901951.105,542100
902232.715,542200
902545.673,542300
902868.903,542400
903154.672,542500
903440.665,542600
903700.360,542700
903957.951,542800
904344.365,542900
906195.700,543000
906704.227,543100
907206.436,543200
907714.906,543300
908233.786,543400
908818.538,543500
909254.872,543600
909639.288,543700
910047.974,543800
910401.166,543900
910913.514,544000
911439.087,544100
911818.724,544200
912300.278,544300
912705.064,544400
913082.168,544500
913515.070,544600
913900.588,544700
914196.380,544800
914535.797,544900
914964.546,545000
915373.175,545100
915790.270,545200
916112.261,545300
916440.809,545400
916885.993,545500
917195.878,545600
917525.634,545700
917875.368,545800
918269.888,545900
918631.438,546000
918982.001,546100
919367.985,546200
919694.500,546300
920091.564,546400
921617.636,546500
921994.922,546600
922308.530,546700
922642.476,546800
922986.250,546900
923338.355,547000
923765.682,547100
924181.001,547200
924584.983,547300
924962.341,547400
925304.262,547500
925679.965,547600
926030.794,547700
926322.412,547800
926775.986,547900
927120.043,548000
927416.067,548100
927738.207,548200
928067.220,548300
928448.207,548400
928860.999,548500
929170.964,548600
929458.616,548700
929875.826,548800
930265.219,548900
930592.090,549000
930991.956,549100
931363.377,549200
931733.054,549300
932112.388,549400
932464.945,549500
932824.987,549600
934413.630,549700
934878.939,549800
935381.636,549900
935927.820,550000
936431.002,550100
937028.312,550200
937548.706,550300
938043.797,550400
938564.269,550500
938958.853,550600
939477.314,550700
940023.559,550800
940502.137,550900
940970.059,551000
941412.283,551100
941831.496,551200
942268.050,551300
942680.126,551400
943068.675,551500
943499.683,551600
943916.656,551700
944326.069,551800
944753.996,551900
945184.424,552000
945564.266,552100
945949.416,552200
946366.874,552300
946706.656,552400
947071.887,552500
948653.163,552600
949050.405,552700
949470.157,552800
949881.982,552900
950282.599,553000
950666.524,553100
951033.365,553200
951403.648,553300
951806.865,553400
952188.026,553500
952592.768,553600
952961.186,553700
953288.504,553800
953639.272,553900
953979.978,554000
954326.345,554100
954683.291,554200
955067.512,554300
955485.324,554400
955853.021,554500
956217.465,554600
956649.769,554700
957000.370,554800
957335.095,554900
957636.608,555000
957910.814,555100
958206.062,555200
958506.993,555300
958821.945,555400
959131.280,555500
959424.499,555600
959725.898,555700
961308.871,555800
961757.550,555900
962324.604,556000
962864.636,556100
963282.717,556200
963741.567,556300
964239.095,556400
964650.194,556500
965097.790,556600
965559.541,556700
966081.460,556800
966536.772,556900
966948.310,557000
967390.220,557100
967711.566,557200
968037.505,557300
968378.826,557400
968732.216,557500
969023.774,557600
969383.200,557700
969766.476,557800
970104.699,557900
970521.668,558000
970901.801,558100
971201.311,558200
971544.023,558300
971940.549,558400
972504.314,558500
972878.149,558600
973230.513,558700
973576.660,558800
973913.401,558900
974277.992,559000
974625.299,559100
976036.618,559200
976505.105,559300
976860.053,559400
977228.710,559500
977579.585,559600
977979.022,559700
978359.191,559800
978707.547,559900
979053.950,560000
979444.175,560100
979797.231,560200
980121.194,560300
980449.394,560400
980886.190,560500
981248.331,560600
981577.360,560700
981924.245,560800
982301.855,560900
982622.303,561000
983009.931,561100
983311.720,561200
983646.336,561300
983951.715,561400
984256.349,561500
984608.958,561600
984950.000,561700
985261.046,561800
985625.402,561900
985941.678,562000
986248.110,562100
986581.570,562200
987896.637,562300
988326.234,562400
988692.335,562500
989103.108,562600
989770.267,562700
990314.212,562800
990798.300,562900
991188.955,563000
991667.179,563100
992092.770,563200
992515.894,563300
992855.223,563400
993222.310,563500
993596.140,563600
994068.179,563700
994482.309,563800
994911.565,563900
995335.533,564000
995772.310,564100
996118.400,564200
996430.940,564300
996788.912,564400
997121.569,564500
997460.608,564600
997868.143,564700
998250.821,564800
998613.314,564900
998943.428,565000
999292.789,565100
1000844.023,565200
1001317.167,565300
1001736.271,565400
1002115.740,565500
1002590.420,565600
1003057.271,565700
1003448.041,565800
1003885.376,565900
1004324.390,566000
1004740.316,566100
1005128.434,566200
1005507.557,566300
1005867.457,566400
1006213.282,566500
1006623.983,566600
1007102.981,566700
1007493.784,566800
1007931.614,566900
1008356.452,567000
1008706.146,567100
1009048.188,567200
1009368.949,567300
1009677.433,567400
1009958.850,567500
1010308.685,567600
1010680.878,567700
1010973.218,567800
1011340.396,567900
1011687.172,568000
1012095.574,568100
1012466.778,568200
1014166.246,568300
1015045.204,568400
1015586.943,568500
1016168.835,568600
1016790.361,568700
1017484.003,568800
1018056.921,568900
1018640.009,569000
1019286.755,569100
1019821.665,569200
1020341.505,569300
1020796.532,569400
1021250.429,569500
1021706.732,569600
1022146.566,569700
1022559.203,569800
1022948.717,569900
1023385.212,570000
1023796.847,570100
1024218.125,570200
1024636.981,570300
1025012.535,570400
1025367.818,570500
1025750.058,570600
1026109.857,570700
1026502.114,570800
1026932.846,570900
1028441.325,571000
1028916.477,571100
1029413.306,571200
1029925.417,571300
1030435.046,571400
1030833.512,571500
1031231.832,571600
1031663.690,571700
1032105.328,571800
1032487.340,571900
1032923.721,572000
1033356.372,572100
1033785.717,572200
1034228.282,572300
1034701.283,572400
1035119.741,572500
1035539.421,572600
1035916.553,572700
1036277.625,572800
1036686.575,572900
1037083.328,573000
1037630.356,573100
1038003.938,573200
1038383.970,573300
1038783.754,573400
1040389.404,573500
1040867.373,573600
1041299.839,573700
1041837.614,573800
1042403.640,573900
1042995.927,574000
1043513.556,574100
1044014.384,574200
1044482.955,574300
1044956.137,574400
1045498.095,574500
1045977.958,574600
1046453.089,574700
1046941.147,574800
1047477.774,574900
1047972.032,575000
1048441.202,575100
1048879.951,575200
1049307.098,575300
1049688.263,575400
1050120.609,575500
1050526.829,575600
1050907.730,575700
1051328.566,575800
1051811.776,575900
1053824.742,576000
1054350.169,576100
1054813.628,576200
1055339.062,576300
1055783.705,576400
1056232.249,576500
1056669.042,576600
1057193.616,576700
1057635.694,576800
1058028.994,576900
1058437.982,577000
1058855.146,577100
1059299.938,577200
1059734.394,577300
1060140.848,577400
1060619.411,577500
1061014.336,577600
1061454.961,577700
1061841.181,577800
1062190.279,577900
1062611.905,578000
1063053.010,578100
1063438.559,578200
1063906.533,578300
1064304.373,578400
1066262.885,578500
1066998.537,578600
1067744.291,578700
1068533.464,578800
1069279.981,578900
1069950.000,579000
1070620.638,579100
1071196.062,579200
1071780.902,579300
1072238.061,579400
1072632.851,579500
1073015.208,579600
1073394.082,579700
1073767.785,579800
1074181.107,579900
1074644.446,580000
1075028.931,580100
1075434.628,580200
1075867.796,580300
1076316.870,580400
1076727.490,580500
1077155.563,580600
1077549.134,580700
1078030.732,580800
1078434.365,580900
1079954.602,581000
1080446.269,581100
1081002.289,581200
1081513.639,581300
1082054.738,581400
1082546.936,581500
1082998.612,581600
1083547.001,581700
1084095.308,581800
1084683.516,581900
1085191.651,582000
1085644.515,582100
1086122.059,582200
1086590.935,582300
1087087.954,582400
1087648.859,582500
1088192.734,582600
1088752.448,582700
1089259.807,582800
1089726.089,582900
1090249.561,583000
1090673.686,583100
1091062.511,583200
1091492.327,583300
1091925.805,583400
1093478.689,583500
1094116.466,583600
1094699.439,583700
1095194.897,583800
1095681.248,583900
1096214.270,584000
1096642.737,584100
1097058.302,584200
1097508.556,584300
1097988.344,584400
1098443.092,584500
1098913.134,584600
1099349.810,584700
1099806.627,584800
1100248.206,584900
1100700.058,585000
1101194.034,585100
1101612.806,585200
1101997.262,585300
1102321.520,585400
1102679.139,585500
1103119.542,585600
1103511.523,585700
1103891.070,585800
1104321.387,585900
1104722.154,586000
1105132.969,586100
1106962.339,586200
1107388.344,586300
1107792.008,586400
1108304.799,586500
1108767.899,586600
1109260.624,586700
1109651.748,586800
1110097.246,586900
1110573.262,587000
1110989.009,587100
1111375.085,587200
1111724.325,587300
1112024.947,587400
1112363.333,587500
1112717.247,587600
1113145.572,587700
1113587.053,587800
1113964.981,587900
1114338.293,588000
1114723.704,588100
1115191.414,588200
1115571.794,588300
1115923.823,588400
1116258.045,588500
1116579.595,588600
1116888.917,588700
1117323.985,588800
1117713.606,588900
1118126.329,589000
1118582.840,589100
1120500.882,589200
1121229.534,589300
1122062.592,589400
1122692.194,589500
1123166.214,589600
1123721.152,589700
1124240.606,589800
1125075.474,589900
1125744.997,590000
1126312.257,590100
1126783.988,590200
1127248.471,590300
1127693.238,590400
1128132.231,590500
1128514.804,590600
1128889.146,590700
1129221.385,590800
1129572.404,590900
1129979.376,591000
1130418.571,591100
1130839.132,591200
1131259.842,591300
1131617.208,591400
1131956.587,591500
1132340.789,591600
1132648.908,591700
1132957.871,591800
1133347.725,591900
1134822.049,592000
1135258.726,592100
1135731.483,592200
1136157.414,592300
1136596.128,592400
1137003.881,592500
1137360.177,592600
1137655.647,592700
1138054.081,592800
1138455.491,592900
1138878.180,593000
1139274.912,593100
1139684.901,593200
1140096.707,593300
1140470.617,593400
1140828.060,593500
1141296.378,593600
1141625.763,593700
1141911.468,593800
1142266.373,593900
1142582.322,594000
1142991.854,594100
1143407.882,594200
1143768.073,594300
1144146.448,594400
1144450.524,594500
1144805.568,594600
1145155.443,594700
1145508.511,594800
1145836.042,594900
1147355.285,595000
1147723.962,595100
1148322.156,595200
1148840.621,595300
1149421.921,595400
1149956.773,595500
1150393.844,595600
1150878.695,595700
1151358.077,595800
1151792.429,595900
1152225.928,596000
1152635.478,596100
1153101.078,596200
1153653.003,596300
1154167.199,596400
1154608.127,596500
1155035.727,596600
1155424.704,596700
1155878.428,596800
1156371.023,596900
1156723.449,597000
1157098.781,597100
1157462.355,597200
1157842.960,597300
1158207.418,597400
1158598.932,597500
1158990.640,597600
1159352.421,597700
1159724.413,597800
1161449.833,597900
1161823.466,598000
1162191.326,598100
1162564.574,598200
1162931.129,598300
1163362.140,598400
1163801.809,598500
1164189.410,598600
1164620.400,598700
1165080.765,598800
1165431.018,598900
1165842.399,599000
1166281.444,599100
1166575.501,599200
1166977.194,599300
1167385.394,599400
1167772.078,599500
1168218.623,599600
1168642.285,599700
1169148.887,599800
1169517.827,599900
1169912.846,600000
1170283.250,600100
1170694.561,600200
1171048.768,600300
1171519.599,600400
1171881.534,600500
1172277.336,600600
1172578.315,600700
1172966.040,600800
1174815.495,600900
1175519.876,601000
1176451.165,601100
1177253.269,601200
1178087.822,601300
1178869.676,601400
1179693.937,601500
1180450.908,601600
1181156.895,601700
1181661.448,601800
1182206.782,601900
1182709.821,602000
1183157.915,602100
1183547.404,602200
1183953.409,602300
1184412.313,602400
1184886.708,602500
1185357.484,602600
1185783.333,602700
1186179.067,602800
1186580.670,602900
1186972.599,603000
1187339.308,603100
1187687.843,603200
1188036.266,603300
1188438.485,603400
1188786.534,603500
1189245.345,603600
1190663.934,603700
1191375.380,603800
1192006.405,603900
1192531.024,604000
1193106.553,604100
1193687.957,604200
1194117.753,604300
1194543.998,604400
1195029.513,604500
1195464.576,604600
1195907.935,604700
1196311.204,604800
1196755.191,604900
1197142.677,605000
1197458.869,605100
1197791.700,605200
1198186.747,605300
1198630.808,605400
1199110.976,605500
1199547.677,605600
1199885.507,605700
1200252.628,605800
1200652.240,605900
1201040.181,606000
1201440.635,606100
1201765.257,606200
1202172.232,606300
1202570.092,606400
1202948.223,606500
1204567.618,606600
1205303.912,606700
1205823.007,606800
1206309.134,606900
1206925.120,607000
1207395.934,607100
1207807.331,607200
1208369.098,607300
1208881.950,607400
1209492.151,607500
1210133.427,607600
1210719.009,607700
1211227.769,607800
1211702.862,607900
1212226.111,608000
1212598.528,608100
1213077.475,608200
1213600.954,608300
1214048.722,608400
1214554.258,608500
1215170.506,608600
1215663.121,608700
1216103.997,608800
1216568.762,608900
1216927.304,609000
1217224.609,609100
1217521.269,609200
1217777.361,609300
1218104.280,609400
1218497.525,609500
1218905.872,609600
1220399.713,609700
1221274.899,609800
1221841.253,609900
1222276.581,610000
1222769.890,610100
1223116.331,610200
1223760.286,610300
1224125.219,610400
1224514.896,610500
1224920.259,610600
1225295.681,610700
1225561.116,610800
1225844.115,610900
1226235.938,611000
1226547.910,611100
1226916.514,611200
1227245.181,611300
1227517.502,611400
1227844.829,611500
1228216.754,611600
1228608.118,611700
1229001.170,611800
1229435.812,611900
1229845.752,612000
1230265.226,612100
1230628.656,612200
1230990.940,612300
1231314.231,612400
1231579.552,612500
1231972.826,612600
1232361.066,612700
1232829.502,612800
1234794.783,612900
1235477.545,613000
1236214.777,613100
1236941.266,613200
1237804.568,613300
1238543.192,613400
1239192.271,613500
1239864.168,613600
1240594.664,613700
1241307.004,613800
1242040.494,613900
1242731.742,614000
1243337.738,614100
1243901.349,614200
1244446.898,614300
1245014.675,614400
1245402.835,614500
1245798.458,614600
1246195.337,614700
1246584.052,614800
1247131.838,614900
1247625.832,615000
1248120.223,615100
1248460.732,615200
1248878.546,615300
1249280.370,615400
1249590.037,615500
1249988.646,615600
1250354.326,615700
1250738.894,615800
1252472.752,615900
1253079.588,616000
1253519.677,616100
1254021.033,616200
1254542.338,616300
1255036.219,616400
1255495.016,616500
1255917.233,616600
1256343.558,616700
1256731.753,616800
1257159.074,616900
1257605.974,617000
1258085.305,617100
1258546.505,617200
1259020.687,617300
1259471.142,617400
1259891.004,617500
1260362.796,617600
1260745.878,617700
1261138.103,617800
1261510.800,617900
1261940.101,618000
1262378.590,618100
1262830.723,618200
1263273.918,618300
1263667.957,618400
1264030.619,618500
1265699.876,618600
1266200.384,618700
1266666.129,618800
1267210.679,618900
1267773.810,619000
1268302.389,619100
1268844.615,619200
1269390.607,619300
1269920.478,619400
1270372.582,619500
1270936.139,619600
1271355.742,619700
1271775.747,619800
1272317.925,619900
1272836.939,620000
1273538.620,620100
1274165.247,620200
1274575.244,620300
1275053.487,620400
1275487.473,620500
1275869.133,620600
1276244.996,620700
1276541.148,620800
1276973.848,620900
1277443.411,621000
1277860.616,621100
1278284.849,621200
1278779.142,621300
1279413.153,621400
1281380.287,621500
1282039.352,621600
1282599.402,621700
1283096.197,621800
1283614.763,621900
1284144.269,622000
1284987.867,622100
1285556.304,622200
1286108.551,622300
1286569.995,622400
1286954.890,622500
1287333.314,622600
1287777.822,622700
1288289.589,622800
1288723.063,622900
1289195.908,623000
1289728.967,623100
1290141.468,623200
1290499.438,623300
1290891.937,623400
1291338.368,623500
1291728.510,623600
1292129.234,623700
1292518.483,623800
1292938.127,623900
1293379.641,624000
1293741.538,624100
1294158.787,624200
1294633.044,624300
1296573.888,624400
1297095.059,624500
1297664.886,624600
1298536.066,624700
1299316.661,624800
1300201.551,624900
1301144.882,625000
1301848.001,625100
1302559.021,625200
1303094.019,625300
1303627.729,625400
1304197.926,625500
1304608.795,625600
1305054.540,625700
1305487.873,625800
1305862.023,625900
1306343.261,626000
1306871.916,626100
1307438.001,626200
1307970.505,626300
1308467.131,626400
1308912.767,626500
1309268.365,626600
1309727.590,626700
1310129.097,626800
1310734.289,626900
1311239.346,627000
1311666.353,627100
1312048.537,627200
1312600.926,627300
1313072.305,627400
1314741.356,627500
1315486.887,627600
1316264.956,627700
1316808.529,627800
1317302.383,627900
1317818.337,628000
1318253.910,628100
1318744.617,628200
1319266.360,628300
1319744.361,628400
1320209.245,628500
1320710.196,628600
1321174.823,628700
1321613.496,628800
1322030.552,628900
1322513.439,629000
1322975.155,629100
1323437.128,629200
1323934.272,629300
1324497.294,629400
1325017.239,629500
1325494.629,629600
1325981.728,629700
1326427.750,629800
1326836.578,629900
1327342.362,630000
1328984.854,630100
1329609.969,630200
1330239.928,630300
1330984.234,630400
1331615.242,630500
1332223.610,630600
1332861.076,630700
1333555.795,630800
1334236.788,630900
1334836.809,631000
1335447.409,631100
1336027.462,631200
1336613.607,631300
1337235.782,631400
1337894.190,631500
1338427.204,631600
1338855.335,631700
1339301.515,631800
1339817.200,631900
1340371.813,632000
1340891.920,632100
1341435.530,632200
1342054.663,632300
1342491.344,632400
1342841.385,632500
1344692.523,632600
1345348.781,632700
1346070.182,632800
1346708.080,632900
1347192.991,633000
1347728.345,633100
1348155.706,633200
1348682.770,633300
1349034.279,633400
1349442.593,633500
1349843.741,633600
1350319.820,633700
1350788.506,633800
1351241.490,633900
1351655.745,634000
1352131.777,634100
1352742.521,634200
1353313.273,634300
1353856.637,634400
1354346.830,634500
1354767.214,634600
1355133.405,634700
1355476.221,634800
1355902.685,634900
1356334.196,635000
1356822.656,635100
1357335.105,635200
1357806.698,635300
1358276.488,635400
1360462.976,635500
1361162.571,635600
1361882.439,635700
1362658.879,635800
1363661.243,635900
1364866.489,636000
1365706.009,636100
1366713.123,636200
1367553.057,636300
1368635.251,636400
1369303.737,636500
1369821.893,636600
1370262.417,636700
1370774.601,636800
1371303.036,636900
1371849.927,637000
1372323.584,637100
1372794.591,637200
1373238.364,637300
1373846.135,637400
1374276.289,637500
1374691.872,637600
1375106.794,637700
1375433.892,637800
1376095.303,637900
1376540.030,638000
1376949.303,638100
1377487.200,638200
1379354.497,638300
1380070.988,638400
1380811.545,638500
1381385.283,638600
1382008.306,638700
1382548.205,638800
1383067.644,638900
1383558.164,639000
1384036.082,639100
1384622.341,639200
1385148.133,639300
1385649.363,639400
1386145.846,639500
1386604.222,639600
1387081.585,639700
1387600.329,639800
1388141.130,639900
1388833.248,640000
1389356.660,640100
1389814.591,640200
1390280.286,640300
1390767.972,640400
1391242.068,640500
1391763.244,640600
1392250.639,640700
1394006.707,640800
1394711.077,640900
1395443.708,641000
1396202.404,641100
1396949.933,641200
1397611.014,641300
1398301.707,641400
1398983.304,641500
1399736.836,641600
1400438.030,641700
1401135.803,641800
1401742.032,641900
1402311.120,642000
1402839.935,642100
1403321.816,642200
1403885.384,642300
1404415.918,642400
1404928.814,642500
1405451.353,642600
1406000.478,642700
1406499.583,642800
1407050.876,642900
1407502.370,643000
1407988.665,643100
1408505.762,643200
1410450.064,643300
1411037.309,643400
1411574.852,643500
1412154.552,643600
1412700.214,643700
1413292.791,643800
1414293.238,643900
1414852.492,644000
1415437.912,644100
1416012.581,644200
1416559.557,644300
1417112.552,644400
1417637.988,644500
1418172.156,644600
1418793.892,644700
1419336.800,644800
1419924.340,644900
1420415.106,645000
1420992.042,645100
1421549.079,645200
1422042.090,645300
1422522.069,645400
1423100.015,645500
1423740.973,645600
1424253.218,645700
1426358.620,645800
1427196.825,645900
1428435.915,646000
1429710.668,646100
1430765.612,646200
1431823.290,646300
1432886.517,646400
1433956.928,646500
1434746.405,646600
1435566.772,646700
1436402.029,646800
1437091.583,646900
1437782.752,647000
1438464.871,647100
1439024.414,647200
1439645.959,647300
1440191.239,647400
1440750.535,647500
1441252.463,647600
1441767.383,647700
1442295.669,647800
1442748.682,647900
1443206.843,648000
1443564.464,648100
1443987.435,648200
1444474.965,648300
1446134.709,648400
1446792.655,648500
1447462.196,648600
1448072.215,648700
1448666.442,648800
1449212.232,648900
1449852.734,649000
1450521.645,649100
1451046.114,649200
1451572.433,649300
1452120.814,649400
1452640.110,649500
1453180.856,649600
1453692.367,649700
1454227.980,649800
1454764.663,649900
1455285.684,650000
1455807.622,650100
1456249.796,650200
1456782.430,650300
1457316.292,650400
1457806.561,650500
1458293.757,650600
1458730.444,650700
1459216.718,650800
1459723.425,650900
1461561.478,651000
1462350.947,651100
1463176.936,651200
1463808.904,651300
1464391.739,651400
1465060.125,651500
1465799.785,651600
1466533.123,651700
1467161.004,651800
1467839.365,651900
1468493.159,652000
1469080.666,652100
1469675.542,652200
1470287.219,652300
1470808.036,652400
1471409.783,652500
1471975.436,652600
1472453.339,652700
1473022.121,652800
1473609.019,652900
1474116.103,653000
1474624.715,653100
1475075.220,653200
1475533.567,653300
1475999.340,653400
1476539.334,653500
1478548.486,653600
1479296.587,653700
1479954.932,653800
1480693.923,653900
1481355.204,654000
1481950.621,654100
1482585.268,654200
1483196.225,654300
1483790.327,654400
1484428.173,654500
1485139.299,654600
1485792.194,654700
1486372.742,654800
1487032.161,654900
1487636.386,655000
1488257.821,655100
1488774.284,655200
1489351.127,655300
1489878.378,655400
1490404.727,655500
1491008.872,655600
1491687.831,655700
1492329.370,655800
1492876.822,655900
1495315.977,656000
1496356.726,656100
1497653.882,656200
1498721.880,656300
1499926.250,656400
1501056.264,656500
1502388.745,656600
1503887.601,656700
1504796.333,656800
1505550.894,656900
1506244.385,657000
1506973.112,657100
1507554.307,657200
1508170.381,657300
1508787.113,657400
1509525.796,657500
1510103.573,657600
1510696.199,657700
1511268.521,657800
1511875.877,657900
1512599.715,658000
1513354.013,658100
1513883.388,658200
1514423.456,658300
1515034.289,658400
1515620.314,658500
1517398.618,658600
1518234.930,658700
1519355.114,658800
1520117.538,658900
1520831.586,659000
1521569.532,659100
1522181.475,659200
1522805.075,659300
1523522.504,659400
1524244.750,659500
1524884.523,659600
1525516.787,659700
1526064.787,659800
1526737.559,659900
1527356.043,660000
1527937.399,660100
1528619.713,660200
1529165.371,660300
1529852.714,660400
1530608.044,660500
1531224.946,660600
1531811.008,660700
1532374.186,660800
1532968.360,660900
1533551.203,661000
1535529.264,661100
1536244.671,661200
1536942.847,661300
1537722.468,661400
1538583.587,661500
1539458.163,661600
1540374.499,661700
1541513.647,661800
1542432.438,661900
1543449.877,662000
1544310.927,662100
1545028.592,662200
1545671.143,662300
1546297.111,662400
1546943.914,662500
1547531.362,662600
1548162.074,662700
1548794.685,662800
1549352.434,662900
1549973.801,663000
1550623.972,663100
1551435.330,663200
1552142.471,663300
1552696.038,663400
1553383.044,663500
1555895.417,663600
1556847.528,663700
1557551.425,663800
1558235.110,663900
1558970.331,664000
1559734.785,664100
1560516.036,664200
1561440.118,664300
1562368.025,664400
1563108.787,664500
1563757.000,664600
1564384.254,664700
1564985.537,664800
1565694.447,664900
1566472.604,665000
1567188.981,665100
1567952.248,665200
1568596.385,665300
1569233.474,665400
1569957.819,665500
1570625.516,665600
1571205.102,665700
1571770.898,665800
1572536.532,665900
1575129.797,666000
1576169.288,666100
1577334.526,666200
1578672.401,666300
1580073.833,666400
1581584.718,666500
1583384.213,666600
1584516.622,666700
1585348.446,666800
1586219.269,666900
1586844.354,667000
1587417.399,667100
1587994.680,667200
1588602.596,667300
1589395.722,667400
1589963.203,667500
1590583.208,667600
1591268.897,667700
1591871.787,667800
1592560.819,667900
1593175.809,668000
1593753.687,668100
1594380.675,668200
1594946.081,668300
1596834.637,668400
1597632.910,668500
1598414.848,668600
1599188.264,668700
1599942.135,668800
1600668.066,668900
1601448.969,669000
1602191.378,669100
1602856.934,669200
1603540.093,669300
1604227.045,669400
1604969.320,669500
1605597.394,669600
1606244.223,669700
1607025.746,669800
1607868.069,669900
1608620.011,670000
1609279.407,670100
1610110.018,670200
1610739.215,670300
1611431.378,670400
1612076.175,670500
1612725.768,670600
1613351.741,670700
1615385.040,670800
1616261.518,670900
1617268.525,671000
1618219.248,671100
1619090.652,671200
1619914.856,671300
1620869.272,671400
1621863.688,671500
1622721.474,671600
1623715.188,671700
1624647.431,671800
1625555.293,671900
1626357.761,672000
1627179.136,672100
1627959.883,672200
1628634.995,672300
1629400.523,672400
1630159.605,672500
1630851.765,672600
1631504.112,672700
1632180.792,672800
1632812.414,672900
1633501.289,673000
1635754.623,673100
1636692.431,673200
1637471.940,673300
1638265.702,673400
1639112.286,673500
1639793.497,673600
1640621.760,673700
1641364.652,673800
1642033.964,673900
1643147.795,674000
1644035.128,674100
1644796.206,674200
1645603.464,674300
1646403.910,674400
1647144.824,674500
1648095.548,674600
1648778.502,674700
1649461.280,674800
1650052.164,674900
1650669.016,675000
1651639.567,675100
1652426.160,675200
1653042.103,675300
1653652.156,675400
1656566.383,675500
1657960.293,675600
1659533.783,675700
1661067.290,675800
1662596.068,675900
1663881.388,676000
1665169.802,676100
1665999.298,676200
1666699.725,676300
1667457.546,676400
1668162.226,676500
1668756.843,676600
1669398.850,676700
1669977.729,676800
1670674.214,676900
1671393.678,677000
1671967.442,677100
1672578.241,677200
1673176.213,677300
1673760.925,677400
1674340.802,677500
1674992.051,677600
1675666.696,677700
1676353.083,677800
1678524.484,677900
1679423.437,678000
1680206.091,678100
1680974.779,678200
1681701.475,678300
1682446.694,678400
1683161.542,678500
1683821.359,678600
1684529.989,678700
1685269.292,678800
1686041.722,678900
1686709.091,679000
1687456.870,679100
1688102.711,679200
1688829.752,679300
1689510.834,679400
1690117.139,679500
1690781.664,679600
1691351.147,679700
1691964.048,679800
1692642.197,679900
1693204.773,680000
1693779.237,680100
1695504.326,680200
1696243.837,680300
1696948.393,680400
1697634.860,680500
1698331.645,680600
1699008.066,680700
1699727.121,680800
1700437.082,680900
1701198.386,681000
1701833.611,681100
1702475.449,681200
1703192.157,681300
1703915.555,681400
1704762.525,681500
1705391.001,681600
1706327.549,681700
1707043.304,681800
1707889.905,681900
1708555.019,682000
1709349.114,682100
1710007.705,682200
1710620.307,682300
1711421.462,682400
1711976.262,682500
1712506.917,682600
1714803.807,682700
1716114.376,682800
1716900.729,682900
1717649.118,683000
1718416.148,683100
1719168.633,683200
1719951.432,683300
1720679.218,683400
1721449.222,683500
1722277.692,683600
1722888.728,683700
1723605.214,683800
1724350.681,683900
1725132.072,684000
1725755.189,684100
1726543.043,684200
1727326.194,684300
1727954.158,684400
1728585.283,684500
1729148.143,684600
1729770.383,684700
1730338.959,684800
1731093.610,684900
1731711.372,685000
1732360.726,685100
1734711.061,685200
1735691.476,685300
1736843.198,685400
1738461.550,685500
1739923.887,685600
1741227.662,685700
1742142.574,685800
1742986.593,685900
1744015.620,686000
1744807.640,686100
1745552.704,686200
1746189.603,686300
1746786.599,686400
1747294.181,686500
1747894.016,686600
1748567.099,686700
1749135.885,686800
1749776.198,686900
1750382.219,687000
1750946.309,687100
1751482.533,687200
1752030.646,687300
1752698.048,687400
1753233.095,687500
1753751.214,687600
1754302.993,687700
1754869.165,687800
1756863.168,687900
1757567.840,688000
1758170.994,688100
1759145.016,688200
1759739.332,688300
1760397.813,688400
1761248.701,688500
1762027.958,688600
1762685.225,688700
1763382.341,688800
1764096.401,688900
1764724.512,689000
1765432.211,689100
1766554.595,689200
1767281.089,689300
1767877.150,689400
1768461.247,689500
1769027.954,689600
1769755.622,689700
1770287.372,689800
1771127.335,689900
1771706.901,690000
1772288.385,690100
1772800.394,690200
1774396.595,690300
1774877.001,690400
1775316.507,690500
1775787.250,690600
1776249.297,690700
1776806.295,690800
1777427.571,690900
1777878.350,691000
1778351.517,691100
1778983.379,691200
1779463.065,691300
1779852.535,691400
1780224.370,691500
1780529.212,691600
1781000.245,691700
1781421.582,691800
1782280.510,691900
1782816.899,692000
1783348.494,692100
1783906.464,692200
1784387.295,692300
1784867.717,692400
1785292.478,692500
1785738.362,692600
1786115.575,692700
1786674.546,692800
1787085.770,692900
1787516.757,693000
1788107.503,693100
1788633.020,693200
1789087.501,693300
1789471.860,693400
1789902.792,693500
1792151.057,693600
1792665.487,693700
1793406.822,693800
1794360.080,693900
1795099.037,694000
1795777.330,694100
1796550.022,694200
1797260.802,694300
1797921.021,694400
1798521.667,694500
1799163.460,694600
1799771.571,694700
1800405.269,694800
1800994.068,694900
1801816.513,695000
1802576.046,695100
1803435.687,695200
1804265.593,695300
1804963.717,695400
1805508.285,695500
1806233.421,695600
1806804.265,695700
1807271.702,695800
1807664.000,695900
1808294.579,696000
1808954.533,696100
1810390.436,696200
1811078.474,696300
1811844.748,696400
1812570.724,696500
1813241.798,696600
1813779.367,696700
1814440.190,696800
1816592.364,696900
1817075.098,697000
1817730.316,697100
1818421.491,697200
1819152.481,697300
1819846.016,697400
1820518.022,697500
1821230.245,697600
1821832.582,697700
1822320.705,697800
1823096.646,697900
1823641.042,698000
1824095.368,698100
1824793.828,698200
1825392.919,698300
1825881.666,698400
1826526.143,698500
1827194.317,698600
1827789.969,698700
1828362.575,698800
1828942.923,698900
1829424.000,699000
1829935.410,699100
1830440.745,699200
1830850.129,699300
1831389.201,699400
1831919.136,699500
1832428.998,699600
1833050.293,699700
1833642.249,699800
1834148.475,699900
1836014.095,700000
1836683.954,700100
1837303.507,700200
1837940.795,700300
1838654.336,700400
1839478.622,700500
1840143.851,700600
1840774.138,700700
1841493.721,700800
1842211.427,700900
1842832.671,701000
1843282.104,701100
1843727.365,701200
1844154.224,701300
1844635.600,701400
1845244.702,701500
1846003.871,701600
1846578.112,701700
1847099.367,701800
1847627.988,701900
1848149.556,702000
1848620.441,702100
1849053.334,702200
1849474.891,702300
1849878.688,702400
1850430.184,702500
1850855.310,702600
1851307.506,702700
1851947.556,702800
1852539.255,702900
1854087.948,703000
1854821.510,703100
1855261.319,703200
1855717.188,703300
1856194.749,703400
1856738.594,703500
1857334.854,703600
1857816.288,703700
1858368.315,703800
1859073.562,703900
1859832.299,704000
1860507.949,704100
1861246.909,704200
1861757.359,704300
1862190.200,704400
1863159.389,704500
1863808.790,704600
1864385.370,704700
1864986.341,704800
1865501.886,704900
1866158.692,705000
1866821.645,705100
1867516.081,705200
1868270.953,705300
1868767.241,705400
1869191.393,705500
1869919.834,705600
1872265.361,705700
1873150.509,705800
1874409.542,705900
1875547.218,706000
1876334.554,706100
1877168.703,706200
1877763.477,706300
1878560.315,706400
1879173.900,706500
1879644.235,706600
1880402.787,706700
1880994.665,706800
1881662.965,706900
1882333.216,707000
1882905.293,707100
1883580.622,707200
1884191.182,707300
1884717.426,707400
1885343.695,707500
1885894.043,707600
1886518.002,707700
1887224.390,707800
1887758.496,707900
1888362.412,708000
1889075.762,708100
1889717.729,708200
1890352.193,708300
1893087.907,708400
1893892.636,708500
1894659.819,708600
1895486.897,708700
1896288.079,708800
1897243.430,708900
1898241.633,709000
1899535.083,709100
1900254.786,709200
1901133.603,709300
1901994.490,709400
1902702.966,709500
1903266.076,709600
1903766.667,709700
1904475.852,709800
1905307.939,709900
1905969.585,710000
1906710.126,710100
1907341.883,710200
1907883.210,710300
1908406.292,710400
1909078.259,710500
1909766.054,710600
1910198.567,710700
1910768.753,710800
1911396.253,710900
1911926.070,711000
1913706.923,711100
1914470.774,711200
1915137.997,711300
1915926.756,711400
1916486.136,711500
1917030.677,711600
1917526.728,711700
1918112.424,711800
1918833.945,711900
1919571.202,712000
1920156.509,712100
1920737.476,712200
1921440.351,712300
1922090.124,712400
1922656.111,712500
1923171.110,712600
1923859.136,712700
1924484.726,712800
1925065.897,712900
1925640.622,713000
1926142.357,713100
1926734.096,713200
1927283.671,713300
1927769.856,713400
1928251.439,713500
1929206.895,713600
1929715.496,713700
1931365.137,713800
1931885.783,713900
1932403.757,714000
1932940.599,714100
1933567.316,714200
1934164.074,714300
1934884.423,714400
1935451.892,714500
1936050.231,714600
1936583.739,714700
1937007.776,714800
1937656.927,714900
1938272.178,715000
1938808.112,715100
1939363.148,715200
1939927.189,715300
1940388.881,715400
1940948.842,715500
1941518.741,715600
1941952.880,715700
1942492.851,715800
1943024.359,715900
1943483.427,716000
1944600.624,716100
1945220.980,716200
1945862.495,716300
1946457.682,716400
1949041.095,716500
1950039.551,716600
1950653.709,716700
1951426.830,716800
1952122.905,716900
1952883.163,717000
1954017.699,717100
1955116.719,717200
1956156.127,717300
1957139.453,717400
1958082.470,717500
1958867.217,717600
1959626.031,717700
1960332.251,717800
1960825.539,717900
1961365.560,718000
1962228.751,718100
1962809.462,718200
1963278.984,718300
1963882.052,718400
1964291.787,718500
1964786.762,718600
1965286.171,718700
1965931.002,718800
1966323.973,718900
1966739.688,719000
1967273.095,719100
1967742.366,719200
1968326.899,719300
1970580.812,719400
1971299.319,719500
1971844.996,719600
1972650.092,719700
1973561.866,719800
1974604.024,719900
1975209.921,720000
1975743.553,720100
1976310.553,720200
1976863.351,720300
1977391.515,720400
1977934.852,720500
1978516.635,720600
1979264.943,720700
1979788.396,720800
1980338.158,720900
1980799.805,721000
1981293.081,721100
1981837.827,721200
1982466.305,721300
1983067.718,721400
1983613.480,721500
1984347.770,721600
1984905.797,721700
1985450.836,721800
1986438.202,721900
1987043.421,722000
1988825.114,722100
1989542.066,722200
1990474.440,722300
1991798.500,722400
1993361.793,722500
1995811.465,722600
1996902.889,722700
1997643.595,722800
1998335.816,722900
1998964.010,723000
1999338.111,723100
1999919.499,723200
2000329.260,723300
2000795.451,723400
2001406.768,723500
2001849.148,723600
2002451.066,723700
2002909.118,723800
2003456.651,723900
2003974.245,724000
2004395.411,724100
2004862.215,724200
2005522.458,724300
2006185.923,724400
2006642.754,724500
2007149.792,724600
2007662.185,724700
2008307.475,724800
2010048.310,724900
2010603.788,725000
2011105.760,725100
2011579.249,725200
2012059.601,725300
2012618.164,725400
2013464.465,725500
2014188.343,725600
2014762.689,725700
2015283.745,725800
2015820.887,725900
2016375.250,726000
2016909.419,726100
2017333.245,726200
2017836.923,726300
2018408.225,726400
2018976.006,726500
2019513.945,726600
2020173.627,726700
2020744.628,726800
2021365.764,726900
2021792.758,727000
2022168.842,727100
2022644.536,727200
2023037.758,727300
2023682.874,727400
2024233.736,727500
2026367.903,727600
2027208.962,727700
2028269.807,727800
2029142.651,727900
2030098.091,728000
2030869.387,728100
2031399.018,728200
2032139.066,728300
2032976.615,728400
2033611.412,728500
2034477.261,728600
2035200.508,728700
2035880.486,728800
2036698.732,728900
2037482.043,729000
2038088.987,729100
2038786.745,729200
2039396.361,729300
2040083.267,729400
2040666.275,729500
2041364.839,729600
2041980.939,729700
2042567.813,729800
2043291.448,729900
2043855.918,730000
2044528.851,730100
2045026.267,730200
2047115.917,730300
2047638.277,730400
2048310.268,730500
2048968.842,730600
2049516.487,730700
2050112.371,730800
2050747.863,730900
2051344.994,731000
2051879.026,731100
2052271.870,731200
2052680.424,731300
2053226.393,731400
2053799.814,731500
2054376.394,731600
2054899.432,731700
2055499.964,731800
2056060.838,731900
2056506.501,732000
2056967.237,732100
2057427.243,732200
2057832.864,732300
2058269.042,732400
2058887.170,732500
2059497.451,732600
2059942.968,732700
2060430.461,732800
2060932.802,732900
2062509.293,733000
2063151.322,733100
2063587.306,733200
2064075.800,733300
2064506.688,733400
2064963.225,733500
2065447.750,733600
2066042.776,733700
2066509.752,733800
2067028.366,733900
2067600.448,734000
2068116.328,734100
2068784.615,734200
2069304.426,734300
2069707.874,734400
2070164.909,734500
2070716.590,734600
2071191.610,734700
2071764.821,734800
2072211.941,734900
2072801.748,735000
2073417.389,735100
2073956.933,735200
2074445.043,735300
2075026.283,735400
2075424.756,735500
2075854.669,735600
2076571.384,735700
2078330.159,735800
2078807.595,735900
2079558.996,736000
2080338.958,736100
2080974.685,736200
2081691.940,736300
2082360.627,736400
2082965.600,736500
2083557.027,736600
2084217.951,736700
2084786.537,736800
2085430.589,736900
2086046.942,737000
2086806.931,737100
2087605.608,737200
2088117.622,737300
2088696.052,737400
2089175.881,737500
2089642.406,737600
2090210.191,737700
2090785.039,737800
2091409.226,737900
2091911.769,738000
2092438.911,738100
2092943.619,738200
2094864.568,738300
2095562.427,738400
2096337.126,738500
2097206.123,738600
2098144.844,738700
2099143.764,738800
2100171.663,738900
2100965.345,739000
2101733.559,739100
2102537.871,739200
2103159.785,739300
2103646.543,739400
2104311.526,739500
2105207.240,739600
2105757.062,739700
2106476.378,739800
2107055.359,739900
2107660.363,740000
2108292.665,740100
2108915.361,740200
2109692.089,740300
2110624.263,740400
2111224.062,740500
2111901.507,740600
2112729.496,740700
2113509.651,740800
2114133.030,740900
2114691.328,741000
2117090.839,741100
2117992.618,741200
2118800.198,741300
2119640.627,741400
2120311.835,741500
2120795.577,741600
2121286.779,741700
2121827.844,741800
2122472.724,741900
2122935.949,742000
2123393.662,742100
2124089.435,742200
2124995.436,742300
2126377.669,742400
2127329.841,742500
2128094.586,742600
2128676.741,742700
2129454.647,742800
2130016.254,742900
2130568.192,743000
2131141.474,743100
2131781.131,743200
2132359.294,743300
2132892.926,743400
2133303.308,743500
2133701.300,743600
2134185.969,743700
2136049.095,743800
2136838.125,743900
2137490.698,744000
2138108.619,744100
2139065.043,744200
2139598.166,744300
2139995.065,744400
2140496.959,744500
2141006.165,744600
2141816.259,744700
2142572.843,744800
2143360.408,744900
2144056.737,745000
2144981.990,745100
2145627.385,745200
2146129.023,745300
2146647.870,745400
2147126.289,745500
2147716.842,745600
2148357.944,745700
2149122.196,745800
2149674.407,745900
2150273.166,746000
2150821.027,746100
2151244.224,746200
2151593.931,746300
2153239.762,746400
2153778.830,746500
2154222.373,746600
2154838.882,746700
2155248.247,746800
2155798.477,746900
2156357.069,747000
2156867.468,747100
2157360.340,747200
2157860.958,747300
2158396.658,747400
2158821.816,747500
2159308.180,747600
2160033.552,747700
2160516.876,747800
2161290.339,747900
2161841.977,748000
2162338.661,748100
2162972.196,748200
2163396.638,748300
2163805.823,748400
2164273.164,748500
2164846.246,748600
2165290.583,748700
2166012.502,748800
2166596.031,748900
2167107.924,749000
2167587.749,749100
2169867.362,749200
2170534.609,749300
2171440.007,749400
2172212.570,749500
2173088.711,749600
2173997.747,749700
2175107.820,749800
2176082.672,749900
2177064.265,750000
2177667.709,750100
2178371.568,750200
2178928.452,750300
2179675.636,750400
2180570.173,750500
2181264.236,750600
2181836.492,750700
2182588.354,750800
2183194.673,750900
2183940.545,751000
2184561.070,751100
2185073.774,751200
2185784.186,751300
2186296.132,751400
2186658.314,751500
2187154.613,751600
2187662.265,751700
2188172.469,751800
2188674.819,751900
2190790.965,752000
2191817.071,752100
2192656.359,752200
2193517.630,752300
2194416.791,752400
2194955.529,752500
2195437.337,752600
2195841.017,752700
2196440.049,752800
2197076.294,752900
2197589.334,753000
2198387.466,753100
2199202.282,753200
2199827.011,753300
2200441.704,753400
2200957.046,753500
2201333.270,753600
2201748.540,753700
2202215.952,753800
2202803.746,753900
2204033.070,754000
2204649.632,754100
2205218.318,754200
2206004.458,754300
2206731.065,754400
2207154.663,754500
2207564.652,754600
2209449.431,754700
2210241.167,754800
2211152.991,754900
2211855.050,755000
2212430.135,755100
2213095.731,755200
2213792.326,755300
2214491.141,755400
2215052.650,755500
2215520.533,755600
2216081.764,755700
2216669.093,755800
2217346.359,755900
2217991.241,756000
2218553.282,756100
2219098.987,756200
2219676.326,756300
2220285.503,756400
2220797.466,756500
2221295.471,756600
2221723.752,756700
2222197.701,756800
2222707.449,756900
2223134.838,757000
2223775.453,757100
2224135.408,757200
2224647.282,757300
2225178.895,757400
2227131.950,757500
2227639.902,757600
2228051.167,757700
2228538.617,757800
2228993.739,757900
2229381.023,758000
2229900.274,758100
2230304.370,758200
2230866.848,758300
2231558.000,758400
2233293.568,758500
2234743.614,758600
2235989.512,758700
2236717.343,758800
2237522.277,758900
2238160.567,759000
2238764.043,759100
2239996.702,759200
2241294.062,759300
2243129.592,759400
2243750.119,759500
2244358.363,759600
2245084.168,759700
2245685.691,759800
2246242.423,759900
2247058.231,760000
2247637.991,760100
2248270.465,760200
2250849.199,760300
2251992.697,760400
2252995.614,760500
2254200.581,760600
2255286.697,760700
2256432.862,760800
2257283.554,760900
2258095.541,761000
2258748.385,761100
2259490.775,761200
2260226.754,761300
2260985.891,761400
2261770.664,761500
2262457.306,761600
2263205.644,761700
2263909.957,761800
2264655.170,761900
2265633.331,762000
2266505.104,762100
2267356.163,762200
2267942.690,762300
2268495.138,762400
2269541.679,762500
2270242.234,762600
2270906.944,762700
2271483.490,762800
2273574.247,762900
2274693.571,763000
2275653.871,763100
2276850.939,763200
2278003.848,763300
2278857.483,763400
2279605.433,763500
2280230.616,763600
2280863.703,763700
2281487.130,763800
2282155.660,763900
2282724.951,764000
2283607.108,764100
2284303.129,764200
2285183.347,764300
2285957.927,764400
2286717.705,764500
2287493.072,764600
2288221.914,764700
2289087.789,764800
2289656.664,764900
2290485.408,765000
2291221.293,765100
2292013.777,765200
2294135.002,765300
2295152.114,765400
2295910.320,765500
2296724.156,765600
2297716.438,765700
2298717.460,765800
2299461.570,765900
2300292.253,766000
2301197.449,766100
2302766.775,766200
2303254.453,766300
2303854.779,766400
2304385.287,766500
2304897.751,766600
2307489.704,766700
2309444.263,766800
2310066.369,766900
2310673.142,767000
2311287.669,767100
2311833.039,767200
2312426.425,767300
2312908.711,767400
2313533.820,767500
2314229.551,767600
2314918.194,767700
2315630.461,767800
2317442.466,767900
2318181.308,768000
2319123.474,768100
2319761.540,768200
2320386.137,768300
2320969.329,768400
2321543.954,768500
2322168.856,768600
2322902.763,768700
2323532.915,768800
2323985.415,768900
2324505.807,769000
2325132.671,769100
2325985.551,769200
2326543.932,769300
2327229.930,769400
2327984.604,769500
2328698.100,769600
2329247.660,769700
2329792.847,769800
2330218.249,769900
2330792.644,770000
2331618.278,770100
2332166.498,770200
2332766.241,770300
2333413.794,770400
2333861.164,770500
2336747.647,770600
2337495.649,770700
2338137.237,770800
2338980.639,770900
2339704.563,771000
2340557.889,771100
2344841.295,771200
2347183.204,771300
2348504.942,771400
2350169.141,771500
2351090.125,771600
2351781.249,771700
2352452.034,771800
2353044.268,771900
2353597.773,772000
2354093.808,772100
2354532.327,772200
2355249.300,772300
2355776.076,772400
2356351.770,772500
2356927.564,772600
2357413.562,772700
2358042.900,772800
2358660.571,772900
2359234.256,773000
2359787.906,773100
2360289.552,773200
2362537.843,773300
2363418.959,773400
2364266.919,773500
2365049.690,773600
2365739.029,773700
2366551.381,773800
2367137.334,773900
2367734.481,774000
2368380.056,774100
2368896.618,774200
2369545.852,774300
2370208.650,774400
2370922.642,774500
2371627.348,774600
2372259.173,774700
2373025.284,774800
2373623.823,774900
2374231.428,775000
2374739.375,775100
2375194.299,775200
2375796.487,775300
2376291.540,775400
2376859.749,775500
2377448.321,775600
2378024.362,775700
2378689.826,775800
2380714.916,775900
2381749.843,776000
2382743.492,776100
2383478.823,776200
2384310.066,776300
2385279.815,776400
2385897.462,776500
2386650.257,776600
2387426.754,776700
2388202.012,776800
2388955.384,776900
2389664.685,777000
2390498.211,777100
2391226.149,777200
2391968.955,777300
2393033.399,777400
2393696.670,777500
2394436.884,777600
2395102.312,777700
2395769.590,777800
2396565.498,777900
2397172.908,778000
2397899.698,778100
2398729.615,778200
2399327.830,778300
2400025.837,778400
2400830.127,778500
2402778.239,778600
2403438.079,778700
2404128.627,778800
2404679.760,778900
2405212.977,779000
2405771.039,779100
2406410.102,779200
2407079.799,779300
2407599.696,779400
2408285.071,779500
2408901.898,779600
2409542.105,779700
2410142.046,779800
2410666.513,779900
2411403.895,780000
2412023.240,780100
2412729.050,780200
2413216.654,780300
2413808.322,780400
2414337.494,780500
2415043.737,780600
2415795.380,780700
2416576.810,780800
2417295.733,780900
2418274.275,781000
2420796.422,781100
2421693.766,781200
2422928.599,781300
2424083.591,781400
2424934.416,781500
2426297.561,781600
2427424.898,781700
2428637.661,781800
2429991.154,781900
2430777.031,782000
2431617.060,782100
2432189.402,782200
2432871.745,782300
2433529.442,782400
2434228.032,782500
2434923.309,782600
2435730.246,782700
2436331.938,782800
2436981.749,782900
2437601.982,783000
2438331.156,783100
2438937.896,783200
2439693.671,783300
2440366.804,783400
2441025.719,783500
2441620.417,783600
2444427.729,783700
2445549.465,783800
2446777.227,783900
2447726.404,784000
2448631.903,784100
2449402.030,784200
2450149.199,784300
2450858.022,784400
2451480.897,784500
2452037.319,784600
2452676.538,784700
2453389.718,784800
2454130.513,784900
2454899.421,785000
2455474.160,785100
2456236.329,785200
2456959.972,785300
2457697.942,785400
2458458.266,785500
2459099.347,785600
2459752.791,785700
2460411.889,785800
2461065.992,785900
2463596.473,786000
2464873.728,786100
2466202.409,786200
2467233.296,786300
2468233.101,786400
2469027.097,786500
2469740.514,786600
2470370.326,786700
2471131.848,786800
2471895.027,786900
2472756.267,787000
2473525.833,787100
2474460.546,787200
2475283.590,787300
2476077.998,787400
2476768.008,787500
2477347.214,787600
2477904.562,787700
2478472.236,787800
2478997.303,787900
2480559.486,788000
2481190.228,788100
2481793.839,788200
2482429.618,788300
2483142.778,788400
2483705.992,788500
2484259.108,788600
2484812.844,788700
2485371.238,788800
2485889.738,788900
2486530.449,789000
2487062.448,789100
2487624.805,789200
2488274.043,789300
2488799.409,789400
2489400.485,789500
2489973.279,789600
2490496.628,789700
2493027.433,789800
2494096.217,789900
2494892.223,790000
2496081.553,790100
2497120.285,790200
2498099.221,790300
2498978.987,790400
2499780.909,790500
2500606.911,790600
2501346.140,790700
2502192.843,790800
2502904.861,790900
2503637.137,791000
2504262.949,791100
2504853.489,791200
2505407.195,791300
2506102.179,791400
2506726.538,791500
2507337.670,791600
2509648.124,791700
2510434.178,791800
2511419.610,791900
2512558.073,792000
2513334.590,792100
2514100.818,792200
2514834.145,792300
2515467.962,792400
2516096.524,792500
2516673.464,792600
2517359.806,792700
2518036.107,792800
2518730.153,792900
2519353.884,793000
2520069.611,793100
2520931.995,793200
2521569.106,793300
2522198.188,793400
2522795.292,793500
2523640.898,793600
2524324.505,793700
2526671.615,793800
2527541.263,793900
2528351.955,794000
2529436.765,794100
2530363.713,794200
2531374.958,794300
2532251.948,794400
2533096.759,794500
2533818.052,794600
2534661.296,794700
2535330.141,794800
2536019.009,794900
2536768.078,795000
2537569.077,795100
2538310.632,795200
2539196.238,795300
2540043.464,795400
2540857.488,795500
2541704.569,795600
2542379.784,795700
2543006.415,795800
2544790.295,795900
2545519.435,796000
2546173.744,796100
2546803.537,796200
2547528.646,796300
2548231.927,796400
2548920.364,796500
2549626.831,796600
2550271.138,796700
2550963.787,796800
2551673.729,796900
2552382.926,797000
2553204.482,797100
2554196.445,797200
2554906.742,797300
2555714.654,797400
2556475.889,797500
2557076.502,797600
2557649.657,797700
2558239.273,797800
2558773.469,797900
2561320.594,798000
2562371.053,798100
2563524.086,798200
2564615.558,798300
2565731.490,798400
2566731.401,798500
2567723.095,798600
2568904.632,798700
2569857.637,798800
2570742.254,798900
2571621.126,799000
2572413.486,799100
2573104.458,799200
2573879.831,799300
2574662.321,799400
2575383.172,799500
2576062.108,799600
2576745.817,799700
2577331.470,799800
2579917.809,799900
2580651.488,800000
2581505.813,800100
2582302.151,800200
2583060.331,800300
2583767.477,800400
2584519.855,800500
2585138.776,800600
2585798.398,800700
2586486.001,800800
2587066.426,800900
2587682.833,801000
2588445.250,801100
2589164.665,801200
2589809.078,801300
2590464.329,801400
2591062.232,801500
2591784.488,801600
2592493.575,801700
2595003.864,801800
2595906.700,801900
2596877.713,802000
2597786.147,802100
2598608.428,802200
2599516.064,802300
2600456.331,802400
2601318.554,802500
2602195.958,802600
2603006.351,802700
2604018.465,802800
2604906.147,802900
2605708.709,803000
2606418.067,803100
2607177.936,803200
2607927.464,803300
2608819.732,803400
2609517.522,803500
2610254.331,803600
2612298.484,803700
2613045.183,803800
2613708.513,803900
2614375.196,804000
2614987.698,804100
2615644.624,804200
2616331.524,804300
2617011.506,804400
2617606.953,804500
2618354.436,804600
2619019.388,804700
2619778.810,804800
2620469.683,804900
2621218.083,805000
2621859.462,805100
2622599.615,805200
2623180.812,805300
2623991.661,805400
2624720.100,805500
2628019.619,805600
2629155.771,805700
2630459.725,805800
2631642.729,805900
2632481.066,806000
2633382.592,806100
2634236.236,806200
2634991.454,806300
2635990.493,806400
2636838.757,806500
2637686.595,806600
2638422.740,806700
2639170.468,806800
2639783.026,806900
2640380.586,807000
2641071.413,807100
2641682.840,807200
2642462.390,807300
2643168.371,807400
2646474.587,807500
2647403.134,807600
2648679.378,807700
2649535.095,807800
2650381.862,807900
2651046.514,808000
2651714.566,808100
2652415.085,808200
2653101.808,808300
2653775.246,808400
2654432.505,808500
2655225.174,808600
2656274.910,808700
2657407.361,808800
2658094.457,808900
2658757.779,809000
2659525.508,809100
2660302.897,809200
2663465.062,809300
2664638.854,809400
2665612.538,809500
2666904.488,809600
2667891.923,809700
2669117.638,809800
2670170.004,809900
2671200.757,810000
2672790.189,810100
2673882.510,810200
2674959.214,810300
2676003.145,810400
2680079.092,810500
2682045.006,810600
2682919.689,810700
2683838.700,810800
2684930.979,810900
2685967.348,811000
2687035.919,811100
2687915.396,811200
2689027.802,811300
2690093.867,811400
2692378.536,811500
2693680.404,811600
2694581.062,811700
2695472.262,811800
2696404.677,811900
2697170.530,812000
2698148.453,812100
2699121.742,812200
2700197.242,812300
2701199.968,812400
2702194.308,812500
2703140.526,812600
2703988.668,812700
2704927.370,812800
2705912.507,812900
2706710.550,813000
2707761.066,813100
2708513.134,813200
2709160.340,813300
2710087.745,813400
2710879.797,813500
2711967.189,813600
2713276.682,813700
2716140.373,813800
2717782.941,813900
2719347.734,814000
2720924.459,814100
2721848.473,814200
2722740.017,814300
2723937.077,814400
2724781.058,814500
2725691.152,814600
2726717.345,814700
2727624.541,814800
2728810.043,814900
2730022.182,815000
2730831.292,815100
2731614.952,815200
2732376.445,815300
2733119.352,815400
2734096.829,815500
2734912.431,815600
2738284.188,815700
2739979.852,815800
2740970.624,815900
2742004.241,816000
2743175.729,816100
2744305.956,816200
2745347.433,816300
2746336.851,816400
2747174.082,816500
2748084.067,816600
2749022.283,816700
2750076.515,816800
2751008.949,816900
2751846.780,817000
2752548.406,817100
2753259.664,817200
2753908.028,817300
2755992.951,817400
2756811.981,817500
2757800.369,817600
2758999.106,817700
2759852.099,817800
2760805.735,817900
2761620.977,818000
2762353.311,818100
2763267.500,818200
2764152.219,818300
2764990.869,818400
2765767.331,818500
2766510.049,818600
2767236.569,818700
2767992.577,818800
2768889.676,818900
2769573.959,819000
2770428.642,819100
2773104.445,819200
2774023.134,819300
2775173.917,819400
2776106.787,819500
2776857.675,819600
2777838.376,819700
2779084.851,819800
2780117.365,819900
2781301.029,820000
2782426.937,820100
2783506.681,820200
2784582.906,820300
2785821.831,820400
2786764.260,820500
2787642.431,820600
2788435.641,820700
2789356.504,820800
2790073.805,820900
2792580.464,821000
2793461.033,821100
2794418.815,821200
2795439.851,821300
2796533.753,821400
2797492.204,821500
2798356.341,821600
2799103.703,821700
2799821.558,821800
2800769.001,821900
2801750.261,822000
2802394.788,822100
2803201.040,822200
2803936.446,822300
2804816.220,822400
2806072.526,822500
2806862.037,822600
2809684.330,822700
2811043.808,822800
2812091.221,822900
2813231.177,823000
2814207.379,823100
2815032.603,823200
2816136.603,823300
2817139.930,823400
2818061.726,823500
2819027.632,823600
2819763.791,823700
2820564.625,823800
2821601.546,823900
2822813.265,824000
2823994.068,824100
2824882.482,824200
2825942.588,824300
2827320.027,824400
2830067.607,824500
2831359.358,824600
2832885.474,824700
2834022.512,824800
2834848.522,824900
2836156.601,825000
2837295.367,825100
2838685.302,825200
2839567.745,825300
2840725.314,825400
2842016.085,825500
2843095.785,825600
2843939.775,825700
2844741.303,825800
2845750.365,825900
2846853.313,826000
2847904.499,826100
2848946.258,826200
2850071.135,826300
2852880.170,826400
2854034.284,826500
2855315.397,826600
2856360.036,826700
2857515.070,826800
2858950.095,826900
2860133.402,827000
2861536.568,827100
2863161.022,827200
2864499.840,827300
2866289.813,827400
2867470.924,827500
2868492.162,827600
2869787.245,827700
2870861.287,827800
2871778.206,827900
2872844.463,828000
2873836.874,828100
2874815.335,828200
2877687.921,828300
2879326.428,828400
2880417.370,828500
2881550.867,828600
2882277.167,828700
2883042.009,828800
2883834.372,828900
2884795.567,829000
2885663.353,829100
2886480.721,829200
2887267.244,829300
2887932.429,829400
2888703.185,829500
2889569.147,829600
2890340.954,829700
2891271.026,829800
2892358.729,829900
2893389.923,830000
2894295.681,830100
2895411.299,830200
2896399.597,830300
2897148.768,830400
2900287.738,830500
2901631.488,830600
2902846.463,830700
2903927.464,830800
2904980.304,830900
2906043.442,831000
2907190.736,831100
2908269.950,831200
2913486.500,831300
2914433.117,831400
2915383.706,831500
2916288.699,831600
2917140.626,831700
2917938.904,831800
2918874.069,831900
2919908.754,832000
2920845.689,832100
2921884.029,832200
2922969.528,832300
2923906.294,832400
2925458.900,832500
2928368.776,832600
2929848.806,832700
2930983.733,832800
2932188.481,832900
2933246.595,833000
2934355.321,833100
2935793.002,833200
2937158.396,833300
2938371.569,833400
2939503.155,833500
2940425.553,833600
2941254.048,833700
2942335.688,833800
2943251.160,833900
2944119.538,834000
2945201.448,834100
2946127.217,834200
2947718.293,834300
2949062.829,834400
2950601.262,834500
2953599.332,834600
2955238.149,834700
2956797.374,834800
2958042.494,834900
2959263.463,835000
2960645.641,835100
2961680.763,835200
2962818.974,835300
2964651.396,835400
2965642.294,835500
2967039.024,835600
2968060.207,835700
2968954.783,835800
2970850.037,835900
2972043.321,836000
2972866.688,836100
2973882.737,836200
2974922.349,836300
2975803.011,836400
2976657.583,836500
2979372.441,836600
2980579.910,836700
2981625.015,836800
2982759.953,836900
2984107.655,837000
2985251.684,837100
2986140.317,837200
2987370.040,837300
2988624.222,837400
2989679.484,837500
2990707.875,837600
2991759.954,837700
2993714.214,837800
2994543.527,837900
2995604.689,838000
2996464.261,838100
2997265.455,838200
2998229.621,838300
2999033.218,838400
2999830.693,838500
3002644.284,838600
3003744.864,838700
3004718.403,838800
3005629.166,838900
3006300.451,839000
3007082.583,839100
3007835.559,839200
3008623.685,839300
3009347.764,839400
3010080.858,839500
3010778.983,839600
3011464.547,839700
3012170.119,839800
3012978.500,839900
3013740.290,840000
3014344.419,840100
3014875.989,840200
3015488.850,840300
3017715.560,840400
3018540.486,840500
3019502.391,840600
3020797.867,840700
3022029.188,840800
3023251.756,840900
3024730.451,841000
3025857.426,841100
3026898.212,841200
3027985.048,841300
3029267.371,841400
3030295.385,841500
3031337.793,841600
3032476.665,841700
3033382.649,841800
3034492.477,841900
3036369.219,842000
3037062.459,842100
3037804.726,842200
3038556.658,842300
3039415.833,842400
3040254.169,842500
3041127.655,842600
3042001.845,842700
3042977.558,842800
3043806.834,842900
3044482.871,843000
3045394.030,843100
3046309.936,843200
3047134.738,843300
3047941.352,843400
3048826.093,843500
3051874.979,843600
3053894.718,843700
3055001.604,843800
3056078.827,843900
3057113.510,844000
3058255.002,844100
3059821.017,844200
3061001.108,844300
3062425.441,844400
3063766.468,844500
3064938.507,844600
3065812.423,844700
3066742.035,844800
3067507.648,844900
3068313.766,845000
3068981.752,845100
3069674.103,845200
3072283.741,845300
3073383.094,845400
3074477.462,845500
3075369.481,845600
3076059.393,845700
3076882.167,845800
3077783.198,845900
3078500.205,846000
3079262.669,846100
3079954.956,846200
3080729.893,846300
3081653.131,846400
3082379.615,846500
3083195.884,846600
3084013.343,846700
3086383.074,846800
3087825.866,846900
3088997.671,847000
3090176.172,847100
3091133.593,847200
3092067.627,847300
3092997.710,847400
3094095.586,847500
3095363.775,847600
3096316.478,847700
3097382.132,847800
3098201.147,847900
3099051.378,848000
3100089.946,848100
3101070.906,848200
3102066.956,848300
3103027.860,848400
3104928.478,848500
3105955.882,848600
3106846.230,848700
3107979.858,848800
3112735.724,848900
3113675.536,849000
3114738.146,849100
3115719.318,849200
3116914.877,849300
3117889.282,849400
3118850.552,849500
3119967.156,849600
3121260.810,849700
3122364.100,849800
3123311.412,849900
3124154.863,850000
3126785.166,850100
3128100.925,850200
3129543.629,850300
3131076.845,850400
3132336.005,850500
3134244.144,850600
3135571.672,850700
3136931.990,850800
3139420.082,850900
3144197.060,851000
3145498.837,851100
3147282.561,851200
3148584.597,851300
3149716.115,851400
3151183.873,851500
3152570.872,851600
3155856.188,851700
3157132.154,851800
3158306.589,851900
3159135.371,852000
3160149.203,852100
3161958.816,852200
3163257.834,852300
3164529.136,852400
3166802.361,852500
3167795.802,852600
3169397.664,852700
3170570.926,852800
3171506.966,852900
3172568.689,853000
3173758.052,853100
3174854.833,853200
3178669.584,853300
3180405.318,853400
3182207.856,853500
3183954.513,853600
3185403.176,853700
3186943.362,853800
3188557.590,853900
3190287.079,854000
3192652.039,854100
3194131.228,854200
3195796.778,854300
3197185.652,854400
3198744.927,854500
3199797.260,854600
3201039.609,854700
3202122.034,854800
3204444.970,854900
3205839.498,855000
3207223.419,855100
3208460.231,855200
3209739.212,855300
3211253.603,855400
3212723.562,855500
3214335.575,855600
3216182.256,855700
3217680.368,855800
3218885.602,855900
3220222.335,856000
3221572.269,856100
3222630.121,856200
3225096.448,856300
3228136.677,856400
3230477.376,856500
3235632.556,856600
3238506.679,856700
3240957.468,856800
3243652.415,856900
3244935.690,857000
3246256.498,857100
3247172.267,857200
3248422.740,857300
3249409.327,857400
3250845.199,857500
3251865.405,857600
3252932.467,857700
3253835.770,857800
3254699.114,857900
3255471.776,858000
3256271.900,858100
3259047.408,858200
3260233.946,858300
3261263.679,858400
3262183.324,858500
3263235.850,858600
3264274.705,858700
3265417.576,858800
3266757.722,858900
3268186.831,859000
3269621.185,859100
3271033.940,859200
3272007.375,859300
3273063.751,859400
3274256.467,859500
3275239.361,859600
3277559.588,859700
3278667.968,859800
3280244.009,859900
3281486.638,860000
3282807.306,860100
3284007.284,860200
3285010.883,860300
3286359.057,860400
3287452.224,860500
3288621.630,860600
3289743.167,860700
3291247.629,860800
3292571.158,860900
3293641.082,861000
3295312.344,861100
3296989.003,861200
3299248.061,861300
3300666.036,861400
3301974.290,861500
3303276.339,861600
3304254.844,861700
3305572.517,861800
3306712.938,861900
3307759.049,862000
3309176.747,862100
3310366.117,862200
3311772.598,862300
3313165.880,862400
3314183.651,862500
3315449.438,862600
3316953.038,862700
3318343.767,862800
3319622.458,862900
3322773.205,863000
3324358.743,863100
3325789.010,863200
3327519.567,863300
3329361.139,863400
3330812.903,863500
3332355.249,863600
3333836.786,863700
3339222.949,863800
3340314.443,863900
3341489.242,864000
3342928.079,864100
3344103.122,864200
3344920.276,864300
3345720.962,864400
3346626.258,864500
3349655.328,864600
3350613.978,864700
3351742.641,864800
3352619.158,864900
3353402.867,865000
3354256.119,865100
3356136.108,865200
3357295.267,865300
3358021.691,865400
3359653.642,865500
3360612.884,865600
3361628.871,865700
3362699.619,865800
3363570.331,865900
3364507.125,866000
3367134.381,866100
3368575.720,866200
3369692.904,866300
3370841.660,866400
3372167.512,866500
3373442.284,866600
3374515.521,866700
3375505.568,866800
3376558.554,866900
3377614.265,867000
3379004.056,867100
3380137.607,867200
3381147.866,867300
3382214.801,867400
3383678.182,867500
3384936.501,867600
3387491.055,867700
3388751.998,867800
3389899.785,867900
3391356.855,868000
3392525.450,868100
3393648.411,868200
3394723.534,868300
3395975.857,868400
3396955.757,868500
3398328.852,868600
3400013.833,868700
3401737.545,868800
3403731.845,868900
3405486.069,869000
3407289.986,869100
3409106.092,869200
3410540.029,869300
3414158.487,869400
3416121.235,869500
3417921.471,869600
3420547.565,869700
3422857.559,869800
3425394.458,869900
3427915.262,870000
3429840.974,870100
3431894.695,870200
3433406.912,870300
3435257.404,870400
3436474.892,870500
3438187.127,870600
3439574.888,870700
3440689.984,870800
3441830.074,870900
3442977.407,871000
3446393.434,871100
3447502.914,871200
3448804.613,871300
3450939.082,871400
3452476.257,871500
3454106.318,871600
3455407.366,871700
3456997.830,871800
3458306.312,871900
3460291.984,872000
3461559.693,872100
3462824.449,872200
3463902.574,872300
3464817.371,872400
3465759.838,872500
3466854.493,872600
3468136.105,872700
3471242.111,872800
3472786.703,872900
3474996.372,873000
3476674.040,873100
3478439.241,873200
3480089.062,873300
3482189.170,873400
3483895.062,873500
3485218.523,873600
3486860.735,873700
3488655.053,873800
3490142.534,873900
3491399.494,874000
3492842.822,874100
3494096.161,874200
3495066.896,874300
3496040.287,874400
3497257.945,874500
3498289.052,874600
3500489.251,874700
3501556.808,874800
3502749.853,874900
3504164.469,875000
3505690.780,875100
3507346.882,875200
3508832.058,875300
3510278.821,875400
3511735.502,875500
3513386.243,875600
3515030.321,875700
3516698.001,875800
3518165.145,875900
3519557.931,876000
3520715.345,876100
3521984.360,876200
3523212.859,876300
3524300.211,876400
3525535.008,876500
3526777.523,876600
3528191.497,876700
3532174.386,876800
3534894.359,876900
3536575.973,877000
3538427.679,877100
3544722.206,877200
3546861.179,877300
3549121.396,877400
3551295.652,877500
3552558.599,877600
3553848.724,877700
3555062.882,877800
3556294.014,877900
3557293.259,878000
3558736.212,878100
3559959.109,878200
3561275.805,878300
3562439.218,878400
3563407.690,878500
3564755.678,878600
3565935.638,878700
3570252.113,878800
3572034.085,878900
3574105.053,879000
3575453.228,879100
3576973.373,879200
3578544.081,879300
3580279.938,879400
3582012.779,879500
3583367.210,879600
3584859.227,879700
3586673.823,879800
3588618.634,879900
3590322.027,880000
3592079.871,880100
3593224.410,880200
3594578.926,880300
3596061.111,880400
3597819.273,880500
3599264.748,880600
3600639.248,880700
3604164.130,880800
3606896.836,880900
3609566.239,881000
3611621.372,881100
3613938.948,881200
3616557.113,881300
3618625.196,881400
3620157.443,881500
3622178.117,881600
3624276.432,881700
3627367.986,881800
3629851.779,881900
3632142.452,882000
3636789.861,882100
3638573.954,882200
3640190.165,882300
3641496.493,882400
3642651.791,882500
3644027.921,882600
3645484.681,882700
3646829.152,882800
3649458.904,882900
3652268.871,883000
3654566.338,883100
3657132.128,883200
3659197.799,883300
3660925.595,883400
3662508.185,883500
3664200.439,883600
3666255.815,883700
3668375.571,883800
3669954.171,883900
3671082.042,884000
3672227.653,884100
3673535.941,884200
3680385.892,884300
3681440.097,884400
3682562.755,884500
3683470.736,884600
3684169.944,884700
3685190.866,884800
3688426.000,884900
3689636.218,885000
3690901.794,885100
3692513.245,885200
3694204.588,885300
3695568.769,885400
3697085.236,885500
3698170.142,885600
3699489.399,885700
3701360.369,885800
3703052.606,885900
3704155.282,886000
3705405.587,886100
3706851.038,886200
3708340.725,886300
3709610.437,886400
3710837.654,886500
3712712.316,886600
3713901.263,886700
3717710.829,886800
3719587.852,886900
3721740.707,887000
3723176.838,887100
3724563.129,887200
3725587.712,887300
3726570.897,887400
3727525.769,887500
3728398.352,887600
3729408.643,887700
3730200.444,887800
3730980.219,887900
3731804.167,888000
3732694.774,888100
3733610.704,888200
3734545.466,888300
3735496.482,888400
3736271.617,888500
3737403.556,888600
3740280.171,888700
3742069.980,888800
3743265.399,888900
3744264.394,889000
3745084.539,889100
3746122.127,889200
3747123.564,889300
3747977.963,889400
3748988.217,889500
3749983.390,889600
3751008.860,889700
3751958.782,889800
3752973.349,889900
3754103.648,890000
3755061.094,890100
3755870.972,890200
3756895.182,890300
3757824.705,890400
3758908.804,890500
3759710.856,890600
3761652.080,890700
3762760.563,890800
3763572.493,890900
3764347.892,891000
3765027.592,891100
3765856.980,891200
3766730.826,891300
3768689.109,891400
3769361.483,891500
3770512.993,891600
3771430.056,891700
3772111.882,891800
3772904.233,891900
3773734.975,892000
3774572.587,892100
3775259.727,892200
3775967.023,892300
3776818.979,892400
3777453.797,892500
3778206.099,892600
3779367.560,892700
3780154.235,892800
3783283.248,892900
3784557.715,893000
3786021.163,893100
3787022.564,893200
3788364.319,893300
3789725.553,893400
3791139.253,893500
3792456.222,893600
3793758.306,893700
3794803.433,893800
3795998.397,893900
3797013.295,894000
3801917.090,894100
3802687.138,894200
3807259.753,894300
3808603.673,894400
3809702.958,894500
3810788.560,894600
3814223.602,894700
3815448.056,894800
3816436.510,894900
3817847.230,895000
3819070.712,895100
3820090.653,895200
3821314.300,895300
3822364.645,895400
3823441.410,895500
3824480.973,895600
3826082.207,895700
3827782.810,895800
3829433.896,895900
3831127.722,896000
3832516.138,896100
3834085.806,896200
3835570.944,896300
3838126.101,896400
3839297.669,896500
3840406.072,896600
3841587.801,896700
3842504.555,896800
3845648.225,896900
3847136.614,897000
3848753.295,897100
3850071.446,897200
3851213.146,897300
3852406.073,897400
3853777.816,897500
3854940.907,897600
3856382.685,897700
3857969.712,897800
3860097.782,897900
3861327.405,898000
3862320.185,898100
3863370.381,898200
3864278.646,898300
3865186.893,898400
3866391.240,898500
3867266.376,898600
3868411.185,898700
3869492.848,898800
3871536.645,898900
3872536.884,899000
3873831.846,899100
3874917.552,899200
3875803.853,899300
3877178.053,899400
3878245.725,899500
3879902.722,899600
3881224.620,899700
3882613.714,899800
3883588.105,899900
3884678.858,900000
3885753.495,900100
3886636.861,900200
3887429.379,900300
3888368.757,900400
3889260.421,900500
3890358.521,900600
3891477.079,900700
3892404.746,900800
3893267.067,900900
3894202.792,901000
3895247.278,901100
3898545.397,901200
3900062.115,901300
3902276.672,901400
3904199.124,901500
3905963.748,901600
3907569.412,901700
3908820.952,901800
3909984.688,901900
3912104.487,902000
3913364.584,902100
3914402.479,902200
3915649.073,902300
3916677.642,902400
3917743.524,902500
3918850.760,902600
3919981.210,902700
3920923.431,902800
3921782.256,902900
3922668.115,903000
3923519.038,903100
3924302.130,903200
3927166.762,903300
3928322.006,903400
3929697.585,903500
3930911.349,903600
3932034.714,903700
3933164.497,903800
3934329.795,903900
3935333.750,904000
3936341.141,904100
3937221.560,904200
3937919.661,904300
3939003.122,904400
3940171.149,904500
3941249.631,904600
3942440.111,904700
3943334.931,904800
3944368.479,904900
3945806.278,905000
3947129.340,905100
3948071.385,905200
3949053.043,905300
3949932.825,905400
3953038.643,905500
3954543.245,905600
3955641.049,905700
3956794.818,905800
3958450.224,905900
3959692.161,906000
3961492.143,906100
3962580.963,906200
3963944.751,906300
3965110.576,906400
3966417.107,906500
3970807.498,906600
3972838.193,906700
3975554.711,906800
3976730.160,906900
3977726.684,907000
3978619.087,907100
3979437.983,907200
3980256.035,907300
3981007.349,907400
3983299.889,907500
3984542.649,907600
3986174.185,907700
3987355.570,907800
3988476.868,907900
3990012.117,908000
3991039.898,908100
3992306.483,908200
3993200.186,908300
3993934.681,908400
3994865.182,908500
3995845.125,908600
3996636.002,908700
3997613.730,908800
3998668.780,908900
3999588.260,909000
4000473.291,909100
4001356.533,909200
4002351.684,909300
4003385.386,909400
4006296.221,909500
4008420.121,909600
4009907.787,909700
4011857.276,909800
4013299.776,909900
4014455.655,910000
4015903.853,910100
4017116.905,910200
4018395.511,910300
4019308.866,910400
4020157.916,910500
4021187.855,910600
4022529.223,910700
4023502.756,910800
4024568.694,910900
4025474.083,911000
4026296.675,911100
4027116.895,911200
4027954.905,911300
4028755.146,911400
4031904.614,911500
4033650.009,911600
4035175.622,911700
4036189.517,911800
4037155.082,911900
4038467.708,912000
4039443.963,912100
4040544.297,912200
4041510.809,912300
4042300.643,912400
4043271.195,912500
4044232.754,912600
4045078.183,912700
4045892.039,912800
4046772.890,912900
4047690.774,913000
4048718.539,913100
4049676.708,913200
4050586.787,913300
4053377.988,913400
4054558.015,913500
4055732.621,913600
4056938.365,913700
4058796.857,913800
4060329.834,913900
4061678.759,914000
4062736.437,914100
4063676.358,914200
4064859.304,914300
4066231.037,914400
4067788.112,914500
4068853.155,914600
4069875.415,914700
4070856.782,914800
4072016.601,914900
4072928.086,915000
4073905.666,915100
4074840.846,915200
4076882.855,915300
4077858.477,915400
4078802.674,915500
4079547.594,915600
4080435.678,915700
4081639.452,915800
4082655.623,915900
4083615.074,916000
4084784.391,916100
4085735.285,916200
4086821.447,916300
4087887.926,916400
4088849.188,916500
4090183.604,916600
4091006.784,916700
4091899.745,916800
4092814.962,916900
4093794.873,917000
4094882.914,917100
4095828.819,917200
4099089.686,917300
4100944.423,917400
4102721.679,917500
4104787.668,917600
4106293.641,917700
4108007.072,917800
4109246.986,917900
4110886.705,918000
4112886.866,918100
4118465.619,918200
4119796.252,918300
4120997.208,918400
4122335.723,918500
4123734.212,918600
4124507.485,918700
4125452.174,918800
4126375.618,918900
4127248.694,919000
4128144.127,919100
4131040.815,919200
4132006.643,919300
4133398.261,919400
4134479.476,919500
4135755.901,919600
4136725.986,919700
4137564.335,919800
4138812.410,919900
4140019.004,920000
4141061.586,920100
4142288.783,920200
4143220.568,920300
4144145.031,920400
4145183.871,920500
4146036.028,920600
4146694.316,920700
4147661.715,920800
4148510.398,920900
4149424.675,921000
4150457.501,921100
4153140.622,921200
4154662.322,921300
4155855.419,921400
4157062.543,921500
4158160.347,921600
4159307.401,921700
4160435.209,921800
4161375.142,921900
4162397.761,922000
4163660.134,922100
4165028.937,922200
4166353.670,922300
4167548.446,922400
4168692.782,922500
4170108.728,922600
4171238.715,922700
4172395.817,922800
4173165.062,922900
4174039.897,923000
4175044.630,923100
4177442.196,923200
4178415.719,923300
4179524.672,923400
4180587.045,923500
4181774.179,923600
4182861.421,923700
4183774.397,923800
4184537.043,923900
4185341.922,924000
4186584.505,924100
4188018.713,924200
4189041.137,924300
4189979.857,924400
4191223.692,924500
4192684.539,924600
4193869.757,924700
4195046.908,924800
4195898.923,924900
4196735.306,925000
4199685.166,925100
4201990.641,925200
4203526.212,925300
4204917.956,925400
4205889.117,925500
4207094.073,925600
4208123.937,925700
4209261.911,925800
4210297.170,925900
4211595.830,926000
4212957.405,926100
4213949.932,926200
4214918.629,926300
4215990.667,926400
4217795.995,926500
4219096.600,926600
4220234.057,926700
4220984.903,926800
4222210.661,926900
4225022.671,927000
4226124.308,927100
4227567.023,927200
4228633.684,927300
4229517.084,927400
4230847.423,927500
4231956.071,927600
4232660.463,927700
4233606.313,927800
4234477.244,927900
4235331.850,928000
4236265.905,928100
4237583.884,928200
4238365.389,928300
4240050.814,928400
4240975.110,928500
4241793.788,928600
4242426.337,928700
4243197.343,928800
4245660.467,928900
4247053.892,929000
4248186.526,929100
4249357.310,929200
4250586.981,929300
4251769.149,929400
4252903.221,929500
4253757.546,929600
4254603.409,929700
4255587.432,929800
4256416.036,929900
4257342.713,930000
4258595.307,930100
4260182.144,930200
4261560.773,930300
4263045.911,930400
4264570.698,930500
4265834.597,930600
4266691.457,930700
4268683.181,930800
4270550.926,930900
4271497.067,931000
4272605.697,931100
4273594.329,931200
4274550.845,931300
4275509.015,931400
4276518.455,931500
4277958.053,931600
4279118.678,931700
4283910.511,931800
4285028.056,931900
4285737.530,932000
4286655.225,932100
4287626.083,932200
4288601.388,932300
4289448.452,932400
4290519.204,932500
4292125.504,932600
4293239.843,932700
4296099.652,932800
4297699.082,932900
4299031.199,933000
4300736.043,933100
4302342.411,933200
4303879.535,933300
4305079.110,933400
4306051.643,933500
4307277.108,933600
4308507.171,933700
4309712.839,933800
4310872.408,933900
4311749.602,934000
4312750.332,934100
4313956.472,934200
4315133.934,934300
4316161.274,934400
4317016.197,934500
4318282.765,934600
4319425.541,934700
4322790.325,934800
4324131.804,934900
4325103.528,935000
4326355.752,935100
4328460.921,935200
4329689.688,935300
4330448.233,935400
4331218.465,935500
4331864.309,935600
4332531.874,935700
4333357.849,935800
4334040.803,935900
4334885.192,936000
4335805.577,936100
4336520.730,936200
4337228.890,936300
4337987.353,936400
4338688.044,936500
4339511.050,936600
4340038.916,936700
4342145.209,936800
4343061.439,936900
4343924.967,937000
4344706.071,937100
4345710.977,937200
4346603.436,937300
4347385.517,937400
4348269.815,937500
4349187.467,937600
4350030.719,937700
4350874.609,937800
4351751.764,937900
4353631.342,938000
4354661.869,938100
4355662.107,938200
4356744.012,938300
4357660.577,938400
4358741.892,938500
4359715.530,938600
4360608.897,938700
4362586.803,938800
4363447.685,938900
4364379.347,939000
4365336.501,939100
4366189.419,939200
4367154.880,939300
4367998.653,939400
4369224.908,939500
4370038.101,939600
4370963.318,939700
4371809.749,939800
4372734.911,939900
4373544.704,940000
4374459.664,940100
4375244.438,940200
4375956.560,940300
4376816.827,940400
4377676.539,940500
4378629.857,940600
4379341.570,940700
4381942.689,940800
4383621.685,940900
4385546.733,941000
4387014.940,941100
4388271.935,941200
4389437.283,941300
4390933.104,941400
4392218.428,941500
4393022.117,941600
4393782.869,941700
4394476.089,941800
4395218.117,941900
4396130.861,942000
4396886.955,942100
4397697.583,942200
4398294.839,942300
4399022.063,942400
4399824.014,942500
4400722.710,942600
4403417.601,942700
4404195.231,942800
4405112.004,942900
4406139.354,943000
4411811.264,943100
4412554.222,943200
4413397.121,943300
4414195.668,943400
4414957.267,943500
4415953.100,943600
4416949.147,943700
4417726.734,943800
4418543.970,943900
4419325.251,944000
4420143.235,944100
4420920.143,944200
4421749.792,944300
4422527.801,944400
4425048.220,944500
4426241.508,944600
4427176.386,944700
4428351.842,944800
4429457.201,944900
4430631.795,945000
4431875.824,945100
4433850.734,945200
4435179.281,945300
4436509.158,945400
4437674.530,945500
4438803.549,945600
4439891.191,945700
4440871.605,945800
4441732.598,945900
4443057.904,946000
4444054.528,946100
4446145.008,946200
4447367.111,946300
4448368.610,946400
4449370.012,946500
4450460.936,946600
4451318.881,946700
4452100.799,946800
4453129.656,946900
4453856.717,947000
4454981.761,947100
4455831.043,947200
4456733.576,947300
4458007.742,947400
4459284.424,947500
4460347.019,947600
4461268.341,947700
4462351.970,947800
4463494.963,947900
4466591.828,948000
4468511.601,948100
4470213.688,948200
4471641.485,948300
4473441.796,948400
4474689.472,948500
4475812.857,948600
4477056.419,948700
4478011.250,948800
4478926.839,948900
4479988.434,949000
4481098.920,949100
4482113.778,949200
4483016.391,949300
4483807.872,949400
4488388.081,949500
4489200.636,949600
4491900.780,949700
4492840.220,949800
4493803.157,949900
4494932.831,950000
4495847.768,950100
4496640.219,950200
4497850.069,950300
4498809.784,950400
4499900.066,950500
4501053.876,950600
4501916.044,950700
4502587.881,950800
4503315.286,950900
4504040.256,951000
4505024.516,951100
4505915.097,951200
4508445.275,951300
4509496.655,951400
4510405.453,951500
4511425.377,951600
4512393.724,951700
4513266.884,951800
4514193.063,951900
4515401.781,952000
4516565.417,952100
4517983.629,952200
4519244.998,952300
4520430.229,952400
4521559.068,952500
4523098.285,952600
4524354.065,952700
4525405.220,952800
4527465.633,952900
4528656.889,953000
4529459.409,953100
4530272.925,953200
4531135.626,953300
4532070.013,953400
4532908.409,953500
4533912.385,953600
4534702.866,953700
4535945.635,953800
4537462.018,953900
4538243.584,954000
4539056.724,954100
4540140.758,954200
4541108.961,954300
4541925.031,954400
4544395.958,954500
4545644.352,954600
4546855.973,954700
4548394.086,954800
4550129.299,954900
4551354.048,955000
4552868.801,955100
4554147.360,955200
4555398.099,955300
4556541.871,955400
4557590.307,955500
4558521.861,955600
4559394.636,955700
4560284.068,955800
4561177.954,955900
4563968.300,956000
4564878.591,956100
4565983.110,956200
4566974.696,956300
4568051.588,956400
4568968.802,956500
4569816.444,956600
4570723.765,956700
4571408.048,956800
4572217.261,956900
4573320.139,957000
4574173.442,957100
4574978.436,957200
4575706.270,957300
4576621.533,957400
4577445.221,957500
4579883.211,957600
4580863.998,957700
4581702.906,957800
4582641.566,957900
4583642.960,958000
4585324.001,958100
4587078.423,958200
4588648.717,958300
4590326.012,958400
4591716.276,958500
4592933.409,958600
4593992.002,958700
4594932.177,958800
4595921.802,958900
4597028.366,959000
4599249.326,959100
4600334.943,959200
4601300.498,959300
4602243.086,959400
4603270.765,959500
4604177.210,959600
4605051.609,959700
4605958.797,959800
4609041.784,959900
4612026.517,960000
4612956.179,960100
4614178.050,960200
4615154.851,960300
4617886.333,960400
4621441.278,960500
4623372.356,960600
4627892.335,960700
4630439.386,960800
4632216.777,960900
4633967.755,961000
4635484.018,961100
4637145.149,961200
4638632.078,961300
4640116.063,961400
4641387.458,961500
4642438.922,961600
4643422.761,961700
4644465.000,961800
4645390.137,961900
4646277.180,962000
4647343.123,962100
4648514.611,962200
4651327.091,962300
4652434.342,962400
4653473.867,962500
4654371.406,962600
4655261.363,962700
4656241.745,962800
4657193.947,962900
4658330.084,963000
4659401.737,963100
4660366.252,963200
4661527.804,963300
4663494.999,963400
4664778.813,963500
4665862.506,963600
4666913.876,963700
4667986.660,963800
4671129.657,963900
4672775.217,964000
4674312.591,964100
4675739.696,964200
4677046.091,964300
4678608.220,964400
4679765.389,964500
4680873.227,964600
4682118.979,964700
4683360.280,964800
4684544.179,964900
4685741.444,965000
4687062.055,965100
4688798.391,965200
4690041.557,965300
4691424.410,965400
4693909.228,965500
4695092.678,965600
4696363.267,965700
4697516.088,965800
4698492.278,965900
4699614.247,966000
4700603.796,966100
4702110.620,966200
4707381.753,966300
4708405.239,966400
4709216.281,966500
4710222.741,966600
4710966.313,966700
4711869.700,966800
4712930.741,966900
4715857.179,967000
4717310.548,967100
4718878.015,967200
4720378.732,967300
4722408.634,967400
4723727.471,967500
4724927.945,967600
4726157.523,967700
4727377.226,967800
4728489.450,967900
4730177.621,968000
4731524.117,968100
4733065.635,968200
4734177.264,968300
4735451.508,968400
4736529.404,968500
4740323.921,968600
4741537.257,968700
4854807.252,834240
5060056.240,486080
5070058.541,617600
5304303.115,0
5304486.345,100
5304525.069,200
5304541.854,300
5304558.667,400
5304584.977,500
5304598.790,600
5304608.351,700
5304618.250,800
5304627.853,900
5304637.603,1000
5304658.851,1100
5304668.790,1200
5304678.716,1300
5304688.568,1400
5304698.395,1500
5304710.631,1600
5304721.988,1700
5304731.203,1800
5304740.900,1900
5304750.836,2000
5304765.376,2100
5304775.050,2200
5304785.385,2300
5304795.162,2400
5304804.767,2500
5304814.450,2600
5304823.962,2700
5304833.910,2800
5304843.168,2900
5304853.339,3000
5304863.239,3100
5304872.753,3200
5304882.335,3300
5304892.233,3400
5304902.377,3500
5304912.227,3600
5304921.649,3700
5304931.540,3800
5304941.104,3900
5304950.562,4000
5304980.222,4100
5304991.113,4200
5305000.195,4300
5305010.198,4400
5305020.049,4500
5305030.038,4600
5305039.606,4700
5305048.746,4800
5305058.767,4900
5305068.906,5000
5305078.189,5100
5305088.099,5200
5305097.686,5300
5305107.073,5400
5305116.573,5500
5305126.168,5600
5305135.993,5700
5305145.479,5800
5305154.980,5900
5305165.020,6000
5305175.023,6100
5305190.340,6200
5305200.346,6300
5305209.886,6400
5305219.428,6500
5305228.392,6600
5305238.232,6700
5305248.682,6800
5305258.396,6900
5305268.180,7000
5305278.020,7100
5305288.270,7200
5305297.762,7300
5305311.571,7400
5305321.356,7500
5305338.349,7600
5305349.541,7700
5305359.356,7800
5305368.975,7900
5305378.853,8000
5305389.052,8100
5305434.168,8200
5305444.092,8300
5305454.295,8400
5305463.545,8500
5305472.994,8600
5305482.321,8700
5305491.919,8800
5305501.344,8900
5305511.141,9000
5305520.890,9100
5305530.354,9200
5305539.801,9300
5305549.485,9400
5305558.714,9500
5305568.578,9600
5305577.388,9700
5305587.133,9800
5305596.629,9900
5306160.237,10000
5306171.400,10100
5306180.823,10200
5306190.692,10300
5306199.628,10400
5306208.777,10500
5306218.802,10600
5306228.297,10700
5306237.492,10800
5306246.915,10900
5306256.200,11000
5306267.562,11100
5306276.506,11200
5306286.300,11300
5306296.163,11400
5306306.222,11500
5306315.556,11600
5306325.078,11700
5306334.789,11800
5306345.292,11900
5306358.404,12000
5306371.279,12100
5306381.321,12200
5306390.858,12300
5306400.610,12400
5306410.501,12500
5306420.405,12600
5306429.042,12700
5306438.873,12800
5306448.473,12900
5306458.544,13000
5306468.539,13100
5306478.725,13200
5306488.537,13300
5306498.257,13400
5306508.032,13500
5306517.737,13600
5306527.596,13700
5306537.267,13800
5306547.585,13900
5306557.655,14000
5306573.086,14100
5306581.720,14200
5306592.000,14300
5306601.538,14400
5306611.346,14500
5306621.525,14600
5306631.125,14700
5306641.161,14800
5306650.224,14900
5306659.947,15000
5306669.940,15100
5306679.871,15200
5306689.529,15300
5306699.805,15400
5306709.548,15500
5306719.283,15600
5306728.213,15700
5306738.013,15800
5306747.857,15900
5306757.602,16000
5306767.712,16100
5306778.279,16200
5306788.419,16300
5306797.781,16400
5306807.874,16500
5306817.706,16600
5306827.714,16700
5306837.360,16800
5306846.913,16900
5306856.727,17000
5306866.876,17100
5306876.893,17200
5306886.920,17300
5306896.836,17400
5306906.505,17500
5306916.516,17600
5306926.689,17700
5306936.854,17800
5306946.681,17900
5306956.336,18000
5306966.176,18100
5306990.008,18200
5306999.085,18300
5307009.011,18400
5307018.547,18500
5307028.164,18600
5307037.831,18700
5307047.504,18800
5307057.028,18900
5307066.679,19000
5307076.643,19100
5307086.664,19200
5307096.161,19300
5307105.190,19400
5307115.435,19500
5307125.312,19600
5307135.178,19700
5307145.069,19800
5307155.087,19900
5307305.574,20000
5307316.398,20100
5307325.514,20200
5307336.120,20300
5307346.476,20400
5307355.773,20500
5307369.508,20600
5307379.209,20700
5307388.952,20800
5307397.646,20900
5307407.528,21000
5307419.699,21100
5307429.625,21200
5307438.941,21300
5307449.342,21400
5307459.990,21500
5307469.873,21600
5307479.796,21700
5307489.388,21800
5307499.032,21900
5307507.969,22000
5307522.739,22100
5307532.835,22200
5307542.914,22300
5307552.631,22400
5307562.868,22500
5307572.872,22600
5307582.110,22700
5307591.502,22800
5307601.632,22900
5307611.926,23000
5307621.284,23100
5307631.099,23200
5307640.970,23300
5307650.978,23400
5307661.322,23500
5307671.056,23600
5307681.313,23700
5307691.352,23800
5307700.928,23900
5307711.064,24000
5307726.009,24100
5307735.480,24200
5307745.333,24300
5307755.901,24400
5307766.130,24500
5307775.866,24600
5307785.169,24700
5307795.532,24800
5307806.090,24900
5307815.865,25000
5307825.750,25100
5307835.521,25200
5307845.184,25300
5307854.900,25400
5307865.050,25500
5307875.112,25600
5307884.676,25700
5307894.593,25800
5307904.822,25900
5307914.886,26000
5307924.862,26100
5307935.011,26200
5307945.489,26300
5307954.682,26400
5307964.737,26500
5307975.001,26600
5307984.964,26700
5307994.332,26800
5308004.459,26900
5308014.076,27000
5308023.450,27100
5308032.897,27200
5308042.539,27300
5308052.054,27400
5308062.131,27500
5308071.448,27600
5308081.833,27700
5308092.036,27800
5308102.091,27900
5308111.744,28000
5308121.724,28100
5308142.897,28200
5308152.734,28300
5308162.555,28400
5308172.717,28500
5308182.225,28600
5308191.779,28700
5308201.637,28800
5308211.609,28900
5308220.870,29000
5308229.951,29100
5308240.551,29200
5308250.577,29300
5308260.214,29400
5308270.480,29500
5308280.217,29600
5308290.337,29700
5308299.956,29800
5308310.220,29900
5308453.153,30000
5308467.281,30100
5308476.642,30200
5308486.367,30300
5308495.625,30400
5308504.568,30500
5308515.136,30600
5308524.692,30700
5308534.228,30800
5308543.514,30900
5308552.675,31000
5308564.304,31100
5308574.169,31200
5308583.724,31300
5308593.174,31400
5308603.438,31500
5308613.621,31600
5308622.877,31700
5308632.483,31800
5308641.978,31900
5308651.774,32000
5308664.041,32100
5308673.963,32200
5308684.206,32300
5308694.318,32400
5308703.287,32500
5308712.561,32600
5308722.731,32700
5308732.743,32800
5308742.029,32900
5308752.081,33000
5308761.885,33100
5308771.666,33200
5308780.980,33300
5308790.787,33400
5308800.929,33500
5308810.000,33600
5308820.387,33700
5308830.152,33800
5308840.219,33900
5308850.045,34000
5308864.373,34100
5308874.154,34200
5308884.177,34300
5308893.885,34400
5308904.472,34500
5308914.155,34600
5308923.747,34700
5308933.609,34800
5308943.199,34900
5308952.723,35000
5308962.260,35100
5308971.772,35200
5308981.788,35300
5308991.783,35400
5309001.189,35500
5309011.593,35600
5309021.270,35700
5309030.458,35800
5309040.244,35900
5309050.293,36000
5309060.544,36100
5309070.391,36200
5309079.964,36300
5309090.085,36400
5309099.595,36500
5309109.347,36600
5309118.162,36700
5309128.051,36800
5309137.603,36900
5309147.505,37000
5309156.966,37100
5309166.930,37200
5309176.736,37300
5309186.351,37400
5309195.560,37500
5309205.083,37600
5309214.839,37700
5309224.555,37800
5309234.322,37900
5309243.963,38000
5309253.993,38100
5309273.675,38200
5309283.484,38300
5309293.894,38400
5309303.643,38500
5309313.611,38600
5309323.637,38700
5309333.597,38800
5309343.104,38900
5309352.699,39000
5309362.199,39100
5309371.872,39200
5309380.972,39300
5309391.188,39400
5309401.661,39500
5309411.385,39600
5309421.218,39700
5309430.671,39800
5309440.881,39900
5309584.386,40000
5309594.310,40100
5309603.900,40200
5309615.505,40300
5309625.409,40400
5309634.619,40500
5309644.820,40600
5309654.106,40700
5309663.294,40800
5309672.203,40900
5309681.823,41000
5309693.747,41100
5309703.617,41200
5309713.387,41300
5309723.088,41400
5309733.041,41500
5309742.632,41600
5309752.777,41700
5309763.000,41800
5309772.638,41900
5309781.960,42000
5309793.394,42100
5309802.933,42200
5309812.833,42300
5309822.247,42400
5309832.030,42500
5309842.070,42600
5309851.885,42700
5309861.490,42800
5309871.332,42900
5309881.278,43000
5309891.665,43100
5309900.983,43200
5309911.045,43300
5309920.933,43400
5309930.311,43500
5309940.041,43600
5309950.114,43700
5309960.271,43800
5309970.079,43900
5309980.169,44000
5309993.211,44100
5310003.082,44200
5310012.193,44300
5310021.882,44400
5310031.720,44500
5310041.387,44600
5310051.189,44700
5310061.163,44800
5310070.758,44900
5310080.618,45000
5310090.283,45100
5310100.143,45200
5310109.682,45300
5310119.345,45400
5310128.941,45500
5310138.532,45600
5310148.253,45700
5310158.006,45800
5310168.165,45900
5310178.258,46000
5310187.782,46100
5310198.264,46200
5310208.249,46300
5310218.438,46400
5310228.523,46500
5310238.908,46600
5310249.029,46700
5310258.980,46800
5310268.020,46900
5310277.937,47000
5310287.996,47100
5310297.564,47200
5310307.592,47300
5310317.481,47400
5310327.527,47500
5310337.178,47600
5310347.146,47700
5310357.009,47800
5310367.149,47900
5310376.672,48000
5310386.955,48100
5310402.497,48200
5310412.679,48300
5310422.039,48400
5310432.003,48500
5310442.121,48600
5310451.714,48700
5310463.385,48800
5310473.285,48900
5310483.498,49000
5310493.388,49100
5310503.372,49200
5310513.271,49300
5310522.657,49400
5310532.875,49500
5310542.437,49600
5310552.431,49700
5310562.014,49800
5310571.964,49900
5310731.855,50000
5310740.421,50100
5310748.851,50200
5310758.321,50300
5310767.767,50400
5310776.641,50500
5310787.277,50600
5310796.658,50700
5310806.594,50800
5310815.892,50900
5310825.280,51000
5310837.258,51100
5310847.500,51200
5310856.789,51300
5310866.662,51400
5310876.575,51500
5310886.659,51600
5310895.492,51700
5310907.311,51800
5310917.414,51900
5310927.327,52000
5310939.483,52100
5310949.497,52200
5310959.482,52300
5310969.345,52400
5310979.073,52500
5310989.018,52600
5310998.984,52700
5311009.581,52800
5311018.938,52900
5311028.863,53000
5311039.010,53100
5311049.067,53200
5311059.021,53300
5311069.053,53400
5311079.683,53500
5311089.734,53600
5311099.583,53700
5311109.626,53800
5311119.764,53900
5311129.242,54000
5311142.275,54100
5311152.302,54200
5311162.102,54300
5311171.710,54400
5311181.817,54500
5311192.088,54600
5311201.937,54700
5311211.773,54800
5311221.456,54900
5311231.989,55000
5311241.704,55100
5311251.153,55200
5311261.435,55300
5311271.914,55400
5311281.678,55500
5311291.693,55600
5311301.399,55700
5311311.771,55800
5311322.824,55900
5311333.451,56000
5311343.390,56100
5311353.668,56200
5311363.413,56300
5311373.614,56400
5311383.998,56500
5311393.565,56600
5311403.609,56700
5311413.249,56800
5311422.966,56900
5311432.430,57000
5311443.173,57100
5311453.259,57200
5311463.971,57300
5311474.482,57400
5311484.433,57500
5311494.075,57600
5311503.752,57700
5311513.291,57800
5311522.881,57900
5311532.847,58000
5311542.021,58100
5311559.379,58200
5311569.402,58300
5311579.220,58400
5311591.036,58500
5311601.576,58600
5311611.922,58700
5311621.515,58800
5311631.534,58900
5311641.727,59000
5311651.397,59100
5311660.939,59200
5311671.095,59300
5311681.184,59400
5311690.369,59500
5311700.432,59600
5311710.533,59700
5311720.651,59800
5311729.971,59900
5311843.849,60000
5311853.566,60100
5311863.112,60200
5311872.703,60300
5311882.088,60400
5311891.620,60500
5311902.181,60600
5311911.245,60700
5311920.986,60800
5311930.058,60900
5311939.581,61000
5311951.849,61100
5311961.888,61200
5311971.729,61300
5311981.285,61400
5311991.630,61500
5312001.813,61600
5312011.576,61700
5312021.791,61800
5312031.514,61900
5312041.124,62000
5312052.888,62100
5312062.800,62200
5312072.940,62300
5312082.738,62400
5312092.912,62500
5312102.812,62600
5312112.491,62700
5312122.438,62800
5312132.571,62900
5312142.681,63000
5312152.651,63100
5312162.645,63200
5312172.761,63300
5312183.026,63400
5312192.539,63500
5312202.689,63600
5312212.212,63700
5312222.444,63800
5312231.972,63900
5312242.479,64000
5312255.427,64100
5312265.565,64200
5312275.364,64300
5312285.424,64400
5312295.666,64500
5312304.850,64600
5312314.734,64700
5312324.792,64800
5312334.948,64900
5312344.420,65000
5312354.216,65100
5312364.317,65200
5312374.450,65300
5312384.677,65400
5312394.625,65500
5312405.233,65600
5312415.293,65700
5312425.389,65800
5312436.112,65900
5312445.914,66000
5312455.609,66100
5312466.691,66200
5312477.102,66300
5312487.277,66400
5312496.875,66500
5312506.601,66600
5312516.742,66700
5312526.376,66800
5312536.745,66900
5312547.021,67000
5312557.331,67100
5312566.532,67200
5312577.858,67300
5312588.772,67400
5312598.683,67500
5312609.310,67600
5312618.808,67700
5312628.335,67800
5312637.155,67900
5312647.109,68000
5312656.995,68100
5312677.451,68200
5312686.867,68300
5312696.365,68400
5312706.421,68500
5312716.912,68600
5312726.894,68700
5312737.676,68800
5312747.937,68900
5312758.247,69000
5312768.135,69100
5312778.809,69200
5312788.919,69300
5312798.670,69400
5312808.256,69500
5312818.230,69600
5312828.421,69700
5312837.946,69800
5312848.106,69900
5312999.647,70000
5313010.844,70100
5313021.343,70200
5313031.711,70300
5313041.312,70400
5313050.602,70500
5313061.455,70600
5313070.911,70700
5313080.238,70800
5313089.428,70900
5313098.000,71000
5313109.923,71100
5313119.425,71200
5313129.114,71300
5313137.168,71400
5313145.825,71500
5313155.545,71600
5313165.683,71700
5313175.448,71800
5313185.198,71900
5313195.233,72000
5313207.234,72100
5313217.431,72200
5313227.156,72300
5313237.872,72400
5313247.690,72500
5313258.076,72600
5313268.815,72700
5313279.307,72800
5313289.082,72900
5313299.061,73000
5313309.281,73100
5313319.436,73200
5313330.159,73300
5313340.599,73400
5313350.990,73500
5313360.733,73600
5313370.903,73700
5313381.123,73800
5313391.557,73900
5313401.420,74000
5313413.716,74100
5313424.450,74200
5313434.292,74300
5313443.977,74400
5313454.331,74500
5313465.421,74600
5313475.434,74700
5313486.411,74800
5313496.799,74900
5313507.556,75000
5313518.176,75100
5313528.537,75200
5313538.352,75300
5313548.496,75400
5313558.802,75500
5313569.403,75600
5313579.421,75700
5313589.124,75800
5313599.225,75900
5313609.645,76000
5313619.794,76100
5313630.008,76200
5313640.063,76300
5313650.303,76400
5313660.598,76500
5313672.155,76600
5313682.876,76700
5313693.077,76800
5313703.055,76900
5313713.786,77000
5313724.174,77100
5313733.968,77200
5313744.650,77300
5313755.460,77400
5313765.927,77500
5313776.346,77600
5313787.050,77700
5313797.040,77800
5313806.771,77900
5313817.497,78000
5313827.291,78100
5313846.868,78200
5313857.480,78300
5313867.518,78400
5313877.873,78500
5313887.924,78600
5313897.858,78700
5313908.463,78800
5313918.758,78900
5313928.337,79000
5313938.587,79100
5313948.439,79200
5313958.382,79300
5313968.838,79400
5313979.600,79500
5313989.979,79600
5313999.599,79700
5314010.032,79800
5314020.284,79900
5314186.037,80000
5314196.586,80100
5314206.104,80200
5314216.638,80300
5314226.993,80400
5314236.064,80500
5314246.538,80600
5314256.395,80700
5314266.184,80800
5314275.664,80900
5314285.362,81000
5314297.161,81100
5314308.270,81200
5314318.657,81300
5314329.382,81400
5314339.340,81500
5314349.324,81600
5314359.682,81700
5314369.473,81800
5314379.508,81900
5314389.315,82000
5314400.706,82100
5314410.869,82200
5314421.813,82300
5314431.496,82400
5314442.263,82500
5314452.566,82600
5314463.330,82700
5314475.367,82800
5314485.776,82900
5314496.357,83000
5314506.076,83100
5314516.836,83200
5314527.658,83300
5314538.003,83400
5314548.709,83500
5314559.161,83600
5314569.663,83700
5314579.825,83800
5314590.599,83900
5314601.432,84000
5314614.108,84100
5314624.789,84200
5314635.674,84300
5314645.898,84400
5314655.564,84500
5314665.677,84600
5314676.257,84700
5314687.350,84800
5314697.211,84900
5314708.170,85000
5314718.014,85100
5314728.093,85200
5314738.077,85300
5314748.664,85400
5314758.514,85500
5314768.412,85600
5314778.307,85700
5314788.306,85800
5314798.914,85900
5314808.734,86000
5314819.366,86100
5314830.905,86200
5314841.049,86300
5314851.265,86400
5314861.644,86500
5314871.468,86600
5314881.955,86700
5314892.331,86800
5314903.256,86900
5314913.714,87000
5314924.454,87100
5314934.610,87200
5314944.454,87300
5314954.646,87400
5314964.660,87500
5314975.507,87600
5314984.919,87700
5314995.233,87800
5315006.013,87900
5315016.104,88000
5315026.366,88100
5315048.294,88200
5315058.332,88300
5315068.301,88400
5315078.952,88500
5315088.570,88600
5315098.082,88700
5315108.512,88800
5315118.699,88900
5315128.339,89000
5315138.245,89100
5315148.561,89200
5315158.660,89300
5315168.303,89400
5315178.536,89500
5315188.558,89600
5315198.309,89700
5315207.861,89800
5315218.316,89900
5315377.627,90000
5315388.978,90100
5315397.926,90200
5315407.955,90300
5315417.918,90400
5315426.831,90500
5315438.179,90600
5315447.582,90700
5315457.329,90800
5315466.286,90900
5315477.691,91000
5315489.531,91100
5315499.422,91200
5315509.342,91300
5315519.555,91400
5315529.978,91500
5315539.747,91600
5315550.103,91700
5315560.144,91800
5315570.239,91900
5315580.015,92000
5315595.332,92100
5315607.810,92200
5315617.859,92300
5315627.820,92400
5315637.745,92500
5315648.621,92600
5315658.013,92700
5315669.198,92800
5315680.716,92900
5315693.103,93000
5315705.301,93100
5315716.700,93200
5315726.470,93300
5315737.098,93400
5315747.848,93500
5315758.278,93600
5315769.930,93700
5315781.264,93800
5315792.089,93900
5315802.682,94000
5315815.395,94100
5315825.607,94200
5315836.204,94300
5315845.794,94400
5315856.099,94500
5315866.540,94600
5315877.589,94700
5315887.747,94800
5315898.334,94900
5315908.574,95000
5315918.307,95100
5315929.043,95200
5315938.863,95300
5315949.247,95400
5315958.524,95500
5315968.855,95600
5315979.259,95700
5315989.103,95800
5315999.844,95900
5316010.131,96000
5316020.396,96100
5316030.480,96200
5316040.803,96300
5316051.376,96400
5316060.952,96500
5316070.980,96600
5316081.080,96700
5316091.693,96800
5316101.592,96900
5316112.382,97000
5316122.949,97100
5316133.063,97200
5316143.620,97300
5316154.677,97400
5316165.104,97500
5316175.277,97600
5316185.522,97700
5316196.063,97800
5316206.136,97900
5316216.562,98000
5316227.107,98100
5316246.370,98200
5316256.826,98300
5316266.951,98400
5316277.488,98500
5316287.677,98600
5316298.061,98700
5316308.463,98800
5316319.414,98900
5316329.377,99000
5316339.966,99100
5316350.562,99200
5316360.972,99300
5316370.989,99400
5316382.187,99500
5316392.754,99600
5316402.786,99700
5316413.532,99800
5316424.657,99900
5316584.367,100000
5316597.184,100100
5316607.708,100200
5316618.634,100300
5316628.634,100400
5316638.636,100500
5316650.276,100600
5316660.313,100700
5316670.847,100800
5316681.294,100900
5316692.750,101000
5316705.428,101100
5316716.881,101200
5316727.740,101300
5316738.384,101400
5316749.183,101500
5316759.838,101600
5316770.742,101700
5316780.959,101800
5316792.341,101900
5316803.603,102000
5316815.961,102100
5316827.586,102200
5316838.306,102300
5316848.345,102400
5316859.155,102500
5316870.354,102600
5316881.137,102700
5316891.908,102800
5316903.073,102900
5316913.696,103000
5316924.021,103100
5316936.045,103200
5316947.147,103300
5316958.577,103400
5316969.114,103500
5316980.425,103600
5316990.576,103700
5317001.381,103800
5317012.771,103900
5317024.294,104000
5317040.784,104100
5317052.327,104200
5317063.281,104300
5317073.685,104400
5317084.584,104500
5317096.165,104600
5317106.793,104700
5317117.965,104800
5317128.356,104900
5317139.160,105000
5317149.745,105100
5317161.107,105200
5317172.647,105300
5317184.439,105400
5317195.850,105500
5317206.876,105600
5317218.002,105700
5317229.249,105800
5317240.705,105900
5317251.389,106000
5317261.757,106100
5317272.751,106200
5317283.878,106300
5317294.291,106400
5317304.726,106500
5317316.013,106600
5317327.155,106700
5317337.762,106800
5317348.779,106900
5317359.727,107000
5317369.965,107100
5317380.593,107200
5317392.702,107300
5317404.583,107400
5317415.027,107500
5317427.273,107600
5317438.156,107700
5317448.938,107800
5317460.226,107900
5317472.284,108000
5317483.931,108100
5317504.037,108200
5317514.871,108300
5317525.805,108400
5317537.297,108500
5317548.158,108600
5317559.220,108700
5317569.788,108800
5317581.313,108900
5317593.100,109000
5317604.021,109100
5317615.678,109200
5317626.604,109300
5317637.472,109400
5317648.690,109500
5317660.371,109600
5317671.719,109700
5317683.345,109800
5317694.593,109900
5317868.532,110000
5317881.073,110100
5317892.131,110200
5317903.653,110300
5317913.959,110400
5317925.567,110500
5317937.290,110600
5317947.635,110700
5317958.592,110800
5317969.567,110900
5317980.954,111000
5317993.481,111100
5318005.328,111200
5318017.941,111300
5318028.991,111400
5318043.483,111500
5318054.669,111600
5318066.484,111700
5318077.441,111800
5318088.929,111900
5318099.445,112000
5318112.950,112100
5318124.727,112200
5318135.180,112300
5318147.040,112400
5318158.507,112500
5318169.198,112600
5318181.084,112700
5318192.847,112800
5318204.022,112900
5318215.642,113000
5318228.131,113100
5318240.323,113200
5318252.123,113300
5318264.393,113400
5318277.197,113500
5318289.466,113600
5318302.148,113700
5318314.089,113800
5318325.937,113900
5318337.926,114000
5318355.825,114100
5318368.088,114200
5318379.642,114300
5318392.606,114400
5318404.960,114500
5318417.319,114600
5318429.797,114700
5318441.824,114800
5318454.381,114900
5318466.176,115000
5318478.257,115100
5318490.919,115200
5318503.271,115300
5318516.032,115400
5318527.687,115500
5318540.275,115600
5318551.945,115700
5318563.590,115800
5318575.752,115900
5318586.362,116000
5318599.777,116100
5318611.328,116200
5318622.868,116300
5318634.488,116400
5318645.986,116500
5318658.062,116600
5318670.039,116700
5318682.729,116800
5318694.031,116900
5318706.165,117000
5318718.080,117100
5318729.274,117200
5318741.252,117300
5318753.009,117400
5318765.428,117500
5318776.913,117600
5318788.647,117700
5318801.241,117800
5318812.627,117900
5318824.917,118000
5318837.757,118100
5318857.923,118200
5318871.077,118300
5318883.178,118400
5318896.031,118500
5318909.016,118600
5318920.716,118700
5318933.110,118800
5318946.759,118900
5318958.990,119000
5318972.593,119100
5318985.673,119200
5318998.790,119300
5319011.170,119400
5319024.279,119500
5319035.783,119600
5319048.498,119700
5319060.269,119800
5319074.115,119900
5319238.687,120000
5319252.029,120100
5319264.580,120200
5319276.063,120300
5319288.469,120400
5319300.667,120500
5319315.275,120600
5319327.746,120700
5319340.341,120800
5319352.367,120900
5319365.785,121000
5319381.253,121100
5319395.342,121200
5319408.256,121300
5319420.284,121400
5319432.405,121500
5319444.806,121600
5319457.957,121700
5319470.537,121800
5319482.972,121900
5319495.000,122000
5319509.684,122100
5319523.474,122200
5319536.016,122300
5319548.750,122400
5319561.873,122500
5319574.737,122600
5319587.134,122700
5319601.891,122800
5319613.991,122900
5319626.769,123000
5319640.105,123100
5319653.484,123200
5319666.990,123300
5319680.373,123400
5319693.514,123500
5319708.565,123600
5319721.761,123700
5319735.115,123800
5319748.375,123900
5319762.283,124000
5319778.178,124100
5319791.537,124200
5319804.272,124300
5319817.862,124400
5319831.201,124500
5319843.765,124600
5319857.391,124700
5319870.523,124800
5319882.363,124900
5319896.254,125000
5319911.503,125100
5319925.539,125200
5319938.417,125300
5319952.546,125400
5319966.006,125500
5319979.188,125600
5319991.769,125700
5320005.081,125800
5320019.186,125900
5320032.315,126000
5320045.025,126100
5320058.307,126200
5320070.803,126300
5320083.719,126400
5320097.858,126500
5320111.794,126600
5320125.143,126700
5320138.672,126800
5320151.840,126900
5320165.809,127000
5320180.151,127100
5320193.324,127200
5320208.419,127300
5320222.485,127400
5320236.579,127500
5320252.074,127600
5320266.452,127700
5320281.809,127800
5320298.119,127900
5320313.809,128000
5320327.229,128100
5320351.672,128200
5320367.124,128300
5320383.573,128400
5320399.656,128500
5320415.375,128600
5320431.198,128700
5320446.318,128800
5320462.047,128900
5320476.360,129000
5320493.877,129100
5320510.198,129200
5320530.681,129300
5320548.606,129400
5320569.547,129500
5320586.543,129600
5320604.725,129700
5320620.464,129800
5320638.656,129900
5320867.035,130000
5320885.705,130100
5320902.571,130200
5320920.646,130300
5320939.868,130400
5320956.655,130500
5320975.551,130600
5320993.649,130700
5321010.484,130800
5321027.725,130900
5321042.915,131000
5321062.319,131100
5321079.765,131200
5321099.071,131300
5321119.076,131400
5321138.518,131500
5321156.269,131600
5321174.633,131700
5321191.769,131800
5321208.980,131900
5321225.755,132000
5321244.778,132100
5321261.145,132200
5321276.095,132300
5321292.950,132400
5321308.557,132500
5321325.005,132600
5321341.856,132700
5321357.855,132800
5321374.342,132900
5321389.619,133000
5321406.542,133100
5321424.331,133200
5321444.514,133300
5321462.152,133400
5321483.566,133500
5321503.144,133600
5321521.612,133700
5321540.131,133800
5321557.167,133900
5321575.249,134000
5321597.588,134100
5321617.505,134200
5321636.090,134300
5321653.296,134400
5321670.908,134500
5321688.948,134600
5321707.102,134700
5321725.348,134800
5321744.368,134900
5321763.526,135000
5321783.652,135100
5321801.766,135200
5321819.748,135300
5321837.490,135400
5321855.364,135500
5321873.874,135600
5321894.179,135700
5321912.127,135800
5321932.067,135900
5321950.581,136000
5321967.530,136100
5321986.019,136200
5322003.601,136300
5322021.761,136400
5322039.647,136500
5322056.732,136600
5322074.590,136700
5322092.731,136800
5322112.757,136900
5322131.003,137000
5322150.800,137100
5322170.223,137200
5322189.719,137300
5322213.231,137400
5322238.141,137500
5322256.482,137600
5322273.901,137700
5322290.745,137800
5322309.777,137900
5322328.932,138000
5322347.186,138100
5322374.560,138200
5322391.349,138300
5322409.535,138400
5322427.375,138500
5322445.902,138600
5322462.872,138700
5322479.318,138800
5322496.160,138900
5322513.543,139000
5322530.181,139100
5322549.059,139200
5322566.852,139300
5322585.836,139400
5322604.099,139500
5322622.375,139600
5322640.981,139700
5322659.896,139800
5322678.536,139900
5322911.224,140000
5322932.300,140100
5322952.663,140200
5322973.911,140300
5322990.265,140400
5323009.750,140500
5323028.380,140600
5323045.417,140700
5323063.201,140800
5323082.172,140900
5323101.864,141000
5323123.182,141100
5323144.767,141200
5323163.421,141300
5323182.611,141400
5323200.324,141500
5323218.872,141600
5323238.137,141700
5323255.605,141800
5323272.982,141900
5323288.563,142000
5323307.776,142100
5323327.132,142200
5323344.576,142300
5323362.441,142400
5323381.387,142500
5323401.047,142600
5323418.761,142700
5323438.516,142800
5323455.968,142900
5323475.154,143000
5323493.345,143100
5323509.559,143200
5323527.313,143300
5323544.252,143400
5323561.788,143500
5323578.224,143600
5323595.763,143700
5323614.206,143800
5323633.704,143900
5323651.792,144000
5323674.052,144100
5323692.023,144200
5323710.473,144300
5323727.911,144400
5323745.321,144500
5323764.837,144600
5323784.188,144700
5323801.903,144800
5323818.213,144900
5323838.276,145000
5323856.250,145100
5323873.357,145200
5323890.338,145300
5323907.580,145400
5323924.060,145500
5323943.105,145600
5323960.037,145700
5323976.244,145800
5323991.293,145900
5324008.716,146000
5324027.442,146100
5324047.739,146200
5324066.254,146300
5324084.310,146400
5324100.660,146500
5324117.641,146600
5324136.150,146700
5324153.216,146800
5324170.096,146900
5324187.439,147000
5324204.914,147100
5324222.375,147200
5324238.271,147300
5324255.110,147400
5324272.357,147500
5324290.542,147600
5324305.679,147700
5324322.192,147800
5324338.474,147900
5324355.942,148000
5324373.472,148100
5324398.590,148200
5324416.680,148300
5324433.762,148400
5324450.371,148500
5324466.999,148600
5324483.673,148700
5324501.065,148800
5324519.121,148900
5324537.318,149000
5324555.605,149100
5324572.627,149200
5324589.452,149300
5324605.508,149400
5324621.761,149500
5324640.230,149600
5324658.685,149700
5324675.561,149800
5324691.240,149900
5324972.737,150000
5324990.910,150100
5325007.842,150200
5325025.482,150300
5325043.558,150400
5325060.101,150500
5325077.542,150600
5325094.374,150700
5325111.824,150800
5325129.180,150900
5325145.404,151000
5325169.599,151100
5325186.044,151200
5325201.930,151300
5325217.151,151400
5325233.650,151500
5325249.378,151600
5325266.332,151700
5325283.034,151800
5325300.293,151900
5325315.991,152000
5325334.253,152100
5325350.305,152200
5325365.792,152300
5325383.183,152400
5325400.232,152500
5325416.479,152600
5325433.685,152700
5325450.930,152800
5325467.767,152900
5325482.894,153000
5325498.627,153100
5325516.280,153200
5325533.654,153300
5325549.758,153400
5325566.587,153500
5325584.298,153600
5325600.584,153700
5325619.876,153800
5325635.788,153900
5325651.388,154000
5325672.389,154100
5325688.487,154200
5325704.146,154300
5325720.528,154400
5325737.418,154500
5325754.725,154600
5325771.662,154700
5325789.645,154800
5325805.845,154900
5325821.834,155000
5325838.692,155100
5325856.616,155200
5325874.440,155300
5325890.436,155400
5325906.999,155500
5325923.205,155600
5325938.225,155700
5325954.264,155800
5325969.640,155900
5325984.642,156000
5326001.291,156100
5326016.870,156200
5326033.006,156300
5326050.158,156400
5326066.948,156500
5326082.499,156600
5326099.110,156700
5326115.989,156800
5326131.399,156900
5326147.470,157000
5326161.992,157100
5326178.571,157200
5326196.284,157300
5326212.789,157400
5326229.332,157500
5326245.595,157600
5326262.435,157700
5326279.111,157800
5326293.557,157900
5326309.188,158000
5326324.538,158100
5326352.560,158200
5326371.240,158300
5326388.873,158400
5326403.460,158500
5326420.214,158600
5326436.357,158700
5326451.045,158800
5326466.213,158900
5326481.397,159000
5326496.133,159100
5326511.356,159200
5326527.430,159300
5326542.736,159400
5326558.809,159500
5326574.238,159600
5326588.744,159700
5326604.832,159800
5326620.442,159900
5326814.913,160000
5326831.055,160100
5326849.299,160200
5326866.272,160300
5326882.957,160400
5326899.595,160500
5326916.254,160600
5326935.673,160700
5326954.146,160800
5326970.697,160900
5326987.839,161000
5327005.170,161100
5327022.870,161200
5327040.731,161300
5327057.059,161400
5327075.600,161500
5327094.710,161600
5327114.249,161700
5327132.705,161800
5327149.835,161900
5327168.665,162000
5327188.637,162100
5327207.238,162200
5327224.807,162300
5327242.528,162400
5327259.142,162500
5327276.537,162600
5327294.473,162700
5327313.282,162800
5327331.124,162900
5327349.706,163000
5327366.247,163100
5327382.745,163200
5327398.973,163300
5327415.059,163400
5327430.698,163500
5327447.600,163600
5327466.053,163700
5327484.425,163800
5327502.780,163900
5327520.424,164000
5327543.667,164100
5327559.468,164200
5327577.239,164300
5327591.403,164400
5327608.037,164500
5327622.560,164600
5327639.225,164700
5327659.504,164800
5327676.938,164900
5327695.087,165000
5327711.724,165100
5327728.635,165200
5327746.829,165300
5327765.051,165400
5327781.983,165500
5327799.318,165600
5327816.941,165700
5327834.188,165800
5327850.843,165900
5327870.665,166000
5327887.429,166100
5327905.505,166200
5327923.579,166300
5327939.987,166400
5327956.253,166500
5327973.761,166600
5327992.837,166700
5328012.232,166800
5328032.268,166900
5328052.252,167000
5328071.812,167100
5328088.852,167200
5328105.484,167300
5328120.828,167400
5328137.277,167500
5328153.934,167600
5328171.099,167700
5328188.405,167800
5328207.230,167900
5328223.644,168000
5328241.810,168100
5328271.511,168200
5328289.415,168300
5328306.159,168400
5328323.625,168500
5328339.752,168600
5328357.048,168700
5328375.633,168800
5328392.350,168900
5328409.461,169000
5328424.456,169100
5328442.464,169200
5328461.199,169300
5328480.338,169400
5328498.573,169500
5328516.378,169600
5328535.184,169700
5328554.105,169800
5328571.660,169900
5328800.969,170000
5328821.161,170100
5328838.406,170200
5328856.556,170300
5328872.376,170400
5328889.133,170500
5328905.730,170600
5328921.774,170700
5328938.597,170800
5328955.039,170900
5328971.308,171000
5328993.396,171100
5329013.372,171200
5329031.609,171300
5329049.210,171400
5329067.700,171500
5329085.252,171600
5329101.720,171700
5329119.064,171800
5329136.324,171900
5329153.980,172000
5329172.485,172100
5329189.117,172200
5329206.649,172300
5329226.766,172400
5329244.425,172500
5329262.148,172600
5329277.405,172700
5329293.402,172800
5329312.126,172900
5329329.107,173000
5329346.809,173100
5329364.857,173200
5329383.384,173300
5329402.210,173400
5329422.497,173500
5329439.781,173600
5329457.027,173700
5329473.113,173800
5329490.370,173900
5329508.800,174000
5329533.199,174100
5329552.900,174200
5329570.358,174300
5329590.423,174400
5329610.906,174500
5329630.318,174600
5329647.873,174700
5329665.307,174800
5329682.079,174900
5329700.811,175000
5329718.834,175100
5329737.826,175200
5329756.400,175300
5329775.546,175400
5329795.396,175500
5329815.624,175600
5329834.406,175700
5329853.778,175800
5329872.042,175900
5329892.923,176000
5329913.953,176100
5329934.821,176200
5329953.729,176300
5329972.035,176400
5329991.029,176500
5330010.851,176600
5330029.148,176700
5330047.224,176800
5330064.748,176900
5330084.500,177000
5330103.952,177100
5330122.864,177200
5330143.199,177300
5330162.875,177400
5330180.625,177500
5330198.074,177600
5330215.398,177700
5330232.855,177800
5330249.740,177900
5330268.504,178000
5330287.253,178100
5330316.742,178200
5330336.384,178300
5330357.332,178400
5330378.181,178500
5330398.649,178600
5330420.812,178700
5330440.265,178800
5330461.705,178900
5330480.796,179000
5330503.655,179100
5330524.960,179200
5330544.721,179300
5330567.683,179400
5330591.591,179500
5330612.552,179600
5330635.367,179700
5330659.240,179800
5330684.484,179900
5330942.687,180000
5330973.681,180100
5331000.579,180200
5331027.019,180300
5331052.569,180400
5331076.082,180500
5331102.069,180600
5331128.628,180700
5331157.639,180800
5331183.556,180900
5331210.769,181000
5331240.010,181100
5331269.183,181200
5331297.085,181300
5331322.422,181400
5331352.132,181500
5331379.410,181600
5331403.962,181700
5331426.723,181800
5331455.090,181900
5331484.424,182000
5331515.416,182100
5331543.215,182200
5331569.484,182300
5331593.152,182400
5331617.856,182500
5331643.287,182600
5331663.124,182700
5331684.034,182800
5331711.937,182900
5331740.675,183000
5331772.924,183100
5331802.249,183200
5331821.858,183300
5331850.228,183400
5331877.773,183500
5331902.938,183600
5331928.528,183700
5331955.959,183800
5331982.907,183900
5332008.369,184000
5332038.900,184100
5332062.173,184200
5332088.185,184300
5332119.794,184400
5332153.710,184500
5332185.337,184600
5332216.793,184700
5332250.674,184800
5332277.921,184900
5332308.597,185000
5332338.660,185100
5332364.191,185200
5332388.771,185300
5332420.238,185400
5332445.902,185500
5332472.788,185600
5332498.760,185700
5332522.967,185800
5332546.418,185900
5332569.503,186000
5332595.708,186100
5332620.020,186200
5332646.564,186300
5332673.375,186400
5332698.958,186500
5332726.172,186600
5332752.014,186700
5332777.259,186800
5332801.417,186900
5332826.467,187000
5332847.993,187100
5332871.405,187200
5332914.398,187300
5332940.249,187400
5332964.219,187500
5332988.332,187600
5333014.266,187700
5333038.114,187800
5333064.277,187900
5333085.414,188000
5333109.256,188100
5333142.119,188200
5333164.930,188300
5333191.744,188400
5333220.165,188500
5333247.775,188600
5333275.623,188700
5333302.623,188800
5333325.080,188900
5333351.254,189000
5333372.733,189100
5333397.151,189200
5333422.738,189300
5333451.952,189400
5333479.571,189500
5333506.277,189600
5333532.829,189700
5333560.998,189800
5333591.152,189900
5333872.363,190000
5333904.657,190100
5333933.425,190200
5333960.823,190300
5333990.053,190400
5334017.327,190500
5334042.889,190600
5334068.030,190700
5334090.966,190800
5334115.405,190900
5334139.973,191000
5334164.270,191100
5334190.228,191200
5334218.312,191300
5334242.316,191400
5334267.315,191500
5334294.826,191600
5334329.439,191700
5334363.893,191800
5334391.075,191900
5334415.818,192000
5334446.583,192100
5334473.453,192200
5334499.616,192300
5334527.430,192400
5334555.671,192500
5334584.968,192600
5334613.196,192700
5334641.208,192800
5334670.048,192900
5334696.878,193000
5334723.493,193100
5334749.641,193200
5334775.737,193300
5334800.245,193400
5334827.627,193500
5334853.708,193600
5334883.849,193700
5334913.668,193800
5334941.306,193900
5334971.140,194000
5335008.242,194100
5335039.976,194200
5335072.722,194300
5335106.505,194400
5335136.644,194500
5335167.502,194600
5335195.819,194700
5335224.111,194800
5335251.020,194900
5335278.614,195000
5335308.949,195100
5335338.089,195200
5335365.691,195300
5335393.959,195400
5335419.462,195500
5335448.726,195600
5335474.458,195700
5335498.240,195800
5335525.728,195900
5335553.555,196000
5335581.435,196100
5335607.388,196200
5335633.677,196300
5335657.852,196400
5335688.198,196500
5335717.315,196600
5335744.074,196700
5335771.991,196800
5335798.031,196900
5335825.064,197000
5335854.384,197100
5335885.404,197200
5335911.380,197300
5335939.850,197400
5335968.681,197500
5335997.435,197600
5336024.342,197700
5336051.752,197800
5336080.509,197900
5336110.946,198000
5336141.571,198100
5336179.246,198200
5336208.444,198300
5336240.110,198400
5336265.668,198500
5336293.930,198600
5336322.781,198700
5336351.057,198800
5336378.429,198900
5336406.463,199000
5336431.061,199100
5336455.920,199200
5336481.402,199300
5336505.833,199400
5336535.020,199500
5336564.275,199600
5336592.060,199700
5336618.412,199800
5336644.225,199900
5336945.676,200000
5336973.200,200100
5336999.129,200200
5337025.708,200300
5337052.865,200400
5337079.785,200500
5337111.696,200600
5337144.519,200700
5337171.595,200800
5337198.947,200900
5337229.491,201000
5337255.730,201100
5337282.356,201200
5337311.416,201300
5337336.793,201400
5337368.177,201500
5337400.812,201600
5337432.893,201700
5337467.945,201800
5337503.692,201900
5337537.348,202000
5337568.989,202100
5337600.262,202200
5337632.232,202300
5337659.636,202400
5337689.482,202500
5337719.406,202600
5337748.231,202700
5337776.599,202800
5337806.674,202900
5337833.495,203000
5337862.737,203100
5337891.237,203200
5337920.747,203300
5337946.961,203400
5337976.199,203500
5338007.115,203600
5338035.453,203700
5338069.676,203800
5338097.479,203900
5338128.252,204000
5338163.049,204100
5338190.380,204200
5338218.952,204300
5338248.774,204400
5338275.059,204500
5338307.391,204600
5338337.524,204700
5338366.086,204800
5338395.001,204900
5338424.772,205000
5338451.728,205100
5338473.810,205200
5338497.656,205300
5338520.726,205400
5338544.909,205500
5338570.001,205600
5338596.671,205700
5338626.983,205800
5338654.444,205900
5338681.276,206000
5338709.371,206100
5338738.311,206200
5338765.407,206300
5338790.568,206400
5338818.150,206500
5338847.027,206600
5338876.447,206700
5338907.040,206800
5338935.430,206900
5338963.997,207000
5338991.686,207100
5339019.461,207200
5339046.832,207300
5339072.111,207400
5339096.493,207500
5339123.007,207600
5339150.823,207700
5339177.094,207800
5339205.908,207900
5339234.018,208000
5339265.239,208100
5339306.809,208200
5339337.961,208300
5339372.556,208400
5339399.230,208500
5339431.981,208600
5339466.051,208700
5339497.092,208800
5339528.530,208900
5339559.463,209000
5339587.406,209100
5339616.347,209200
5339644.092,209300
5339668.991,209400
5339696.354,209500
5339727.359,209600
5339754.300,209700
5339783.727,209800
5339813.131,209900
5340088.235,210000
5340123.223,210100
5340153.089,210200
5340183.650,210300
5340213.673,210400
5340238.526,210500
5340261.866,210600
5340287.687,210700
5340315.465,210800
5340349.440,210900
5340383.584,211000
5340417.378,211100
5340450.134,211200
5340478.940,211300
5340507.582,211400
5340541.367,211500
5340573.247,211600
5340602.960,211700
5340633.695,211800
5340664.881,211900
5340699.466,212000
5340736.219,212100
5340772.393,212200
5340804.599,212300
5340837.783,212400
5340873.287,212500
5340908.565,212600
5340945.756,212700
5340979.678,212800
5341011.594,212900
5341044.404,213000
5341078.981,213100
5341110.034,213200
5341138.842,213300
5341170.423,213400
5341201.623,213500
5341229.232,213600
5341258.740,213700
5341286.813,213800
5341317.386,213900
5341346.017,214000
5341381.426,214100
5341410.238,214200
5341439.462,214300
5341466.004,214400
5341492.757,214500
5341516.533,214600
5341541.820,214700
5341571.398,214800
5341601.704,214900
5341628.003,215000
5341660.794,215100
5341693.242,215200
5341725.015,215300
5341752.978,215400
5341781.966,215500
5341810.910,215600
5341840.703,215700
5341878.682,215800
5341909.972,215900
5341944.439,216000
5341984.025,216100
5342022.997,216200
5342058.706,216300
5342095.608,216400
5342128.002,216500
5342160.629,216600
5342196.767,216700
5342236.814,216800
5342275.633,216900
5342318.841,217000
5342360.689,217100
5342393.864,217200
5342428.032,217300
5342460.473,217400
5342494.735,217500
5342528.017,217600
5342567.470,217700
5342605.930,217800
5342639.535,217900
5342675.594,218000
5342712.232,218100
5342754.895,218200
5342788.315,218300
5342822.792,218400
5342859.014,218500
5342894.046,218600
5342927.424,218700
5342957.538,218800
5342988.022,218900
5343020.333,219000
5343059.546,219100
5343097.044,219200
5343131.439,219300
5343166.595,219400
5343199.352,219500
5343233.928,219600
5343270.554,219700
5343303.457,219800
5343336.986,219900
5343681.959,220000
5343723.285,220100
5343769.596,220200
5343808.114,220300
5343845.513,220400
5343880.787,220500
5343920.144,220600
5343955.291,220700
5343993.344,220800
5344031.866,220900
5344067.540,221000
5344106.910,221100
5344145.357,221200
5344180.354,221300
5344213.442,221400
5344243.143,221500
5344277.557,221600
5344307.638,221700
5344344.257,221800
5344378.634,221900
5344413.500,222000
5344452.212,222100
5344485.460,222200
5344521.459,222300
5344551.252,222400
5344589.728,222500
5344624.744,222600
5344661.720,222700
5344698.421,222800
5344732.411,222900
5344768.420,223000
5344800.667,223100
5344837.957,223200
5344872.607,223300
5344905.166,223400
5344940.803,223500
5344978.264,223600
5345018.642,223700
5345059.464,223800
5345098.085,223900
5345131.011,224000
5345167.816,224100
5345201.934,224200
5345236.827,224300
5345276.000,224400
5345316.429,224500
5345357.312,224600
5345397.319,224700
5345439.143,224800
5345472.384,224900
5345504.680,225000
5345539.920,225100
5345571.932,225200
5345609.068,225300
5345643.612,225400
5345682.862,225500
5345723.177,225600
5345762.367,225700
5345799.477,225800
5345836.115,225900
5345872.191,226000
5345909.904,226100
5345939.592,226200
5345970.476,226300
5345997.240,226400
5346027.136,226500
5346059.191,226600
5346093.526,226700
5346127.334,226800
5346162.433,226900
5346193.372,227000
5346227.395,227100
5346259.541,227200
5346295.835,227300
5346329.303,227400
5346366.957,227500
5346400.198,227600
5346433.561,227700
5346465.125,227800
5346504.499,227900
5346545.728,228000
5346585.585,228100
5346643.542,228200
5346686.997,228300
5346726.556,228400
5346771.259,228500
5346812.735,228600
5346852.983,228700
5346893.226,228800
5346935.616,228900
5346972.836,229000
5347006.337,229100
5347048.426,229200
5347091.427,229300
5347135.800,229400
5347178.885,229500
5347229.253,229600
5347275.007,229700
5347324.358,229800
5347379.293,229900
5347732.360,230000
5347779.131,230100
5347826.903,230200
5347880.746,230300
5347933.663,230400
5347979.090,230500
5348031.111,230600
5348083.321,230700
5348136.725,230800
5348194.690,230900
5348236.895,231000
5348284.514,231100
5348323.924,231200
5348363.956,231300
5348406.648,231400
5348449.677,231500
5348491.128,231600
5348535.856,231700
5348575.087,231800
5348622.606,231900
5348659.070,232000
5348710.668,232100
5348755.650,232200
5348792.281,232300
5348828.583,232400
5348866.639,232500
5348908.095,232600
5348948.544,232700
5348990.143,232800
5349032.531,232900
5349082.514,233000
5349125.649,233100
5349169.106,233200
5349207.545,233300
5349246.510,233400
5349286.775,233500
5349322.099,233600
5349362.127,233700
5349400.424,233800
5349443.964,233900
5349485.259,234000
5349535.181,234100
5349578.350,234200
5349622.703,234300
5349669.038,234400
5349708.526,234500
5349750.865,234600
5349790.948,234700
5349832.413,234800
5349877.046,234900
5349919.665,235000
5349964.987,235100
5350007.983,235200
5350049.224,235300
5350091.836,235400
5350134.778,235500
5350175.198,235600
5350218.290,235700
5350257.457,235800
5350296.569,235900
5350335.901,236000
5350380.046,236100
5350424.204,236200
5350471.770,236300
5350521.358,236400
5350566.185,236500
5350606.602,236600
5350649.416,236700
5350689.479,236800
5350725.451,236900
5350763.687,237000
5350805.598,237100
5350846.153,237200
5350889.230,237300
5350927.622,237400
5350969.156,237500
5351012.035,237600
5351049.979,237700
5351123.844,237800
5351163.262,237900
5351200.668,238000
5351240.005,238100
5351288.604,238200
5351330.919,238300
5351372.251,238400
5351411.211,238500
5351454.418,238600
5351492.680,238700
5351534.084,238800
5351570.066,238900
5351609.034,239000
5351644.999,239100
5351679.691,239200
5351713.497,239300
5351751.163,239400
5351784.963,239500
5351823.957,239600
5351859.213,239700
5351896.195,239800
5351931.093,239900
5352299.797,240000
5352347.138,240100
5352396.326,240200
5352439.524,240300
5352477.969,240400
5352511.485,240500
5352551.109,240600
5352585.679,240700
5352619.977,240800
5352656.390,240900
5352690.226,241000
5352725.128,241100
5352759.770,241200
5352791.911,241300
5352829.370,241400
5352864.641,241500
5352902.278,241600
5352936.209,241700
5352966.580,241800
5353000.308,241900
5353034.609,242000
5353076.826,242100
5353116.192,242200
5353161.161,242300
5353199.694,242400
5353241.864,242500
5353278.746,242600
5353313.842,242700
5353346.658,242800
5353380.247,242900
5353411.566,243000
5353448.006,243100
5353484.151,243200
5353521.975,243300
5353552.947,243400
5353590.235,243500
5353626.115,243600
5353662.035,243700
5353697.554,243800
5353735.779,243900
5353769.804,244000
5353805.838,244100
5353840.061,244200
5353876.381,244300
5353913.536,244400
5353946.471,244500
5353977.813,244600
5354011.769,244700
5354046.027,244800
5354075.034,244900
5354109.595,245000
5354140.539,245100
5354173.187,245200
5354201.144,245300
5354231.330,245400
5354262.213,245500
5354295.651,245600
5354327.704,245700
5354362.302,245800
5354394.960,245900
5354426.669,246000
5354461.136,246100
5354498.496,246200
5354542.376,246300
5354575.567,246400
5354607.339,246500
5354639.123,246600
5354673.476,246700
5354706.657,246800
5354741.891,246900
5354775.976,247000
5354809.465,247100
5354844.272,247200
5354881.449,247300
5354912.600,247400
5354943.904,247500
5354974.050,247600
5355004.563,247700
5355033.244,247800
5355061.946,247900
5355098.983,248000
5355135.355,248100
5355184.031,248200
5355220.071,248300
5355260.357,248400
5355297.575,248500
5355333.221,248600
5355364.964,248700
5355396.981,248800
5355426.087,248900
5355465.352,249000
5355501.335,249100
5355532.260,249200
5355565.577,249300
5355603.248,249400
5355642.430,249500
5355676.277,249600
5355717.844,249700
5355753.944,249800
5355790.596,249900
5356134.222,250000
5356180.896,250100
5356218.579,250200
5356256.478,250300
5356295.878,250400
5356337.691,250500
5356381.473,250600
5356421.316,250700
5356462.086,250800
5356498.225,250900
5356538.602,251000
5356572.963,251100
5356607.854,251200
5356642.980,251300
5356675.250,251400
5356704.211,251500
5356739.854,251600
5356770.091,251700
5356807.789,251800
5356857.399,251900
5356893.570,252000
5356938.991,252100
5356981.184,252200
5357023.292,252300
5357062.940,252400
5357107.974,252500
5357144.822,252600
5357181.181,252700
5357214.484,252800
5357249.510,252900
5357288.947,253000
5357330.309,253100
5357367.880,253200
5357408.341,253300
5357442.545,253400
5357484.029,253500
5357518.253,253600
5357555.448,253700
5357592.897,253800
5357633.875,253900
5357667.940,254000
5357709.008,254100
5357749.267,254200
5357791.102,254300
5357834.405,254400
5357877.682,254500
5357923.259,254600
5357963.138,254700
5358000.841,254800
5358038.244,254900
5358075.250,255000
5358114.816,255100
5358149.487,255200
5358181.579,255300
5358213.596,255400
5358245.854,255500
5358277.996,255600
5358309.180,255700
5358345.511,255800
5358385.698,255900
5358421.303,256000
5358458.113,256100
5358499.623,256200
5358537.890,256300
5358574.476,256400
5358611.209,256500
5358650.540,256600
5358689.095,256700
5358727.546,256800
5358761.180,256900
5358798.738,257000
5358832.347,257100
5358869.572,257200
5358902.587,257300
5358937.965,257400
5358973.045,257500
5359010.144,257600
5359041.904,257700
5359076.000,257800
5359107.143,257900
5359139.092,258000
5359171.725,258100
5359218.609,258200
5359255.663,258300
5359300.137,258400
5359335.927,258500
5359381.867,258600
5359424.288,258700
5359458.014,258800
5359499.241,258900
5359533.258,259000
5359572.431,259100
5359608.167,259200
5359643.776,259300
5359676.701,259400
5359711.519,259500
5359746.055,259600
5359786.187,259700
5359823.700,259800
5359861.874,259900
5360212.205,260000
5360257.100,260100
5360297.552,260200
5360346.714,260300
5360381.112,260400
5360427.209,260500
5360465.348,260600
5360500.738,260700
5360539.188,260800
5360575.518,260900
5360619.180,261000
5360657.440,261100
5360702.655,261200
5360747.141,261300
5360794.496,261400
5360835.895,261500
5360877.476,261600
5360916.569,261700
5360950.795,261800
5360985.447,261900
5361017.805,262000
5361057.151,262100
5361095.914,262200
5361137.593,262300
5361173.485,262400
5361211.697,262500
5361248.356,262600
5361288.157,262700
5361325.413,262800
5361365.003,262900
5361403.710,263000
5361440.006,263100
5361474.895,263200
5361509.516,263300
5361543.856,263400
5361578.218,263500
5361613.487,263600
5361650.372,263700
5361681.414,263800
5361715.819,263900
5361752.344,264000
5361791.446,264100
5361832.040,264200
5361869.462,264300
5361910.472,264400
5361951.500,264500
5361989.762,264600
5362032.412,264700
5362070.158,264800
5362102.369,264900
5362141.851,265000
5362183.091,265100
5362223.924,265200
5362262.401,265300
5362306.127,265400
5362345.389,265500
5362387.999,265600
5362435.738,265700
5362479.310,265800
5362517.980,265900
5362556.573,266000
5362593.523,266100
5362629.199,266200
5362667.898,266300
5362701.522,266400
5362737.616,266500
5362779.031,266600
5362819.671,266700
5362863.190,266800
5362901.417,266900
5362940.997,267000
5362975.979,267100
5363021.132,267200
5363058.140,267300
5363091.377,267400
5363125.924,267500
5363161.681,267600
5363194.963,267700
5363235.638,267800
5363270.615,267900
5363315.840,268000
5363358.146,268100
5363420.840,268200
5363477.323,268300
5363530.438,268400
5363587.974,268500
5363647.301,268600
5363701.212,268700
5363753.937,268800
5363799.790,268900
5363837.930,269000
5363892.119,269100
5363933.064,269200
5363977.261,269300
5364018.837,269400
5364077.633,269500
5364124.448,269600
5364175.128,269700
5364223.367,269800
5364258.812,269900
5364661.470,270000
5364705.227,270100
5364757.571,270200
5364819.588,270300
5364899.894,270400
5364981.639,270500
5365043.694,270600
5365103.931,270700
5365176.339,270800
5365237.007,270900
5365297.434,271000
5365353.835,271100
5365404.651,271200
5365454.092,271300
5365503.720,271400
5365557.162,271500
5365612.082,271600
5365681.908,271700
5365740.288,271800
5365807.352,271900
5365869.694,272000
5365926.889,272100
5365993.158,272200
5366050.931,272300
5366101.560,272400
5366150.020,272500
5366206.197,272600
5366261.645,272700
5366316.121,272800
5366366.124,272900
5366419.419,273000
5366479.548,273100
5366538.553,273200
5366593.453,273300
5366634.558,273400
5366685.626,273500
5366735.023,273600
5366779.860,273700
5366823.075,273800
5366863.267,273900
5366911.774,274000
5366968.052,274100
5367012.975,274200
5367069.987,274300
5367121.009,274400
5367165.899,274500
5367214.723,274600
5367265.627,274700
5367315.186,274800
5367363.037,274900
5367412.357,275000
5367464.511,275100
5367513.073,275200
5367565.443,275300
5367616.656,275400
5367662.012,275500
5367714.099,275600
5367768.351,275700
5367809.766,275800
5367856.433,275900
5367902.757,276000
5367949.078,276100
5368002.301,276200
5368051.338,276300
5368093.774,276400
5368140.442,276500
5368190.933,276600
5368237.912,276700
5368285.310,276800
5368332.531,276900
5368376.019,277000
5368422.053,277100
5368472.860,277200
5368519.215,277300
5368562.701,277400
5368615.790,277500
5368664.466,277600
5368716.820,277700
5368766.666,277800
5368813.419,277900
5368856.910,278000
5368889.399,278100
5368991.689,278200
5369050.957,278300
5369104.807,278400
5369156.826,278500
5369201.016,278600
5369251.936,278700
5369299.295,278800
5369352.434,278900
5369411.757,279000
5369456.072,279100
5369508.541,279200
5369573.546,279300
5369622.182,279400
5369665.550,279500
5369708.351,279600
5369750.058,279700
5369796.988,279800
5369838.993,279900
5370481.684,280000
5370541.390,280100
5370585.798,280200
5370639.304,280300
5370698.149,280400
5370756.140,280500
5370808.640,280600
5370857.565,280700
5370900.835,280800
5370955.560,280900
5371005.447,281000
5371059.966,281100
5371105.101,281200
5371151.725,281300
5371197.627,281400
5371245.046,281500
5371305.166,281600
5371360.187,281700
5371417.112,281800
5371463.600,281900
5371515.953,282000
5371572.780,282100
5371622.531,282200
5371673.904,282300
5371723.052,282400
5371771.695,282500
5371821.456,282600
5371874.076,282700
5371927.330,282800
5371982.972,282900
5372038.750,283000
5372088.841,283100
5372140.815,283200
5372191.399,283300
5372236.405,283400
5372285.970,283500
5372327.522,283600
5372377.968,283700
5372423.618,283800
5372468.978,283900
5372524.280,284000
5372583.186,284100
5372641.053,284200
5372691.710,284300
5372755.002,284400
5372808.326,284500
5372865.166,284600
5372925.299,284700
5372973.667,284800
5373024.073,284900
5373078.896,285000
5373134.868,285100
5373193.170,285200
5373242.317,285300
5373304.941,285400
5373379.741,285500
5373435.686,285600
5373492.539,285700
5373547.665,285800
5373601.814,285900
5373650.329,286000
5373695.508,286100
5373739.357,286200
5373789.356,286300
5373845.261,286400
5373899.875,286500
5373958.046,286600
5374007.508,286700
5374064.487,286800
5374116.192,286900
5374174.603,287000
5374234.875,287100
5374283.547,287200
5374331.461,287300
5374383.759,287400
5374436.619,287500
5374489.666,287600
5374556.875,287700
5374619.805,287800
5374682.007,287900
5374737.129,288000
5374790.007,288100
5374856.374,288200
5374907.978,288300
5374980.575,288400
5375036.306,288500
5375091.298,288600
5375157.649,288700
5375233.357,288800
5375309.905,288900
5375373.873,289000
5375440.633,289100
5375496.543,289200
5375552.867,289300
5375612.298,289400
5375666.254,289500
5375717.459,289600
5375771.422,289700
5375822.241,289800
5375887.589,289900
5376395.631,290000
5376469.902,290100
5376535.841,290200
5376602.053,290300
5376666.593,290400
5376744.770,290500
5376820.595,290600
5376871.682,290700
5376929.600,290800
5376982.147,290900
5377031.853,291000
5377100.815,291100
5377152.366,291200
5377214.095,291300
5377278.061,291400
5377332.999,291500
5377401.192,291600
5377457.158,291700
5377512.801,291800
5377581.208,291900
5377624.016,292000
5377671.677,292100
5377726.119,292200
5377778.722,292300
5377839.599,292400
5377902.293,292500
5377959.210,292600
5378022.116,292700
5378078.501,292800
5378131.762,292900
5378186.904,293000
5378235.937,293100
5378286.815,293200
5378347.502,293300
5378397.291,293400
5378453.536,293500
5378507.714,293600
5378567.058,293700
5378618.210,293800
5378667.365,293900
5378716.278,294000
5378773.133,294100
5378822.509,294200
5378871.655,294300
5378924.043,294400
5378975.600,294500
5379034.602,294600
5379094.422,294700
5379155.026,294800
5379213.803,294900
5379271.576,295000
5379327.449,295100
5379398.208,295200
5379449.445,295300
5379503.256,295400
5379549.755,295500
5379588.548,295600
5379642.915,295700
5379694.122,295800
5379754.242,295900
5379810.805,296000
5379878.574,296100
5379940.563,296200
5379996.742,296300
5380054.061,296400
5380101.690,296500
5380155.263,296600
5380204.694,296700
5380252.047,296800
5380304.586,296900
5380354.332,297000
5380409.535,297100
5380470.836,297200
5380523.187,297300
5380586.446,297400
5380640.951,297500
5380705.927,297600
5380762.318,297700
5380810.234,297800
5380860.305,297900
5380912.538,298000
5380963.954,298100
5381034.572,298200
5381088.411,298300
5381146.692,298400
5381209.499,298500
5381266.471,298600
5381317.926,298700
5381369.042,298800
5381423.581,298900
5381479.819,299000
5381532.505,299100
5381595.116,299200
5381657.570,299300
5381707.953,299400
5381764.143,299500
5381822.718,299600
5381878.846,299700
5381938.708,299800
5381995.129,299900
5382548.907,300000
5382604.622,300100
5382655.125,300200
5382722.956,300300
5382784.901,300400
5382849.830,300500
5382911.270,300600
5382972.072,300700
5383041.574,300800
5383103.344,300900
5383158.906,301000
5383220.396,301100
5383267.983,301200
5383327.839,301300
5383381.450,301400
5383439.504,301500
5383499.419,301600
5383554.226,301700
5383621.410,301800
5383680.849,301900
5383743.884,302000
5383804.116,302100
5383870.269,302200
5383936.576,302300
5383987.122,302400
5384044.545,302500
5384107.623,302600
5384162.986,302700
5384227.051,302800
5384297.480,302900
5384355.941,303000
5384421.615,303100
5384484.314,303200
5384540.504,303300
5384599.902,303400
5384657.588,303500
5384708.360,303600
5384768.936,303700
5384825.433,303800
5384880.492,303900
5384937.446,304000
5385001.901,304100
5385049.746,304200
5385114.880,304300
5385176.347,304400
5385236.054,304500
5385298.490,304600
5385346.628,304700
5385395.575,304800
5385459.663,304900
5385520.385,305000
5385572.068,305100
5385640.047,305200
5385697.910,305300
5385756.593,305400
5385817.427,305500
5385876.107,305600
5385927.214,305700
5385980.124,305800
5386026.062,305900
5386080.225,306000
5386134.435,306100
5386187.449,306200
5386245.250,306300
5386301.221,306400
5386355.503,306500
5386416.024,306600
5386474.809,306700
5386526.899,306800
5386575.863,306900
5386624.269,307000
5386670.557,307100
5386713.092,307200
5386773.234,307300
5386823.625,307400
5386879.948,307500
5386929.559,307600
5386980.669,307700
5387035.270,307800
5387087.596,307900
5387141.274,308000
5387188.197,308100
5387254.557,308200
5387302.298,308300
5387351.401,308400
5387408.017,308500
5387470.711,308600
5387545.070,308700
5387616.336,308800
5387678.530,308900
5387744.271,309000
5387808.413,309100
5387860.232,309200
5387909.297,309300
5387965.096,309400
5388029.691,309500
5388085.826,309600
5388153.970,309700
5388222.098,309800
5388283.881,309900
5388844.039,310000
5388913.184,310100
5388975.587,310200
5389042.838,310300
5389096.128,310400
5389152.850,310500
5389220.844,310600
5389284.025,310700
5389351.927,310800
5389417.618,310900
5389468.955,311000
5389538.634,311100
5389592.621,311200
5389653.347,311300
5389712.191,311400
5389759.986,311500
5389813.880,311600
5389870.409,311700
5389931.377,311800
5389996.790,311900
5390061.970,312000
5390124.364,312100
5390190.203,312200
5390254.435,312300
5390310.271,312400
5390373.698,312500
5390431.519,312600
5390479.927,312700
5390546.784,312800
5390609.022,312900
5390664.420,313000
5390728.603,313100
5390782.194,313200
5390842.012,313300
5390911.809,313400
5390966.275,313500
5391029.508,313600
5391079.596,313700
5391129.937,313800
5391197.046,313900
5391269.561,314000
5391346.742,314100
5391415.268,314200
5391480.752,314300
5391537.547,314400
5391600.013,314500
5391660.991,314600
5391710.943,314700
5391760.800,314800
5391809.731,314900
5391873.924,315000
5391932.515,315100
5391987.297,315200
5392049.692,315300
5392112.489,315400
5392186.330,315500
5392248.953,315600
5392312.321,315700
5392370.126,315800
5392459.240,315900
5392519.155,316000
5392577.320,316100
5392635.370,316200
5392692.489,316300
5392743.712,316400
5392797.347,316500
5392856.137,316600
5392917.535,316700
5392976.792,316800
5393033.905,316900
5393098.481,317000
5393149.365,317100
5393201.203,317200
5393261.639,317300
5393325.441,317400
5393391.374,317500
5393453.492,317600
5393512.061,317700
5393577.341,317800
5393627.139,317900
5393691.533,318000
5393744.811,318100
5393811.900,318200
5393864.100,318300
5393909.160,318400
5393965.511,318500
5394021.910,318600
5394091.207,318700
5394158.156,318800
5394215.226,318900
5394273.541,319000
5394335.085,319100
5394393.512,319200
5394463.543,319300
5394509.919,319400
5394566.209,319500
5394640.043,319600
5394695.479,319700
5394767.163,319800
5394848.579,319900
5395479.938,320000
5395557.999,320100
5395619.381,320200
5395676.959,320300
5395744.119,320400
5395791.133,320500
5395847.587,320600
5395923.779,320700
5395994.257,320800
5396063.949,320900
5396142.005,321000
5396202.740,321100
5396260.447,321200
5396323.017,321300
5396385.964,321400
5396443.631,321500
5396505.596,321600
5396560.330,321700
5396615.701,321800
5396680.958,321900
5396745.225,322000
5396813.027,322100
5396878.463,322200
5396952.664,322300
5397022.182,322400
5397087.698,322500
5397156.822,322600
5397228.768,322700
5397300.455,322800
5397365.113,322900
5397450.187,323000
5397524.538,323100
5397593.548,323200
5397668.524,323300
5397738.571,323400
5397804.295,323500
5397867.177,323600
5397940.048,323700
5398012.162,323800
5398068.737,323900
5398148.427,324000
5398213.539,324100
5398288.252,324200
5398353.246,324300
5398422.692,324400
5398499.565,324500
5398568.660,324600
5398629.021,324700
5398689.817,324800
5398755.352,324900
5398822.034,325000
5398893.940,325100
5398968.170,325200
5399044.743,325300
5399114.878,325400
5399185.883,325500
5399244.853,325600
5399315.343,325700
5399383.002,325800
5399436.200,325900
5399495.830,326000
5399581.246,326100
5399651.152,326200
5399721.384,326300
5399788.612,326400
5399851.101,326500
5399922.348,326600
5399989.851,326700
5400050.111,326800
5400115.923,326900
5400181.703,327000
5400259.652,327100
5400325.002,327200
5400398.916,327300
5400468.961,327400
5400537.632,327500
5400604.904,327600
5400666.893,327700
5400731.746,327800
5400789.779,327900
5400849.501,328000
5400911.954,328100
5400987.773,328200
5401061.823,328300
5401130.911,328400
5401194.321,328500
5401261.740,328600
5401328.188,328700
5401397.517,328800
5401479.315,328900
5401562.489,329000
5401627.140,329100
5401693.740,329200
5401775.448,329300
5401840.799,329400
5401922.910,329500
5402001.226,329600
5402072.483,329700
5402163.792,329800
5402242.602,329900
5402878.683,330000
5402955.608,330100
5403027.468,330200
5403110.675,330300
5403185.027,330400
5403273.593,330500
5403343.704,330600
5403420.616,330700
5403502.317,330800
5403576.737,330900
5403661.937,331000
5403728.417,331100
5403798.643,331200
5403878.538,331300
5403952.239,331400
5404035.428,331500
5404116.331,331600
5404188.950,331700
5404264.628,331800
5404342.798,331900
5404406.195,332000
5404487.889,332100
5404549.539,332200
5404622.506,332300
5404708.619,332400
5404802.202,332500
5404875.284,332600
5404972.035,332700
5405051.069,332800
5405127.684,332900
5405200.679,333000
5405273.518,333100
5405343.555,333200
5405429.303,333300
5405501.348,333400
5405582.231,333500
5405657.073,333600
5405723.788,333700
5405807.683,333800
5405874.334,333900
5405943.226,334000
5406026.382,334100
5406085.205,334200
5406165.055,334300
5406248.788,334400
5406337.774,334500
5406416.635,334600
5406502.887,334700
5406590.131,334800
5406677.366,334900
5406757.233,335000
5406832.443,335100
5406912.842,335200
5406997.576,335300
5407081.853,335400
5407159.182,335500
5407235.653,335600
5407306.625,335700
5407363.089,335800
5407422.727,335900
5407483.849,336000
5407549.864,336100
5407621.826,336200
5407676.793,336300
5407756.585,336400
5407817.758,336500
5407888.909,336600
5407957.243,336700
5408020.604,336800
5408074.956,336900
5408125.258,337000
5408185.035,337100
5408255.488,337200
5408321.029,337300
5408389.342,337400
5408463.451,337500
5408531.819,337600
5408611.447,337700
5408674.603,337800
5408749.523,337900
5408832.168,338000
5408906.386,338100
5408995.562,338200
5409075.229,338300
5409158.582,338400
5409223.201,338500
5409301.972,338600
5409376.063,338700
5409475.270,338800
5409559.860,338900
5409644.792,339000
5409729.637,339100
5409800.715,339200
5409966.013,339300
5410055.964,339400
5410115.934,339500
5410197.411,339600
5410274.897,339700
5410362.221,339800
5410438.765,339900
5411146.989,340000
5411236.613,340100
5411319.580,340200
5411407.384,340300
5411489.138,340400
5411601.492,340500
5411710.706,340600
5411797.512,340700
5411874.807,340800
5411942.683,340900
5412011.242,341000
5412092.757,341100
5412169.672,341200
5412244.646,341300
5412329.755,341400
5412385.042,341500
5412476.094,341600
5412554.299,341700
5412649.457,341800
5412717.778,341900
5412801.523,342000
5412877.706,342100
5412945.123,342200
5413011.288,342300
5413077.698,342400
5413145.839,342500
5413244.981,342600
5413315.848,342700
5413397.210,342800
5413477.245,342900
5413551.774,343000
5413633.259,343100
5413723.175,343200
5413814.219,343300
5413913.633,343400
5414004.517,343500
5414116.141,343600
5414201.507,343700
5414285.935,343800
5414368.753,343900
5414453.577,344000
5414538.842,344100
5414604.681,344200
5414679.166,344300
5414746.062,344400
5414840.349,344500
5414933.301,344600
5415004.450,344700
5415087.736,344800
5415175.654,344900
5415260.319,345000
5415328.260,345100
5415405.522,345200
5415481.667,345300
5415554.250,345400
5415632.591,345500
5415730.011,345600
5415799.950,345700
5415895.414,345800
5415983.374,345900
5416065.052,346000
5416148.109,346100
5416232.851,346200
5416327.048,346300
5416413.787,346400
5416496.206,346500
5416581.776,346600
5416649.822,346700
5416738.083,346800
5416826.731,346900
5416912.139,347000
5416985.868,347100
5417069.326,347200
5417160.692,347300
5417244.715,347400
5417326.964,347500
5417410.351,347600
5417476.748,347700
5417563.758,347800
5417656.408,347900
5417731.036,348000
5417810.652,348100
5417905.519,348200
5417994.053,348300
5418080.210,348400
5418161.735,348500
5418239.867,348600
5418315.054,348700
5418402.599,348800
5418492.489,348900
5418547.396,349000
5418620.247,349100
5418685.953,349200
5418755.320,349300
5418839.934,349400
5418899.624,349500
5418972.098,349600
5419051.914,349700
5419117.572,349800
5419212.688,349900
5419932.896,350000
5420026.764,350100
5420122.681,350200
5420227.286,350300
5420312.122,350400
5420389.352,350500
5420484.190,350600
5420570.957,350700
5420643.115,350800
5420737.625,350900
5420828.589,351000
5420913.928,351100
5421008.880,351200
5421105.935,351300
5421184.206,351400
5421275.764,351500
5421356.325,351600
5421446.346,351700
5421517.699,351800
5421610.460,351900
5421694.795,352000
5421775.841,352100
5421865.596,352200
5421952.457,352300
5422029.879,352400
5422109.946,352500
5422188.969,352600
5422274.009,352700
5422349.944,352800
5422433.952,352900
5422516.117,353000
5422589.657,353100
5422680.588,353200
5422770.277,353300
5422856.928,353400
5422954.884,353500
5423039.326,353600
5423122.394,353700
5423191.737,353800
5423281.749,353900
5423378.953,354000
5423457.482,354100
5423546.258,354200
5423646.538,354300
5423733.237,354400
5423807.363,354500
5423883.495,354600
5423972.216,354700
5424042.632,354800
5424127.260,354900
5424219.103,355000
5424297.404,355100
5424375.926,355200
5424460.488,355300
5424544.785,355400
5424622.891,355500
5424720.048,355600
5424797.243,355700
5424880.913,355800
5424961.823,355900
5425053.556,356000
5425134.131,356100
5425214.246,356200
5425290.561,356300
5425362.009,356400
5425437.559,356500
5425514.896,356600
5425604.578,356700
5425670.120,356800
5425752.788,356900
5425833.285,357000
5425910.955,357100
5426002.054,357200
5426084.774,357300
5426151.862,357400
5426236.548,357500
5426321.162,357600
5426403.751,357700
5426483.772,357800
5426577.325,357900
5426663.224,358000
5426739.639,358100
5426845.635,358200
5426940.765,358300
5427024.435,358400
5427105.619,358500
5427206.665,358600
5427310.374,358700
5427379.669,358800
5427466.427,358900
5427570.639,359000
5427657.393,359100
5427753.023,359200
5427850.827,359300
5427944.035,359400
5428028.848,359500
5428122.739,359600
5428201.791,359700
5428261.240,359800
5428343.400,359900
5429059.466,360000
5429152.502,360100
5429250.345,360200
5429359.941,360300
5429457.268,360400
5429551.338,360500
5429646.695,360600
5429744.303,360700
5429835.003,360800
5429909.817,360900
5430005.280,361000
5430117.730,361100
5430221.905,361200
5430346.799,361300
5430441.884,361400
5430533.215,361500
5430625.662,361600
5430725.340,361700
5430827.278,361800
5430912.770,361900
5431010.575,362000
5431119.011,362100
5431224.543,362200
5431298.941,362300
5431392.804,362400
5431468.324,362500
5431549.382,362600
5431645.778,362700
5431749.076,362800
5431822.516,362900
5431921.949,363000
5432024.033,363100
5432115.005,363200
5432231.072,363300
5432338.184,363400
5432426.626,363500
5432514.157,363600
5432605.622,363700
5432693.373,363800
5432765.221,363900
5432861.368,364000
5432947.671,364100
5433057.269,364200
5433167.599,364300
5433268.812,364400
5433368.368,364500
5433484.151,364600
5433592.572,364700
5433701.005,364800
5433817.601,364900
5433922.807,365000
5434057.682,365100
5434164.681,365200
5434262.581,365300
5434363.464,365400
5434462.812,365500
5434569.461,365600
5434656.386,365700
5434750.395,365800
5434833.792,365900
5434920.631,366000
5435018.170,366100
5435110.663,366200
5435194.145,366300
5435297.441,366400
5435390.192,366500
5435463.505,366600
5435544.308,366700
5435623.924,366800
5435704.378,366900
5435783.526,367000
5435885.105,367100
5435978.140,367200
5436072.535,367300
5436184.183,367400
5436323.673,367500
5436465.602,367600
5436601.163,367700
5436733.045,367800
5436866.736,367900
5437009.414,368000
5437089.521,368100
5437197.005,368200
5437288.488,368300
5437418.158,368400
5437561.328,368500
5437697.654,368600
5437839.775,368700
5437949.654,368800
5438035.191,368900
5438115.378,369000
5438196.326,369100
5438274.575,369200
5438375.429,369300
5438450.737,369400
5438549.016,369500
5438650.507,369600
5438729.933,369700
5438818.268,369800
5438912.242,369900
5439740.638,370000
5439824.069,370100
5439932.122,370200
5440031.538,370300
5440128.115,370400
5440232.224,370500
5440330.534,370600
5440414.229,370700
5440515.144,370800
5440594.089,370900
5440677.094,371000
5440767.080,371100
5440862.482,371200
5440949.594,371300
5441051.193,371400
5441156.261,371500
5441235.103,371600
5441323.848,371700
5441415.839,371800
5441503.064,371900
5441584.592,372000
5441669.541,372100
5441742.177,372200
5441834.271,372300
5441916.505,372400
5442025.867,372500
5442116.937,372600
5442229.494,372700
5442338.124,372800
5442433.962,372900
5442504.308,373000
5442591.512,373100
5442693.627,373200
5442770.069,373300
5442872.421,373400
5442967.144,373500
5443079.404,373600
5443178.819,373700
5443282.416,373800
5443372.470,373900
5443463.042,374000
5443573.731,374100
5443674.674,374200
5443770.367,374300
5443878.565,374400
5443980.348,374500
5444091.879,374600
5444205.209,374700
5444304.638,374800
5444419.644,374900
5444535.651,375000
5444635.853,375100
5444729.117,375200
5444820.894,375300
5444927.977,375400
5445032.108,375500
5445124.475,375600
5445231.678,375700
5445316.249,375800
5445402.358,375900
5445499.315,376000
5445584.938,376100
5445674.945,376200
5445778.824,376300
5445859.754,376400
5445971.101,376500
5446067.399,376600
5446158.729,376700
5446272.379,376800
5446373.573,376900
5446461.866,377000
5446565.349,377100
5446672.503,377200
5446759.794,377300
5446831.160,377400
5446924.804,377500
5447014.326,377600
5447107.045,377700
5447219.655,377800
5447334.790,377900
5447443.913,378000
5447549.209,378100
5447671.639,378200
5447788.809,378300
5447883.088,378400
5447987.816,378500
5448098.871,378600
5448199.199,378700
5448300.913,378800
5448401.392,378900
5448508.927,379000
5448615.271,379100
5448724.221,379200
5448853.867,379300
5449004.395,379400
5449114.891,379500
5449203.841,379600
5449315.231,379700
5449446.934,379800
5449557.354,379900
5450436.894,380000
5450578.602,380100
5450687.410,380200
5450815.209,380300
5450933.430,380400
5451026.819,380500
5451155.733,380600
5451266.712,380700
5451377.487,380800
5451492.754,380900
5451619.333,381000
5451737.029,381100
5451863.480,381200
5451977.054,381300
5452089.101,381400
5452200.026,381500
5452318.469,381600
5452441.284,381700
5452574.537,381800
5452711.069,381900
5452856.651,382000
5453022.006,382100
5453165.529,382200
5453303.561,382300
5453427.185,382400
5453538.960,382500
5453654.834,382600
5453784.710,382700
5453909.761,382800
5454012.817,382900
5454151.409,383000
5454250.619,383100
5454355.464,383200
5454473.343,383300
5454565.431,383400
5454683.185,383500
5454793.161,383600
5454891.190,383700
5454995.203,383800
5455099.076,383900
5455194.740,384000
5455333.449,384100
5455448.193,384200
5455549.432,384300
5455664.614,384400
5455775.501,384500
5455868.534,384600
5455969.416,384700
5456049.492,384800
5456157.358,384900
5456257.536,385000
5456354.235,385100
5456460.942,385200
5456567.065,385300
5456669.532,385400
5456780.576,385500
5456889.066,385600
5457012.260,385700
5457124.846,385800
5457212.712,385900
5457336.533,386000
5457460.037,386100
5457556.856,386200
5457684.666,386300
5457798.583,386400
5457912.269,386500
5458035.074,386600
5458140.481,386700
5458260.517,386800
5458376.680,386900
5458480.248,387000
5458604.324,387100
5458738.712,387200
5458870.320,387300
5458978.829,387400
5459103.505,387500
5459226.285,387600
5459325.435,387700
5459422.785,387800
5459544.012,387900
5459685.338,388000
5459806.830,388100
5459943.273,388200
5460079.498,388300
5460209.120,388400
5460314.194,388500
5460439.857,388600
5460563.555,388700
5460695.511,388800
5460823.463,388900
5460945.807,389000
5461066.481,389100
5461204.792,389200
5461321.119,389300
5461435.995,389400
5461571.473,389500
5461723.881,389600
5461864.850,389700
5461989.611,389800
5462124.362,389900
5463203.073,390000
5463348.444,390100
5463452.135,390200
5463573.008,390300
5463680.884,390400
5463796.592,390500
5463906.303,390600
5464042.248,390700
5464163.953,390800
5464286.938,390900
5464401.335,391000
5464524.554,391100
5464635.984,391200
5464742.181,391300
5464871.799,391400
5464990.104,391500
5465119.906,391600
5465215.306,391700
5465340.221,391800
5465469.865,391900
5465605.195,392000
5465725.384,392100
5465869.749,392200
5465983.534,392300
5466101.949,392400
5466236.469,392500
5466349.991,392600
5466463.208,392700
5466578.664,392800
5466708.941,392900
5466819.881,393000
5466952.318,393100
5467071.919,393200
5467210.993,393300
5467362.847,393400
5467520.713,393500
5467657.794,393600
5467800.770,393700
5467937.400,393800
5468053.288,393900
5468191.746,394000
5468365.279,394100
5468543.998,394200
5468693.018,394300
5468838.586,394400
5468960.548,394500
5469077.954,394600
5469197.819,394700
5469304.980,394800
5469426.891,394900
5469546.897,395000
5469689.723,395100
5469825.396,395200
5469967.236,395300
5470115.315,395400
5470255.537,395500
5470369.579,395600
5470514.875,395700
5470620.548,395800
5470725.636,395900
5470834.166,396000
5470968.908,396100
5471126.479,396200
5471275.574,396300
5471420.920,396400
5471545.785,396500
5471656.842,396600
5471782.419,396700
5471903.397,396800
5472023.031,396900
5472145.146,397000
5472258.051,397100
5472378.995,397200
5472504.115,397300
5472650.724,397400
5472789.602,397500
5472914.304,397600
5473029.482,397700
5473163.980,397800
5473274.067,397900
5473396.659,398000
5473510.780,398100
5473648.092,398200
5473766.487,398300
5473891.937,398400
5474023.562,398500
5474166.472,398600
5474301.233,398700
5474457.961,398800
5474604.428,398900
5474725.915,399000
5474851.627,399100
5474997.207,399200
5475142.941,399300
5475275.495,399400
5475435.034,399500
5475596.676,399600
5475760.104,399700
5475919.040,399800
5476081.918,399900
5477526.608,400000
5477885.672,400100
5478332.853,400200
5478712.519,400300
5478951.934,400400
5479308.200,400500
5479669.641,400600
5480181.763,400700
5480609.348,400800
5480774.822,400900
5480951.601,401000
5481113.340,401100
5481258.158,401200
5481423.790,401300
5481551.915,401400
5481689.872,401500
5481822.678,401600
5481974.837,401700
5482108.070,401800
5482272.193,401900
5482403.509,402000
5482543.571,402100
5482660.306,402200
5482781.645,402300
5482899.313,402400
5483026.867,402500
5483162.717,402600
5483309.442,402700
5483437.358,402800
5483556.160,402900
5483693.209,403000
5483839.259,403100
5483966.403,403200
5484110.609,403300
5484239.543,403400
5484352.996,403500
5484501.030,403600
5484648.903,403700
5484785.767,403800
5484914.477,403900
5485036.412,404000
5485169.300,404100
5485280.525,404200
5485397.828,404300
5485526.990,404400
5485640.890,404500
5485765.936,404600
5485909.602,404700
5486023.230,404800
5486197.402,404900
5486339.405,405000
5486475.376,405100
5486619.220,405200
5486746.321,405300
5486906.357,405400
5487073.214,405500
5487206.419,405600
5487322.639,405700
5487449.960,405800
5487588.609,405900
5487707.946,406000
5487842.113,406100
5487977.733,406200
5488103.199,406300
5488232.273,406400
5488345.718,406500
5488449.274,406600
5488562.414,406700
5488691.624,406800
5488830.069,406900
5488974.133,407000
5489088.021,407100
5489223.198,407200
5489347.316,407300
5489464.302,407400
5489601.870,407500
5489731.738,407600
5489840.286,407700
5489981.189,407800
5490121.771,407900
5490239.089,408000
5490381.786,408100
5490519.721,408200
5490633.197,408300
5490774.515,408400
5490908.411,408500
5491028.670,408600
5491155.233,408700
5491293.728,408800
5491453.573,408900
5491589.301,409000
5491737.364,409100
5491898.041,409200
5492052.237,409300
5492209.998,409400
5492352.363,409500
5492489.180,409600
5492603.801,409700
5492727.020,409800
5492869.190,409900
5494194.026,410000
5494361.805,410100
5494497.377,410200
5494646.833,410300
5494790.700,410400
5494915.617,410500
5495058.038,410600
5495177.966,410700
5495289.202,410800
5495416.032,410900
5495545.330,411000
5495678.375,411100
5495828.173,411200
5495972.206,411300
5496127.923,411400
5496271.543,411500
5496405.113,411600
5496547.510,411700
5496694.841,411800
5496838.616,411900
5496981.813,412000
5497145.146,412100
5497302.348,412200
5497451.930,412300
5497615.339,412400
5497777.180,412500
5497916.774,412600
5498059.374,412700
5498205.314,412800
5498310.398,412900
5498425.016,413000
5498524.751,413100
5498680.393,413200
5498829.165,413300
5498995.468,413400
5499130.913,413500
5499284.657,413600
5499459.302,413700
5499608.101,413800
5499735.179,413900
5499882.090,414000
5500049.582,414100
5500190.188,414200
5500347.454,414300
5500488.279,414400
5500637.270,414500
5500780.085,414600
5500924.245,414700
5501085.075,414800
5501198.769,414900
5501326.701,415000
5501458.235,415100
5501603.439,415200
5501743.846,415300
5501887.063,415400
5502010.103,415500
5502147.008,415600
5502293.017,415700
5502425.691,415800
5502546.709,415900
5502699.821,416000
5502861.680,416100
5503024.293,416200
5503183.944,416300
5503347.005,416400
5503517.499,416500
5503679.789,416600
5503868.993,416700
5504044.007,416800
5504187.210,416900
5504325.073,417000
5504458.314,417100
5504588.558,417200
5504756.111,417300
5504918.340,417400
5505069.004,417500
5505236.071,417600
5505392.247,417700
5505558.616,417800
5505699.248,417900
5505837.595,418000
5505979.987,418100
5506109.651,418200
5506256.883,418300
5506387.162,418400
5506537.896,418500
5506663.089,418600
5506815.999,418700
5506929.668,418800
5507076.237,418900
5507206.396,419000
5507310.763,419100
5507436.803,419200
5507559.629,419300
5507709.944,419400
5507843.994,419500
5507975.833,419600
5508119.990,419700
5508264.247,419800
5508397.209,419900
5509924.617,420000
5510051.421,420100
5510179.802,420200
5510318.529,420300
5510459.994,420400
5510606.149,420500
5510763.539,420600
5510904.872,420700
5511066.700,420800
5511205.557,420900
5511336.473,421000
5511476.560,421100
5511615.972,421200
5511764.397,421300
5511909.352,421400
5512066.648,421500
5512212.044,421600
5512371.094,421700
5512516.114,421800
5512673.506,421900
5512815.423,422000
5512944.948,422100
5513098.483,422200
5513261.062,422300
5513421.742,422400
5513581.220,422500
5513740.304,422600
5513880.728,422700
5514022.845,422800
5514162.157,422900
5514312.103,423000
5514463.543,423100
5514624.571,423200
5514755.047,423300
5514910.712,423400
5515049.291,423500
5515190.490,423600
5515326.831,423700
5515438.481,423800
5515563.352,423900
5515670.030,424000
5515796.559,424100
5515931.424,424200
5516084.858,424300
5516215.673,424400
5516370.981,424500
5516508.925,424600
5516659.700,424700
5516798.367,424800
5516937.917,424900
5517047.781,425000
5517173.189,425100
5517284.606,425200
5517405.631,425300
5517552.995,425400
5517706.981,425500
5517860.960,425600
5518014.935,425700
5518157.277,425800
5518294.872,425900
5518422.701,426000
5518558.552,426100
5518671.218,426200
5518795.590,426300
5518930.399,426400
5519052.472,426500
5519196.687,426600
5519333.603,426700
5519457.195,426800
5519621.621,426900
5519768.009,427000
5519891.516,427100
5519999.217,427200
5520113.634,427300
5520241.318,427400
5520376.370,427500
5520514.899,427600
5520663.872,427700
5520792.988,427800
5520928.843,427900
5521058.961,428000
5521195.126,428100
5521336.218,428200
5521444.159,428300
5521575.211,428400
5521734.219,428500
5521877.444,428600
5522018.056,428700
5522149.062,428800
5522297.521,428900
5522430.423,429000
5522557.363,429100
5522672.567,429200
5522779.872,429300
5522897.467,429400
5523014.232,429500
5523162.802,429600
5523284.195,429700
5523410.875,429800
5523535.123,429900
5525089.507,430000
5525226.714,430100
5525389.230,430200
5525537.566,430300
5525664.120,430400
5525814.681,430500
5525967.980,430600
5526109.182,430700
5526242.525,430800
5526377.282,430900
5526509.888,431000
5526657.277,431100
5526812.805,431200
5526935.179,431300
5527025.250,431400
5527142.704,431500
5527269.879,431600
5527426.122,431700
5527575.456,431800
5527707.824,431900
5527867.920,432000
5528019.517,432100
5528186.496,432200
5528333.184,432300
5528462.889,432400
5528586.801,432500
5528744.398,432600
5528901.821,432700
5529034.816,432800
5529194.509,432900
5529334.659,433000
5529476.834,433100
5529641.824,433200
5529789.801,433300
5529937.656,433400
5530078.790,433500
5530197.484,433600
5530333.453,433700
5530486.548,433800
5530648.951,433900
5530818.884,434000
5530970.588,434100
5531130.522,434200
5531286.038,434300
5531446.701,434400
5531585.649,434500
5531723.415,434600
5531874.549,434700
5532033.401,434800
5532176.919,434900
5532319.445,435000
5532487.517,435100
5532652.022,435200
5532802.518,435300
5532914.118,435400
5533069.142,435500
5533208.420,435600
5533384.090,435700
5533577.054,435800
5533754.008,435900
5533964.966,436000
5534169.499,436100
5534339.228,436200
5534486.194,436300
5534633.075,436400
5534783.452,436500
5534903.732,436600
5535022.003,436700
5535177.454,436800
5535329.402,436900
5535505.486,437000
5535668.395,437100
5535815.988,437200
5535975.927,437300
5536151.558,437400
5536293.525,437500
5536421.894,437600
5536564.251,437700
5536715.615,437800
5536869.118,437900
5537033.811,438000
5537200.438,438100
5537350.144,438200
5537502.468,438300
5537637.809,438400
5537770.882,438500
5537913.422,438600
5538042.792,438700
5538195.191,438800
5538338.048,438900
5538505.729,439000
5538805.339,439100
5539007.856,439200
5539180.267,439300
5539337.926,439400
5539520.251,439500
5539694.792,439600
5539847.775,439700
5540015.016,439800
5540186.208,439900
5542095.451,440000
5542291.361,440100
5542478.584,440200
5542669.075,440300
5542848.749,440400
5543025.890,440500
5543209.781,440600
5543400.086,440700
5543570.512,440800
5543742.907,440900
5543910.282,441000
5544092.579,441100
5544274.119,441200
5544448.412,441300
5544616.322,441400
5544805.459,441500
5545007.111,441600
5545182.813,441700
5545344.422,441800
5545501.019,441900
5545684.377,442000
5545866.709,442100
5546056.407,442200
5546233.243,442300
5546416.947,442400
5546582.935,442500
5546763.370,442600
5546937.552,442700
5547108.379,442800
5547256.639,442900
5547396.057,443000
5547532.578,443100
5547712.705,443200
5547855.796,443300
5548023.449,443400
5548198.472,443500
5548379.309,443600
5548559.564,443700
5548744.272,443800
5548897.686,443900
5549031.687,444000
5549212.281,444100
5549385.692,444200
5549571.058,444300
5549741.814,444400
5549922.210,444500
5550098.545,444600
5550269.402,444700
5550445.655,444800
5550610.114,444900
5550747.199,445000
5550877.325,445100
5551026.438,445200
5551187.036,445300
5551363.288,445400
5551518.095,445500
5551702.220,445600
5551875.661,445700
5552037.838,445800
5552201.860,445900
5552354.333,446000
5552485.907,446100
5552634.957,446200
5552822.424,446300
5552990.627,446400
5553164.775,446500
5553347.363,446600
5553544.050,446700
5553734.625,446800
5553908.565,446900
5554090.629,447000
5554271.997,447100
5554431.460,447200
5554579.794,447300
5554754.420,447400
5554929.184,447500
5555088.005,447600
5555258.434,447700
5555414.651,447800
5555563.212,447900
5555714.418,448000
5555865.734,448100
5556015.250,448200
5556152.318,448300
5556294.610,448400
5556426.434,448500
5556596.462,448600
5556765.079,448700
5556915.688,448800
5557094.818,448900
5557249.321,449000
5557408.469,449100
5557549.270,449200
5557678.738,449300
5557821.745,449400
5557949.454,449500
5558088.360,449600
5558267.801,449700
5558473.854,449800
5558663.886,449900
5560668.590,450000
5560881.988,450100
5561078.644,450200
5561238.371,450300
5561417.489,450400
5561621.451,450500
5561798.410,450600
5561984.304,450700
5562175.479,450800
5562365.089,450900
5562543.184,451000
5562722.236,451100
5562901.318,451200
5563094.939,451300
5563286.625,451400
5563477.821,451500
5563656.389,451600
5563840.962,451700
5564028.983,451800
5564218.675,451900
5564409.674,452000
5564600.505,452100
5564785.042,452200
5564969.142,452300
5565155.277,452400
5565345.246,452500
5565526.775,452600
5565694.489,452700
5565861.525,452800
5566040.441,452900
5566201.968,453000
5566399.756,453100
5566571.359,453200
5566748.394,453300
5566926.692,453400
5567108.484,453500
5567292.303,453600
5567482.635,453700
5567655.179,453800
5567840.147,453900
5568023.648,454000
5568208.259,454100
5568377.839,454200
5568558.567,454300
5568740.081,454400
5568922.333,454500
5569105.707,454600
5569286.334,454700
5569446.288,454800
5569611.335,454900
5569776.417,455000
5569952.282,455100
5570122.685,455200
5570289.096,455300
5570467.364,455400
5570644.568,455500
5570823.833,455600
5570996.633,455700
5571173.059,455800
5571358.981,455900
5571532.753,456000
5571714.935,456100
5571886.278,456200
5572069.855,456300
5572253.319,456400
5572435.468,456500
5572607.727,456600
5572795.637,456700
5572975.071,456800
5573137.675,456900
5573314.592,457000
5573498.177,457100
5573682.431,457200
5573858.076,457300
5574035.082,457400
5574209.467,457500
5574387.826,457600
5574563.610,457700
5574751.681,457800
5574937.516,457900
5575107.367,458000
5575283.667,458100
5575481.410,458200
5575659.180,458300
5575841.000,458400
5576018.592,458500
5576199.312,458600
5576363.753,458700
5576527.302,458800
5576704.609,458900
5576857.261,459000
5576990.937,459100
5577154.044,459200
5577339.722,459300
5577514.237,459400
5577697.682,459500
5577866.851,459600
5578039.371,459700
5578207.308,459800
5578388.180,459900
5580512.498,460000
5580696.780,460100
5580870.545,460200
5581057.324,460300
5581246.244,460400
5581433.764,460500
5581615.875,460600
5581804.310,460700
5581988.274,460800
5582169.396,460900
5582351.788,461000
5582522.858,461100
5582712.648,461200
5582896.526,461300
5583070.472,461400
5583256.531,461500
5583444.312,461600
5583637.850,461700
5583824.819,461800
5584019.725,461900
5584207.561,462000
5584389.696,462100
5584566.688,462200
5584737.252,462300
5584929.176,462400
5585115.732,462500
5585308.128,462600
5585487.992,462700
5585669.625,462800
5585852.763,462900
5586041.388,463000
5586220.524,463100
5586380.721,463200
5586552.879,463300
5586737.785,463400
5586925.627,463500
5587102.139,463600
5587290.609,463700
5587468.969,463800
5587661.092,463900
5587855.750,464000
5588038.306,464100
5588220.484,464200
5588411.931,464300
5588592.757,464400
5588788.083,464500
5588975.623,464600
5589162.824,464700
5589346.919,464800
5589527.477,464900
5589711.307,465000
5589899.354,465100
5590089.375,465200
5590269.183,465300
5590457.057,465400
5590642.562,465500
5590833.266,465600
5591012.135,465700
5591192.878,465800
5591376.809,465900
5591548.534,466000
5591720.172,466100
5591909.763,466200
5592095.969,466300
5592296.768,466400
5592484.990,466500
5592659.871,466600
5592828.046,466700
5593008.490,466800
5593193.562,466900
5593376.294,467000
5593555.254,467100
5593736.766,467200
5593929.522,467300
5594127.753,467400
5594327.448,467500
5594518.645,467600
5594714.186,467700
5594906.115,467800
5595100.193,467900
5595285.605,468000
5595484.966,468100
5595682.796,468200
5595877.323,468300
5596070.209,468400
5596272.367,468500
5596470.883,468600
5596663.140,468700
5596845.264,468800
5597020.270,468900
5597201.465,469000
5597382.172,469100
5597571.746,469200
5597761.732,469300
5597946.925,469400
5598138.145,469500
5598329.027,469600
5598505.744,469700
5598704.522,469800
5598889.895,469900
5601161.540,470000
5601370.367,470100
5601577.966,470200
5601776.283,470300
5601973.803,470400
5602179.298,470500
5602388.659,470600
5602591.657,470700
5602785.609,470800
5602983.061,470900
5603173.099,471000
5603375.990,471100
5603579.543,471200
5603770.221,471300
5603975.415,471400
5604179.668,471500
5604379.633,471600
5604571.195,471700
5604776.642,471800
5604978.148,471900
5605185.965,472000
5605395.664,472100
5605592.984,472200
5605794.580,472300
5605992.457,472400
5606188.956,472500
5606371.244,472600
5606568.573,472700
5606769.581,472800
5606956.606,472900
5607155.109,473000
5607352.602,473100
5607552.384,473200
5607744.507,473300
5607941.371,473400
5608137.684,473500
5608329.416,473600
5608507.173,473700
5608671.530,473800
5608824.235,473900
5608984.974,474000
5609169.094,474100
5609349.518,474200
5609528.137,474300
5609715.772,474400
5609888.650,474500
5610089.460,474600
5610277.353,474700
5610441.460,474800
5610605.992,474900
5610774.089,475000
5610920.834,475100
5611104.213,475200
5611283.258,475300
5611469.484,475400
5611631.295,475500
5611822.537,475600
5611998.689,475700
5612177.377,475800
5612383.881,475900
5612574.945,476000
5612739.888,476100
5612916.770,476200
5613118.020,476300
5613308.410,476400
5613501.460,476500
5613687.509,476600
5613837.619,476700
5614032.856,476800
5614214.515,476900
5614396.860,477000
5614581.994,477100
5614699.932,477200
5614882.182,477300
5615060.590,477400
5615258.484,477500
5615458.378,477600
5615653.267,477700
5615847.993,477800
5616045.772,477900
5616230.492,478000
5616423.802,478100
5616630.055,478200
5616808.985,478300
5616998.493,478400
5617199.444,478500
5617336.409,478600
5617532.296,478700
5617741.082,478800
5617924.859,478900
5618125.592,479000
5618318.419,479100
5618500.025,479200
5618672.247,479300
5618850.436,479400
5619030.427,479500
5619238.856,479600
5619433.550,479700
5619624.844,479800
5619820.431,479900
5622384.409,480000
5622815.770,480100
5623348.008,480200
5623842.269,480300
5624244.243,480400
5624660.969,480500
5625150.785,480600
5625639.342,480700
5625997.672,480800
5626315.721,480900
5626520.164,481000
5626708.482,481100
5626918.494,481200
5627110.821,481300
5627305.292,481400
5627511.211,481500
5627710.164,481600
5627918.802,481700
5628122.427,481800
5628323.122,481900
5628507.351,482000
5628712.397,482100
5628921.735,482200
5629117.927,482300
5629308.178,482400
5629514.524,482500
5629714.238,482600
5629911.127,482700
5630111.556,482800
5630303.651,482900
5630501.335,483000
5630691.190,483100
5630881.030,483200
5631033.271,483300
5631188.432,483400
5631360.021,483500
5631554.233,483600
5631718.444,483700
5631876.150,483800
5632079.521,483900
5632236.119,484000
5632440.667,484100
5632617.883,484200
5632786.316,484300
5632952.971,484400
5633098.287,484500
5633297.607,484600
5633466.109,484700
5633642.074,484800
5633806.856,484900
5633959.788,485000
5634135.827,485100
5634276.654,485200
5634491.880,485300
5634651.022,485400
5634852.337,485500
5635011.167,485600
5635140.785,485700
5635306.596,485800
5635488.607,485900
5635701.847,486000
5635911.716,486100
5636117.853,486200
5636283.343,486300
5636435.084,486400
5636598.915,486500
5636754.750,486600
5636899.651,486700
5637037.017,486800
5637216.423,486900
5637426.964,487000
5637629.937,487100
5637789.057,487200
5637981.266,487300
5638169.592,487400
5638349.630,487500
5638515.889,487600
5638674.638,487700
5638889.795,487800
5639107.333,487900
5639317.440,488000
5639490.771,488100
5639692.968,488200
5639863.598,488300
5640076.147,488400
5640285.474,488500
5640480.511,488600
5640645.818,488700
5640804.298,488800
5640957.738,488900
5641149.779,489000
5641338.860,489100
5641547.743,489200
5641753.668,489300
5641973.817,489400
5642167.835,489500
5642379.692,489600
5642598.514,489700
5642814.603,489800
5643027.811,489900
5645541.299,490000
5645723.296,490100
5645928.066,490200
5646127.634,490300
5646346.779,490400
5646546.721,490500
5646755.831,490600
5646964.726,490700
5647163.109,490800
5647375.614,490900
5647591.773,491000
5647777.120,491100
5647976.973,491200
5648188.108,491300
5648410.531,491400
5648645.469,491500
5648871.540,491600
5649079.456,491700
5649269.717,491800
5649419.976,491900
5649637.459,492000
5649860.235,492100
5650077.286,492200
5650297.588,492300
5650514.723,492400
5650732.424,492500
5650953.334,492600
5651183.240,492700
5651407.886,492800
5651636.926,492900
5651862.353,493000
5652076.895,493100
5652293.456,493200
5652520.512,493300
5652745.504,493400
5652962.422,493500
5653194.286,493600
5653421.227,493700
5653637.620,493800
5653871.878,493900
5654099.013,494000
5654348.806,494100
5654583.535,494200
5654810.000,494300
5655033.233,494400
5655259.017,494500
5655480.260,494600
5655708.817,494700
5655938.836,494800
5656165.077,494900
5656406.530,495000
5656639.924,495100
5656869.605,495200
5657095.092,495300
5657306.393,495400
5657533.803,495500
5657755.544,495600
5657985.681,495700
5658217.435,495800
5658442.169,495900
5658677.135,496000
5658906.057,496100
5659135.454,496200
5659380.376,496300
5659608.038,496400
5659842.840,496500
5660079.604,496600
5660326.606,496700
5660568.508,496800
5660805.002,496900
5661041.526,497000
5661271.885,497100
5661502.945,497200
5661723.352,497300
5661932.350,497400
5662185.282,497500
5662428.255,497600
5662673.707,497700
5662912.028,497800
5663154.401,497900
5663399.114,498000
5663628.680,498100
5663892.787,498200
5664149.417,498300
5664401.819,498400
5664658.468,498500
5665064.179,498600
5665361.059,498700
5665663.097,498800
5665910.279,498900
5666142.699,499000
5666390.224,499100
5666635.084,499200
5666864.971,499300
5667148.295,499400
5667384.870,499500
5667618.339,499600
5667855.360,499700
5668101.943,499800
5668342.635,499900
5671556.854,500000
5671796.156,500100
5672035.398,500200
5672285.268,500300
5672524.975,500400
5672772.622,500500
5673026.406,500600
5673260.801,500700
5673503.475,500800
5673759.639,500900
5673998.774,501000
5674240.298,501100
5674488.509,501200
5674737.954,501300
5674988.907,501400
5675232.924,501500
5675476.520,501600
5675718.111,501700
5675958.521,501800
5676210.680,501900
5676449.547,502000
5676697.421,502100
5676933.750,502200
5677185.376,502300
5677423.398,502400
5677663.494,502500
5677915.968,502600
5678164.605,502700
5678418.035,502800
5678667.001,502900
5678914.409,503000
5679160.276,503100
5679396.543,503200
5679629.606,503300
5679875.789,503400
5680121.673,503500
5680367.691,503600
5680614.589,503700
5680869.057,503800
5681120.465,503900
5681358.419,504000
5681595.807,504100
5681847.089,504200
5682088.876,504300
5682321.397,504400
5682543.201,504500
5682781.066,504600
5683026.715,504700
5683267.659,504800
5683506.612,504900
5683761.222,505000
5684016.563,505100
5684252.241,505200
5684503.342,505300
5684731.386,505400
5684970.620,505500
5685211.330,505600
5685441.336,505700
5685691.184,505800
5685920.097,505900
5686159.685,506000
5686408.198,506100
5686640.110,506200
5686873.809,506300
5687112.926,506400
5687341.936,506500
5687567.317,506600
5687803.653,506700
5688021.648,506800
5688245.112,506900
5688470.297,507000
5688700.248,507100
5688943.353,507200
5689180.320,507300
5689410.021,507400
5689621.595,507500
5689802.642,507600
5690017.528,507700
5690225.394,507800
5690496.850,507900
5690764.818,508000
5691034.874,508100
5691324.039,508200
5691607.413,508300
5691885.547,508400
5692162.541,508500
5692421.657,508600
5692716.350,508700
5693008.093,508800
5693288.343,508900
5693574.787,509000
5693862.732,509100
5694149.124,509200
5694433.758,509300
5694679.635,509400
5694942.644,509500
5695229.943,509600
5695507.471,509700
5695770.875,509800
5696029.546,509900
5699957.770,510000
5700238.769,510100
5700468.928,510200
5700701.448,510300
5700918.920,510400
5701157.301,510500
5701405.351,510600
5701642.855,510700
5701856.411,510800
5702013.344,510900
5702218.462,511000
5702464.471,511100
5702692.261,511200
5702909.044,511300
5703206.761,511400
5703447.981,511500
5703641.538,511600
5703869.614,511700
5704158.481,511800
5704462.312,511900
5704746.324,512000
5705040.034,512100
5705309.868,512200
5705600.920,512300
5705861.003,512400
5706156.127,512500
5706447.876,512600
5706746.195,512700
5707006.830,512800
5707278.312,512900
5707584.154,513000
5707865.811,513100
5708138.466,513200
5708335.340,513300
5708580.149,513400
5708750.594,513500
5708935.328,513600
5709131.930,513700
5709288.882,513800
5709435.823,513900
5709574.676,514000
5709716.676,514100
5709880.764,514200
5710066.461,514300
5710241.174,514400
5710394.732,514500
5710578.775,514600
5710763.542,514700
5710969.432,514800
5711133.032,514900
5711274.342,515000
5711404.785,515100
5711558.564,515200
5711748.443,515300
5711915.379,515400
5712076.196,515500
5712265.838,515600
5712423.603,515700
5712578.537,515800
5712736.728,515900
5712894.699,516000
5713015.124,516100
5713149.746,516200
5713285.801,516300
5713428.618,516400
5713605.857,516500
5713762.691,516600
5713918.554,516700
5714079.372,516800
5714251.355,516900
5714423.802,517000
5714552.425,517100
5714669.070,517200
5714795.296,517300
5714931.846,517400
5715100.338,517500
5715267.894,517600
5715390.283,517700
5715569.065,517800
5715754.726,517900
5715910.235,518000
5716086.118,518100
5716243.782,518200
5716404.450,518300
5716574.100,518400
5716803.891,518500
5716984.057,518600
5717166.337,518700
5717313.498,518800
5717461.460,518900
5717628.949,519000
5717776.613,519100
5717991.713,519200
5718157.624,519300
5718273.078,519400
5718421.018,519500
5718613.267,519600
5718807.518,519700
5719030.891,519800
5719266.805,519900
5722683.117,520000
5722913.214,520100
5723124.428,520200
5723334.054,520300
5723471.919,520400
5723646.374,520500
5723831.887,520600
5724000.188,520700
5724182.021,520800
5724354.902,520900
5724543.556,521000
5724758.442,521100
5724966.194,521200
5725164.193,521300
5725334.046,521400
5725506.536,521500
5725676.263,521600
5725894.552,521700
5726106.125,521800
5726277.943,521900
5726451.253,522000
5726624.866,522100
5726830.676,522200
5727061.207,522300
5727218.596,522400
5727343.315,522500
5727517.746,522600
5727722.189,522700
5727888.842,522800
5728074.143,522900
5728236.701,523000
5728384.722,523100
5728630.259,523200
5728819.949,523300
5728959.092,523400
5729104.240,523500
5729246.811,523600
5729428.400,523700
5729592.575,523800
5729765.885,523900
5729941.240,524000
5730118.225,524100
5730303.233,524200
5730425.683,524300
5730600.352,524400
5730742.989,524500
5730845.954,524600
5730970.077,524700
5731118.864,524800
5731301.709,524900
5731485.819,525000
5731649.275,525100
5731810.468,525200
5731975.908,525300
5732137.616,525400
5732333.057,525500
5732456.757,525600
5732611.507,525700
5732767.785,525800
5732990.002,525900
5733205.174,526000
5733365.926,526100
5733583.797,526200
5733783.892,526300
5734015.652,526400
5734242.526,526500
5734447.973,526600
5734602.914,526700
5734767.439,526800
5734937.733,526900
5735102.367,527000
5735289.493,527100
5735533.111,527200
5735709.229,527300
5735910.738,527400
5736089.106,527500
5736277.377,527600
5736402.763,527700
5736529.341,527800
5736639.502,527900
5736777.661,528000
5736946.007,528100
5737114.014,528200
5737356.586,528300
5737588.824,528400
5737759.087,528500
5737919.469,528600
5738065.868,528700
5738242.084,528800
5738380.573,528900
5738486.956,529000
5738612.953,529100
5738795.769,529200
5739023.473,529300
5739247.078,529400
5739472.734,529500
5739636.734,529600
5739798.712,529700
5739972.456,529800
5740169.388,529900
5743021.800,530000
5743208.878,530100
5743398.716,530200
5743654.945,530300
5743891.654,530400
5744089.875,530500
5744274.786,530600
5744443.272,530700
5744615.902,530800
5744752.399,530900
5744891.075,531000
5745046.205,531100
5745253.300,531200
5745469.039,531300
5745682.939,531400
5745896.934,531500
5746187.623,531600
5746486.936,531700
5746754.141,531800
5747059.248,531900
5747263.142,532000
5747427.249,532100
5747644.540,532200
5747822.843,532300
5748040.426,532400
5748264.914,532500
5748449.022,532600
5748627.080,532700
5748792.919,532800
5748970.747,532900
5749147.555,533000
5749253.936,533100
5749393.124,533200
5749561.013,533300
5749761.086,533400
5749974.539,533500
5750171.616,533600
5750372.969,533700
5750546.443,533800
5750739.907,533900
5750923.829,534000
5751098.700,534100
5751231.514,534200
5751372.055,534300
5751558.164,534400
5751752.255,534500
5751966.478,534600
5752154.339,534700
5752346.801,534800
5752544.387,534900
5752722.782,535000
5752905.525,535100
5753048.908,535200
5753179.318,535300
5753318.443,535400
5753518.915,535500
5753721.645,535600
5753930.423,535700
5754118.661,535800
5754292.302,535900
5754483.776,536000
5754659.293,536100
5754832.239,536200
5754982.355,536300
5755115.126,536400
5755273.195,536500
5755453.502,536600
5755647.539,536700
5755863.065,536800
5756031.619,536900
5756222.657,537000
5756418.876,537100
5756599.566,537200
5756764.326,537300
5756907.840,537400
5757041.135,537500
5757195.039,537600
5757396.246,537700
5757549.316,537800
5757726.075,537900
5757905.237,538000
5758044.463,538100
5758236.274,538200
5758431.765,538300
5758587.386,538400
5758738.310,538500
5758898.542,538600
5759042.380,538700
5759242.523,538800
5759430.027,538900
5759621.385,539000
5759829.273,539100
5759987.491,539200
5760167.431,539300
5760358.816,539400
5760515.128,539500
5760675.947,539600
5760838.669,539700
5760991.218,539800
5761195.933,539900
5764358.338,540000
5764726.148,540100
5764913.174,540200
5765112.496,540300
5765339.454,540400
5765491.031,540500
5765658.637,540600
5765818.659,540700
5765985.340,540800
5766200.853,540900
5766419.728,541000
5766582.873,541100
5766757.551,541200
5766954.568,541300
5767139.957,541400
5767344.463,541500
5767513.693,541600
5767661.828,541700
5767840.232,541800
5768037.132,541900
5768235.847,542000
5768404.476,542100
5768582.920,542200
5768765.712,542300
5768984.340,542400
5769173.949,542500
5769335.456,542600
5769493.115,542700
5769641.173,542800
5769823.615,542900
5769987.644,543000
5770166.415,543100
5770353.912,543200
5770540.299,543300
5770720.772,543400
5770927.540,543500
5771073.481,543600
5771233.212,543700
5771387.573,543800
5771547.265,543900
5771760.259,544000
5771984.416,544100
5772148.394,544200
5772357.090,544300
5772543.734,544400
5772708.464,544500
5772924.339,544600
5773097.926,544700
5773256.701,544800
5773456.570,544900
5773670.775,545000
5773869.196,545100
5774059.818,545200
5774247.143,545300
5774444.666,545400
5774668.231,545500
5774856.074,545600
5775053.087,545700
5775244.393,545800
5775458.965,545900
5775657.260,546000
5775883.278,546100
5776119.712,546200
5776317.222,546300
5776527.903,546400
5776746.758,546500
5776933.404,546600
5777101.268,546700
5777280.813,546800
5777473.196,546900
5777661.687,547000
5777893.124,547100
5778131.034,547200
5778362.134,547300
5778566.938,547400
5778778.577,547500
5778967.683,547600
5779150.286,547700
5779317.802,547800
5779550.205,547900
5779762.161,548000
5779933.795,548100
5780239.717,548200
5780423.132,548300
5780640.105,548400
5780880.123,548500
5781071.672,548600
5781250.637,548700
5781480.180,548800
5781691.293,548900
5781883.118,549000
5782119.164,549100
5782344.005,549200
5782576.711,549300
5782811.986,549400
5783021.391,549500
5783199.487,549600
5783386.598,549700
5783592.026,549800
5783813.679,549900
5786873.333,550000
5787572.905,550100
5788254.656,550200
5788873.091,550300
5789507.751,550400
5790046.965,550500
5790429.291,550600
5790649.886,550700
5790920.881,550800
5791171.043,550900
5791418.002,551000
5791649.451,551100
5791885.521,551200
5792087.750,551300
5792289.763,551400
5792508.581,551500
5792747.377,551600
5792964.617,551700
5793188.366,551800
5793442.095,551900
5793697.362,552000
5793947.656,552100
5794161.641,552200
5794370.568,552300
5794580.674,552400
5794818.993,552500
5795031.806,552600
5795246.549,552700
5795474.668,552800
5795707.378,552900
5795927.722,553000
5796125.811,553100
5796319.836,553200
5796535.258,553300
5796761.475,553400
5796985.927,553500
5797223.127,553600
5797450.115,553700
5797658.648,553800
5797885.314,553900
5798081.508,554000
5798295.379,554100
5798506.797,554200
5798720.300,554300
5798949.291,554400
5799169.852,554500
5799394.958,554600
5799631.049,554700
5799847.410,554800
5800015.947,554900
5800188.388,555000
5800334.982,555100
5800492.733,555200
5800676.866,555300
5800845.496,555400
5801017.794,555500
5801186.555,555600
5801362.329,555700
5801560.393,555800
5801724.879,555900
5801911.480,556000
5802088.078,556100
5802260.440,556200
5802420.752,556300
5802581.785,556400
5802749.383,556500
5802917.696,556600
5803078.980,556700
5803279.262,556800
5803474.376,556900
5803651.388,557000
5803813.980,557100
5803966.725,557200
5804126.864,557300
5804295.706,557400
5804496.489,557500
5804655.770,557600
5804845.539,557700
5805025.814,557800
5805183.813,557900
5805376.936,558000
5805554.708,558100
5805731.419,558200
5805907.090,558300
5806074.145,558400
5806242.409,558500
5806430.035,558600
5806636.344,558700
5806835.692,558800
5807038.298,558900
5807247.846,559000
5807446.105,559100
5807629.478,559200
5807761.185,559300
5807925.754,559400
5808100.654,559500
5808277.360,559600
5808478.432,559700
5808680.661,559800
5808861.425,559900
5811811.539,560000
5812047.981,560100
5812224.269,560200
5812390.952,560300
5812568.890,560400
5812752.898,560500
5812980.405,560600
5813169.903,560700
5813366.188,560800
5813571.575,560900
5813768.768,561000
5813964.479,561100
5814136.581,561200
5814319.765,561300
5814502.025,561400
5814674.635,561500
5814876.525,561600
5815088.053,561700
5815266.376,561800
5815482.210,561900
5815666.746,562000
5815838.516,562100
5816044.239,562200
5816214.832,562300
5816407.167,562400
5816570.662,562500
5816742.003,562600
5817031.250,562700
5817290.051,562800
5817524.650,562900
5817700.806,563000
5817917.152,563100
5818128.604,563200
5818331.705,563300
5818471.800,563400
5818644.314,563500
5818826.972,563600
5819028.649,563700
5819230.173,563800
5819457.069,563900
5819675.131,564000
5819917.700,564100
5820122.992,564200
5820289.541,564300
5820486.209,564400
5820671.301,564500
5820858.820,564600
5821084.064,564700
5821286.927,564800
5821504.529,564900
5821690.581,565000
5821912.990,565100
5822091.014,565200
5822322.075,565300
5822523.867,565400
5822695.267,565500
5822867.448,565600
5823108.904,565700
5823306.426,565800
5823529.141,565900
5823745.042,566000
5823959.255,566100
5824157.236,566200
5824348.411,566300
5824533.142,566400
5824681.548,566500
5824891.204,566600
5825111.563,566700
5825310.338,566800
5825524.311,566900
5825768.189,567000
5825960.294,567100
5826149.377,567200
5826330.628,567300
5826506.252,567400
5826636.484,567500
5826822.303,567600
5827032.618,567700
5827202.785,567800
5827414.682,567900
5827605.248,568000
5827810.631,568100
5828029.213,568200
5828210.202,568300
5828401.160,568400
5828578.658,568500
5828714.101,568600
5828917.320,568700
5829143.293,568800
5829345.513,568900
5829570.308,569000
5829802.265,569100
5830027.066,569200
5830252.541,569300
5830480.593,569400
5830698.319,569500
5830916.980,569600
5831130.054,569700
5831365.027,569800
5831604.423,569900
5834507.970,570000
5834773.209,570100
5835016.709,570200
5835253.087,570300
5835494.188,570400
5835703.756,570500
5835922.796,570600
5836137.870,570700
5836380.280,570800
5836624.552,570900
5836864.944,571000
5837108.588,571100
5837330.074,571200
5837556.804,571300
5837782.388,571400
5837986.258,571500
5838184.428,571600
5838419.750,571700
5838648.277,571800
5838864.178,571900
5839112.186,572000
5839352.724,572100
5839568.651,572200
5839780.690,572300
5840007.946,572400
5840218.122,572500
5840456.445,572600
5840652.323,572700
5840866.674,572800
5841106.574,572900
5841354.604,573000
5841588.889,573100
5841811.338,573200
5842038.258,573300
5842271.550,573400
5842471.318,573500
5842653.808,573600
5842821.066,573700
5843044.167,573800
5843264.350,573900
5843514.347,574000
5843722.248,574100
5843912.204,574200
5844116.816,574300
5844310.680,574400
5844545.423,574500
5844755.909,574600
5844982.607,574700
5845196.680,574800
5845421.185,574900
5845651.545,575000
5845881.740,575100
5846125.048,575200
5846360.842,575300
5846596.104,575400
5846844.326,575500
5847098.409,575600
5847339.290,575700
5847585.418,575800
5847822.241,575900
5848082.484,576000
5848329.970,576100
5848579.664,576200
5848830.783,576300
5849085.661,576400
5849327.953,576500
5849563.096,576600
5849799.533,576700
5850019.973,576800
5850228.426,576900
5850473.632,577000
5850708.963,577100
5850957.550,577200
5851182.883,577300
5851405.749,577400
5851651.760,577500
5851892.186,577600
5852113.548,577700
5852329.641,577800
5852525.591,577900
5852756.387,578000
5853003.092,578100
5853254.546,578200
5853511.807,578300
5853737.169,578400
5853946.344,578500
5854187.221,578600
5854448.586,578700
5854683.982,578800
5854930.072,578900
5855150.995,579000
5855397.361,579100
5855647.313,579200
5855893.256,579300
5856126.300,579400
5856350.206,579500
5856576.411,579600
5856806.798,579700
5857031.669,579800
5857216.984,579900
5860403.069,580000
5861069.978,580100
5861813.420,580200
5862701.976,580300
5863534.412,580400
5863959.089,580500
5864211.417,580600
5864461.371,580700
5864750.660,580800
5864999.165,580900
5865228.021,581000
5865481.546,581100
5865735.681,581200
5865982.930,581300
5866236.907,581400
5866466.847,581500
5866694.929,581600
5866955.751,581700
5867217.635,581800
5867482.177,581900
5867740.004,582000
5867975.754,582100
5868212.015,582200
5868464.527,582300
5868717.553,582400
5868990.903,582500
5869273.316,582600
5869543.186,582700
5869816.915,582800
5870077.703,582900
5870324.762,583000
5870540.366,583100
5870756.475,583200
5870997.104,583300
5871260.359,583400
5871508.091,583500
5871754.001,583600
5871994.045,583700
5872222.576,583800
5872444.983,583900
5872672.603,584000
5872880.930,584100
5873051.960,584200
5873229.735,584300
5873423.712,584400
5873624.269,584500
5873868.613,584600
5874094.873,584700
5874351.794,584800
5874616.545,584900
5874875.095,585000
5875117.422,585100
5875351.516,585200
5875558.370,585300
5875736.563,585400
5875939.365,585500
5876184.844,585600
5876409.917,585700
5876622.690,585800
5876885.011,585900
5877141.600,586000
5877393.310,586100
5877640.870,586200
5877824.879,586300
5877992.391,586400
5878168.587,586500
5878393.626,586600
5878634.311,586700
5878825.556,586800
5879056.625,586900
5879285.578,587000
5879487.364,587100
5879676.375,587200
5879854.590,587300
5880006.188,587400
5880164.415,587500
5880323.743,587600
5880528.457,587700
5880757.742,587800
5880969.850,587900
5881163.346,588000
5881382.422,588100
5881618.781,588200
5881837.611,588300
5882019.180,588400
5882175.987,588500
5882358.865,588600
5882538.073,588700
5882784.238,588800
5883016.686,588900
5883245.145,589000
5883502.286,589100
5883756.295,589200
5883991.438,589300
5884231.308,589400
5884430.695,589500
5884575.236,589600
5884753.514,589700
5884938.717,589800
5885198.644,589900
5888389.253,590000
5888674.174,590100
5888882.683,590200
5889107.148,590300
5889298.874,590400
5889510.558,590500
5889709.608,590600
5889909.333,590700
5890069.969,590800
5890282.742,590900
5890506.828,591000
5890753.846,591100
5891007.424,591200
5891252.255,591300
5891480.351,591400
5891681.709,591500
5891890.599,591600
5892047.858,591700
5892221.319,591800
5892466.035,591900
5892697.493,592000
5892896.846,592100
5893123.583,592200
5893318.210,592300
5893523.437,592400
5893734.317,592500
5893913.606,592600
5894062.830,592700
5894245.495,592800
5894443.668,592900
5894671.352,593000
5894885.313,593100
5895112.257,593200
5895341.525,593300
5895547.802,593400
5895751.643,593500
5895996.012,593600
5896200.423,593700
5896345.666,593800
5896497.689,593900
5896665.640,594000
5896915.405,594100
5897120.827,594200
5897311.577,594300
5897527.713,594400
5897703.002,594500
5897915.965,594600
5898118.903,594700
5898329.590,594800
5898511.753,594900
5898723.008,595000
5898863.491,595100
5899113.403,595200
5899336.829,595300
5899563.412,595400
5899812.961,595500
5900012.471,595600
5900231.001,595700
5900440.250,595800
5900623.710,595900
5900799.101,596000
5900965.519,596100
5901160.584,596200
5901420.749,596300
5901660.950,596400
5901886.546,596500
5902103.885,596600
5902292.551,596700
5902495.922,596800
5902745.602,596900
5902913.461,597000
5903086.609,597100
5903276.479,597200
5903511.616,597300
5903732.924,597400
5903939.326,597500
5904156.663,597600
5904345.157,597700
5904551.300,597800
5904775.399,597900
5904937.364,598000
5905111.777,598100
5905300.875,598200
5905483.920,598300
5905689.940,598400
5905894.574,598500
5906074.314,598600
5906302.541,598700
5906519.034,598800
5906691.265,598900
5906905.336,599000
5907101.493,599100
5907243.345,599200
5907435.302,599300
5907662.423,599400
5907843.982,599500
5908075.523,599600
5908285.370,599700
5908512.589,599800
5908677.177,599900
5911696.870,600000
5911933.207,600100
5912116.795,600200
5912291.259,600300
5912501.233,600400
5912678.991,600500
5912907.303,600600
5913088.294,600700
5913306.878,600800
5913547.384,600900
5913791.555,601000
5914069.348,601100
5914319.833,601200
5914556.057,601300
5914803.626,601400
5915037.147,601500
5915292.433,601600
5915536.297,601700
5915744.985,601800
5916017.448,601900
5916258.832,602000
5916460.017,602100
5916663.942,602200
5916876.422,602300
5917134.886,602400
5917365.933,602500
5917636.153,602600
5917878.516,602700
5918135.514,602800
5918361.143,602900
5918593.538,603000
5918815.981,603100
5918996.893,603200
5919184.666,603300
5919407.633,603400
5919612.828,603500
5919866.073,603600
5920053.511,603700
5920271.592,603800
5920491.357,603900
5920757.660,604000
5921028.337,604100
5921301.563,604200
5921510.559,604300
5921729.327,604400
5921987.501,604500
5922195.015,604600
5922410.043,604700
5922640.951,604800
5922906.221,604900
5923137.019,605000
5923309.147,605100
5923471.678,605200
5923679.353,605300
5923906.310,605400
5924158.788,605500
5924404.859,605600
5924603.563,605700
5924824.517,605800
5925009.444,605900
5925249.824,606000
5925485.550,606100
5925660.600,606200
5925849.539,606300
5926080.556,606400
5926271.808,606500
5926458.971,606600
5926668.800,606700
5926872.937,606800
5927074.651,606900
5927316.854,607000
5927492.101,607100
5927656.558,607200
5927839.817,607300
5928057.479,607400
5928297.108,607500
5928553.565,607600
5928807.927,607700
5929022.478,607800
5929231.915,607900
5929459.686,608000
5929614.067,608100
5929825.584,608200
5930064.089,608300
5930266.237,608400
5930506.767,608500
5930763.748,608600
5930995.815,608700
5931186.374,608800
5931399.223,608900
5931592.680,609000
5931747.457,609100
5931915.158,609200
5932036.401,609300
5932227.224,609400
5932443.489,609500
5932723.670,609600
5932900.473,609700
5933089.879,609800
5933257.576,609900
5936374.154,610000
5936614.939,610100
5936789.300,610200
5936954.271,610300
5937154.976,610400
5937335.680,610500
5937560.875,610600
5937755.360,610700
5937898.574,610800
5938055.402,610900
5938287.931,611000
5938467.055,611100
5938678.964,611200
5938859.973,611300
5939017.225,611400
5939188.385,611500
5939409.876,611600
5939640.690,611700
5939858.474,611800
5940056.928,611900
5940298.798,612000
5940537.628,612100
5940748.655,612200
5940960.885,612300
5941147.179,612400
5941293.245,612500
5941483.826,612600
5941688.232,612700
5941950.183,612800
5942200.161,612900
5942420.524,613000
5942654.526,613100
5942845.830,613200
5943051.284,613300
5943269.067,613400
5943486.585,613500
5943665.760,613600
5943859.992,613700
5944072.656,613800
5944273.800,613900
5944516.087,614000
5944751.227,614100
5944967.364,614200
5945169.045,614300
5945399.371,614400
5945561.004,614500
5945730.303,614600
5945915.025,614700
5946124.785,614800
5946387.437,614900
5946619.678,615000
5946841.840,615100
5947020.780,615200
5947262.492,615300
5947485.587,615400
5947668.524,615500
5947929.391,615600
5948125.824,615700
5948337.100,615800
5948599.264,615900
5948845.910,616000
5949054.243,616100
5949297.257,616200
5949564.102,616300
5949833.688,616400
5950082.042,616500
5950303.741,616600
5950526.601,616700
5950743.107,616800
5951008.153,616900
5951271.521,617000
5951506.209,617100
5951773.367,617200
5952006.105,617300
5952229.347,617400
5952457.848,617500
5952674.852,617600
5952880.610,617700
5953103.897,617800
5953291.236,617900
5953536.530,618000
5953770.011,618100
5954034.236,618200
5954288.738,618300
5954504.552,618400
5954696.579,618500
5954897.934,618600
5955098.110,618700
5955299.535,618800
5955519.008,618900
5955754.525,619000
5955994.066,619100
5956226.286,619200
5956468.203,619300
5956682.905,619400
5956876.264,619500
5957094.657,619600
5957255.874,619700
5957436.276,619800
5957682.664,619900
5960885.243,620000
5961174.819,620100
5961416.063,620200
5961601.861,620300
5961846.532,620400
5962062.710,620500
5962278.463,620600
5962477.200,620700
5962628.604,620800
5962862.240,620900
5963106.394,621000
5963363.698,621100
5963610.571,621200
5963885.057,621300
5964149.475,621400
5964424.476,621500
5964682.701,621600
5964933.130,621700
5965176.241,621800
5965438.737,621900
5965694.639,622000
5965941.795,622100
5966198.326,622200
5966468.660,622300
5966715.627,622400
5966926.115,622500
5967128.158,622600
5967365.333,622700
5967613.251,622800
5967858.340,622900
5968091.521,623000
5968354.026,623100
5968565.831,623200
5968752.633,623300
5968973.328,623400
5969133.900,623500
5969323.907,623600
5969557.957,623700
5969782.081,623800
5969994.812,623900
5970252.136,624000
5970477.262,624100
5970714.213,624200
5970962.546,624300
5971157.750,624400
5971330.194,624500
5971492.352,624600
5971711.991,624700
5971963.116,624800
5972193.797,624900
5972419.443,625000
5972629.821,625100
5972865.808,625200
5973055.023,625300
5973250.525,625400
5973451.434,625500
5973600.645,625600
5973794.854,625700
5973990.542,625800
5974177.041,625900
5974407.078,626000
5974644.257,626100
5974887.482,626200
5975102.941,626300
5975368.341,626400
5975631.184,626500
5975848.497,626600
5976031.924,626700
5976233.183,626800
5976469.068,626900
5976695.538,627000
5976920.920,627100
5977144.212,627200
5977400.472,627300
5977669.156,627400
5977925.150,627500
5978189.651,627600
5978451.113,627700
5978680.307,627800
5978919.559,627900
5979172.785,628000
5979418.982,628100
5979698.002,628200
5979981.687,628300
5980248.114,628400
5980518.768,628500
5980798.824,628600
5981051.181,628700
5981277.587,628800
5981482.239,628900
5981729.085,629000
5981990.679,629100
5982247.019,629200
5982524.878,629300
5982803.399,629400
5983096.548,629500
5983371.128,629600
5983654.219,629700
5983917.093,629800
5984172.625,629900
5987751.100,630000
5988042.847,630100
5988325.803,630200
5988603.010,630300
5988906.671,630400
5989194.050,630500
5989463.295,630600
5989741.558,630700
5990038.408,630800
5990347.920,630900
5990632.499,631000
5990914.660,631100
5991179.161,631200
5991442.111,631300
5991719.418,631400
5991994.447,631500
5992276.376,631600
5992549.634,631700
5992817.299,631800
5993083.042,631900
5993347.395,632000
5993605.675,632100
5993865.979,632200
5994119.839,632300
5994373.594,632400
5994586.147,632500
5994838.154,632600
5995112.250,632700
5995391.622,632800
5995661.210,632900
5995909.775,633000
5996165.651,633100
5996360.056,633200
5996589.485,633300
5996747.886,633400
5996935.310,633500
5997115.640,633600
5997328.756,633700
5997601.121,633800
5997845.092,633900
5998048.262,634000
5998316.794,634100
5998568.231,634200
5998818.789,634300
5999052.952,634400
5999282.879,634500
5999506.220,634600
5999679.196,634700
5999876.499,634800
6000119.291,634900
6000375.447,635000
6000644.441,635100
6000908.462,635200
6001163.723,635300
6001425.975,635400
6001689.110,635500
6001900.379,635600
6002099.900,635700
6002303.779,635800
6002558.301,635900
6002834.700,636000
6003100.373,636100
6003372.784,636200
6003643.957,636300
6003913.750,636400
6004146.314,636500
6004358.950,636600
6004550.617,636700
6004778.047,636800
6005024.793,636900
6005276.941,637000
6005541.206,637100
6005808.758,637200
6006035.356,637300
6006303.008,637400
6006525.730,637500
6006768.991,637600
6006979.413,637700
6007175.394,637800
6007411.211,637900
6007664.061,638000
6007904.691,638100
6008176.957,638200
6008435.178,638300
6008709.961,638400
6008975.339,638500
6009215.004,638600
6009477.398,638700
6009700.184,638800
6009927.003,638900
6010137.779,639000
6010364.753,639100
6010638.575,639200
6010894.180,639300
6011156.519,639400
6011427.068,639500
6011692.600,639600
6011957.029,639700
6012217.776,639800
6012691.002,639900
6016533.512,640000
6016871.188,640100
6017155.813,640200
6017440.439,640300
6017722.290,640400
6018012.594,640500
6018306.256,640600
6018582.790,640700
6018863.549,640800
6019149.748,640900
6019437.029,641000
6019739.491,641100
6020044.166,641200
6020332.275,641300
6020614.798,641400
6020890.212,641500
6021196.977,641600
6021481.865,641700
6021768.947,641800
6022070.206,641900
6022359.444,642000
6022639.389,642100
6022927.704,642200
6023214.931,642300
6023502.401,642400
6023778.253,642500
6024073.053,642600
6024358.320,642700
6024641.211,642800
6024936.772,642900
6025202.298,643000
6025476.215,643100
6025765.086,643200
6026055.794,643300
6026340.398,643400
6026602.763,643500
6026880.906,643600
6027147.484,643700
6027413.260,643800
6027687.976,643900
6027933.147,644000
6028197.169,644100
6028465.933,644200
6028739.807,644300
6029021.116,644400
6029296.892,644500
6029575.605,644600
6029846.789,644700
6030123.664,644800
6030399.191,644900
6030636.910,645000
6030876.691,645100
6031139.791,645200
6031416.595,645300
6031705.518,645400
6031983.252,645500
6032255.199,645600
6032543.470,645700
6032811.671,645800
6033077.615,645900
6033346.458,646000
6033601.018,646100
6033881.805,646200
6034176.446,646300
6034458.169,646400
6034739.131,646500
6035026.166,646600
6035310.992,646700
6035605.310,646800
6035884.226,646900
6036164.338,647000
6036443.893,647100
6036713.269,647200
6036962.329,647300
6037236.386,647400
6037496.826,647500
6037786.970,647600
6038070.767,647700
6038337.851,647800
6038582.399,647900
6038818.206,648000
6039005.456,648100
6039231.537,648200
6039499.884,648300
6039764.063,648400
6040052.201,648500
6040333.350,648600
6040593.504,648700
6040871.396,648800
6041111.798,648900
6041390.576,649000
6041654.988,649100
6041888.347,649200
6042165.052,649300
6042423.569,649400
6042702.065,649500
6042979.690,649600
6043261.138,649700
6043531.641,649800
6043807.568,649900
6047756.230,650000
6048109.834,650100
6048361.749,650200
6048598.029,650300
6048862.402,650400
6049140.701,650500
6049416.787,650600
6049687.969,650700
6049963.995,650800
6050244.307,650900
6050515.371,651000
6050786.451,651100
6051055.812,651200
6051293.968,651300
6051542.182,651400
6051823.080,651500
6052110.050,651600
6052376.680,651700
6052622.980,651800
6052894.705,651900
6053175.414,652000
6053440.487,652100
6053690.196,652200
6053944.140,652300
6054177.950,652400
6054447.497,652500
6054728.729,652600
6054967.103,652700
6055242.067,652800
6055501.220,652900
6055748.068,653000
6056016.626,653100
6056234.725,653200
6056457.595,653300
6056729.341,653400
6057005.343,653500
6057263.842,653600
6057549.615,653700
6057844.856,653800
6058139.516,653900
6058424.882,654000
6058716.266,654100
6059007.369,654200
6059287.614,654300
6059570.939,654400
6059855.291,654500
6060139.664,654600
6060428.537,654700
6060710.040,654800
6060990.781,654900
6061268.435,655000
6061549.765,655100
6061835.699,655200
6062114.971,655300
6062396.525,655400
6062687.577,655500
6062979.779,655600
6063276.259,655700
6063568.191,655800
6063870.185,655900
6064162.830,656000
6064441.238,656100
6064722.352,656200
6064989.214,656300
6065278.997,656400
6065550.124,656500
6065814.313,656600
6066100.512,656700
6066384.377,656800
6066642.331,656900
6066891.662,657000
6067163.799,657100
6067422.911,657200
6067710.985,657300
6068011.929,657400
6068311.594,657500
6068607.088,657600
6068907.710,657700
6069193.323,657800
6069496.226,657900
6069753.725,658000
6069983.254,658100
6070208.287,658200
6070465.997,658300
6070761.857,658400
6071056.835,658500
6071348.304,658600
6071637.967,658700
6071939.870,658800
6072229.885,658900
6072511.764,659000
6072791.524,659100
6073036.739,659200
6073324.574,659300
6073615.025,659400
6073909.839,659500
6074201.643,659600
6074487.328,659700
6074775.380,659800
6075060.636,659900
6079043.073,660000
6079397.468,660100
6079679.951,660200
6079958.365,660300
6080220.795,660400
6080494.708,660500
6080779.736,660600
6081062.666,660700
6081349.575,660800
6081645.218,660900
6081930.350,661000
6082216.017,661100
6082464.314,661200
6082707.926,661300
6082995.882,661400
6083275.455,661500
6083561.524,661600
6083875.540,661700
6084205.787,661800
6084502.849,661900
6084798.165,662000
6085090.900,662100
6085387.590,662200
6085681.642,662300
6085969.713,662400
6086262.926,662500
6086550.130,662600
6086838.646,662700
6087133.473,662800
6087428.489,662900
6087716.831,663000
6088016.245,663100
6088330.090,663200
6088641.181,663300
6088929.860,663400
6089232.625,663500
6089537.208,663600
6089828.885,663700
6090121.427,663800
6090403.927,663900
6090685.699,664000
6090981.569,664100
6091296.474,664200
6091613.164,664300
6091927.321,664400
6092237.901,664500
6092545.636,664600
6092842.412,664700
6093143.689,664800
6093455.833,664900
6093756.843,665000
6094076.415,665100
6094391.231,665200
6094686.394,665300
6094990.291,665400
6095301.749,665500
6095613.317,665600
6095918.779,665700
6096214.947,665800
6096528.873,665900
6096836.024,666000
6097136.542,666100
6097430.553,666200
6097725.456,666300
6098021.371,666400
6098321.102,666500
6098623.592,666600
6098921.039,666700
6099209.217,666800
6099506.522,666900
6099807.226,667000
6100100.283,667100
6100379.228,667200
6100663.792,667300
6100953.969,667400
6101246.115,667500
6101540.968,667600
6101831.824,667700
6102102.845,667800
6102389.090,667900
6102689.635,668000
6102987.014,668100
6103307.411,668200
6103604.232,668300
6103892.789,668400
6104189.537,668500
6104480.599,668600
6104783.639,668700
6105078.733,668800
6105368.100,668900
6105670.511,669000
6105959.199,669100
6106254.947,669200
6106633.281,669300
6106932.939,669400
6107233.575,669500
6107529.407,669600
6107822.165,669700
6108128.621,669800
6108459.837,669900
6113147.770,670000
6113501.476,670100
6113803.955,670200
6114103.082,670300
6114410.279,670400
6114715.985,670500
6115016.245,670600
6115322.960,670700
6115626.868,670800
6115927.989,670900
6116240.345,671000
6116549.488,671100
6116852.312,671200
6117154.517,671300
6117469.123,671400
6117774.888,671500
6118075.183,671600
6118397.432,671700
6118709.682,671800
6119022.611,671900
6119319.900,672000
6119624.354,672100
6119918.145,672200
6120206.369,672300
6120502.330,672400
6120816.478,672500
6121127.060,672600
6121432.567,672700
6121732.338,672800
6122026.452,672900
6122331.859,673000
6122622.143,673100
6122924.402,673200
6123221.101,673300
6123523.809,673400
6123831.171,673500
6124118.677,673600
6124429.176,673700
6124727.594,673800
6125028.265,673900
6125323.207,674000
6125624.957,674100
6125921.423,674200
6126219.589,674300
6126499.100,674400
6126806.432,674500
6127111.438,674600
6127422.421,674700
6127719.864,674800
6128010.595,674900
6128302.048,675000
6128599.619,675100
6128886.188,675200
6129166.907,675300
6129448.559,675400
6129741.085,675500
6130052.819,675600
6130381.627,675700
6130678.767,675800
6130982.880,675900
6131280.319,676000
6131584.471,676100
6131883.025,676200
6132180.368,676300
6132471.777,676400
6132762.500,676500
6133062.393,676600
6133372.979,676700
6133667.965,676800
6133968.330,676900
6134259.792,677000
6134540.013,677100
6134832.044,677200
6135126.903,677300
6135425.328,677400
6135712.605,677500
6136004.006,677600
6136300.725,677700
6136601.390,677800
6136903.547,677900
6137195.606,678000
6137487.138,678100
6137792.545,678200
6138087.294,678300
6138386.783,678400
6138668.954,678500
6138958.287,678600
6139250.246,678700
6139555.285,678800
6139850.626,678900
6140145.726,679000
6140447.531,679100
6140746.526,679200
6141047.861,679300
6141336.473,679400
6141645.188,679500
6141953.682,679600
6142255.882,679700
6142580.984,679800
6142875.735,679900
6147644.194,680000
6148004.176,680100
6148306.337,680200
6148621.294,680300
6148930.887,680400
6149236.429,680500
6149544.639,680600
6149854.186,680700
6150163.605,680800
6150467.833,680900
6150772.988,681000
6151095.141,681100
6151410.544,681200
6151740.829,681300
6152055.216,681400
6152372.993,681500
6152707.347,681600
6153038.007,681700
6153361.763,681800
6153684.174,681900
6154037.946,682000
6154358.125,682100
6154658.475,682200
6154977.060,682300
6155291.390,682400
6155587.601,682500
6155884.020,682600
6156189.425,682700
6156495.731,682800
6156820.982,682900
6157133.287,683000
6157436.817,683100
6157759.386,683200
6158061.923,683300
6158378.815,683400
6158691.252,683500
6159004.786,683600
6159298.926,683700
6159613.610,683800
6159928.463,683900
6160244.853,684000
6160563.053,684100
6160890.702,684200
6161208.489,684300
6161522.233,684400
6161833.845,684500
6162122.168,684600
6162431.045,684700
6162740.159,684800
6163046.056,684900
6163350.327,685000
6163649.436,685100
6163948.943,685200
6164244.199,685300
6164535.275,685400
6164843.724,685500
6165169.303,685600
6165469.751,685700
6165754.171,685800
6166051.293,685900
6166351.051,686000
6166632.647,686100
6166948.554,686200
6167233.016,686300
6167470.578,686400
6167688.066,686500
6167931.783,686600
6168200.399,686700
6168467.898,686800
6168761.355,686900
6169045.188,687000
6169339.018,687100
6169642.198,687200
6169925.100,687300
6170201.875,687400
6170458.101,687500
6170751.788,687600
6171028.817,687700
6171338.694,687800
6171624.302,687900
6171899.836,688000
6172156.926,688100
6172457.273,688200
6172752.091,688300
6173058.647,688400
6173381.694,688500
6173694.382,688600
6173994.303,688700
6174290.561,688800
6174596.129,688900
6174908.121,689000
6175221.216,689100
6175524.459,689200
6175825.083,689300
6176127.301,689400
6176423.787,689500
6176707.832,689600
6177009.976,689700
6177289.594,689800
6177556.965,689900
6182577.882,690000
6182937.947,690100
6183190.850,690200
6183430.552,690300
6183664.480,690400
6183861.673,690500
6184107.304,690600
6184372.164,690700
6184637.506,690800
6184908.704,690900
6185114.260,691000
6185341.529,691100
6185631.996,691200
6185841.516,691300
6186037.753,691400
6186240.507,691500
6186403.795,691600
6186643.081,691700
6186874.744,691800
6187158.818,691900
6187419.070,692000
6187677.910,692100
6187898.186,692200
6188145.786,692300
6188362.878,692400
6188592.841,692500
6188756.540,692600
6188967.673,692700
6189254.203,692800
6189497.576,692900
6189729.812,693000
6189963.237,693100
6190200.850,693200
6190440.539,693300
6190636.787,693400
6190867.723,693500
6191084.719,693600
6191240.237,693700
6191471.168,693800
6191750.404,693900
6191951.771,694000
6192208.144,694100
6192466.572,694200
6192687.026,694300
6192922.573,694400
6193136.125,694500
6193369.037,694600
6193572.472,694700
6193777.605,694800
6193961.917,694900
6194224.525,695000
6194479.521,695100
6194716.770,695200
6194950.386,695300
6195199.477,695400
6195456.898,695500
6195745.621,695600
6195969.745,695700
6196158.642,695800
6196317.007,695900
6196548.000,696000
6196826.997,696100
6197134.497,696200
6197417.342,696300
6197673.112,696400
6197947.387,696500
6198211.010,696600
6198445.675,696700
6198734.561,696800
6198944.425,696900
6199125.599,697000
6199352.808,697100
6199587.310,697200
6199795.321,697300
6200048.303,697400
6200265.635,697500
6200516.320,697600
6200750.937,697700
6200942.965,697800
6201225.369,697900
6201439.545,698000
6201637.841,698100
6201874.708,698200
6202128.474,698300
6202376.970,698400
6202674.198,698500
6202967.830,698600
6203245.177,698700
6203531.439,698800
6203820.321,698900
6204015.791,699000
6204304.432,699100
6204517.157,699200
6204736.525,699300
6204999.709,699400
6205228.923,699500
6205492.646,699600
6205787.892,699700
6206048.508,699800
6206292.636,699900
6210676.984,700000
6210984.402,700100
6211192.834,700200
6211432.149,700300
6211739.776,700400
6211935.132,700500
6212236.192,700600
6212534.694,700700
6212849.349,700800
6213165.148,700900
6213442.479,701000
6213663.216,701100
6213897.329,701200
6214083.227,701300
6214339.059,701400
6214637.175,701500
6214917.579,701600
6215203.519,701700
6215457.499,701800
6215711.575,701900
6215980.063,702000
6216213.577,702100
6216439.093,702200
6216657.139,702300
6216863.072,702400
6217135.527,702500
6217369.852,702600
6217630.119,702700
6217928.783,702800
6218232.510,702900
6218451.060,703000
6218790.894,703100
6219006.275,703200
6219243.973,703300
6219461.709,703400
6219770.177,703500
6220041.799,703600
6220314.758,703700
6220602.502,703800
6220936.682,703900
6221273.903,704000
6221617.458,704100
6221945.477,704200
6222209.801,704300
6222407.585,704400
6222660.784,704500
6223000.844,704600
6223292.842,704700
6223585.705,704800
6223843.148,704900
6224133.732,705000
6224460.399,705100
6224790.775,705200
6225103.267,705300
6225306.699,705400
6225522.862,705500
6225827.843,705600
6226136.951,705700
6226407.764,705800
6226701.393,705900
6227033.135,706000
6227346.337,706100
6227623.742,706200
6227864.710,706300
6228139.306,706400
6228364.407,706500
6228576.897,706600
6228864.740,706700
6229110.541,706800
6229412.761,706900
6229697.402,707000
6229941.671,707100
6230227.129,707200
6230485.442,707300
6230724.805,707400
6230995.191,707500
6231256.243,707600
6231506.616,707700
6231843.602,707800
6232126.469,707900
6232387.967,708000
6232676.031,708100
6232971.766,708200
6233262.781,708300
6233574.550,708400
6233795.970,708500
6234000.290,708600
6234251.377,708700
6234534.566,708800
6234885.719,708900
6235209.929,709000
6235507.137,709100
6235778.811,709200
6236076.478,709300
6236346.540,709400
6236612.338,709500
6236855.971,709600
6237063.422,709700
6237291.895,709800
6237618.732,709900
6242080.982,710000
6242430.434,710100
6242740.369,710200
6243012.053,710300
6243281.248,710400
6243597.026,710500
6243832.960,710600
6244047.918,710700
6244313.143,710800
6244626.010,710900
6244881.260,711000
6245149.314,711100
6245443.247,711200
6245710.390,711300
6246012.531,711400
6246262.186,711500
6246494.069,711600
6246721.610,711700
6246965.597,711800
6247253.019,711900
6247541.156,712000
6247848.335,712100
6248153.196,712200
6248480.646,712300
6248724.024,712400
6248970.018,712500
6249208.033,712600
6249562.930,712700
6249825.616,712800
6250073.097,712900
6250320.569,713000
6250602.924,713100
6250811.327,713200
6251087.117,713300
6251379.595,713400
6251611.119,713500
6251878.856,713600
6252093.190,713700
6252289.047,713800
6252519.926,713900
6252767.058,714000
6253021.549,714100
6253317.481,714200
6253608.866,714300
6253885.192,714400
6254166.071,714500
6254461.811,714600
6254724.059,714700
6254906.882,714800
6255132.641,714900
6255413.617,715000
6255675.360,715100
6255935.441,715200
6256220.165,715300
6256448.453,715400
6256728.767,715500
6257017.638,715600
6257303.770,715700
6257527.614,715800
6257783.836,715900
6258054.519,716000
6258374.304,716100
6258705.491,716200
6259005.129,716300
6259325.132,716400
6259664.802,716500
6259959.320,716600
6260115.610,716700
6260293.968,716800
6260488.247,716900
6260706.856,717000
6261018.285,717100
6261279.305,717200
6261535.748,717300
6261828.850,717400
6262107.382,717500
6262361.346,717600
6262628.193,717700
6262865.873,717800
6263073.099,717900
6263293.073,718000
6263605.975,718100
6263880.898,718200
6264125.721,718300
6264400.377,718400
6264615.781,718500
6264839.645,718600
6265112.271,718700
6265304.488,718800
6265508.562,718900
6265695.864,719000
6265902.998,719100
6266161.221,719200
6266422.905,719300
6266657.974,719400
6266885.237,719500
6267091.838,719600
6267371.773,719700
6267673.336,719800
6267989.713,719900
6272302.992,720000
6272566.192,720100
6272817.566,720200
6273077.335,720300
6273329.814,720400
6273578.218,720500
6273855.953,720600
6274124.613,720700
6274388.900,720800
6274627.173,720900
6274847.590,721000
6275141.634,721100
6275464.370,721200
6275790.752,721300
6276079.229,721400
6276359.514,721500
6276599.628,721600
6276880.440,721700
6277138.705,721800
6277463.945,721900
6277780.926,722000
6278001.810,722100
6278252.029,722200
6278550.108,722300
6278836.960,722400
6279162.751,722500
6279543.831,722600
6279897.241,722700
6280222.588,722800
6280567.504,722900
6280881.871,723000
6281069.256,723100
6281282.385,723200
6281495.240,723300
6281741.759,723400
6282024.613,723500
6282231.443,723600
6282482.288,723700
6282723.299,723800
6283013.114,723900
6283285.942,724000
6283512.738,724100
6283721.494,724200
6283940.394,724300
6284238.777,724400
6284481.165,724500
6284681.579,724600
6284946.304,724700
6285248.123,724800
6285528.207,724900
6285789.811,725000
6286050.936,725100
6286282.245,725200
6286525.172,725300
6286809.843,725400
6287129.865,725500
6287477.721,725600
6287784.569,725700
6288069.932,725800
6288334.053,725900
6288609.163,726000
6288882.807,726100
6289123.557,726200
6289362.820,726300
6289657.249,726400
6289901.956,726500
6290182.153,726600
6290465.560,726700
6290733.811,726800
6291004.007,726900
6291225.236,727000
6291426.369,727100
6291652.295,727200
6291849.692,727300
6292144.543,727400
6292439.160,727500
6292692.124,727600
6292962.138,727700
6293251.288,727800
6293496.403,727900
6293778.993,728000
6294008.829,728100
6294206.709,728200
6294430.087,728300
6294686.949,728400
6294912.521,728500
6295223.706,728600
6295490.208,728700
6295730.241,728800
6296039.940,728900
6296328.519,729000
6296524.090,729100
6296767.118,729200
6297012.743,729300
6297297.741,729400
6297565.083,729500
6297840.418,729600
6298119.480,729700
6298403.269,729800
6298719.279,729900
6303236.877,730000
6303573.390,730100
6303848.955,730200
6304107.263,730300
6304335.612,730400
6304603.225,730500
6304887.308,730600
6305135.465,730700
6305396.909,730800
6305704.584,730900
6305966.438,731000
6306213.581,731100
6306427.270,731200
6306643.884,731300
6306900.849,731400
6307179.176,731500
6307473.288,731600
6307721.195,731700
6308008.273,731800
6308293.318,731900
6308511.861,732000
6308754.549,732100
6308983.763,732200
6309171.339,732300
6309370.099,732400
6309678.461,732500
6309984.013,732600
6310225.509,732700
6310496.956,732800
6310745.655,732900
6310991.037,733000
6311271.940,733100
6311467.778,733200
6311688.312,733300
6311907.248,733400
6312176.132,733500
6312443.365,733600
6312728.271,733700
6312961.452,733800
6313236.564,733900
6313533.823,734000
6313809.197,734100
6314129.984,734200
6314400.387,734300
6314597.924,734400
6314802.312,734500
6315042.372,734600
6315301.551,734700
6315580.213,734800
6315817.263,734900
6316141.309,735000
6316471.773,735100
6316783.765,735200
6317031.640,735300
6317289.239,735400
6317508.738,735500
6317746.145,735600
6318083.735,735700
6318349.208,735800
6318585.186,735900
6318941.559,736000
6319301.309,736100
6319627.814,736200
6319957.384,736300
6320283.424,736400
6320606.173,736500
6320923.811,736600
6321240.968,736700
6321560.036,736800
6321837.682,736900
6322123.183,737000
6322416.716,737100
6322727.410,737200
6322988.478,737300
6323209.532,737400
6323478.700,737500
6323732.172,737600
6323993.262,737700
6324294.845,737800
6324580.336,737900
6324811.610,738000
6325104.078,738100
6325411.662,738200
6325615.097,738300
6325844.259,738400
6326077.141,738500
6326350.318,738600
6326627.577,738700
6326920.554,738800
6327203.097,738900
6327495.192,739000
6327773.617,739100
6328071.425,739200
6328301.229,739300
6328482.780,739400
6328709.323,739500
6329003.878,739600
6329226.063,739700
6329503.653,739800
6329711.672,739900
6334006.327,740000
6334309.846,740100
6334531.121,740200
6334808.355,740300
6335073.827,740400
6335303.748,740500
6335603.532,740600
6335946.864,740700
6336260.036,740800
6336541.605,740900
6336832.518,741000
6337148.874,741100
6337468.001,741200
6337749.611,741300
6337995.480,741400
6338235.545,741500
6338461.447,741600
6338709.055,741700
6338990.943,741800
6339268.783,741900
6339503.268,742000
6339748.310,742100
6340038.031,742200
6340245.839,742300
6340517.970,742400
6340805.874,742500
6341118.945,742600
6341360.635,742700
6341634.322,742800
6341907.886,742900
6342140.460,743000
6342400.358,743100
6342679.599,743200
6342949.901,743300
6343188.182,743400
6343390.944,743500
6343599.719,743600
6343857.592,743700
6344169.805,743800
6344461.812,743900
6344720.126,744000
6344993.759,744100
6345283.669,744200
6345528.202,744300
6345716.286,744400
6345940.945,744500
6346192.494,744600
6346435.211,744700
6346729.775,744800
6347034.247,744900
6347357.190,745000
6347631.590,745100
6347872.936,745200
6348111.284,745300
6348349.023,745400
6348601.136,745500
6348911.309,745600
6349215.298,745700
6349536.273,745800
6349818.922,745900
6350080.831,746000
6350385.293,746100
6350591.470,746200
6350782.148,746300
6350999.977,746400
6351253.736,746500
6351485.816,746600
6351776.683,746700
6351986.984,746800
6352260.996,746900
6352569.535,747000
6352829.756,747100
6353078.503,747200
6353337.470,747300
6353559.939,747400
6353811.854,747500
6354083.606,747600
6354349.207,747700
6354611.956,747800
6354933.000,747900
6355238.247,748000
6355455.522,748100
6355750.170,748200
6355976.186,748300
6356148.480,748400
6356367.993,748500
6356651.320,748600
6356904.945,748700
6357223.370,748800
6357525.842,748900
6357817.501,749000
6358073.536,749100
6358370.618,749200
6358598.036,749300
6358861.338,749400
6359111.808,749500
6359375.862,749600
6359639.728,749700
6359972.576,749800
6360276.807,749900
6364653.269,750000
6364949.598,750100
6365223.253,750200
6365443.968,750300
6365708.031,750400
6365949.402,750500
6366184.828,750600
6366438.229,750700
6366733.679,750800
6366980.637,750900
6367269.141,751000
6367529.625,751100
6367741.491,751200
6368038.742,751300
6368292.461,751400
6368494.162,751500
6368756.324,751600
6368998.997,751700
6369278.601,751800
6369573.857,751900
6369815.965,752000
6370149.633,752100
6370435.252,752200
6370747.816,752300
6371079.583,752400
6371307.083,752500
6371501.002,752600
6371723.660,752700
6372034.346,752800
6372288.300,752900
6372587.151,753000
6372890.086,753100
6373197.747,753200
6373493.532,753300
6373805.357,753400
6374042.711,753500
6374246.810,753600
6374482.998,753700
6374741.363,753800
6375043.446,753900
6375366.749,754000
6375693.622,754100
6375965.929,754200
6376273.933,754300
6376573.445,754400
6376810.845,754500
6377024.078,754600
6377263.621,754700
6377498.290,754800
6377792.787,754900
6378084.127,755000
6378324.683,755100
6378625.537,755200
6378928.227,755300
6379234.422,755400
6379477.062,755500
6379700.485,755600
6379938.051,755700
6380183.182,755800
6380487.897,755900
6380810.608,756000
6381040.715,756100
6381291.490,756200
6381592.130,756300
6381850.251,756400
6382091.303,756500
6382335.490,756600
6382546.651,756700
6382795.084,756800
6383062.169,756900
6383299.026,757000
6383591.961,757100
6383778.150,757200
6384056.892,757300
6384329.632,757400
6384597.985,757500
6384860.394,757600
6385063.875,757700
6385268.350,757800
6385475.036,757900
6385688.758,758000
6385948.885,758100
6386187.372,758200
6386459.348,758300
6386734.131,758400
6387090.094,758500
6387396.080,758600
6387737.968,758700
6388005.858,758800
6388230.329,758900
6388477.288,759000
6388714.287,759100
6388993.236,759200
6389322.878,759300
6389646.577,759400
6389933.553,759500
6390203.272,759600
6390455.820,759700
6390716.071,759800
6390968.968,759900
6395341.243,760000
6395670.266,760100
6395971.885,760200
6396289.477,760300
6396610.369,760400
6396896.769,760500
6397213.683,760600
6397471.395,760700
6397735.739,760800
6398015.024,760900
6398284.600,761000
6398518.103,761100
6398787.725,761200
6399067.372,761300
6399354.584,761400
6399655.617,761500
6399926.364,761600
6400212.275,761700
6400542.895,761800
6400798.538,761900
6401052.086,762000
6401299.086,762100
6401633.926,762200
6401905.598,762300
6402176.052,762400
6402528.582,762500
6402813.109,762600
6403138.185,762700
6403403.304,762800
6403633.616,762900
6403938.455,763000
6404221.422,763100
6404548.359,763200
6404906.266,763300
6405263.756,763400
6405622.174,763500
6405974.600,763600
6406319.489,763700
6406677.217,763800
6407001.267,763900
6407308.645,764000
6407606.524,764100
6407929.358,764200
6408240.966,764300
6408569.407,764400
6408978.200,764500
6409374.915,764600
6409713.311,764700
6410084.176,764800
6410351.420,764900
6410651.763,765000
6410937.359,765100
6411241.589,765200
6411523.317,765300
6411864.743,765400
6412134.588,765500
6412445.536,765600
6412784.923,765700
6413078.806,765800
6413334.469,765900
6413624.838,766000
6413907.069,766100
6414212.124,766200
6414441.627,766300
6414667.262,766400
6414910.861,766500
6415152.220,766600
6415488.652,766700
6415864.289,766800
6416111.818,766900
6416358.839,767000
6416621.651,767100
6416896.859,767200
6417157.920,767300
6417412.535,767400
6417705.646,767500
6417988.244,767600
6418261.818,767700
6418569.015,767800
6418838.366,767900
6419094.884,768000
6419394.278,768100
6419710.377,768200
6420013.971,768300
6420286.739,768400
6420569.970,768500
6420828.494,768600
6421158.115,768700
6421479.392,768800
6421696.130,768900
6421917.203,769000
6422208.090,769100
6422599.981,769200
6422844.597,769300
6423126.159,769400
6423426.008,769500
6423745.058,769600
6423983.079,769700
6424252.692,769800
6424451.638,769900
6429159.654,770000
6429467.281,770100
6429712.621,770200
6429995.043,770300
6430295.574,770400
6430542.265,770500
6430858.276,770600
6431091.568,770700
6431301.234,770800
6431544.495,770900
6431731.658,771000
6431971.941,771100
6432323.691,771200
6432703.785,771300
6432970.374,771400
6433324.687,771500
6433627.034,771600
6433922.062,771700
6434239.268,771800
6434505.263,771900
6434745.648,772000
6434964.265,772100
6435182.760,772200
6435495.870,772300
6435734.613,772400
6436036.211,772500
6436332.744,772600
6436588.348,772700
6436856.207,772800
6437171.559,772900
6437420.919,773000
6437665.519,773100
6437900.479,773200
6438163.935,773300
6438417.947,773400
6438681.500,773500
6438916.907,773600
6439134.623,773700
6439402.322,773800
6439637.011,773900
6439877.384,774000
6440116.275,774100
6440325.618,774200
6440581.153,774300
6440895.713,774400
6441227.179,774500
6441549.352,774600
6441841.778,774700
6442128.399,774800
6442418.426,774900
6442698.949,775000
6442945.993,775100
6443160.624,775200
6443419.011,775300
6443655.743,775400
6443919.837,775500
6444192.951,775600
6444443.666,775700
6444719.480,775800
6444951.618,775900
6445207.369,776000
6445432.196,776100
6445615.304,776200
6445860.811,776300
6446111.769,776400
6446327.736,776500
6446559.317,776600
6446806.240,776700
6447053.558,776800
6447324.377,776900
6447584.615,777000
6447857.011,777100
6448137.018,777200
6448380.411,777300
6448658.628,777400
6448895.254,777500
6449168.776,777600
6449460.054,777700
6449742.729,777800
6450034.015,777900
6450318.656,778000
6450604.311,778100
6450933.417,778200
6451216.837,778300
6451464.190,778400
6451717.851,778500
6452026.532,778600
6452306.827,778700
6452574.414,778800
6452838.864,778900
6453082.042,779000
6453364.351,779100
6453631.003,779200
6453872.717,779300
6454114.204,779400
6454382.703,779500
6454643.345,779600
6454921.901,779700
6455195.043,779800
6455460.017,779900
6459849.304,780000
6460247.214,780100
6460563.321,780200
6460799.568,780300
6461050.343,780400
6461258.646,780500
6461520.397,780600
6461834.717,780700
6462123.692,780800
6462415.716,780900
6462714.527,781000
6462980.857,781100
6463264.054,781200
6463565.892,781300
6463810.971,781400
6464024.817,781500
6464291.502,781600
6464568.137,781700
6464836.511,781800
6465119.213,781900
6465363.242,782000
6465612.045,782100
6465840.921,782200
6466049.798,782300
6466299.699,782400
6466566.843,782500
6466790.630,782600
6467063.701,782700
6467345.657,782800
6467631.874,782900
6467929.174,783000
6468211.624,783100
6468458.668,783200
6468749.702,783300
6469057.282,783400
6469343.370,783500
6469621.258,783600
6469908.694,783700
6470197.177,783800
6470479.215,783900
6470762.040,784000
6471056.715,784100
6471293.632,784200
6471561.543,784300
6471846.739,784400
6472083.494,784500
6472321.715,784600
6472594.303,784700
6472903.149,784800
6473234.143,784900
6473560.203,785000
6473846.768,785100
6474161.401,785200
6474469.679,785300
6474782.154,785400
6475089.335,785500
6475399.247,785600
6475699.632,785700
6475999.820,785800
6476304.663,785900
6476626.870,786000
6476916.339,786100
6477254.540,786200
6477562.293,786300
6477860.301,786400
6478135.952,786500
6478398.471,786600
6478624.022,786700
6478892.607,786800
6479198.053,786900
6479507.202,787000
6479785.427,787100
6480094.864,787200
6480391.385,787300
6480679.043,787400
6480956.132,787500
6481211.538,787600
6481468.704,787700
6481720.057,787800
6481982.538,787900
6482252.662,788000
6482542.991,788100
6482825.026,788200
6483107.551,788300
6483402.330,788400
6483642.457,788500
6483884.702,788600
6484108.845,788700
6484345.653,788800
6484581.848,788900
6484852.659,789000
6485096.932,789100
6485344.428,789200
6485601.783,789300
6485863.572,789400
6486110.929,789500
6486344.641,789600
6486568.431,789700
6486817.913,789800
6487076.045,789900
6491779.250,790000
6492187.414,790100
6492485.375,790200
6492795.025,790300
6493101.166,790400
6493362.535,790500
6493641.070,790600
6493896.605,790700
6494151.117,790800
6494406.765,790900
6494668.973,791000
6494944.599,791100
6495226.966,791200
6495499.239,791300
6495796.313,791400
6496075.751,791500
6496354.241,791600
6496627.128,791700
6496877.079,791800
6497142.480,791900
6497408.581,792000
6497675.742,792100
6497974.193,792200
6498263.907,792300
6498550.937,792400
6498835.505,792500
6499124.766,792600
6499399.439,792700
6499684.558,792800
6499973.614,792900
6500264.103,793000
6500539.826,793100
6500859.389,793200
6501178.572,793300
6501453.147,793400
6501740.198,793500
6502026.420,793600
6502315.473,793700
6502606.659,793800
6502852.107,793900
6503131.848,794000
6503452.608,794100
6503727.210,794200
6504019.634,794300
6504320.546,794400
6504594.990,794500
6504847.376,794600
6505160.779,794700
6505425.888,794800
6505681.281,794900
6505936.887,795000
6506232.786,795100
6506517.001,795200
6506838.090,795300
6507182.405,795400
6507494.656,795500
6507836.141,795600
6508148.860,795700
6508456.466,795800
6508729.629,795900
6509025.138,796000
6509318.741,796100
6509608.659,796200
6509917.828,796300
6510212.807,796400
6510503.678,796500
6510803.553,796600
6511112.654,796700
6511439.371,796800
6511758.703,796900
6512067.688,797000
6512384.230,797100
6512707.056,797200
6512997.527,797300
6513289.285,797400
6513601.939,797500
6513868.221,797600
6514137.886,797700
6514398.440,797800
6514647.401,797900
6514900.968,798000
6515172.532,798100
6515482.302,798200
6515771.125,798300
6516062.805,798400
6516366.482,798500
6516692.896,798600
6517004.952,798700
6517279.494,798800
6517553.331,798900
6517813.659,799000
6518093.533,799100
6518365.188,799200
6518645.334,799300
6518916.234,799400
6519208.208,799500
6519524.030,799600
6519920.741,799700
6520247.601,799800
6520517.158,799900
6525441.172,800000
6525808.881,800100
6526103.382,800200
6526431.141,800300
6526750.216,800400
6527068.717,800500
6527384.911,800600
6527710.228,800700
6527993.337,800800
6528285.560,800900
6528558.303,801000
6528867.487,801100
6529190.598,801200
6529535.277,801300
6529849.611,801400
6530148.224,801500
6530477.066,801600
6530810.307,801700
6531095.290,801800
6531368.175,801900
6531648.476,802000
6531923.365,802100
6532246.591,802200
6532585.783,802300
6532857.006,802400
6533161.735,802500
6533469.242,802600
6533756.430,802700
6534032.159,802800
6534314.231,802900
6534605.294,803000
6534853.552,803100
6535165.508,803200
6535419.580,803300
6535713.399,803400
6536007.984,803500
6536293.950,803600
6536619.106,803700
6536950.497,803800
6537235.087,803900
6537497.357,804000
6537752.832,804100
6538017.305,804200
6538332.900,804300
6538625.971,804400
6538913.603,804500
6539268.516,804600
6539563.897,804700
6539860.524,804800
6540150.170,804900
6540441.669,805000
6540733.676,805100
6541054.954,805200
6541336.511,805300
6541666.024,805400
6541966.970,805500
6542277.274,805600
6542568.651,805700
6542881.542,805800
6543157.119,805900
6543418.171,806000
6543681.275,806100
6543936.402,806200
6544214.631,806300
6544547.644,806400
6544832.168,806500
6545128.691,806600
6545406.666,806700
6545746.301,806800
6546027.555,806900
6546295.074,807000
6546575.594,807100
6546852.921,807200
6547153.155,807300
6547467.569,807400
6547771.105,807500
6548051.455,807600
6548349.989,807700
6548615.665,807800
6548926.045,807900
6549187.927,808000
6549449.054,808100
6549740.655,808200
6549987.458,808300
6550296.117,808400
6550611.878,808500
6550909.434,808600
6551228.273,808700
6551543.770,808800
6551862.009,808900
6552148.704,809000
6552421.514,809100
6552746.827,809200
6553125.931,809300
6553508.663,809400
6553855.321,809500
6554162.825,809600
6554475.096,809700
6554839.364,809800
6555184.085,809900
6560143.235,810000
6560536.663,810100
6560876.771,810200
6561187.490,810300
6561527.339,810400
6561866.673,810500
6562180.312,810600
6562518.262,810700
6562846.193,810800
6563131.090,810900
6563458.089,811000
6563760.810,811100
6564059.316,811200
6564351.861,811300
6564643.406,811400
6564911.438,811500
6565234.940,811600
6565516.337,811700
6565840.621,811800
6566150.119,811900
6566468.045,812000
6566786.355,812100
6567076.053,812200
6567325.645,812300
6567628.157,812400
6567965.638,812500
6568270.579,812600
6568612.020,812700
6568956.298,812800
6569248.348,812900
6569589.992,813000
6569922.085,813100
6570235.088,813200
6570525.767,813300
6570833.200,813400
6571099.054,813500
6571457.527,813600
6571829.233,813700
6572141.502,813800
6572471.329,813900
6572812.218,814000
6573132.437,814100
6573406.157,814200
6573699.264,814300
6573972.611,814400
6574259.015,814500
6574596.042,814600
6574891.048,814700
6575203.763,814800
6575536.106,814900
6575869.703,815000
6576161.765,815100
6576474.375,815200
6576740.470,815300
6576998.289,815400
6577294.235,815500
6577593.745,815600
6577916.211,815700
6578272.079,815800
6578559.909,815900
6578845.559,816000
6579153.035,816100
6579460.739,816200
6579732.449,816300
6580013.081,816400
6580251.274,816500
6580520.299,816600
6580839.485,816700
6581138.045,816800
6581409.733,816900
6581675.039,817000
6581941.017,817100
6582232.708,817200
6582496.070,817300
6582753.445,817400
6582979.982,817500
6583238.454,817600
6583517.514,817700
6583781.741,817800
6584085.558,817900
6584369.073,818000
6584629.740,818100
6584930.839,818200
6585226.699,818300
6585495.995,818400
6585754.860,818500
6586010.039,818600
6586289.427,818700
6586594.035,818800
6586895.593,818900
6587184.515,819000
6587508.535,819100
6587835.177,819200
6588113.996,819300
6588432.322,819400
6588722.551,819500
6588952.776,819600
6589224.124,819700
6589561.042,819800
6589850.750,819900
6595149.410,820000
6595570.423,820100
6595944.773,820200
6596267.633,820300
6596565.300,820400
6596855.681,820500
6597142.451,820600
6597433.853,820700
6597768.630,820800
6598070.868,820900
6598348.791,821000
6598595.628,821100
6598860.852,821200
6599120.412,821300
6599402.284,821400
6599649.886,821500
6599891.630,821600
6600151.501,821700
6600415.598,821800
6600703.653,821900
6600961.581,822000
6601226.112,822100
6601486.816,822200
6601753.910,822300
6602028.889,822400
6602330.891,822500
6602598.683,822600
6602856.901,822700
6603107.068,822800
6603354.808,822900
6603609.246,823000
6603890.102,823100
6604152.074,823200
6604463.813,823300
6604773.380,823400
6605077.987,823500
6605380.429,823600
6605610.939,823700
6605862.174,823800
6606119.076,823900
6606420.269,824000
6606760.466,824100
6607056.354,824200
6607363.443,824300
6607695.780,824400
6607981.139,824500
6608267.726,824600
6608586.984,824700
6608899.466,824800
6609181.896,824900
6609481.476,825000
6609801.251,825100
6610111.159,825200
6610396.322,825300
6610716.491,825400
6611023.967,825500
6611337.379,825600
6611559.113,825700
6611785.333,825800
6612067.689,825900
6612331.260,826000
6612635.286,826100
6612933.031,826200
6613216.473,826300
6613506.096,826400
6613799.248,826500
6614069.720,826600
6614327.212,826700
6614595.616,826800
6614906.733,826900
6615174.237,827000
6615473.049,827100
6615804.829,827200
6616189.176,827300
6616560.328,827400
6616852.351,827500
6617155.859,827600
6617418.692,827700
6617675.210,827800
6617928.207,827900
6618224.639,828000
6618507.018,828100
6618835.141,828200
6619144.244,828300
6619462.974,828400
6619760.137,828500
6620033.733,828600
6620311.880,828700
6620554.192,828800
6620839.226,828900
6621140.910,829000
6621467.082,829100
6621773.467,829200
6622110.427,829300
6622382.965,829400
6622675.277,829500
6622997.509,829600
6623300.906,829700
6623636.617,829800
6623975.716,829900
6629139.446,830000
6629523.164,830100
6629874.035,830200
6630214.784,830300
6630497.292,830400
6630818.854,830500
6631095.097,830600
6631423.340,830700
6631756.462,830800
6632086.076,830900
6632403.500,831000
6632720.521,831100
6633055.900,831200
6633371.383,831300
6633651.103,831400
6633953.432,831500
6634272.901,831600
6634564.464,831700
6634866.100,831800
6635150.148,831900
6635460.548,832000
6635775.783,832100
6636112.502,832200
6636463.916,832300
6636780.491,832400
6637190.956,832500
6637553.210,832600
6637885.829,832700
6638219.789,832800
6638545.246,832900
6638835.115,833000
6639152.538,833100
6639516.156,833200
6639874.862,833300
6640208.494,833400
6640545.151,833500
6640855.095,833600
6641141.505,833700
6641442.183,833800
6641746.304,833900
6642061.640,834000
6642386.458,834100
6642701.951,834200
6643082.324,834300
6643449.573,834400
6643796.275,834500
6644159.141,834600
6644524.883,834700
6644878.875,834800
6645218.559,834900
6645569.649,835000
6645897.512,835100
6646224.193,835200
6646555.157,835300
6646882.252,835400
6647181.236,835500
6647515.161,835600
6647828.698,835700
6648129.402,835800
6648464.395,835900
6648799.219,836000
6649123.239,836100
6649492.907,836200
6649819.139,836300
6650139.616,836400
6650407.701,836500
6650724.927,836600
6651032.310,836700
6651341.886,836800
6651622.331,836900
6651900.677,837000
6652164.459,837100
6652404.195,837200
6652715.794,837300
6653018.790,837400
6653346.316,837500
6653679.855,837600
6654021.986,837700
6654378.496,837800
6654717.638,837900
6655030.837,838000
6655301.466,838100
6655586.042,838200
6655882.840,838300
6656162.702,838400
6656461.128,838500
6656740.574,838600
6657030.632,838700
6657307.763,838800
6657594.155,838900
6657852.347,839000
6658130.030,839100
6658385.292,839200
6658650.434,839300
6658929.006,839400
6659189.475,839500
6659459.546,839600
6659724.362,839700
6659989.385,839800
6660269.826,839900
6666261.480,840000
6666610.783,840100
6666895.903,840200
6667186.805,840300
6667470.322,840400
6667683.412,840500
6667917.268,840600
6668218.088,840700
6668520.376,840800
6668830.140,840900
6669145.986,841000
6669456.567,841100
6669741.833,841200
6670041.092,841300
6670366.819,841400
6670670.377,841500
6670977.864,841600
6671298.990,841700
6671580.043,841800
6671899.601,841900
6672209.142,842000
6672468.501,842100
6672725.309,842200
6673006.492,842300
6673323.426,842400
6673639.092,842500
6673942.328,842600
6674225.059,842700
6674490.152,842800
6674753.033,842900
6674967.793,843000
6675246.612,843100
6675520.444,843200
6675824.385,843300
6676126.749,843400
6676447.301,843500
6676748.963,843600
6677045.192,843700
6677336.211,843800
6677621.426,843900
6677913.871,844000
6678220.825,844100
6678492.034,844200
6678757.605,844300
6679058.530,844400
6679388.256,844500
6679716.415,844600
6679992.306,844700
6680265.486,844800
6680515.932,844900
6680799.022,845000
6681028.175,845100
6681264.932,845200
6681497.532,845300
6681773.246,845400
6682052.043,845500
6682344.270,845600
6682569.180,845700
6682855.923,845800
6683139.288,845900
6683391.938,846000
6683646.023,846100
6683898.183,846200
6684136.512,846300
6684415.769,846400
6684655.647,846500
6684942.969,846600
6685217.382,846700
6685484.208,846800
6685761.108,846900
6686027.250,847000
6686303.908,847100
6686573.421,847200
6686803.789,847300
6687077.981,847400
6687372.602,847500
6687661.640,847600
6687954.264,847700
6688210.154,847800
6688444.653,847900
6688705.296,848000
6689008.208,848100
6689313.692,848200
6689577.766,848300
6689887.523,848400
6690174.563,848500
6690455.896,848600
6690728.185,848700
6691022.853,848800
6691300.700,848900
6691591.211,849000
6691861.686,849100
6692151.189,849200
6692439.914,849300
6692767.605,849400
6693071.970,849500
6693370.161,849600
6693752.871,849700
6694063.229,849800
6694391.725,849900
6700021.473,850000
6700416.507,850100
6700748.712,850200
6701115.884,850300
6701444.257,850400
6701748.921,850500
6702094.844,850600
6702394.682,850700
6702717.854,850800
6703058.284,850900
6703439.914,851000
6703835.250,851100
6704145.786,851200
6704468.430,851300
6704759.147,851400
6705082.289,851500
6705372.087,851600
6705665.759,851700
6705958.485,851800
6706268.938,851900
6706511.610,852000
6706795.076,852100
6707104.315,852200
6707417.729,852300
6707755.872,852400
6708095.359,852500
6708378.104,852600
6708713.891,852700
6709068.600,852800
6709381.550,852900
6709677.906,853000
6709956.844,853100
6710207.502,853200
6710468.200,853300
6710756.079,853400
6710997.695,853500
6711268.706,853600
6711519.055,853700
6711827.562,853800
6712104.138,853900
6712398.620,854000
6712765.251,854100
6713139.452,854200
6713420.536,854300
6713672.915,854400
6713950.137,854500
6714240.346,854600
6714520.958,854700
6714798.744,854800
6715106.311,854900
6715405.321,855000
6715726.764,855100
6716035.061,855200
6716323.987,855300
6716613.232,855400
6716906.291,855500
6717227.035,855600
6717556.338,855700
6717897.252,855800
6718184.449,855900
6718494.317,856000
6718792.276,856100
6719040.479,856200
6719306.388,856300
6719610.218,856400
6719942.279,856500
6720263.778,856600
6720552.758,856700
6720846.246,856800
6721102.983,856900
6721372.205,857000
6721652.671,857100
6721880.941,857200
6722123.381,857300
6722362.571,857400
6722638.742,857500
6722897.066,857600
6723177.066,857700
6723448.158,857800
6723707.664,857900
6723955.082,858000
6724193.738,858100
6724469.242,858200
6724720.992,858300
6724966.843,858400
6725225.029,858500
6725514.616,858600
6725796.949,858700
6726037.081,858800
6726313.577,858900
6726613.529,859000
6726905.482,859100
6727209.055,859200
6727456.802,859300
6727706.977,859400
6727944.351,859500
6728203.297,859600
6728426.034,859700
6728670.480,859800
6728957.802,859900
6734318.796,860000
6734689.179,860100
6734986.341,860200
6735241.628,860300
6735488.808,860400
6735718.928,860500
6735992.399,860600
6736269.057,860700
6736578.526,860800
6736890.043,860900
6737189.862,861000
6737509.167,861100
6737837.241,861200
6738105.107,861300
6738384.818,861400
6738661.901,861500
6738975.538,861600
6739249.702,861700
6739535.225,861800
6739828.761,861900
6740149.629,862000
6740454.665,862100
6740799.230,862200
6741069.164,862300
6741345.052,862400
6741603.576,862500
6741943.308,862600
6742250.838,862700
6742517.257,862800
6742828.212,862900
6743153.560,863000
6743471.006,863100
6743728.188,863200
6744017.861,863300
6744279.787,863400
6744565.308,863500
6744862.488,863600
6745166.356,863700
6745428.124,863800
6745712.649,863900
6746012.044,864000
6746302.595,864100
6746581.605,864200
6746836.217,864300
6747096.093,864400
6747356.358,864500
6747630.299,864600
6747905.404,864700
6748191.372,864800
6748476.017,864900
6748750.832,865000
6749028.448,865100
6749305.759,865200
6749570.412,865300
6749820.719,865400
6750077.735,865500
6750369.512,865600
6750654.397,865700
6750944.469,865800
6751221.237,865900
6751495.593,866000
6751773.973,866100
6752078.913,866200
6752344.949,866300
6752623.441,866400
6752886.818,866500
6753137.035,866600
6753393.742,866700
6753652.701,866800
6753927.406,866900
6754175.214,867000
6754496.116,867100
6754758.160,867200
6755036.845,867300
6755326.363,867400
6755624.742,867500
6755885.985,867600
6756138.095,867700
6756417.351,867800
6756704.994,867900
6757047.143,868000
6757328.102,868100
6757622.916,868200
6757934.602,868300
6758192.706,868400
6758494.093,868500
6758772.706,868600
6759052.849,868700
6759335.996,868800
6759658.093,868900
6759973.158,869000
6760326.721,869100
6760659.253,869200
6760951.914,869300
6761260.228,869400
6761596.726,869500
6761887.053,869600
6762165.220,869700
6762480.943,869800
6762866.416,869900
6768515.033,870000
6768941.171,870100
6769336.344,870200
6769705.299,870300
6770058.702,870400
6770380.362,870500
6770685.104,870600
6770988.805,870700
6771296.537,870800
6771601.889,870900
6771869.416,871000
6772183.789,871100
6772468.839,871200
6772790.092,871300
6773203.820,871400
6773543.707,871500
6773902.200,871600
6774232.214,871700
6774555.036,871800
6774863.168,871900
6775212.824,872000
6775527.764,872100
6775846.983,872200
6776154.469,872300
6776449.107,872400
6776769.425,872500
6777080.161,872600
6777394.177,872700
6777672.707,872800
6777991.745,872900
6778361.977,873000
6778687.465,873100
6779018.702,873200
6779345.583,873300
6779705.512,873400
6780060.220,873500
6780405.678,873600
6780722.274,873700
6781088.305,873800
6781411.138,873900
6781743.487,874000
6782105.398,874100
6782449.990,874200
6782757.871,874300
6783058.647,874400
6783388.310,874500
6783682.813,874600
6783982.949,874700
6784288.026,874800
6784600.175,874900
6784934.363,875000
6785293.814,875100
6785622.330,875200
6785946.986,875300
6786278.973,875400
6786616.778,875500
6786942.423,875600
6787272.493,875700
6787581.222,875800
6787883.402,875900
6788180.531,876000
6788524.843,876100
6788858.743,876200
6789150.018,876300
6789462.648,876400
6789787.801,876500
6790101.754,876600
6790422.068,876700
6790739.286,876800
6791010.266,876900
6791322.770,877000
6791627.713,877100
6791937.577,877200
6792242.967,877300
6792530.583,877400
6792825.820,877500
6793121.891,877600
6793422.103,877700
6793691.219,877800
6793972.008,877900
6794244.008,878000
6794530.206,878100
6794859.407,878200
6795189.582,878300
6795496.909,878400
6795767.770,878500
6796038.327,878600
6796359.914,878700
6796620.016,878800
6796901.371,878900
6797163.950,879000
6797463.771,879100
6797747.707,879200
6798293.873,879300
6798677.877,879400
6799011.737,879500
6799331.817,879600
6799658.721,879700
6799961.299,879800
6800256.284,879900
6806552.075,880000
6807003.996,880100
6807342.004,880200
6807721.445,880300
6808067.038,880400
6808378.832,880500
6808709.669,880600
6809040.274,880700
6809349.909,880800
6809631.656,880900
6809941.934,881000
6810259.550,881100
6810571.182,881200
6810868.610,881300
6811160.534,881400
6811432.899,881500
6811743.406,881600
6812071.326,881700
6812328.519,881800
6812605.379,881900
6812865.235,882000
6813233.644,882100
6813585.477,882200
6813938.348,882300
6814257.872,882400
6814555.707,882500
6814875.182,882600
6815159.162,882700
6815446.924,882800
6815687.527,882900
6815970.417,883000
6816249.902,883100
6816558.109,883200
6816856.643,883300
6817186.828,883400
6817494.784,883500
6817764.194,883600
6818053.619,883700
6818358.829,883800
6818622.287,883900
6818870.644,884000
6819127.348,884100
6819406.130,884200
6819798.070,884300
6820090.293,884400
6820391.476,884500
6820657.712,884600
6820922.336,884700
6821267.196,884800
6821522.836,884900
6821752.312,885000
6821980.728,885100
6822271.384,885200
6822587.690,885300
6822889.442,885400
6823261.079,885500
6823619.917,885600
6823939.039,885700
6824299.029,885800
6824654.078,885900
6824933.628,886000
6825274.699,886100
6825601.008,886200
6825957.159,886300
6826307.370,886400
6826675.271,886500
6827015.631,886600
6827405.730,886700
6827777.393,886800
6828108.408,886900
6828421.258,887000
6828727.673,887100
6829046.185,887200
6829369.787,887300
6829696.438,887400
6829985.336,887500
6830268.430,887600
6830577.229,887700
6830867.225,887800
6831122.308,887900
6831400.842,888000
6831697.505,888100
6832021.043,888200
6832324.953,888300
6832637.681,888400
6832915.774,888500
6833228.054,888600
6833570.757,888700
6833864.633,888800
6834142.988,888900
6834404.834,889000
6834631.204,889100
6834896.429,889200
6835218.113,889300
6835494.756,889400
6835748.925,889500
6836057.275,889600
6836362.342,889700
6836651.329,889800
6836971.344,889900
6842634.143,890000
6842936.335,890100
6843193.761,890200
6843492.867,890300
6843784.607,890400
6844070.902,890500
6844346.195,890600
6844622.143,890700
6844929.928,890800
6845184.131,890900
6845467.236,891000
6845714.356,891100
6845992.675,891200
6846236.869,891300
6846578.220,891400
6846805.507,891500
6847091.398,891600
6847390.690,891700
6847641.075,891800
6847929.447,891900
6848213.521,892000
6848447.731,892100
6848690.752,892200
6848909.404,892300
6849187.477,892400
6849435.367,892500
6849720.559,892600
6850004.716,892700
6850274.298,892800
6850545.989,892900
6850818.010,893000
6851133.055,893100
6851366.935,893200
6851642.009,893300
6851926.273,893400
6852218.031,893500
6852531.130,893600
6852854.198,893700
6853148.085,893800
6853422.613,893900
6853711.426,894000
6853997.125,894100
6854252.913,894200
6854614.522,894300
6854938.117,894400
6855234.999,894500
6855558.178,894600
6855871.413,894700
6856193.726,894800
6856491.962,894900
6856825.651,895000
6857058.197,895100
6857292.705,895200
6857526.015,895300
6857792.618,895400
6858053.891,895500
6858393.475,895600
6858732.198,895700
6859051.364,895800
6859406.798,895900
6859759.737,896000
6860055.269,896100
6860345.528,896200
6860597.554,896300
6860858.126,896400
6861143.890,896500
6861487.298,896600
6861828.146,896700
6862095.825,896800
6862409.955,896900
6862709.258,897000
6863040.052,897100
6863314.157,897200
6863540.469,897300
6863808.131,897400
6864098.207,897500
6864382.873,897600
6864704.169,897700
6865014.795,897800
6865359.550,897900
6865641.053,898000
6865928.827,898100
6866204.055,898200
6866420.401,898300
6866674.196,898400
6866971.487,898500
6867215.899,898600
6867552.956,898700
6867848.897,898800
6868101.159,898900
6868387.229,899000
6868686.506,899100
6868984.972,899200
6869224.602,899300
6869507.154,899400
6869817.803,899500
6870119.386,899600
6870452.684,899700
6870747.089,899800
6871033.854,899900
6876592.061,900000
6876999.352,900100
6877265.954,900200
6877528.409,900300
6877790.302,900400
6878051.268,900500
6878361.971,900600
6878674.264,900700
6878990.384,900800
6879299.387,900900
6879624.576,901000
6879927.690,901100
6880230.255,901200
6880462.314,901300
6880719.364,901400
6880944.463,901500
6881265.021,901600
6881595.810,901700
6881900.021,901800
6882229.689,901900
6882536.421,902000
6882862.324,902100
6883122.731,902200
6883428.798,902300
6883709.075,902400
6884071.685,902500
6884436.722,902600
6884747.630,902700
6885038.771,902800
6885360.598,902900
6885697.612,903000
6885961.696,903100
6886212.043,903200
6886401.418,903300
6886652.722,903400
6886971.156,903500
6887317.758,903600
6887607.192,903700
6887901.673,903800
6888222.201,903900
6888482.760,904000
6888703.872,904100
6888931.586,904200
6889148.021,904300
6889378.427,904400
6889669.447,904500
6889960.728,904600
6890275.396,904700
6890559.444,904800
6890844.388,904900
6891155.358,905000
6891478.952,905100
6891738.845,905200
6892015.423,905300
6892264.720,905400
6892560.933,905500
6892869.026,905600
6893102.483,905700
6893379.407,905800
6893703.504,905900
6893994.496,906000
6894286.221,906100
6894537.982,906200
6894827.681,906300
6895056.510,906400
6895307.792,906500
6895599.781,906600
6895853.156,906700
6896177.337,906800
6896465.678,906900
6896717.654,907000
6896979.973,907100
6897237.849,907200
6897482.081,907300
6897734.698,907400
6898023.075,907500
6898288.080,907600
6898624.993,907700
6898902.870,907800
6899211.707,907900
6899507.247,908000
6899780.298,908100
6900088.867,908200
6900333.438,908300
6900546.054,908400
6900767.962,908500
6901012.222,908600
6901263.243,908700
6901565.927,908800
6901843.432,908900
6902119.188,909000
6902419.606,909100
6902729.896,909200
6903082.157,909300
6903348.498,909400
6903618.399,909500
6903928.123,909600
6904192.901,909700
6904471.430,909800
6904747.869,909900
6910104.333,910000
6910490.174,910100
6910787.080,910200
6911063.480,910300
6911309.137,910400
6911546.998,910500
6911797.343,910600
6912084.800,910700
6912363.240,910800
6912641.913,910900
6912921.187,911000
6913200.754,911100
6913472.705,911200
6913765.332,911300
6914021.799,911400
6914243.914,911500
6914479.280,911600
6914773.495,911700
6915026.527,911800
6915270.872,911900
6915568.926,912000
6915804.351,912100
6916076.666,912200
6916344.161,912300
6916590.881,912400
6916833.943,912500
6917081.865,912600
6917316.376,912700
6917576.717,912800
6917815.658,912900
6918103.457,913000
6918428.353,913100
6918708.226,913200
6919014.304,913300
6919305.793,913400
6919534.667,913500
6919756.134,913600
6919996.961,913700
6920276.035,913800
6920535.072,913900
6920795.946,914000
6921054.601,914100
6921298.842,914200
6921572.259,914300
6921866.863,914400
6922165.758,914500
6922414.995,914600
6922654.969,914700
6922891.642,914800
6923200.014,914900
6923471.988,915000
6923738.280,915100
6924032.802,915200
6924292.528,915300
6924561.155,915400
6924824.716,915500
6925048.433,915600
6925311.014,915700
6925553.717,915800
6925802.271,915900
6926061.245,916000
6926339.597,916100
6926580.105,916200
6926854.393,916300
6927163.233,916400
6927444.101,916500
6927683.626,916600
6927944.898,916700
6928182.612,916800
6928422.264,916900
6928716.788,917000
6928980.240,917100
6929243.127,917200
6929560.288,917300
6929866.487,917400
6930188.504,917500
6930535.351,917600
6930831.818,917700
6931120.754,917800
6931364.550,917900
6931690.678,918000
6932021.836,918100
6932307.078,918200
6932628.927,918300
6932919.601,918400
6933247.286,918500
6933535.400,918600
6933749.616,918700
6934033.905,918800
6934277.233,918900
6934504.730,919000
6934757.066,919100
6934977.667,919200
6935254.837,919300
6935545.178,919400
6935758.037,919500
6936061.301,919600
6936280.727,919700
6936484.203,919800
6936744.748,919900
6942180.997,920000
6942461.231,920100
6942764.670,920200
6943031.527,920300
6943298.059,920400
6943569.336,920500
6943834.561,920600
6944045.462,920700
6944273.866,920800
6944497.238,920900
6944759.295,921000
6945053.541,921100
6945275.392,921200
6945545.457,921300
6945835.654,921400
6946102.143,921500
6946355.936,921600
6946640.949,921700
6946914.680,921800
6947125.639,921900
6947377.363,922000
6947686.912,922100
6947969.486,922200
6948275.705,922300
6948584.480,922400
6948843.765,922500
6949154.419,922600
6949460.974,922700
6949726.240,922800
6949957.588,922900
6950235.015,923000
6950518.642,923100
6950785.995,923200
6951049.826,923300
6951316.846,923400
6951581.046,923500
6951875.371,923600
6952186.122,923700
6952490.379,923800
6952718.646,923900
6952967.794,924000
6953323.085,924100
6953671.248,924200
6953951.311,924300
6954257.754,924400
6954574.616,924500
6954904.727,924600
6955179.762,924700
6955442.331,924800
6955687.537,924900
6955933.318,925000
6956227.522,925100
6956533.063,925200
6956776.637,925300
6957063.964,925400
6957307.194,925500
6957594.301,925600
6957843.370,925700
6958092.765,925800
6958316.886,925900
6958577.741,926000
6958902.214,926100
6959218.048,926200
6959493.157,926300
6959789.611,926400
6960089.248,926500
6960403.228,926600
6960617.445,926700
6960841.405,926800
6961067.750,926900
6961295.245,927000
6961556.342,927100
6961864.610,927200
6962118.438,927300
6962358.203,927400
6962616.070,927500
6962902.557,927600
6963129.630,927700
6963392.214,927800
6963627.644,927900
6963916.709,928000
6964148.243,928100
6964449.911,928200
6964708.233,928300
6964968.418,928400
6965253.251,928500
6965527.660,928600
6965739.711,928700
6965980.781,928800
6966214.041,928900
6966467.003,929000
6966711.443,929100
6966981.061,929200
6967227.754,929300
6967453.809,929400
6967686.384,929500
6967903.475,929600
6968134.685,929700
6968382.146,929800
6968582.475,929900
6973810.038,930000
6974137.066,930100
6974489.448,930200
6974805.134,930300
6975059.023,930400
6975300.379,930500
6975564.115,930600
6975817.305,930700
6976052.738,930800
6976328.295,930900
6976571.088,931000
6976865.877,931100
6977164.354,931200
6977423.238,931300
6977670.138,931400
6977948.914,931500
6978216.800,931600
6978424.158,931700
6978678.068,931800
6978933.098,931900
6979167.881,932000
6979438.710,932100
6979739.491,932200
6980038.710,932300
6980326.081,932400
6980607.635,932500
6980920.255,932600
6981160.524,932700
6981385.088,932800
6981641.565,932900
6981880.942,933000
6982118.911,933100
6982381.995,933200
6982687.477,933300
6982914.433,933400
6983142.795,933500
6983432.239,933600
6983705.158,933700
6983984.112,933800
6984269.600,933900
6984517.482,934000
6984814.351,934100
6985079.219,934200
6985392.795,934300
6985691.102,934400
6985939.359,934500
6986245.175,934600
6986511.242,934700
6986840.684,934800
6987125.494,934900
6987384.303,935000
6987682.061,935100
6988079.283,935200
6988403.713,935300
6988626.588,935400
6988867.400,935500
6989064.998,935600
6989272.779,935700
6989511.849,935800
6989718.933,935900
6989981.904,936000
6990249.026,936100
6990450.901,936200
6990689.035,936300
6990936.622,936400
6991166.439,936500
6991389.341,936600
6991567.518,936700
6991756.094,936800
6991967.214,936900
6992172.671,937000
6992371.775,937100
6992602.194,937200
6992826.558,937300
6993010.031,937400
6993257.974,937500
6993514.760,937600
6993769.800,937700
6993974.900,937800
6994201.530,937900
6994482.083,938000
6994730.049,938100
6994990.504,938200
6995235.969,938300
6995466.938,938400
6995771.800,938500
6996020.048,938600
6996287.524,938700
6996537.679,938800
6996745.002,938900
6997008.456,939000
6997285.999,939100
6997566.074,939200
6997843.829,939300
6998068.899,939400
6998333.258,939500
6998570.370,939600
6998833.412,939700
6999083.456,939800
6999311.395,939900
7004264.448,940000
7004620.622,940100
7004902.588,940200
7005159.038,940300
7005428.827,940400
7005712.487,940500
7006028.477,940600
7006275.050,940700
7006508.600,940800
7006789.800,940900
7007101.586,941000
7007393.969,941100
7007655.430,941200
7007882.831,941300
7008153.554,941400
7008451.982,941500
7008660.881,941600
7008881.667,941700
7009097.495,941800
7009329.476,941900
7009581.022,942000
7009829.024,942100
7010088.090,942200
7010286.842,942300
7010542.166,942400
7010781.856,942500
7011013.919,942600
7011233.503,942700
7011439.480,942800
7011683.887,942900
7011973.065,943000
7012250.117,943100
7012490.837,943200
7012770.304,943300
7013040.713,943400
7013269.200,943500
7013546.404,943600
7013805.352,943700
7014017.570,943800
7014250.052,943900
7014501.641,944000
7014775.135,944100
7015030.320,944200
7015267.724,944300
7015523.921,944400
7015803.668,944500
7016066.641,944600
7016288.868,944700
7016516.149,944800
7016734.490,944900
7017006.192,945000
7017257.889,945100
7017506.484,945200
7017768.030,945300
7018033.468,945400
7018277.056,945500
7018530.469,945600
7018759.739,945700
7018968.017,945800
7019174.131,945900
7019482.655,946000
7019756.589,946100
7020005.760,946200
7020314.785,946300
7020571.231,946400
7020842.646,946500
7021079.705,946600
7021300.525,946700
7021520.841,946800
7021789.930,946900
7022017.541,947000
7022306.970,947100
7022572.823,947200
7022803.689,947300
7023105.725,947400
7023406.954,947500
7023697.080,947600
7023951.800,947700
7024209.770,947800
7024506.418,947900
7024791.596,948000
7025118.981,948100
7025446.964,948200
7025686.900,948300
7026037.091,948400
7026311.708,948500
7026560.583,948600
7026818.027,948700
7027020.687,948800
7027235.346,948900
7027484.249,949000
7027761.166,949100
7028012.253,949200
7028285.915,949300
7028514.244,949400
7028767.360,949500
7029050.713,949600
7029299.951,949700
7029524.155,949800
7029776.157,949900
7034503.451,950000
7034796.487,950100
7035049.518,950200
7035342.142,950300
7035618.931,950400
7035886.727,950500
7036147.292,950600
7036385.384,950700
7036609.649,950800
7036838.110,950900
7037088.027,951000
7037310.123,951100
7037609.580,951200
7037886.401,951300
7038116.066,951400
7038382.327,951500
7038654.493,951600
7038899.801,951700
7039152.529,951800
7039394.587,951900
7039654.870,952000
7039952.443,952100
7040287.956,952200
7040618.309,952300
7040894.350,952400
7041184.263,952500
7041475.708,952600
7041759.229,952700
7042034.503,952800
7042309.991,952900
7042600.808,953000
7042852.636,953100
7043129.122,953200
7043415.750,953300
7043690.759,953400
7043943.272,953500
7044226.643,953600
7044458.293,953700
7044712.482,953800
7045000.732,953900
7045246.658,954000
7045507.302,954100
7045784.385,954200
7046023.484,954300
7046274.490,954400
7046517.270,954500
7046744.656,954600
7046945.439,954700
7047180.897,954800
7047443.111,954900
7047679.178,955000
7047905.962,955100
7048148.806,955200
7048398.870,955300
7048658.193,955400
7048910.123,955500
7049141.383,955600
7049373.229,955700
7049602.100,955800
7049862.665,955900
7050166.907,956000
7050439.277,956100
7050708.244,956200
7051012.758,956300
7051313.224,956400
7051569.213,956500
7051835.619,956600
7052084.066,956700
7052309.113,956800
7052553.686,956900
7052857.028,957000
7053135.328,957100
7053392.101,957200
7053660.683,957300
7053937.772,957400
7054227.439,957500
7054478.830,957600
7054699.018,957700
7054932.603,957800
7055182.226,957900
7055417.183,958000
7055715.563,958100
7056009.180,958200
7056298.872,958300
7056584.372,958400
7056869.843,958500
7057094.839,958600
7057297.282,958700
7057543.591,958800
7057770.593,958900
7058063.729,959000
7058354.143,959100
7058649.845,959200
7058925.130,959300
7059143.391,959400
7059442.298,959500
7059671.050,959600
7059899.390,959700
7060145.490,959800
7060410.467,959900
7065545.416,960000
7065867.266,960100
7066160.342,960200
7066465.908,960300
7066822.652,960400
7067277.027,960500
7067613.844,960600
7067911.738,960700
7068239.874,960800
7068580.974,960900
7068882.960,961000
7069206.354,961100
7069535.427,961200
7069838.886,961300
7070154.008,961400
7070438.635,961500
7070719.853,961600
7070976.016,961700
7071252.685,961800
7071516.714,961900
7071808.419,962000
7072117.476,962100
7072405.193,962200
7072676.399,962300
7072961.201,962400
7073255.888,962500
7073506.384,962600
7073748.660,962700
7073998.863,962800
7074243.814,962900
7074537.246,963000
7074813.181,963100
7075124.804,963200
7075440.545,963300
7075803.675,963400
7076172.632,963500
7076434.178,963600
7076718.937,963700
7077013.074,963800
7077314.524,963900
7077604.625,964000
7077925.311,964100
7078200.461,964200
7078464.556,964300
7078770.819,964400
7079086.567,964500
7079337.827,964600
7079565.833,964700
7079827.070,964800
7080094.371,964900
7080374.006,965000
7080696.372,965100
7081020.453,965200
7081317.699,965300
7081619.515,965400
7081934.190,965500
7082234.513,965600
7082500.440,965700
7082732.178,965800
7082981.261,965900
7083272.812,966000
7083512.730,966100
7083814.276,966200
7084108.964,966300
7084391.791,966400
7084650.181,966500
7084929.873,966600
7085165.639,966700
7085392.889,966800
7085656.531,966900
7085924.469,967000
7086189.036,967100
7086470.753,967200
7086736.299,967300
7087028.270,967400
7087319.035,967500
7087606.319,967600
7087857.053,967700
7088126.586,967800
7088380.750,967900
7088658.751,968000
7088964.203,968100
7089303.881,968200
7089602.979,968300
7089894.486,968400
7090159.970,968500
7090480.229,968600
7090737.418,968700
