timestamp_ms,read_bytes,written_bytes
0,638976,876544
5002,1380352,4281061376
10005,1957888,15177404416
15005,1957888,15177404416
20005,1957888,15177404416
25005,139100160,15177404416
30004,541667328,15177404416
35005,1078419456,15177404416
40004,2151813120,15177404416
45005,3225665536,16252846080
50005,4432691200,16252846080
55005,5914304512,16255795200
60001,7125643264,17182797824
65005,8589422592,17182797824
70005,9877012480,18634317824
75005,11314515968,18880208896
80005,12394315776,19652612096
85004,13659066368,19852685312
90004,14871027712,19852685312
95005,17016061952,21935456256
100004,19025698816,22132088832
105000,20418093056,22132588544
110005,21442772992,23166525440
115004,22832287744,23166525440
120003,24552022016,24695099392
125005,26397036544,24992251904
130005,27523604480,25781493760
135005,29084246016,26019385344
140005,30738456576,26019385344
145004,32874594304,27981500416
150005,35710640128,28861714432
155005,37291409408,29443506176
160005,39274012672,30803980288
165005,41135804416,30803980288
170004,43093794816,32332361728
175005,45971255296,33279991808
180005,48111726592,33621647360
185004,50093641728,35085316096
190005,52167888896,35299889152
195005,54195511296,35478241280
200001,56911966208,37642813440
205005,60478406656,38451310592
210005,62286127104,39666036736
215005,64827101184,39666036736
220002,66521595904,39753089024
225005,69915848704,41992093696
230005,73375170560,42656452608
235005,76161056768,42983481344
240005,78264553472,44575072256
245005,81596837888,45209702400
250005,84042108928,45209702400
255001,86262448128,46502871040
260005,88810541056,46992211968
265004,91733114880,47345360896
270004,94256099328,49171091456
275004,98045816832,50627547136
280005,102130806784,50937561088
285005,105543077888,50937561088
290005,108271726592,52438847488
295005,111759302656,52899786752
300005,114945982464,53271027712
305005,117384388608,55100985344
310004,121615515648,56485793792
315001,125649305600,56913235968
320005,129008496640,56913235968
325003,131835760640,58344325120
330004,134659506176,58738774016
335005,138045259776,58738774016
340005,141237936128,58738774016
345003,144325165056,60944904192
350005,148637962240,61690998784
355005,152476803072,61690998784
360002,155550355456,61823979520
365003,157982629888,63250599936
370005,160990478336,63250599936
375005,163805134848,63250599936
380005,166249402368,64613060608
385005,169442193408,65299152896
390004,172985225216,65299152896
395005,176082149376,65299152896
400005,179075022848,67038326784
405000,183029723136,68157558784
410005,186625638400,68636278784
415004,190253793280,68636278784
420005,193907224576,68636278784
425003,196462002176,70380085248
430001,200755458048,70706118656
435001,204846501888,70706118656
440000,208124825600,70706118656
445010,210762616832,72108945408
450000,214221037568,72666890240
455009,217483362304,72963903488
460000,220419969024,72963903488
465000,223209861120,74634596352
470010,227617001472,76130951168
475010,232841601024,77061062656
480009,237726531584,77061062656
485007,241423540224,77061062656
490000,244256772096,78340608000
495009,248472158208,78985420800
500009,252594663424,79340077056
505002,255561605120,79340077056
510010,258308374528,80806461440
515009,263180320768,82303848448
520000,267693006848,82883809280
525006,271877914624,82883809280
530010,276035153920,82883809280
535000,279307415552,82883809280
540000,282236993536,83109564416
545001,285754331136,84778631168
550001,289066254336,85203410944
555010,292054167552,85321814016
560004,295383482368,85321814016
565004,298924404736,85321814016
570010,301379092480,87368577024
575008,306034823168,88903696384
580010,311318228992,89997529088
585004,316080148480,89997529088
590000,320188612608,89997529088
595002,324041453568,89997529088
600000,327438958592,89997529088
605009,330553438208,91905474560
610010,334238908416,92404039680
615010,338062041088,92645068800
620010,341293223936,92645068800
625000,345012736000,92645068800
630010,347900493824,92645068800
635010,350918848512,94841192448
640000,355858251776,96163475456
645000,360469745664,96422330368
650010,364729049088,96422330368
655000,369033461760,96422330368
660000,372132364288,96422330368
665000,375399886848,97609576448
670010,379213328384,98501816320
675000,382488096768,98896011264
680010,386552721408,99149938688
685001,389717671936,99149938688
690000,392732393472,99149938688
695000,395190648832,100710289408
700010,399555747840,102227804160
705010,404488900608,103707541504
710010,409485443072,104126418944
715010,413921251328,104126418944
720010,418163159040,104126418944
725008,421587808256,104126418944
730010,425227493376,104458129408
735007,428512157696,106421075968
740010,431810527232,106864300032
745006,435973804032,107171921920
750010,439812710400,107171921920
755010,443815047168,107171921920
760010,446720585728,107171921920
765010,449296883712,109155164160
770010,454356463616,110616461312
775009,458998870016,111488114688
780010,463840190464,111937941504
785005,467601940480,111937941504
790010,470946754560,111937941504
795010,474223603712,111937941504
800003,476727279616,113369296896
805004,481032228864,114155315200
810010,484480258048,114551005184
815010,487672741888,114678001664
820007,491608215552,114678001664
825004,494301622272,114678001664
830010,497681997824,114678001664
835010,500396826624,115733991424
840001,504349466624,117274783744
845010,508335955968,117579227136
850000,512542334976,117579227136
855010,516610232320,117579227136
860010,520445288448,117579227136
865008,524366155776,117579227136
870003,528079163392,117579227136
875010,531298783232,117579227136
880003,533997772800,118836432896
885009,537895882752,119497617408
890010,541819232256,119591923712
895010,545773625344,119591923712
900010,549870788608,119591923712
905010,553426325504,119591923712
910010,556810280960,119591923712
915010,560516231168,119591923712
920006,563958206464,120887508992
925008,567407771648,121399078912
930010,571774001152,121399078912
935006,576167264256,121399078912
940000,580833517568,121399078912
945007,585142042624,121399078912
950010,589490622464,121399078912
955000,592676417536,121399078912
960010,596448710656,121399078912
965005,599171395584,122669465600
970010,602917142528,123431055360
975010,607012786176,123431055360
980010,610775257088,123431055360
985010,614611734528,123431055360
990007,617819160576,123431055360
995010,620968370176,123431055360
1000000,623706697728,123431055360
1005010,625996943360,125311270912
1010010,629449379840,125760491520
1015010,633442623488,125760491520
1020010,637472165888,125760491520
1025004,641243041792,125760491520
1030010,645367644160,125760491520
1035010,648671629312,125760491520
1040008,652708446208,125760491520
1045000,655441129472,127509135360
1050008,658832654336,128101941248
1055010,662477107200,128490889216
1060010,666339737600,128490889216
1065010,669917724672,128490889216
1070003,674180313088,128490889216
1075010,676823306240,128490889216
1080001,679809318912,128490889216
1085007,682578886656,130429784064
1090008,686882955264,131012583424
1095010,690278789120,131012583424
1100003,693961117696,131012583424
1105002,697816760320,131012583424
1110010,703325020160,131012583424
1115005,707153920000,131012583424
1120004,711009767424,131012583424
1125010,714596896768,131012583424
1130010,717102239744,132679356416
1135010,721054908416,133406842880
1140010,724382277632,133808537600
1145000,728529432576,133828071424
1150007,731637805056,133828071424
1155010,734834520064,133828071424
1160007,738087878656,133828071424
1165010,741444263936,133828071424
1170002,744255344640,134059892736
1175010,748163452928,136571731968
1180010,752190713856,136908099584
1185010,756189474816,136908099584
1190010,760761303040,136908099584
1195005,764534050816,136908099584
1200010,767985135616,136908099584
1205006,771198566400,136908099584
1210008,774788886528,136908099584
1215001,779031138304,136908099584
1220010,781833658368,138968858624
1225010,785711325184,139761078272
1230007,789412343808,140133523456
1235002,794221355008,140254932992
1240010,797869899776,140254932992
1245010,801261412352,140254932992
1250010,804833771520,140254932992
1255005,809007452160,140254932992
1260010,811758411776,142259007488
1265009,817237385216,143988957184
1270000,822161068032,144238579712
1275010,826357534720,144238579712
1280010,830479798272,144238579712
1285010,834877149184,144238579712
1290010,838778683392,144238579712
1295010,842507964416,144238579712
1300010,846267375616,144238579712
1305005,848631136256,145712877568
1310010,852362190848,146228559872
1315005,856149323776,146607321088
1320008,861046472704,146699366400
1325010,864377958400,146699366400
1330010,867746013184,146699366400
1335007,871607156736,146699366400
1340000,874935099392,146699366400
1345000,878069809152,146699366400
1350004,881150803968,146699366400
1355010,883906506752,147567517696
1360010,887611883520,149051617280
1365010,891750752256,149631758336
1370009,896673714176,149631758336
1375010,900313894912,149631758336
1380001,903859306496,149631758336
1385004,907976101888,149631758336
1390000,913253507072,149631758336
1395010,917397164032,149631758336
1400010,921571016704,149631758336
1405003,926139854848,149631758336
1410010,930596610048,149631758336
1415010,935763910656,149631758336
1420010,941150855168,149631758336
1425004,945447997440,149631758336
1430010,949244440576,149631758336
1435010,952648364032,151772655616
1440010,957711831040,153356513280
1445002,961950375936,153785593856
1450003,967822589952,154182950912
1455009,973301116928,154419834880
1460010,977876934656,154419834880
1465009,983120072704,154419834880
1470010,988587540480,154419834880
1475009,994188726272,154419834880
1480010,999248162816,154419834880
1485010,1004695183360,154419834880
1490009,1010436653056,154419834880
1495010,1015360245760,154419834880
1500010,1020243304448,154419834880
1505010,1024565473280,154419834880
1510010,1027080790016,155933569024
1515009,1030928175104,156022267904
1520010,1035762769920,156022267904
1525010,1040091029504,156022267904
1530010,1044775149568,156022267904
1535010,1048759693312,156022267904
1540010,1052776579072,156022267904
1545010,1056330895360,156022267904
1550009,1059170889728,157921054720
1555004,1064133144576,158938636288
1560009,1069005123584,159307341824
1565010,1073139171328,159307341824
1570010,1077672656896,159307341824
1575010,1081682587648,159307341824
1580010,1085862424576,159307341824
1585010,1089558790144,159307341824
1590010,1092248858624,161024212992
1595000,1096945627136,161782788096
1600010,1101965967360,161808125952
1605010,1106554015744,161808125952
1610010,1111041961984,161808125952
1615010,1115278757888,161808125952
1620010,1118535098368,161808125952
1625008,1122949156864,161808125952
1630010,1126903128064,161808125952
1635010,1130147430400,161808125952
1640001,1133710512128,161808125952
1645010,1136989777920,163838078976
1650010,1141293563904,165351378944
1655010,1145691951104,165508460544
1660010,1150334902272,165508460544
1665010,1154744700928,165508460544
1670010,1158435581952,165508460544
1675005,1162287575040,165508460544
1680010,1165850136576,165508460544
1685010,1169804066816,165508460544
1690010,1174540029952,165508460544
1695000,1177531867136,165794598912
1700010,1181337067520,167931699200
1705004,1185978417152,168061423616
1710007,1190090268672,168061423616
1715010,1195270213632,168061423616
1720009,1199086796800,168061423616
1725001,1203003768832,168061423616
1730008,1207217049600,168061423616
1735005,1211073445888,168061423616
1740005,1215207034880,168061423616
1745008,1218654474240,168061423616
1750010,1221532688384,169467891712
1755002,1226642513920,171027628032
1760010,1231352135680,172238614528
1765010,1235789074432,172554776576
1770007,1240458043392,172554776576
1775010,1245094432768,172554776576
1780007,1249687511040,172554776576
1785010,1253266972672,172554776576
1790003,1256549015552,174201061376
1795010,1261993431040,174936174592
1800007,1266773241856,174956036096
1805010,1272343793664,174956036096
1810010,1276698804224,174956036096
1815010,1281631256576,174956036096
1820002,1285410709504,174956036096
1825007,1288917880832,177236049920
1830007,1294210756608,178384953344
1835010,1298576523264,178625773568
1840010,1303511154688,178625773568
1845000,1307584049152,178625773568
1850010,1311272558592,178625773568
1855010,1315611115520,178625773568
1860007,1318571253760,180157677568
1865005,1323043549184,181200330752
1870008,1327646683136,181529518080
1875000,1332939001856,181529518080
1880010,1337986629632,181529518080
1885010,1342267613184,181529518080
1890010,1346874699776,181529518080
1895010,1351533309952,181529518080
1900001,1354984738816,181617475584
1905010,1358484344832,184170065920
1910005,1363027161088,185543696384
1915009,1368046276608,185822998528
1920010,1372546449408,185822998528
1925010,1377048764416,185822998528
1930004,1380840071168,185822998528
1935008,1384820846592,185822998528
1940010,1388439650304,185822998528
1945009,1392014155776,185822998528
1950010,1395189358592,187816816640
1955010,1399612198912,188269555712
1960010,1404337709056,188269555712
1965009,1408375943168,188269555712
1970010,1413012221952,188269555712
1975010,1417732648960,188269555712
1980010,1422050426880,188269555712
1985010,1425215463424,188269555712
1990010,1428819968000,188269555712
1995010,1432575868928,188269555712
2000010,1436441341952,190752624640
2005007,1440832835584,191647072256
2010010,1444469186560,191647072256
2015010,1449781157888,191647072256
2020010,1454192164864,191647072256
2025010,1458492809216,191647072256
2030010,1462642044928,191647072256
2035010,1465801445376,193546752000
2040010,1470778126336,194275078144
2045010,1475014115328,194275078144
2050010,1479553540096,194275078144
2055001,1484023947264,194275078144
2060010,1488608358400,194275078144
2065010,1491955892224,196124721152
2070002,1496541990912,197687341056
2075009,1501302919168,198293467136
2080009,1506194018304,198293467136
2085010,1510334267392,198293467136
2090010,1514857553920,198293467136
2095010,1518302355456,199166963712
2100010,1523414269952,200605032448
2105010,1528277016576,201327120384
2110010,1533299810304,201327120384
2115009,1538291499008,201327120384
2120010,1543059652608,201327120384
2125005,1547449450496,201327120384
2130004,1552528240640,201327120384
2135001,1555934482432,203792957440
2140010,1560542834688,205174579200
2145010,1564954284032,205330624512
2150010,1569871175680,205330624512
2155010,1574774747136,205330624512
2160007,1579638415360,205330624512
2165007,1584295313408,205330624512
2170010,1587450449920,206637514752
2175010,1591906361344,207421526016
2180010,1597530828800,207916290048
2185007,1602607812608,207916290048
2190004,1607066943488,207916290048
2195010,1611635417088,207916290048
2200002,1616608448512,207916290048
2205010,1619906011136,209797767168
2210010,1624513699840,211347787776
2215009,1629297926144,211921281024
2220009,1634298511360,211921281024
2225010,1638711504896,211921281024
2230004,1642930577408,211921281024
2235010,1647988498432,211921281024
2240000,1651802214400,212136124416
2245001,1655215005696,214204354560
2250010,1660024664064,214808768512
2255010,1665519239168,214808768512
2260010,1670433370112,214808768512
2265010,1676207558656,214808768512
2270010,1680624791552,214808768512
2275002,1684929417216,214808768512
2280010,1690458079232,214808768512
2285010,1693798219776,216926683136
2290010,1698281185280,218364502016
2295010,1703396069376,218582806528
2300009,1708187316224,218582806528
2305008,1713648451584,218582806528
2310010,1717815201792,218582806528
2315010,1722632249344,218582806528
2320010,1727388631040,218582806528
2325010,1730656219136,220444131328
2330009,1735422894080,221351522304
2335007,1740215541760,221407989760
2340010,1745376751616,221407989760
2345010,1750589579264,221407989760
2350010,1755297120256,221407989760
2355010,1759473078272,221407989760
2360010,1763748782080,221407989760
2365010,1768363794432,221407989760
2370010,1773342416896,221407989760
2375001,1777009078272,223722516480
2380010,1781737668608,224991174656
2385010,1786166784000,225189265408
2390009,1790457786368,225189265408
2395010,1795283558400,225189265408
2400010,1800490496000,225189265408
2405001,1804649005056,225189265408
2410010,1808549482496,225189265408
2415009,1813668339712,225189265408
2420001,1817401053184,227483086848
2425006,1822455132160,228278497280
2430010,1827137040384,229005725696
2435008,1832385540096,229005725696
2440010,1837537136640,229005725696
2445010,1843185070080,229005725696
2450010,1847803703296,229005725696
2455002,1852546666496,229005725696
2460010,1857794056192,229005725696
2465000,1861558923264,229358510080
2470003,1865909280768,231691751424
2475008,1870460096512,232299663360
2480006,1875233742848,232299663360
2485010,1880205160448,232299663360
2490009,1884315373568,232299663360
2495010,1888901120000,232299663360
2500001,1893807968256,232299663360
2505002,1897756639232,232299663360
2510010,1901171220480,234362593280
2515010,1905833033728,235214884864
2520009,1911239557120,235375824896
2525008,1916536684544,235375824896
2530006,1921770614784,235375824896
2535000,1926183223296,235375824896
2540003,1930621526016,235375824896
2545010,1935221993472,235375824896
2550010,1939059703808,237113626624
2555010,1943766921216,238687543296
2560010,1948683206656,239483191296
2565001,1954151514112,239483191296
2570010,1958742794240,239483191296
2575007,1963845709824,239483191296
2580010,1968803516416,239483191296
2585010,1973642493952,239483191296
2590010,1977281310720,241408450560
2595001,1982333698048,242191007744
2600001,1988000817152,242933334016
2605010,1993473875968,243330666496
2610008,1998601379840,243330666496
2615002,2003547717632,243330666496
2620009,2008106782720,243330666496
2625008,2012577013760,243330666496
2630010,2016142729216,245325058048
2635002,2021098881024,246836076544
2640010,2026026418176,247126061056
2645010,2031419244544,247126061056
2650000,2035897192448,247126061056
2655010,2040467349504,247126061056
2660009,2044863029248,247126061056
2665010,2049726386176,247126061056
2670006,2053768404992,247126061056
2675001,2056818176000,248750981120
2680010,2061228818432,249651347456
2685010,2066438107136,250199855104
2690010,2073425494016,250199855104
2695009,2080432357376,250199855104
2700008,2085841604608,250199855104
2705000,2091572269056,250199855104
2710010,2096967311360,250199855104
2715007,2101527834624,250199855104
2720004,2105234952192,251704647680
2725009,2110491492352,253163008000
2730010,2114955202560,253756108800
2735009,2119603433472,253756108800
2740010,2124591575040,253756108800
2745003,2129951956992,253756108800
2750008,2134808780800,253756108800
2755010,2139136737280,253756108800
2760010,2143757512704,253756108800
2765006,2146675265536,255655526400
2770010,2151110119424,256480186368
2775010,2156030763008,257301655552
2780010,2160490762240,257485189120
2785010,2165853216768,257485189120
2790010,2170101096448,257485189120
2795010,2174833008640,257485189120
2800010,2179555758080,257485189120
2805010,2184779563008,257485189120
2810001,2189136449536,257485189120
2815007,2192528445440,259796414464
2820006,2197256060928,260951859200
2825010,2201920053248,261317287936
2830009,2206822572032,261317287936
2835010,2211299987456,261317287936
2840010,2216136278016,261317287936
2845010,2220562317312,261317287936
2850005,2224191696896,261317287936
2855010,2228438851584,261317287936
2860010,2231735492608,262783471616
2865010,2236912013312,263793594368
2870010,2241835462656,264436482048
2875010,2247363088384,264436482048
2880000,2252766760960,264436482048
2885010,2257449639936,264436482048
2890004,2261872738304,264436482048
2895010,2266164215808,264436482048
2900010,2270871769088,264436482048
2905010,2275579768832,264436482048
2910004,2278924455936,264814997504
2915010,2283000639488,267136405504
2920010,2287595880448,268215312384
2925010,2291970404352,268306079744
2930010,2296953536512,268306079744
2935009,2301197643776,268306079744
2940010,2305896259584,268306079744
2945010,2310787063808,268306079744
2950000,2314658742272,268306079744
2955004,2319653838848,268306079744
2960010,2323709345792,268306079744
2965010,2326683414528,269920677888
2970010,2330978721792,270904549376
2975007,2336049680384,271741218816
2980006,2341069856768,272355565568
2985010,2346247671808,272355565568
2990006,2351811538944,272355565568
2995008,2356674945024,272355565568
3000010,2361175711744,272355565568
3005010,2366200483840,272355565568
3010010,2370182803456,272355565568
3015010,2374483464192,272355565568
3020010,2378300985344,273796771840
3025010,2383893417984,275328999424
3030008,2389109186560,276407812096
3035010,2393978851328,276729372672
3040004,2398257811456,276729372672
3045006,2402342375424,276729372672
3050002,2407916081152,276729372672
3055010,2412287610880,276729372672
3060010,2416616382464,276729372672
3065010,2421342412800,276729372672
3070010,2424769093632,278023544832
3075010,2429050261504,279075573760
3080010,2433740578816,279834095616
3085009,2438712090624,279834095616
3090010,2444281683968,279834095616
3095010,2449288241152,279834095616
3100010,2453763981312,279834095616
3105010,2458147536896,279834095616
3110010,2462714429440,279834095616
3115009,2467643990016,279834095616
3120010,2472175882240,279834095616
3125003,2476224593920,280072691712
3130010,2480382541824,282568110080
3135001,2485541957632,283558412288
3140010,2491938856960,284309307392
3145010,2496623316992,284429488128
3150010,2502459494400,284429488128
3155010,2507477032960,284429488128
3160010,2511991840768,284429488128
3165008,2516625076224,284429488128
3170010,2521481175040,284429488128
3175001,2524154601472,286231629824
3180008,2528739803136,287027830784
3185010,2533312561152,287545286656
3190004,2538277371904,287545286656
3195010,2543446454272,287545286656
3200003,2548808273920,287545286656
3205010,2552949194752,287545286656
3210010,2558143528960,287545286656
3215010,2562927177728,287545286656
3220010,2567876288512,287545286656
3225008,2571241185280,288024662016
3230010,2575877459968,290537771008
3235010,2580679409664,291728523264
3240005,2585623248896,291865083904
3245010,2590187032576,291865083904
3250005,2594328117248,291865083904
3255010,2598389698560,291865083904
3260007,2602872283136,291865083904
3265010,2607240953856,291865083904
3270007,2610144845824,291865083904
3275011,2614215315456,292016513024
3280008,2618062741504,294125084672
3285010,2623103160320,294965534720
3290010,2627926220800,295216656384
3295010,2632579993600,295216656384
3300010,2637272322048,295216656384
3305000,2642385444864,295216656384
3310008,2646760562688,295216656384
3315005,2650823819264,295216656384
3320010,2655420002304,295216656384
3325002,2660238127104,295235424256
3330010,2663976017920,297826947072
3335010,2668671463424,299157635072
3340010,2672941719552,299780685824
3345006,2677940793344,300192038912
3350010,2682340450304,300192038912
3355008,2686514409472,300192038912
3360000,2691694219264,300192038912
3365010,2695316066304,300192038912
3370010,2698989314048,300192038912
3375010,2702915235840,300192038912
3380010,2706844495872,300192038912
3385010,2711401684992,300192038912
3390001,2715122872320,302453403648
3395010,2719974354944,303265288192
3400007,2725283954688,304051466240
3405007,2730110214144,304051466240
3410004,2734968762368,304051466240
3415008,2739965751296,304051466240
3420008,2745093627904,304051466240
3425010,2749067632640,304051466240
3430010,2753115897856,304051466240
3435000,2758284877824,304051466240
3440000,2762492563456,304051466240
3445009,2766122434560,306640220160
3450010,2771163869184,308171284480
3455010,2776537411584,308770594816
3460010,2781544529920,308770594816
3465010,2786886365184,308770594816
3470009,2791333289984,308770594816
3475010,2795681370112,308770594816
3480010,2800753180672,308770594816
3485006,2805226217472,308770594816
3490006,2809466597376,308770594816
3495001,2813426638848,310812016640
3500009,2818420305920,311589933056
3505010,2823317245952,311771959296
3510010,2828304076800,311771959296
3515007,2833921843200,311771959296
3520010,2838904680448,311771959296
3525000,2843082432512,311771959296
3530010,2846985883648,311771959296
3535008,2851310657536,311771959296
3540004,2856473796608,311771959296
3545007,2859646664704,313865494528
3550006,2864291528704,315458068480
3555007,2868868509696,316672495616
3560007,2873799561216,317200605184
3565010,2878075834368,317200605184
3570001,2883370717184,317200605184
3575010,2887272636416,317200605184
3580010,2891160915968,317200605184
3585001,2895077720064,317200605184
3590010,2899273506816,317200605184
3595010,2904169447424,317200605184
3600010,2907100831744,319153864704
3605005,2911636172800,320057552896
3610002,2916546842624,320708808704
3615009,2921239629824,320708808704
3620001,2926077173760,320708808704
3625003,2931217649664,320708808704
3630008,2935737446400,320708808704
3635007,2940348825600,320708808704
3640004,2944098279424,320708808704
3645006,2948519206912,320708808704
3650010,2952231563264,320708808704
3655010,2956361928704,320708808704
3660010,2960756596736,320708808704
3665010,2963858223104,322613383168
3670007,2968348131328,324154159104
3675010,2972955365376,325179068416
3680010,2977303166976,325179068416
3685010,2982164000768,325179068416
3690000,2986841665536,325179068416
3695010,2992164818944,325179068416
3700001,2997064847360,325179068416
3705010,3001268150272,325179068416
3710010,3005235236864,325179068416
3715010,3009820831744,325179068416
3720010,3012886753280,325179068416
3725010,3016119308288,325179068416
3730008,3019575242752,325179068416
3735006,3023714525184,325179133952
3740002,3027187875840,327370510336
3745010,3031973138432,328217022464
3750010,3036958887936,328379150336
3755010,3041976332288,328379150336
3760004,3046048514048,328379150336
3765000,3050446917632,328379150336
3770010,3055013310464,328379150336
3775005,3060049223680,328379150336
3780000,3064950464512,328379150336
3785010,3068470169600,328379150336
3790010,3071945076736,328379150336
3795000,3075801575424,328379150336
3800007,3079955820544,328379150336
3805010,3084118048768,328388182016
3810010,3087723450368,331083599872
3815007,3092441124864,332595081216
3820001,3097675689984,333446721536
3825010,3102418112512,333823647744
3830007,3106920861696,333823647744
3835010,3110896308224,333823647744
3840010,3115209285632,333823647744
3845010,3119077265408,333823647744
3850010,3123212791808,333823647744
3855010,3127796490240,333823647744
3860007,3132197302272,333823647744
3865010,3135718526976,333823647744
3870010,3138936508416,333823647744
3875010,3142259367936,333823647744
3880007,3145511440384,333823647744
3885010,3149227737088,333823647744
3890004,3152543961088,334130241536
3895010,3156654768128,336546361344
3900010,3161165586432,337381863424
3905010,3166152331264,337430822912
3910002,3171091558400,337430822912
3915010,3175031955456,337430822912
3920010,3178516443136,337430822912
3925002,3182204018688,337430822912
3930010,3185606885376,337430822912
3935010,3188989341696,337430822912
3940010,3193108533248,337430822912
3945010,3197515132928,337430822912
3950010,3201604235264,337430822912
3955003,3205621981184,337430822912
3960009,3209917947904,337430822912
3965000,3214027726848,337430822912
3970009,3217421983744,337430822912
3975010,3220845350912,337430822912
3980010,3224102686720,337430822912
3985010,3228049883136,337430822912
3990010,3232098451456,337430822912
3995010,3234998812672,337430822912
4000010,3238438191104,339079520256
4005004,3243555934208,340692922368
4010000,3248798113792,342101008384
4015010,3253559050240,342572969984
4020006,3257627607040,342572969984
4025010,3261562023936,342572969984
4030006,3265978187776,342572969984
4035005,3270436634624,342572969984
4040007,3275539013632,342572969984
4045010,3279622578176,342572969984
4050009,3282949521408,342572969984
4055010,3286855118848,342572969984
4060001,3290987773952,342572969984
4065009,3294639153152,342572969984
4070010,3298617753600,342572969984
4075010,3301761748992,343462699008
4080001,3306357661696,345121591296
4085010,3311337467904,345965182976
4090010,3316730347520,346047979520
4095009,3321981751296,346047979520
4100005,3327609696256,346047979520
4105010,3332072583168,346047979520
4110010,3336646651904,346047979520
4115010,3340868300800,346047979520
4120001,3345341640704,346047979520
4125010,3350093766656,346047979520
4130010,3355117428736,346047979520
4135010,3357998927872,346047979520
4140010,3362503196672,346047979520
4145004,3366417780736,346047979520
4150006,3370356645888,346212773888
4155010,3374234345472,348763381760
4160010,3379768786944,350136426496
4165001,3384906096640,350942523392
4170010,3389555580928,351158407168
4175006,3394465001472,351158407168
4180010,3398934089728,351158407168
4185010,3403323183104,351158407168
4190005,3408010686464,351158407168
4195010,3413277016064,351158407168
4200006,3417351462912,351158407168
4205010,3421391474688,351158407168
4210010,3425120919552,351158407168
4215010,3428602380288,351158407168
4220010,3432186040320,351158407168
4225002,3436412559360,351158407168
4230007,3439785832448,351437991936
4235000,3444351954944,353952718848
4240010,3449705541632,354793000960
4245010,3455038717952,354903089152
4250004,3459991777280,354903089152
4255010,3463731818496,354903089152
4260009,3468097200128,354903089152
4265010,3472760811520,354903089152
4270007,3477237047296,354903089152
4275010,3482114154496,354903089152
4280010,3486307090432,354903089152
4285004,3490261041152,354903089152
4290002,3495219224576,354903089152
4295010,3499925331968,354903089152
4300010,3504606818304,354903089152
4305000,3508630978560,355127246848
4310010,3512771190784,357824217088
4315007,3517799985152,359332884480
4320005,3523421171712,360523235328
4325010,3529044377600,360523235328
4330010,3533699723264,360523235328
4335006,3538685591552,360523235328
4340000,3543713222656,360523235328
4345005,3548862386176,360523235328
4350010,3553139544064,360523235328
4355010,3557590319104,360523235328
4360010,3562325069824,360523235328
4365010,3567070363648,360523202560
4370007,3571248029696,360523235328
4375010,3574366367744,361914327040
4380001,3578776883200,362150207488
4385007,3583448383488,362150207488
4390010,3588643250176,362150207488
4395010,3593752481792,362150207488
4400000,3597975703552,362150207488
4405005,3601986580480,362150207488
4410010,3606845874176,362150207488
4415010,3611827228672,362150207488
4420010,3617293430784,362150207488
4425005,3622045995008,362150207488
4430010,3626367541248,362150207488
4435002,3630118879232,364326019072
4440010,3635836854272,366338101248
4445010,3641824821248,368023236608
4450009,3647880110080,368719073280
4455007,3652959801344,368719073280
4460005,3659072925696,368719073280
4465010,3663670022144,368719073280
4470010,3668295651328,368719073280
4475006,3673035939840,368719073280
4480005,3677611130880,368719073280
4485010,3681519468544,368719073280
4490010,3685418479616,368719073280
4495010,3690254004224,368719073280
4500010,3695263789056,368719073280
4505010,3700316913664,368719073280
4510002,3704947474432,368719073280
4515010,3708686643200,368719073280
4520010,3712890597376,368719073280
4525004,3716551397376,370237906944
4530010,3721105760256,371004248064
4535010,3724953878528,371004248064
4540010,3729815105536,371004248064
4545005,3735373049856,371004248064
4550010,3740293091328,371004248064
4555010,3745655627776,371004248064
4560006,3750628765696,371004248064
4565007,3755849617408,371004248064
4570009,3760172969984,371004248064
4575010,3765278478336,371004248064
4580010,3770301964288,371004248064
4585003,3776310255616,371004248064
4590009,3780668669952,371004248064
4595005,3784782872576,371004248064
4600010,3788896952320,371004248064
4605010,3792394211328,372687654912
4610010,3797707182080,373963051008
4615010,3802596700160,374733586432
4620008,3807386906624,375466582016
4625010,3812349652992,375510712320
4630000,3817352544256,375510712320
4635010,3821408636928,375510712320
4640010,3826209054720,375510712320
4645010,3830778728448,375510712320
4650010,3835185287168,375510712320
4655010,3839521562624,375510712320
4660000,3844878802944,375510712320
4665010,3849819385856,375510712320
4670001,3853741469696,375510712320
4675006,3858403086336,375510712320
4680003,3861722349568,376843161600
4685009,3866174001152,377112293376
4690010,3870731460608,377112293376
4695006,3876018106368,377112293376
4700001,3880574435328,377112293376
4705006,3885205348352,377112293376
4710003,3889640300544,377112293376
4715010,3894632742912,377112293376
4720001,3899450159104,377112293376
4725007,3903572418560,377112293376
4730010,3907355193344,377112293376
4735010,3911801204736,377112293376
4740009,3914635067392,378865881088
4745010,3920129818624,380852191232
4750010,3925941018624,382743117824
4755000,3932039323648,384308793344
4760004,3938014224384,385224740864
4765006,3943629664256,385285865472
4770010,3948746260480,385285865472
4775010,3954434146304,385285865472
4780010,3958482771968,385285865472
4785010,3963483009024,385285865472
4790005,3968468807680,385285865472
4795010,3972402765824,385285865472
4800003,3977047613440,385285865472
4805010,3981340581888,385285865472
4810000,3985767895040,385525870592
4815010,3989508427776,387802546176
4820008,3994267873280,387974156288
4825010,3999794274304,387974156288
4830009,4004863475712,387974156288
4835010,4010090172416,387974156288
4840010,4015437344768,387974156288
4845000,4020609261568,387974156288
4850002,4025829470208,387974156288
4855003,4029971279872,387974156288
4860002,4034007453696,387974156288
4865000,4037186342912,387974156288
4870010,4040696479744,387974156288
4875008,4044464537600,387974156288
4880010,4047992770560,387974156288
4885010,4051654242304,387974156288
4890000,4055023325184,388131213312
4895001,4058574520320,390026170368
4900005,4062792421376,390026170368
4905010,4067311718400,390026170368
4910007,4072253194240,390026170368
4915010,4076818919424,390026170368
4920010,4081467584512,390026170368
4925002,4086557532160,390026170368
4930007,4091585011712,390026170368
4935010,4096519438336,390026170368
4940005,4100848513024,390026170368
4945010,4105433464832,390026170368
4950010,4110100373504,390026170368
4955000,4114443247616,390234034176
4960001,4119540084736,392686538752
4965003,4124870656000,393845932032
4970010,4130913841152,394812108800
4975006,4136057528320,395174670336
4980009,4141980389376,395174670336
4985005,4147981488128,395174670336
4990009,4153311440896,395174670336
4995007,4158476972032,395174670336
5000010,4163895414784,395174670336
5005010,4169500708864,395174670336
5010007,4174172880896,395174670336
5015007,4179179941888,395174670336
5020000,4183229509632,396578058240
5025010,4188217683968,397636698112
5030008,4193161736192,397877972992
5035010,4198917763072,397877972992
5040010,4204141625344,397877972992
5045010,4209523699712,397877972992
5050010,4214857105408,397877972992
5055010,4219739627520,397877972992
5060010,4224122187776,397877972992
5065001,4228522635264,397877972992
5070010,4232975134720,397877972992
5075009,4237428781056,397877972992
5080001,4241984761856,397877972992
5085008,4246587142144,397877972992
5090010,4249788440576,399433592832
5095008,4254342799360,400590217216
5100010,4259221516288,400720138240
5105003,4263418093568,400720138240
5110010,4267893383168,400720138240
5115010,4272237101056,400720138240
5120010,4276844384256,400720138240
5125008,4281706811392,400720138240
5130008,4286619447296,400720138240
5135005,4291135053824,400720138240
5140000,4295648894976,400720138240
5145010,4300034658304,400720138240
5150010,4304626737152,400720138240
5155010,4309107810304,400720138240
5160010,4313930715136,400720138240
5165010,4317372747776,402982342656
5170001,4322756575232,404685193216
5175007,4328736137216,405524242432
5180010,4334789287936,406334394368
5185010,4340795334656,406346039296
5190010,4345612554240,406346039296
5195010,4350770331648,406346039296
5200010,4355896782848,406346039296
5205006,4360138190848,406346039296
5210010,4365147693056,406346039296
5215010,4369778573312,406346039296
5220010,4374835757056,406346039296
5225003,4379531620352,406346039296
5230010,4384774406144,406346039296
5235010,4389208260608,406346039296
5240010,4394388938752,406346039296
5245010,4398064287744,408067497984
5250004,4403422109696,408513888256
5255006,4408653836288,408926371840
5260008,4414026805248,409232257024
5265010,4419380744192,409232257024
5270010,4424974839808,409232257024
5275008,4429222506496,409232257024
5280010,4434317033472,409232257024
5285009,4440273084416,409232257024
5290010,4445720342528,409232257024
5295010,4450192744448,409232257024
5300010,4454420410368,409232257024
5305000,4458674241536,409232470016
5310007,4462587154432,411863949312
5315010,4467489746944,412869976064
5320010,4472571310080,412925849600
5325000,4477518225408,412925849600
5330010,4482590806016,412925849600
5335003,4486995533824,412925849600
5340002,4492080422912,412925849600
5345005,4497350275072,412925849600
5350005,4501880463360,412925849600
5355010,4506550190080,412925849600
5360010,4510261018624,412925849600
5365000,4514336821248,412925849600
5370002,4517824983040,413298159616
5375006,4522474307584,415664214016
5380010,4528005013504,416885870592
5385005,4533819437056,417723408384
5390004,4539875799040,418008125440
5395010,4544944889856,418008125440
5400010,4550764961792,418008125440
5405010,4555770028032,418008125440
5410010,4561107320832,418008125440
5415007,4566062620672,418008125440
5420007,4571624001536,418008125440
5425010,4576366718976,418008125440
5430010,4580832022528,418008125440
5435010,4584401158144,419687735296
5440007,4589606981632,421303967744
5445007,4594779815936,421802659840
5450009,4599549857792,421802659840
5455004,4605118443520,421802659840
5460010,4610296532992,421802659840
5465002,4616013291520,421802659840
5470003,4620181737472,421802659840
5475010,4624950296576,421802659840
5480009,4630140506112,421802659840
5485009,4634939883520,421802659840
5490010,4639707295744,421802659840
5495010,4645007200256,421802659840
5500010,4648342433792,423279460352
5505008,4652945035264,423947329536
5510010,4657454673920,424351137792
5515001,4660997279744,424768225280
5520005,4664783540224,425095991296
5525010,4668062842880,425095991296
5530010,4670989172736,425095991296
5535008,4674139525120,425095991296
5540010,4677558259712,425095991296
5545010,4680807284736,425095991296
5550010,4684443398144,425095991296
5555010,4689430401024,425095991296
5560001,4695033942016,425095991296
5565010,4699871047680,425095991296
5570005,4704845828096,425095991296
5575010,4709767823360,425095991296
5580004,4714649251840,425095991296
5585009,4719231893504,425095991296
5590010,4723496738816,425095991296
5595010,4727064141824,427562233856
5600006,4731928514560,428748169216
5605008,4737073303552,428919242752
5610010,4741983948800,428919242752
5615010,4746390204416,428919242752
5620010,4751928897536,428919242752
5625010,4756714160128,428919242752
5630010,4762007605248,428919242752
5635004,4767350067200,428919242752
5640010,4771957125120,428919242752
5645010,4776690388992,428919242752
5650006,4781287772160,428919242752
5655000,4785268334592,431218327552
5660010,4791508336640,432420909056
5665004,4797207539712,433240154112
5670006,4803125530624,434052890624
5675009,4809301970944,434313396224
5680010,4815307128832,434313396224
5685005,4821119471616,434313396224
5690001,4826505093120,434313396224
5695010,4832033304576,434313396224
5700000,4836288643072,434313396224
5705000,4841099395072,434313396224
5710010,4846102495232,434313396224
5715010,4850478809088,436521791488
5720008,4855994634240,437919490048
5725010,4861251362816,438251118592
5730010,4866572705792,438251118592
5735010,4871802748928,438251118592
5740009,4876957241344,438251118592
5745010,4881927278592,438251118592
5750010,4886738427904,438251118592
5755009,4891817324544,438251118592
5760002,4896850399232,438251118592
5765010,4901974638592,438251118592
5770010,4905382920192,440016433152
5775010,4910179258368,440426573824
5780010,4915100508160,440827400192
5785002,4919956713472,440939905024
5790010,4925746888704,440939905024
5795007,4930411147264,440939905024
5800010,4935020224512,440939905024
5805010,4939756384256,440939905024
5810010,4945119141888,440939905024
5815010,4950333923328,440939905024
5820010,4954905722880,440939905024
5825010,4958408179712,441342869504
5830008,4963072741376,443786502144
5835010,4968385978368,444364300288
5840010,4973246377984,444364300288
5845010,4978769915904,444364300288
5850010,4984737820672,444364300288
5855010,4988963729408,444364300288
5860004,4993778384896,444364300288
5865010,4998878654464,444364300288
5870010,5003388960768,444364300288
5875000,5008910974976,444364300288
5880000,5013257768960,444364300288
5885010,5017765662720,444364300288
5890010,5021430218752,446482169856
5895008,5026950455296,447710392320
5900010,5032957222912,448547606528
5905010,5039425462272,449365204992
5910003,5046087602176,449610801152
5915009,5051997405184,449610801152
5920010,5057846509568,449610801152
5925010,5063688749056,449610801152
5930009,5068537618432,449610801152
5935010,5073802940416,449610801152
5940004,5078864498688,449610801152
5945010,5083371425792,449610801152
5950008,5087441301504,451493117952
5955007,5092739682304,453117177856
5960010,5097907056640,453851979776
5965000,5103702933504,454082850816
5970010,5109277765632,454082850816
5975010,5114815361024,454082850816
5980008,5121817903104,454082850816
5985001,5129563975680,454082850816
5990010,5135012069376,454082850816
5995010,5140514381824,454082850816
6000010,5145288937472,454082850816
6005010,5150455672832,454082850816
6010010,5155967131648,454127665152
6015001,5159365652480,455914786816
6020010,5164062683136,456327286784
6025005,5168981471232,456733364224
6030010,5174048030720,457128755200
6035010,5178931916800,457143840768
6040010,5183839277056,457143840768
6045006,5188761120768,457143840768
6050010,5193606885376,457143840768
6055005,5198573023232,457143840768
6060010,5203700252672,457143840768
6065006,5208038113280,459027349504
6070000,5213117169664,460395229184
6075004,5218072391680,460626919424
6080002,5223094841344,460626919424
6085010,5228635291648,460626919424
6090010,5234245570560,460626919424
6095002,5238730780672,460626919424
6100009,5243571355648,460626919424
6105008,5248413368320,460626919424
6110009,5253408772096,460626919424
6115008,5258427895808,460626919424
6120010,5261892272128,463072481280
6125010,5267327762432,464544980992
6130010,5273088864256,465469333504
6135010,5279212007424,466282323968
6140009,5285586239488,466450976768
6145010,5290754396160,466450976768
6150008,5296172994560,466450976768
6155007,5301322395648,466450976768
6160010,5306820812800,466450976768
6165010,5312431714304,466450976768
6170009,5317746262016,466450976768
6175010,5321950240768,467945021440
6180007,5326957408256,469691420672
6185010,5332459589632,470584147968
6190010,5338033446912,470835146752
6195000,5343928934400,470835146752
6200000,5349006262272,470835146752
6205010,5354354372608,470835146752
6210007,5359512625152,470835146752
6215010,5364336529408,470835146752
6220007,5367811764224,470835146752
6225010,5372832129024,470835146752
6230010,5378020257792,470835146752
6235007,5382049824768,472611663872
6240010,5387009019904,473103319040
6245001,5392303751168,473506004992
6250005,5398090219520,473886396416
6255010,5403925856256,474106544128
6260010,5409291935744,474106544128
6265010,5414500397056,474106544128
6270010,5420009046016,474106544128
6275010,5424526630912,474106544128
6280010,5429343621120,474106544128
6285010,5432741257216,476300500992
6290009,5437650616320,476987269120
6295000,5442864455680,477223346176
6300000,5448022134784,477223346176
6305010,5452263264256,477223346176
6310010,5455919992832,477223346176
6315001,5459439734784,477223346176
6320010,5463074889728,477223346176
6325010,5466841903104,477223346176
6330000,5470603182080,477223346176
6335010,5474431721472,477223346176
6340010,5477622718464,477223346176
6345010,5481086230528,477223346176
6350009,5484115972096,477223346176
6355010,5487005732864,477223346176
6360001,5490752974848,477223346176
6365010,5494336598016,477223346176
6370007,5497762209792,477223346176
6375002,5501739495424,477223346176
6380000,5505505071104,477539233792
6385010,5509943492608,480021827584
6390007,5514969808896,481536368640
6395010,5520054530048,482372845568
6400010,5525636808704,483188862976
6405010,5531367374848,483301269504
6410010,5537011970048,483301269504
6415010,5542475476992,483301269504
6420002,5547532136448,483301269504
6425010,5552638480384,483301269504
6430010,5557546504192,483301269504
6435000,5562522726400,483301269504
6440006,5567255318528,483301269504
6445009,5571016044544,483301269504
6450010,5575656026112,483301269504
6455010,5579448553472,485039964160
6460007,5584800079872,486765010944
6465002,5590206771200,487496871936
6470004,5596094021632,487570554880
6475010,5603551600640,487570554880
6480010,5610334195712,487570554880
6485006,5616628510720,487570554880
6490009,5621174431744,487570554880
6495010,5625947107328,487570554880
6500010,5630771044352,487570554880
6505007,5636527050752,487570554880
6510010,5641422278656,487570554880
6515010,5645944057856,487570554880
6520010,5650381746176,487570554880
6525003,5654637133824,487570554880
6530010,5658017587200,488849903616
6535008,5662725619712,489551081472
6540010,5668000722944,489958576128
6545010,5673888063488,490342690816
6550000,5678793883648,490342690816
6555010,5683392864256,490342690816
6560007,5687555428352,490342690816
6565010,5692067823616,490342690816
6570007,5695372881920,490342690816
6575010,5698596065280,490342690816
6580010,5702957109248,490342690816
6585010,5707885481984,490342690816
6590010,5711774711808,490342690816
6595001,5716117327872,490342690816
6600007,5720431845376,490342690816
6605010,5724573736960,490342690816
6610010,5728178176000,492067409920
6615007,5733515755520,493638455296
6620010,5737910988800,494058622976
6625000,5743091257344,494058622976
6630006,5747988930560,494058622976
6635001,5752500252672,494058622976
6640000,5756928176128,494058622976
6645010,5761207832576,494058622976
6650010,5765572657152,494058622976
6655010,5769559830528,494058622976
6660010,5773529288704,494058622976
6665010,5777660203008,494058622976
6670008,5781484032000,494058622976
6675010,5785826250752,494058622976
6680010,5789552115712,496420085760
6685007,5794597277696,497985921024
6690010,5800358133760,499109765120
6695002,5806550163456,499892547584
6700010,5811370889216,500277534720
6705010,5815156371456,500277534720
6710010,5819436249088,500277534720
6715010,5823458955264,500277534720
6720010,5826520469504,500277534720
6725010,5830467784704,500277534720
6730010,5834021126144,500277534720
6735010,5838739124224,500277534720
6740010,5842792488960,500277534720
6745007,5847593676800,500277534720
6750010,5852469293056,500277534720
6755010,5856860925952,500277534720
6760010,5861643038720,500277534720
6765007,5866714423296,500277534720
6770010,5871569776640,500277534720
6775010,5875720396800,502129725440
6780004,5880540385280,503070969856
6785004,5885357408256,503070969856
6790010,5890635661312,503070969856
6795000,5895737233408,503070969856
6800010,5900486262784,503070969856
6805010,5904907980800,503070969856
6810010,5909563817984,503070969856
6815005,5914582306816,503070969856
6820010,5919433723904,503070969856
6825010,5924079849472,503070969856
6830010,5927344607232,503949799424
6835003,5932532535296,506300149760
6840004,5937742098432,507687563264
6845010,5944045182976,508864532480
6850001,5949113663488,509116727296
6855010,5953821102080,509116727296
6860001,5958083751936,509116727296
6865010,5962837180416,509116727296
6870010,5967760678912,509116727296
6875010,5972607303680,509116727296
6880010,5978196504576,509116727296
6885010,5982488428544,509116727296
6890010,5986580119552,509116727296
6895006,5990977798144,509116727296
6900007,5994955116544,509116727296
6905010,5997840736256,511052283904
6910008,6002623447040,511508058112
6915010,6007925047296,511508058112
6920010,6013069012992,511508058112
6925009,6017677664256,511508058112
6930010,6022559272960,511508058112
6935010,6027671867392,511508058112
6940010,6032634589184,511508058112
6945010,6037448765440,511508058112
6950001,6041309364224,511508058112
6955010,6044912275456,511508058112
6960010,6048343031808,511508058112
6965006,6052355825664,511508058112
6970003,6055396466688,513554141184
6975010,6060770918400,515112382464
6980010,6066162118656,516580454400
6985001,6072044814336,516668780544
6990010,6076981813248,516668780544
6995004,6080978968576,516668780544
7000001,6085413933056,516668780544
7005010,6089677524992,516668780544
7010010,6094277382144,516668780544
7015007,6099431505920,516668780544
7020008,6103735455744,516668780544
7025010,6107392663552,516668780544
7030010,6111584235520,516668780544
7035008,6115683110912,516668780544
7040004,6120465203200,516668780544
7045010,6125797867520,516668780544
7050000,6128983425024,518519517184
7055010,6133265272832,519209549824
7060010,6137350807552,519209549824
7065001,6141764587520,519209549824
7070010,6146533400576,519209549824
7075009,6151513874432,519209549824
7080001,6156474527744,519209549824
7085010,6160086048768,519209549824
7090009,6164151365632,519209549824
7095010,6168211193856,519209549824
7100010,6172555657216,519209549824
7105010,6177121718272,519209549824
7110010,6182025195520,519209549824
7115010,6185951838208,519284137984
7120003,6190026706944,522066083840
7125008,6195417399296,523546869760
7130010,6201184641024,524651814912
7135010,6206717849600,525062959104
7140010,6212214308864,525062959104
7145010,6217396625408,525062959104
7150007,6222867525632,525062959104
7155001,6227978911744,525062959104
7160010,6232535736320,525062959104
7165008,6236673249280,525062959104
7170007,6241312722944,525062959104
7175008,6245532700672,527114522624
7180001,6250312413184,527466147840
7185010,6255123013632,527466147840
7190010,6259893317632,527466147840
7195008,6265248428032,527466147840
7200010,6269344231424,527466147840
7205010,6273819873280,527466147840
7210010,6277322117120,529141141504
7215001,6282544472064,530595815424
7220010,6288750698496,531530354688
7225010,6294328246272,532214394880
7230007,6299653087232,532214394880
7235010,6304959512576,532214394880
7240010,6310352007168,532214394880
7245010,6314868715520,532214394880
7250010,6319777832960,532214394880
7255003,6324029386752,532840943616
7260000,6329050439680,534542721024
7265010,6333555777536,534817271808
7270004,6338169745408,534817271808
7275010,6343354408960,534817271808
7280000,6348941553664,534817271808
7285009,6353309675520,534817271808
7290010,6356913025024,534817271808
7295010,6361069039616,534817271808
7300007,6365532086272,534817271808
7305010,6370107604992,534817271808
7310010,6374763458560,534817271808
7315007,6378986827776,535077232640
7320010,6382900506624,537934909440
7325010,6388090167296,539297075200
7330010,6394166833152,540209926144
7335010,6399848325120,541205278720
7340010,6405288771584,541205278720
7345005,6410185916416,541205278720
7350010,6415212253184,541205278720
7355010,6420373295104,541205278720
7360010,6425494712320,541205278720
7365010,6429380136960,541205278720
7370010,6433605120000,541205278720
7375009,6438432792576,541205278720
7380010,6442765209600,541205278720
7385010,6447672799232,541205278720
7390010,6451129389056,542827569152
7395000,6455990059008,543812108288
7400009,6461179129856,543865942016
7405005,6466031579136,543865942016
7410000,6470262501376,543865942016
7415001,6474125524992,543865942016
7420010,6478504628224,543865942016
7425005,6483338854400,543865942016
7430005,6488119902208,543865942016
7435010,6493088980992,543865942016
7440010,6497979695104,543865942016
7445001,6502145863680,543865942016
7450000,6506077925376,543865942016
7455010,6510291390464,543865942016
7460010,6513692524544,546038046720
7465010,6518246035456,547659280384
7470010,6523445915648,548753817600
7475010,6528673542144,549004795904
7480010,6533669380096,549004795904
7485010,6538615205888,549004795904
7490010,6543748030464,549004795904
7495010,6548172431360,549004795904
7500010,6551911776256,549004795904
7505004,6555993600000,549004795904
7510008,6559952633856,549004795904
7515008,6563996069888,549004795904
7520010,6568647974912,549004795904
7525002,6572363186176,550527406080
7530010,6576756936704,551954710528
7535010,6581483106304,551976583168
7540009,6585864916992,551976583168
7545010,6590297309184,551976583168
7550010,6594937847808,551976583168
7555010,6599787917312,551976583168
7560010,6604016607232,551976583168
7565010,6607481491456,551976583168
7570007,6611828551680,551976583168
7575010,6615782162432,551976583168
7580010,6620137791488,551976583168
7585010,6623955755008,554327818240
7590002,6629034082304,556049084416
7595010,6634121306112,557108641792
7600001,6638939652096,557850169344
7605010,6644084768768,558116368384
7610010,6649101279232,558116368384
7615010,6653219733504,558116368384
7620010,6657701195776,558116368384
7625010,6661917143040,558116368384
7630000,6666118967296,558116368384
7635009,6670488203264,558116368384
7640010,6674730176512,558116368384
7645010,6679067037696,558116368384
7650010,6682064076800,559610855424
7655003,6686676324352,560836108288
7660010,6691505418240,560946749440
7665010,6696237780992,560946749440
7670010,6701405851648,560946749440
7675010,6705361719296,560946749440
7680008,6709569171456,560946749440
7685007,6714185306112,560946749440
7690008,6718281539584,560946749440
7695009,6722456371200,560946749440
7700010,6726730981376,560946749440
7705009,6731549011968,560946749440
7710008,6735421538304,563311177728
7715010,6740543877120,564848717824
7720008,6745714036736,565878403072
7725010,6751233052672,566476271616
7730010,6756140621824,566476271616
7735006,6760110194688,566476271616
7740006,6764763553792,566476271616
7745010,6769295302656,566476271616
7750010,6773948973056,566476271616
7755010,6778311081984,566476271616
7760010,6782114758656,566476271616
7765010,6786191060992,566476271616
7770010,6789532012544,568572944384
7775007,6793808621568,569195257856
7780002,6798118899712,569269215232
7785010,6802027397120,569269215232
7790010,6805634846720,569269215232
7795008,6809501470720,569269215232
7800006,6813487251456,569269215232
7805010,6817871683584,569269215232
7810009,6822215409664,569269215232
7815000,6825880670208,569269215232
7820010,6828779630592,569269215232
7825010,6831721934848,571167162368
7830009,6836190793728,572990664704
7835010,6840755679232,574272368640
7840010,6846394990592,575004971008
7845010,6851806412800,575245541376
7850010,6856438775808,575245541376
7855010,6861177233408,575245541376
7860006,6865540333568,575245541376
7865010,6869987143680,575245541376
7870008,6874853834752,575245541376
7875010,6879739346944,575245541376
7880009,6884783308800,575245541376
7885010,6889422594048,575245541376
7890010,6894401888256,575245541376
7895010,6899137204224,575245541376
7900010,6902996856832,575245541376
7905005,6906904186880,575245541376
7910010,6910142300160,575245541376
7915010,6914031337472,575245541376
7920010,6917674123264,575245541376
7925010,6922234089472,575245541376
7930010,6928123510784,575245541376
7935007,6932894879744,575245541376
7940010,6937006743552,575245541376
7945008,6940229713920,576753180672
7950010,6945279356928,577180295168
7955010,6950004011008,577299632128
7960010,6954100027392,577299632128
7965010,6958619729920,577299632128
7970010,6962131533824,577299632128
7975002,6965749321728,577299632128
7980002,6969036451840,577299632128
7985000,6972750020608,577299632128
7990000,6976229769216,577299632128
7995006,6980864491520,577299632128
8000010,6986395504640,577299632128
8005002,6992282144768,577299632128
8010002,6997503930368,577299632128
8015010,7002450358272,577299632128
8020010,7006923886592,577299632128
8025001,7011301621760,577299632128
8030010,7015183437824,577299632128
8035004,7019573501952,577299632128
8040010,7022787067904,577299632128
8045010,7026214191104,577299632128
8050000,7029827424256,577299632128
8055009,7033947308032,577299632128
8060000,7037984489472,577299632128
8065006,7041892732928,577299632128
8070010,7046574612480,577299632128
8075001,7050453340160,577299632128
8080010,7053572669440,577597992960
8085010,7057205870592,579371065344
8090010,7061551812608,579940048896
8095010,7065227243520,579940048896
8100000,7069884055552,579940048896
8105010,7074071871488,579940048896
8110010,7077453590528,579940048896
8115010,7080719032320,579940048896
8120010,7084565553152,579940048896
8125004,7088350261248,579940048896
8130000,7092470829056,579940048896
8135010,7096398675968,579940048896
8140000,7100426575872,579940048896
8145000,7104878374912,579940048896
8150010,7108799565824,579940048896
8155010,7112343101440,579940048896
8160001,7115589189632,581926158336
8165010,7120472207360,583773896704
8170007,7125309751296,584763920384
8175010,7130652385280,585570086912
8180010,7135591133184,586348691456
8185000,7140717502464,586348691456
8190008,7145378283520,586348691456
8195010,7149472350208,586348691456
8200010,7153451909120,586348691456
8205001,7157920579584,586348691456
8210007,7162379939840,586348691456
8215007,7166786166784,586348691456
8220006,7171045199872,586348691456
8225010,7175238107136,588852826112
8230009,7180048302080,589846007808
8235010,7183997485056,589907914752
8240002,7188290760704,589907914752
8245009,7192954040320,589907914752
8250010,7196954652672,589907914752
8255010,7200953479168,589907914752
8260003,7204849721344,589907914752
8265010,7209160773632,589907914752
8270006,7212851175424,589907914752
8275005,7216692170752,589907914752
8280000,7220132798464,590133452800
8285000,7223324127232,592138829824
8290010,7227318747136,592958840832
8295007,7232021319680,593271590912
8300001,7236886855680,593271590912
8305007,7241436962816,593271590912
8310010,7245657849856,593271590912
8315001,7250204151808,593271590912
8320001,7254915346432,593271590912
8325002,7258888392704,593271590912
8330002,7263020658688,593271590912
8335010,7267210055680,593271590912
8340010,7271182417920,593271590912
8345010,7274765238272,593271590912
8350010,7278819958784,593271590912
8355010,7283393122304,593271590912
8360010,7286943797248,594299891712
8365010,7291574939648,596014784512
8370007,7295990321152,596983689216
8375010,7300201123840,596983689216
8380010,7304241184768,596983689216
8385010,7308138287104,596983689216
8390010,7312444129280,596983689216
8395005,7316986507264,596983689216
8400007,7320448913408,596983689216
8405001,7324119388160,596983689216
8410010,7327551238144,596983689216
8415005,7330443259904,597617278976
8420001,7334982414336,600416378880
8425010,7339291181056,601218822144
8430001,7344195756032,601988898816
8435010,7348973854720,602548076544
8440010,7353235390464,602548076544
8445000,7358106730496,602548076544
8450010,7362779652096,602548076544
8455005,7367047450624,602548076544
8460010,7370906034176,602548076544
8465010,7374424432640,602548076544
8470010,7378255335424,602548076544
8475008,7382423953408,602548076544
8480010,7386832580608,602548076544
8485010,7390739677184,602548076544
8490010,7393819000832,603027705856
8495010,7398366740480,605141528576
8500010,7403433549824,605748596736
8505007,7407172759552,605748596736
8510010,7410991755264,605748596736
8515010,7414447894528,605748596736
8520010,7418387566592,605748596736
8525010,7422175735808,605748596736
8530002,7426048167936,605748596736
8535007,7430001164288,605748596736
8540010,7433846202368,605748596736
8545010,7437849149440,605748596736
8550010,7441610330112,605748596736
8555006,7445296553984,605748596736
8560007,7449202438144,605748596736
8565005,7452073865216,605748596736
8570010,7455357992960,605748596736
8575010,7459139383296,605748596736
8580000,7462245883904,605926510592
8585002,7465710985216,608462278656
8590004,7469891227648,609501425664
8595010,7474810351616,610291146752
8600009,7479410036736,610780446720
8605010,7483507060736,610780446720
8610002,7487671603200,610780446720
8615010,7492272381952,610780446720
8620010,7496588869632,610780446720
8625010,7500572774400,610780446720
8630004,7504572694528,610780446720
8635010,7509264719872,610780446720
8640010,7513742508032,610780446720
8645007,7517998616576,610780446720
8650010,7521833447424,610780446720
8655010,7525530611712,610780446720
8660010,7529389633536,610780446720
8665010,7533236772864,610780446720
8670010,7537003659264,610780446720
8675009,7540447457280,610780446720
8680000,7543610249216,611223859200
8685010,7548462776320,613779709952
8690001,7552505286656,614411702272
8695007,7556318789632,614585339904
8700010,7560809725952,614585339904
8705010,7565279858688,614585339904
8710010,7569412202496,614585339904
8715003,7574168653824,614585339904
8720010,7579251179520,614585339904
8725004,7584702996480,614585339904
8730010,7588928462848,614585339904
8735010,7592908955648,614585339904
8740010,7597323575296,614585339904
8745010,7601547792384,614585339904
8750010,7605651640320,614585339904
8755010,7609309822976,614585339904
8760010,7613671612416,614585339904
8765000,7618616414208,614585339904
8770010,7623356264448,614585339904
8775010,7627652640768,614585339904
8780010,7630955941888,616202096640
8785010,7635716014080,617731284992
8790001,7639777529856,618514235392
8795005,7644104335360,618901803008
8800010,7648096411648,618901803008
8805009,7652334305280,618901803008
8810010,7656567463936,618901803008
8815008,7661076451328,618901803008
8820010,7665930829824,618901803008
8825002,7670205095936,618901803008
8830005,7674484883456,618901803008
8835010,7678724628480,618901803008
8840010,7683057950720,618901803008
8845010,7687469023232,618901803008
8850010,7692059623424,618901803008
8855010,7696587108352,618901803008
8860010,7700680638464,618901803008
8865000,7704794324992,618901803008
8870004,7708740780032,618901803008
8875010,7712902549504,618901803008
8880010,7716884774912,618901803008
8885001,7720924262400,618901803008
8890010,7725234061312,618901803008
8895000,7729377505280,618901803008
8900000,7732947689472,619057700864
8905010,7736851197952,621562744832
8910010,7741228740608,622774067200
8915010,7745610428416,623088111616
8920008,7750341906432,623088111616
8925000,7754967035904,623088111616
8930002,7758919593984,623088111616
8935002,7762481106944,623088111616
8940010,7766517395456,623088111616
8945010,7769926483968,623088111616
8950010,7773420490752,623088111616
8955010,7776828956672,623088111616
8960006,7780363583488,623088111616
8965010,7784137682944,623088111616
8970010,7787890675712,623088111616
8975010,7791388086272,623088111616
8980007,7795312640000,623088111616
8985010,7799556268032,623088111616
8990010,7803550867456,623088111616
8995010,7806821646336,623088111616
9000010,7810425204736,623088111616
9005006,7813619023872,623088111616
9010010,7816905883648,623088111616
9015010,7820282990592,623088111616
9020010,7824213790720,623088111616
9025010,7828143726592,623088111616
9030010,7831767465984,623088111616
9035001,7834567335936,623330951168
9040010,7838273355776,625189634048
9045006,7842881695744,626008256512
9050010,7847537283072,626807943168
9055002,7852768468992,627105824768
9060000,7858230591488,627105824768
9065010,7863590420480,627105824768
9070010,7868200194048,627105824768
9075007,7873572478976,627105824768
9080010,7878344556544,627105824768
9085007,7883227951104,627105824768
9090002,7887778762752,627105824768
9095006,7892167639040,627105824768
9100010,7896274071552,627105824768
9105009,7900759748608,627105824768
9110010,7905371672576,627105824768
9115010,7908854296576,627105824768
9120000,7911446499328,627105824768
9125009,7915718926336,627105824768
9130010,7920842858496,627105824768
9135010,7925289644032,627105824768
9140009,7929175810048,627105824768
9145010,7934041624576,627105824768
9150010,7938356469760,627105824768
9155010,7941535121408,628882501632
9160002,7946195034112,629581721600
9165010,7950476836864,629686005760
9170010,7955314843648,629686005760
9175009,7959467868160,629686005760
9180010,7964092571648,629686005760
9185010,7968322396160,629686005760
9190005,7972056674304,629686005760
9195007,7975812337664,629686005760
9200002,7979461099520,629686005760
9205005,7983735582720,629686005760
9210008,7987741466624,629686005760
9215002,7991719276544,629686005760
9220010,7994803261440,629686005760
9225010,7998128754688,629686005760
9230010,8002215968768,629686005760
9235010,8006609571840,629686005760
9240008,8010705121280,629686005760
9245010,8014653382656,629686005760
9250003,8019195338752,629686005760
9255002,8022978220032,629996580864
9260004,8026959339520,632467775488
9265010,8031444684800,632634179584
9270010,8035951566848,632634179584
9275007,8040542113792,632634179584
9280003,8045213380608,632634179584
9285010,8048984248320,632634179584
9290010,8053297336320,632634179584
9295010,8057315225600,632634179584
9300004,8061506113536,632634179584
9305010,8065582030848,632634179584
9310003,8069677441024,632634179584
9315010,8073003241472,634234765312
9320001,8077760073728,635978002432
9325008,8082245177344,637243559936
9330010,8087377948672,638159368192
9335005,8092360855552,638571622400
9340010,8097717256192,638571622400
9345010,8102932267008,638571622400
9350010,8107698679808,638571622400
9355009,8112429387776,638571622400
9360000,8117018411008,638571622400
9365010,8121724309504,638571622400
9370010,8126396837888,638571622400
9375010,8130332086272,638970888192
9380000,8134730936320,640356655104
9385010,8139455143936,640748453888
9390010,8144396197888,640957755392
9395010,8148750209024,640957755392
9400010,8152868974592,640957755392
9405000,8157002940416,640957755392
9410007,8161278820352,640957755392
9415010,8165268004864,640957755392
9420010,8169738813440,640957755392
9425010,8174033768448,640957755392
9430010,8179223724032,640957755392
9435010,8183007301632,643415646208
9440010,8187772796928,644801835008
9445010,8192933818368,645624709120
9450010,8197796642816,646450675712
9455010,8203216969728,646509658112
9460010,8208725311488,646509658112
9465000,8213783355392,646509658112
9470000,8218009055232,646509658112
9475002,8223185018880,646509658112
9480010,8228255494144,646509658112
9485000,8232864796672,646509658112
9490008,8237296775168,646509658112
9495010,8241456930816,646509658112
9500010,8245389840384,646509658112
9505004,8249531576320,646509658112
9510010,8253025337344,648578535424
9515010,8256624951296,648698707968
9520001,8260797530112,648698707968
9525007,8265042591744,648698707968
9530010,8269789126656,648698707968
9535010,8274204614656,648698707968
9540010,8278617219072,648698707968
9545010,8282920955904,648698707968
9550003,8287566848000,648698707968
9555010,8291353882624,648698707968
9560010,8295505924096,648698707968
9565010,8299253268480,651185639424
9570010,8303621111808,652334542848
9575010,8308987404288,653196128256
9580002,8312765247488,654033506304
9585010,8316461813760,654168854528
9590002,8322093064192,654168854528
9595010,8326690263040,654168854528
9600001,8331606814720,654168854528
9605010,8336676007936,654168854528
9610010,8341492420608,654168854528
9615005,8346023268352,654168854528
9620005,8350271926272,654168854528
9625007,8354328731648,654168854528
9630010,8358336655360,654168854528
9635003,8362416869376,654168854528
9640003,8365677789184,655335796736
9645000,8369471365120,655980552192
9650005,8373901348864,656394719232
9655010,8378754932736,656603377664
9660006,8382697738240,656603377664
9665010,8386518294528,656603377664
9670006,8390200426496,656603377664
9675009,8393628520448,656603377664
9680010,8397411336192,656603377664
9685010,8401198686208,656603377664
9690001,8405086732288,656603377664
9695010,8409390702592,656603361280
9700010,8414129704960,656603377664
9705010,8419564888064,656603377664
9710010,8423493705728,656603377664
9715010,8427218878464,656603377664
9720010,8430823931904,656603377664
9725004,8433572298752,657208160256
9730010,8437940269056,659650478080
9735000,8442592423936,660659044352
9740010,8447441715200,661462261760
9745010,8452387811328,661757640704
9750010,8457122795520,661757640704
9755001,8462225985536,661757640704
9760010,8466849718272,661757640704
9765010,8471207006208,661757640704
9770002,8476131622912,661757640704
9775008,8481428762624,661757640704
9780009,8484520886272,661757640704
9785000,8487031902208,661757640704
9790002,8490190413824,661757640704
9795001,8493510803456,661757640704
9800010,8497007288320,661757640704
9805001,8500757676032,661757640704
9810010,8505924202496,661757640704
9815009,8509999845376,661757640704
9820004,8513618608128,661757640704
9825004,8517081362432,661757640704
9830000,8520135335936,661999378432
9835005,8523840434176,663749636096
9840004,8527323000832,663749636096
9845010,8530713047040,663749636096
9850010,8534243733504,663749636096
9855000,8538214506496,663749636096
9860007,8542007062528,663749636096
9865010,8545546338304,663749636096
9870010,8549792718848,663749636096
9875010,8554342297600,663749636096
9880008,8558701043712,663749636096
9885010,8562464456704,663749636096
9890010,8565629075456,663749636096
9895010,8569312440320,663749636096
9900002,8572779782144,663749636096
9905009,8576568238080,663749636096
9910010,8580726628352,663749636096
9915010,8585453563904,663749636096
9920008,8590295842816,663749636096
9925001,8594429816832,663749636096
9930000,8598020710400,663898210304
9935010,8601975824384,666557239296
9940007,8606468100096,668274462720
9945010,8611363061760,669893787648
9950010,8615769419776,670961369088
9955010,8620811890688,671038992384
9960010,8625146273792,671038992384
9965010,8629642170368,671038992384
9970001,8634173636608,671038992384
9975009,8638357372928,671038992384
9980007,8642898018304,671038992384
9985010,8648827957248,671038992384
9990003,8654233972736,671038992384
9995010,8659473281024,671038992384
10000010,8664873152512,671038992384
10005001,8670254243840,671038992384
10010004,8674904584192,671038992384
10015010,8678493835264,671038992384
10020009,8682900451328,671038992384
10025010,8687163547648,671038992384
10030010,8691256946688,671038992384
10035005,8695604830208,671038992384
10040007,8698552692736,672340369408
10045010,8703170916352,673108324352
10050010,8707804131328,673108324352
10055010,8712107220992,673108324352
10060010,8716561027072,673108324352
10065000,8720153014272,673108324352
10070010,8724389400576,673108324352
10075010,8728632385536,673108324352
10080010,8733499420672,673108324352
10085010,8738194333696,673108324352
10090010,8743427698688,673108324352
10095010,8747440095232,673108324352
10100010,8751127838720,673108324352
10105010,8755675209728,673108324352
10110000,8759835381760,673108324352
10115010,8763378110464,673108324352
10120010,8767620317184,673108324352
10125006,8771310518272,673108324352
10130010,8775322144768,673108324352
10135010,8778027638784,673108324352
10140010,8780745990144,673108324352
10145010,8783602462720,673108324352
10150003,8787100508160,673108324352
10155010,8789895749632,673108324352
10160010,8792650305536,673108324352
10165002,8795280740352,673425801216
10170010,8799424790528,676176404480
10175010,8804725878784,677691232256
10180010,8808419872768,678849744896
10185010,8812444565504,679470809088
10190010,8816160419840,679470809088
10195010,8820185534464,679470809088
10200010,8824210595840,679470809088
10205010,8828851466240,679470809088
10210006,8832662233088,679470809088
10215010,8837403090944,679470809088
10220007,8841949917184,679470809088
10225004,8845754724352,679470809088
10230010,8850323976192,679470809088
10235010,8854774145024,679470809088
10240004,8859410202624,679470809088
10245006,8864282451968,679470809088
10250009,8868623446016,679474069504
10255010,8872448724992,681971539968
10260010,8876918845440,682167611392
10265010,8881416044544,682167611392
10270010,8886339330048,682167611392
10275010,8891008630784,682167611392
10280001,8894948048896,682167611392
10285010,8899169611776,682167611392
10290000,8903191572480,682167611392
10295010,8906885222400,682167611392
10300004,8911070113792,682167611392
10305001,8914816151552,682167611392
10310001,8918882623488,682167611392
10315010,8922720100352,684268781568
10320010,8926919004160,685562134528
10325010,8931531935744,686351167488
10330002,8936038051840,687138562048
10335008,8941104193536,687713337344
10340001,8945879560192,687713337344
10345002,8950802472960,687713337344
10350005,8956542328832,687713337344
10355008,8960952250368,687713337344
10360010,8966176030720,687713337344
10365010,8970488164352,687713337344
10370004,8975353389056,687713337344
10375010,8980853088256,687713337344
10380005,8984619339776,687713337344
10385010,8988909965312,687713337344
10390010,8991799496704,688922640384
10395010,8995999490048,688922640384
10400008,8999841239040,688922640384
10405008,9004189630464,688922640384
10410010,9008448905216,688922640384
10415010,9012554354688,688922640384
10420010,9017230778368,688922640384
10425010,9021599543296,688922640384
10430006,9025449218048,688922640384
10435001,9029664563200,688922640384
10440001,9033860304896,688922640384
10445010,9038016548864,688922640384
10450010,9042873511936,688922640384
10455005,9047162593280,688922640384
10460003,9051544576000,688922640384
10465010,9056751906816,688922640384
10470004,9062180491264,688922640384
10475001,9066861305856,688932405248
10480004,9070575407104,691734179840
10485010,9075472670720,693191311360
10490010,9080589361152,693988491264
10495010,9085655240704,694594539520
10500010,9090408775680,694594539520
10505000,9095061348352,694594539520
10510010,9100213739520,694594539520
10515010,9104500928512,694594539520
10520010,9108891963392,694594539520
10525007,9114652282880,694594539520
10530010,9120704851968,694594539520
10535010,9126219051008,694594539520
10540010,9131480875008,694594539520
10545010,9137698873344,694594539520
10550010,9143428902912,694594539520
10555004,9149270134784,694594539520
10560010,9153497587712,694594539520
10565010,9157110583296,696404606976
10570010,9161768890368,696512331776
10575010,9166547595264,696512331776
10580010,9171155795968,696512331776
10585002,9176005914624,696512331776
10590010,9179161767936,696512331776
10595001,9183130972160,696512331776
10600006,9187230707712,696512331776
10605009,9190932303872,696512331776
10610010,9194932596736,696512331776
10615010,9199145230336,696512331776
10620010,9203322236928,696512331776
10625002,9207542251520,696515067904
10630010,9211094315008,699174596608
10635009,9216168083456,700330844160
10640010,9220719538176,701111697408
10645010,9225274744832,701922721792
10650010,9229796274176,702018232320
10655010,9234248790016,702018232320
10660010,9238307278848,702018232320
10665010,9242786136064,702018232320
10670001,9247735173120,702018232320
10675010,9251937144832,702018232320
10680005,9255553085440,702018232320
10685010,9258904666112,702018232320
10690006,9262665576448,702018232320
10695001,9267112169472,702018232320
10700010,9271267831808,702018232320
10705009,9275385376768,702018232320
10710010,9278755921920,702972354560
10715002,9282895396864,703731060736
10720010,9287455612928,703988011008
10725010,9292122087424,703988011008
10730001,9296382717952,703988011008
10735010,9300051525632,703988011008
10740010,9303807283200,703988011008
10745010,9307432726528,703988011008
10750010,9311519920128,703988011008
10755010,9316064935936,703988011008
10760001,9321649352704,703988011008
10765010,9326525300736,703988011008
10770010,9330662727680,703988011008
10775010,9335244730368,703988011008
10780001,9340726779904,703988011008
10785006,9344895569920,703988011008
10790010,9349874319360,703988011008
10795010,9354719830016,703988011008
10800010,9358995746816,703988011008
10805010,9362527035392,703988011008
10810010,9366834384896,703988011008
10815010,9371236114432,703988011008
10820010,9376013713408,703988011008
10825010,9380198289408,705642586112
10830010,9385263116288,707568066560
10835010,9390151430144,708575481856
10840007,9395241811968,709364183040
10845000,9400970321920,709810130944
10850010,9406375915520,709810130944
10855001,9410651361280,709810130944
10860010,9415035805696,709810130944
10865006,9418895486976,709810130944
10870010,9422776279040,709810130944
10875010,9426714529792,709810130944
10880010,9430351138816,709810130944
10885010,9434000035840,709810130944
10890000,9437910040576,709810130944
10895010,9441910648832,709810130944
10900010,9445224923136,709810130944
10905010,9448877965312,709810130944
10910007,9452459888640,709810130944
10915007,9456374566912,709810130944
10920010,9459241439232,709810130944
10925010,9462918922240,709810130944
10930006,9466743918592,709810130944
10935010,9469909180416,709810130944
10940007,9473195077632,709810130944
10945006,9476748140544,709810130944
10950001,9479932858368,709810130944
10955000,9483542990848,709810130944
10960004,9487122354176,709810130944
10965002,9490019094528,710216851456
10970010,9493795024896,712131780608
10975003,9497693597696,712392794112
10980003,9501838331904,712392794112
10985003,9505583689728,712392794112
10990007,9508961845248,712392794112
10995010,9512428486656,712392794112
11000010,9515924422656,712392794112
11005005,9519304728576,712392794112
11010010,9522977259520,712392794112
11015010,9526634201088,712392794112
11020010,9530471989248,712392794112
11025010,9534275588096,712392794112
11030010,9537566904320,712392794112
11035010,9541027315712,712392794112
11040010,9544829886464,712392794112
11045003,9548618231808,712392794112
11050001,9552316735488,712392794112
11055010,9556373176320,712392794112
11060000,9560597868544,712392794112
11065010,9564506714112,712392794112
11070010,9568583454720,712392794112
11075010,9572736462848,712392794112
11080005,9576354508800,712392794112
11085010,9579424555008,714238267392
11090000,9583827910656,715980546048
11095010,9588370087936,717096529920
11100000,9593308385280,717462278144
11105004,9598232559616,717462278144
11110010,9603214708736,717462278144
11115010,9608352010240,717462278144
11120010,9612835692544,717462278144
11125010,9617502130176,717462278144
11130010,9621515091968,717462278144
11135010,9625551093760,717462278144
11140007,9629759406080,717462278144
11145010,9634261794816,717462278144
11150010,9638542454784,717462278144
11155010,9642793967616,717462278144
11160010,9647222198272,717462278144
11165010,9651510226944,717462278144
11170010,9655496425472,717462278144
11175006,9659449602048,717462278144
11180001,9663189184512,717462278144
11185010,9666932330496,717462278144
11190010,9671325892608,717462278144
11195010,9676063490048,717462278144
11200010,9680473038848,717462278144
11205000,9684283699200,717462278144
11210005,9688000311296,717462278144
11215010,9691115458560,719075323904
11220010,9695078080512,719519977472
11225008,9699536666624,719568011264
11230004,9703751274496,719568011264
11235000,9708147396608,719568011264
11240010,9712204468224,719568011264
11245010,9716223332352,719568011264
11250002,9720444243968,719568011264
11255010,9724312244224,719568011264
11260007,9728711344128,719568011264
11265001,9732542816256,719568011264
11270010,9736054771712,719568011264
11275005,9739772641280,719568011264
11280010,9743537221632,719568011264
11285010,9746934964224,719568011264
11290000,9750194298880,719568011264
11295009,9753370431488,719568011264
11300000,9756802150400,719568011264
11305000,9759971635200,719568011264
11310010,9763413946368,719568011264
11315004,9767146872832,719568011264
11320010,9770382946304,719568011264
11325000,9773680422912,719568011264
11330010,9777117986816,719568011264
11335010,9780131569664,719568011264
11340010,9783561322496,719568011264
11345001,9786562187264,719568011264
11350001,9790097129472,719568011264
11355010,9794047758336,719568011264
11360010,9797577777152,719568011264
11365010,9801329627136,719568011264
11370010,9805413769216,719568011264
11375010,9808535003136,721970786304
11380010,9813084307456,723794677760
11385010,9817884467200,724850122752
11390006,9822443552768,725698469888
11395010,9828004937728,725770915840
11400010,9833639776256,725770915840
11405010,9838433349632,725770915840
11410010,9843029934080,725770915840
11415010,9848034484224,725770915840
11420008,9853635067904,725770915840
11425010,9858689265664,725770915840
11430010,9863321542656,725770915840
11435010,9868156456960,725770915840
11440008,9873386438656,725770915840
11445010,9877878001664,725770915840
11450002,9883002298368,725770915840
11455010,9887951384576,725770915840
11460010,9892518027264,725770915840
11465010,9896857714688,725770915840
11470010,9901285699584,725770915840
11475005,9906161364992,725770915840
11480010,9910583943168,725770915840
11485000,9915367464960,725770915840
11490004,9921404616704,725770915840
11495010,9926029983744,725770915840
11500010,9930555650048,725770915840
11505002,9934911700992,725770915840
11510010,9939041095680,725770915840
11515002,9943313637376,725770915840
11520010,9947435520000,725770915840
11525001,9952123469824,725770915840
11530002,9955412484096,727418744832
11535000,9961078771712,728702926848
11540010,9965826314240,729095012352
11545010,9970225352704,729095012352
11550010,9975301505024,729095012352
11555001,9980651945984,729095012352
11560010,9985692618752,729095012352
11565008,9990528086016,729095012352
11570004,9995679428608,729095012352
11575004,10000841183232,729095012352
11580010,10005551136768,729095012352
11585010,10010193240064,729095012352
11590007,10014583042048,729095012352
11595002,10019579850752,729095012352
11600010,10024386461696,729095012352
11605010,10029910409216,729095012352
11610010,10034300973056,729095012352
11615010,10040325459968,729095012352
11620010,10044825628672,729095012352
11625010,10049232601088,729095012352
11630010,10053422563328,729095012352
11635002,10057557258240,729095012352
11640010,10061490466816,729095012352
11645003,10064894726144,729095012352
11650000,10068749516800,729095012352
11655010,10071753818112,729095012352
11660010,10075341225984,729095012352
11665010,10079381078016,729095012352
11670002,10084149657600,729095012352
11675010,10088145219584,729095012352
11680010,10091955048448,729095012352
11685010,10096897253376,729095012352
11690010,10101038305280,729095012352
11695010,10104497422336,730773270528
11700010,10109438144512,732438147072
11705010,10114532802560,733475233792
11710010,10118940258304,734223753216
11715010,10125464743936,734223753216
11720003,10132303810560,734223753216
11725010,10136867938304,734223753216
11730010,10142586605568,734223753216
11735010,10148486275072,734223753216
11740010,10153598857216,734223753216
11745010,10160365043712,734223753216
11750010,10166673227776,734223753216
11755010,10172767895552,734223753216
11760010,10178142945280,734223753216
11765010,10185058021376,734223753216
11770003,10192252063744,734223753216
11775010,10196883779584,734223753216
11780010,10202866081792,734223753216
11785006,10208849141760,734223753216
11790008,10215297363968,734223753216
11795010,10221988552704,734223753216
11800010,10228663328768,734223753216
11805000,10233909383168,734223753216
11810010,10239818403840,734223753216
11815010,10243975532544,734223753216
11820010,10247441170432,734223753216
11825010,10251149443072,734223753216
11830001,10255143768064,734223753216
11835004,10259062095872,734223753216
11840010,10263162347520,734223753216
11845000,10266616029184,734223753216
11850007,10271151529984,734223753216
11855010,10275746263040,734223753216
11860010,10280518799360,734223753216
11865010,10284511432704,734223753216
11870010,10289129332736,734223753216
11875010,10294233493504,734223753216
11880004,10297782235136,734676586496
11885010,10303256297472,736041336832
11890010,10308584873984,736421314560
11895010,10314618646528,736421314560
11900010,10320442781696,736421314560
11905010,10326236241920,736421314560
11910010,10331172003840,736421314560
11915010,10336747589632,736421314560
11920009,10341501030400,736421314560
11925010,10346878562304,736421314560
11930010,10351911485440,736421314560
11935010,10358168322048,736421314560
11940005,10363733295104,736421314560
11945010,10371008413696,736421314560
11950002,10376579944448,736421314560
11955010,10383078809600,736421314560
11960010,10388464685056,736421314560
11965010,10394386419712,736421314560
11970010,10399031283712,736421314560
11975006,10404750094336,736421314560
11980010,10408928178176,736421314560
11985010,10415188574208,736421314560
11990010,10418768023552,736421314560
11995010,10421288869888,736421314560
12000010,10423914700800,736421314560
12005010,10428126072832,736421314560
12010010,10432211468288,736421314560
12015003,10436147290112,736421314560
12020010,10440517128192,736421314560
12025010,10444788310016,736421314560
12030010,10448643260416,736501428224
12035004,10452847247360,739338993664
12040010,10457415962624,740951560192
12045010,10461005574144,741709885440
12050010,10465299554304,741709885440
12055006,10469745553408,741709885440
12060006,10473517719552,741709885440
12065010,10477420265472,741709885440
12070001,10481227374592,741709885440
12075001,10485145448448,741709885440
12080010,10489522573312,741709885440
12085010,10494482776064,741709885440
12090010,10499420614656,741709885440
12095010,10504097988608,741709885440
12100010,10508035497984,741709885440
12105002,10512358780928,741709885440
12110006,10516218945536,741709885440
12115010,10520935788544,741709885440
12120003,10525473075200,741709885440
12125000,10529439420416,741709885440
12130010,10533745917952,741709885440
12135010,10538204532736,741709885440
12140010,10543885729792,741709885440
12145010,10549675773952,741709885440
12150010,10555293999104,741709885440
12155001,10560371408896,741709885440
12160010,10565120901120,741709885440
12165010,10569093234688,741709885440
12170010,10574334382080,741709885440
12175010,10578252578816,743566307328
12180001,10582520049664,744320212992
12185010,10587519045632,744706228224
12190010,10592454184960,744785219584
12195010,10598158311424,744785219584
12200010,10605841678336,744785219584
12205010,10612025032704,744785219584
12210010,10616396771328,744785219584
12215010,10621194354688,744785219584
12220002,10626362511360,744785219584
12225010,10631269335040,744785219584
12230010,10635494629376,744785219584
12235010,10639779274752,744785219584
12240004,10644393172992,744785219584
12245003,10648788336640,744785219584
12250010,10653170814976,744785219584
12255010,10657070792704,744785219584
12260006,10661840756736,744785219584
12265009,10666267328512,744785219584
12270010,10670526984192,744785219584
12275010,10674760671232,746890649600
12280007,10680118157312,748445044736
12285010,10685105725440,749360168960
12290010,10691471536128,750147129344
12295006,10697297522688,750470078464
12300010,10702938066944,750470078464
12305010,10707997011968,750470078464
12310007,10713314975744,750470078464
12315010,10718233456640,750470078464
12320010,10722983325696,750470078464
12325010,10727665414144,750470078464
12330010,10731982524416,750470078464
12335010,10736576217088,750470078464
12340010,10741723803648,750470078464
12345010,10747036758016,750470078464
12350009,10752489558016,750470078464
12355008,10758061801472,750470078464
12360000,10762755776512,750470078464
12365000,10767255134208,750790803456
12370010,10771401629696,752726147072
12375000,10775876665344,753437933568
12380010,10780131307520,753538940928
12385003,10784936333312,753538940928
12390000,10789701332992,753538940928
12395001,10794337775616,753538940928
12400010,10798922915840,753538940928
12405010,10801819320320,753538940928
12410010,10805573148672,753538940928
12415010,10809692676096,753538940928
12420007,10814333739008,753538940928
12425008,10818943385600,753538940928
12430010,10823275012096,753538940928
12435005,10827757645824,753538940928
12440004,10831753379840,753538940928
12445004,10835489984512,753538940928
12450010,10839248986112,753538940928
12455002,10843211214848,753538940928
12460010,10847387021312,753538940928
12465010,10851524075520,753538940928
12470010,10854584467456,755013681152
12475010,10859524665344,756986839040
12480010,10864670257152,758482743296
12485010,10869626753024,759096905728
12490010,10874079367168,759096905728
12495010,10878884970496,759096905728
12500008,10883771801600,759096905728
12505003,10888618516480,759096905728
12510010,10893683142656,759096905728
12515010,10898679709696,759096905728
12520000,10903487766528,759096905728
12525010,10908470714368,759096905728
12530005,10912816902144,759096905728
12535010,10915751616512,759096905728
12540009,10918571712512,759096905728
12545010,10921999556608,759096905728
12550010,10925519773696,759096905728
12555006,10928218025984,759096905728
12560010,10931217043456,759096905728
12565010,10934980644864,759096905728
12570008,10939180748800,759096905728
12575007,10942654734336,761163321344
12580007,10946965807104,761650728960
12585010,10951699955712,761969364992
12590010,10956905414656,761969364992
12595000,10961995415552,761969364992
12600010,10967699070976,761969364992
12605010,10973119074304,761969364992
12610000,10978238308352,761969364992
12615007,10982916382720,761969364992
12620010,10987595010048,761969364992
12625004,10992072646656,761969364992
12630010,10997164986368,761969364992
12635010,11002398892032,761969364992
12640010,11006853341184,761969364992
12645010,11011450003456,761969364992
12650004,11015776833536,761969364992
12655010,11020372856832,761969364992
12660002,11025012342784,761969364992
12665010,11031042240512,761969364992
12670010,11037926629376,761969364992
12675010,11044595445760,761969364992
12680010,11048554627072,761969364992
12685010,11052932456448,761969364992
12690010,11056877543424,761969364992
12695010,11060740145152,761969364992
12700000,11065099128832,761969364992
12705010,11069032677376,761969364992
12710010,11073606033408,761969364992
12715010,11076868919296,764566196224
12720002,11081510404096,766150258688
12725010,11086590664704,767469924352
12730006,11092093009920,767872356352
12735007,11096867053568,767872356352
12740007,11100365893632,767872356352
12745010,11104457662464,767872356352
12750009,11108583305216,767872356352
12755006,11112529784832,767872356352
12760000,11116283789312,767872356352
12765000,11120549683200,767872356352
12770004,11124686438400,767872356352
12775010,11128487997440,767872356352
12780004,11132881518592,767872356352
12785009,11137262911488,767872356352
12790010,11141601935360,767872356352
12795002,11145496530944,767872356352
12800010,11149489754112,767872356352
12805010,11154167586816,767872356352
12810000,11158895800320,767872356352
12815006,11163085946880,767872356352
12820010,11166174457856,767872356352
12825003,11170639921152,767872356352
12830010,11174446972928,767872356352
12835010,11178231005184,767872356352
12840010,11182142988288,767872356352
12845007,11186418008064,767872356352
12850000,11190503534592,767872356352
12855010,11194993074176,767876943872
12860003,11198438940672,769568452608
12865010,11202900582400,769970520064
12870010,11207218270208,770177425408
12875010,11211693412352,770177425408
12880010,11216241250304,770177425408
12885007,11220905308160,770177425408
12890010,11226153766912,770177425408
12895010,11230783361024,770177425408
12900010,11234821767168,770177425408
12905010,11239412142080,770177425408
12910002,11243526127616,770177425408
12915010,11247537377280,770177425408
12920000,11251439681536,770177425408
12925010,11255020044288,770177425408
12930010,11258846314496,770177425408
12935010,11262764027904,770177425408
12940010,11267201642496,770177425408
12945010,11271822651392,770177425408
12950005,11276504518656,770177425408
12955010,11281017892864,770177425408
12960010,11285337833472,770177425408
12965010,11289451163648,770177425408
12970010,11293812088832,770177425408
12975010,11298438696960,770177425408
12980010,11302994952192,770177425408
12985010,11308112228352,770177425408
12990010,11311540994048,772995276800
12995004,11316332728320,774732529664
13000010,11321869729792,775565524992
13005010,11327604658176,776392318976
13010010,11332860121088,776751566848
13015010,11338368131072,776751566848
13020007,11342944550912,776751566848
13025005,11346939920384,776751566848
13030005,11351428296704,776751566848
13035005,11355875938304,776751566848
13040005,11360364216320,776751566848
13045005,11365243539456,776751566848
13050004,11368349167616,776751566848
13055005,11371819802624,776751566848
13060005,11376287350784,776751566848
13065005,11380704432128,776751566848
13070005,11385057722368,776751566848
13075002,11389605339136,776751566848
13080005,11393360076800,776751566848
13085000,11397625348096,776751566848
13090005,11401697296384,776751566848
13095005,11405749977088,776751566848
13100005,11409630101504,776751566848
13105005,11413704364032,776751566848
13110005,11417939841024,776751566848
13115005,11422353276928,776751566848
13120005,11426603343872,776751566848
13125000,11430581923840,777177960448
13130005,11435200258048,779583135744
13135001,11439580090368,780056403968
13140005,11443901702144,780252254208
13145005,11448261795840,780252254208
13150005,11453297844224,780252254208
13155005,11457916755968,780252254208
13160005,11463049437184,780252254208
13165005,11467764994048,780252254208
13170005,11472886550528,780252254208
13175005,11477999300608,780252254208
13180005,11481996025856,780252254208
13185005,11486347649024,780252254208
13190000,11490190086144,780252254208
13195005,11493985988608,780252254208
13200005,11498220765184,780252254208
13205005,11502708916224,780252254208
13210005,11506783449088,780252254208
13215004,11510672486400,780252254208
13220005,11514853769216,780252254208
13225005,11519120556032,780252254208
13230005,11523642368000,780252254208
13235004,11527885717504,780252254208
13240005,11531327217664,781597626368
13245005,11536001220608,783402246144
13250005,11540625338368,784894758912
13255005,11545333084160,785831759872
13260005,11550431141888,785831759872
13265005,11555932667904,785831759872
13270005,11561003724800,785831759872
13275005,11565823520768,785831759872
13280003,11570376941568,785831759872
13285005,11574683762688,785831759872
13290000,11579579756544,785831759872
13295005,11584546140160,785831759872
13300005,11589503455232,785831759872
13305005,11592463958016,785831759872
13310000,11596689403904,785831759872
13315005,11600223977472,785831759872
13320005,11603635965952,785831759872
13325005,11608108150784,785831759872
13330005,11612362973184,785831759872
13335005,11616619909120,785831759872
13340005,11621667643392,785831759872
13345002,11626156920832,785831759872
13350005,11629442187264,787149754368
13355005,11633696542720,787707604992
13360005,11638012293120,788096708608
13365005,11643016224768,788387110912
13370005,11647827107840,788387110912
13375005,11653052153856,788387110912
13380002,11658313089024,788387110912
13385005,11663085735936,788387110912
13390003,11667707961344,788387110912
13395005,11672743567360,788387110912
13400001,11676847198208,788387110912
13405005,11681394757632,788387110912
13410005,11686213718016,788387110912
13415000,11690682429440,788387110912
13420000,11695166353408,788387110912
13425000,11699853377536,788387110912
13430000,11704352186368,788387110912
13435010,11708769562624,788387110912
13440010,11712792887296,791100477440
13445002,11717940850688,792890155008
13450001,11723098099712,794300743680
13455010,11728043585536,795099623424
13460010,11734006996992,795555975168
13465000,11739720790016,795555975168
13470010,11745116516352,795555975168
13475000,11750097485824,795555975168
13480010,11754848899072,795555975168
13485000,11759661195264,795555975168
13490000,11763752939520,795555975168
13495010,11768423591936,795555975168
13500000,11772728176640,795555975168
13505000,11777035386880,795555975168
13510000,11781507051520,795555975168
13515010,11785941925888,795555975168
13520000,11790759571456,795555975168
13525000,11795778113536,795555975168
13530006,11800679321600,795555975168
13535010,11804898889728,795555975168
13540010,11808386371584,798017355776
13545010,11812904407040,798489706496
13550000,11817943691264,798902181888
13555005,11822957105152,799059759104
13560007,11828202143744,799059759104
13565010,11832835395584,799059759104
13570000,11837655494656,799059759104
13575004,11842575732736,799059759104
13580006,11847262957568,799059759104
13585000,11851835781120,799059759104
13590005,11856308121600,799059759104
13595010,11860764348416,799059759104
13600009,11865467678720,799059759104
13605000,11869762482176,799059759104
13610000,11874571923456,799059759104
13615000,11877796638720,801411784704
13620000,11882736529408,802620985344
13625000,11887908306944,803419508736
13630010,11893228810240,803617411072
13635010,11898522890240,803617411072
13640010,11903255937024,803617411072
13645005,11908037165056,803617411072
13650010,11912767946752,803617411072
13655010,11917572149248,803617411072
13660010,11922681839616,803617411072
13665010,11927116238848,803617411072
13670000,11931631919104,803617411072
13675010,11936722862080,803617411072
13680010,11941723795456,803617411072
13685006,11946938216448,803617411072
13690000,11952036782080,803617411072
13695010,11955284213760,805232381952
13700010,11959637270528,805660614656
13705005,11964499173376,806087016448
13710010,11969631428608,806190776320
13715000,11975094382592,806190776320
13720003,11980031782912,806190776320
13725010,11984335847424,806190776320
13730004,11988932464640,806190776320
13735010,11993093201920,806190776320
13740002,11997616926720,806190776320
13745003,12002707750912,806190776320
13750010,12007672107008,806190776320
13755010,12012682473472,806190776320
13760003,12017864253440,806190776320
13765010,12022746951680,806190776320
13770010,12027729850368,806190776320
13775010,12031151583232,807871909888
13780002,12036434276352,809753653248
13785010,12041843945472,811340296192
13790007,12047138271232,812132069376
13795008,12052742795264,812940775424
13800003,12058416705536,813011300352
13805002,12063259099136,813011300352
13810000,12068245999616,813011300352
13815010,12072971919360,813011300352
13820010,12077405589504,813011300352
13825001,12081624621056,813011300352
13830010,12086080622592,813011300352
13835003,12090826661888,813011300352
13840010,12095998955520,813011300352
13845000,12100628914176,813011300352
13850010,12105163378688,813011300352
13855010,12110426279936,813011300352
13860000,12114921070592,813011300352
13865010,12120056930304,813011300352
13870000,12124892823552,813011300352
13875010,12129849266176,813011300352
13880006,12134450987008,813011300352
13885007,12137723850752,814521671680
13890010,12143016738816,815458959360
13895010,12147583778816,815599681536
13900010,12151941914624,815599681536
13905010,12156813041664,815599681536
13910010,12161434517504,815599681536
13915006,12165626920960,815599681536
13920010,12170387365888,815599681536
13925002,12175160659968,815599681536
13930005,12179524030464,815599681536
13935005,12183907733504,815599681536
13940005,12188120285184,815599681536
13945005,12192500887552,815599681536
13950005,12196875014144,815599681536
13955005,12201727889408,815599681536
13960005,12206153609216,815599681536
13965000,12210598903808,815599681536
13970005,12213957718016,818036084736
13975005,12218588016640,819350949888
13980005,12223413686272,820500561920
13985000,12228006457344,821398179840
13990005,12233144971264,821432176640
13995005,12238365724672,821432176640
14000005,12243232464896,821432176640
14005005,12248135643136,821432176640
14010002,12253224943616,821432176640
14015000,12258017787904,821432176640
14020005,12262137147392,821432176640
14025000,12266559852544,821432176640
14030001,12271033864192,821432176640
14035005,12275302539264,821432176640
14040005,12279553585152,821432176640
14045005,12284915748864,821432176640
14050004,12289583308800,821432176640
14055005,12293925912576,821432176640
14060005,12297474486272,823405035520
14065001,12301845364736,823951790080
14070005,12306247880704,823951790080
14075000,12310776397824,823951790080
14080005,12315131400192,823951790080
14085004,12319623057408,823951790080
14090005,12323955605504,823951790080
14095005,12328197689344,823951790080
14100001,12332541329408,823951790080
14105000,12336048799744,823951790080
14110005,12340331827200,823951790080
14115005,12344357699584,823951790080
14120005,12348604076032,823951790080
14125004,12352914231296,823951790080
14130005,12356683227136,823951790080
14135005,12360100155392,823951790080
14140005,12363567493120,823951790080
14145005,12368095121408,823951790080
14150005,12371824107520,825554608128
14155002,12376824197120,827448819712
14160005,12382474805248,828920311808
14165005,12387292987392,829661495296
14170005,12392618532864,829661495296
14175005,12398188474368,829661495296
14180005,12403339526144,829661495296
14185005,12408213438464,829661495296
14190005,12413114822656,829661495296
14195005,12418476003328,829661495296
14200005,12423076376576,829661495296
14205005,12428023058432,829661495296
14210005,12432717422592,829661495296
14215005,12436965769216,829661495296
14220005,12441211482112,829661495296
14225005,12446307069952,829661495296
14230000,12452028563456,829661495296
14235005,12457031118848,829661495296
14240005,12460992483328,831997108224
14245002,12465347551232,832607387648
14250005,12470022676480,832744472576
14255005,12474217721856,832744472576
14260005,12478653534208,832744472576
14265005,12483061719040,832744472576
14270005,12487856644096,832744472576
14275000,12492435570688,832744472576
14280006,12496856653824,832744472576
14285010,12501674672128,832744472576
14290010,12505666543616,832744472576
14295010,12509491347456,832744472576
14300010,12513892528128,832744472576
14305000,12518319800320,832744472576
14310001,12522816204800,832831647744
14315010,12526567981056,835445657600
14320010,12531023892480,836432945152
14325006,12535810969600,837242937344
14330008,12541229625344,837936279552
14335010,12546788265984,837936279552
14340010,12552119066624,837936279552
14345000,12556876988416,837936279552
14350000,12561366728704,837936279552
14355010,12565581234176,837936279552
14360010,12569645637632,837936279552
14365010,12573849415680,837936279552
14370010,12578349408256,837936279552
14375005,12582399614976,837936279552
14380007,12586231930880,837936279552
14385003,12589919158272,838060531712
14390004,12593428017152,839596552192
14395006,12596736241664,840008368128
14400010,12601078632448,840130883584
14405004,12605910523904,840130883584
14410008,12610755207168,840130883584
14415010,12616041775104,840130883584
14420000,12621313355776,840130883584
14425008,12627622821888,840130883584
14430010,12632290742272,840130883584
14435007,12637655019520,840130883584
14440003,12642290323456,840130883584
14445010,12646537187328,840130883584
14450010,12650642300928,840130883584
14455000,12655103713280,840130883584
14460010,12659190767616,840130883584
14465010,12663134900224,840130883584
14470000,12666320703488,840229449728
14475010,12670560317440,843101847552
14480010,12675334402048,844735680512
14485000,12680431906816,845984559104
14490010,12685571440640,846015127552
14495010,12690621767680,846015127552
14500010,12695549554688,846015127552
14505010,12700230893568,846015127552
14510010,12704990814208,846015127552
14515001,12709782478848,846015127552
14520000,12714743271424,846015127552
14525010,12719523688448,846015127552
14530002,12724082429952,846015127552
14535010,12728170024960,846015127552
14540010,12733231046656,846015127552
14545002,12737989922816,846015127552
14550010,12741837430784,846015127552
14555010,12745976074240,846015127552
14560000,12749252161536,847933579264
14565010,12753635389440,849169047552
14570010,12758289338368,849569034240
14575010,12762890465280,849711902720
14580009,12767218524160,849711902720
14585010,12770860199936,849711902720
14590010,12774220161024,849711902720
14595005,12778256273408,849711902720
14600003,12782610874368,849711902720
14605000,12787119935488,849711902720
14610005,12791345852416,849711902720
14615010,12795489058816,849711902720
14620009,12800047169536,849711902720
14625010,12804595830784,849711902720
14630010,12809114292224,849711902720
14635007,12812705652736,851714179072
14640010,12817479114752,853384691712
14645008,12822324166656,854462656512
14650010,12827203948544,855237111808
14655010,12832074641408,855957647360
14660010,12837074735104,855957647360
14665003,12841791164416,855957647360
14670010,12846374768640,855957647360
14675010,12850613415936,855957647360
14680010,12853110407168,855957647360
14685010,12856153559040,855957647360
14690000,12860657672192,855957647360
14695010,12864658989056,855957647360
14700000,12869191143424,855957647360
14705010,12873567690752,855957647360
14710000,12876628647936,856924323840
14715010,12881079238656,857373978624
14720010,12885640536064,857768828928
14725010,12890602737664,857834496000
14730010,12895314354176,857834496000
14735010,12899478413312,857834496000
14740010,12903953489920,857834496000
14745010,12908292345856,857834496000
14750007,12912498143232,857834496000
14755010,12916662439936,857834496000
14760001,12921276784640,857834496000
14765010,12925550460928,857834496000
14770005,12930115899392,857834496000
14775010,12933500268544,859618975744
14780010,12938217234432,861549481984
14785010,12942872858624,862794051584
14790010,12948036157440,863601225728
14795010,12953257086976,864042741760
14800003,12958646956032,864042741760
14805010,12963298115584,864042741760
14810000,12968054472704,864042741760
14815001,12972390875136,864042741760
14820007,12976742305792,864042741760
14825001,12980909178880,864042741760
14830007,12985509687296,864042741760
14835003,12990015705088,864042741760
14840000,12993980645376,864210530304
14845010,12997587267584,866278617088
14850010,13002068549632,866685960192
14855010,13006467993600,867070001152
14860010,13010774081536,867125211136
14865010,13015557234688,867125211136
14870007,13019984285696,867125211136
14875004,13024548274176,867125211136
14880010,13028973019136,867125211136
14885010,13033443958784,867125211136
14890010,13037912223744,867125211136
14895001,13042078445568,867125211136
14900010,13045417234432,869435715584
14905007,13050070872064,870523891712
14910010,13054797746176,871281795072
14915007,13059481346048,872068337664
14920010,13064355332096,872348164096
14925010,13069172752384,872348164096
14930010,13072650215424,872348164096
14935010,13076755988480,872348164096
14940010,13080954155008,872348164096
14945010,13085221281792,872348164096
14950010,13089338798080,872348164096
14955010,13093230825472,872348164096
14960001,13097094356992,872348164096
14965010,13100524822528,872605528064
14970007,13104217534464,874037256192
14975010,13108453232640,874442797056
14980010,13113155264512,874829639680
14985010,13117646430208,874979282944
14990010,13121869946880,874979282944
14995010,13126352089088,874979282944
15000009,13130426728448,874979282944
15005010,13134659100672,874979282944
15010000,13138441236480,874979282944
15015010,13141521383424,874979282944
15020010,13145275203584,874979282944
15025010,13148851277824,874979282944
15030010,13152557342720,874979282944
15035010,13155849199616,874979282944
15040010,13159563915264,874979282944
15045000,13162850168832,875381579776
15050010,13167134093312,878263291904
15055010,13171561435136,879832772608
15060010,13176132567040,880992378880
15065010,13181389811712,881715564544
15070010,13186608545792,881715564544
15075004,13191402065920,881715564544
15080010,13196375162880,881715564544
15085003,13201239703552,881715564544
15090000,13204888567808,881715564544
15095010,13209281548288,881715564544
15100009,13214010482688,881715564544
15105010,13218570637312,881715564544
15110009,13222990401536,881715564544
15115008,13227311542272,881715564544
15120010,13230795448320,883976634368
15125010,13235515887616,884514099200
15130010,13240078749696,884900454400
15135008,13244402413568,885286076416
15140005,13248940335104,885317922816
15145000,13253260812288,885317922816
15150000,13257974280192,885317922816
15155009,13262265434112,885317922816
15160010,13266587021312,885317922816
15165010,13270211686400,885317922816
15170010,13273566367744,887334797312
15175010,13277943754752,888504516608
15180009,13282801840128,889491185664
15185010,13287682064384,890287284224
15190008,13292568096768,890492596224
15195010,13297165377536,890492596224
15200010,13301867089920,890492596224
15205006,13306248028160,890492596224
15210010,13310853111808,890492596224
15215008,13315228647424,890492596224
15220010,13319800274944,890492596224
15225008,13324087238656,890492596224
15230000,13327526551552,890779254784
15235010,13331460157440,892788416512
15240010,13335493197824,893254246400
15245009,13339580698624,893686951936
15250001,13344109682688,893812129792
15255010,13348227108864,893812129792
15260010,13352279515136,893812129792
15265010,13355963797504,893812129792
15270009,13359805480960,893812129792
15275010,13363313049600,893812129792
15280010,13367482761216,893812129792
15285010,13371419070464,893812129792
15290010,13374543974400,895180222464
15295010,13378933772288,897303048192
15300010,13383818346496,898465308672
15305010,13388300505088,899261906944
15310010,13393307140096,900037066752
15315010,13397965955072,900037066752
15320010,13402417303552,900037066752
15325010,13406922809344,900037066752
15330010,13411375259648,900037066752
15335010,13415712604160,900037066752
15340010,13419273748480,901167538176
15345010,13423487922176,902276636672
15350010,13427933118464,902654984192
15355010,13432246181888,902991519744
15360005,13436942163968,902991519744
15365010,13441411788800,902991519744
15370005,13445758582784,902991519744
15375010,13449850134528,902991519744
15380010,13453892911104,902991519744
15385010,13458252349440,902991519744
15390000,13462362574848,902991519744
15395008,13466788032512,902991519744
15400010,13470120738816,904966713344
15405010,13474071117824,906086719488
15410010,13478212837376,906877861888
15415010,13482690314240,907677548544
15420002,13487492435968,908106145792
15425010,13491564187648,908106145792
15430010,13496831086592,908106145792
15435006,13501137305600,908106145792
15440010,13505079943168,908106145792
15445010,13509136404480,908106145792
15450000,13512644784128,908106145792
15455010,13516405981184,908106145792
15460010,13520139862016,908106145792
15465010,13522960961536,909495894016
15470010,13526822699008,909624487936
15475010,13531077029888,909624487936
15480010,13535637368832,909624487936
15485010,13539847122944,909624487936
15490005,13543774375936,909624487936
15495010,13547962748928,909624487936
15500010,13552232681472,909624487936
15505005,13556409274368,909624487936
15510010,13559425048576,909624487936
15515010,13562022809600,909624487936
15520008,13564605005824,909624487936
15525001,13567369940992,909624487936
15530010,13569911816192,909624487936
15535010,13572503867392,909624487936
15540010,13574969839616,909624487936
15545007,13578024652800,909624487936
15550000,13580439490560,909799526400
15555003,13584111546368,912683425792
15560008,13588093181952,914359750656
15565010,13592390656000,915934851072
15570010,13596800958464,916796452864
15575010,13600789852160,916911841280
15580004,13604390494208,916911841280
15585010,13608476762112,916911841280
15590005,13612178370560,916911841280
15595010,13616375201792,916911841280
15600006,13620241752064,916911841280
15605010,13624383193088,916911841280
15610004,13628877959168,916911841280
15615004,13632477642752,916911841280
15620010,13636650680320,916911841280
15625004,13640662736896,916911841280
15630010,13644604534784,916911841280
15635000,13648860860416,916911841280
15640010,13652541071360,916911841280
15645001,13655848255488,917191995392
15650010,13659708059648,919580237824
15655010,13663799640064,919957291008
15660005,13667951976448,920015212544
15665009,13672165056512,920015212544
15670010,13676459012096,920015212544
15675010,13680426311680,920015212544
15680004,13684521033728,920015212544
15685000,13688588353536,920015212544
15690009,13692492460032,920015212544
15695010,13695819800576,920015212544
15700002,13699997417472,920015212544
15705010,13704077635584,920015212544
15710010,13707660402688,920015212544
15715010,13710587572224,921752924160
15720000,13714703941632,923071062016
15725001,13719125229568,924237336576
15730005,13723578216448,925086027776
15735010,13728421892096,925787901952
15740010,13733126635520,925787901952
15745010,13736226537472,926293913600
15750000,13740591915008,926348115968
15755010,13743463309312,927516372992
15760010,13746551889920,928802893824
15765010,13748701528064,929191428096
15770010,13750856032256,929191428096
15775000,13752868474880,929191428096
15780010,13754912915456,929453965312
15785000,13756927750144,929861308416
15790000,13759434514432,929861308416
15795010,13761785593856,929861308416
15800010,13763775610880,929861308416
15805010,13765938065408,929861308416
15810007,13768407638016,929861308416
15815000,13771283951616,929861308416
15820004,13773546033152,929861308416
15825010,13775942508544,929861308416
15830001,13779059695616,929861308416
15835007,13781775990784,929861308416
15840005,13783854829568,929861308416
15845010,13786837905408,929861308416
15850000,13789517340672,929861308416
15855010,13792580907008,929861308416
15860010,13794532077568,929861308416
15865010,13797070528512,929861308416
15870010,13800257900544,929861308416
15875010,13803305304064,929861308416
15880005,13805313282048,929861308416
15885010,13808088170496,929861308416
15890010,13811265388544,929861308416
15895010,13814291177472,929861308416
15900000,13816999022592,929861308416
15905010,13818199642112,929862397952
15910010,13820120403968,929862397952
15915000,13822354317312,929862397952
15920010,13823898595328,929862397952
15925000,13825091432448,929862397952
15930009,13826860834816,929862397952
15935010,13828743372800,929862397952
15940010,13831019634688,929862397952
15945010,13833650835456,929862397952
15950010,13835272949760,929862397952
15955010,13837591678976,929862397952
15960006,13840192917504,929862397952
15965010,13843350573056,929862397952
15970010,13845294395392,929862397952
15975010,13847228805120,929862397952
15980010,13849637613568,929862397952
15985010,13852826529792,929862397952
15990000,13855753977856,929862397952
15995010,13857263501312,929862397952
16000010,13859240640512,929862397952
16005010,13862102188032,929862397952
16010002,13865200713728,929862397952
16015008,13867361046528,929862397952
16020010,13869027463168,929862397952
16025010,13871292092416,929862397952
16030010,13874159718400,929862397952
16035010,13877145751552,929862397952
16040010,13879092457472,929862397952
16045007,13880741720064,929862397952
16050010,13882714501120,929862397952
16055001,13885576736768,929862397952
16060005,13888548384768,929862397952
16065010,13890443579392,929862397952
16070002,13892081684480,929862397952
16075010,13894117740544,929862397952
16080008,13896829046784,929862397952
16085010,13899846520832,929862397952
16090010,13901866479616,929862397952
16095010,13903340732416,929862397952
16100005,13905089884160,929862397952
16105010,13907652546560,929862397952
16110006,13910390083584,929862397952
16115000,13913009156096,929862397952
16120010,13917672988672,929862397952
16125010,13924052774912,929862430720
16130000,13930201255936,929862430720
16135010,13936054210560,929862430720
16140010,13938261442560,929862430720
16145008,13940412272640,929862430720
16150010,13942481162240,929862430720
16155010,13944465670144,929862430720
16160010,13946527817728,929862430720
16165010,13949021192192,929862430720
16170000,13951608991744,929862430720
16175010,13953594855424,929862430720
16180010,13955410325504,930585374720
16185010,13958308630528,931382030336
16190007,13960319836160,932788826112
16195010,13963464826880,934217248768
16200010,13968946970624,935473803264
16205010,13975025909760,937043046400
16210001,13981713145856,937824923648
16215010,13988681732096,938629820416
16220003,13995621347328,939486081024
16225008,13997832794112,940318666752
16230001,13998781300736,941908815872
16235010,13999273074688,943903059968
16240010,13999813996544,944818630656
16245000,14000228126720,947257028608
16250007,14000420208640,949698588672
16255009,14000745971712,951438045184
16260008,14000848666624,954222227456
16265010,14001376280576,955745579008
16270010,14001696108544,957262344192
16275001,14001976983552,959064305664
16280010,14003078144000,961229778944
16285010,14003971526656,962336862208
16290010,14004860829696,964206145536
16295010,14005902094336,965605208064
16300010,14006989496320,966148141056
16305010,14007944388608,967866265600
16310010,14009308082176,969401495552
16315004,14010527653888,970046255104
16320006,14011920830464,970646056960
16325010,14013045567488,971635421184
16330002,14014704259072,972240760832
16335000,14016415756288,972459798528
16340004,14018013089792,973218246656
16345010,14019666759680,973894987776
16350007,14020873625600,974777856000
16355000,14022101065728,975830970368
16360009,14024429744128,976221188096
16365012,14026043166720,976518426624
16370005,14027080101888,977136201728
16375010,14028207349760,977830653952
16380010,14029483450368,979073314816
16385010,14031426170880,979677769728
16390010,14032663257088,980204908544
16395010,14033859985408,980686467072
16400010,14034885521408,981530816512
16405010,14035908718592,983134957568
16410004,14037185769472,984228573184
16415010,14038532063232,984977879040
16420010,14039988908032,985075593216
16425010,14041110409216,986578661376
16430007,14043025002496,988033626112
16435007,14044317188096,988862902272
16440010,14045728448512,989336924160
16445009,14046976651264,989681332224
16450010,14048651268096,990187761664
16455008,14049903009792,991424638976
16460010,14050627411968,992020115456
16465010,14051227414528,992536342528
16470010,14052142043136,993126723584
16475010,14052875268096,994105274368
16480010,14053760561152,995141693440
16485010,14054518644736,995610750976
16490008,14055113064448,996183486464
16495010,14055699300352,997292568576
16500010,14056048697344,999402319872
16505010,14057140690944,1000817422336
16510010,14058340167680,1001325391872
16515010,14059092180992,1001841848320
16520010,14059534311424,1003005243392
16525010,14059773648896,1005277687808
16530010,14060354617344,1006974185472
16535010,14061064224768,1007593041920
16540010,14062123888640,1007952211968
16545010,14062862753792,1009976799232
16550010,14064396374016,1011981266944
16555010,14066047008768,1012733603840
16560010,14067921661952,1013132013568
16565010,14069665316864,1013530275840
16570010,14072163905536,1013530472448
16575010,14074398588928,1014266032128
16580010,14076598476800,1015474860032
16585010,14078803742720,1016457883648
16590004,14080184700928,1017204305920
16595010,14081847123968,1017574879232
16600004,14083729756160,1017746845696
16605010,14085684527104,1018150973440
16610010,14087813353472,1019101147136
16615010,14089842950144,1019948544000
16620010,14091710746624,1020672978944
16625010,14093690732544,1021665128448
16630010,14096829169664,1022191529984
16635010,14098634633216,1022604603392
16640010,14100555132928,1023115620352
16645010,14102418874368,1023592574976
16650010,14104232685568,1024037253120
16655010,14105996124160,1024526938112
16660010,14108794892288,1024749350912
16665007,14111246856192,1025530523648
16670010,14113185251328,1026339958784
16675007,14115437219840,1027461066752
16680007,14117568909312,1028615843840
16685010,14119841452032,1029829963776
16690010,14121979387904,1029976502272
16695000,14124031926272,1030336655360
16700010,14125901860864,1030781415424
16705010,14127829614592,1031277965312
16710008,14129860481024,1032012083200
16715010,14131904221184,1032910123008
16720002,14134045356032,1033229447168
16725010,14136703598592,1033782996992
16730001,14138349445120,1034694406144
16735010,14140616007680,1036026097664
16740001,14142473490432,1036691943424
16745010,14144061173760,1037548351488
16750002,14146031734784,1037732311040
16755010,14147914805248,1038094594048
16760010,14149491896320,1038590701568
16765000,14151224549376,1039291805696
16770010,14153018417152,1040007032832
16775010,14154658971648,1040636047360
16780010,14156955889664,1040928960512
16785010,14159471927296,1041734709248
16790010,14161526874112,1043001683968
16795010,14163243794432,1043892334592
16800010,14164848644096,1044438839296
16805010,14166620012544,1044838805504
16810010,14167969423360,1045005365248
16815010,14170036944896,1045347692544
16820010,14171658919936,1046004183040
16825010,14173269893120,1046564286464
16830010,14174859141120,1047148605440
16835010,14176693473280,1047930269696
16840010,14179145904128,1048345653248
16845010,14181822992384,1049351417856
16850010,14183309426688,1050084323328
16855010,14184937922560,1050520268800
16860005,14186618953728,1051014131712
16865010,14190898982912,1051403546624
16870010,14195077664768,1051566338048
16875010,14197978042368,1051887300608
16880010,14200161546240,1052546568192
16885010,14202349211648,1053316829184
16890010,14204409090048,1054110748672
16895003,14206599012352,1055050027008
16900005,14209445040128,1055544692736
16905004,14211858083840,1055867031552
16910010,14214384889856,1056238637056
16915010,14216586596352,1056623136768
16920010,14218645086208,1057015648256
16925005,14220549939200,1057506201600
16930009,14222571282432,1057725419520
16935010,14224833564672,1058097598464
16940010,14226930470912,1058756268032
16945004,14229053018112,1059520827392
16950010,14231130357760,1060586033152
16955004,14232955674624,1062445748224
16960000,14234289287168,1063068078080
16965010,14235146477568,1063518408704
16970010,14235982385152,1064240484352
16975010,14237116321792,1065248821248
16980008,14237949390848,1065967456256
16985008,14238634995712,1066977562624
16990010,14239342739456,1067766435840
16995010,14241170063360,1069670191104
17000010,14241816915968,1070596919296
17005010,14242332078080,1071041138688
17010010,14242638450688,1071605239808
17015010,14242886778880,1072204795904
17020007,14243438469120,1072662646784
17025010,14243576725504,1074806034432
17030010,14244200108032,1076641157120
17035010,14244677779456,1077418135552
17040010,14245102882816,1077850132480
17045010,14245296472064,1078506721280
17050010,14245674156032,1078811316224
17055010,14245701058560,1080099229696
17060010,14245806133248,1083070287872
17065010,14246470365184,1084022034432
17070010,14246882242560,1084543438848
17075010,14247537684480,1085407236096
17080010,14248447549440,1085803974656
17085010,14248910286848,1086372515840
17090010,14249211047936,1087012507648
17095010,14249501782016,1087822811136
17100010,14249696915456,1089805651968
17105010,14250992939008,1092125708288
17110010,14251799773184,1092365979648
17115010,14252442562560,1093023879168
17120010,14252703698944,1093660790784
17125010,14253289672704,1094735204352
17130010,14253878099968,1095488458752
17135010,14254272872448,1096157237248
17140010,14255035944960,1096446169088
17145010,14255579287552,1098547286016
17150001,14257438560256,1100480253952
17155010,14257986142208,1101216698368
17160010,14258531438592,1101642829824
17165010,14259048366080,1102521339904
17170010,14259615399936,1102861750272
17175010,14259951599616,1103457439744
17180010,14260238073856,1104230633472
17185010,14260449378304,1105968992256
17190010,14262173171712,1107928862720
17195010,14263600652288,1109191512064
17200008,14264251068416,1109915750400
17205010,14264673968128,1110430011392
17210010,14265025806336,1110946861056
17215010,14265391677440,1111506128896
17220010,14265617485824,1112410279936
17225004,14265860923392,1114020843520
17230010,14268122320896,1114915983360
17235010,14268498870272,1115727745024
17240010,14269100769280,1116134395904
17245010,14269542883328,1116585791488
17250010,14269946032128,1117032976384
17255010,14270322995200,1117572354048
17260010,14270823444480,1118356393984
17265010,14271405109248,1121013026816
17270001,14272179154944,1122085261312
17275010,14272743981056,1122726285312
17280010,14273200185344,1123203665920
17285002,14273638395904,1123659681792
17290010,14274408591360,1123923988480
17295010,14274705154048,1124780199936
17300010,14274928959488,1126204870656
17305010,14276104003584,1128286720000
17310000,14277653159936,1130296365056
17315010,14278002921472,1131053125632
17320010,14279142666240,1131345285120
17325010,14279587049472,1131830185984
17330010,14280037085184,1132373282816
17335010,14280474206208,1132926554112
17340010,14280937005056,1133484462080
17345010,14281397936128,1134125223936
17350010,14282178088960,1134735888384
17355010,14282617724928,1137088221184
17360010,14283991064576,1139234951168
17365010,14284684865536,1140211748864
17370010,14285500362752,1140889128960
17375010,14286123581440,1141334413312
17380010,14287239979008,1141613907968
17385010,14287629017088,1142177779712
17390010,14287966703616,1142768422912
17395010,14288286699520,1143455862784
17400010,14288491679744,1144675766272
17405010,14288859766784,1146561417216
17410010,14290730016768,1147605127168
17415010,14291640815616,1148444659712
17420010,14292500287488,1149596192768
17425010,14293156950016,1150081830912
17430010,14293862772736,1150673915904
17435010,14294612054016,1151306846208
17440010,14295739572224,1151504257024
17445010,14296639168512,1152252153856
17450010,14297953300480,1153485737984
17455010,14299071086592,1154983464960
17460010,14299291422720,1157198532608
17465010,14299990822912,1159317377024
17470010,14301504221184,1160150405120
17475008,14302176346112,1160445202432
17480010,14302869434368,1160830242816
17485010,14303503986688,1161340620800
17490010,14304151330816,1161829715968
17495010,14305045585920,1162418442240
17500002,14306429624320,1162704179200
17505010,14306861858816,1164037689344
17510010,14307649601536,1165713756160
17515010,14308314087424,1167612186624
17520010,14309942542336,1169620275200
17525010,14310204006400,1170498113536
17530010,14311506542592,1170706780160
17535002,14312269611008,1171336908800
17540005,14313091129344,1172055019520
17545010,14313939955712,1172793364480
17550010,14314661330944,1173408174080
17555010,14315480956928,1174125694976
17560010,14317004709888,1174476115968
17565008,14318351261696,1175520530432
17570010,14319974060032,1177106272256
17575010,14321714778112,1178817515520
17580008,14323367088128,1180391788544
17585010,14325239713792,1182255419392
17590010,14326535913472,1183008804864
17595010,14327399436288,1183253467136
17600010,14328254054400,1183702290432
17605010,14329273454592,1184316280832
17610010,14329945800704,1184827527168
17615010,14330586185728,1185369673728
17620004,14332074885120,1185636798464
17625010,14333597601792,1186626998272
17630010,14335069200384,1188236185600
17635010,14335604400128,1190333108224
17640008,14336638656512,1192346603520
17645004,14338314903552,1194061402112
17650005,14339048955904,1194524168192
17655005,14340348952576,1194825977856
17660005,14341209858048,1195347972096
17665005,14342128893952,1196077731840
17670005,14342975287296,1196644044800
17675005,14343813918720,1197326061568
17680005,14345267728384,1197729075200
17685005,14346379735040,1199237173248
17690005,14348304064512,1201144107008
17695005,14350224007168,1203051106304
17700005,14351923732480,1204675530752
17705005,14353842102272,1206574075904
17710005,14355882688512,1207179825152
17715005,14356306976768,1207343910912
17720000,14357223874560,1207901360128
17725005,14357982576640,1208325312512
17730005,14358630461440,1208862887936
17735005,14359265906688,1209373642752
17740005,14360552673280,1209607704576
17745005,14361569562624,1210556928000
17750005,14362801696768,1211681525760
17755004,14364289347584,1213043052544
17760005,14365848006656,1214497312768
17765003,14367483293696,1216059723776
17770004,14369907421184,1216772263936
17775005,14371635458048,1218022477824
17780005,14372420788224,1218832027648
17785005,14373175734272,1219563130880
17790005,14374078763008,1220032860160
17795005,14374860812288,1220581609472
17800005,14376025182208,1220802416640
17805005,14376692391936,1221353951232
17810005,14377544208384,1222100848640
17815005,14378555641856,1223005687808
17820005,14379727089664,1224040763392
17825005,14380947320832,1225139752960
17830005,14383042326528,1225649262592
17835005,14384986140672,1227154624512
17840005,14386552156160,1228609441792
17845005,14388189605888,1230163152896
17850005,14388878340096,1231008845824
17855005,14389611819008,1231621738496
17860005,14390908747776,1231848624128
17865005,14391529730048,1232359346176
17870005,14392153997312,1232884518912
17875005,14392878333952,1233509847040
17880005,14393731497984,1234262233088
17885005,14394608881664,1235056234496
17890000,14396369494016,1235439833088
17895005,14398038925312,1236565905408
17900005,14399521742848,1237902594048
17905005,14401240641536,1239565520896
17910005,14402714284032,1240882188288
17915005,14404455624704,1242574573568
17920005,14405464416256,1242895028224
17925005,14406238859264,1243266224128
17930005,14406943072256,1243763806208
17935005,14407503900672,1244218626048
17940005,14408076091392,1244701773824
17945005,14408843153408,1245368635392
17950000,14410088210432,1245665595392
17955004,14411378503680,1246311010304
17960005,14412526956544,1247365419008
17965005,14413812477952,1248469127168
17970005,14414616031232,1250304544768
17975005,14414784753664,1252019539968
17980005,14416322772992,1252829646848
17985005,14416886554624,1253101342720
17990005,14417522294784,1253526245376
17995005,14418038755328,1253961879552
18000004,14418584080384,1254415978496
18005010,14419309346816,1255000117248
18010000,14420808388608,1255278481408
18015010,14421904449536,1256013008896
18020000,14422976356352,1256972046336
18025010,14424237318144,1258058878976
18030000,14425588424704,1259314302976
18035010,14426556866560,1260628463616
18040000,14427575934976,1261450317824
18045009,14428711387136,1262360121344
18050010,14429239128064,1263273070592
18055010,14429839757312,1263716208640
18060010,14430421872640,1264183971840
18065001,14430971359232,1264639332352
18070010,14432168964096,1264864235520
18075000,14432951971840,1265540517888
18080001,14433768972288,1266246733824
18085010,14434645221376,1267024924672
18090000,14435652476928,1267920949248
18095000,14436761427968,1268844449792
18100010,14438551941120,1269325828096
18105010,14439198830592,1270461485056
18110010,14439978151936,1272375922688
18115010,14441204736000,1273357422592
18120010,14441609338880,1274324881408
18125010,14442086019072,1274714296320
18130000,14442732314624,1274960089088
18135000,14443339116544,1275471466496
18140002,14444049821696,1276079902720
18145010,14444817502208,1276746354688
18150000,14445579374592,1277406580736
18155004,14446461784064,1278189522944
18160010,14448173977600,1278503243776
18165000,14449015611392,1279433445376
18170000,14449546584064,1280970854400
18175010,14449818132480,1283045183488
18180011,14450587451392,1283797159936
18185010,14451075518464,1284937879552
18190000,14452012478464,1285158080512
18195000,14452556132352,1285601595392
18200010,14453100220416,1286055268352
18205010,14453782925312,1286626316288
18210000,14454484250624,1287219695616
18215000,14455232933888,1287861293056
18220010,14456652197888,1288166985728
18225006,14457703264256,1289105281024
18230000,14458742751232,1289960853504
18235010,14459303116800,1291198926848
18240000,14459523874816,1293043535872
18245006,14460210192384,1294414696448
18250010,14460687855616,1294937509888
18255010,14461090287616,1295330037760
18260010,14461480497152,1295824949248
18265010,14461875195904,1296384806912
18270010,14462264565760,1296988426240
18275010,14462639644672,1297587998720
18280010,14463368585216,1297970040832
18285000,14463640739840,1298889822208
18290000,14463915749376,1299639586816
18295000,14464183873536,1300787269632
18300010,14464306851840,1302421540864
18305010,14464750252032,1304118644736
18310008,14470839525376,1304397303808
18315010,14479617060864,1304404103168
18320002,14487348383744,1304404103168
18325010,14489598144512,1304665116672
18330010,14489606471680,1305107927040
18335001,14489623990272,1305494974464
18340010,14489687580672,1305882730496
18345009,14489747709952,1306161676288
18350009,14489890697216,1306489511936
18355010,14490032148480,1306852593664
18360010,14490207555584,1307096240128
18365010,14490376237056,1307346448384
18370010,14490540277760,1307622649856
18375010,14490682503168,1307908923392
18380009,14490826092544,1308225130496
18385009,14490982006784,1308559339520
18390010,14491126755328,1308935659520
18395009,14491295387648,1309283053568
18400008,14491478679552,1309334544384
18405010,14491644518400,1309767340032
18410006,14491815579648,1310226944000
18415010,14492000321536,1310254743552
18420010,14492198506496,1310734032896
18425009,14492399083520,1311267422208
18430010,14492633432064,1311268323328
18435009,14492841586688,1311854338048
18440010,14493056901120,1312055296000
18445010,14493296111616,1312514486272
18450010,14493515685888,1313214513152
18455009,14493839228928,1313215205376
18460010,14494111023104,1313969233920
18465010,14494400684032,1313987301376
18470006,14494642958336,1313987809280
18475010,14494881783808,1314825482240
18480010,14495165317120,1314826014720
18485010,14495387787264,1315783159808
18490010,14495679848448,1315783598080
18495010,14495975235584,1315783991296
18500010,14496194400256,1316833685504
18505009,14496488427520,1316834127872
18510010,14496741466112,1316956643328
18515010,14497021456384,1317997744128
18520010,14497320714240,1317998137344
18525010,14497617920000,1319265873920
18530010,14497915944960,1319266332672
18535010,14498217377792,1319266816000
18540010,14498428059648,1320636776448
18545010,14498733543424,1320637186048
18550010,14499029250048,1320637579264
18555010,14499242971136,1320805912576
18560010,14499488415744,1322153562112
18565009,14499791892480,1322154033152
18570010,14500087558144,1322154475520
18575010,14500221628416,1323851210752
18580010,14500518289408,1323851620352
18585009,14500827164672,1323852058624
18590010,14501125398528,1323852541952
18595010,14501133811712,1325521383424
18600010,14501419429888,1325715275776
18605000,14501725949952,1325715775488
18610010,14502028484608,1325716291584
18615002,14502153629696,1325939146752
18620009,14502193483776,1327833477120
18625009,14502463393792,1327834099712
18630010,14502727024640,1327834722304
18635010,14502974681088,1327835398144
18640010,14503064268800,1328113164288
18645010,14503064276992,1329114820608
18650010,14503320403968,1330117357568
18655010,14503585918976,1330118090752
18660009,14503860219904,1330119024640
18665010,14504037654528,1330309996544
18670010,14504131358720,1331914878976
18675010,14504412762112,1331915710464
18680010,14504699637760,1331916664832
18685010,14504986750976,1331917504512
18690010,14505178517504,1331918094336
18695010,14505207853056,1332551024640
18700010,14505317310464,1333992464384
18705010,14505587580928,1333993529344
18710010,14505846857728,1333994602496
18715010,14506069618688,1333995798528
18720010,14506246647808,1333996810240
18725009,14506292903936,1334232588288
18730010,14506357264384,1336209391616
18735010,14506535137280,1336210595840
18740010,14506750787584,1336212561920
18745010,14506995027968,1336214851584
18750010,14507061997568,1336448004096
18755010,14507062124544,1338997194752
18760001,14507299405824,1339144118272
18765010,14507534520320,1339146305536
18770009,14507774046208,1339148681216
18775010,14507881369600,1339513909248
18780010,14507881369600,1340194959360
18785010,14508009811968,1341932167168
18790010,14508242145280,1341934198784
18795010,14508500656128,1341936562176
18800010,14508706172928,1341938565120
18805010,14508708237312,1342557437952
18810010,14508708302848,1343405539328
18815010,14508916314112,1344773668864
18820009,14509187944448,1344776105984
18825010,14509445709824,1344778215424
18830010,14509650206720,1344832323584
18835010,14509656907776,1345492926464
18840010,14509657088000,1347145801728
18845009,14509963517952,1347650269184
18850009,14510237601792,1347652661248
18855010,14510526177280,1347655307264
18860001,14510830714880,1347748765696
18865010,14510830714880,1348403601408
18870009,14510906732544,1350613934080
18875010,14511230730240,1350616141824
18880010,14511552204800,1350618353664
18885010,14511849299968,1350620647424
18890010,14512103403520,1350844928000
18895002,14512103403520,1351502925824
18900010,14512191324160,1353589075968
18905009,14512519622656,1353591021568
18910009,14512851206144,1353593020416
18915010,14513157959680,1353594748928
18920003,14513413431296,1353596350464
18925010,14513453637632,1354188091392
18930009,14513454632960,1355659374592
18935010,14513725554688,1356619042816
18940006,14514022211584,1356620943360
18945010,14514330009600,1356623241216
18950009,14514626617344,1356625600512
18955010,14514852409344,1357027389440
18960010,14514852413440,1357689122816
18965008,14515016228864,1359775690752
18970010,14515335929856,1359778127872
18975010,14515645636608,1359780564992
18980009,14515954733056,1359783288832
18985010,14516194250752,1360156758016
18990010,14516194418688,1360816312320
18995010,14516275503104,1362947239936
19000010,14516584300544,1362949677056
19005010,14516883582976,1362952085504
19010009,14517179486208,1362954866688
19015010,14517403389952,1362957058048
19020007,14517403914240,1363602505728
19025010,14517403914240,1364209008640
19030010,14517499891712,1365790916608
19035010,14517789159424,1365793660928
19040009,14518077366272,1365796376576
19045009,14518370140160,1365799092224
19050010,14518814445568,1366062239744
19055010,14518814445568,1366692433920
19060010,14518913122304,1368628711424
19065010,14519233077248,1368631525376
19070010,14519517847552,1368634130432
19075010,14519798558720,1368636751872
19080010,14520075739136,1368639033344
19085010,14520183943168,1369049894912
19090010,14520263692288,1371455889408
19095007,14520546471936,1371458519040
19100010,14520828313600,1371461021696
19105010,14521117495296,1371463729152
19110010,14521400258560,1371466137600
19115010,14521893740544,1371704500224
19120010,14521974575104,1374204129280
19125009,14522309402624,1374206316544
19130002,14522632323072,1374208528384
19135009,14522949406720,1374210936832
19140010,14523249299456,1374213320704
19145010,14523508817920,1374215159808
19150010,14523618197504,1374848679936
19155009,14523754389504,1377084915712
19160009,14524047048704,1377087209472
19165010,14524343488512,1377089830912
19170010,14524619501568,1377092001792
19175010,14524895502336,1377094107136
19180000,14525117087744,1377095790592
19185010,14525408833536,1377713008640
19190010,14525408837632,1378330226688
19195010,14525408854016,1378929684480
19200010,14525408878592,1379595333632
19205010,14525540950016,1381172748288
19210010,14525863755776,1381175095296
19215010,14526165274624,1381177536512
19220010,14526485430272,1381179834368
19225010,14526777602048,1381182386176
19230010,14527068323840,1381185007616
19235010,14527462866944,1381388521472
19240010,14527464394752,1382042800128
19245010,14527646900224,1384714747904
19250009,14528002953216,1384717443072
19255000,14528333778944,1384720166912
19260010,14528654929920,1384722915328
19265010,14528943370240,1384725753856
19270010,14529250066432,1384728604672
19275010,14529736466432,1384795824128
19280010,14529996312576,1385380028416
19285010,14529996312576,1385972375552
19290010,14529996324864,1386553827328
19295010,14529996341248,1387163852800
19300009,14530068697088,1388787306496
19305010,14530416455680,1388789964800
19310010,14530715275264,1388792381440
19315010,14531009310720,1388795875328
19320009,14531272937472,1388799479808
19325009,14531559452672,1388804005888
19330010,14531769757696,1388817063936
19335005,14531770216448,1389443866624
19340010,14531770220544,1390093230080
19345010,14531770236928,1390656856064
19350010,14531770261504,1391239979008
19355010,14531770281984,1391876857856
19360009,14532084187136,1393237168128
19365010,14532498501632,1393241260032
19370000,14532806754304,1393245437952
19375010,14533119934464,1393249382400
19380010,14533403734016,1393253486592
19385010,14533729710080,1393338171392
19390006,14533738061824,1393987862528
19395010,14533743382528,1394651365376
19400010,14533864771584,1397012819968
19405009,14534216679424,1397016961024
19410010,14534605029376,1397020848128
19415010,14534962876416,1397024428032
19420009,14535291199488,1397028339712
19425010,14535557255168,1397031636992
19430010,14535794114560,1397467320320
19435010,14535794114560,1398081146880
19440010,14535794126848,1398724087808
19445010,14535794143232,1399319023616
19450009,14535917588480,1401420496896
19455010,14536276598784,1401424646144
19460009,14536582242304,1401428934656
19465010,14536874807296,1401433681920
19470010,14537177583616,1401438498816
19475010,14537429102592,1401442643968
19480010,14537721896960,1401868873728
19485010,14537721909248,1402455257088
19490010,14537721929728,1403099623424
19495010,14537721946112,1403751510016
19500010,14537977262080,1405523443712
19505010,14538282090496,1405527543808
19510010,14538588606464,1405532123136
19515010,14538887634944,1405537128448
19520010,14539181047808,1405542174720
19525003,14539678191616,1405558292480
19530010,14539701440512,1406165827584
19535010,14539706699776,1406821515264
19540010,14539776495616,1409429245952
19545010,14540167385088,1409434320896
19550010,14540488212480,1409439051776
19555010,14540792045568,1409443725312
19560010,14541099913216,1409448415232
19565010,14541395615744,1409453531136
19570007,14541770670080,1409798942720
19575010,14541770670080,1410437165056
19580010,14541778980864,1411082350592
19585010,14541780914176,1411700535296
19590010,14541780942848,1412276400128
19595010,14541781901312,1413599551488
19600009,14542153330688,1413981515776
19605010,14542494052352,1413986721792
19610010,14542823378944,1413992361984
19615009,14543138398208,1413998149632
19620009,14543432421376,1414003159040
19625000,14543708889088,1414231875584
19630010,14543741493248,1414859579392
19635010,14543741513728,1415433805824
19640010,14543743176704,1416107810816
19645010,14543990484992,1418144796672
19650010,14544345640960,1418149928960
19655010,14544685314048,1418155040768
19660010,14544993701888,1418160545792
19665010,14545503821824,1418165604352
19670010,14545894830080,1418312388608
19675010,14545895059456,1418933227520
19680010,14545897291776,1419549085696
19685010,14545914896384,1420149723136
19690010,14546029117440,1422705729536
19695010,14546453348352,1422710833152
19700008,14546784948224,1422715539456
19705010,14547090259968,1422720774144
19710010,14547406614528,1422726045696
19715009,14547692556288,1422731689984
19720010,14548135034880,1422857314304
19725010,14548144013312,1423440486400
19730010,14548144246784,1424026804224
19735010,14548144545792,1424704937984
19740010,14548144553984,1425311309824
19745010,14548144582656,1425886257152
19750010,14548268998656,1427380006912
19755010,14548621086720,1427384778752
19760009,14548960636928,1427390337024
19765010,14549285027840,1427395969024
19770010,14549574025216,1427400900608
19775010,14549869342720,1427406282752
19780010,14550252601344,1427702341632
19785010,14550252609536,1428294131712
19790010,14550252617728,1428865114112
19795010,14550252634112,1429417369600
19800010,14550252658688,1430068240384
19805006,14550263865344,1431715938304
19810010,14550668488704,1431720071168
19815010,14551036096512,1431725543424
19820010,14551380279296,1431731007488
19825009,14551710715904,1431736057856
19830010,14552104148992,1431741485056
19835000,14552631492608,1431744352256
19840010,14553043099648,1432378970112
19845010,14553043120128,1433020059648
19850010,14553074323456,1433634672640
19855010,14553074327552,1434251366400
19860010,14553329328128,1436010786816
19865009,14553819930624,1436015792128
19870010,14554233044992,1436020330496
19875010,14554627760128,1436025327616
19880009,14555040821248,1436029968384
19885010,14555454402560,1436034568192
19890010,14555800276992,1436037492736
19895010,14556962119680,1436469702656
19900010,14556986355712,1437109678080
19905010,14556986355712,1437897928704
19910010,14557033975808,1440396431360
19915010,14557559746560,1440400609280
19920010,14558036516864,1440405626880
19925010,14558506942464,1440410710016
19930009,14558958456832,1440415813632
19935010,14559373742080,1440420032512
19940010,14559809523712,1440424243200
19945000,14560831303680,1440609193984
19950010,14560875491328,1441227673600
19955010,14560881438720,1441839681536
19960010,14560881442816,1442393493504
19965009,14561080999936,1444950380544
19970010,14561556574208,1444954542080
19975010,14561929564160,1444959055872
19980010,14562349727744,1444963180544
19985009,14562857865216,1444967710720
19990010,14563300614144,1444971884544
19995010,14563751886848,1444976140288
20000010,14564642295808,1445074067456
20005010,14565479751680,1445722644480
20010010,14565486665728,1446351052800
20015010,14565488549888,1446967173120
20020010,14565489156096,1447553523712
20025002,14565523750912,1449996136448
20030010,14565957578752,1449999970304
20035010,14566406742016,1450005151744
20040002,14566838448128,1450009952256
20045010,14567337287680,1450014806016
20050009,14567827759104,1450018377728
20055010,14568263798784,1450022866944
20060010,14568704528384,1450025582592
20065010,14569871470592,1450477699072
20070010,14569908924416,1451026055168
20075010,14569937973248,1451573592064
20080010,14569960865792,1452131713024
20085010,14569960865792,1452698632192
20090010,14570151370752,1454916530176
20095010,14570642296832,1454921134080
20100001,14571132354560,1454925762560
20105009,14571602321408,1454929465344
20110010,14572082466816,1454933217280
20115006,14572553846784,1454937968640
20120010,14572959367168,1454942228480
20125001,14573390458880,1454947454976
20130010,14574860468224,1455251116032
20135010,14575166509056,1455800307712
20140010,14575195758592,1456340635648
20145010,14575195766784,1456956837888
20150007,14575196618752,1457540698112
20155010,14575196618752,1458138845184
20160005,14575586189312,1460212871168
20165010,14576135794688,1460218548224
20170010,14576630050816,1460224221184
20175003,14577200721920,1460229038080
20180010,14577761611776,1460233871360
20185010,14578312491008,1460238733312
20190010,14578871189504,1460243701760
20195010,14580225646592,1460383977472
20200010,14580390813696,1460956090368
20205010,14580397907968,1461571489792
20210010,14580457627648,1462176911360
20215010,14580469805056,1462731280384
20220010,14580469846016,1463385870336
20225010,14580508135424,1465072148480
20230010,14581306978304,1465076174848
20235010,14581966077952,1465080668160
20240009,14582552444928,1465085173760
20245009,14583067336704,1465089724416
20250002,14583780642816,1465094291456
20255010,14584318193664,1465099423744
20260010,14584863682560,1465104617472
20265006,14585939353600,1465202581504
20270010,14587006316544,1465856745472
20275010,14587065839616,1466464870400
20280010,14587067133952,1467087478784
20285010,14587093643264,1467682856960
20290010,14587169570816,1470565523456
20295010,14587706511360,1470570713088
20300010,14588290461696,1470575980544
20305010,14588830326784,1470581821440
20310010,14589327949824,1470586556416
20315010,14589872332800,1470591815680
20320010,14590398025728,1470596042752
20325009,14591030112256,1470600798208
20330005,14592301363200,1470818643968
20335010,14592584904704,1471418904576
20340010,14592662482944,1472002895872
20345010,14592663138304,1472591147008
20350010,14592663187456,1473232318464
20355010,14592678600704,1475829735424
20360008,14593345519616,1475833450496
20365007,14593961533440,1475838300160
20370010,14594515390464,1475843203072
20375004,14595039416320,1475847045120
20380009,14595557859328,1475852038144
20385010,14596017451008,1475857051648
20390010,14596491051008,1475862654976
20395008,14597184385024,1475866005504
20400010,14597830299648,1475867688960
20405003,14600299851776,1476974624768
20410010,14600341237760,1477537005568
20415009,14600341237760,1478116982784
20420010,14600356970496,1478697762816
20425010,14600357396480,1479253590016
20430003,14600387252224,1481527984128
20435010,14601171681280,1481531904000
20440010,14601895829504,1481536360448
20445008,14602482360320,1481541931008
20450000,14603329638400,1481546436608
20455010,14603938873344,1481551523840
20460000,14604524949504,1481556045824
20465010,14605036261376,1481560567808
20470010,14605525483520,1481565712384
20475010,14606807855104,1481981702144
20480010,14608086593536,1482891456512
20485010,14608126439424,1483468599296
20490010,14608126570496,1484061323264
20495010,14608126832640,1484647133184
20500010,14608140943360,1486996627456
20505010,14608819507200,1487001214976
20510010,14609443717120,1487007522816
20515004,14610152812544,1487013236736
20520010,14610999574528,1487017222144
20525009,14611610087424,1487022346240
20530010,14612177334272,1487027499008
20535008,14612769570816,1487032115200
20540004,14613311393792,1487036166144
20545010,14615172620288,1487872077824
20550010,14615517585408,1488450236416
20555006,14615519944704,1489027854336
20560010,14615546195968,1489596084224
20565010,14615550259200,1490178551808
20570010,14615697940480,1492406628352
20575009,14616415289344,1492411846656
20580010,14617000144896,1492418301952
20585010,14617627148288,1492423602176
20590008,14618288832512,1492428873728
20595007,14618989690880,1492434104320
20600010,14619562917888,1492439302144
20605010,14620133539840,1492444475392
20610000,14621194620928,1492505907200
20615010,14622576992256,1493118373888
20620010,14622582300672,1493691469824
20625010,14622608269312,1494316601344
20630010,14622608646144,1494901837824
20635010,14622643757056,1495485943808
20640010,14622647717888,1497735696384
20645008,14623233933312,1497740324864
20650010,14623882137600,1497746149376
20655010,14624517279744,1497752006656
20660010,14625097674752,1497757863936
20665009,14625693163520,1497763155968
20670010,14626388111360,1497768407040
20675006,14627009486848,1497773584384
20680001,14628006903808,1497882767360
20685010,14629209178112,1499228434432
20690010,14629215617024,1499814965248
20695010,14629217419264,1500405690368
20700010,14629223014400,1501005656064
20705010,14629257420800,1501603180544
20710010,14629329891328,1503358627840
20715010,14630090145792,1503364321280
20720008,14630787272704,1503370555392
20725010,14631469486080,1503375704064
20730009,14632163016704,1503380946944
20735010,14632794124288,1503386869760
20740008,14633424732160,1503392862208
20745000,14633932324864,1503398912000
20750010,14635565633536,1504009560064
20755010,14636163776512,1504848961536
20760010,14636175179776,1505430134784
20765010,14636177801216,1506032984064
20770010,14636214497280,1508510584832
20775010,14637002424320,1508515434496
20780003,14637718204416,1508522090496
20785003,14638374633472,1508528771072
20790010,14639112941568,1508534820864
20795010,14639680540672,1508541526016
20800010,14640306192384,1508547706880
20805007,14640844488704,1508553265152
20810001,14642727862272,1509416980480
20815010,14643254693888,1510081646592
20820001,14643256365056,1510668439552
20825010,14643289870336,1511274369024
20830010,14643290587136,1513575329792
20835009,14643884167168,1513847476224
20840000,14644535144448,1513855012864
20845010,14645181018112,1513862516736
20850008,14645816946688,1513868132352
20855009,14646502232064,1513874362368
20860000,14647172157440,1513879908352
20865010,14647767674880,1513886068736
20870010,14649531473920,1514714378240
20875010,14649534341120,1515280723968
20880010,14649580642304,1515858309120
20885010,14649582215168,1516464631808
20890010,14649698062336,1518952366080
20895001,14650488659968,1518958678016
20900010,14651216908288,1518966353920
20905000,14651913334784,1518972862464
20910010,14652518469632,1518978809856
20915010,14653158600704,1518985461760
20920010,14653933215744,1518991478784
20925005,14654629580800,1518996848640
20930000,14655964749824,1519242027008
20935010,14656924258304,1520399589376
20940010,14656930467840,1520992264192
20945010,14656930680832,1521607548928
20950010,14656940453888,1524064309248
20955010,14657707577344,1524074369024
20960009,14658489532416,1524081098752
20965008,14659226058752,1524087881728
20970010,14660408373248,1524371763200
20975010,14660535431168,1524995981312
20980010,14660542214144,1525648736256
20985010,14660542218240,1526314663936
20990010,14660720300032,1527228309504
20995010,14660971388928,1527359692800
21000001,14661403549696,1527415103488
21005010,14661449797632,1529642401792
21010010,14661499973632,1530217828352
21015010,14661556011008,1530347069440
21020010,14661622104064,1530473959424
21025010,14661677711360,1530602950656
21030010,14661731528704,1530732150784
21035010,14661786071040,1530859868160
21040010,14661840830464,1530984124416
21045010,14661895725056,1531107004416
21050010,14661949870080,1531228147712
21055010,14662003486720,1531350831104
21060010,14662057721856,1531472031744
21065010,14662112026624,1531589947392
21070010,14662166908928,1531707494400
21075006,14662219407360,1531823251456
21080010,14662270894080,1531936296960
21085010,14662320943104,1532048736256
21090010,14662370426880,1532161040384
21095010,14662420398080,1532272291840
21100001,14662468956160,1532383084544
21105010,14662517248000,1532493455360
21110010,14662567874560,1532558077952
21115010,14663539159040,1532565860352
21120007,14665486716928,1532616110080
21120931,14665587335168,1532666822656
