timestamp_ms,read_bytes,written_bytes
0,55312384,659456
5005,56258560,14021148672
10005,56258560,15180742656
15002,56258560,15180742656
20002,190689280,15180742656
25005,324845568,15180742656
30005,995778560,15180742656
35005,1935007744,15180742656
40005,3008700416,15457783808
45005,4349603840,16256069632
50005,5965287424,16256069632
55005,7042215936,17185906688
60005,8521281536,17185906688
65005,9957294080,18645684224
70004,11272945664,18891575296
75004,12250525696,19863871488
80005,13831057408,19863871488
85004,15041302528,19863871488
90002,17239695360,22143062016
95005,19024887808,22143062016
100004,20099063808,23177383936
105005,21523275776,23177383936
110005,22617935872,24428228608
115005,24498262016,24995590144
120010,26015760384,25784766464
125010,27578146816,26022658048
130000,29392678912,26025676800
135010,31749554176,28263366656
140009,33833050112,28963176448
145010,35661078528,30461456384
150010,37622259712,30798422016
155009,39078957056,31984771072
160002,41878523904,33176236032
165010,44274089984,33570496512
170007,46175469568,35191812096
175009,48368623616,35304505344
180006,50282131456,36700995584
185010,53355634688,38074494976
190003,56274354176,38589022208
195002,58115203072,39670513664
200010,60213993472,39670513664
205009,63118979072,41853054976
210000,66180808704,42595672064
215010,68623396864,43184586752
220009,70782197760,44759400448
225010,73207767040,45189963776
230010,75491704832,45637890048
235009,78041174016,46825291776
240010,80861011968,47196569600
245010,83357052928,49116635136
250002,87441338368,50561925120
255010,90570199040,50909687808
260010,93153517568,52191416320
265000,96612728832,52704772096
270009,99935543296,53083807744
275009,102305865728,54814842880
280010,106409574400,56277012480
285010,110168428544,56893505536
290010,113808125952,56893505536
295010,116429692928,58497433600
300010,119713128448,58711408640
305010,122919182336,58711408640
310009,126056239104,60922339328
315009,130032967680,61660045312
320010,133665845248,61660045312
325010,136142946304,63000809472
330006,139488145408,63219482624
335010,142272638976,63219482624
340010,144965885952,64682430464
345003,148516990976,65268101120
350004,151898210304,65268101120
355009,154768666624,66818580480
360001,159246262272,68004261888
365010,163134644224,68605374464
370001,167299506176,68605374464
375001,170109464576,70203084800
380010,174543003648,70682849280
385010,178595905536,70682849280
390010,181718499328,71317942272
395008,185149313024,72482242560
400010,189010243584,72851652608
405000,192503783424,72940535808
410010,195243057152,74987765760
415007,200510476288,76357537792
420010,205575270400,77023064064
425010,209832075264,77023064064
430000,212948193280,78922723328
435010,217223680000,79476625408
440010,221455118336,79808212992
445010,224756473856,79808212992
450003,228568285184,82107654144
455006,233488568320,83342503936
460010,238647066624,83360301056
465010,242405412864,83360301056
470009,245154320384,84362149888
475010,249575632896,85310722048
480010,252713283584,85704212480
485009,256478642176,85790109696
490004,260088733696,85978853376
495006,263664197632,88415932416
500009,268960935936,89767096320
505010,273974018048,90465300480
510010,278564679680,90465300480
515006,282611105792,90465300480
520010,286494388224,92318326784
525010,290678005760,92829798400
530010,294518554624,93121048576
535007,298601824256,93121048576
540010,301621108736,93318209536
545002,306007654400,95687766016
550010,311023771648,96838340608
555009,315705896960,96913891328
560010,320443748352,96913891328
565000,324752154624,96914100224
570004,327719260160,98789142528
575010,331282292736,99283243008
580010,335638568960,99645124608
585007,339012448256,99657154560
590008,342154280960,101148766208
595007,346518257664,102634778624
600007,351466319872,103946641408
605009,356646055936,104626147328
610010,361372565504,104626147328
615010,365689163776,104626147328
620000,369179635712,106531840000
625005,372690157568,107189690368
630010,376733261824,107596836864
635009,381212860416,107796054016
640010,385565061120,107796054016
645010,388429209600,107993907200
650004,392902795264,110390816768
655009,397521666048,111633547264
660008,402612555776,112429223936
665010,407550844928,112546000896
670010,411227394048,112546000896
675002,414316265472,113981550592
680004,418812628992,114757083136
685010,422267162624,115142205440
690010,426786336768,115278639104
695010,429984681984,115278639104
700010,434262208512,115278639104
705010,437104640000,117532631040
710009,441220648960,118179536896
715004,445981609984,118179536896
720009,450052096000,118179536896
725010,454262681600,118179536896
730010,458552889344,118179536896
735010,462068895744,118179536896
740010,464914800640,120226971648
745010,469331128320,120692977664
750010,473407258624,120692977664
755010,478118879232,120692977664
760009,482476040192,120692977664
765003,486950047744,120692977664
770010,490679894016,122252263424
775010,495082483712,122500083712
780005,499385851904,122500083712
785010,504154304512,122500083712
790010,509550518272,122500083712
795001,514221780992,122500083712
800009,518415863808,122500083712
805010,521536593920,123986165760
810010,525951250432,124548460544
815010,530359193600,124548460544
820010,534597455872,124548460544
825007,538738696192,124548460544
830010,541757616128,124548460544
835006,544184926208,125684310016
840010,548837441536,126161842176
845010,552985264128,126161842176
850002,557157720064,126161842176
855004,561683255296,126161842176
860010,565789847552,126161842176
865010,569225711616,127703793664
870007,572722987008,128420024320
875008,576724078592,128818102272
880002,580964945920,128892223488
885009,585200934912,128892223488
890000,589015990272,128892223488
895008,592408358912,128892223488
900002,595581063168,131129790464
905010,599625822208,131421552640
910010,603531116544,131421552640
915006,607917260800,131421552640
920000,613728317440,131421552640
925010,617886412800,131421552640
930010,622131539968,131421552640
935010,624734330880,133130366976
940009,628743307264,133827444736
945008,632584478720,134217605120
950002,636734234624,134237138944
955008,640282353664,134237138944
960000,644069527552,134237138944
965009,647789072384,134237138944
970003,650307530752,136336683008
975010,654709563392,137317232640
980010,658772258816,137317232640
985010,663646973952,137317232640
990010,667624665088,137317232640
995010,671444750336,137317232640
1000010,675538997248,137317232640
1005006,679669800960,137352519680
1010000,683232673792,139674062848
1015010,687168069632,140270944256
1020010,691984285696,140611874816
1025010,696329486336,140656308224
1030010,699961364480,140656308224
1035010,704572542976,140656308224
1040010,707379798016,142202347520
1045010,712784068608,143982620672
1050010,717698072576,144625274880
1055010,722106290176,144625274880
1060010,726395641856,144625274880
1065010,731214569472,144625274880
1070008,735664406528,144625274880
1075002,739322011648,144641245184
1080001,741688320000,146247118848
1085010,745529360384,146717655040
1090010,749977989120,147086094336
1095009,754551398400,147086094336
1100010,758131408896,147086094336
1105000,762554978304,147086094336
1110010,766427299840,147086094336
1115010,770269552640,147086094336
1120010,773030801408,148879532032
1125006,777616470016,149818032128
1130010,782943817728,150034264064
1135010,786730622976,150034264064
1140005,790884597760,150034264064
1145006,795847647232,150034264064
1150010,801663627264,150034264064
1155010,806658605056,150034264064
1160010,811611697152,150034264064
1165003,816833376256,150034264064
1170010,822528503808,150034264064
1175010,827779919872,150034264064
1180002,831624974336,150400872448
1185010,836186185728,153142280192
1190004,841953083392,154008944640
1195004,848167231488,154405523456
1200005,853391962112,154790191104
1205010,858887598080,154820390912
1210010,865266528256,154820390912
1215002,871536619520,154820390912
1220003,877860409344,154820390912
1225000,884262821888,154820390912
1230010,889505128448,154820390912
1235000,894831034368,154820390912
1240010,898047578112,155921780736
1245010,902115418112,156431605760
1250010,906558361600,156431605760
1255010,911431745536,156431605760
1260002,916416761856,156431605760
1265010,920886210560,156431605760
1270000,925173182464,156431605760
1275010,928272756736,157855924224
1280006,933054595072,159062532096
1285008,938306793472,159564664832
1290010,942724980736,159709896704
1295009,946668126208,159709896704
1300000,951240884224,159709896704
1305004,955566813184,159709896704
1310003,958366359552,161144922112
1315004,962621575168,161887236096
1320003,967965609984,162201997312
1325001,972519043072,162201997312
1330010,977609285632,162201997312
1335010,981941862400,162201997312
1340001,986119397376,162201997312
1345010,991267082240,162201997312
1350010,995681533952,162201997312
1355002,998710648832,163671011328
1360002,1003307966464,165421621248
1365010,1008368939008,165902299136
1370010,1013067911168,165902299136
1375010,1017475854336,165902299136
1380010,1022314123264,165902299136
1385010,1026498473984,165902299136
1390006,1031301386240,165902299136
1395010,1036124594176,165902299136
1400010,1039286554624,168058245120
1405010,1044728397824,168447381504
1410010,1049378512896,168447381504
1415009,1054342234112,168447381504
1420010,1058577477632,168447381504
1425010,1063208505344,168447381504
1430010,1068001386496,168447381504
1435010,1072251723776,168447381504
1440010,1075452764160,169798053888
1445009,1080841089024,171371147264
1450004,1085363437568,172564312064
1455010,1090276220928,172940636160
1460001,1095551029248,172940636160
1465010,1100410486784,172940636160
1470006,1103890485248,172940636160
1475002,1107308838912,174531878912
1480010,1112827146240,175251132416
1485003,1117493604352,175341895680
1490010,1123157528576,175341895680
1495009,1127721848832,175341895680
1500001,1132686012416,175341895680
1505009,1136062570496,176856457216
1510000,1141322969088,178437312512
1515007,1146208772096,178995576832
1520010,1151028965376,179011878912
1525008,1155973083136,179011878912
1530010,1160360423424,179011878912
1535001,1164717223936,179182796800
1540010,1168748433408,181339414528
1545010,1173442400256,181915541504
1550010,1178970513408,181915541504
1555010,1184511725568,181915541504
1560009,1189093703680,181915541504
1565000,1194336604160,181915541504
1570000,1198117322752,182125256704
1575010,1202106802176,184563494912
1580001,1207181217792,185804222464
1585003,1212294377472,186201071616
1590010,1217092395008,186201071616
1595003,1221238685696,186201071616
1600008,1225768271872,186201071616
1605010,1229870661632,186201071616
1610010,1233179758592,187859161088
1615006,1237788336128,188640288768
1620010,1242793226240,188640288768
1625010,1247346663424,188640288768
1630010,1252224851968,188640288768
1635010,1257238016000,188640288768
1640010,1261579493376,188640288768
1645007,1265633267712,188640288768
1650010,1269098254336,189902598144
1655003,1274404388864,191533101056
1660010,1278527909888,192017772544
1665009,1283367616512,192017772544
1670010,1288715657216,192017772544
1675004,1293463855104,192017772544
1680010,1297450786816,192018460672
1685000,1301461078016,194188763136
1690001,1305823715328,194645680128
1695002,1310506500096,194645680128
1700001,1315540602880,194645680128
1705000,1320148004864,194645680128
1710003,1323988070400,196555997184
1715006,1329152491520,198025576448
1720008,1333481717760,198664216576
1725003,1338124472320,198664216576
1730002,1342812962816,198664216576
1735010,1347254505472,198664216576
1740010,1351293214720,200714412032
1745001,1356695834624,201446727680
1750010,1361940213760,201697804288
1755000,1367283322880,201697804288
1760000,1372157018112,201697804288
1765010,1376885854208,201697804288
1770005,1380875276288,203220324352
1775000,1385628012544,204841967616
1780007,1390318239744,205722099712
1785010,1395066494976,205722099712
1790010,1400591060992,205722099712
1795010,1406119784448,205722099712
1800001,1410844180480,205722152960
1805010,1414625574912,207788191744
1810006,1419870334976,208567414784
1815010,1425738432512,208749051904
1820009,1430672658432,208749051904
1825001,1435721261056,208749051904
1830010,1440831995904,208749051904
1835010,1444479385600,211192893440
1840010,1449739198464,212523339776
1845007,1455197900800,212754202624
1850010,1459985162240,212754202624
1855010,1464582778880,212754202624
1860000,1469939597312,212754202624
1865010,1473216438272,214677053440
1870007,1478175711232,215474196480
1875002,1483812241408,215641853952
1880010,1488894726144,215641853952
1885010,1494952734720,215641853952
1890010,1499783352320,215641853952
1895010,1504686006272,215641853952
1900010,1509153157120,217105702912
1905002,1514366115840,218686423040
1910009,1519649832960,219438829568
1915010,1525000007680,219438829568
1920007,1530465615872,219438829568
1925010,1535318425600,219438829568
1930010,1541030981632,219438829568
1935005,1544216633344,221251784704
1940010,1549344948224,222161645568
1945001,1554325860352,222263898112
1950010,1559705464832,222263898112
1955007,1565280616448,222263898112
1960010,1569928159232,222263898112
1965002,1574874550272,222263898112
1970003,1579875135488,222263898112
1975000,1584032473088,222263898112
1980010,1588176109568,224687378432
1985006,1593054089216,225878720512
1990010,1597722832896,226060034048
1995010,1602728624128,226060034048
2000008,1608849608704,226060034048
2005009,1613172895744,226060034048
2010009,1617568276480,226060034048
2015010,1622207905792,226649886720
2020002,1627273613312,228609687552
2025010,1631947890688,229429141504
2030010,1637482471424,229876772864
2035010,1643137130496,229876772864
2040010,1649259941888,229876772864
2045010,1654029770752,229876772864
2050010,1659322396672,229876772864
2055000,1664534274048,229876772864
2060010,1668235468800,231893364736
2065004,1673286389760,233043992576
2070010,1678207746048,233166270464
2075010,1683789967360,233166270464
2080010,1688345903104,233166270464
2085010,1693659070464,233166270464
2090010,1698258284544,233166270464
2095002,1701958180864,234880507904
2100009,1707493253120,235801116672
2105010,1713457074176,236242481152
2110000,1719042322432,236242481152
2115010,1724471455744,236242481152
2120002,1729165152256,236242481152
2125010,1734248808448,236242481152
2130010,1738420703232,238154665984
2135004,1743628214272,239682293760
2140000,1749254516736,240357101568
2145010,1754559909888,240357101568
2150010,1759990272000,240357101568
2155010,1765356380160,240357101568
2160009,1770539601920,240357101568
2165009,1774810267648,242526629888
2170010,1780560052224,243304980480
2175006,1786381533184,244064731136
2180010,1791946543104,244351647744
2185000,1797350821888,244351647744
2190000,1802437726208,244351647744
2195001,1807444283392,244353941504
2200010,1812058411008,246965788672
2205006,1817539817472,248145616896
2210010,1823328833536,248145616896
2215010,1828230967296,248145616896
2220007,1832971583488,248145616896
2225010,1838497013760,248145616896
2230008,1843023622144,248145616896
2235010,1846506831872,248695099392
2240010,1851035312128,250450890752
2245010,1857303601152,251219755008
2250010,1865470595072,251219755008
2255010,1871413018624,251219755008
2260009,1877581193216,251219755008
2265008,1883034144768,251219755008
2270010,1888541921280,251219755008
2275009,1892402954240,252759117824
2280010,1897911607296,254165049344
2285005,1902565777408,254775975936
2290010,1907507773440,254775975936
2295010,1913126481920,254775975936
2300002,1918285352960,254775975936
2305010,1923298897920,254775975936
2310008,1928506130432,254775975936
2315002,1931718651904,256693334016
2320004,1936290635776,257536507904
2325010,1941339111424,258346770432
2330010,1946200825856,258511429632
2335010,1951911079936,258511429632
2340010,1956891181056,258511429632
2345007,1962003795968,258511429632
2350005,1967453585408,258511429632
2355001,1971427921920,258862256128
2360000,1975933366272,261171478528
2365010,1981075259392,262271836160
2370007,1986677526528,262328012800
2375009,1991527145472,262328012800
2380010,1996875653120,262328012800
2385009,2001789829120,262328012800
2390006,2006565187584,262328012800
2395010,2010214027264,263799324672
2400010,2015803850752,264796876800
2405003,2021190316032,265447104512
2410006,2027136319488,265447104512
2415010,2033022369792,265447104512
2420010,2037922861056,265447104512
2425009,2042702675968,265447104512
2430010,2048128774144,265447104512
2435010,2052873940992,265447104512
2440010,2056389103616,267791953920
2445010,2061195915264,268948373504
2450000,2066110009344,269324632064
2455010,2071345135616,269324632064
2460010,2076333572096,269324632064
2465010,2081991737344,269324632064
2470010,2086803279872,269324632064
2475010,2092304351232,269324632064
2480000,2096776347648,269325066240
2485010,2100243279872,271589933056
2490002,2105398378496,272314667008
2495009,2110656700416,273156599808
2500010,2116595875840,273365643264
2505009,2122654257152,273365643264
2510010,2128104071168,273365643264
2515010,2133534965760,273365643264
2520010,2137933975552,273365643264
2525010,2142166069248,273365643264
2530010,2146770518016,275381915648
2535010,2152496230400,276666277888
2540009,2157652303872,277703065600
2545010,2162585935872,277739565056
2550010,2167323828224,277739565056
2555009,2173526581248,277739565056
2560000,2178164936704,277739565056
2565010,2183063904256,277739565056
2570003,2187763900416,277901533184
2575010,2191806013440,279925923840
2580010,2196812992512,280763674624
2585010,2201986420736,280829181952
2590010,2208390107136,280829181952
2595010,2213737152512,280829181952
2600004,2218861477888,280829181952
2605010,2223948312576,280829181952
2610002,2229502267392,280829181952
2615004,2234429571072,280829181952
2620002,2238014853120,283033182208
2625002,2243610710016,284283916288
2630010,2250121793536,285053685760
2635009,2255473991680,285432733696
2640010,2261435670528,285432733696
2645010,2266393710592,285432733696
2650010,2271183003648,285432733696
2655010,2276833923072,285432733696
2660010,2280219480064,286143004672
2665002,2284725551104,287882645504
2670008,2289748566016,288541061120
2675003,2294833479680,288541061120
2680006,2300393136128,288541061120
2685007,2306121396224,288541061120
2690010,2310993989632,288541061120
2695010,2316360441856,288541061120
2700004,2321650712576,288541061120
2705010,2325048602624,289640304640
2710001,2329954058240,291535151104
2715002,2335288553472,292698771456
2720010,2340914212864,292861415424
2725003,2345329643520,292861415424
2730003,2350066376704,292861415424
2735002,2355375976448,292861415424
2740010,2359469678592,292861415424
2745010,2363268513792,292861415424
2750001,2366697218048,294675505152
2755001,2372144152576,295620452352
2760010,2377354133504,296220393472
2765010,2382352105472,296220393472
2770010,2387628974080,296220393472
2775008,2393414967296,296220393472
2780008,2397771448320,296220393472
2785010,2402867912704,296220393472
2790000,2408126050304,296232505344
2795004,2412113076224,298810789888
2800010,2417130315776,300142481408
2805004,2422268768256,300947726336
2810010,2427460055040,301204049920
2815010,2432286138368,301204049920
2820010,2437986127872,301204049920
2825004,2442163527680,301204049920
2830010,2446667132928,301204049920
2835010,2450760896512,301204049920
2840000,2455597203456,301226303488
2845010,2459838185472,303545249792
2850010,2464935854080,304351854592
2855010,2470361141248,305047851008
2860010,2475537063936,305047851008
2865010,2480835239936,305047851008
2870010,2486589386752,305047851008
2875010,2490985406464,305047851008
2880010,2495436873728,305047851008
2885009,2501238280192,305047851008
2890002,2504507330560,306753953792
2895002,2509575041024,308402528256
2900010,2515016425472,309602484224
2905010,2520609259520,309767979008
2910000,2526372282368,309767979008
2915010,2531356540928,309767979008
2920010,2536135700480,309767979008
2925000,2541707419648,309767979008
2930010,2546265481216,309767979008
2935000,2549786472448,311518879744
2940010,2555172986880,312311627776
2945006,2560372785152,312769146880
2950010,2565634371584,312769146880
2955000,2571951460352,312769146880
2960010,2576068825088,312769146880
2965010,2580317835264,312769146880
2970008,2584911564800,312769146880
2987225,2586974732288,312769146880
2987225,2586974732288,312769146880
2987225,2586974732288,312769146880
2990000,2590280790016,312769146880
2995001,2593718886400,314426318848
3000001,2598609518592,316076019712
3005004,2603500179456,317407989760
3010001,2608778088448,318220763136
3015010,2613485666304,318220763136
3020000,2618674556928,318220763136
3025010,2622837559296,318220763136
3030010,2626971799552,318220763136
3035010,2631842340864,318220763136
3040010,2637098782720,318220763136
3045010,2640477638656,320369610752
3050004,2645494697984,321182273536
3055000,2650733191168,321733877760
3060010,2655771770880,321733877760
3065010,2661286363136,321733877760
3070010,2666685698048,321733877760
3075010,2671478243328,321733877760
3080010,2675678662656,321733877760
3085010,2680176312320,321733877760
3090001,2684774420480,321733877760
3095008,2689577451520,321733877760
3100010,2693205553152,323894419456
3105009,2697780621312,325347598336
3110001,2702438625280,326219522048
3115010,2707422560256,326219522048
3120010,2712676839424,326219522048
3125010,2718200401920,326219522048
3130010,2723976241152,326219522048
3135004,2728700915712,326219522048
3140001,2733611552768,326219522048
3145003,2738499244032,326219522048
3150008,2742061395968,326219522048
3155010,2746358218752,326219522048
3160010,2749739290624,328033165312
3165010,2754693664768,328959152128
3170000,2760033423360,329419702272
3175006,2765668028416,329419702272
3180010,2770385924096,329419702272
3185010,2775577432064,329419702272
3190010,2781021323264,329419702272
3195002,2786426769408,329419702272
3200001,2790309888000,329419702272
3205010,2794340134912,329419702272
3210003,2798748995584,329419702272
3215007,2803410157568,329419702272
3220010,2807002103808,332019884032
3225008,2812072652800,333537075200
3230003,2817684267008,334404964352
3235010,2822861406208,334864134144
3240006,2827698401280,334864134144
3245006,2832710918144,334864134144
3250010,2836976312320,334864134144
3255008,2841799544832,334864134144
3260006,2847019577344,334864134144
3265010,2850820468736,334864134144
3270001,2854612611072,334864134144
3275010,2858209574912,334864134144
3280010,2861957386240,334864134144
3285007,2866300325888,334864134144
3290010,2869868724224,337357000704
3295009,2874447925248,338188677120
3300010,2879877791744,338463551488
3305010,2885152993280,338463551488
3310010,2889471725568,338463551488
3315006,2893451976704,338463551488
3320010,2897407082496,338463551488
3325003,2901500829696,338463551488
3330010,2906399109120,338463551488
3335003,2911325761536,338463551488
3340010,2916013281280,338463551488
3345004,2920751620096,338463551488
3350010,2925176606720,338463551488
3355010,2929045786624,338463551488
3360010,2932661788672,338463551488
3365003,2937254764544,338463551488
3370002,2941265666048,338463551488
3375010,2944298504192,340168478720
3380002,2949328977920,341834723328
3385003,2954929238016,343263580160
3390009,2960497815552,344143273984
3395010,2964777562112,344143273984
3400010,2969617899520,344143273984
3405010,2974325497856,344143273984
3410010,2979685044224,344143273984
3415010,2984476110848,344143273984
3420003,2988010287104,344143273984
3425010,2992356347904,344143273984
3430007,2996535644160,344143273984
3435001,3001196056576,344143273984
3440010,3004680036352,345098850304
3445008,3009782198272,346672300032
3450001,3014837080064,347510648832
3455001,3020764024832,347602882560
3460001,3026676256768,347602882560
3465010,3032250433536,347602882560
3470010,3037243858944,347602882560
3475010,3041981050880,347602882560
3480010,3047065923584,347602882560
3485010,3052211978240,347602882560
3490010,3057282048000,347602882560
3495003,3061961584640,347602882560
3500010,3066448007168,347602882560
3505006,3069887631360,349353897984
3510007,3075564642304,350958002176
3515003,3081321168896,352030687232
3520005,3086529912832,352713424896
3525004,3092025630720,352713424896
3530005,3097028501504,352713424896
3535008,3101752946688,352713424896
3540007,3107067875328,352713424896
3545010,3112412971008,352713424896
3550010,3115863351296,352713424896
3555010,3119842643968,352713424896
3560010,3123659038720,352713424896
3565010,3127905210368,352713424896
3570010,3132350926848,352713424896
3575010,3136169787392,354909155328
3580010,3141843050496,355968479232
3585010,3147600285696,356463648768
3590001,3152794439680,356463648768
3595010,3157216346112,356463648768
3600002,3161998610432,356463648768
3605000,3166662905856,356463648768
3610000,3171946057728,356463648768
3615010,3176527511552,356463648768
3620010,3180755849216,356463648768
3625010,3186365767680,356463648768
3630010,3191298138112,356463648768
3635007,3196429582336,356463648768
3640010,3200175169536,359068475392
3645004,3205628981248,360622387200
3650000,3211618123776,361824010240
3655007,3217288171520,362083975168
3660005,3222295638016,362083975168
3665009,3227903148032,362083975168
3670002,3233237065728,362083975168
3675004,3238246862848,362083975168
3680008,3243085737984,362083975168
3685010,3248436928512,362083975168
3690010,3253612441600,362083975168
3695005,3257424969728,362448961536
3700008,3261711130624,363711406080
3705006,3266621640704,363711406080
3710010,3271798935552,363711406080
3715010,3277326839808,363711406080
3720000,3281914277888,363711406080
3725010,3286498648064,363711406080
3730010,3292107079680,363711406080
3735010,3297929793536,363711406080
3740010,3303227723776,363711406080
3745004,3308234653696,363711406080
3750001,3312442916864,366554099712
3755010,3318735519744,368534425600
3760010,3324946173952,369839140864
3765010,3330673848320,370281910272
3770010,3337056047104,370281910272
3775010,3342337224704,370281910272
3780008,3347631398912,370281910272
3785010,3352700084224,370281910272
3790010,3356933050368,370281910272
3795010,3361272090624,370281910272
3800010,3366259429376,370281910272
3805006,3371376979968,370281910272
3810010,3376778260480,370281910272
3815010,3381827207168,370281910272
3820010,3385524817920,370281910272
3825001,3390381690880,370372763648
3830010,3394548183040,372505141248
3835006,3398708867072,372567175168
3840010,3403715031040,372567175168
3845002,3409676759040,372567175168
3850010,3415144665088,372567175168
3855010,3420515934208,372567175168
3860008,3426077212672,372567175168
3865010,3431193661440,372567175168
3870001,3436374073344,372567175168
3875010,3441787871232,372567175168
3880002,3448031514624,372567175168
3885010,3452715737088,372567175168
3890010,3457281388544,372567175168
3895000,3461337186304,373011062784
3900002,3466415955968,375274889216
3905010,3471429312512,376064839680
3910001,3476380536832,376842354688
3915002,3481896964096,377073717248
3920000,3487352832000,377073717248
3925010,3492005822464,377073717248
3930009,3497284251648,377073717248
3935004,3501782896640,377073717248
3940002,3506728730624,377073717248
3945000,3512595849216,377073717248
3950005,3517870387200,377073717248
3955010,3522808545280,377073717248
3960010,3526323228672,378191028224
3965010,3530697068544,378675404800
3970010,3535365500928,378675404800
3975010,3541042941952,378675404800
3980010,3546015383552,378675404800
3985010,3550541717504,378675404800
3990010,3555605737472,378675404800
3995000,3560711974912,378675404800
4000008,3565230116864,378675404800
4005009,3569384226816,378675404800
4010010,3574081937408,378675404800
4015003,3577489670144,380661133312
4020005,3583514714112,382687592448
4025002,3589613322240,384608575488
4030010,3595935064064,385993568256
4035010,3601954234368,386663428096
4040005,3607690715136,386663428096
4045010,3613323497472,386663428096
4050000,3618266517504,386663428096
4055002,3623258451968,386663428096
4060010,3628729036800,386663428096
4065010,3633573109760,386663428096
4070010,3638345191424,386663428096
4075010,3643436466176,386663428096
4080002,3647016820736,388841775104
4085009,3652192849920,389351718912
4090010,3657985208320,389351718912
4095010,3663276322816,389351718912
4100010,3668857044992,389351718912
4105001,3674483036160,389351718912
4110001,3680285691904,389351718912
4115010,3684947992576,389351718912
4120010,3689546588160,389351718912
4125010,3693125283840,389351718912
4130010,3697015586816,389351718912
4135010,3701172989952,389351718912
4140000,3704969965568,389351718912
4145008,3708706402304,389543411712
4150009,3712548773888,391403663360
4155010,3716822368256,391403663360
4160010,3721921101824,391403663360
4165001,3727237410816,391403663360
4170000,3732409995264,391403663360
4175010,3737993351168,391403663360
4180010,3743260024832,391403663360
4185005,3748389187584,391403663360
4190008,3753289674752,391403663360
4195002,3758086815744,391403663360
4200010,3763389730816,391403663360
4205010,3767707545600,393730326528
4210005,3773455654912,394929373184
4215010,3779500015616,395987562496
4220009,3784912195584,396568350720
4225010,3791025418240,396568350720
4230010,3797603647488,396568350720
4235010,3803438837760,396568350720
4240010,3808852172800,396568350720
4245010,3814795935744,396568350720
4250010,3820090552320,396568350720
4255010,3825178718208,396568350720
4260003,3829308686336,397989597184
4265010,3834598268928,399047188480
4270010,3839945809920,399271686144
4275010,3845586743296,399271686144
4280010,3851466428416,399271686144
4285010,3857163276288,399271686144
4290005,3862683099136,399271686144
4295010,3867734208512,399271686144
4300010,3872735518720,399271686144
4305007,3877615640576,399271686144
4310010,3882584891392,399271686144
4315010,3887363375104,399271686144
4320010,3891129171968,400465932288
4325003,3896283672576,401945186304
4330009,3901180620800,402114293760
4335010,3905604100096,402114293760
4340010,3910516436992,402114293760
4345000,3915661975552,402114293760
4350010,3920737112064,402114293760
4355001,3926069932032,402114293760
4360005,3931280723968,402114293760
4365009,3936096268288,402114293760
4370007,3940863635456,402114293760
4375008,3945704914944,402114293760
4380008,3950572601344,402114293760
4385010,3954219495424,404051386368
4390002,3960184676352,405937385472
4395006,3966484332544,406825398272
4400010,3972639002624,407656615936
4405010,3978539847680,407762952192
4410009,3983519485952,407762952192
4415002,3989529178112,407762952192
4420010,3993652424704,407762952192
4425000,3998439526400,407762952192
4430010,4003781111808,407762952192
4435010,4009050476544,407762952192
4440009,4013975363584,407762952192
4445003,4019783282688,407762952192
4450000,4024362659840,407762952192
4455000,4029141655552,408138084352
4460008,4033843564544,409701863424
4465010,4039785656320,410101837824
4470010,4045015212032,410511667200
4475009,4050696400896,410649071616
4480009,4056386732032,410649071616
4485010,4061339881472,410649071616
4490004,4066679021568,410649071616
4495007,4072694206464,410649071616
4500000,4077966868480,410649071616
4505010,4082887610368,410649038848
4510010,4087403552768,410649071616
4515010,4091251097600,412884324352
4520010,4096926846976,414252089344
4525002,4102222999552,414342602752
4530008,4107860705280,414342602752
4535010,4112972218368,414342602752
4540010,4117850849280,414342602752
4545005,4123492823040,414342602752
4550010,4128407728128,414342602752
4555010,4133304721408,414342602752
4560010,4137847005184,414342602752
4565002,4142563438592,414342602752
4570010,4146320498688,416589455360
4575010,4152309755904,418085748736
4580010,4158303522816,418930528256
4585005,4164587921408,419432570880
4590010,4169918431232,419432570880
4595010,4175950659584,419432570880
4600010,4181615484928,419432570880
4605010,4186915639296,419432570880
4610010,4192626331648,419432570880
4615009,4197824794624,419432570880
4620008,4202894049280,419432570880
4625010,4206772617216,421192544256
4630000,4212254949376,422799790080
4635010,4217923960832,423251296256
4640010,4223346016256,423251296256
4645010,4228900753408,423251296256
4650005,4234882519040,423251296256
4655010,4239903944704,423251296256
4660009,4245168939008,423251296256
4665003,4250584924160,423251296256
4670000,4255407091712,423251296256
4675008,4260996861952,423251296256
4680000,4265720082432,423739961344
4685002,4269984845824,425296429056
4690010,4274672259072,425704873984
4695010,4278439981056,426114215936
4700008,4282376822784,426534338560
4705010,4285743005696,426544513024
4710010,4289325420544,426544513024
4715010,4293224128512,426544513024
4720003,4296986161152,426544513024
4725001,4301392076800,426544513024
4730009,4307365908480,426544513024
4735003,4312439353344,426544513024
4740010,4317436801024,426544513024
4745010,4322804363264,426544513024
4750004,4327668379648,426544513024
4755010,4332792950784,426544513024
4760010,4336693477376,427044687872
4765003,4341668847616,429409882112
4770008,4346936475648,430272057344
4775010,4352600793088,430344171520
4780010,4357085528064,430344171520
4785010,4362887692288,430344171520
4790003,4368128495616,430344171520
4795010,4373626007552,430344171520
4800000,4379036950528,430344171520
4805010,4384107626496,430344171520
4810005,4389191045120,430344171520
4815002,4393051045888,432307965952
4820010,4399569907712,433637257216
4825010,4405268086784,434443599872
4830010,4411472433152,435253518336
4835010,4417836916736,435734425600
4840001,4424184635392,435734425600
4845010,4430101913600,435734425600
4850010,4436210044928,435734425600
4855005,4440989085696,435734425600
4860010,4446319624192,435734425600
4865010,4451619401728,435734425600
4870004,4455941005312,437975330816
4875002,4461900328960,439353106432
4880010,4467687317504,439672152064
4885001,4473185595392,439672152064
4890010,4479008833536,439672152064
4895010,4484616286208,439672152064
4900009,4489586520064,439672152064
4905010,4495104716800,439672152064
4910010,4500818231296,439672152064
4915004,4504992129024,440943763456
4920010,4509777514496,441595998208
4925010,4515098710016,441999839232
4930010,4520457609216,442375012352
4935000,4526494195712,442375012352
4940010,4531805618176,442375012352
4945010,4536694964224,442375012352
4950010,4542051663872,442375012352
4955010,4548046692352,442375012352
4960008,4553123864576,442375012352
4965000,4557261205504,442654818304
4970010,4561761325056,445171490816
4975010,4567326998528,445809172480
4980010,4572741066752,445809172480
4985002,4578507976704,445809172480
4990009,4584729260032,445809172480
4995010,4589813116928,445809172480
5000010,4595334565888,445809172480
5005010,4600443588608,445809172480
5010007,4606299070464,445809172480
5015009,4610861395968,445809172480
5020010,4614852751360,447745077248
5025002,4620547284992,449185280000
5030002,4626746630144,450013470720
5035005,4633552408576,450815987712
5040010,4640270745600,451312885760
5045010,4646368894976,451312885760
5050010,4652844523520,451312885760
5055010,4658600476672,451312885760
5060010,4663986343936,451312885760
5065000,4669686677504,451312885760
5070010,4674922557440,451312885760
5075009,4678973005824,453696368640
5080010,4684858679296,455198089216
5085008,4690072461312,455670444032
5090001,4696506826752,455801294848
5095001,4702241337344,455801294848
5100008,4709099794432,455801294848
5105009,4717111410688,455801294848
5110010,4724156354560,455801294848
5115010,4729847877632,455801294848
5120010,4735297892352,455801294848
5125010,4741143662592,455801294848
5130001,4745450913792,457441619968
5135010,4750558679040,457905373184
5140009,4755501948928,458315698176
5145009,4761235136512,458710040576
5150010,4766132621312,458862235648
5155010,4771285655552,458862235648
5160010,4776386482176,458862235648
5165009,4781659795456,458862235648
5170002,4787050328064,458862235648
5175003,4791346847744,460282167296
5180007,4796827394048,461911150592
5185010,4802334740480,462361419776
5190010,4807549186048,462361419776
5195000,4813384765440,462361419776
5200007,4819358363648,462361419776
5205005,4824045002752,462361419776
5210010,4829338124288,462361419776
5215010,4834374443008,462361419776
5220009,4840104759296,462361419776
5225010,4844110217216,464818421760
5230004,4850125586432,466278400000
5235010,4856435617792,467214123008
5240010,4863168217088,468029210624
5245010,4868998238208,468193669120
5250010,4874770440192,468193669120
5255007,4880307081216,468193669120
5260010,4886049054720,468193669120
5265002,4892054855680,468193669120
5270008,4897518284800,468193669120
5275010,4901941927936,469936091136
5280004,4908073390080,471406206976
5285010,4914039246848,471996522496
5290003,4920263696384,472124387328
5295003,4925485531136,472124387328
5300010,4931303018496,472124387328
5305000,4937102884864,472124387328
5310010,4941621710848,472124387328
5315008,4946220134400,472124387328
5320002,4951758888960,472124387328
5325010,4955845885952,473918664704
5330003,4961159294976,474400882688
5335010,4966599000064,474794098688
5340010,4972671102976,475182899200
5345010,4978673844224,475395706880
5350005,4984185081856,475395706880
5355010,4990049341440,475395706880
5360010,4995129475072,475395706880
5365010,5000090599424,475395706880
5370010,5004096532480,477570756608
5375009,5009288687616,478264864768
5380000,5015202078720,478512476160
5385010,5020342800384,478512476160
5390010,5024017563648,478512476160
5395002,5027759341568,478512476160
5400003,5031396904960,478512476160
5405010,5035793371136,478512476160
5410010,5040103821312,478512476160
5415010,5043933593600,478512476160
5420010,5047656955904,478512476160
5425010,5051182047232,478512476160
5430010,5054316642304,478512476160
5435010,5058145017856,478512476160
5440010,5062071668736,478512476160
5445010,5066343952384,478512476160
5450009,5070973509632,478512476160
5455010,5075268579328,480966754304
5460010,5080601845760,482542481408
5465009,5085904400384,483499843584
5470009,5092387676160,484327874560
5475002,5098539565056,484567871488
5480003,5104173703168,484567871488
5485010,5109879558144,484567871488
5490010,5115280273408,484567871488
5495002,5120647499776,484567871488
5500010,5126229250048,484567871488
5505010,5131033923584,484567871488
5510001,5135327657984,484567871488
5515010,5139742666752,485144342528
5520009,5145080573952,487722143744
5525010,5150741868544,488684437504
5530010,5156807946240,488862314496
5535005,5164478509056,488862314496
5540010,5171437056000,488862314496
5545009,5177633480704,488862314496
5550006,5182456561664,488862314496
5555010,5187533590528,488862314496
5560005,5193642352640,488862314496
5565010,5199064043520,488862314496
5570010,5204373823488,488862314496
5575009,5208838541312,488862314496
5580010,5213775261696,488862314496
5585010,5217237610496,490661105664
5590010,5222835986432,491075727360
5595003,5228933816320,491476787200
5600004,5234163867648,491634548736
5605010,5239585046528,491634548736
5610000,5244054839296,491634548736
5615010,5248567562240,491634548736
5620010,5251747868672,491634548736
5625010,5256170369024,491634548736
5630010,5261521657856,491634548736
5635006,5265873555456,491634548736
5640007,5270352523264,491634548736
5645010,5274682048512,491634548736
5650010,5278587662336,492965097472
5655010,5284077281280,494607941632
5660010,5289053868032,495478464512
5665010,5294634631168,495533490176
5670010,5299968086016,495533490176
5675010,5305059516416,495533490176
5680010,5309871153152,495533490176
5685010,5314566123520,495533490176
5690010,5320163397632,495533490176
5695010,5324877639680,495533490176
5700010,5328930574336,495533490176
5705000,5333609037824,495533490176
5710010,5337590689792,498019303424
5715000,5343046385664,499567472640
5720000,5349369524224,500604739584
5725010,5355832377344,501365809152
5730010,5359958515712,501748682752
5735010,5364062162944,501748682752
5740010,5369100267520,501748682752
5745002,5373093904384,501748682752
5750002,5376978550784,501748682752
5755010,5381581688832,501748682752
5760009,5386151399424,501748682752
5765010,5391696052224,501748682752
5770010,5396647903232,501748682752
5775008,5401353367552,501748682752
5780010,5406841839616,501748682752
5785010,5411799474176,501748682752
5790010,5416265809920,502416359424
5795010,5421593964544,504385585152
5800010,5426741919744,504542019584
5805010,5432068972544,504542019584
5810010,5437794668544,504542019584
5815010,5442826391552,504542019584
5820009,5447819251712,504542019584
5825010,5452893687808,504542019584
5830000,5458504118272,504542019584
5835010,5463530029056,504542019584
5840010,5467522330624,506838216704
5845009,5473683566592,508360339456
5850005,5480085704704,509732290560
5855010,5485940789248,510513451008
5860010,5491203989504,510577016832
5865008,5496273522688,510577016832
5870010,5501377097728,510577016832
5875010,5506392834048,510577016832
5880008,5512252579840,510577016832
5885010,5516984913920,510577016832
5890010,5521391022080,510577016832
5895010,5525970247680,510577016832
5900010,5529479495680,512065912832
5905010,5535005708288,512951709696
5910002,5540559745024,512967725056
5915010,5545958846464,512967725056
5920007,5551009472512,512967725056
5925002,5556615774208,512967725056
5930007,5562289881088,512967725056
5935005,5567738957824,512967725056
5940010,5572062879744,512967725056
5945010,5576397262848,512967725056
5950010,5581107961856,512967725056
5955010,5584443961344,515184271360
5960010,5590315016192,516628852736
5965009,5596181307392,517919924224
5970010,5602839863296,518112374784
5975010,5607725486080,518112374784
5980010,5612820574208,518112374784
5985004,5617827299328,518112374784
5990000,5623657734144,518112374784
5995010,5628586201088,518112374784
6000010,5632997261312,518112374784
6005001,5638076039168,518112374784
6010009,5643370000384,518112374784
6015007,5649008488448,518130737152
6020008,5652836184064,520620883968
6025010,5657217273856,520658378752
6030010,5662060609536,520658378752
6035010,5667416711168,520658378752
6040010,5673166684160,520658378752
6045010,5677822251008,520658378752
6050000,5682865872896,520658378752
6055005,5687835725824,520658378752
6060010,5693117923328,520658378752
6065005,5698411237376,520658378752
6070010,5702429417472,521628979200
6075010,5707196903424,523833180160
6080005,5712798511104,525223903232
6085010,5718438543360,526174453760
6090010,5724158865408,526521225216
6095008,5730064039936,526521225216
6100010,5736258412544,526521225216
6105010,5741597274112,526521225216
6110010,5746607955968,526521225216
6115000,5751649501184,526521225216
6120006,5756173459456,528522838016
6125005,5760605396992,528924643328
6130010,5765743951872,528924643328
6135010,5770885525504,528924643328
6140008,5776495120384,528924643328
6145010,5780865753088,528924643328
6150010,5784634920960,530511532032
6155000,5789997846528,532096884736
6160010,5796381356032,533162164224
6165010,5802228199424,533948227584
6170010,5808254689280,534162960384
6175001,5813618503680,534162960384
6180010,5818860056576,534162960384
6185002,5823858765824,534162960384
6190000,5828928184320,534164054016
6195002,5833479585792,536346173440
6200009,5838217764864,536765755392
6205010,5842864762880,536765755392
6210007,5848525586432,536765755392
6215001,5854530400256,536765755392
6220010,5858668122112,536765755392
6225008,5863328653312,536765755392
6230010,5868010995712,536765755392
6235000,5872970821632,536765755392
6240010,5877922713600,536765755392
6245001,5881728647168,538483040256
6250002,5886972379136,540270014464
6255010,5893252411392,541501493248
6260005,5899623313408,542594785280
6265005,5905835909120,543155073024
6270001,5911246315520,543155073024
6275010,5916449013760,543155073024
6280000,5922047164416,543155073024
6285005,5926949646336,543155073024
6290010,5931598286848,543155073024
6295010,5936508538880,543155073024
6300010,5941320454144,543155073024
6305010,5946284998656,543223345152
6310005,5950499401728,545521516544
6315004,5956194803712,546041769984
6320010,5961936560128,546041769984
6325010,5966499696640,546041769984
6330001,5971140886528,546041769984
6335000,5976287735808,546041769984
6340009,5981461852160,546041769984
6345010,5986547011584,546041769984
6350003,5991959203840,546041769984
6355010,5996217708544,546041769984
6360010,6000814972928,546041769984
6365010,6004518473728,546624999424
6370002,6009746440192,549329973248
6375010,6015232778240,550674538496
6380006,6020898988032,551180689408
6385010,6026072068096,551180689408
6390004,6031580831744,551180689408
6395010,6037165740032,551180689408
6400004,6041202278400,551180689408
6405000,6045834084352,551180689408
6410000,6049790287872,551180689408
6415010,6054363856896,551180689408
6420010,6059613827072,551180689408
6425010,6063943831552,553673621504
6430010,6069260378112,554152452096
6435010,6073695436800,554152452096
6440006,6078281220096,554152452096
6445010,6083482456064,554152452096
6450007,6088851640320,554152452096
6455007,6093276647424,554152452096
6460010,6098208219136,554152452096
6465010,6102765461504,554152452096
6470010,6107177431040,554250825728
6475010,6111670366208,557267050496
6480008,6117464694784,558783860736
6485009,6122928717824,559546306560
6490008,6128730320896,560277028864
6495010,6134089646080,560277028864
6500010,6139002019840,560277028864
6505010,6143819071488,560277028864
6510010,6148482232320,560277028864
6515006,6153389187072,560277028864
6520010,6157832241152,560277028864
6525010,6162838503424,560277028864
6530009,6166113361920,562315374592
6535010,6171158396928,563091656704
6540010,6176460492800,563091656704
6545001,6182327115776,563091656704
6550010,6187452067840,563091656704
6555009,6192188719104,563091656704
6560010,6196988772352,563091656704
6565009,6201342746624,563091656704
6570003,6206157934592,563091656704
6575010,6210483433472,563091656704
6580010,6214998929408,565615484928
6585010,6220287676416,567129600000
6590008,6226179108864,568094965760
6595002,6231895482368,568621228032
6600010,6236447592448,568621228032
6605010,6241572864000,568621228032
6610008,6246542884864,568621228032
6615010,6251797868544,568621228032
6620000,6256164696064,568621228032
6625010,6260659851264,568621228032
6630010,6264419659776,570458918912
6635010,6269331890176,571369115648
6640010,6274195689472,571414368256
6645000,6278091276288,571414368256
6650010,6282059030528,571414368256
6655010,6286640148480,571414368256
6660000,6291234443264,571414368256
6665010,6296019726336,571414368256
6670010,6299823222784,571414368256
6675000,6303284498432,571646803968
6680010,6307380183040,574559617024
6685001,6312653672448,575950225408
6690010,6318701801472,576970752000
6695010,6324415766528,577392349184
6700010,6329281490944,577392349184
6705010,6334283010048,577392349184
6710008,6339211202560,577392349184
6715010,6344420995072,577392349184
6720005,6349597663232,577392349184
6725010,6354995875840,577392349184
6730010,6360410865664,577392349184
6735008,6365580308480,577392349184
6740010,6370514485248,577392349184
6745004,6374466105344,577392349184
6750009,6378178441216,577392349184
6755010,6382326923264,577392349184
6760010,6386863198208,577392349184
6765010,6393689456640,577392349184
6770010,6398812250112,577392349184
6775005,6403469733888,577392349184
6780010,6406892797952,579067441152
6785010,6412696899584,579449487360
6790010,6417143148544,579449487360
6795010,6422338080768,579449487360
6800010,6425915199488,579449487360
6805010,6429757161472,579449487360
6810005,6433693159424,579449487360
6815009,6437811138560,579449487360
6820010,6442659069952,579449487360
6825010,6448820563968,579449487360
6830010,6455148457984,579449487360
6835010,6460530044928,579449487360
6840008,6465698045952,579449487360
6845001,6470635773952,579449487360
6850010,6474991001600,579449487360
6855000,6479889031168,579449487360
6860010,6483764068352,579449487360
6865010,6487611998208,579449487360
6870010,6492177113088,579449487360
6875010,6496682938368,579449487360
6880010,6501894610944,579449487360
6885001,6506211561472,579449487360
6890010,6509579177984,579775541248
6895003,6513647689728,581521215488
6900010,6518130606080,582081810432
6905010,6523005669376,582081810432
6910000,6527744860160,582081810432
6915010,6531531812864,582081810432
6920010,6534881562624,582081810432
6925010,6539161182208,582081810432
6930010,6543150686208,582081810432
6935005,6547557167104,582081810432
6940007,6551889244160,582081810432
6945004,6556506824704,582081810432
6950003,6560783081472,582081810432
6955010,6564589277184,582081810432
6960010,6568293781504,584401997824
6965010,6574040936448,586034495488
6970010,6579305541632,587024830464
6975010,6584452714496,587835248640
6980010,6590041333760,588505718784
6985000,6595292971008,588505718784
6990010,6599613173760,588505718784
6995006,6604081569792,588505718784
7000010,6608841748480,588505718784
7005006,6613552734208,588505718784
7010010,6618090516480,588505718784
7015004,6621688619008,590491496448
7020008,6626960887808,591783714816
7025006,6631117000704,592084881408
7030010,6635682594816,592084881408
7035010,6640555601920,592084881408
7040010,6644885155840,592084881408
7045010,6649030590464,592084881408
7050008,6653472374784,592084881408
7055004,6658005495808,592084881408
7060010,6661948071936,592084881408
7065000,6665781633024,592362946560
7070008,6669178679296,594330632192
7075010,6673720315904,595143958528
7080010,6679039938560,595448320000
7085010,6684122673152,595448320000
7090010,6688405250048,595448320000
7095010,6693643845632,595448320000
7100009,6698638434304,595448320000
7105010,6703192604672,595448320000
7110003,6708128612352,595448320000
7115010,6712389541888,595448320000
7120010,6716461273088,595448320000
7125010,6720500162560,595448320000
7130008,6725382135808,595448320000
7135002,6729116377088,596962312192
7140010,6734381346816,598347583488
7145010,6739305676800,599161499648
7150010,6743808372736,599161499648
7155010,6747722129408,599161499648
7160008,6752098918400,599161499648
7165010,6757332406272,599161499648
7170010,6761082695680,599161499648
7175010,6765170143232,599161499648
7180001,6768755798016,599161499648
7185010,6772869550080,602012454912
7190003,6778032484352,603120254976
7195010,6783068655616,603900821504
7200008,6788481564672,604727005184
7205002,6793214607360,604727005184
7210000,6798855327744,604727005184
7215008,6803506765824,604727005184
7220003,6807791349760,604727005184
7225010,6811402285056,604727005184
7230010,6815759388672,604727005184
7235010,6820393607168,604727005184
7240004,6825073299456,604727005184
7245010,6829344133120,604727005184
7250008,6832922636288,607135760384
7255010,6837837434880,607885864960
7260010,6842105626624,607926104064
7265010,6846220464128,607926104064
7270010,6850349346816,607926104064
7275010,6854659215360,607926104064
7280010,6858912960512,607926104064
7285003,6863186132992,607926104064
7290005,6867513671680,607926104064
7295010,6871958745088,607926104064
7300010,6876137897984,607926104064
7305000,6879917940736,607926104064
7310010,6884065275904,607926104064
7315001,6887763234816,607926104064
7320010,6891616174080,607926104064
7325010,6894673141760,609656627200
7330003,6899361832960,611169808384
7335010,6904095342592,611973980160
7340010,6908754468864,612778516480
7345010,6913201352704,612965490688
7350010,6917621690368,612965490688
7355001,6922485555200,612965490688
7360000,6927001804800,612965490688
7365010,6931326799872,612965490688
7370010,6935825928192,612965490688
7375000,6941042065408,612965490688
7380008,6945489522688,612965490688
7385010,6949749641216,612965490688
7390010,6953793634304,612965490688
7395001,6957951025152,612965490688
7400010,6962139230208,612965490688
7405010,6966028365824,612965490688
7410001,6970010099712,612965490688
7415010,6974471602176,615719886848
7420009,6978835091456,616539643904
7425010,6983078944768,616770301952
7430010,6987747274752,616770301952
7435009,6992511029248,616770301952
7440010,6997036535808,616770301952
7445010,7002306297856,616770301952
7450004,7007982768128,616770301952
7455002,7012781416448,616770301952
7460010,7017529851904,616770301952
7465010,7022414737408,616770301952
7470010,7026964553728,616770301952
7475010,7031184457728,616770301952
7480010,7036008886272,616770301952
7485002,7041188945920,616770301952
7490000,7046396141568,616770301952
7495002,7050651193344,616770301952
7500010,7054285111296,619340120064
7505010,7058728275968,620370149376
7510010,7063603146752,621097156608
7515010,7067937075200,621097156608
7520009,7072569831424,621097156608
7525010,7077658730496,621097156608
7530002,7082563895296,621097156608
7535007,7087345934336,621097156608
7540010,7092047155200,621097156608
7545008,7096642334720,621097156608
7550010,7101161439232,621097156608
7555003,7105982558208,621097156608
7560000,7110828515328,621097156608
7565000,7115696574464,621097156608
7570005,7120107700224,621097156608
7575010,7124360466432,621097156608
7580010,7128922714112,621097156608
7585010,7132973137920,621097156608
7590002,7137697234944,621097156608
7595010,7142476804096,621097156608
7600000,7146364231680,621256044544
7605004,7150526955520,623926222848
7610010,7155449802752,625118453760
7615001,7160271261696,625283448832
7620000,7165619691520,625283448832
7625010,7170101411840,625283448832
7630010,7173655179264,625283448832
7635010,7178018988032,625283448832
7640010,7181939441664,625283448832
7645004,7185715171328,625283448832
7650010,7189891723264,625283448832
7655010,7194167623680,625283448832
7660010,7198580740096,625283448832
7665003,7202467581952,625283448832
7670010,7206913773568,625283448832
7675006,7211384143872,625283448832
7680010,7214972174336,625283448832
7685003,7218939351040,625283448832
7690001,7222829780992,625283448832
7695010,7226709348352,625283448832
7700004,7231023587328,625283448832
7705010,7235509669888,625283448832
7710004,7239350276096,625283448832
7715010,7242903912448,627252408320
7720002,7248094384128,628061249536
7725005,7253118742528,628860375040
7730006,7258725056512,629309267968
7735010,7264725807104,629309267968
7740010,7270193500160,629309267968
7745004,7275732197376,629309267968
7750010,7280853778432,629309267968
7755008,7285954293760,629309267968
7760009,7290872872960,629309267968
7765010,7295735947264,629309267968
7770010,7300252712960,629309267968
7775000,7305207640064,629309267968
7780010,7309410426880,629309267968
7785010,7312243150848,629309267968
7790010,7317851283456,629309267968
7795010,7322881966080,629309267968
7800010,7327150055424,629309267968
7805000,7332085215232,629309267968
7810010,7337010786304,629309267968
7815010,7340549636096,631340453888
7820003,7345574166528,631837642752
7825010,7350504759296,631896838144
7830000,7355436670976,631896838144
7835009,7360586813440,631896838144
7840010,7365135290368,631896838144
7845003,7369342242816,631896838144
7850010,7373455028224,631896838144
7855010,7378009464832,631896838144
7860010,7382635491328,631896838144
7865005,7386892849152,631896838144
7870010,7390355619840,631896838144
7875009,7394547531776,631896838144
7880001,7399448723456,631896838144
7885002,7404077694976,631896838144
7890010,7408551333888,631896838144
7895010,7413470969856,631896838144
7900010,7417239166976,633900658688
7905010,7422064594944,634845102080
7910010,7426933587968,634845102080
7915010,7431751733248,634845102080
7920010,7436774457344,634845102080
7925007,7440979001344,634845102080
7930010,7445493485568,634845102080
7935001,7449916968960,634845102080
7940010,7454049177600,634845102080
7945010,7458464944128,634845102080
7950002,7462506594304,635138072576
7955010,7467297366016,637893701632
7960006,7471989059584,639218089984
7965010,7477582430208,640195645440
7970010,7483377876992,640782860288
7975001,7488844668928,640782860288
7980007,7494017015808,640782860288
7985010,7499346702336,640782860288
7990010,7504070176768,640782860288
7995010,7509123305472,640782860288
8000003,7514184552448,640782860288
8005010,7517886607360,641963851776
8010010,7522604511232,642622427136
8015010,7527460651008,643009847296
8020010,7532438880256,643176759296
8025010,7537166217216,643176759296
8030010,7541606481920,643176759296
8035010,7546045534208,643176759296
8040010,7550226235392,643176759296
8045010,7554823098368,643176759296
8050006,7559834988544,643176759296
8055010,7564516335616,643278512128
8060010,7568521588736,646261624832
8065003,7573155201024,647299850240
8070001,7578927816704,648099938304
8075007,7583693545472,648720674816
8080000,7589479387136,648720674816
8085010,7595335446528,648720674816
8090010,7600176361472,648720674816
8095000,7605742092288,648720674816
8100009,7611127250944,648720674816
8105010,7616267370496,648720674816
8110004,7620617150464,648720674816
8115010,7624572461056,648720674816
8120010,7629241876480,648720674816
8125010,7632558522368,650281013248
8130010,7636883734528,650909757440
8135007,7641272258560,650909757440
8140009,7645679095808,650909757440
8145010,7650719272960,650909757440
8150010,7655376764928,650909757440
8155010,7659946135552,650909757440
8160010,7664857411584,650909757440
8165010,7669454704640,650909757440
8170008,7673890168832,650909757440
8175010,7677693677568,653503348736
8180010,7682763005952,654630674432
8185010,7687498227712,655473033216
8190010,7691650150400,656311177216
8195010,7696690982912,656380149760
8200006,7702285312000,656380149760
8205010,7707227869184,656380149760
8210010,7712698707968,656380149760
8215008,7717954199552,656380149760
8220006,7722732576768,656380149760
8225010,7727327346688,656380149760
8230010,7731703525376,656380149760
8235010,7735948787712,656380149760
8240006,7739503067136,656788541440
8245004,7743419166720,658149216256
8250007,7748364222464,658560876544
8255005,7753380040704,658806644736
8260010,7757392207872,658806644736
8265002,7761597186048,658806644736
8270005,7765492572160,658806644736
8275010,7769618710528,658806644736
8280005,7773870870528,658806644736
8285010,7778063503360,658806644736
8290010,7782864928768,658806644736
8295006,7788607332352,658806644736
8300000,7793655648256,658806644736
8305010,7797583486976,658806644736
8310010,7801311608832,658806644736
8315010,7804404281344,660438634496
8320002,7809211891712,662242893824
8325003,7813693161472,663104602112
8330010,7818252218368,663909711872
8335004,7823169368064,663997878272
8340010,7828356677632,663997878272
8345010,7833683894272,663997878272
8350000,7838168076288,663997878272
8355001,7843242323968,663997878272
8360010,7848672358400,663997878272
8365010,7851826581504,663997878272
8370010,7854532517888,663997878272
8375010,7858240995328,663997878272
8380009,7861803786240,663997878272
8385010,7865152569344,663997878272
8390010,7871000580096,663997878272
8395010,7875481849856,663997878272
8400006,7879176560640,663997878272
8405010,7883136245760,663997878272
8410010,7886190817280,665770643456
8415000,7890245922816,665990037504
8420008,7893768540160,665990037504
8425010,7897814507520,665990037504
8430010,7902011510784,665990037504
8435010,7906055880704,665990037504
8440010,7910098202624,665990037504
8445010,7914741358592,665990037504
8450010,7919936045056,665990037504
8455010,7924281524224,665990037504
8460010,7927495442432,665990037504
8465000,7931757633536,665990037504
8470010,7935555051520,665990037504
8475000,7939731730432,665990037504
8480010,7944807714816,665990037504
8485010,7949980647424,665990037504
8490000,7954619064320,665990037504
8495010,7957896282112,666488680448
8500010,7962509025280,669122314240
8505010,7967297822720,670861946880
8510010,7972598480896,672502882304
8515010,7977965985792,673297317888
8520008,7982754893824,673297317888
8525010,7987509587968,673297317888
8530000,7992334041088,673297317888
8535010,7996935340032,673297317888
8540010,8001838526464,673297317888
8545001,8008838148096,673297317888
8550010,8013950705664,673297317888
8555004,8020042735616,673297317888
8560010,8025951260672,673297317888
8565010,8031015153664,673297317888
8570000,8034836602880,673297317888
8575005,8039672758272,673297317888
8580010,8044452909056,673297317888
8585002,8049276182528,673297317888
8590005,8052294340608,674484428800
8595000,8057074442240,675322355712
8600010,8062081736704,675366649856
8605010,8066603712512,675366649856
8610010,8071425085440,675366649856
8615010,8075723812864,675366649856
8620001,8080693792768,675366649856
8625010,8085937266688,675366649856
8630010,8091552763904,675366649856
8635010,8096445952000,675366649856
8640000,8100838502400,675366649856
8645010,8105585242112,675366649856
8650005,8110279626752,675366649856
8655004,8114199433216,675366649856
8660010,8118771019776,675366649856
8665010,8122742177792,675366649856
8670010,8126234181632,675366649856
8675003,8129044148224,675366649856
8680010,8132099158016,675366649856
8685010,8135774339072,675366649856
8690010,8138211045376,675366649856
8695010,8140850769920,675366649856
8700010,8144003588096,677151293440
8705010,8149466419200,679043887104
8710000,8153829044224,680361324544
8715000,8158316388352,681569202176
8720010,8162683453440,681744687104
8725010,8166958247936,681744687104
8730010,8171554787328,681744687104
8735010,8175954296832,681744687104
8740002,8180793364480,681744687104
8745010,8185923801088,681744687104
8750006,8189962829824,681744687104
8755010,8194814193664,681744687104
8760003,8199713308672,681744687104
8765010,8204564606976,681744687104
8770009,8209651994624,681744687104
8775010,8213220212736,683315912704
8780006,8217948717056,684441939968
8785010,8222727360512,684441939968
8790010,8227892289536,684441939968
8795004,8232854155264,684441939968
8800010,8237179072512,684441939968
8805010,8241517297664,684441939968
8810010,8245995433984,684441939968
8815010,8250154213376,684441939968
8820010,8254363475968,684441939968
8825000,8258563289088,684441939968
8830005,8262560014336,686317314048
8835010,8266922979328,687726854144
8840010,8271891783680,688521138176
8845003,8276715257856,689304399872
8850010,8282006011904,689994096640
8855000,8286951387136,689994096640
8860010,8292980994048,689994096640
8865010,8297961463808,689994096640
8870001,8302909550592,689994096640
8875010,8307606073344,689994096640
8880010,8312928804864,689994096640
8885004,8318599471104,689994096640
8890010,8322739691520,689994096640
8895010,8326174814208,690924261376
8900010,8330148556800,691206873088
8905003,8334318022656,691206873088
8910008,8338512113664,691206873088
8915004,8343255101440,691206873088
8920010,8347685412864,691206873088
8925010,8352755949568,691206873088
8930010,8357512200192,691206873088
8935010,8361755738112,691206873088
8940003,8366165860352,691206873088
8945002,8370763358208,691206873088
8950010,8375688110080,691206873088
8955010,8380462534656,691206873088
8960004,8385225838592,691206873088
8965006,8390916694016,691206873088
8970010,8396481716224,691206873088
8975010,8400402214912,692887797760
8980010,8405559771136,694992285696
8985003,8410751250432,695904940032
8990010,8415951437824,696711802880
8995010,8421151453184,696909762560
9000001,8425934262272,696909762560
9005010,8431612534784,696909762560
9010010,8436462505984,696909762560
9015010,8441105563648,696909762560
9020010,8447747256320,696909762560
9025010,8453728374784,696909762560
9030009,8459462180864,696909762560
9035010,8465911525376,696909762560
9040009,8472102977536,696909762560
9045010,8477951492096,696909762560
9050002,8482680012800,696909762560
9055010,8486803296256,698230870016
9060005,8491558633472,698230870016
9065010,8496527106048,698230870016
9070010,8501480525824,698230870016
9075010,8505909374976,698230870016
9080010,8510000328704,698230870016
9085005,8514656784384,698230870016
9090002,8518428225536,698230870016
9095009,8522695954432,698230870016
9100006,8527294918656,698230870016
9105010,8531891073024,698230870016
9110010,8535467806720,700795232256
9115010,8540612308992,701978935296
9120010,8545045352448,702758793216
9125001,8550005878784,703572131840
9130006,8554818633728,703729823744
9135010,8559383302144,703729823744
9140010,8564006522880,703729823744
9145000,8568801767424,703729823744
9150010,8573657907200,703729823744
9155010,8577731715072,703729823744
9160008,8581524926464,703729823744
9165010,8585882025984,703729823744
9170010,8590587555840,703729823744
9175010,8595371425792,703729823744
9180010,8598970703872,704862724096
9185010,8603426549760,705479983104
9190009,8608261812224,705701584896
9195010,8613232832512,705701584896
9200010,8617843867648,705701584896
9205000,8622123393024,705701584896
9210010,8626063613952,705701584896
9215010,8630589853696,705701584896
9220010,8636222164992,705701584896
9225010,8641828253696,705701584896
9230010,8646423433216,705701584896
9235010,8651362095104,705701584896
9240010,8656968376320,705701584896
9245010,8661908107264,705701584896
9250010,8667181678592,705701584896
9255010,8671928578048,705701584896
9260002,8676599627776,705701584896
9265005,8681135251456,705701584896
9270010,8686423552000,705701584896
9275001,8692238303232,705701584896
9280010,8695919783936,708307402752
9285004,8700782694400,709857734656
9290010,8705830039552,710656819200
9295002,8711691390976,711465226240
9300010,8717447524352,711515840512
9305010,8722487562240,711515840512
9310010,8727491690496,711515840512
9315009,8731968688128,711515840512
9320010,8736464162816,711515840512
9325010,8740494417920,711515840512
9330010,8744892153856,711515840512
9335010,8749292371968,711515840512
9340010,8753470349312,711515840512
9345010,8757717495808,711515840512
9350010,8761816657920,711515840512
9355010,8765947625472,711515840512
9360010,8769400016896,711515840512
9365002,8773446565888,711515840512
9370001,8776914178048,711515840512
9375010,8780580888576,711515840512
9380010,8784221175808,711515840512
9385009,8787845009408,711515840512
9390010,8791835557888,711515840512
9395010,8795707838464,711515901952
9400010,8799069970432,713761443840
9405010,8803216982016,714098601984
9410005,8807648288768,714098601984
9415010,8811557199872,714098601984
9420010,8815393591296,714098601984
9425001,8819420983296,714098601984
9430010,8823165870080,714098601984
9435010,8827204276224,714098601984
9440010,8831185596416,714098601984
9445001,8835713400832,714098601984
9450010,8839629017088,714098601984
9455000,8843499634688,714098601984
9460010,8847584821248,714098601984
9465010,8852002906112,714098601984
9470010,8856300023808,714098601984
9475008,8860876328960,714098601984
9480010,8865364746240,714098601984
9485010,8869918085120,714098601984
9490010,8874295214080,714098601984
9495010,8877934059520,714605338624
9500007,8882386362368,717261856768
9505010,8887228956672,718561325056
9510010,8892349644800,719144464384
9515010,8897435435008,719144464384
9520010,8902885474304,719144464384
9525006,8908589105152,719144464384
9530010,8913498165248,719144464384
9535001,8917869101056,719144464384
9540010,8922399731712,719144464384
9545010,8926979239936,719144464384
9550010,8932184862720,719144464384
9555010,8937039933440,719144464384
9560010,8941857820672,719144464384
9565010,8946747711488,719144464384
9570010,8951180365824,719144464384
9575010,8955480678400,719144464384
9580000,8959081885696,719144464384
9585010,8964202749952,719144464384
9590010,8969280909312,719144464384
9595010,8973907959808,719144464384
9600010,8978335932416,719144464384
9605010,8981542150144,719768924160
9610010,8985976303616,720983732224
9615010,8990707630080,721250164736
9620010,8995197407232,721250164736
9625010,9000111099904,721250164736
9630010,9004438528000,721250164736
9635010,9009290846208,721250164736
9640010,9013566365696,721250164736
9645004,9018483040256,721250164736
9650005,9022793342976,721250164736
9655010,9026911383552,721250164736
9660007,9031130931200,721250164736
9665010,9034959003648,721250164736
9670002,9038736805888,721250164736
9675010,9042477703168,721250164736
9680000,9046229893120,721250164736
9685010,9050298499072,721250164736
9690000,9054748372992,721250164736
9695010,9058534961152,721250164736
9700009,9062376931328,721250164736
9705010,9066144813056,721250164736
9710008,9069957517312,721250164736
9715008,9073511251968,721250164736
9720010,9078099374080,721250164736
9725010,9082325762048,721250164736
9730010,9086752333824,721250164736
9735010,9090356088832,723252047872
9740010,9095004999680,725215866880
9745010,9099574636544,726419181568
9750009,9104366903296,727261462528
9755010,9110388314112,727456907264
9760010,9115926724608,727456907264
9765000,9121146380288,727456907264
9770010,9126374453248,727456907264
9775010,9132357242880,727456907264
9780010,9137638424576,727456907264
9785010,9142912335872,727456907264
9790001,9148149792768,727456907264
9795010,9153866280960,727456907264
9800010,9158530560000,727456907264
9805006,9164300890112,727456907264
9810010,9169262104576,727456907264
9815004,9174284210176,727456907264
9820010,9179308765184,727456907264
9825003,9184323530752,727456907264
9830010,9189183746048,727456907264
9835003,9195500896256,727456907264
9840008,9200774586368,727456907264
9845010,9205357486080,727456907264
9850009,9210052083712,727456907264
9855000,9214409125888,727456907264
9860004,9218969034752,727456907264
9865010,9224056635392,727456907264
9870003,9228044705792,727802580992
9875001,9232935084032,730199040000
9880003,9238114127872,730684284928
9885010,9242570121216,730781085696
9890000,9247807770624,730781085696
9895010,9253232791552,730781085696
9900010,9258801053696,730781085696
9905010,9263859597312,730781085696
9910010,9269560717312,730781085696
9915010,9275040235520,730781085696
9920010,9279887642624,730781085696
9925010,9284525064192,730781085696
9930009,9289939386368,730781085696
9935010,9295169892352,730781085696
9940003,9300996534272,730781085696
9945010,9305991565312,730781085696
9950010,9312121696256,730781085696
9955004,9317037539328,730781085696
9960001,9321893224448,730781085696
9965010,9326329401344,730781085696
9970010,9330680455168,730781085696
9975010,9334735888384,730781085696
9980010,9338246447104,730781085696
9985004,9342200692736,730781085696
9990010,9347071344640,730781085696
9995010,9352274509824,730781085696
10000008,9356482502656,730781085696
10005010,9361781981184,730781085696
10010010,9366132252672,730781085696
10015006,9369958440960,732741238784
10020010,9375431442432,734351486976
10025010,9380414377984,735307337728
10030010,9385682767872,735921221632
10035008,9392977420288,735921221632
10040010,9398775803904,735921221632
10045010,9404427542528,735921221632
10050010,9410653143040,735921221632
10055010,9416131854336,735921221632
10060010,9422952497152,735921221632
10065010,9429354356736,735921221632
10070010,9435408330752,735921221632
10075010,9441702567936,735921221632
10080010,9448660877312,735921221632
10085010,9455553781760,735921221632
10090010,9461037608960,735921221632
10095007,9467614793728,735921221632
10100009,9473675538432,735921221632
10105010,9480429953024,735921221632
10110010,9487790309376,735921221632
10115010,9493125111808,735921221632
10120010,9499360858112,735921221632
10125010,9503531511808,735921221632
10130010,9507720273920,735921221632
10135010,9511929966592,735921221632
10140010,9516275585024,735921221632
10145010,9520873873408,735921221632
10150010,9524985024512,735921221632
10155010,9530260000768,735921221632
10160000,9535526662144,735921221632
10165010,9539826053120,735921221632
10170010,9544887291904,735921221632
10175010,9549848416256,735921221632
10180000,9553845874688,737378586624
10185010,9560129622016,737889411072
10190010,9566623965184,738126712832
10195010,9572705161216,738126712832
10200010,9578447020032,738126712832
10205007,9583786418176,738126712832
10210010,9589865914368,738126712832
10215004,9594763808768,738126712832
10220010,9600664166400,738126712832
10225010,9606135447552,738126712832
10230010,9612736712704,738126712832
10235010,9619250634752,738126712832
10240010,9626103726080,738126712832
10245002,9632247414784,738126712832
10250002,9638323404800,738126712832
10255010,9644607746048,738126712832
10260010,9649753186304,738126712832
10265010,9655709908992,738126712832
10270010,9661232275456,738126712832
10275010,9667204071424,738126712832
10280010,9669420142592,738126712832
10285001,9672084746240,738126712832
10290010,9676506374144,738126712832
10295010,9680877142016,738126712832
10300005,9685175263232,738126712832
10305010,9689645858816,738126712832
10310010,9694114115584,738126712832
10315000,9697289236480,739997433856
10320010,9702545465344,741937635328
10325000,9707499196416,743075663872
10330009,9712366108672,743441125376
10335010,9717139075072,743441125376
10340010,9721314926592,743441125376
10345010,9725513625600,743441125376
10350010,9729813856256,743441125376
10355010,9734445547520,743441125376
10360006,9739750494208,743441125376
10365010,9744873717760,743441125376
10370010,9749472112640,743441125376
10375010,9753736552448,743441125376
10380010,9758488055808,743441125376
10385010,9763172347904,743441125376
10390010,9768205045760,743441125376
10395010,9772711575552,743441125376
10400002,9777625571328,743441125376
10405010,9782929158144,743441125376
10410010,9789088997376,743441125376
10415008,9795252436992,743441125376
10420010,9800894267392,743441125376
10425010,9806047076352,743441125376
10430009,9811197251584,743441125376
10435000,9815894560768,743877722112
10440001,9820352147456,745916301312
10445010,9825473388544,746321649664
10450010,9830880055296,746516451328
10455010,9837320269824,746516451328
10460010,9845056913408,746516451328
10465010,9851087294464,746516451328
10470010,9855844724736,746516451328
10475010,9861296443392,746516451328
10480010,9866557706240,746516451328
10485003,9871244914688,746516451328
10490002,9875820802048,746516451328
10495010,9880614961152,746516451328
10500010,9885400326144,746516451328
10505008,9890004672512,746516451328
10510010,9894802608128,746516451328
10515010,9899708993536,746516451328
10520010,9904678158336,746516451328
10525010,9909194272768,748539015168
10530010,9914261020672,750054879232
10535010,9920991805440,750886391808
10540002,9927507034112,751669878784
10545010,9933524967424,751844220928
10550000,9939084525568,751844220928
10555010,9944639971328,751844220928
10560010,9949960699904,751844220928
10565010,9955065593856,751844220928
10570010,9960012578816,751844220928
10575010,9965111062528,751844220928
10580003,9970756747264,751844220928
10585010,9976448933888,751844220928
10590010,9982265049088,751844220928
10595010,9988144889856,751844220928
10600010,9993228603392,751844220928
10605008,9996875378688,753639124992
10610010,10001590210560,754670788608
10615010,10006202884096,754921136128
10620010,10011230756864,754921136128
10625010,10016458100736,754921136128
10630008,10021718110208,754921136128
10635004,10025740562432,754921136128
10640000,10029480026112,754921136128
10645010,10034569961472,754921136128
10650010,10039876542464,754921136128
10655010,10044783595520,754921136128
10660003,10049437622272,754921136128
10665010,10053718253568,754921136128
10670003,10057867108352,754921136128
10675010,10062064033792,754921136128
10680001,10066634711040,754921136128
10685001,10070515273728,754921136128
10690003,10075062960128,754921136128
10695010,10078766153728,757532295168
10700010,10083941904384,759201206272
10705010,10088653217792,760306757632
10710010,10093565902848,760470937600
10715010,10098660814848,760470937600
10720010,10103778320384,760470937600
10725010,10108774662144,760470937600
10730010,10114116591616,760470937600
10735010,10119569739776,760470937600
10740005,10124759416832,760470937600
10745010,10129730236416,760470937600
10750010,10133937152000,760470937600
10755010,10136675966976,760470937600
10760010,10139922833408,760470937600
10765008,10143869067264,760470937600
10770006,10146745815040,760470937600
10775010,10149753229312,760470937600
10780010,10153653948416,760470937600
10785010,10158021283840,760470937600
10790010,10161774895104,762596782080
10795010,10165919854592,763064999936
10800010,10171242803200,763340644352
10805010,10176623419392,763340644352
10810010,10181991067648,763340644352
10815003,10188133593088,763340644352
10820010,10193777147904,763340644352
10825010,10198962618368,763340644352
10830002,10203928035328,763340644352
10835010,10208939077632,763340644352
10840001,10214828601344,763340644352
10845010,10220248215552,763340644352
10850010,10225130524672,763340644352
10855010,10230283063296,763340644352
10860010,10235370446848,763340644352
10865010,10241180356608,763340644352
10870010,10247557349376,763340644352
10875010,10255278751744,763340644352
10880003,10260608081920,763340644352
10885010,10265054892032,763340644352
10890010,10269684256768,763340644352
10895010,10274237251584,763340644352
10900010,10278903816192,763340644352
10905004,10283498967040,763340644352
10910010,10286958522368,765447516160
10915003,10291870564352,767156285440
10920001,10296971493376,768521949184
10925010,10302662406144,769213440000
10930010,10307861213184,769213440000
10935003,10312211386368,769213440000
10940000,10316645740544,769213440000
10945010,10321433247744,769213440000
10950006,10325545529344,769213440000
10955010,10330237190144,769213440000
10960010,10334719033344,769213440000
10965010,10339359203328,769213440000
10970010,10344412835840,769213440000
10975004,10349361897472,769213440000
10980002,10353734217728,769213440000
10985009,10358224633856,769213440000
10990009,10363203637248,769213440000
10995010,10367602737152,769213440000
11000008,10371218595840,769213440000
11005010,10376128684032,769213440000
11010005,10380350578688,769213440000
11015010,10384408453120,769213440000
11020005,10389000425472,769213440000
11025010,10393346842624,769213440000
11030009,10398580682752,769213440000
11035010,10401655201792,770746195968
11040010,10406119157760,771074469888
11045010,10410636075008,771378196480
11050010,10415416582144,771389829120
11055007,10420566007808,771389829120
11060010,10425900556288,771389829120
11065010,10430973702144,771389829120
11070010,10436428132352,771389829120
11075010,10440934526976,771389829120
11080010,10445494255616,771389829120
11085004,10450013671424,771389829120
11090010,10454064287744,771389829120
11095010,10458395803648,771389829120
11100010,10462733398016,771389829120
11105001,10467549024256,771389829120
11110006,10472510447616,771389829120
11115010,10477475115008,771389829120
11120000,10482589700096,771389829120
11125003,10487409655808,771389829120
11130010,10492340412416,771389829120
11135001,10497398099968,771389829120
11140010,10502774808576,771389829120
11145008,10506801303552,773203587072
11150010,10511690211328,775129460736
11155010,10517191929856,776408170496
11160010,10523431096320,777218260992
11165010,10528890241024,777948958720
11170010,10534675607552,777948958720
11175010,10540339687424,777948958720
11180010,10545720549376,777948958720
11185003,10550813888512,777948958720
11190010,10555961458688,777948958720
11195005,10560457273344,777948958720
11200010,10565053505536,777948958720
11205010,10570487095296,777948958720
11210006,10575448444928,777948958720
11215000,10580326748160,777948958720
11220010,10585189363712,777948958720
11225010,10590204760064,777948958720
11230010,10595492597760,777948958720
11235010,10600180019200,777948958720
11240010,10604826931200,777948958720
11245010,10610081312768,777948958720
11250010,10614905819136,777948958720
11255010,10618836746240,780438724608
11260000,10623479975936,781171892224
11265010,10628191080448,781450989568
11270010,10633208750080,781450989568
11275010,10638307729408,781450989568
11280007,10643867824128,781450989568
11285010,10649291280384,781450989568
11290009,10654883074048,781450989568
11295010,10660268388352,781450989568
11300010,10665125965824,781450989568
11305010,10669850382336,781450989568
11310010,10674349223936,781450989568
11315010,10679162929152,781450989568
11320010,10684224462848,781450989568
11325009,10688358883328,781450989568
11330010,10693046022144,781450989568
11335010,10697998843904,781450989568
11340005,10703023980544,781450989568
11345010,10708010967040,781450989568
11350010,10712041074688,784111927296
11355004,10716964753408,785666084864
11360010,10721941696512,786850508800
11365001,10727946727424,787030634496
11370010,10733657985024,787030634496
11375005,10739164295168,787030634496
11380010,10744400629760,787030634496
11385001,10749142654976,787030634496
11390010,10754313277440,787030634496
11395010,10759755026432,787030634496
11400010,10764931579904,787030634496
11405010,10769431891968,787030634496
11410006,10773467463680,787030634496
11415010,10776855592960,787030634496
11420010,10781847281664,787030634496
11425010,10786578644992,787030634496
11430010,10791728766976,787030634496
11435010,10796731629568,787030634496
11440010,10800488050688,788121948160
11445009,10805215080448,788830539776
11450010,10810204733440,789225517056
11455010,10815112593408,789585903616
11460008,10820721221632,789585903616
11465010,10826229534720,789585903616
11470000,10831628996608,789585903616
11475010,10836740546560,789585903616
11480000,10841729945600,789585903616
11485001,10846000558080,789585903616
11490010,10850965061632,789585903616
11495010,10856072052736,789585903616
11500004,10860777820160,789585903616
11505005,10865686978560,789585903616
11510010,10870383431680,789585903616
11515010,10875301490688,789585903616
11520001,10879098298368,792141086720
11525010,10884407971840,793941573632
11530010,10889592565760,795469447168
11535010,10895230763008,796277030912
11540010,10901062828032,796770082816
11545010,10907298770944,796770082816
11550010,10912937488384,796770082816
11555007,10918182342656,796770082816
11560008,10923326607360,796770082816
11565010,10927745056768,796770082816
11570010,10932874625024,796770082816
11575010,10937610162176,796770082816
11580010,10942153125888,796770082816
11585010,10947041918976,796770082816
11590001,10952223432704,796770082816
11595010,10957421719552,796770082816
11600010,10962703187968,796770082816
11605001,10966605139968,797122920448
11610002,10971415728128,799394156544
11615010,10976518037504,799812648960
11620010,10981785034752,800233500672
11625009,10987005161472,800295235584
11630010,10992275685376,800295235584
11635010,10997156364288,800295235584
11640004,11002440876032,800295235584
11645007,11007443562496,800295235584
11650010,11012224442368,800295235584
11655010,11017094193152,800295235584
11660010,11021876862976,800295235584
11665010,11026790416384,800295235584
11670010,11032036470784,800295235584
11675010,11035763228672,802632478720
11680010,11041325387776,803833815040
11685010,11046786269184,804651737088
11690010,11052340969472,804852785152
11695009,11057741611008,804852785152
11700010,11062827032576,804852785152
11705010,11067996229632,804852785152
11710010,11073190313984,804852785152
11715010,11078335385600,804852785152
11720007,11083099033600,804852785152
11725003,11088058396672,804852785152
11730010,11093526552576,804852785152
11735006,11098653650944,804852785152
11740010,11104268509184,804852785152
11745010,11107740004352,806311514112
11750010,11112730259456,806794944512
11755010,11117644759040,807215529984
11760010,11122852265984,807418658816
11765010,11128569856000,807418658816
11770010,11133445595136,807418658816
11775010,11138741166080,807418658816
11780010,11143726235648,807418658816
11785010,11148471873536,807418658816
11790010,11153827889152,807418658816
11795010,11159385866240,807418658816
11800001,11164622475264,807418658816
11805009,11170173849600,807418658816
11810010,11175485845504,807418658816
11815005,11179262517248,807865700352
11820001,11184461012992,810643992576
11825010,11189885669376,812327436288
11830010,11195643285504,813193641984
11835010,11201212588032,814015352832
11840010,11207281254400,814267179008
11845010,11212403494912,814267179008
11850000,11217721356288,814267179008
11855000,11222605258752,814267179008
11860000,11227427033088,814267179008
11865010,11232167796736,814267179008
11870002,11237216907264,814267179008
11875003,11242994634752,814267179008
11880010,11248160817152,814267179008
11885010,11253155397632,814267179008
11890010,11258558169088,814267179008
11895005,11263956795392,814267179008
11900003,11269309091840,814267179008
11905001,11274743676928,814267179008
11910004,11279840698368,814267179008
11915010,11283763961856,816458911744
11920009,11288778092544,816847286272
11925010,11293863452672,816847286272
11930010,11298946347008,816847286272
11935010,11303970885632,816847286272
11940010,11308461854720,816847286272
11945010,11313783734272,816847286272
11950006,11319466471424,816847286272
11955010,11324063727616,816847286272
11960003,11328936738816,816847286272
11965002,11333922455552,816847286272
11970008,11339137073152,816847286272
11975010,11344168140800,816847286272
11980000,11349228507136,816847286272
11985003,11352808357888,819463634944
11990004,11357785149440,820824342528
11995006,11362978930688,821967921152
12000010,11368518287360,822663626752
12005010,11373954977792,822663626752
12010010,11379307708416,822663626752
12015003,11384641765376,822663626752
12020010,11389962551296,822663626752
12025010,11394867580928,822663626752
12030007,11399379812352,822663626752
12035005,11404351582208,822663626752
12040001,11409051680768,822663626752
12045010,11413806182400,822663626752
12050000,11419433144320,822663626752
12055010,11424268099584,822663626752
12060010,11427529773056,823462469632
12065010,11432053981184,825013428224
12070010,11436839702528,825183059968
12075010,11441405050880,825183059968
12080010,11446515052544,825183059968
12085010,11451367301120,825183059968
12090008,11456179949568,825183059968
12095004,11460974104576,825183059968
12100010,11465269538816,825183059968
12105001,11469740531712,825183059968
12110008,11474162970624,825183059968
12115010,11478879248384,825183059968
12120001,11483615502336,825183059968
12125010,11487712542720,825183059968
12130009,11491205521408,825183059968
12135010,11495973330944,825183059968
12140010,11500059758592,826836066304
12145000,11505928003584,828589883392
12150002,11511077261312,830101286912
12155006,11516574388224,830868684800
12160010,11522236223488,830868684800
12165005,11527720644608,830868684800
12170010,11532192194560,830868684800
12175007,11536462315520,830868684800
12180010,11542042877952,830868684800
12185010,11547299151872,830868684800
12190010,11552450097152,830868684800
12195010,11557585870848,830868684800
12200010,11562240106496,830868684800
12205008,11567452803072,830868684800
12210010,11572691771392,830868684800
12215010,11578319048704,830868684800
12220010,11582498312192,831820730368
12225010,11587346714624,833580187648
12230009,11592439746560,833951707136
12235008,11597094965248,833951707136
12240000,11601924222976,833951707136
12245000,11606575689728,833951707136
12250010,11611812233216,833951707136
12255010,11616757653504,833951707136
12260010,11621583327232,833951707136
12265010,11626333581312,833951707136
12270010,11630728081408,833951707136
12275010,11635040235520,833951707136
12280010,11639831932928,833951707136
12285001,11644042514432,834158125056
12290010,11647990763520,836592381952
12295010,11652965847040,837503098880
12300010,11658028310528,838312869888
12305010,11663318695936,839088136192
12310010,11669162307584,839143813120
12315010,11674509295616,839143813120
12320010,11679356702720,839143813120
12325010,11683927236608,839143813120
12330010,11688116363264,839143813120
12335010,11692597231616,839143813120
12340010,11697283858432,839143813120
12345010,11701664366592,839143813120
12350000,11705764814848,839143813120
12355000,11708739477504,840479567872
12360010,11712773259264,840987901952
12365010,11716831653888,841338531840
12370010,11721617125376,841338531840
12375010,11726731300864,841338531840
12380008,11732176244736,841338531840
12385010,11737857769472,841338531840
12390010,11744238325760,841338531840
12395010,11749012414464,841338531840
12400010,11754880237568,841338531840
12405009,11759450427392,841338531840
12410009,11763716485120,841338531840
12415010,11768430313472,841338531840
12420002,11772988477440,841338531840
12425010,11777725366272,841338531840
12430008,11781359538176,841338531840
12435000,11784952872960,844131610624
12440002,11790354132992,845777379328
12445010,11795796836352,847086526464
12450004,11801198252032,847206539264
12455003,11806603698176,847206539264
12460010,11811761979392,847206539264
12465010,11816692293632,847206539264
12470010,11821896839168,847206539264
12475010,11827107397632,847206539264
12480010,11832048230400,847206539264
12485010,11837034336256,847206539264
12490010,11841459593216,847206539264
12495010,11846878339072,847206539264
12500010,11851702603776,847206539264
12505010,11856099938304,847206539264
12510010,11859621367808,847687200768
12515010,11863979315200,850163326976
12520010,11868708610048,850637139968
12525010,11873596608512,850903592960
12530010,11878278828032,850903592960
12535010,11882531889152,850903592960
12540010,11886764945408,850903592960
12545000,11891413700608,850903592960
12550010,11896169852928,850903592960
12555001,11900855828480,850903592960
12560001,11905381335040,850903592960
12565010,11910200049664,850903592960
12570010,11915101429760,850903592960
12575010,11919282610176,851185569792
12580010,11923494318080,853796302848
12585000,11928602304512,855263244288
12590010,11933708611584,856042979328
12595010,11938639609856,856845197312
12600007,11943944957952,857148678144
12605006,11949056086016,857148678144
12610010,11953952292864,857148678144
12615010,11958243188736,857148678144
12620010,11961005727744,857148678144
12625008,11965320089600,857148678144
12630010,11969925087232,857148678144
12635010,11974620610560,857148678144
12640006,11979185086464,857148678144
12645001,11981996711936,858562174976
12650005,11986585886720,858983424000
12655004,11991174467584,859313233920
12660005,11996088848384,859531816960
12665003,12000892649472,859531816960
12670005,12005416583168,859531816960
12675005,12010176212992,859531816960
12680005,12014785896448,859531816960
12685005,12019163979776,859531816960
12690000,12023576133632,859531816960
12695005,12028194852864,859531816960
12700005,12032881016832,859531816960
12705001,12037544714240,859531816960
12710000,12040366448640,861577318400
12715003,12045173006336,863015399424
12720005,12050123223040,864228315136
12725005,12055425744896,864898748416
12730005,12061122363392,865561686016
12735005,12066388189184,865717227520
12740005,12071435771904,865717227520
12745004,12076347793408,865717227520
12750001,12080910430208,865717227520
12755000,12085385072640,865717227520
12760002,12090366992384,865717227520
12765005,12095038767104,865717227520
12770000,12098946478080,866113253376
12775003,12102953046016,867867201536
12780005,12107585343488,868241481728
12785005,12112434479104,868574101504
12790005,12117157285888,868768661504
12795005,12121911042048,868768661504
12800003,12126756610048,868768661504
12805001,12131380490240,868768661504
12810004,12136087756800,868768661504
12815005,12140788690944,868768661504
12820005,12145346908160,868768661504
12825005,12148465811456,870798802944
12830002,12153020850176,871854272512
12835000,12157732478976,872509566976
12840005,12162585022464,873173405696
12845005,12167654912000,873860440064
12850005,12172729651200,873990184960
12855005,12176459182080,873990184960
12860004,12180927451136,873990184960
12865005,12185505837056,873990184960
12870003,12189987807232,873990184960
12875005,12194380337152,873990184960
12880005,12198518272000,873990184960
12885005,12201808715776,874885001216
12890005,12205877530624,875677179904
12895005,12210557718528,876028264448
12900005,12215278616576,876346499072
12905003,12219791806464,876628058112
12910005,12224501944320,876628058112
12915001,12228836716544,876628058112
12920001,12233385918464,876628058112
12925000,12237455020032,876628058112
12930000,12241300209664,876628058112
12935005,12245386653696,876628058112
12940005,12249732423680,876628058112
12945009,12253896888320,876628058112
12950003,12257870524416,876628058112
12955010,12261527052288,877027209216
12960010,12265825308672,879577296896
12965002,12270385090560,880955355136
12970003,12275355783168,882231205888
12975002,12280761270272,882916143104
12980007,12286104584192,883364691968
12985010,12291570737152,883364691968
12990006,12296935198720,883364691968
12995005,12300844220416,883364691968
13000009,12305488404480,883364691968
13005010,12310211911680,883364691968
13010001,12315138625536,883364691968
13015000,12319633850368,883364691968
13020009,12324346892288,883364691968
13025007,12327255367680,885629382656
13030010,12331923177472,886110842880
13035005,12336675934208,886451109888
13040010,12341257846784,886770233344
13045010,12345870012416,886967492608
13050007,12350436687872,886967492608
13055008,12355467743232,886967492608
13060010,12359855071232,886967492608
13065010,12364028354560,886967492608
13070010,12367139123200,888248172544
13075010,12371493371904,889751908352
13080005,12376170147840,890703220736
13085010,12380971786240,891444850688
13090008,12386193674240,892121194496
13095010,12391071272960,892121194496
13100007,12395911421952,892121194496
13105010,12400708370432,892121194496
13110010,12405518163968,892121194496
13115010,12410215190528,892121194496
13120010,12414885912576,892121194496
13125000,12419366977536,892121194496
13130002,12422057906176,893706407936
13135004,12426297040896,894602657792
13140005,12430334345216,894980997120
13145010,12434793336832,895340560384
13150010,12439272165376,895433244672
13155010,12443496865792,895433244672
13160010,12447361847296,895433244672
13165004,12451422937088,895433244672
13170009,12455290322944,895433244672
13175008,12459630211072,895433244672
13180010,12463856635904,895433244672
13185010,12466776973312,897214550016
13190004,12471525224448,898816598016
13195010,12476155011072,899875446784
13200004,12480669007872,900555780096
13205002,12485765668864,901245276160
13210003,12490316836864,901643059200
13215006,12495035224064,901643059200
13220007,12499925225472,901643059200
13225008,12504736088064,901643059200
13230010,12508817797120,901643489280
13235010,12512385064960,903656431616
13240004,12516912672768,904037416960
13245010,12521380790272,904380534784
13250010,12526111088640,904597708800
13255007,12530860068864,904597708800
13260004,12535417016320,904597708800
13265008,12539732201472,904597708800
13270010,12544057946112,904597708800
13275010,12548462583808,904597708800
13280000,12552914055168,904597708800
13285003,12556270604288,904918274048
13290010,12559752314880,907127259136
13295003,12564209721344,907996884992
13300001,12568614199296,908678971392
13305010,12573320343552,909368975360
13310010,12578154274816,909903060992
13315009,12583209213952,909903060992
13320005,12587902394368,909903060992
13325000,12592197681152,909903060992
13330002,12596362788864,909903060992
13335009,12600525824000,909903060992
13340006,12604520435712,909903060992
13345010,12608389189632,909903060992
13350010,12611371896832,911222263808
13355003,12615556681728,911421517824
13360008,12619994546176,911421517824
13365010,12624649465856,911421517824
13370009,12628837609472,911421517824
13375001,12632994226176,911421517824
13380010,12637578297344,911421517824
13385000,12641886310400,911421517824
13390010,12646024617984,911421517824
13395010,12649256423424,911421517824
13400010,12652445847552,911421517824
13405001,12655582478336,911421517824
13410010,12658594185216,911421517824
13415010,12661455941632,911421517824
13420010,12664788623360,911421517824
13425010,12667302502400,911799197696
13430010,12671042490368,914468511744
13435004,12675009085440,915876241408
13440003,12679280914432,917223092224
13445010,12683724566528,918259400704
13450006,12688071389184,918693298176
13455007,12692424523776,918693298176
13460001,12696716398592,918693298176
13465010,12701336895488,918693298176
13470002,12705473585152,918693298176
13475003,12709934731264,918693298176
13480003,12714859393024,918693298176
13485004,12719172911104,918693298176
13490010,12723533471744,918693298176
13495009,12727763533824,918693298176
13500010,12732279980032,918693298176
13505010,12736627777536,918693298176
13510003,12740293869568,918727634944
13515010,12743790292992,921062703104
13520009,12747899863040,921587773440
13525010,12752346836992,921788600320
13530010,12756660187136,921788600320
13535010,12761226256384,921788600320
13540010,12765446492160,921788600320
13545010,12769869348864,921788600320
13550000,12774118514688,921788600320
13555000,12778371383296,921788600320
13560001,12782202634240,921788600320
13565010,12786757505024,921788600320
13570010,12790564966400,921788600320
13575010,12793524695040,923211350016
13580001,12797563629568,924628041728
13585010,12801921318912,925631778816
13590006,12806495662080,926528364544
13595002,12811511177216,927252815872
13600010,12816365801472,927551746048
13605010,12820994277376,927551746048
13610010,12823894179840,928180666368
13615010,12827976310784,928180666368
13620007,12831034408960,929596260352
13625014,12833586167808,930646220800
13630008,12835510079488,931007291392
13635010,12837750738944,931059920896
13640002,12839634268160,931331076096
13645006,12841730383872,931331190784
13650010,12843904208896,931331190784
13655010,12845996638208,931331194880
13660010,12848016584704,931331194880
13665010,12850136371200,931331194880
13670000,12852300226560,931331194880
13675010,12854806016000,931581689856
13680010,12856835936256,931581689856
13685010,12860148027392,931581689856
13690010,12862250729472,931581689856
13695006,12865264705536,931581689856
13700000,12868310089728,931581689856
13705010,12870524837888,931581689856
13710010,12874092658688,931581689856
13715010,12877441589248,931581689856
13720010,12879581237248,931581689856
13725010,12882451439616,931581689856
13730010,12885560700928,931581689856
13735010,12887625076736,931581689856
13740010,12890719830016,931581689856
13745002,12894246682624,931581689856
13750002,12897794420736,931581689856
13755010,12899970400256,931581689856
13760010,12903092019200,931582779392
13765000,12906802126848,931582779392
13770010,12908634193920,931582779392
13775009,12912075964416,931582779392
13780010,12915762036736,931582779392
13785010,12917721718784,931582779392
13790006,12920978415616,931582779392
13795000,12923939381248,931582779392
13800010,12926104457216,931582779392
13805010,12929505972224,931582779392
13810010,12933259214848,931582779392
13815010,12935091548160,931582779392
13820008,12938328432640,931582779392
13825010,12942493655040,931582779392
13830005,12945756745728,931582779392
13835010,12948017745920,931582779392
13840010,12951348908032,931582779392
13845010,12955088179200,931582779392
13850010,12956895301632,931582779392
13855010,12959880794112,931582779392
13860010,12963861745664,931582779392
13865008,12967361540096,931582779392
13870010,12969326493696,931582779392
13875000,12972355731456,931582779392
13880010,12976274128896,931582779392
13885010,12978555940864,931582779392
13890000,12984817659904,931836813312
13895005,12991087616000,931836813312
13900010,12997292957696,931836813312
13905010,13002413805568,931836813312
13910002,13005051158528,931836813312
13915010,13007646400512,931836813312
13920000,13010056265728,931836813312
13925010,13012469346304,931836813312
13930013,13014508531712,931836813312
13935007,13015976456192,931836813312
13940010,13017659985920,932214407168
13945001,13019612241920,933425545216
13950000,13021592080384,934680707072
13955011,13023999508480,936247476224
13960010,13026291687424,937830629376
13965010,13027590881280,940124045312
13970008,13032338853888,941471367168
13975000,13039055953920,941723271168
13980001,13046167638016,942011777024
13985012,13052767870976,942815559680
13990010,13058655367168,944177135616
13995004,13062322946048,945275338752
14000002,13062813298688,946443927552
14005010,13063211712512,947517112320
14010007,13064059351040,948864368640
14015009,13064428007424,951064674304
14020002,13064731365376,952520196096
14025010,13064893165568,955087863808
14030004,13065211817984,956113240064
14035002,13065475735552,957927849984
14040010,13065841176576,959125782528
14045010,13066046836736,961706786816
14050010,13066423074816,962819227648
14055012,13067057446912,965235589120
14060002,13067844329472,966557237248
14065007,13068540686336,967495122944
14070011,13069412286464,969829613568
14075002,13070661083136,970550001664
14080003,13071570776064,971302584320
14085010,13072226197504,973351370752
14090003,13073427382272,974357544960
14095001,13075072745472,974561427456
14100010,13076463034368,975490727936
14105010,13077924466688,976273145856
14110009,13079722188800,977487167488
14115010,13081510539264,978474401792
14120004,13082993299456,979159138304
14125008,13084127477760,979428491264
14130011,13085973008384,980863418368
14135004,13087402082304,981935226880
14140017,13088650727424,982460465152
14145010,13090032648192,982898360320
14150000,13091531382784,983342055424
14155000,13093987434496,983857004544
14160010,13095020249088,984184963072
14165010,13096264396800,984678088704
14170005,13097407361024,985143230464
14175003,13098685865984,985629868032
14180005,13100203663360,986348929024
14185003,13102445559808,987019870208
14190010,13103511306240,987855568896
14195002,13104538546176,988444016640
14200010,13105800380416,988970385408
14205008,13106812723200,989661560832
14210010,13108652752896,990585389056
14215010,13109835849728,991133777920
14220010,13111034335232,991546966016
14225010,13111803916288,992130580480
14230004,13112059150336,993375813632
14235010,13112282587136,995908911104
14240010,13113154654208,996703043584
14245010,13113885974528,997082136576
14250010,13114199891968,998499123200
14255003,13114356379648,1000926920704
14260010,13115116027904,1002075095040
14265010,13115762786304,1002611130368
14270010,13116438958080,1003359010816
14275010,13116707508224,1005540769792
14280010,13117214097408,1006254784512
14285010,13117795704832,1006808629248
14290010,13118099292160,1007536914432
14295010,13118601281536,1009329160192
14300010,13118906056704,1011081936896
14305010,13119653707776,1011456376832
14310010,13120910065664,1012050509824
14315010,13122130333696,1013249589248
14320010,13123101868032,1014878683136
14325000,13125121429504,1016574492672
14330000,13127245549568,1017423413248
14335010,13129589927936,1018021478400
14340010,13131632730112,1018496712704
14345010,13133621293056,1018997129216
14350007,13135509880832,1019746451456
14355010,13137673191424,1020635938816
14360010,13139817779200,1021433020416
14365006,13143354908672,1021741842432
14370010,13145915346944,1022956191744
14375009,13147671879680,1023725174784
14380002,13149900136448,1024334282752
14385005,13151970672640,1024834142208
14390010,13154026082304,1025340719104
14395004,13156963725312,1025540276224
14400010,13159345913856,1026406023168
14405010,13161546145792,1027305209856
14410010,13163991506944,1028454531072
14415004,13166336811008,1029724438528
14420008,13168912904192,1031091912704
14425010,13171514826752,1031188905984
14430005,13173826670592,1031648657408
14435010,13175924269056,1032146157568
14440001,13177925394432,1032673116160
14445000,13179960172544,1033445212160
14450010,13182041972736,1034331455488
14455000,13184671105024,1034577526784
14460010,13187191414784,1035421368320
14465003,13189724397568,1036802998272
14470010,13192167120896,1037885276160
14475010,13193820639232,1038649901056
14480010,13195917561856,1039125069824
14485010,13198398947328,1039279456256
14490010,13200302702592,1039758163968
14495010,13202261049344,1040490921984
14500010,13203993870336,1041178624000
14505010,13205689548800,1041780260864
14510010,13207527493632,1042525683712
14515003,13210398965760,1042822004736
14520010,13212869636096,1044036386816
14525010,13214710185984,1045092450304
14530010,13216729849856,1045547958272
14535010,13218586394624,1045977890816
14540010,13220390825984,1046425845760
14545009,13222683373568,1046604824576
14550010,13224929017856,1047066345472
14555010,13226724999168,1047680974848
14560010,13228528066560,1048407572480
14565004,13230606544896,1049435979776
14570010,13232871673856,1050736197632
14575010,13235281907712,1051263516672
14580010,13237335617536,1051530821632
14585010,13238998663168,1052009168896
14590010,13241444438016,1052456517632
14595004,13245234479104,1052959604736
14600000,13248754450432,1053556572160
14605010,13251801866240,1053757571072
14610010,13254260793344,1054336851968
14615010,13256567554048,1055210496000
14620010,13258841579520,1056205611008
14625010,13261428039680,1057538498560
14630010,13263851143168,1058485329920
14635010,13266185654272,1059017007104
14640010,13268654534656,1059435061248
14645010,13271175512064,1059931840512
14650010,13273553997824,1060482506752
14655010,13275734302720,1061012168704
14660010,13277818966016,1061468364800
14665010,13280280797184,1061647310848
14670002,13282688028672,1062193389568
14675003,13284988518400,1063300718592
14680010,13287112589312,1064676335616
14685010,13287987048448,1065857359872
14690010,13288770338816,1066355040256
14695010,13290336268288,1066540507136
14700000,13291491536896,1067553579008
14705010,13292391755776,1068389031936
14710010,13292668481536,1069360586752
14715010,13292903018496,1070728110080
14720010,13294051680256,1072804847616
14725010,13294902358016,1073836580864
14730010,13295351459840,1074276573184
14735010,13295562747904,1074936111104
14740010,13295835492352,1075534225408
14745003,13296087289856,1076283105280
14750010,13296168636416,1077506072576
14755010,13296768368640,1078794641408
14760010,13297369276416,1079580057600
14765010,13297760587776,1080095776768
14770008,13297923215360,1080780185600
14775010,13298128056320,1081525346304
14780010,13298177470464,1082571071488
14785010,13299331674112,1084048318464
14790010,13299624189952,1085117964288
14795010,13300095094784,1085641629696
14800010,13300711460864,1086449360896
14805010,13301159743488,1087372812288
14810010,13301609553920,1088189505536
14815010,13302227124224,1088492462080
14820010,13302571515904,1089242636288
14825010,13302747791360,1091055050752
14830010,13303428472832,1093634875392
14835010,13303716642816,1094352117760
14840010,13304264396800,1095044472832
14845010,13304765157376,1095517888512
14850010,13305253416960,1096270045184
14855010,13305716510720,1096903319552
14860010,13306289950720,1097539592192
14865006,13306981224448,1098366197760
14870010,13307240767488,1100254355456
14875010,13308220305408,1101146497024
14880002,13308707393536,1101578330112
14885010,13308904951808,1102481612800
14890010,13309055361024,1103435177984
14895010,13309302620160,1104235290624
14900010,13309574070272,1104908476416
14905010,13309780627456,1106317631488
14910010,13310895292416,1108619419648
14915010,13311227072512,1109412831232
14920010,13311736139776,1109836439552
14925010,13311969288192,1110402801664
14930010,13312175079424,1111016611840
14935010,13312327622656,1111973732352
14940010,13312423206912,1114970988544
14945010,13313078300672,1116077236224
14950010,13313625288704,1116466241536
14955010,13314014949376,1116988399616
14960010,13314256498688,1117547732992
14965010,13314789748736,1117953056768
14970010,13314866487296,1120303964160
14975010,13315642413056,1122462031872
14980010,13315901431808,1123375259648
14985010,13316377219072,1123823902720
14990010,13316883210240,1124291190784
14995010,13317701271552,1124592050176
15000010,13318142296064,1125278031872
15005010,13318339223552,1126617800704
15010010,13318967369728,1128819466240
15015010,13319825170432,1131112701952
15020010,13320119537664,1131943419904
15025010,13321147842560,1132272082944
15030010,13321716695040,1132813377536
15035010,13322292543488,1133372465152
15040010,13322831609856,1133939580928
15045010,13323364384768,1134550654976
15050010,13323880267776,1135231279104
15055010,13324463738880,1136018874368
15060010,13325251727360,1138385510400
15065010,13326692196352,1140400906240
15070010,13327042523136,1141269061632
15075010,13327633055744,1141732483072
15080010,13328131612672,1142234832896
15085010,13328848887808,1142597066752
15090010,13329273290752,1143189725184
15095010,13329640062976,1143826145280
15100010,13329896636416,1144866267136
15105010,13330097082368,1146505945088
15110010,13331059527680,1148526796800
15115010,13333092560896,1149261012992
15120010,13333517115392,1150218330112
15125010,13334312452096,1150761033728
15130010,13335210635264,1151310798848
15135008,13336140591104,1152024518656
15140010,13337216348160,1152629825536
15145010,13338222268416,1153047109632
15150010,13338589409280,1154525011968
15155010,13338893504512,1156558577664
15160010,13339571425280,1158931718144
15165010,13340548878336,1160970985472
15170010,13341211000832,1162056294400
15175010,13342194843648,1162558136320
15180010,13342963945472,1163065958400
15185010,13343765536768,1163586510848
15190005,13344353681408,1164160278528
15195010,13344627982336,1164888154112
15200010,13344742273024,1166086397952
15205010,13345907212288,1167245516800
15210010,13346650836992,1169217904640
15215010,13348125646848,1171121577984
15220010,13348344811520,1172068671488
15225010,13349133766656,1172615192576
15230003,13350046027776,1173345869824
15235010,13351817986048,1173674434560
15240010,13352753106944,1174388301824
15245010,13353627140096,1175065550848
15250010,13354605805568,1175886192640
15255010,13355777400832,1176887746560
15260004,13357215993856,1178230808576
15265005,13359002034176,1179177869312
15270010,13359275700224,1181217120256
15275010,13361010241536,1183192686592
15280010,13362119659520,1184090284032
15285010,13362623979520,1185217011712
15290010,13363340029952,1185643192320
15295010,13364804861952,1185958600704
15300010,13365648420864,1186533580800
15305009,13366524784640,1187197263872
15310010,13367601385472,1188125794304
15315010,13368810975232,1189226029056
15320010,13368994344960,1191083941888
15325010,13370166931456,1192489443328
15330010,13371436003328,1194603700224
15335010,13372413874176,1195406598144
15340010,13372903854080,1196397371392
15345010,13373665361920,1196898672640
15350010,13374498430976,1197493035008
15355010,13376083931136,1197909516288
15360010,13376962961408,1198584373248
15365010,13377842585600,1199266947072
15370002,13379002118144,1200297058304
15375010,13380613357568,1201833369600
15380010,13382547603456,1203766370304
15385010,13384230813696,1205172477952
15390010,13386081452032,1207002980352
15395010,13387631362048,1208450801664
15400010,13388124721152,1209052225536
15405010,13388909010944,1209877274624
15410000,13389634662400,1210302373888
15415005,13391408529408,1210686693376
15420005,13392422236160,1211325652992
15425005,13393513361408,1212025479168
15430005,13394824204288,1213093961728
15435005,13396187447296,1214312521728
15440005,13397443756032,1215831875584
15445005,13399097311232,1216981524480
15450005,13400992628736,1218848432128
15455001,13402631307264,1220354613248
15460005,13403600535552,1221122269184
15465005,13404269223936,1222052290560
15470005,13405123792896,1222533144576
15475005,13406656815104,1222944743424
15480005,13407615897600,1223598137344
15485005,13408591990784,1224220516352
15490005,13409659744256,1225076121600
15495005,13410819559424,1226049642496
15500005,13412076539904,1227158298624
15505005,13413492023296,1228080619520
15510005,13414540091392,1230148837376
15515005,13414803906560,1232076955648
15520005,13416167051264,1233323892736
15525005,13416640798720,1234161295360
15530005,13417479053312,1234600550400
15535005,13419013664768,1234952101888
15540005,13419974107136,1235552919552
15545005,13420946186240,1236222795776
15550002,13421960052736,1237019975680
15555005,13423029510144,1237888770048
15560005,13424232554496,1238927777792
15565005,13425980305408,1239613579264
15570005,13426858061824,1241638641664
15575005,13426995851264,1243429904384
15580000,13428479156224,1245329629184
15585005,13428865802240,1246112276480
15590000,13429693411328,1246541275136
15595005,13431028740096,1246816985088
15600005,13431995228160,1247340240896
15605005,13432951386112,1247965552640
15610005,13433947078656,1248730554368
15615005,13435013849088,1249579425792
15620005,13436123422720,1250498797568
15625005,13437628915712,1251261603840
15630005,13438180728832,1253131476992
15635005,13438503133184,1254950543360
15640003,13439749664768,1256790482944
15645005,13440174432256,1257624510464
15650005,13440989417472,1258023542784
15655005,13442328551424,1258378371072
15660005,13443296743424,1258912899072
15665005,13444266811392,1259619377152
15670005,13445301960704,1260433088512
15675005,13446398558208,1261334601728
15680005,13447487651840,1262232297472
15685005,13449198555136,1262982897664
15690005,13449444380672,1264530726912
15695005,13449827127296,1266170912768
15700005,13450763587584,1268112482304
15705005,13451273269248,1269025857536
15710005,13452085530624,1269419040768
15715005,13453489479680,1269726961664
15720005,13454449659904,1270268731392
15725005,13455427219456,1270895910912
15730006,13456394297344,1271584956416
15735010,13457384312832,1272331280384
15740010,13458435657728,1273146548224
15745010,13460370448384,1273636397056
15750010,13461358190592,1274952179712
15755010,13461564448768,1276050989056
15760010,13461899141120,1277768146944
15765010,13462630866944,1279657435136
15770010,13463070773248,1280619094016
15775010,13464143831040,1280924819456
15780010,13464956985344,1281320886272
15785010,13465855860736,1281839439872
15790010,13466801938432,1282466390016
15795010,13467782619136,1283163578368
15800003,13468772753408,1283876577280
15805003,13470645264384,1284369588224
15810003,13471436857344,1285597044736
15815010,13471715893248,1286663233536
15820010,13471978725376,1288327077888
15825010,13472406659072,1290328367104
15830010,13472996360192,1291366555648
15835010,13474032885760,1291889303552
15840010,13475006488576,1292457467904
15845010,13475898482688,1292941172736
15850010,13476827701248,1293471358976
15855010,13477758455808,1294082727936
15860010,13478712053760,1294732288000
15865010,13480516100096,1295160614912
15870010,13481613090816,1296021069824
15875006,13482332135424,1296953925632
15880010,13482505216000,1298087092224
15885010,13482762035200,1299827236864
15890010,13483371159552,1301575278592
15895010,13484077912064,1301914558464
15900010,13484698374144,1302306234368
15905010,13485251321856,1302797164544
15910010,13485735936000,1303346454528
15915010,13486203650048,1303970881536
15920010,13486675050496,1304609218560
15925010,13487532802048,1305063383040
15930010,13487814115328,1305974022144
15935010,13488159768576,1306766696448
15940010,13488372023296,1307916820480
15945010,13488508092416,1309498138624
15950010,13488959406080,1311230943232
15955008,13495913312256,1311498952704
15960002,13505762828288,1311504408576
15965010,13514246643712,1311504437248
15970002,13514323623936,1311946944512
15975007,13514329198592,1312306135040
15980009,13514346274816,1312596205568
15985010,13514401734656,1312984354816
15990000,13514448703488,1313263255552
15995010,13514559361024,1313591652352
16000010,13514706743296,1313776369664
16005002,13514873085952,1313972801536
16010002,13515048812544,1314199609344
16015004,13515222519808,1314491371520
16020009,13515362164736,1315011538944
16025009,13515516944384,1315328204800
16030010,13515676422144,1315662745600
16035007,13515812646912,1316039143424
16040010,13516002607104,1316039979008
16045010,13516175278080,1316438016000
16050009,13516347600896,1316871127040
16055009,13516520611840,1317331066880
16060009,13516723290112,1317331959808
16065009,13516912185344,1317838860288
16070010,13517111504896,1318372139008
16075010,13517350531072,1318373060608
16080009,13517556867072,1318958624768
16085010,13517783216128,1318959247360
16090010,13518018519040,1319619198976
16095009,13518236200960,1320319504384
16100009,13518554935296,1320320196608
16105012,13518845390848,1320320688128
16110009,13519105781760,1321092571136
16115009,13519368650752,1321093128192
16120009,13519575048192,1321930358784
16125010,13519854587904,1321930911744
16130010,13520075386880,1322887938048
16135009,13520359104512,1322888392704
16140010,13520647208960,1322888785920
16145010,13520866529280,1323938660352
16150010,13521152360448,1323939102720
16155010,13521455681536,1323939545088
16160009,13521662951424,1325102604288
16165010,13521958432768,1325103013888
16170010,13522247979008,1325103493120
16175009,13522461257728,1326370816000
16180009,13522758893568,1326371307520
16185010,13523033964544,1326371725312
16190009,13523263193088,1327742226432
16195009,13523558092800,1327742619648
16200009,13523829182464,1327742988288
16205009,13524030001152,1329258786816
16210010,13524325773312,1329259216896
16215010,13524622065664,1329259646976
16220010,13524807491584,1329493581824
16225009,13525035511808,1330956771328
16230009,13525334646784,1330957180928
16235009,13525633081344,1330957631488
16240010,13525778939904,1331124789248
16245010,13525897011200,1332820488192
16250010,13526196592640,1332820979712
16255009,13526501117952,1332821487616
16260009,13526787268608,1332821975040
16265010,13526803931136,1333292240896
16270010,13526924906496,1334939648000
16275010,13527188082688,1334940237824
16280003,13527444918272,1334940860416
16285010,13527680139264,1334941519872
16290010,13527712731136,1335333842944
16295010,13527712768000,1337153912832
16300004,13527982850048,1337224257536
16305009,13528241373184,1337224990720
16310009,13528506642432,1337225883648
16315010,13528632504320,1337400586240
16320009,13528632504320,1338095677440
16325010,13528843448320,1339635761152
16330009,13529126359040,1339636703232
16335009,13529402179584,1339637551104
16340009,13529663967232,1339638292480
16345010,13529791029248,1339823067136
16350010,13529791029248,1340502380544
16355008,13529978114048,1342385623040
16360008,13530249273344,1342386565120
16365009,13530481508352,1342387654656
16370009,13530689961984,1342388785152
16375010,13530847776768,1342389727232
16380010,13530851037184,1342775685120
16385010,13530851037184,1343414726656
16390010,13530920767488,1345259147264
16395010,13531088355328,1345260257280
16400009,13531286818816,1345262022656
16405009,13531518840832,1345264209920
16410010,13531634270208,1345370243072
16415010,13531634270208,1346593259520
16420010,13531818725376,1348193558528
16425009,13532052234240,1348195815424
16430010,13532277428224,1348197961728
16435010,13532407984128,1348352163840
16440010,13532407984128,1349007294464
16445010,13532429033472,1350981414912
16450002,13532643938304,1350983479296
16455010,13532887478272,1350985633792
16460009,13533133004800,1350988029952
16465010,13533223665664,1351244402688
16470010,13533223665664,1351904890880
16475009,13533299777536,1353822298112
16480009,13533555580928,1353824792576
16485006,13533813563392,1353827037184
16490010,13534070243328,1353829036032
16495010,13534164303872,1354141601792
16500010,13534164303872,1354802008064
16505010,13534279041024,1356738068480
16510009,13534544134144,1356740390912
16515010,13534805110784,1356742610944
16520010,13535099879424,1356745220096
16525010,13535200870400,1357113487360
16530010,13535200870400,1357779202048
16535010,13535342555136,1359725228032
16540008,13535639408640,1359727304704
16545010,13535938473984,1359729631232
16550009,13536234614784,1359731695616
16555010,13536288681984,1360123420672
16560010,13536288681984,1360764493824
16565009,13536425177088,1362704498688
16570009,13536738443264,1362706432000
16575009,13537050214400,1362708324352
16580009,13537347756032,1362710065152
16585010,13537579962368,1362712838144
16590010,13537580830720,1363325583360
16595010,13537580838912,1364180631552
16600010,13537791602688,1365733679104
16605009,13538075795456,1365735415808
16610009,13538371502080,1365737594880
16615009,13538656198656,1365740072960
16620010,13538852319232,1365927002112
16625010,13538859020288,1366569549824
16630010,13538910408704,1368863985664
16635010,13539218112512,1368866398208
16640009,13539511111680,1368868835328
16645009,13539807469568,1368871415808
16650010,13540020633600,1368899837952
16655010,13540020633600,1369440493568
16660010,13540020633600,1370079715328
16665010,13540089004032,1372037001216
16670009,13540361441280,1372039294976
16675009,13540635631616,1372041703424
16680010,13540916334592,1372044328960
16685010,13541139836928,1372046675968
16690010,13541178503168,1372567130112
16695010,13541178503168,1373213151232
16700009,13541227958272,1375329112064
16705009,13541508763648,1375331708928
16710010,13541787475968,1375334424576
16715010,13542070202368,1375337140224
16720010,13542315155456,1375339388928
16725010,13542378332160,1375823388672
16730010,13542379036672,1376460021760
16735009,13542512693248,1378054619136
16740010,13542798815232,1378057285632
16745010,13543068815360,1378059898880
16750010,13543337390080,1378062520320
16755009,13543601856512,1378064637952
16760010,13543679418368,1378463342592
16765009,13543788118016,1380773457920
16770010,13544060256256,1380775927808
16775009,13544334106624,1380778430464
16780009,13544614047744,1380780969984
16785009,13544889225216,1380783378432
16790010,13545088409600,1380986531840
16795010,13545090301952,1382656638976
16800009,13545378009088,1383479336960
16805010,13545669832704,1383481532416
16810009,13545974128640,1383483940864
16815009,13546263281664,1383486173184
16820009,13546539814912,1383488524288
16825010,13546663149568,1383764250624
16830010,13546664656896,1384325566464
16835010,13546664669184,1384860651520
16840001,13546664673280,1385461813248
16845010,13546665836544,1387305750528
16850009,13546955706368,1387325607936
16855009,13547247378432,1387327901696
16860009,13547542474752,1387330367488
16865009,13547810906112,1387332411392
16870009,13548086689792,1387334582272
16875010,13548199231488,1387537006592
16880010,13548214927360,1388073844736
16885009,13548338024448,1390474530816
16890009,13548636053504,1390477062144
16895009,13548910829568,1390479290368
16900009,13549201252352,1390481584128
16905009,13549478043648,1390484119552
16910009,13549759258624,1390486732800
16915010,13550182264832,1390581587968
16920010,13550182264832,1391155798016
16925010,13550182821888,1391740362752
16930007,13550182834176,1392293617664
16935010,13550182842368,1392881573888
16940010,13550193889280,1395021393920
16945009,13550503858176,1395024072704
16950010,13550805168128,1395026800640
16955009,13551085035520,1395029528576
16960010,13551347642368,1395032350720
16965008,13551626416128,1395035201536
16970009,13551828897792,1395037581312
16975010,13552139104256,1395567095808
16980010,13552139104256,1396396503040
16985010,13552364331008,1398809546752
16990009,13552663052288,1398811963392
16995010,13552950099968,1398814642176
17000009,13553224060928,1398818189312
17005009,13553485193216,1398821814272
17010010,13553771565056,1398826405888
17015010,13554310795264,1398998446080
17020010,13554310811648,1399583223808
17025010,13554310819840,1400121683968
17030010,13554310828032,1400710623232
17035009,13554416541696,1402752573440
17040010,13554697277440,1402756698112
17045009,13554982699008,1402760597504
17050010,13555283529728,1402764288000
17055009,13555550760960,1402768400384
17060010,13555975614464,1402942148608
17065010,13555975983104,1403498156032
17070003,13555976003584,1404317896704
17075009,13556177915904,1406485737472
17080009,13556451815424,1406489907200
17085010,13556777771008,1406493487104
17090010,13557095440384,1406497083392
17095010,13557395054592,1406500986880
17100010,13557956595712,1406563590144
17105010,13557971443712,1407128182784
17110010,13557972410368,1407688351744
17115010,13557972410368,1408262332416
17120010,13557972410368,1408916348928
17125010,13558176940032,1410225455104
17130009,13558553837568,1410229641216
17135009,13558859386880,1410233942016
17140009,13559155613696,1410238365696
17145010,13559457591296,1410243182592
17150010,13559683624960,1410246983680
17155010,13560083349504,1410740912128
17160010,13560083451904,1411334979584
17165010,13560083464192,1411916791808
17170010,13560083488768,1412592910336
17175010,13560306675712,1414159552512
17180008,13560583360512,1414163652608
17185008,13560888926208,1414168608768
17190010,13561187373056,1414173249536
17195009,13561477017600,1414177939456
17200010,13562007969792,1414270668800
17205010,13562009104384,1414845288448
17210010,13562009104384,1415454429184
17215008,13562038239232,1418133708800
17220010,13562344566784,1418138783744
17225009,13562632568832,1418143514624
17230008,13562925789184,1418148188160
17235010,13563223040000,1418152513536
17240009,13563515596800,1418157629440
17245002,13563787677696,1418443702272
17250010,13563787747328,1419011637248
17255010,13563788718080,1419601641472
17260010,13563788726272,1420194086912
17265010,13563788742656,1420761645056
17270010,13563788746752,1421300940800
17275009,13563896410112,1423330652160
17280010,13564203753472,1423335460864
17285009,13564504842240,1423340687360
17290009,13564817129472,1423346413568
17295009,13565119827968,1423351439360
17300010,13565362450432,1423355686912
17305010,13565543645184,1423834263552
17310006,13565543657472,1424467668992
17315010,13565543665664,1425033867264
17320010,13565544329216,1427617062912
17325009,13565811798016,1427625627648
17330010,13566120415232,1427630743552
17335009,13566449451008,1427635867648
17340010,13566773383168,1427640958976
17345010,13567309017088,1427645628416
17350010,13567566434304,1427923345408
17355010,13567566467072,1428502765568
17360010,13567566467072,1429089869824
17365010,13567571755008,1429673877504
17370009,13567629529088,1432167358464
17375010,13567956414464,1432172457984
17380009,13568250650624,1432176783360
17385003,13568538288128,1432181620736
17390010,13568852901888,1432186892288
17395009,13569137922048,1432192536576
17400010,13569501081600,1432303955968
17405006,13569526153216,1432875544576
17410010,13569526153216,1433446313984
17415010,13569533300736,1434047229952
17420010,13569533313024,1434636021760
17425009,13569630171136,1436821942272
17430009,13569974239232,1436826705920
17435010,13570307248128,1436831870976
17440006,13570631622656,1436837515264
17445010,13570929537024,1436842450944
17450010,13571207503872,1436847419392
17455010,13571457335296,1437239046144
17460010,13571457335296,1437855084544
17465010,13571465461760,1438452936704
17470010,13571465461760,1439019102208
17475002,13571473137664,1441057230848
17480009,13571880042496,1441061781504
17485009,13572247085056,1441067257856
17490009,13572590358528,1441072300032
17495009,13572924911616,1441077350400
17500010,13573338832896,1441082777600
17505010,13574020718592,1441114677248
17510010,13574022668288,1441691869184
17515010,13574052134912,1442254774272
17520010,13574052147200,1443179110400
17525009,13574463229952,1445255503872
17530009,13574889422848,1445260513280
17535009,13575270354944,1445265453056
17540010,13575639937024,1445270482944
17545009,13576019853312,1445275115520
17550000,13576406032384,1445280129024
17555010,13577419087872,1445424971776
17560010,13577420087296,1446003146752
17565010,13577421250560,1446578143232
17570010,13577421254656,1447134314496
17575010,13577534087168,1449617391616
17580010,13578011717632,1449622401024
17585009,13578459099136,1449627435008
17590009,13578885922816,1449632530432
17595009,13579313999872,1449638043648
17600009,13579725455360,1449643098112
17605000,13579962900480,1449645629440
17610010,13580294770688,1450165772288
17615010,13580294778880,1450746880000
17620010,13580294782976,1451325464576
17625010,13580294787072,1451901493248
17630010,13580305801216,1452455878656
17635010,13580490342400,1454209359872
17640009,13580962377728,1454213521408
17645003,13581344301056,1454217625600
17650009,13581772300288,1454222159872
17655010,13582261383168,1454227103744
17660010,13582664761344,1454232137728
17665000,13583020474368,1454236397568
17670010,13583799525376,1454580690944
17675010,13583808212992,1455152263168
17680007,13583808249856,1455720050688
17685010,13583838269440,1456286330880
17690010,13583839911936,1456868077568
17695009,13583898550272,1459255328768
17700010,13584358948864,1459260018688
17705009,13584791949312,1459265654784
17710010,13585180176384,1459270475776
17715009,13585565241344,1459275804672
17720010,13585900564480,1459280281600
17725010,13586242895872,1459284348928
17730010,13586945851392,1459569545216
17735010,13586946654208,1460169478144
17740010,13586946658304,1460780568576
17745010,13586946666496,1461355515904
17750010,13586952081408,1461907066880
17755009,13587044429824,1464174780416
17760009,13587533058048,1464179830784
17765010,13587970207744,1464184459264
17770009,13588392222720,1464188624896
17775009,13588770902016,1464193327104
17780009,13589117026304,1464198070272
17785009,13589482573824,1464203288576
17790010,13589812621312,1464206614528
17795010,13590788788224,1464692957184
17800010,13590799880192,1465279258624
17805010,13590812581888,1465871261696
17810010,13590812590080,1466474160128
17815010,13590829715456,1467079172096
17820010,13590934839296,1469493936128
17825009,13591435755520,1469499154432
17830009,13591926599680,1469504806912
17835009,13592406609920,1469510561792
17840009,13592858550272,1469516845056
17845008,13593323491328,1469522702336
17850010,13593686732800,1469526695936
17855010,13594480644096,1469987692544
17860010,13594483920896,1470600568832
17865010,13594483920896,1471210479616
17870010,13594483920896,1471808708608
17875010,13594566520832,1474387550208
17880010,13595353874432,1474391572480
17885009,13595909685248,1474397065216
17890009,13596388679680,1474402086912
17895010,13596809777152,1474407665664
17900009,13597282144256,1474413289472
17905009,13597748080640,1474418475008
17910001,13598561243136,1474484809728
17915010,13599118970880,1475087872000
17920010,13599134797824,1475688853504
17925010,13599134797824,1476287639552
17930010,13599134806016,1476876611584
17935010,13599146876928,1477495926784
17940008,13599200661504,1479933140992
17945009,13599752011776,1479938859008
17950010,13600210415616,1479945207808
17955010,13600654086144,1479951032320
17960009,13601080557568,1479956803584
17965008,13601517432832,1479962083328
17970010,13601983676416,1479966838784
17975004,13603004264448,1480110243840
17980007,13603005722624,1480704065536
17985010,13603009523712,1481304866816
17990010,13603009523712,1481922379776
17995010,13603041042432,1482473193472
18000009,13603095949312,1485239222272
18005010,13603735015424,1485243482112
18010010,13604236234752,1485248880640
18015009,13604649627648,1485254356992
18020009,13605031534592,1485259325440
18025009,13605381779456,1485264896000
18030009,13605744386048,1485270491136
18035010,13606166536192,1485275525120
18040010,13607313637376,1485465636864
18045010,13608081121280,1486189711360
18050010,13608120573952,1486769819648
18055010,13608170172416,1487323516928
18060010,13608170475520,1487886356480
18065010,13608170496000,1488523694080
18070009,13608295014400,1490942959616
18075010,13608881381376,1490947989504
18080009,13609308635136,1490954117120
18085009,13609802301440,1490959720448
18090009,13610248347648,1490965372928
18095010,13610704482304,1490969894912
18100009,13611146551296,1490975551488
18105010,13611505094656,1490980700160
18110010,13613111939072,1491442581504
18115010,13613126225920,1492001177600
18120001,13613170155520,1492597768192
18125010,13613170159616,1493190508544
18130010,13613170163712,1493730885632
18135010,13613170192384,1494381346816
18140004,13613281497088,1496434438144
18145009,13613806907392,1496440172544
18150005,13614304415744,1496447045632
18155008,13614878494720,1496452747264
18160006,13615334764544,1496458440704
18165009,13615774679040,1496464162816
18170010,13616284479488,1496469934080
18175000,13616866512896,1496472829952
18180010,13617907122176,1497192480768
18185010,13617935204352,1497782878208
18190010,13617997414400,1498384105472
18195010,13617997512704,1498966212608
18200010,13617997512704,1499580694528
18205010,13618102722560,1501903695872
18210002,13618612637696,1501910077440
18215010,13619040022528,1501917126656
18220010,13619482869760,1501923004416
18225009,13620037046272,1501928845312
18230009,13620562284544,1501935214592
18235009,13621033127936,1501940965376
18240007,13622046912512,1502060978176
18245010,13622750846976,1502650294272
18250009,13622777929728,1503220277248
18255010,13622777978880,1503829286912
18260010,13622802718720,1504434741248
18265008,13622889582592,1507150213120
18270010,13623518388224,1507156582400
18275004,13624042151936,1507163017216
18280010,13624510185472,1507169460224
18285001,13624984809472,1507176505344
18290010,13625531564032,1507181768704
18295009,13626093776896,1507187523584
18300010,13627477565440,1507603841024
18305010,13627527700480,1508176101376
18310010,13627527716864,1508767842304
18315010,13627527716864,1509375672320
18320010,13627527716864,1509966970880
18325009,13627682709504,1512326311936
18330009,13628341784576,1512333144064
18335010,13628886794240,1512339378176
18340004,13629389692928,1512345718784
18345009,13629869305856,1512352194560
18350010,13630394245120,1512358772736
18355010,13630900711424,1512366026752
18360010,13632263860224,1513134616576
18365010,13632263925760,1513706516480
18370010,13632263958528,1514305056768
18375010,13632316059648,1514892079104
18380010,13632316092416,1515474710528
18385010,13632500477952,1517641932800
18390009,13633269661696,1517648601088
18395010,13633784868864,1517656477696
18400010,13634284781568,1517663744000
18405010,13634776096768,1517671047168
18410002,13635277443072,1517677842432
18415010,13635760435200,1517683400704
18420010,13637088546816,1518357602304
18425005,13637088546816,1518949982208
18430010,13637088546816,1519567511552
18435010,13637094084608,1520178880512
18440010,13637094084608,1520775979008
18445001,13637233303552,1523057451008
18450008,13637824741376,1523065552896
18455009,13638357544960,1523073720320
18460010,13638866006016,1523081199616
18465010,13639435964416,1523089293312
18470010,13639923142656,1523094822912
18475010,13640480653312,1523099762688
18480002,13641327980544,1523604553728
18485010,13641328766976,1524195901440
18490010,13641332994048,1524799897600
18495010,13641333944320,1525405958144
18500010,13641345052672,1526023766016
18505010,13641495826432,1528213237760
18510009,13642231435264,1528220844032
18515010,13642833207296,1528229208064
18520009,13643427561472,1528235778048
18525008,13643982082048,1528243744768
18530006,13644605112320,1528250425344
18535010,13645261877248,1528257134592
18540010,13646728237056,1528850018304
18545010,13646741016576,1529421934592
18550010,13646741016576,1530024669184
18555010,13646741016576,1530628272128
18560010,13646757597184,1531225059328
18565008,13646910763008,1533381447680
18570009,13647667302400,1533388152832
18575010,13648294158336,1533396267008
18580010,13648861396992,1533535703040
18585010,13649004044288,1534187307008
18590010,13649004044288,1534779031552
18595009,13649028931584,1535405457408
18600010,13649028931584,1536183975936
18605010,13649325879296,1536365735936
18610009,13649801789440,1536460861440
18615010,13649909325824,1538423631872
18620010,13649956544512,1539465523200
18625010,13650007900160,1539593986048
18630010,13650068926464,1539719245824
18635010,13650129162240,1539843047424
18640010,13650180485120,1539966935040
18645010,13650232012800,1540087635968
18650010,13650282582016,1540205727744
18655010,13650333388800,1540320174080
18660010,13650384072704,1540433100800
18665010,13650433925120,1540544929792
18670010,13650483585024,1540658372608
18675010,13650534240256,1540771180544
18680010,13650584072192,1540881260544
18685010,13650635231232,1540989775872
18690010,13650684227584,1541096968192
18695010,13650731925504,1541200908288
18700010,13650778300416,1541304885248
18705010,13650824347648,1541408477184
18710010,13650869911552,1541512212480
18715010,13650915610624,1541614370816
18720010,13650959818752,1541716295680
18725010,13651004878848,1541817438208
18730010,13651057393664,1541872095232
18735010,13651973144576,1541879877632
18740010,13654372302848,1541930356736
18742970,13655917514752,1541989683200
