timestamp_ms,phys_footprint,phys_footprint_peak
0,12582912,14680064
5762,46137344,46137344
11493,304087040,304087040
17216,305135616,312475648
22906,320864256,320864256
28616,325058560,325058560
34328,335544320,335544320
40053,347078656,347078656
45850,354418688,354418688
51537,361758720,367001600
57225,396361728,396361728
62918,438304768,438304768
68623,484442112,484442112
74308,634388480,643825664
80076,761266176,782237696
85803,845152256,852492288
91503,956301312,956301312
97210,1025507328,1102053376
102952,1233125376,1233125376
108676,1325400064,1336934400
114441,1792016384,1792016384
120150,2078277632,2174746624
125868,2245001216,2245001216
131633,2441084928,2464153600
137324,2715811840,2715811840
143082,2659188736,2908749824
148880,3207593984,3215982592
154700,3478126592,3578789888
160418,3793747968,3997171712
166162,4261412864,4327473152
171865,4608491520,4733272064
177615,5156896768,5208276992
183421,5182062592,5408555008
189456,5309988864,5535432704
195207,5118099456,5535432704
200982,5228199936,5535432704
206801,5255462912,5535432704
212533,5354029056,5535432704
218257,5454692352,5546967040
223964,5196742656,5548015616
229710,5247074304,5548015616
235478,4895801344,5548015616
241194,5380243456,5658116096
246968,5255462912,5658116096
252717,4992270336,5658116096
258418,5290065920,5658116096
264165,5680136192,5731516416
269972,5659164672,5853151232
275756,5604638720,5853151232
281474,5459935232,5853151232
287204,5531238400,5853151232
292979,5674893312,5853151232
298775,5475663872,5853151232
304535,5753536512,5853151232
310285,5359271936,5853151232
316102,5357174784,5853151232
321868,5282725888,5853151232
327600,5260705792,5853151232
333414,5644484608,5853151232
339206,5459935232,6018826240
344942,5882511360,6058672128
350748,5483003904,6058672128
356550,5946474496,6058672128
362295,5344591872,6058672128
368184,5495586816,6058672128
373904,5564792832,6058672128
379691,5853151232,6058672128
385419,5882511360,6058672128
391224,5800722432,6058672128
397074,6138363904,6138363904
402864,5481955328,6156189696
408649,6041894912,6187646976
414451,5312086016,6187646976
420230,5736759296,6187646976
426024,5644484608,6187646976
431821,5941231616,6187646976
437612,5736759296,6187646976
443376,5754585088,6187646976
449110,5971640320,6465519616
454877,6016729088,7016022016
460645,5784993792,7016022016
466466,6917455872,7155482624
472222,6104809472,7155482624
478031,6201278464,7155482624
483825,6194987008,7155482624
489566,6362759168,7181697024
495337,6606028800,7181697024
501098,6500122624,7181697024
506867,6078595072,7181697024
512663,6123683840,7181697024
518504,6753878016,7181697024
524245,6309281792,7181697024
530053,7047479296,7203717120
535875,5866782720,7203717120
541631,6823084032,7203717120
547374,6979321856,7203717120
553162,7114588160,7364149248
558928,6165626880,7364149248
564741,6316621824,7364149248
570495,6407847936,7364149248
576291,6541017088,7364149248
582078,7087325184,7364149248
587870,6461325312,7364149248
593632,6199181312,7364149248
599420,6533677056,7364149248
605273,6674186240,7364149248
611034,6900678656,7364149248
616790,6747586560,7364149248
622662,6328156160,7364149248
628435,6678380544,7364149248
634241,6314524672,7364149248
640006,6023020544,7364149248
645783,6816792576,7364149248
651525,6784286720,7364149248
657299,6523191296,7364149248
663006,6994001920,7364149248
668814,5862588416,7364149248
674596,5919211520,7364149248
680353,6455033856,7364149248
686086,7133462528,7364149248
691882,6930038784,7584350208
697692,6180306944,7584350208
703461,7587495936,7587495936
709251,6449790976,7958691840
715031,6731857920,7958691840
720803,6290407424,7958691840
726610,6375342080,7958691840
732411,6815744000,7958691840
738140,6916407296,7958691840
743913,6762266624,7958691840
749648,8271167488,8293187584
755458,8192524288,8326742016
761302,6263144448,8326742016
767068,5861539840,8326742016
772858,7143948288,8326742016
778655,6690963456,8326742016
784443,6940524544,8326742016
790176,6446645248,8326742016
795972,6752829440,8326742016
801777,7004487680,8326742016
807503,6679429120,8326742016
813374,6893338624,8326742016
819145,6585057280,8326742016
824898,7210008576,8326742016
830639,6488588288,8326742016
836329,7302283264,8326742016
842096,7470055424,8326742016
847819,6901727232,8326742016
853577,7579107328,8783921152
859292,6700400640,8783921152
865004,8396996608,8783921152
870750,6409945088,8783921152
876505,6206521344,8783921152
882242,6384779264,8783921152
888055,7144996864,8783921152
893815,6693060608,8783921152
899546,7107248128,8783921152
905273,7075790848,8783921152
911012,7628390400,8783921152
916768,7216300032,8783921152
922507,8830058496,8955887616
928247,6416236544,8955887616
934042,6900678656,8955887616
939774,7828668416,9043968000
945529,8300527616,9043968000
951272,6228541440,9043968000
957019,6701449216,9043968000
962767,6711934976,9043968000
968576,6534725632,9043968000
974357,6332350464,9043968000
980141,6781140992,9043968000
985986,6464471040,9043968000
991754,7424966656,9043968000
997563,6588203008,9043968000
1003328,6650068992,9043968000
1009138,6418333696,9043968000
1014989,7239368704,9043968000
1020839,6480199680,9043968000
1026708,7186939904,9043968000
1032532,7130316800,9043968000
1038253,6877609984,9043968000
1044024,6898581504,9043968000
1049790,6469713920,9043968000
1055572,6895435776,9043968000
1061378,7179599872,9043968000
1067177,7033847808,9043968000
1072966,6685720576,9043968000
1078728,7299137536,9043968000
1084458,6718226432,9043968000
1090230,6945767424,9043968000
1095965,6493831168,9043968000
1101779,7456423936,9043968000
1107562,6898581504,9043968000
1113269,7044333568,9043968000
1119025,6744440832,9043968000
1124809,6547308544,9043968000
1130580,7420772352,9043968000
1136281,7974420480,9043968000
1142027,5878317056,9043968000
1147789,7411335168,9043968000
1153672,7051673600,9043968000
1159413,6161432576,9043968000
1165156,6164578304,9043968000
1170910,9493807104,9493807104
1176744,6825181184,9493807104
1182489,8690597888,9493807104
1188236,6528434176,9493807104
1194013,7661944832,9493807104
1199868,6508511232,9493807104
1205588,6072303616,9493807104
1211330,6431965184,9493807104
1217070,6283067392,9493807104
1222774,6789529600,9493807104
1228548,5683281920,9493807104
1234317,6682574848,9493807104
1240078,7507804160,9493807104
1245851,6051332096,9493807104
1251635,7152336896,9493807104
1257410,6983516160,9493807104
1263102,7117733888,9493807104
1268870,7245660160,9493807104
1274607,6508511232,9493807104
1280323,6316621824,9493807104
1286088,6293553152,9493807104
1291891,6465519616,9493807104
1297696,6255804416,9493807104
1303479,7594835968,9493807104
1309233,6110052352,9493807104
1315003,6468665344,9493807104
1320780,6357516288,9493807104
1326468,6602883072,9493807104
1332197,7942963200,9493807104
1337950,7759462400,9493807104
1343684,6104809472,9493807104
1349442,6541017088,9493807104
1355211,6804209664,9493807104
1360911,6073352192,9493807104
1366662,5991563264,9493807104
1372409,6436159488,9493807104
1378184,6301941760,9493807104
1383930,6413090816,9493807104
1389655,6898581504,9493807104
1395459,6081740800,9493807104
1401211,6512705536,9493807104
1406969,6449790976,9493807104
1412732,6692012032,9493807104
1418576,7007633408,9493807104
1424399,7893680128,9493807104
1430164,6593445888,9493807104
1435920,6384779264,9493807104
1441726,6873415680,9493807104
1447484,7121928192,9493807104
1453259,7192182784,9493807104
1459038,5913968640,9493807104
1464739,8625586176,9493807104
1470461,7043284992,9493807104
1476179,6535774208,9493807104
1481937,6543114240,9493807104
1487707,7109345280,9493807104
1493409,7169114112,9493807104
1499187,6737100800,9493807104
1504936,6069157888,9493807104
1510630,6638534656,9493807104
1516365,6172966912,9493807104
1522133,5850005504,9493807104
1527886,5889851392,9493807104
1533710,6198132736,9493807104
1539458,6807355392,9493807104
1545148,8961130496,9493807104
1550866,8177844224,9493807104
1556553,7136608256,9493807104
1562360,8808038400,9493807104
1568065,6942621696,9493807104
1573800,7250903040,9493807104
1579529,8856272896,9493807104
1585286,7480541184,9493807104
1591026,6982467584,9493807104
1596759,6792675328,9493807104
1602442,7869562880,9493807104
1608144,7012876288,9493807104
1613914,6405750784,9493807104
1619674,8549040128,9493807104
1625454,8606711808,9493807104
1631194,6968836096,9493807104
1636895,6112149504,9493807104
1642604,6786383872,9493807104
1648333,6839861248,9493807104
1654040,7099908096,9493807104
1659802,6509559808,9493807104
1665503,7801405440,9493807104
1671192,8391753728,9493807104
1676927,8266973184,9493807104
1682700,8810135552,9493807104
1688389,8489271296,9493807104
1694118,9921626112,9995026432
1699853,7941914624,9995026432
1705561,6139412480,9995026432
1711285,6645874688,9995026432
1717002,7248805888,9995026432
1722758,6809452544,9995026432
1728449,7493124096,9995026432
1734173,7340032000,9995026432
1739908,6782189568,9995026432
1745626,6877609984,9995026432
1751413,6725566464,9995026432
1757206,6483345408,9995026432
1762957,6889144320,9995026432
1768724,6318718976,9995026432
1774429,7147094016,9995026432
1780173,6491734016,9995026432
1785926,6749683712,9995026432
1791617,6921650176,9995026432
1797313,7501512704,9995026432
1802969,6417285120,9995026432
1808716,6830424064,9995026432
1814490,6683623424,9995026432
1820243,6808403968,9995026432
1826009,6742343680,9995026432
1831713,7154434048,9995026432
1837497,5960105984,9995026432
1843291,6877609984,9995026432
1848990,6574571520,9995026432
1854728,7343177728,9995026432
1860535,7086276608,9995026432
1866246,6586105856,9995026432
1872037,6663700480,9995026432
1877843,6617563136,9995026432
1883570,6586105856,9995026432
1889291,6637486080,9995026432
1895011,7125073920,9995026432
1900768,5942280192,9995026432
1906524,7294943232,9995026432
1912249,6101663744,9995026432
1917963,6272581632,9995026432
1923691,6510608384,9995026432
1929424,6388973568,9995026432
1935102,8157921280,9995026432
1940889,6636437504,9995026432
1946677,6312427520,9995026432
1952440,7713325056,9995026432
1958123,6002049024,9995026432
1963889,6488588288,9995026432
1969623,6268387328,9995026432
1975324,6915358720,9995026432
1981016,6542065664,9995026432
1986799,5949620224,9995026432
1992566,7408189440,9995026432
1998284,6096420864,9995026432
2004028,7892631552,9995026432
2009782,6673137664,9995026432
2015501,7301234688,9995026432
2021249,6847201280,9995026432
2026987,6351224832,9995026432
2032784,6868172800,9995026432
2038571,6563037184,9995026432
2044274,6455033856,9995026432
2050022,8134852608,9995026432
2055770,6516899840,9995026432
2061532,6584008704,9995026432
2067313,7230980096,9995026432
2073029,6897532928,9995026432
2078801,6596591616,9995026432
2084565,6688866304,9995026432
2090277,6957301760,9995026432
2095982,7465861120,9995026432
2101726,5852102656,9995026432
2107446,6733955072,9995026432
2113183,6196035584,9995026432
2118949,6847201280,9995026432
2124626,7031750656,9995026432
2130338,6941573120,9995026432
2136057,7380926464,9995026432
2141810,7047479296,9995026432
2147543,8810135552,9995026432
2153288,7559184384,9995026432
2158991,6873415680,9995026432
2164739,7788822528,9995026432
2170504,6282018816,9995026432
2176252,6782189568,9995026432
2181949,6859784192,9995026432
2187635,6244270080,9995026432
2193367,6593445888,9995026432
2199052,7048527872,9995026432
2204774,6387924992,9995026432
2210481,6621757440,9995026432
2216271,6759120896,9995026432
2222048,6167724032,9995026432
2227800,7038042112,9995026432
2233547,7203717120,9995026432
2239348,6608125952,9995026432
2245135,7645167616,9995026432
2250829,6438256640,9995026432
2256630,7171211264,9995026432
2262390,7242514432,9995026432
2268143,6581911552,9995026432
2273864,6970933248,9995026432
2279607,7325351936,9995026432
2285327,6154092544,9995026432
2291047,7567572992,9995026432
2296752,6620708864,9995026432
2302495,6906970112,9995026432
2308187,6991904768,9995026432
2313945,7516192768,9995026432
2319701,6590300160,9995026432
2325488,6906970112,9995026432
2331289,8090812416,9995026432
2337015,7237271552,9995026432
2342701,7259291648,9995026432
2348415,7285506048,9995026432
2354161,8010072064,9995026432
2359876,7031750656,9995026432
2365613,6458179584,9995026432
2371301,8381267968,9995026432
2376988,6946816000,9995026432
2382723,7764705280,9995026432
2388424,6180306944,9995026432
2394093,7212105728,9995026432
2399805,9210691584,10737418240
2405546,8919187456,10737418240
2411340,7483686912,10737418240
2417046,6730809344,10737418240
2422857,8279556096,10737418240
2428562,6695157760,10737418240
2434319,7875854336,10737418240
2440040,6285164544,10737418240
2445768,7263485952,10737418240
2451501,8282701824,10737418240
2457245,7627341824,10737418240
2462940,9062842368,10737418240
2468730,8451522560,10737418240
2474488,6624903168,10737418240
2480237,7415529472,10737418240
2486008,8275361792,10737418240
2491769,7436500992,10737418240
2497530,6308233216,10737418240
2503259,8150581248,10737418240
2509039,7289700352,10737418240
2514727,6729760768,10737418240
2520498,7870611456,10737418240
2526226,7112491008,10737418240
2531916,6825181184,10737418240
2537644,8746172416,10737418240
2543465,6861881344,10737418240
2549246,8582594560,10737418240
2554962,7165968384,10737418240
2560679,8250195968,10737418240
2566408,9366929408,10737418240
2572161,7821328384,10737418240
2577796,7048527872,10737418240
2583477,8155824128,10737418240
2589169,7494172672,10737418240
2594924,10219421696,10737418240
2600607,8455716864,10737418240
2606343,7496269824,10737418240
2612035,6688866304,10737418240
2617777,9730785280,10737418240
2623488,8961130496,10737418240
2629148,7234125824,10737418240
2634910,7632584704,10737418240
2640597,6285164544,10737418240
2646347,7090470912,10737418240
2652082,7487881216,10737418240
2657719,6116343808,10737418240
2663455,7212105728,10737418240
2669209,7457472512,10737418240
2674894,6182404096,10737418240
2680614,7045382144,10737418240
2686345,7942963200,10737418240
2692063,6810501120,10737418240
2697770,6534725632,10737418240
2703475,7401897984,10737418240
2709230,6369050624,10737418240
2714989,7958691840,10737418240
2720708,6239027200,10737418240
2726442,6446645248,10737418240
2732144,8161067008,10737418240
2737835,6437208064,10737418240
2743585,7232028672,10737418240
2749336,6155141120,10737418240
2755051,6641680384,10737418240
2760726,6903824384,10737418240
2766446,8252293120,10737418240
2772245,7879000064,10737418240
2778022,7174356992,10737418240
2783752,7062159360,10737418240
2789487,6718226432,10737418240
2795287,7414480896,10737418240
2801039,6165626880,10737418240
2806852,6480199680,10737418240
2812568,7589593088,10737418240
2818271,6419382272,10737418240
2823972,7567572992,10737418240
2829626,9491709952,10737418240
2835351,9246343168,10737418240
2841113,8205107200,10737418240
2846840,6247415808,10737418240
2852616,7896825856,10737418240
2858375,7064256512,10737418240
2864111,6547308544,10737418240
2869840,6846152704,10737418240
2875508,7247757312,10737418240
2881267,6671040512,10737418240
2886937,7488929792,10737418240
2892660,7218397184,10737418240
2898384,6806306816,10737418240
2904079,6638534656,10737418240
2909832,6818889728,10737418240
2915558,6796869632,10737418240
2921282,6144655360,10737418240
2927068,6333399040,10737418240
2932792,7071596544,10737418240
2938493,6296698880,10737418240
2944242,7227834368,10737418240
2949979,6161432576,10737418240
2955778,6607077376,10737418240
2961534,6544162816,10737418240
2967245,6787432448,10737418240
2973071,6231687168,10737418240
2978808,7290748928,10737418240
2984525,5906628608,10737418240
2990270,7340032000,10737418240
2996012,6889144320,10737418240
3001714,6814695424,10737418240
3007440,8388608000,10737418240
3013122,6838812672,10737418240
3018847,6755975168,10737418240
3024619,6014631936,10737418240
3030372,7175405568,10737418240
3036117,6832521216,10737418240
3041846,6548357120,10737418240
3047578,8239710208,10737418240
3053302,6229590016,10737418240
3059033,8862564352,10737418240
3064755,7583301632,10737418240
3070449,6436159488,10737418240
3076235,7176454144,10737418240
3082023,7126122496,10737418240
3087788,6590300160,10737418240
3093506,7440695296,10737418240
3099263,6941573120,10737418240
3105000,8038383616,10737418240
3110783,7010779136,10737418240
3116453,7508852736,10737418240
3122173,6878658560,10737418240
3127823,7392460800,10737418240
3133526,8220835840,10737418240
3139282,6858735616,10737418240
3145074,6268387328,10737418240
3150830,6873415680,10737418240
3156601,6334447616,10737418240
3162402,6871318528,10737418240
3168122,6751780864,10737418240
3173913,6531579904,10737418240
3179671,6580862976,10737418240
3185447,6749683712,10737418240
3191165,7180648448,10737418240
3196905,6470762496,10737418240
3202651,6720323584,10737418240
3208392,6069157888,10737418240
3214157,8284798976,10737418240
3219862,6863978496,10737418240
3225613,6940524544,10737418240
3231303,6518996992,10737418240
3237054,6679429120,10737418240
3242795,7243563008,10737418240
3248453,7039090688,10737418240
3254240,6848249856,10737418240
3260045,7301234688,10737418240
3265863,7088373760,10737418240
3271611,7002390528,10737418240
3277345,6819938304,10737418240
3283096,6840909824,10737418240
3288873,8001683456,10737418240
3294577,7977566208,10737418240
3300313,7408189440,10737418240
3306061,6222249984,10737418240
3311805,6941573120,10737418240
3317599,7367294976,10737418240
3323238,7152336896,10737418240
3328989,6422528000,10737418240
3334762,8543797248,10737418240
3340500,7409238016,10737418240
3346279,7220494336,10737418240
3351988,7246708736,10737418240
3357774,6700400640,10737418240
3363501,7798259712,10737418240
3369298,6943670272,10737418240
3375078,7067402240,10737418240
3380802,6607077376,10737418240
3386529,9539944448,10737418240
3392292,8510242816,10737418240
3398030,7992246272,10737418240
3403759,6666846208,10737418240
3409488,7645167616,10737418240
3415253,6958350336,10737418240
3421017,6276775936,10737418240
3426785,6644826112,10737418240
3432543,7688159232,10737418240
3438258,6230638592,10737418240
3443975,7193231360,10737418240
3449709,6362759168,10737418240
3455392,6831472640,10737418240
3461212,7046430720,10737418240
3466906,6924795904,10737418240
3472702,7471104000,10737418240
3478474,6975127552,10737418240
3484278,6353321984,10737418240
3490026,6154092544,10737418240
3495791,6523191296,10737418240
3501457,9949937664,10737418240
3507198,9569304576,10737418240
3513020,9176088576,10737418240
3518740,8611954688,10737418240
3524434,8106541056,10737418240
3530191,6554648576,10737418240
3535926,6761218048,10737418240
3541676,6677331968,10737418240
3547454,9162457088,10737418240
3553187,8307867648,10737418240
3558951,6589251584,10737418240
3564653,7181697024,10737418240
3570428,6587154432,10737418240
3576166,6819938304,10737418240
3581886,7942963200,10737418240
3587561,6567231488,10737418240
3593295,6829375488,10737418240
3599042,6002049024,10737418240
3604800,6775898112,10737418240
3610555,6853492736,10737418240
3616313,6337593344,10737418240
3622055,7328497664,10737418240
3627796,6429868032,10737418240
3633609,7002390528,10737418240
3639357,5998903296,10737418240
3645099,7438598144,10737418240
3650838,6172966912,10737418240
3656625,7638876160,10737418240
3662357,5964300288,10737418240
3668118,6780092416,10737418240
3673865,6666846208,10737418240
3679614,7023362048,10737418240
3685344,6893338624,10737418240
3691158,7291797504,10737418240
3696944,6971981824,10737418240
3702658,6091177984,10737418240
3708370,6774849536,10737418240
3714088,6300893184,10737418240
3719806,7088373760,10737418240
3725548,8615100416,10737418240
3731368,7046430720,10737418240
3737169,7849639936,10737418240
3742851,6623854592,10737418240
3748609,8396996608,10737418240
3754401,6873415680,10737418240
3760144,9672065024,10737418240
3765921,8865710080,10737418240
3771642,7045382144,10737418240
3777426,7082082304,10737418240
3783120,6315573248,10737418240
3788838,6100615168,10737418240
3794444,6285164544,10737418240
3800192,9248440320,10737418240
3805904,7748976640,10737418240
3811654,6698303488,10737418240
3817385,8750366720,10737418240
3823106,8104443904,10737418240
3828873,7365197824,10737418240
3834619,6986661888,10737418240
3840377,7606370304,10737418240
3846136,7703887872,10737418240
3851861,7528775680,10737418240
3857644,6660554752,10737418240
3863433,7801405440,10737418240
3869159,6800015360,10737418240
3874871,8675917824,10737418240
3880662,7885291520,10737418240
3886366,6206521344,10737418240
3892061,8357150720,10737418240
3897808,6911164416,10737418240
3903585,7595884544,10737418240
3909294,7136608256,10737418240
3915010,7614758912,10737418240
3920726,7135559680,10737418240
3926488,7640973312,10737418240
3932215,7507804160,10737418240
3937984,6253707264,10737418240
3943727,8640266240,10737418240
3949481,7593787392,10737418240
3955188,6395265024,10737418240
3960914,9377415168,10737418240
3966629,8574205952,10737418240
3972389,6733955072,10737418240
3978150,7334789120,10737418240
3983880,6197084160,10737418240
3989627,6685720576,10737418240
3995318,6121586688,10737418240
4001016,6675234816,10737418240
4006723,6548357120,10737418240
4012500,6726615040,10737418240
4018220,6616514560,10737418240
4023925,9206497280,10737418240
4029672,8618246144,10737418240
4035430,8104443904,10737418240
4041160,7664041984,10737418240
4046829,6934233088,10737418240
4052563,7134511104,10737418240
4058308,6745489408,10737418240
4064009,8671723520,10737418240
4069729,7915700224,10737418240
4075483,7891582976,10737418240
4081213,9156165632,10737418240
4086935,8308916224,10737418240
4092668,7221542912,10737418240
4098368,8347713536,10737418240
4104106,8623489024,10737418240
4109821,8045723648,10737418240
4115538,7283408896,10737418240
4121251,8635023360,10737418240
4126974,8098152448,10737418240
4132734,7470055424,10737418240
4138489,7971274752,10737418240
4144190,9512681472,10737418240
4149896,8284798976,10737418240
4155624,7359954944,10737418240
4161351,6822035456,10737418240
4167039,6836715520,10737418240
4172719,7180648448,10737418240
4178404,7802454016,10737418240
4184108,7875854336,10737418240
4189820,7183794176,10737418240
4195518,8992587776,10737418240
4201252,8934916096,10737418240
4206996,9365880832,10737418240
4212703,8782872576,10737418240
4218453,7844397056,10737418240
4224246,7876902912,10737418240
4230012,7277117440,10737418240
4235749,6912212992,10737418240
4241376,7388266496,10737418240
4247038,7949254656,10737418240
4252699,7693402112,10737418240
4258461,7628390400,10737418240
4264172,8597274624,10737418240
4269948,8774483968,10737418240
4275685,9252634624,10737418240
4281575,7802454016,10737418240
4287348,7534018560,10737418240
4293062,8812232704,10737418240
4298827,8115978240,10737418240
4304591,9524215808,10737418240
4310253,11811160064,11811160064
4316058,9676259328,11811160064
4321830,7484735488,11811160064
4327578,10476322816,11811160064
4333286,10737418240,11811160064
4338968,9654239232,11811160064
4344714,10316939264,11811160064
4350432,10093592576,11811160064
4356191,9007267840,11811160064
4361977,10737418240,11811160064
4367714,9055502336,11811160064
4373460,9275703296,11811160064
4379186,9785311232,11811160064
4384913,8770289664,11811160064
4390667,10294919168,11811160064
4396402,9585033216,11811160064
4402164,9223274496,11811160064
4407925,8854175744,11811160064
4413682,8155824128,11811160064
4419433,9747562496,11811160064
4425206,9434038272,11811160064
4430896,11811160064,11811160064
4436648,10737418240,11811160064
4442394,8977907712,11811160064
4448128,8432648192,11811160064
4453861,10737418240,11811160064
4459606,10464788480,11811160064
4465307,11811160064,11811160064
4471111,10183770112,11811160064
4476844,7672430592,11811160064
4482610,8207204352,11811160064
4488343,8715763712,11811160064
4494068,8654946304,11811160064
4499845,9809428480,11811160064
4505541,8489271296,11811160064
4511254,8417968128,11811160064
4516967,9475981312,11811160064
4522710,10737418240,11811160064
4528493,9459204096,11811160064
4534222,7485784064,11811160064
4539961,8723103744,11811160064
4545769,7423918080,11811160064
4551537,9088008192,11811160064
4557337,8646557696,11811160064
4563075,8563720192,11811160064
4568883,9149874176,11811160064
4574615,8057257984,11811160064
4580377,8380219392,11811160064
4586141,7845445632,11811160064
4591904,8854175744,11811160064
4597622,8250195968,11811160064
4603387,7925137408,11811160064
4609108,9320792064,11811160064
4614870,7950303232,11811160064
4620629,8053063680,11811160064
4626367,9223274496,11811160064
4632219,8610906112,11811160064
4637990,9744416768,11811160064
4643716,7646216192,11811160064
4649500,7216300032,11811160064
4655210,9657384960,11811160064
4660987,7694450688,11811160064
4666722,7632584704,11811160064
4672485,8648654848,11811160064
4678263,7046430720,11811160064
4684042,7958691840,11811160064
4689819,8645509120,11811160064
4695522,7378829312,11811160064
4701274,6947864576,11811160064
4707066,8249147392,11811160064
4712769,7591690240,11811160064
4718555,8639217664,11811160064
4724321,9421455360,11811160064
4730066,8206155776,11811160064
4735943,7879000064,11811160064
4741699,8747220992,11811160064
4747411,7689207808,11811160064
4753104,8031043584,11811160064
4758866,8671723520,11811160064
4764543,8029995008,11811160064
4770267,8617197568,11811160064
4776006,8123318272,11811160064
4781833,8314159104,11811160064
4787590,9253683200,11811160064
4793301,8074035200,11811160064
4799105,8460959744,11811160064
4804768,11811160064,11811160064
4810547,11811160064,11811160064
4816266,9059696640,11811160064
4822023,7638876160,11811160064
4827753,10331619328,11811160064
4833453,9599713280,11811160064
4839229,9699328000,11811160064
4844955,8773435392,11811160064
4850563,8556380160,11811160064
4856366,7321157632,11811160064
4862171,7697596416,11811160064
4867881,9703522304,11811160064
4873675,9418309632,11811160064
4879434,9737076736,11811160064
4885176,7928283136,11811160064
4890959,7557087232,11811160064
4896686,8657043456,11811160064
4902446,8452571136,11811160064
4908204,7517241344,11811160064
4913925,8565817344,11811160064
4919687,9224323072,11811160064
4925433,9521070080,11811160064
4931215,9384755200,11811160064
4936929,8573157376,11811160064
4942639,8312061952,11811160064
4948412,8648654848,11811160064
4954198,9168748544,11811160064
4959902,8057257984,11811160064
4965660,8584691712,11811160064
4971434,8791261184,11811160064
4977219,9590276096,11811160064
4982906,9047113728,11811160064
4988637,9661579264,11811160064
4994301,10737418240,11811160064
5000036,10737418240,11811160064
5005810,10353639424,11811160064
5011569,10385096704,11811160064
5017296,10440671232,11811160064
5023045,8411676672,11811160064
5028839,8058306560,11811160064
5034621,10737418240,11811160064
5040381,9896460288,11811160064
5046100,10313793536,11811160064
5051861,10176430080,11811160064
5057634,9863954432,11811160064
5063334,7909408768,11811160064
5069097,7974420480,11811160064
5074838,9289334784,11811160064
5080537,10737418240,11811160064
5086235,8896118784,11811160064
5091989,9647947776,11811160064
5097740,9731833856,11811160064
5103476,9254731776,11811160064
5109278,9112125440,11811160064
5115041,9763291136,11811160064
5120793,9052356608,11811160064
5126568,9464446976,11811160064
5132278,10737418240,11811160064
5138062,10737418240,11811160064
5143842,11811160064,11811160064
5149667,9968812032,11811160064
5155444,9374269440,11811160064
5161230,10032775168,11811160064
5166936,9797894144,11811160064
5172666,10239344640,11811160064
5178393,10737418240,11811160064
5184139,9917431808,11811160064
5189843,9145679872,11811160064
5195603,10417602560,11811160064
5201333,10737418240,11811160064
5207077,11811160064,11811160064
5212864,11811160064,11811160064
5218653,10737418240,11811160064
5224363,10737418240,11811160064
5230114,11811160064,11811160064
5235918,11811160064,12884901888
5241633,10010755072,12884901888
5247377,10737418240,12884901888
5253111,10737418240,12884901888
5258861,11811160064,12884901888
5264627,11811160064,12884901888
5270360,9837740032,12884901888
5276105,9178185728,12884901888
5281852,8288993280,12884901888
5287614,8141144064,12884901888
5293361,7384072192,12884901888
5299118,7396655104,12884901888
5304833,8354004992,12884901888
5310582,8395948032,12884901888
5316308,7825522688,12884901888
5322038,8668577792,12884901888
5327771,8251244544,12884901888
5333444,9003073536,12884901888
5339205,7631536128,12884901888
5344931,7281311744,12884901888
5350655,8970567680,12884901888
5356309,8578400256,12884901888
5362073,7991197696,12884901888
5367797,8610906112,12884901888
5373563,8097103872,12884901888
5379259,7836008448,12884901888
5384951,9112125440,12884901888
5390665,7726956544,12884901888
5396408,7905214464,12884901888
5402142,7614758912,12884901888
5407936,8648654848,12884901888
5413647,7886340096,12884901888
5419409,8117026816,12884901888
5425095,11811160064,12884901888
5430808,10737418240,12884901888
5436462,10737418240,12884901888
5442175,9912188928,12884901888
5447859,8133804032,12884901888
5453588,7364149248,12884901888
5459297,11811160064,12884901888
5465070,10737418240,12884901888
5470830,10116661248,12884901888
5476541,8398045184,12884901888
5482242,7711227904,12884901888
5487999,8025800704,12884901888
5493725,8379170816,12884901888
5499425,10214178816,12884901888
5505290,9309257728,12884901888
5511063,8447328256,12884901888
5516807,7789871104,12884901888
5522561,8882487296,12884901888
5528383,8592031744,12884901888
5534096,7932477440,12884901888
5539873,8307867648,12884901888
5545622,9911140352,12884901888
5551322,8904507392,12884901888
5557075,9612296192,12884901888
5562867,10105126912,12884901888
5568627,8737783808,12884901888
5574440,9209643008,12884901888
5580131,12884901888,12884901888
5585856,10737418240,12884901888
5591620,10261364736,12884901888
5597344,9049210880,12884901888
5603046,7497318400,12884901888
5608890,7827619840,12884901888
5614640,8918138880,12884901888
5620481,10737418240,12884901888
5626198,9466544128,12884901888
5631935,8932818944,12884901888
5637700,7982809088,12884901888
5643404,8409579520,12884901888
5649132,8211398656,12884901888
5654848,10095689728,12884901888
5660627,10737418240,12884901888
5666396,10737418240,12884901888
5672108,8176795648,12884901888
5677952,8394899456,12884901888
5683718,9298771968,12884901888
5689472,9726590976,12884901888
5695279,8117026816,12884901888
5701042,8689549312,12884901888
5706766,9043968000,12884901888
5712519,8079278080,12884901888
5718271,8521777152,12884901888
5724004,10737418240,12884901888
5729708,8753512448,12884901888
5735491,8345616384,12884901888
5741280,7913603072,12884901888
5747008,8927576064,12884901888
5752733,8843689984,12884901888
5758485,9297723392,12884901888
5764173,9706668032,12884901888
5769797,9256828928,12884901888
5775516,7432306688,12884901888
5781244,7949254656,12884901888
5787002,9502195712,12884901888
5792719,10236198912,12884901888
5798499,9787408384,12884901888
5804302,9549381632,12884901888
5810030,7967080448,12884901888
5815747,7603224576,12884901888
5821474,8316256256,12884901888
5827206,9112125440,12884901888
5832970,9278849024,12884901888
5838730,8300527616,12884901888
5844531,7987003392,12884901888
5850291,7683964928,12884901888
5856050,8393850880,12884901888
5861794,8663334912,12884901888
5867508,8946450432,12884901888
5873284,8596226048,12884901888
5878973,11811160064,12884901888
5884730,12884901888,12884901888
5890520,11811160064,12884901888
5896280,10737418240,12884901888
5901942,9151971328,12884901888
5907684,8884584448,12884901888
5913421,8430551040,12884901888
5919187,7950303232,12884901888
5924970,9361686528,12884901888
5930740,9546235904,12884901888
5936492,10185867264,12884901888
5942261,10228858880,12884901888
5948023,10737418240,12884901888
5953760,9978249216,12884901888
5959491,9788456960,12884901888
5965203,9230614528,12884901888
5970968,7402946560,12884901888
5976675,8384413696,12884901888
5982382,9431941120,12884901888
5988200,9647947776,12884901888
5993919,10737418240,12884901888
5999653,10737418240,12884901888
6005336,10737418240,12884901888
6010987,10162798592,12884901888
6016692,9829351424,12884901888
6022395,8325693440,12884901888
6028111,7664041984,12884901888
6033764,11811160064,12884901888
6039498,11811160064,12884901888
6045205,9535750144,12884901888
6050914,8750366720,12884901888
6056669,8323596288,12884901888
6062369,12884901888,12884901888
6068120,10379853824,12884901888
6073869,10054795264,12884901888
6079579,9526312960,12884901888
6085304,8492417024,12884901888
6090958,12884901888,12884901888
6096747,10737418240,12884901888
6102487,10399776768,12884901888
6108265,9473884160,12884901888
6113954,8845787136,12884901888
6119666,7921991680,12884901888
6125362,11811160064,12884901888
6131099,11811160064,12884901888
6136802,11811160064,12884901888
6142552,10431234048,12884901888
6148296,9349103616,12884901888
6154036,7837057024,12884901888
6159800,9205448704,12884901888
6165568,10737418240,12884901888
6171341,10344202240,12884901888
6177060,9761193984,12884901888
6182758,9393143808,12884901888
6188492,7723810816,12884901888
6194265,9403629568,12884901888
6199972,10737418240,12884901888
6205710,10092544000,12884901888
6211396,9613344768,12884901888
6217152,7901020160,12884901888
6222938,7639924736,12884901888
6228720,8369733632,12884901888
6234430,10737418240,12884901888
6240153,10737418240,12884901888
6245859,8887730176,12884901888
6251585,8260681728,12884901888
6257389,7827619840,12884901888
6263138,10215227392,12884901888
6268878,10075766784,12884901888
6274611,8290041856,12884901888
6280335,8148484096,12884901888
6285998,10737418240,12884901888
6291728,10737418240,12884901888
6297401,8637120512,12884901888
6303186,8711569408,12884901888
6308954,9483321344,12884901888
6314620,12884901888,12884901888
6320391,12884901888,12884901888
6326108,10737418240,12884901888
6331866,10294919168,12884901888
6337609,9420406784,12884901888
6343329,8889827328,12884901888
6349002,8162115584,12884901888
6354640,11811160064,12884901888
6360404,10737418240,12884901888
6366188,10737418240,12884901888
6371896,10737418240,12884901888
6377573,9975103488,12884901888
6383288,11811160064,12884901888
6389064,12884901888,12884901888
6394845,11811160064,12884901888
6400559,10737418240,12884901888
6406347,10218373120,12884901888
6412138,9981394944,12884901888
6417826,9540993024,12884901888
6423538,8948547584,12884901888
6429295,8359247872,12884901888
6435042,9275703296,12884901888
6440770,7632584704,12884901888
6446605,7572815872,12884901888
6452415,7460618240,12884901888
6458164,8038383616,12884901888
6463918,8627683328,12884901888
6469659,8409579520,12884901888
6475359,11811160064,12884901888
6481097,9880731648,12884901888
6486844,9492758528,12884901888
6492602,8846835712,12884901888
6498360,8317304832,12884901888
6504060,8645509120,12884901888
6509797,9425649664,12884901888
6515596,8573157376,12884901888
6521349,8163164160,12884901888
6527068,7904165888,12884901888
6532731,7634681856,12884901888
6538397,11811160064,12884901888
6544081,11811160064,12884901888
6549793,10482614272,12884901888
6555534,9888071680,12884901888
6561264,9521070080,12884901888
6566944,8959033344,12884901888
6572647,8683257856,12884901888
6578424,8143241216,12884901888
6584144,7302283264,12884901888
6589841,10737418240,12884901888
6595586,11811160064,12884901888
6601337,10737418240,12884901888
6607033,10737418240,12884901888
6612746,10084155392,12884901888
6618462,8457814016,12884901888
6624163,7960788992,12884901888
6629911,7567572992,12884901888
6635650,8768192512,12884901888
6641376,9027190784,12884901888
6647125,8683257856,12884901888
6652866,7311720448,12884901888
6658627,7010779136,12884901888
6664335,9209643008,12884901888
6670048,9085911040,12884901888
6675761,8632926208,12884901888
6681473,8152678400,12884901888
6687186,7319060480,12884901888
6692874,8445231104,12884901888
6698630,8414822400,12884901888
6704384,8271167488,12884901888
6710117,9319743488,12884901888
6715836,8747220992,12884901888
6721573,7394557952,12884901888
6727284,8434745344,12884901888
6733025,9127854080,12884901888
6738770,10737418240,12884901888
6744431,10064232448,12884901888
6750161,10737418240,12884901888
6755862,11811160064,12884901888
6761697,10175381504,12884901888
6767472,9432989696,12884901888
6773256,9366929408,12884901888
6779019,8819572736,12884901888
6784777,8257536000,12884901888
6790511,8188329984,12884901888
6796252,7688159232,12884901888
6801975,8716812288,12884901888
6807785,8438939648,12884901888
6813554,8063549440,12884901888
6819338,7537164288,12884901888
6825004,11811160064,12884901888
6830764,11811160064,12884901888
6836544,11811160064,12884901888
6842328,10344202240,12884901888
6848125,10384048128,12884901888
6853854,9943646208,12884901888
6859583,9630121984,12884901888
6865263,9000976384,12884901888
6870938,8293187584,12884901888
6876621,7823425536,12884901888
6882222,9760145408,12884901888
6887987,10737418240,12884901888
6893747,10737418240,12884901888
6899501,11811160064,12884901888
6905241,10737418240,12884901888
6910991,10286530560,12884901888
6916731,9851371520,12884901888
6922426,9312403456,12884901888
6928104,8124366848,12884901888
6933949,7158628352,12884901888
6939651,8109686784,12884901888
6945441,8040480768,12884901888
6951177,7823425536,12884901888
6956897,8549040128,12884901888
6962673,7765753856,12884901888
6968391,6820986880,12884901888
6974195,7082082304,12884901888
6979958,7515144192,12884901888
6985728,7723810816,12884901888
6991475,7905214464,12884901888
6997218,6896484352,12884901888
7002937,7127171072,12884901888
7008719,7207911424,12884901888
7014524,7471104000,12884901888
7020242,7615807488,12884901888
7025942,7769948160,12884901888
7031771,7750025216,12884901888
7037503,6808403968,12884901888
7043275,6936330240,12884901888
7048993,7304380416,12884901888
7054760,7759462400,12884901888
7060561,7882145792,12884901888
7066343,7161774080,12884901888
7072184,7427063808,12884901888
7077923,7592738816,12884901888
7083677,7935623168,12884901888
7089398,7011827712,12884901888
7095183,7394557952,12884901888
7100908,7817134080,12884901888
7106636,7093616640,12884901888
7112420,7121928192,12884901888
7118141,7376732160,12884901888
7123880,7668236288,12884901888
7129618,6762266624,12884901888
7135396,7016022016,12884901888
7141192,7327449088,12884901888
7147002,7540310016,12884901888
7152753,6970933248,12884901888
7158554,7303331840,12884901888
7164302,7527727104,12884901888
7170057,7981760512,12884901888
7175783,7249854464,12884901888
7181472,7516192768,12884901888
7187190,7894728704,12884901888
7192937,6984564736,12884901888
7198699,7093616640,12884901888
7204513,7068450816,12884901888
7210255,7082082304,12884901888
7215979,7409238016,12884901888
7221674,7670333440,12884901888
7227363,7930380288,12884901888
7233068,6973030400,12884901888
7238751,7841251328,12884901888
7244472,7409238016,12884901888
7250218,7419723776,12884901888
7255910,7627341824,12884901888
7261576,7808745472,12884901888
7267258,6945767424,12884901888
7272964,6970933248,12884901888
7278631,7048527872,12884901888
7284362,7401897984,12884901888
7290065,7660896256,12884901888
7295761,7809794048,12884901888
7301500,6914310144,12884901888
7307303,7305428992,12884901888
7313063,7752122368,12884901888
7318739,7939817472,12884901888
7324473,7068450816,12884901888
7330265,7020216320,12884901888
7335994,7287603200,12884901888
7341690,7582253056,12884901888
7347453,7945060352,12884901888
7353215,6870269952,12884901888
7358986,7109345280,12884901888
7364732,7400849408,12884901888
7370512,7613710336,12884901888
7376226,6825181184,12884901888
7381958,7066353664,12884901888
7387661,7261388800,12884901888
7393416,7615807488,12884901888
7399167,6697254912,12884901888
7404980,6831472640,12884901888
7410781,6952058880,12884901888
7416522,7318011904,12884901888
7422293,7811891200,12884901888
7428044,6983516160,12884901888
7433871,7024410624,12884901888
7439642,7143948288,12884901888
7445358,7378829312,12884901888
7451037,7721713664,12884901888
7456761,7045382144,12884901888
7462484,6987710464,12884901888
7468209,7266631680,12884901888
7473892,7550795776,12884901888
7479578,7092568064,12884901888
7485418,7191134208,12884901888
7491164,7261388800,12884901888
7496894,7616856064,12884901888
7502614,8039432192,12884901888
7508401,6934233088,12884901888
7514192,7352614912,12884901888
7519902,7511998464,12884901888
7525615,7846494208,12884901888
7531304,6983516160,12884901888
7536962,7073693696,12884901888
7542756,7315914752,12884901888
7548524,7651459072,12884901888
7554283,7883194368,12884901888
7560001,6961496064,12884901888
7565745,7228882944,12884901888
7571460,7545552896,12884901888
7577172,7823425536,12884901888
7582916,6854541312,12884901888
7588709,7292846080,12884901888
7594436,7417626624,12884901888
7600117,7844397056,12884901888
7605812,6983516160,12884901888
7611561,7541358592,12884901888
7617276,7761559552,12884901888
7623022,7992246272,12884901888
7628755,7113539584,12884901888
7634499,7149191168,12884901888
7640326,7405043712,12884901888
7646109,7844397056,12884901888
7651874,7484735488,12884901888
7657681,7157579776,12884901888
7663400,7361003520,12884901888
7669134,7834959872,12884901888
7674859,7040139264,12884901888
7680746,7227834368,12884901888
7686488,7432306688,12884901888
7692195,7903117312,12884901888
7697946,7028604928,12884901888
7703697,7118782464,12884901888
7709408,7562330112,12884901888
7715118,7825522688,12884901888
7720863,7210008576,12884901888
7726573,7428112384,12884901888
7732280,7411335168,12884901888
7738034,7850688512,12884901888
7743795,6967787520,12884901888
7749574,7218397184,12884901888
7755353,7608467456,12884901888
7761084,7949254656,12884901888
7766712,7121928192,12884901888
7772590,7113539584,12884901888
7778308,7406092288,12884901888
7783960,7748976640,12884901888
7789649,7970226176,12884901888
7795350,7021264896,12884901888
7801053,7454326784,12884901888
7806761,7587495936,12884901888
7812425,7860125696,12884901888
7818149,7131365376,12884901888
7823892,7036993536,12884901888
7829552,7136608256,12884901888
7835255,7513047040,12884901888
7840994,7895777280,12884901888
7846699,7626293248,12884901888
7852549,7109345280,12884901888
7858300,7337934848,12884901888
7864057,7851737088,12884901888
7869773,6991904768,12884901888
7875528,7070547968,12884901888
7881265,7431258112,12884901888
7887035,7841251328,12884901888
7892786,7357857792,12884901888
7898510,7838105600,12884901888
7904218,8898215936,12884901888
7909957,7124025344,12884901888
7915679,7134511104,12884901888
7921473,7314866176,12884901888
7927241,7879000064,12884901888
7933011,8144289792,12884901888
7938848,7151288320,12884901888
7944626,7397703680,12884901888
7950338,7775191040,12884901888
7955999,7457472512,12884901888
7961758,6911164416,12884901888
7967481,7251951616,12884901888
7973153,7861174272,12884901888
7978833,8879341568,12884901888
7984581,7341080576,12884901888
7990336,7294943232,12884901888
7996054,7633633280,12884901888
8001787,8093958144,12884901888
8007431,7388266496,12884901888
8013139,7446986752,12884901888
8018837,7559184384,12884901888
8024561,7890534400,12884901888
8030256,8085569536,12884901888
8035986,7192182784,12884901888
8041716,7441743872,12884901888
8047472,7604273152,12884901888
8053251,8067743744,12884901888
8058970,7135559680,12884901888
8064756,7517241344,12884901888
8070508,7617904640,12884901888
8076190,7950303232,12884901888
8081852,7169114112,12884901888
8087555,7546601472,12884901888
8093306,8092909568,12884901888
8099002,7218397184,12884901888
8104758,7368343552,12884901888
8110507,7503609856,12884901888
8116284,7953448960,12884901888
8122020,8328839168,12884901888
8127784,7236222976,12884901888
8133615,7292846080,12884901888
8139342,7511998464,12884901888
8145039,7913603072,12884901888
8150737,8139046912,12884901888
8156538,7026507776,12884901888
8162317,7352614912,12884901888
8168032,7589593088,12884901888
8173780,7820279808,12884901888
8179542,6900678656,12884901888
8185323,7217348608,12884901888
8191091,7401897984,12884901888
8196862,7651459072,12884901888
8202587,6876561408,12884901888
8208347,7136608256,12884901888
8214063,7214202880,12884901888
8219800,7648313344,12884901888
8225445,7777288192,12884901888
8231136,6847201280,12884901888
8236865,6811549696,12884901888
8242555,7105150976,12884901888
8248272,7656701952,12884901888
8253993,6747586560,12884901888
8259721,7257194496,12884901888
8265455,7779385344,12884901888
8271227,7094665216,12884901888
8276976,7657750528,12884901888
8282748,7836008448,12884901888
8288496,6961496064,12884901888
8294244,7292846080,12884901888
8299989,7808745472,12884901888
8305761,6923747328,12884901888
8311575,7180648448,12884901888
8317351,7531921408,12884901888
8323111,7914651648,12884901888
8328862,7165968384,12884901888
8334627,7282360320,12884901888
8340378,7708082176,12884901888
8346066,6951010304,12884901888
8351849,7258243072,12884901888
8357553,7804551168,12884901888
8363292,7115636736,12884901888
8368972,7506755584,12884901888
8374743,7751073792,12884901888
8380486,7047479296,12884901888
8386240,7206862848,12884901888
8391984,8010072064,12884901888
8397739,8102346752,12884901888
8403444,7094665216,12884901888
8409138,7357857792,12884901888
8414973,7807696896,12884901888
8420704,7032799232,12884901888
8426558,7305428992,12884901888
8432312,7608467456,12884901888
8438052,8105492480,12884901888
8443759,7269777408,12884901888
8449515,7432306688,12884901888
8455347,7391412224,12884901888
8461080,7866417152,12884901888
8466811,7775191040,12884901888
8472575,7403995136,12884901888
8478276,7439646720,12884901888
8483976,7607418880,12884901888
8489675,7968129024,12884901888
8495400,7144996864,12884901888
8501072,7181697024,12884901888
8506846,7517241344,12884901888
8512608,8007974912,12884901888
8518345,7192182784,12884901888
8524049,7505707008,12884901888
8529806,7977566208,12884901888
8535573,7249854464,12884901888
8541291,7528775680,12884901888
8547068,7694450688,12884901888
8552814,8670674944,12884901888
8558559,7269777408,12884901888
8564291,7940866048,12884901888
8570020,8162115584,12884901888
8575762,7232028672,12884901888
8581451,7383023616,12884901888
8587197,7606370304,12884901888
8592942,7969177600,12884901888
8598673,7742685184,12884901888
8604537,7429160960,12884901888
8610295,7980711936,12884901888
8616070,8169455616,12884901888
8621778,7300186112,12884901888
8627548,7441743872,12884901888
8633317,8226078720,12884901888
8639052,7148142592,12884901888
8644845,7654604800,12884901888
8650612,8304721920,12884901888
8656354,7217348608,12884901888
8662056,7237271552,12884901888
8667842,7855931392,12884901888
8673603,8664383488,12884901888
8679307,7248805888,12884901888
8685032,7489978368,12884901888
8690742,8142192640,12884901888
8696441,7223640064,12884901888
8702197,7326400512,12884901888
8708034,7350517760,12884901888
8713776,7612661760,12884901888
8719551,8018460672,12884901888
8725328,8998879232,12884901888
8731090,7316963328,12884901888
8736807,7701790720,12884901888
8742549,8108638208,12884901888
8748291,8973713408,12884901888
8753981,7470055424,12884901888
8759721,7677673472,12884901888
8765494,7745830912,12884901888
8771278,7768899584,12884901888
8777030,8056209408,12884901888
8782703,8111783936,12884901888
8788381,8420065280,12884901888
8794079,7213154304,12884901888
8799872,7366246400,12884901888
8805623,7768899584,12884901888
8811317,8143241216,12884901888
8817018,9119465472,12884901888
8822792,7356809216,12884901888
8828476,7616856064,12884901888
8834239,6949961728,12884901888
8840152,6137315328,12884901888
8845661,2348810240,12884901888
8851626,4525654016,12884901888
8857554,5437915136,12884901888
8863511,5410652160,12884901888
8869460,6429868032,12884901888
8875425,5442109440,12884901888
8881439,5473566720,12884901888
8887389,5480906752,12884901888
8893340,5465178112,12884901888
8899289,6417285120,12884901888
8905231,4464836608,12884901888
8911318,5963251712,12884901888
8917282,5412749312,12884901888
8923239,5480906752,12884901888
8929172,5455740928,12884901888
8935091,6443499520,12884901888
8941051,5477761024,12884901888
8947078,5469372416,12884901888
8953001,5829033984,12884901888
8959010,5199888384,12884901888
8964944,6514802688,12884901888
8970944,5200936960,12884901888
8976890,6327107584,12884901888
8982818,4486856704,12884901888
8988826,4487905280,12884901888
8994751,5457838080,12884901888
9000620,4490002432,12884901888
9006579,5416943616,12884901888
9012579,4471128064,12884901888
9018541,5414846464,12884901888
9024516,6261047296,12884901888
9030546,5442109440,12884901888
9036607,5445255168,12884901888
9042607,5446303744,12884901888
9048649,5451546624,12884901888
9054641,5463080960,12884901888
9060624,5464129536,12884901888
9066646,5455740928,12884901888
9072626,5459935232,12884901888
9078639,5190451200,12884901888
9084741,5466226688,12884901888
9090718,5373952000,12884901888
9096727,6365904896,12884901888
9102757,4477419520,12884901888
9108781,5426380800,12884901888
9114797,5194645504,12884901888
9120815,5452595200,12884901888
9126808,6347030528,12884901888
9132788,5363466240,12884901888
9138768,6098518016,12884901888
9144796,5382340608,12884901888
9150808,5422186496,12884901888
9156776,4482662400,12884901888
9162782,5451546624,12884901888
9168748,5453643776,12884901888
9174762,5448400896,12884901888
9180731,5449449472,12884901888
9186746,5400166400,12884901888
9192747,4485808128,12884901888
9198739,5433720832,12884901888
9204713,5434769408,12884901888
9210719,5463080960,12884901888
9216744,5465178112,12884901888
9222761,3596615680,12884901888
9228784,2373976064,12884901888
9234985,2373976064,12884901888
9241009,2372927488,12884901888
9247026,2361393152,12884901888
9253035,2361393152,12884901888
9259024,3474980864,12884901888
9264985,2644508672,12884901888
9270896,2636120064,12884901888
9276851,2647654400,12884901888
9282823,2630877184,12884901888
9288812,2628780032,12884901888
9294810,2653945856,12884901888
9300779,2654994432,12884901888
9306785,2651848704,12884901888
9312709,2651848704,12884901888
9318606,2650800128,12884901888
9324576,2593128448,12884901888
9330471,5530189824,12884901888
9336523,4098883584,12884901888
9342495,5212471296,12884901888
9348543,4133486592,12884901888
9354570,4121952256,12884901888
9360573,5199888384,12884901888
9366564,4363124736,12884901888
9372583,5813305344,12884901888
9378627,6328156160,12884901888
9384677,7467958272,12884901888
9390724,6291456000,12884901888
9396761,5931794432,12884901888
9402832,7671382016,12884901888
9408858,5662310400,12884901888
9414900,6035603456,12884901888
9420946,7201619968,12884901888
9426974,6320816128,12884901888
9432995,6365904896,12884901888
9439000,6608125952,12884901888
9444972,5770313728,12884901888
9450943,6538919936,12884901888
9456929,5558501376,12884901888
9462921,6704594944,12884901888
9468932,5496635392,12884901888
9474965,6078595072,12884901888
9480972,5776605184,12884901888
9487003,6147801088,12884901888
9492969,6018826240,12884901888
9498964,6998196224,12884901888
9504893,5511315456,12884901888
9510886,5455740928,12884901888
9516829,5447352320,12884901888
9522787,6943670272,12884901888
9528805,5269094400,12884901888
9534817,6153043968,12884901888
9540736,5082447872,12884901888
9546765,6123683840,12884901888
9552679,5598347264,12884901888
9558673,5106565120,12884901888
9564677,3959422976,12884901888
9570722,3929014272,12884901888
9576767,4541382656,12884901888
9582750,4007657472,12884901888
9588786,3962568704,12884901888
9594840,4558159872,12884901888
9600859,3944742912,12884901888
9606909,4692377600,12884901888
9612945,5472518144,12884901888
9618965,3995074560,12884901888
9625010,5430575104,12884901888
9631064,4344250368,12884901888
9637118,4148166656,12884901888
9643155,4880072704,12884901888
9649185,4316987392,12884901888
9655282,4296015872,12884901888
9661308,5312086016,12884901888
9667342,5885657088,12884901888
9673405,4507828224,12884901888
9679441,4501536768,12884901888
9685453,4958715904,12884901888
9691524,4530896896,12884901888
9697542,4401922048,12884901888
9703606,5217714176,12884901888
9709656,4685037568,12884901888
9715670,4628414464,12884901888
9721776,4626317312,12884901888
9727786,5688524800,12884901888
9733844,4980736000,12884901888
9739877,5002756096,12884901888
9745878,4917821440,12884901888
9751895,5434769408,12884901888
9757900,4664066048,12884901888
9763916,4650434560,12884901888
9769912,4714397696,12884901888
9775961,4517265408,12884901888
9781932,4591714304,12884901888
9787955,4592762880,12884901888
9793970,4585422848,12884901888
9800050,4538236928,12884901888
9806038,5058330624,12884901888
9812080,5158993920,12884901888
9818078,4571791360,12884901888
9824084,4493148160,12884901888
9830104,4526702592,12884901888
9836122,5011144704,12884901888
9842189,4428136448,12884901888
9848209,4404019200,12884901888
9854264,4299161600,12884901888
9860291,4402970624,12884901888
9866298,4465885184,12884901888
9872369,4375707648,12884901888
9878424,4436525056,12884901888
9884455,5027921920,12884901888
9890462,4306501632,12884901888
9896509,4365221888,12884901888
9902540,4233101312,12884901888
9908557,5210374144,12884901888
9914580,4331667456,12884901888
9920600,4266655744,12884901888
9926610,4330618880,12884901888
9932666,4481613824,12884901888
9938667,4184866816,12884901888
9944711,2761949184,12884901888
9950728,2753560576,12884901888
9956758,2748317696,12884901888
9962812,2718957568,12884901888
9968818,2774532096,12884901888
9974882,2775580672,12884901888
9980917,2774532096,12884901888
9986969,2773483520,12884901888
9992993,2825912320,12884901888
9999048,2837446656,12884901888
10005086,2742026240,12884901888
10011128,2873098240,12884901888
10017160,2871001088,12884901888
10023179,2843738112,12884901888
10029195,2813329408,12884901888
10035209,2830106624,12884901888
10041237,2898264064,12884901888
10047309,2901409792,12884901888
10053353,2851078144,12884901888
10059364,2780823552,12884901888
10065409,2918187008,12884901888
10071448,2838495232,12884901888
10077479,2871001088,12884901888
10083483,2851078144,12884901888
10089516,2853175296,12884901888
10095564,2906652672,12884901888
10101605,2909798400,12884901888
10107639,2902458368,12884901888
10113708,2859466752,12884901888
10119770,2873098240,12884901888
10125766,2789212160,12884901888
10131803,2787115008,12884901888
10137858,2822766592,12884901888
10143927,2938109952,12884901888
10149983,2970615808,12884901888
10156021,2904555520,12884901888
10162050,2822766592,12884901888
10168074,2794455040,12884901888
10174122,2825912320,12884901888
10180170,2834300928,12884901888
10186217,2826960896,12884901888
10192266,2852126720,12884901888
10198302,2856321024,12884901888
10204343,2861563904,12884901888
10210380,2864709632,12884901888
10216446,2837446656,12884901888
10222527,2768240640,12884901888
10228576,2769289216,12884901888
10234630,2791309312,12884901888
10240671,2792357888,12884901888
10246719,2793406464,12884901888
10252765,2793406464,12884901888
10258815,2794455040,12884901888
10264866,2795503616,12884901888
10270919,2795503616,12884901888
10276962,2795503616,12884901888
10283016,2757754880,12884901888
10289060,2734686208,12884901888
10295080,2819620864,12884901888
10301106,2751463424,12884901888
10307108,2754609152,12884901888
10313129,2765094912,12884901888
10319177,2770337792,12884901888
10325232,2770337792,12884901888
10331202,2775580672,12884901888
10337209,2911895552,12884901888
10343227,2878341120,12884901888
10349233,2776629248,12884901888
10355221,3003121664,12884901888
10361196,2787115008,12884901888
10367205,2924478464,12884901888
10373200,2787115008,12884901888
10379204,2923429888,12884901888
10385219,2788163584,12884901888
10391175,2788163584,12884901888
10397149,2860515328,12884901888
10403125,2788163584,12884901888
10409128,2789212160,12884901888
10415106,2858418176,12884901888
10421150,2789212160,12884901888
10427148,2916089856,12884901888
10433127,2789212160,12884901888
10439107,2790260736,12884901888
10445109,2804940800,12884901888
10451070,3051356160,12884901888
10457082,2912944128,12884901888
10463100,2917138432,12884901888
10469076,2817523712,12884901888
10475079,2965372928,12884901888
10481104,2977955840,12884901888
10487083,3106930688,12884901888
10493096,2980052992,12884901888
10499112,2843738112,12884901888
10505134,2843738112,12884901888
10511110,2843738112,12884901888
10517139,2972712960,12884901888
10523177,2943352832,12884901888
10529172,2962227200,12884901888
10535184,3133145088,12884901888
10541191,2961178624,12884901888
10547197,2877292544,12884901888
10553200,2905604096,12884901888
10559170,2990538752,12884901888
10565115,2886729728,12884901888
10571108,2886729728,12884901888
10577111,2889875456,12884901888
10583168,2890924032,12884901888
10589223,2890924032,12884901888
10595210,2891972608,12884901888
10601225,2891972608,12884901888
10607239,2891972608,12884901888
10613240,3459252224,12884901888
10619186,3417309184,12884901888
10625149,3412066304,12884901888
10631159,3542089728,12884901888
10637145,3528458240,12884901888
10643178,3617587200,12884901888
10649322,3664773120,12884901888
10655370,3787456512,12884901888
10661423,3854565376,12884901888
10667573,4027580416,12884901888
10673676,3899654144,12884901888
10679895,3660578816,12884901888
10686009,3697278976,12884901888
10692146,3783262208,12884901888
10698272,3920625664,12884901888
10704429,3999268864,12884901888
10710593,4195352576,12884901888
10716759,4059037696,12884901888
10722921,3835691008,12884901888
10729075,4534042624,12884901888
10735230,3936354304,12884901888
10741377,3836739584,12884901888
10747536,4179623936,12884901888
10753731,3871342592,12884901888
10759869,4171235328,12884901888
10766028,3839885312,12884901888
10772166,4190109696,12884901888
10778333,5709496320,12884901888
10784574,4245684224,12884901888
10790739,4476370944,12884901888
10796912,4052746240,12884901888
10803114,4202692608,12884901888
10809307,4526702592,12884901888
10815463,3911188480,12884901888
10821654,4208984064,12884901888
10827843,4722786304,12884901888
10834056,4061134848,12884901888
10840246,4245684224,12884901888
10846408,4892655616,12884901888
10852594,3779067904,12884901888
10858800,4228907008,12884901888
10865004,4534042624,12884901888
10871193,4739563520,12884901888
10877392,4112515072,12884901888
10883564,4266655744,12884901888
10889797,4764729344,12884901888
10896020,5257560064,12884901888
10902250,4134535168,12884901888
10908456,4311744512,12884901888
10914665,4866441216,12884901888
10920873,5043650560,12884901888
10927094,4213178368,12884901888
10933312,4305453056,12884901888
10939530,4880072704,12884901888
10945742,6150946816,12884901888
10952030,4434427904,12884901888
10958258,4772069376,12884901888
10964492,4868538368,12884901888
10970719,5599395840,12884901888
10977009,4407164928,12884901888
10983246,4739563520,12884901888
10989480,4857004032,12884901888
10995696,5746196480,12884901888
11001938,6263144448,12884901888
11008175,4087349248,12884901888
11014391,4733272064,12884901888
11020619,4822401024,12884901888
11026861,5724176384,12884901888
11033108,5789188096,12884901888
11039307,3710910464,12884901888
11045557,4588568576,12884901888
11051788,4735369216,12884901888
11058035,5194645504,12884901888
11064267,5731516416,12884901888
11070501,5711593472,12884901888
11076742,3814719488,12884901888
11083015,4421844992,12884901888
11089230,4799332352,12884901888
11095468,5214568448,12884901888
11101718,5792333824,12884901888
11107961,5876219904,12884901888
11114206,3588227072,12884901888
11120441,4411359232,12884901888
11126676,4802478080,12884901888
11132942,5214568448,12884901888
11139180,5781848064,12884901888
11145409,5818548224,12884901888
11151651,3628072960,12884901888
11157904,4426039296,12884901888
11164129,5119148032,12884901888
11170381,5292163072,12884901888
11176598,5813305344,12884901888
11182822,6644826112,12884901888
11189069,6851395584,12884901888
11195354,5096079360,12884901888
11201592,4402970624,12884901888
11207854,5139070976,12884901888
11214103,5244977152,12884901888
11220354,5809111040,12884901888
11226603,5986320384,12884901888
11232858,6637486080,12884901888
11239125,6763315200,12884901888
11245370,3652190208,12884901888
11251626,4197449728,12884901888
11257886,4625268736,12884901888
11264149,5004853248,12884901888
11270399,5285871616,12884901888
11276662,7293894656,12884901888
11282925,4052746240,12884901888
11289169,4858052608,12884901888
11295451,4908384256,12884901888
11301709,5406457856,12884901888
11307954,5426380800,12884901888
11314216,4017094656,12884901888
11320483,4474273792,12884901888
11326755,4877975552,12884901888
11333023,5394923520,12884901888
11339301,5452595200,12884901888
11345587,3813670912,12884901888
11351881,4458545152,12884901888
11358159,5032116224,12884901888
11364429,5685379072,12884901888
11370684,5699010560,12884901888
11376955,7112491008,12884901888
11383222,4073717760,12884901888
11389479,4534042624,12884901888
11395766,4965007360,12884901888
11402063,5112856576,12884901888
11408348,5756682240,12884901888
11414626,6677331968,12884901888
11420931,4233101312,12884901888
11427202,4555014144,12884901888
11433478,4929355776,12884901888
11439743,6046089216,12884901888
11446026,5907677184,12884901888
11452309,4642045952,12884901888
11458598,4490002432,12884901888
11464860,4905238528,12884901888
11471129,5087690752,12884901888
11477396,5899288576,12884901888
11483681,5873074176,12884901888
11489975,6178209792,12884901888
11496291,3939500032,12884901888
11502549,4502585344,12884901888
11508813,4978638848,12884901888
11515083,5189402624,12884901888
11521337,5837422592,12884901888
11527625,5804916736,12884901888
11533887,7090470912,12884901888
11540173,4063232000,12884901888
11546455,4563402752,12884901888
11552711,5116002304,12884901888
11558999,5015339008,12884901888
11565279,5772410880,12884901888
11571554,6249512960,12884901888
11577832,3788505088,12884901888
11584134,4380950528,12884901888
11590411,4755292160,12884901888
11596674,5045747712,12884901888
11602953,5600444416,12884901888
11609236,5795479552,12884901888
11615550,7264534528,12884901888
11621856,4182769664,12884901888
11628155,4541382656,12884901888
11634424,4904189952,12884901888
11640705,5386534912,12884901888
11646993,5762973696,12884901888
11653288,5916065792,12884901888
11659585,3660578816,12884901888
11665835,4245684224,12884901888
11672107,4552916992,12884901888
11678401,5150605312,12884901888
11684673,5459935232,12884901888
11690987,5830082560,12884901888
11697260,5833228288,12884901888
11703532,7536115712,12884901888
11709837,4034920448,12884901888
11716114,4751097856,12884901888
11722418,5171576832,12884901888
11728716,5974786048,12884901888
11735012,5764022272,12884901888
11741303,5851054080,12884901888
11747583,7852785664,12884901888
11753877,3920625664,12884901888
11760179,4432330752,12884901888
11766460,5123342336,12884901888
11772753,5507121152,12884901888
11779060,5774508032,12884901888
11785350,5836374016,12884901888
11791658,5809111040,12884901888
11797950,7585398784,12884901888
11804319,4051697664,12884901888
11810613,4470079488,12884901888
11816921,4965007360,12884901888
11823226,6164578304,12884901888
11829547,5815402496,12884901888
11835851,5822742528,12884901888
11842162,6183452672,12884901888
11848503,5970591744,12884901888
11854863,3958374400,12884901888
11861181,4437573632,12884901888
11867491,4966055936,12884901888
11873814,5129633792,12884901888
11880141,5889851392,12884901888
11886462,5884608512,12884901888
11892773,6177161216,12884901888
11899077,8097103872,12884901888
11905400,6620708864,12884901888
11911829,3884974080,12884901888
11918133,4393533440,12884901888
11924437,5096079360,12884901888
11930745,5279580160,12884901888
11937066,6115295232,12884901888
11943382,6512705536,12884901888
11949709,6547308544,12884901888
11956008,7210008576,12884901888
11962321,10117709824,12884901888
11968638,3843031040,12884901888
11974950,4469030912,12884901888
11981273,5269094400,12884901888
11987601,5334106112,12884901888
11993932,5626658816,12884901888
12000251,5954863104,12884901888
12006564,6068109312,12884901888
12012873,7634681856,12884901888
12019189,6773800960,12884901888
12025542,3988783104,12884901888
12031856,4591714304,12884901888
12038207,4949278720,12884901888
12044530,5114953728,12884901888
12050850,5851054080,12884901888
12057191,6027214848,12884901888
12063508,7286554624,12884901888
12069825,3824156672,12884901888
12076166,4324327424,12884901888
12082472,5001707520,12884901888
12088804,5110759424,12884901888
12095113,5711593472,12884901888
12101421,5858394112,12884901888
12107753,6160384000,12884901888
12114092,6305087488,12884901888
12120412,3826253824,12884901888
12126767,4332716032,12884901888
12133090,4784652288,12884901888
12139402,5100273664,12884901888
12145734,5733613568,12884901888
12152094,6014631936,12884901888
12158448,6171918336,12884901888
12164786,6541017088,12884901888
12171068,3743416320,12884901888
12177473,4284481536,12884901888
12183818,4651483136,12884901888
12190144,5128585216,12884901888
12196465,5239734272,12884901888
12202779,5762973696,12884901888
12209113,6166675456,12884901888
12215423,6146752512,12884901888
12221762,4587520000,12884901888
12228141,4078960640,12884901888
12234502,4595908608,12884901888
12240813,5097127936,12884901888
12247136,5277483008,12884901888
12253427,5629804544,12884901888
12259763,6149898240,12884901888
12266107,6163529728,12884901888
12272448,6320816128,12884901888
12278770,5189402624,12884901888
12285124,4227858432,12884901888
12291477,4643094528,12884901888
12297827,5190451200,12884901888
12304155,5205131264,12884901888
12310510,5879365632,12884901888
12316866,6154092544,12884901888
12323205,6995050496,12884901888
12329558,5187305472,12884901888
12335968,4227858432,12884901888
12342298,4536139776,12884901888
12348647,5001707520,12884901888
12354973,5712642048,12884901888
12361331,5494538240,12884901888
12367677,6004146176,12884901888
12374041,6610223104,12884901888
12380366,4990173184,12884901888
12386693,4362076160,12884901888
12393046,4694474752,12884901888
12399389,5080350720,12884901888
12405723,5183111168,12884901888
12412064,5750390784,12884901888
12418409,6034554880,12884901888
12424776,6891241472,12884901888
12431066,4946132992,12884901888
12437497,4030726144,12884901888
12443855,4423942144,12884901888
12450250,4869586944,12884901888
12456619,5246025728,12884901888
12463001,5616173056,12884901888
12469359,5812256768,12884901888
12475717,6097469440,12884901888
12482057,4435476480,12884901888
12488471,3933208576,12884901888
12494822,4437573632,12884901888
12501189,4889509888,12884901888
12507529,5165285376,12884901888
12513887,5586812928,12884901888
12520252,6202327040,12884901888
12526601,6071255040,12884901888
12532975,6795821056,12884901888
12539348,3923771392,12884901888
12545758,4212129792,12884901888
12552099,4780457984,12884901888
12558452,5228199936,12884901888
12564807,5378146304,12884901888
12571164,6061817856,12884901888
12577523,6103760896,12884901888
12583885,6222249984,12884901888
12590261,3722444800,12884901888
12596653,4031774720,12884901888
12603035,4596957184,12884901888
12609396,4796186624,12884901888
12615766,5337251840,12884901888
12622128,5848956928,12884901888
12628484,6181355520,12884901888
12634837,6347030528,12884901888
12641206,6310330368,12884901888
12647499,4191158272,12884901888
12653919,4007657472,12884901888
12660287,4421844992,12884901888
12666636,4624220160,12884901888
12672983,5003804672,12884901888
12679343,5381292032,12884901888
12685722,5669650432,12884901888
12692106,6105858048,12884901888
12698476,6659506176,12884901888
12704849,7342129152,12884901888
12711207,3726639104,12884901888
12717611,4241489920,12884901888
12723991,4532994048,12884901888
12730378,5168431104,12884901888
12736736,5164236800,12884901888
12743116,5375000576,12884901888
12749510,5965348864,12884901888
12755885,6033506304,12884901888
12762277,7227834368,12884901888
12768625,4134535168,12884901888
12775020,3718250496,12884901888
12781313,3936354304,12884901888
12787689,4412407808,12884901888
12794067,4622123008,12884901888
12800437,5099225088,12884901888
12806794,5144313856,12884901888
12813184,5445255168,12884901888
12819546,6354370560,12884901888
12825946,6233784320,12884901888
12832339,6354370560,12884901888
12838687,5302648832,12884901888
12845077,3766484992,12884901888
12851454,4396679168,12884901888
12857815,4742709248,12884901888
12864214,4888461312,12884901888
12870597,5047844864,12884901888
12877014,5434769408,12884901888
12883408,5542772736,12884901888
12889801,5537529856,12884901888
12896142,4304404480,12884901888
12902540,3891265536,12884901888
12908915,4335861760,12884901888
12915281,4367319040,12884901888
12921672,5041553408,12884901888
12928042,4929355776,12884901888
12934428,5291114496,12884901888
12940782,5315231744,12884901888
12947159,5565841408,12884901888
12953518,5953814528,12884901888
12959886,4057989120,12884901888
12966368,3929014272,12884901888
12972750,4375707648,12884901888
12979133,4591714304,12884901888
12985514,4945084416,12884901888
12991913,5233442816,12884901888
12998303,5248122880,12884901888
13004703,5341446144,12884901888
13011101,5379194880,12884901888
13017469,5566889984,12884901888
13023918,4148166656,12884901888
13030314,4056940544,12884901888
13036699,3920625664,12884901888
13043049,3758096384,12884901888
13049494,3991928832,12884901888
13055911,4352638976,12884901888
13062318,4750049280,12884901888
13068686,4848615424,12884901888
13075079,5284823040,12884901888
13081461,5369757696,12884901888
13087839,5764022272,12884901888
13094232,5783945216,12884901888
13100611,6504316928,12884901888
13106987,5773459456,12884901888
13113475,3858759680,12884901888
13119902,4375707648,12884901888
13126277,4567597056,12884901888
13132700,4887412736,12884901888
13139119,5212471296,12884901888
13145551,5271191552,12884901888
13151959,5332008960,12884901888
13158356,5777653760,12884901888
13164765,6925844480,12884901888
13171093,3759144960,12884901888
13177554,4095737856,12884901888
13183955,4391436288,12884901888
13190373,4815060992,12884901888
13196780,4942987264,12884901888
13203184,5255462912,12884901888
13209564,5296357376,12884901888
13215952,5409603584,12884901888
13222354,5989466112,12884901888
13228754,4017094656,12884901888
13235191,4150263808,12884901888
13241587,4467982336,12884901888
13247997,4635754496,12884901888
13254402,4952424448,12884901888
13260799,5226102784,12884901888
13267220,5366611968,12884901888
13273599,5540675584,12884901888
13280007,6539968512,12884901888
13286432,5130682368,12884901888
13292831,3783262208,12884901888
13299275,4157603840,12884901888
13305674,4750049280,12884901888
13312086,4811915264,12884901888
13318472,5241831424,12884901888
13324889,5287968768,12884901888
13331264,5412749312,12884901888
13337690,5960105984,12884901888
13344083,4052746240,12884901888
13350538,4081057792,12884901888
13356941,4407164928,12884901888
13363357,4775215104,12884901888
13369784,4923064320,12884901888
13376198,5207228416,12884901888
13382603,5301600256,12884901888
13389030,5619318784,12884901888
13395434,6379536384,12884901888
13401834,3779067904,12884901888
13408145,3779067904,12884901888
13414532,4131389440,12884901888
13420956,4596957184,12884901888
13427383,4758437888,12884901888
13433819,5160042496,12884901888
13440229,5257560064,12884901888
13446625,5212471296,12884901888
13453059,5935988736,12884901888
13459463,3765436416,12884901888
13465850,4128243712,12884901888
13472272,4407164928,12884901888
13478673,4738514944,12884901888
13485103,5198839808,12884901888
13491508,5199888384,12884901888
13497930,5212471296,12884901888
13504378,5790236672,12884901888
13510791,3991928832,12884901888
13517251,4184866816,12884901888
13523667,4529848320,12884901888
13530107,4755292160,12884901888
13536585,5158993920,12884901888
13543039,5205131264,12884901888
13549489,5215617024,12884901888
13555929,5841616896,12884901888
13562362,3985637376,12884901888
13568872,4385144832,12884901888
13575303,4587520000,12884901888
13581674,3753902080,12884901888
13588119,4477419520,12884901888
13594558,4723834880,12884901888
13600976,5087690752,12884901888
13607406,4850712576,12884901888
13613866,4888461312,12884901888
13620294,4887412736,12884901888
13626733,4896849920,12884901888
13633307,4892655616,12884901888
13640273,4894752768,12884901888
13647174,4891607040,12884901888
13654667,4905238528,12884901888
13661372,4909432832,12884901888
13667914,4911529984,12884901888
13674822,4909432832,12884901888
13682259,4910481408,12884901888
13689376,4918870016,12884901888
13696031,4915724288,12884901888
13702484,4913627136,12884901888
13708992,4918870016,12884901888
13715449,4919918592,12884901888
13721890,4922015744,12884901888
13728356,4919918592,12884901888
13735407,4925161472,12884901888
13742047,4924112896,12884901888
13748577,4926210048,12884901888
13755076,4928307200,12884901888
13761628,4936695808,12884901888
13768098,5046796288,12884901888
13774549,5039456256,12884901888
13780944,5035261952,12884901888
13787370,5035261952,12884901888
13793719,5035261952,12884901888
13800055,5035261952,12884901888
13806400,5035261952,12884901888
13812734,5035261952,12884901888
13819117,5035261952,12884901888
13825493,5035261952,12884901888
13831836,5035261952,12884901888
13838242,5227151360,12884901888
13844739,5215617024,12884901888
13851086,5197791232,12884901888
13857434,5197791232,12884901888
13863846,5197791232,12884901888
13870175,5197791232,12884901888
13876534,5197791232,12884901888
13882886,5197791232,12884901888
13889227,5197791232,12884901888
13895544,5197791232,12884901888
13901894,5189402624,12884901888
13908226,5189402624,12884901888
13914565,5189402624,12884901888
13920912,5189402624,12884901888
13927255,5189402624,12884901888
13933613,5189402624,12884901888
13940035,5189402624,12884901888
13946492,5189402624,12884901888
13952780,5189402624,12884901888
13959093,5187305472,12884901888
13965544,5187305472,12884901888
13971879,5187305472,12884901888
13978216,5187305472,12884901888
13984527,5187305472,12884901888
13990831,5187305472,12884901888
13997169,5187305472,12884901888
14003530,5187305472,12884901888
14009838,5187305472,12884901888
14016154,5187305472,12884901888
14022487,5191499776,12884901888
14028795,5191499776,12884901888
14035101,5191499776,12884901888
14041412,5191499776,12884901888
14047676,5191499776,12884901888
14054019,5191499776,12884901888
14060317,5191499776,12884901888
14066656,5191499776,12884901888
14072995,5191499776,12884901888
14079376,5169479680,12884901888
14085721,5169479680,12884901888
14092061,5169479680,12884901888
14098396,5169479680,12884901888
14104763,5169479680,12884901888
14111061,5169479680,12884901888
14117421,5169479680,12884901888
14123816,5169479680,12884901888
14130178,5169479680,12884901888
14136513,5169479680,12884901888
14142869,5171576832,12884901888
14149208,5171576832,12884901888
14155550,5171576832,12884901888
14161917,5171576832,12884901888
14168271,5171576832,12884901888
14174597,5171576832,12884901888
14180941,5171576832,12884901888
14187271,5171576832,12884901888
14193615,5171576832,12884901888
14199977,5183111168,12884901888
14206273,5183111168,12884901888
14212661,5183111168,12884901888
14218965,5183111168,12884901888
14225301,5183111168,12884901888
14231603,5183111168,12884901888
14237927,5183111168,12884901888
14244292,5183111168,12884901888
14250593,5183111168,12884901888
14256918,5183111168,12884901888
14263281,5177868288,12884901888
14269622,5176819712,12884901888
14275958,5176819712,12884901888
14282268,5176819712,12884901888
14288561,5176819712,12884901888
14294911,5176819712,12884901888
14301255,5176819712,12884901888
14307528,5176819712,12884901888
14313870,5176819712,12884901888
14320219,5183111168,12884901888
14326501,5183111168,12884901888
14332853,5183111168,12884901888
14339135,5183111168,12884901888
14345455,5183111168,12884901888
14351743,5183111168,12884901888
14358047,5183111168,12884901888
14364357,5183111168,12884901888
14370661,5183111168,12884901888
14376986,5183111168,12884901888
14383283,5190451200,12884901888
14389596,5190451200,12884901888
14395928,5190451200,12884901888
14402303,5190451200,12884901888
14408605,5190451200,12884901888
14414938,5190451200,12884901888
14421226,5190451200,12884901888
14427562,5190451200,12884901888
14433937,5190451200,12884901888
14440289,5591007232,12884901888
14446811,5316280320,12884901888
14453291,5294260224,12884901888
14459615,5294260224,12884901888
14465940,5294260224,12884901888
14472273,5294260224,12884901888
14478596,5294260224,12884901888
14484952,5294260224,12884901888
14491289,5294260224,12884901888
14497636,5294260224,12884901888
14503970,5278531584,12884901888
14510326,5278531584,12884901888
14516656,5278531584,12884901888
14523001,5278531584,12884901888
14529339,5278531584,12884901888
14535741,5278531584,12884901888
14542066,5278531584,12884901888
14548481,5278531584,12884901888
14554793,5278531584,12884901888
14561179,5278531584,12884901888
14567544,5275385856,12884901888
14573843,5274337280,12884901888
14580154,5274337280,12884901888
14586480,5274337280,12884901888
14592826,5274337280,12884901888
14599193,5274337280,12884901888
14605554,5274337280,12884901888
14611904,5274337280,12884901888
14618255,5274337280,12884901888
14624594,5273288704,12884901888
14630915,5273288704,12884901888
14637356,5273288704,12884901888
14643739,5273288704,12884901888
14650038,5273288704,12884901888
14656375,5273288704,12884901888
14662700,5273288704,12884901888
14669055,5273288704,12884901888
14675386,5273288704,12884901888
14681757,5273288704,12884901888
14688105,5273288704,12884901888
14694480,5273288704,12884901888
14700796,5273288704,12884901888
14707131,5273288704,12884901888
14713529,5273288704,12884901888
14719865,5273288704,12884901888
14726213,5273288704,12884901888
14732551,5273288704,12884901888
14738878,5273288704,12884901888
14745226,5273288704,12884901888
14751554,5273288704,12884901888
14757892,5273288704,12884901888
14764237,5273288704,12884901888
14770567,5273288704,12884901888
14776910,5273288704,12884901888
14783264,5273288704,12884901888
14789579,5273288704,12884901888
14795921,5273288704,12884901888
14802262,5273288704,12884901888
14808587,5278531584,12884901888
14814941,5278531584,12884901888
14821295,5278531584,12884901888
14827614,5278531584,12884901888
14833940,5278531584,12884901888
14840264,5278531584,12884901888
14846678,5278531584,12884901888
14853003,5278531584,12884901888
14859308,5278531584,12884901888
14865672,5278531584,12884901888
14871957,5278531584,12884901888
14878299,5278531584,12884901888
14884669,5278531584,12884901888
14890949,5278531584,12884901888
14897293,5278531584,12884901888
14903627,5278531584,12884901888
14909969,5278531584,12884901888
14916324,5278531584,12884901888
14922651,5278531584,12884901888
14928951,5270142976,12884901888
14935264,5270142976,12884901888
14941574,5270142976,12884901888
14947874,5270142976,12884901888
14954174,5270142976,12884901888
14960499,5270142976,12884901888
14966808,5270142976,12884901888
14973176,5270142976,12884901888
14979515,5270142976,12884901888
14985872,5276434432,12884901888
14992168,5276434432,12884901888
14998505,5276434432,12884901888
15004785,5276434432,12884901888
15011123,5276434432,12884901888
15017465,5276434432,12884901888
15023794,5276434432,12884901888
15030131,5276434432,12884901888
15036456,5276434432,12884901888
15042783,5276434432,12884901888
15049123,5274337280,12884901888
15055457,5271191552,12884901888
15061775,5271191552,12884901888
15068136,5271191552,12884901888
15074474,5271191552,12884901888
15080801,5271191552,12884901888
15087114,5271191552,12884901888
15093448,5271191552,12884901888
15099775,5271191552,12884901888
15106114,5276434432,12884901888
15112431,5276434432,12884901888
15118721,5276434432,12884901888
15125069,5276434432,12884901888
15131406,5276434432,12884901888
15137759,5276434432,12884901888
15144099,5276434432,12884901888
15150556,5276434432,12884901888
15156927,5276434432,12884901888
15163232,5276434432,12884901888
15169649,5314183168,12884901888
15175939,5311037440,12884901888
15182300,5311037440,12884901888
15188615,5311037440,12884901888
15194932,5311037440,12884901888
15201272,5311037440,12884901888
15207630,5311037440,12884901888
15213968,5311037440,12884901888
15220309,5311037440,12884901888
15226682,5289017344,12884901888
15233028,5289017344,12884901888
15239333,5289017344,12884901888
15245713,5289017344,12884901888
15252034,5289017344,12884901888
15258401,5289017344,12884901888
15264766,5289017344,12884901888
15271109,5289017344,12884901888
15277475,5289017344,12884901888
15283792,5289017344,12884901888
15290159,5287968768,12884901888
15296501,5287968768,12884901888
15302859,5287968768,12884901888
15309206,5287968768,12884901888
15315550,5287968768,12884901888
15321865,5287968768,12884901888
15328207,5287968768,12884901888
15334509,5287968768,12884901888
15340825,5287968768,12884901888
15347169,5291114496,12884901888
15353496,5291114496,12884901888
15359817,5291114496,12884901888
15366169,5291114496,12884901888
15372504,5291114496,12884901888
15378836,5291114496,12884901888
15385191,5291114496,12884901888
15391554,5291114496,12884901888
15397893,5291114496,12884901888
15404241,5291114496,12884901888
15410551,5282725888,12884901888
15416866,5282725888,12884901888
15423216,5282725888,12884901888
15429533,5282725888,12884901888
15435894,5282725888,12884901888
15442233,5282725888,12884901888
15448641,5282725888,12884901888
15455014,5282725888,12884901888
15461327,5282725888,12884901888
15467638,5274337280,12884901888
15473993,5274337280,12884901888
15480323,5274337280,12884901888
15486694,5274337280,12884901888
15493033,5274337280,12884901888
15499382,5274337280,12884901888
15505736,5274337280,12884901888
15512070,5274337280,12884901888
15518413,5274337280,12884901888
15524759,5274337280,12884901888
15531072,5282725888,12884901888
15537405,5282725888,12884901888
15543723,5282725888,12884901888
15550044,5282725888,12884901888
15556409,5282725888,12884901888
15562823,5282725888,12884901888
15569150,5282725888,12884901888
15575482,5282725888,12884901888
15581797,5282725888,12884901888
15588181,5464129536,12884901888
15594739,5367660544,12884901888
15601099,5367660544,12884901888
15607423,5367660544,12884901888
15613737,5367660544,12884901888
15620063,5367660544,12884901888
15626391,5367660544,12884901888
15632750,5367660544,12884901888
15639068,5367660544,12884901888
15645424,5367660544,12884901888
15651785,5404360704,12884901888
15658189,5388632064,12884901888
15664555,5388632064,12884901888
15670857,5388632064,12884901888
15677171,5388632064,12884901888
15683531,5388632064,12884901888
15689863,5388632064,12884901888
15696208,5388632064,12884901888
15702511,5388632064,12884901888
15708835,5388632064,12884901888
15715148,5373952000,12884901888
15721477,5373952000,12884901888
15727788,5373952000,12884901888
15734115,5373952000,12884901888
15740445,5373952000,12884901888
15746904,5373952000,12884901888
15753215,5373952000,12884901888
15759526,5373952000,12884901888
15765854,5373952000,12884901888
15772158,5375000576,12884901888
15778496,5375000576,12884901888
15784806,5375000576,12884901888
15791092,5375000576,12884901888
15797434,5375000576,12884901888
15803750,5375000576,12884901888
15810079,5375000576,12884901888
15816385,5375000576,12884901888
15822696,5375000576,12884901888
15829040,5375000576,12884901888
15835347,5368709120,12884901888
15841670,5368709120,12884901888
15847977,5368709120,12884901888
15854324,5368709120,12884901888
15860628,5368709120,12884901888
15866938,5368709120,12884901888
15873280,5368709120,12884901888
15879580,5368709120,12884901888
15885904,5368709120,12884901888
15892246,5394923520,12884901888
15898569,5372903424,12884901888
15904874,5372903424,12884901888
15911171,5372903424,12884901888
15917488,5372903424,12884901888
15923838,5372903424,12884901888
15930137,5372903424,12884901888
15936454,5372903424,12884901888
15942748,5372903424,12884901888
15949065,5372903424,12884901888
15955403,5368709120,12884901888
15961795,5368709120,12884901888
15968165,5368709120,12884901888
15974504,5368709120,12884901888
15980862,5368709120,12884901888
15987225,5368709120,12884901888
15993544,5368709120,12884901888
15999865,5368709120,12884901888
16006208,5368709120,12884901888
16012574,5383389184,12884901888
16018920,5367660544,12884901888
16025291,5367660544,12884901888
16031602,5367660544,12884901888
16037933,5367660544,12884901888
16044279,5367660544,12884901888
16050738,5367660544,12884901888
16057103,5367660544,12884901888
16063415,5367660544,12884901888
16069744,5367660544,12884901888
16076116,5360320512,12884901888
16082458,5360320512,12884901888
16088785,5360320512,12884901888
16095171,5360320512,12884901888
16101516,5360320512,12884901888
16107855,5360320512,12884901888
16114236,5360320512,12884901888
16120630,5360320512,12884901888
16126997,5360320512,12884901888
16133327,5349834752,12884901888
16139671,5349834752,12884901888
16146014,5349834752,12884901888
16152380,5349834752,12884901888
16158709,5349834752,12884901888
16165025,5349834752,12884901888
16171332,5349834752,12884901888
16177674,5349834752,12884901888
16183971,5349834752,12884901888
16190294,5349834752,12884901888
16196627,5345640448,12884901888
16202936,5345640448,12884901888
16209297,5345640448,12884901888
16215614,5345640448,12884901888
16221970,5345640448,12884901888
16228294,5345640448,12884901888
16234661,5345640448,12884901888
16240963,5345640448,12884901888
16247296,5345640448,12884901888
16253627,5350883328,12884901888
16259972,5337251840,12884901888
16266291,5337251840,12884901888
16272618,5337251840,12884901888
16278952,5337251840,12884901888
16285252,5337251840,12884901888
16291595,5337251840,12884901888
16297929,5337251840,12884901888
16304290,5337251840,12884901888
16310593,5337251840,12884901888
16316955,5347737600,12884901888
16323289,5347737600,12884901888
16329635,5347737600,12884901888
16335914,5347737600,12884901888
16342263,5347737600,12884901888
16348698,5347737600,12884901888
16355043,5347737600,12884901888
16361355,5347737600,12884901888
16367701,5347737600,12884901888
16374042,5799673856,12884901888
16380604,5705302016,12884901888
16387071,5614075904,12884901888
16393434,5503975424,12884901888
16399776,5503975424,12884901888
16406118,5503975424,12884901888
16412489,5503975424,12884901888
16418826,5503975424,12884901888
16425195,5503975424,12884901888
16431549,5503975424,12884901888
16437895,5502926848,12884901888
16444251,5502926848,12884901888
16450578,5502926848,12884901888
16456895,5502926848,12884901888
16463225,5502926848,12884901888
16469500,5502926848,12884901888
16475811,5502926848,12884901888
16482135,5502926848,12884901888
16488398,5502926848,12884901888
16494699,5502926848,12884901888
16501003,5493489664,12884901888
16507345,5490343936,12884901888
16513666,5490343936,12884901888
16520019,5490343936,12884901888
16526357,5490343936,12884901888
16532655,5490343936,12884901888
16538949,5490343936,12884901888
16545262,5490343936,12884901888
16551596,5490343936,12884901888
16557927,5496635392,12884901888
16564250,5496635392,12884901888
16570575,5496635392,12884901888
16576893,5496635392,12884901888
16583195,5496635392,12884901888
16589535,5496635392,12884901888
16595877,5496635392,12884901888
16602210,5496635392,12884901888
16608542,5496635392,12884901888
16614869,5496635392,12884901888
16621237,5464129536,12884901888
16627553,5462032384,12884901888
16633870,5462032384,12884901888
16640206,5462032384,12884901888
16646637,5462032384,12884901888
16652955,5462032384,12884901888
16659244,5462032384,12884901888
16665585,5462032384,12884901888
16671940,5462032384,12884901888
16678270,5467275264,12884901888
16684598,5467275264,12884901888
16691005,5467275264,12884901888
16697361,5467275264,12884901888
16703707,5467275264,12884901888
16710039,5467275264,12884901888
16716389,5467275264,12884901888
16722699,5467275264,12884901888
16729076,5467275264,12884901888
16735420,5467275264,12884901888
16741847,5575278592,12884901888
16748276,5568987136,12884901888
16754557,5568987136,12884901888
16760905,5568987136,12884901888
16767227,5568987136,12884901888
16773551,5568987136,12884901888
16779902,5568987136,12884901888
16786223,5568987136,12884901888
16792554,5568987136,12884901888
16798886,5730467840,12884901888
16805270,5585764352,12884901888
16811579,5585764352,12884901888
16817871,5585764352,12884901888
16824225,5585764352,12884901888
16830536,5585764352,12884901888
16836814,5585764352,12884901888
16843170,5585764352,12884901888
16849538,5585764352,12884901888
16855868,5585764352,12884901888
16862185,5602541568,12884901888
16868483,5602541568,12884901888
16874821,5602541568,12884901888
16881121,5602541568,12884901888
16887432,5602541568,12884901888
16893758,5602541568,12884901888
16900109,5602541568,12884901888
16906385,5602541568,12884901888
16912697,5602541568,12884901888
16919052,5756682240,12884901888
16925350,5587861504,12884901888
16931661,5587861504,12884901888
16938034,5587861504,12884901888
16944383,5587861504,12884901888
16950846,5587861504,12884901888
16957193,5587861504,12884901888
16963528,5587861504,12884901888
16969871,5587861504,12884901888
16976222,5587861504,12884901888
16982540,5568987136,12884901888
16988859,5568987136,12884901888
16995174,5568987136,12884901888
17001476,5568987136,12884901888
17007761,5568987136,12884901888
17014078,5568987136,12884901888
17020387,5568987136,12884901888
17026846,5568987136,12884901888
17033156,5568987136,12884901888
17039514,5948571648,12884901888
17046009,5576327168,12884901888
17052328,5576327168,12884901888
17058615,5576327168,12884901888
17064950,5576327168,12884901888
17071259,5576327168,12884901888
17077547,5576327168,12884901888
17083864,5576327168,12884901888
17090194,5576327168,12884901888
17096509,5576327168,12884901888
17102808,5575278592,12884901888
17109142,5575278592,12884901888
17115445,5575278592,12884901888
17121742,5575278592,12884901888
17128033,5575278592,12884901888
17134338,5575278592,12884901888
17140658,5575278592,12884901888
17146983,5575278592,12884901888
17153269,5575278592,12884901888
17159525,5575278592,12884901888
17165908,5571084288,12884901888
17172183,5568987136,12884901888
17178438,5568987136,12884901888
17184725,5568987136,12884901888
17191055,5568987136,12884901888
17197350,5568987136,12884901888
17203612,5568987136,12884901888
17209936,5568987136,12884901888
17216246,5568987136,12884901888
17222583,5570035712,12884901888
17228869,5570035712,12884901888
17235183,5570035712,12884901888
17241519,5570035712,12884901888
17247928,5570035712,12884901888
17254224,5570035712,12884901888
17260536,5570035712,12884901888
17266847,5570035712,12884901888
17273168,5570035712,12884901888
17279472,5570035712,12884901888
17285758,5589958656,12884901888
17292064,5589958656,12884901888
17298392,5589958656,12884901888
17304730,5589958656,12884901888
17311049,5589958656,12884901888
17317363,5589958656,12884901888
17323669,5589958656,12884901888
17330031,5589958656,12884901888
17336356,5589958656,12884901888
17342694,5608833024,12884901888
17349029,5589958656,12884901888
17355353,5589958656,12884901888
17361658,5589958656,12884901888
17368011,5589958656,12884901888
17374332,5589958656,12884901888
17380633,5589958656,12884901888
17386983,5589958656,12884901888
17393306,5589958656,12884901888
17399619,5589958656,12884901888
17405968,5603590144,12884901888
17412317,5603590144,12884901888
17418665,5603590144,12884901888
17424998,5603590144,12884901888
17431320,5603590144,12884901888
17437646,5603590144,12884901888
17444003,5603590144,12884901888
17450326,5603590144,12884901888
17456649,5603590144,12884901888
17463011,5734662144,12884901888
17469314,5596250112,12884901888
17475672,5596250112,12884901888
17482032,5596250112,12884901888
17488347,5596250112,12884901888
17494708,5596250112,12884901888
17500976,5596250112,12884901888
17507270,5596250112,12884901888
17513583,5596250112,12884901888
17519926,5596250112,12884901888
17526256,5598347264,12884901888
17532565,5598347264,12884901888
17538960,5598347264,12884901888
17545384,5598347264,12884901888
17551727,5598347264,12884901888
17558076,5598347264,12884901888
17564466,5598347264,12884901888
17570899,5598347264,12884901888
17577205,5598347264,12884901888
17583520,5986320384,12884901888
17590016,5658116096,12884901888
17596365,5658116096,12884901888
17602693,5658116096,12884901888
17609063,5658116096,12884901888
17615389,5658116096,12884901888
17621726,5658116096,12884901888
17628046,5658116096,12884901888
17634396,5658116096,12884901888
17640710,5658116096,12884901888
17647057,5649727488,12884901888
17653371,5649727488,12884901888
17659700,5649727488,12884901888
17666029,5649727488,12884901888
17672351,5649727488,12884901888
17678654,5649727488,12884901888
17685090,5649727488,12884901888
17691451,5649727488,12884901888
17697821,5649727488,12884901888
17704141,5649727488,12884901888
17710594,5737807872,12884901888
17717031,5679087616,12884901888
17723356,5679087616,12884901888
17729700,5679087616,12884901888
17736057,5679087616,12884901888
17742374,5679087616,12884901888
17748730,5679087616,12884901888
17755061,5679087616,12884901888
17761371,5679087616,12884901888
17767666,5682233344,12884901888
17773991,5682233344,12884901888
17780349,5682233344,12884901888
17786675,5682233344,12884901888
17792986,5682233344,12884901888
17799273,5682233344,12884901888
17805557,5682233344,12884901888
17811872,5682233344,12884901888
17818199,5682233344,12884901888
17824524,5682233344,12884901888
17830858,5702156288,12884901888
17837116,5701107712,12884901888
17843437,5701107712,12884901888
17849864,5701107712,12884901888
17856174,5701107712,12884901888
17862466,5701107712,12884901888
17868739,5701107712,12884901888
17875012,5701107712,12884901888
17881326,5701107712,12884901888
17887614,5853151232,12884901888
17893930,5705302016,12884901888
17900282,5705302016,12884901888
17906584,5705302016,12884901888
17912840,5705302016,12884901888
17919197,5705302016,12884901888
17925544,5705302016,12884901888
17931811,5705302016,12884901888
17938112,5705302016,12884901888
17944407,5705302016,12884901888
17950751,5710544896,12884901888
17957077,5710544896,12884901888
17963390,5710544896,12884901888
17969700,5710544896,12884901888
17976014,5710544896,12884901888
17982371,5710544896,12884901888
17988662,5710544896,12884901888
17994967,5710544896,12884901888
18001294,5710544896,12884901888
18007621,5854199808,12884901888
18013896,5695864832,12884901888
18020209,5695864832,12884901888
18026534,5695864832,12884901888
18032845,5695864832,12884901888
18039246,5695864832,12884901888
18045581,5695864832,12884901888
18051883,5695864832,12884901888
18058200,5695864832,12884901888
18064564,5695864832,12884901888
18070880,5695864832,12884901888
18077187,5695864832,12884901888
18083514,5695864832,12884901888
18089868,5695864832,12884901888
18096160,5695864832,12884901888
18102506,5695864832,12884901888
18108856,5695864832,12884901888
18115174,5695864832,12884901888
18121544,5695864832,12884901888
18127872,5832179712,12884901888
18134221,5695864832,12884901888
18140544,5695864832,12884901888
18146964,5695864832,12884901888
18153322,5695864832,12884901888
18159629,5695864832,12884901888
18165934,5695864832,12884901888
18172238,5695864832,12884901888
18178566,5695864832,12884901888
18184867,5695864832,12884901888
18191192,5694816256,12884901888
18197462,5694816256,12884901888
18203775,5694816256,12884901888
18210117,5694816256,12884901888
18216410,5694816256,12884901888
18222682,5694816256,12884901888
18229044,5694816256,12884901888
18235351,5694816256,12884901888
18241668,5694816256,12884901888
18248007,5736759296,12884901888
18254334,5694816256,12884901888
18260691,5694816256,12884901888
18267030,5694816256,12884901888
18273379,5694816256,12884901888
18279725,5694816256,12884901888
18286063,5694816256,12884901888
18292390,5694816256,12884901888
18298725,5694816256,12884901888
18305050,5694816256,12884901888
18311412,5693767680,12884901888
18317749,5693767680,12884901888
18324120,5693767680,12884901888
18330445,5693767680,12884901888
18336758,5693767680,12884901888
18343137,5693767680,12884901888
18349512,5693767680,12884901888
18355844,5693767680,12884901888
18362187,5693767680,12884901888
18368520,5833228288,12884901888
18374973,5676990464,12884901888
18381390,5676990464,12884901888
18387713,5676990464,12884901888
18394021,5676990464,12884901888
18400488,5676990464,12884901888
18406839,5676990464,12884901888
18413143,5676990464,12884901888
18419451,5676990464,12884901888
18425779,5676990464,12884901888
18432087,5664407552,12884901888
18438429,5664407552,12884901888
18444748,5664407552,12884901888
18451060,5664407552,12884901888
18457356,5664407552,12884901888
18463703,5664407552,12884901888
18470020,5664407552,12884901888
18476349,5664407552,12884901888
18482631,5664407552,12884901888
18488953,5772410880,12884901888
18495276,5663358976,12884901888
18501603,5663358976,12884901888
18507894,5663358976,12884901888
18514203,5663358976,12884901888
18520501,5663358976,12884901888
18526815,5663358976,12884901888
18533111,5663358976,12884901888
18539432,5663358976,12884901888
18545711,5663358976,12884901888
18552044,5664407552,12884901888
18558319,5664407552,12884901888
18564636,5664407552,12884901888
18570949,5664407552,12884901888
18577304,5664407552,12884901888
18583621,5664407552,12884901888
18589959,5664407552,12884901888
18596327,5664407552,12884901888
18602683,5664407552,12884901888
18609010,5664407552,12884901888
18615509,5685379072,12884901888
18621802,5681184768,12884901888
18628135,5681184768,12884901888
18634484,5681184768,12884901888
18640805,5681184768,12884901888
18647123,5681184768,12884901888
18653449,5681184768,12884901888
18659796,5681184768,12884901888
18666144,5681184768,12884901888
18672481,5684330496,12884901888
18678824,5684330496,12884901888
18685172,5684330496,12884901888
18691528,5684330496,12884901888
18697874,5684330496,12884901888
18704194,5684330496,12884901888
18710539,5684330496,12884901888
18716854,5684330496,12884901888
18723186,5684330496,12884901888
18729530,5684330496,12884901888
18735860,5695864832,12884901888
18742230,5695864832,12884901888
18748647,5695864832,12884901888
18754980,5695864832,12884901888
18761339,5695864832,12884901888
18767658,5695864832,12884901888
18774001,5695864832,12884901888
18780359,5695864832,12884901888
18786721,5695864832,12884901888
18793062,5682233344,12884901888
18799386,5682233344,12884901888
18805700,5682233344,12884901888
18812023,5682233344,12884901888
18818358,5682233344,12884901888
18824709,5682233344,12884901888
18830978,5682233344,12884901888
18837288,5682233344,12884901888
18843627,5682233344,12884901888
18849974,5682233344,12884901888
18856315,5684330496,12884901888
18862623,5684330496,12884901888
18868954,5684330496,12884901888
18875254,5684330496,12884901888
18881621,5684330496,12884901888
18887946,5684330496,12884901888
18894293,5684330496,12884901888
18900623,5684330496,12884901888
18906996,5684330496,12884901888
18913319,5684330496,12884901888
18919601,5684330496,12884901888
18925921,5684330496,12884901888
18932252,5684330496,12884901888
18938596,5684330496,12884901888
18944931,5684330496,12884901888
18951246,5684330496,12884901888
18957587,5684330496,12884901888
18963966,5684330496,12884901888
18970285,5684330496,12884901888
18976622,5701107712,12884901888
18982972,5701107712,12884901888
18989337,5701107712,12884901888
18995687,5701107712,12884901888
19001995,5701107712,12884901888
19008325,5701107712,12884901888
19014676,5701107712,12884901888
19021006,5701107712,12884901888
19027373,5701107712,12884901888
19033699,5688524800,12884901888
19040057,5688524800,12884901888
19046399,5688524800,12884901888
19052707,5688524800,12884901888
19059056,5688524800,12884901888
19065356,5688524800,12884901888
19071706,5688524800,12884901888
19078039,5688524800,12884901888
19084385,5688524800,12884901888
19090688,5688524800,12884901888
19096986,5693767680,12884901888
19103328,5693767680,12884901888
19109638,5693767680,12884901888
19115954,5693767680,12884901888
19122276,5693767680,12884901888
19128603,5693767680,12884901888
19134969,5693767680,12884901888
19141304,5693767680,12884901888
19147638,5693767680,12884901888
19153977,5853151232,12884901888
19160280,5705302016,12884901888
19166617,5705302016,12884901888
19172904,5705302016,12884901888
19179268,5705302016,12884901888
19185618,5705302016,12884901888
19191923,5705302016,12884901888
19198248,5705302016,12884901888
19204575,5705302016,12884901888
19210905,5705302016,12884901888
19217235,5709496320,12884901888
19223591,5709496320,12884901888
19229896,5709496320,12884901888
19236251,5709496320,12884901888
19242565,5709496320,12884901888
19249014,5709496320,12884901888
19255337,5709496320,12884901888
19261645,5709496320,12884901888
19267963,5709496320,12884901888
19274297,6082789376,12884901888
19280785,5729419264,12884901888
19287113,5729419264,12884901888
19293456,5729419264,12884901888
19299746,5729419264,12884901888
19306058,5729419264,12884901888
19312419,5729419264,12884901888
19318770,5729419264,12884901888
19325110,5729419264,12884901888
19331434,5729419264,12884901888
19337779,5733613568,12884901888
19344132,5733613568,12884901888
19350503,5733613568,12884901888
19356808,5733613568,12884901888
19363084,5733613568,12884901888
19369381,5733613568,12884901888
19375664,5733613568,12884901888
19381976,5733613568,12884901888
19388289,5733613568,12884901888
19394609,5733613568,12884901888
19400914,5749342208,12884901888
19407199,5747245056,12884901888
19413504,5747245056,12884901888
19419851,5747245056,12884901888
19426201,5747245056,12884901888
19432450,5747245056,12884901888
19438787,5747245056,12884901888
19445060,5747245056,12884901888
19451417,5747245056,12884901888
19457717,5729419264,12884901888
19464045,5729419264,12884901888
19470392,5729419264,12884901888
19476707,5729419264,12884901888
19483061,5729419264,12884901888
19489595,5729419264,12884901888
19495977,5729419264,12884901888
19502283,5729419264,12884901888
19508602,5729419264,12884901888
19514916,5729419264,12884901888
19521245,5726273536,12884901888
19527600,5723127808,12884901888
19533931,5723127808,12884901888
19540237,5723127808,12884901888
19546567,5723127808,12884901888
19552887,5723127808,12884901888
19559246,5723127808,12884901888
19565579,5723127808,12884901888
19571880,5723127808,12884901888
19578207,5723127808,12884901888
19584540,5723127808,12884901888
19591013,5723127808,12884901888
19597304,5723127808,12884901888
19603662,5723127808,12884901888
19609942,5723127808,12884901888
19616248,5723127808,12884901888
19622572,5723127808,12884901888
19628891,5723127808,12884901888
19635191,5723127808,12884901888
19641633,5746196480,12884901888
19648041,5743050752,12884901888
19654357,5743050752,12884901888
19660647,5743050752,12884901888
19666957,5743050752,12884901888
19673292,5743050752,12884901888
19679556,5743050752,12884901888
19685907,5743050752,12884901888
19692240,5743050752,12884901888
19698575,5903482880,12884901888
19704943,5758779392,12884901888
19711274,5758779392,12884901888
19717588,5758779392,12884901888
19723869,5758779392,12884901888
19730149,5758779392,12884901888
19736401,5758779392,12884901888
19742749,5758779392,12884901888
19749069,5758779392,12884901888
19755338,5758779392,12884901888
19761667,5750390784,12884901888
19768011,5750390784,12884901888
19774383,5750390784,12884901888
19780707,5750390784,12884901888
19787019,5750390784,12884901888
19793352,5750390784,12884901888
19799652,5750390784,12884901888
19805978,5750390784,12884901888
19812320,5750390784,12884901888
19818638,5876219904,12884901888
19825011,5744099328,12884901888
19831360,5744099328,12884901888
19837798,5744099328,12884901888
19844108,5744099328,12884901888
19850473,5744099328,12884901888
19856795,5744099328,12884901888
19863131,5744099328,12884901888
19869438,5744099328,12884901888
19875797,5744099328,12884901888
19882164,5804916736,12884901888
19888636,5735710720,12884901888
19894981,5735710720,12884901888
19901301,5735710720,12884901888
19907635,5735710720,12884901888
19913948,5735710720,12884901888
19920252,5735710720,12884901888
19926539,5735710720,12884901888
19932864,5735710720,12884901888
19939157,5735710720,12884901888
19945472,5715787776,12884901888
19951777,5714739200,12884901888
19958125,5714739200,12884901888
19964455,5714739200,12884901888
19970773,5714739200,12884901888
19977055,5714739200,12884901888
19983375,5714739200,12884901888
19989863,5714739200,12884901888
19996272,5714739200,12884901888
20002577,5705302016,12884901888
20008866,5705302016,12884901888
20015167,5705302016,12884901888
20021431,5705302016,12884901888
20027763,5705302016,12884901888
20034044,5705302016,12884901888
20040378,5705302016,12884901888
20046669,5705302016,12884901888
20052971,5705302016,12884901888
20059268,5705302016,12884901888
20065550,5705302016,12884901888
20071826,5705302016,12884901888
20078138,5705302016,12884901888
20084457,5705302016,12884901888
20090763,5705302016,12884901888
20097084,5705302016,12884901888
20103379,5705302016,12884901888
20109729,5705302016,12884901888
20116050,5705302016,12884901888
20122371,5705302016,12884901888
20128662,5704253440,12884901888
20134975,5704253440,12884901888
20141301,5704253440,12884901888
20147586,5704253440,12884901888
20153912,5704253440,12884901888
20160229,5704253440,12884901888
20166510,5704253440,12884901888
20172827,5704253440,12884901888
20179157,5704253440,12884901888
20185454,5694816256,12884901888
20191772,5694816256,12884901888
20198079,5694816256,12884901888
20204378,5694816256,12884901888
20210691,5694816256,12884901888
20217039,5694816256,12884901888
20223403,5694816256,12884901888
20229710,5694816256,12884901888
20236000,5694816256,12884901888
20242291,5843714048,12884901888
20248668,5705302016,12884901888
20254989,5705302016,12884901888
20261320,5705302016,12884901888
20267636,5705302016,12884901888
20273914,5705302016,12884901888
20280223,5705302016,12884901888
20286598,5705302016,12884901888
20293120,5705302016,12884901888
20299447,5705302016,12884901888
20305794,5706350592,12884901888
20312133,5706350592,12884901888
20318480,5706350592,12884901888
20324819,5706350592,12884901888
20331139,5706350592,12884901888
20337461,5706350592,12884901888
20343798,5706350592,12884901888
20350150,5706350592,12884901888
20356452,5706350592,12884901888
20362796,5843714048,12884901888
20369116,5702156288,12884901888
20375422,5702156288,12884901888
20381722,5702156288,12884901888
20388078,5702156288,12884901888
20394452,5702156288,12884901888
20400820,5702156288,12884901888
20407130,5702156288,12884901888
20413462,5702156288,12884901888
20419792,5702156288,12884901888
20426110,5702156288,12884901888
20432452,5702156288,12884901888
20438765,5702156288,12884901888
20445095,5702156288,12884901888
20451477,5702156288,12884901888
20457795,5702156288,12884901888
20464118,5702156288,12884901888
20470459,5702156288,12884901888
20476819,5702156288,12884901888
20483146,5840568320,12884901888
20489466,5694816256,12884901888
20495781,5694816256,12884901888
20502085,5694816256,12884901888
20508419,5694816256,12884901888
20514779,5694816256,12884901888
20521076,5694816256,12884901888
20527406,5694816256,12884901888
20533785,5694816256,12884901888
20540076,5694816256,12884901888
20546376,5694816256,12884901888
20552703,5694816256,12884901888
20559049,5694816256,12884901888
20565376,5694816256,12884901888
20571703,5694816256,12884901888
20578005,5694816256,12884901888
20584312,5694816256,12884901888
20590667,5694816256,12884901888
20596984,5694816256,12884901888
20603309,5826936832,12884901888
20609644,5689573376,12884901888
20615982,5689573376,12884901888
20622278,5689573376,12884901888
20628668,5689573376,12884901888
20634988,5689573376,12884901888
20641350,5689573376,12884901888
20647690,5689573376,12884901888
20653998,5689573376,12884901888
20660320,5689573376,12884901888
20666674,5684330496,12884901888
20673036,5684330496,12884901888
20679363,5684330496,12884901888
20685615,5684330496,12884901888
20691996,5684330496,12884901888
20698259,5684330496,12884901888
20704558,5684330496,12884901888
20710882,5684330496,12884901888
20717178,5684330496,12884901888
20723479,5684330496,12884901888
20729800,5689573376,12884901888
20736112,5689573376,12884901888
20742383,5689573376,12884901888
20748728,5689573376,12884901888
20755050,5689573376,12884901888
20761374,5689573376,12884901888
20767668,5689573376,12884901888
20773961,5689573376,12884901888
20780293,5689573376,12884901888
20786619,5685379072,12884901888
20792941,5685379072,12884901888
20799205,5685379072,12884901888
20805574,5685379072,12884901888
20811914,5685379072,12884901888
20818191,5685379072,12884901888
20824541,5685379072,12884901888
20830889,5685379072,12884901888
20837217,5685379072,12884901888
20843548,5685379072,12884901888
20849988,5693767680,12884901888
20856299,5692719104,12884901888
20862648,5692719104,12884901888
20868969,5692719104,12884901888
20875344,5692719104,12884901888
20881680,5692719104,12884901888
20888028,5692719104,12884901888
20894336,5692719104,12884901888
20900654,5692719104,12884901888
20906979,5692719104,12884901888
20913393,5692719104,12884901888
20919683,5692719104,12884901888
20926032,5692719104,12884901888
20932497,5692719104,12884901888
20938961,5692719104,12884901888
20945286,5692719104,12884901888
20951594,5692719104,12884901888
20957918,5692719104,12884901888
20964296,5692719104,12884901888
20970675,5805965312,12884901888
20977013,5801771008,12884901888
20983318,5801771008,12884901888
20989633,5801771008,12884901888
20995951,5801771008,12884901888
21002315,5801771008,12884901888
21008648,5801771008,12884901888
21014950,5801771008,12884901888
21021284,5801771008,12884901888
21027616,5784993792,12884901888
21033939,5784993792,12884901888
21040284,5784993792,12884901888
21046640,5784993792,12884901888
21053007,5784993792,12884901888
21059307,5784993792,12884901888
21065672,5784993792,12884901888
21072021,5784993792,12884901888
21078347,5784993792,12884901888
21084662,5784993792,12884901888
21091064,5843714048,12884901888
21097381,5782896640,12884901888
21103700,5782896640,12884901888
21110012,5782896640,12884901888
21116350,5782896640,12884901888
21122636,5782896640,12884901888
21128966,5782896640,12884901888
21135297,5782896640,12884901888
21141689,5782896640,12884901888
21148117,5782896640,12884901888
21154447,5780799488,12884901888
21160722,5780799488,12884901888
21167117,5780799488,12884901888
21173434,5780799488,12884901888
21179726,5780799488,12884901888
21186051,5780799488,12884901888
21192354,5780799488,12884901888
21198651,5780799488,12884901888
21204969,5780799488,12884901888
21211311,5779750912,12884901888
21217646,5779750912,12884901888
21223999,5779750912,12884901888
21230337,5779750912,12884901888
21236709,5779750912,12884901888
21243044,5779750912,12884901888
21249367,5779750912,12884901888
21255683,5779750912,12884901888
21262016,5779750912,12884901888
21268299,5779750912,12884901888
21274618,5789188096,12884901888
21280938,5787090944,12884901888
21287263,5787090944,12884901888
21293552,5787090944,12884901888
21299881,5787090944,12884901888
21306190,5787090944,12884901888
21312496,5787090944,12884901888
21318844,5787090944,12884901888
21325197,5787090944,12884901888
21331455,5798625280,12884901888
21337740,5798625280,12884901888
21344065,5798625280,12884901888
21350404,5798625280,12884901888
21356720,5798625280,12884901888
21363044,5798625280,12884901888
21369371,5798625280,12884901888
21375677,5798625280,12884901888
21382008,5798625280,12884901888
21388306,5798625280,12884901888
21394634,5811208192,12884901888
21400968,5809111040,12884901888
21407335,5809111040,12884901888
21413654,5809111040,12884901888
21420122,5809111040,12884901888
21426442,5809111040,12884901888
21432791,5809111040,12884901888
21439101,5809111040,12884901888
21445369,5809111040,12884901888
21451753,5883559936,12884901888
21458184,5802819584,12884901888
21464479,5802819584,12884901888
21470778,5802819584,12884901888
21477153,5802819584,12884901888
21483457,5802819584,12884901888
21489774,5802819584,12884901888
21496090,5802819584,12884901888
21502425,5802819584,12884901888
21508724,5802819584,12884901888
21515040,5816451072,12884901888
21521371,5816451072,12884901888
21527744,5815402496,12884901888
21534081,5815402496,12884901888
21540418,5815402496,12884901888
21546719,5815402496,12884901888
21553017,5815402496,12884901888
21559325,5815402496,12884901888
21565643,5815402496,12884901888
21571946,5974786048,12884901888
21578219,5830082560,12884901888
21584535,5830082560,12884901888
21590827,5830082560,12884901888
21597170,5830082560,12884901888
21603470,5830082560,12884901888
21609767,5830082560,12884901888
21616083,5830082560,12884901888
21622392,5830082560,12884901888
21628710,5830082560,12884901888
21635044,5843714048,12884901888
21641336,5843714048,12884901888
21647614,5843714048,12884901888
21653947,5843714048,12884901888
21660246,5843714048,12884901888
21666552,5843714048,12884901888
21672891,5843714048,12884901888
21679243,5843714048,12884901888
21685551,5843714048,12884901888
21691845,5962203136,12884901888
21698154,5846859776,12884901888
21704505,5846859776,12884901888
21710801,5846859776,12884901888
21717139,5846859776,12884901888
21723492,5846859776,12884901888
21729814,5846859776,12884901888
21736154,5846859776,12884901888
21742472,5846859776,12884901888
21748901,5846859776,12884901888
21755243,5850005504,12884901888
21761611,5850005504,12884901888
21767918,5850005504,12884901888
21774292,5850005504,12884901888
21780634,5850005504,12884901888
21786976,5850005504,12884901888
21793280,5850005504,12884901888
21799560,5850005504,12884901888
21805920,5850005504,12884901888
21812209,5974786048,12884901888
21818566,5845811200,12884901888
21824901,5845811200,12884901888
21831242,5845811200,12884901888
21837550,5845811200,12884901888
21843857,5845811200,12884901888
21850237,5845811200,12884901888
21856652,5845811200,12884901888
21863100,5845811200,12884901888
21869457,5845811200,12884901888
21875767,5850005504,12884901888
21882170,5850005504,12884901888
21888478,5850005504,12884901888
21894773,5850005504,12884901888
21901102,5850005504,12884901888
21907437,5850005504,12884901888
21913779,5850005504,12884901888
21920099,5850005504,12884901888
21926414,5850005504,12884901888
21932750,5999951872,12884901888
21939101,5854199808,12884901888
21945404,5854199808,12884901888
21951731,5854199808,12884901888
21958066,5854199808,12884901888
21964388,5854199808,12884901888
21970714,5854199808,12884901888
21977050,5854199808,12884901888
21983401,5854199808,12884901888
21989699,5854199808,12884901888
21996011,5844762624,12884901888
22002366,5845811200,12884901888
22008691,5844762624,12884901888
22015044,5844762624,12884901888
22021389,5844762624,12884901888
22027706,5844762624,12884901888
22034014,5844762624,12884901888
22040307,5844762624,12884901888
22046699,5844762624,12884901888
22053024,5844762624,12884901888
22059400,5832179712,12884901888
22065724,5832179712,12884901888
22072065,5832179712,12884901888
22078393,5832179712,12884901888
22084710,5832179712,12884901888
22091028,5832179712,12884901888
22097381,5832179712,12884901888
22103674,5832179712,12884901888
22110017,5832179712,12884901888
22116362,5995757568,12884901888
22122849,5887754240,12884901888
22129169,5879365632,12884901888
22135524,5879365632,12884901888
22141874,5879365632,12884901888
22148220,5879365632,12884901888
22154536,5879365632,12884901888
22160861,5879365632,12884901888
22167225,5879365632,12884901888
22173561,5879365632,12884901888
22179889,5887754240,12884901888
22186209,5887754240,12884901888
22192514,5887754240,12884901888
22198850,5887754240,12884901888
22205173,5887754240,12884901888
22211524,5887754240,12884901888
22217878,5887754240,12884901888
22224210,5887754240,12884901888
22230491,5887754240,12884901888
22236813,5892997120,12884901888
22243146,5892997120,12884901888
22249505,5892997120,12884901888
22255855,5892997120,12884901888
22262193,5892997120,12884901888
22268489,5892997120,12884901888
22274825,5892997120,12884901888
22281145,5892997120,12884901888
22287474,5892997120,12884901888
22293776,5892997120,12884901888
22300130,5900337152,12884901888
22306480,5900337152,12884901888
22312789,5900337152,12884901888
22319130,5900337152,12884901888
22325432,5900337152,12884901888
22331783,5900337152,12884901888
22338135,5900337152,12884901888
22344388,5900337152,12884901888
22350744,5900337152,12884901888
22357098,5892997120,12884901888
22363412,5892997120,12884901888
22369730,5892997120,12884901888
22376063,5892997120,12884901888
22382443,5892997120,12884901888
22388782,5892997120,12884901888
22395090,5892997120,12884901888
22401410,5892997120,12884901888
22407694,5892997120,12884901888
22414021,5892997120,12884901888
22420354,5901385728,12884901888
22426661,5901385728,12884901888
22432980,5901385728,12884901888
22439329,5901385728,12884901888
22445612,5901385728,12884901888
22451954,5901385728,12884901888
22458246,5901385728,12884901888
22464592,5901385728,12884901888
22470938,5901385728,12884901888
22477244,6036652032,12884901888
22483532,5891948544,12884901888
22489864,5891948544,12884901888
22496182,5891948544,12884901888
22502531,5891948544,12884901888
22508846,5891948544,12884901888
22515162,5891948544,12884901888
22521481,5891948544,12884901888
22527847,5891948544,12884901888
22534161,5891948544,12884901888
22540485,5896142848,12884901888
22546835,5895094272,12884901888
22553103,5895094272,12884901888
22559417,5895094272,12884901888
22565733,5895094272,12884901888
22572015,5895094272,12884901888
22578336,5895094272,12884901888
22584660,5895094272,12884901888
22590955,5895094272,12884901888
22597274,6040846336,12884901888
22603542,5900337152,12884901888
22609858,5900337152,12884901888
22616160,5900337152,12884901888
22622497,5900337152,12884901888
22628838,5900337152,12884901888
22635154,5900337152,12884901888
22641469,5900337152,12884901888
22647901,5900337152,12884901888
22654272,5900337152,12884901888
22660638,5888802816,12884901888
22666969,5888802816,12884901888
22673269,5888802816,12884901888
22679619,5888802816,12884901888
22685954,5888802816,12884901888
22692219,5888802816,12884901888
22698528,5888802816,12884901888
22704844,5888802816,12884901888
22711161,5888802816,12884901888
22717493,6034554880,12884901888
22723823,5889851392,12884901888
22730173,5889851392,12884901888
22736532,5889851392,12884901888
22742845,5889851392,12884901888
22749193,5889851392,12884901888
22755523,5889851392,12884901888
22761842,5889851392,12884901888
22768162,5889851392,12884901888
22774457,5889851392,12884901888
22780781,5884608512,12884901888
22787125,5883559936,12884901888
22793468,5883559936,12884901888
22799814,5883559936,12884901888
22806155,5883559936,12884901888
22812510,5883559936,12884901888
22818902,5883559936,12884901888
22825220,5883559936,12884901888
22831565,5883559936,12884901888
22837878,6020923392,12884901888
22844222,5883559936,12884901888
22850560,5883559936,12884901888
22856898,5883559936,12884901888
22863217,5883559936,12884901888
22869566,5883559936,12884901888
22875856,5883559936,12884901888
22882169,5883559936,12884901888
22888452,5883559936,12884901888
22894750,5883559936,12884901888
22901045,5878317056,12884901888
22907347,5877268480,12884901888
22913678,5877268480,12884901888
22920008,5877268480,12884901888
22926389,5877268480,12884901888
22932707,5877268480,12884901888
22939050,5877268480,12884901888
22945419,5877268480,12884901888
22951747,5877268480,12884901888
22958101,5877268480,12884901888
22964419,5878317056,12884901888
22970790,5877268480,12884901888
22977076,5877268480,12884901888
22983401,5877268480,12884901888
22989674,5877268480,12884901888
22996014,5877268480,12884901888
23002309,5877268480,12884901888
23008614,5877268480,12884901888
23014909,5877268480,12884901888
23021214,5892997120,12884901888
23027482,5892997120,12884901888
23033780,5892997120,12884901888
23040048,5892997120,12884901888
23046313,5892997120,12884901888
23052652,5892997120,12884901888
23058946,5892997120,12884901888
23065248,5892997120,12884901888
23071538,5892997120,12884901888
23077864,5892997120,12884901888
23084180,5890899968,12884901888
23090524,5888802816,12884901888
23096866,5888802816,12884901888
23103153,5888802816,12884901888
23109454,5888802816,12884901888
23115729,5888802816,12884901888
23122052,5888802816,12884901888
23128362,5888802816,12884901888
23134690,5888802816,12884901888
23141008,5883559936,12884901888
23147312,5883559936,12884901888
23153628,5883559936,12884901888
23159929,5883559936,12884901888
23166225,5883559936,12884901888
23172532,5883559936,12884901888
23178845,5883559936,12884901888
23185102,5883559936,12884901888
23191404,5883559936,12884901888
23197766,5883559936,12884901888
23204111,5885657088,12884901888
23210418,5884608512,12884901888
23216692,5884608512,12884901888
23223010,5884608512,12884901888
23229316,5884608512,12884901888
23235656,5884608512,12884901888
23241959,5884608512,12884901888
23248282,5884608512,12884901888
23254592,5884608512,12884901888
23260880,5879365632,12884901888
23267189,5879365632,12884901888
23273506,5879365632,12884901888
23279885,5879365632,12884901888
23286202,5879365632,12884901888
23292482,5879365632,12884901888
23298769,5879365632,12884901888
23305094,5879365632,12884901888
23311394,5879365632,12884901888
23317690,5879365632,12884901888
23324010,5873074176,12884901888
23330300,5873074176,12884901888
23336648,5873074176,12884901888
23342958,5873074176,12884901888
23349265,5873074176,12884901888
23355571,5873074176,12884901888
23361909,5873074176,12884901888
23368228,5873074176,12884901888
23374510,5873074176,12884901888
23380851,6012534784,12884901888
23387205,5867831296,12884901888
23393479,5867831296,12884901888
23399848,5867831296,12884901888
23406156,5867831296,12884901888
23412498,5867831296,12884901888
23418789,5867831296,12884901888
23425121,5867831296,12884901888
23431439,5867831296,12884901888
23437764,5867831296,12884901888
23444152,5876219904,12884901888
23450445,5876219904,12884901888
23456763,5876219904,12884901888
23463082,5876219904,12884901888
23469395,5876219904,12884901888
23475730,5876219904,12884901888
23482037,5876219904,12884901888
23488347,5876219904,12884901888
23494679,5876219904,12884901888
23501021,6011486208,12884901888
23507338,5877268480,12884901888
23513678,5877268480,12884901888
23519982,5877268480,12884901888
23526324,5877268480,12884901888
23532615,5877268480,12884901888
23538958,5877268480,12884901888
23545154,5877268480,12884901888
23551381,5877268480,12884901888
23557580,5877268480,12884901888
23563760,5877268480,12884901888
23570022,5877268480,12884901888
23576224,5877268480,12884901888
23582375,5877268480,12884901888
23588629,5877268480,12884901888
23594816,5877268480,12884901888
23600951,5877268480,12884901888
23607091,5877268480,12884901888
23613273,5877268480,12884901888
23619433,5877268480,12884901888
23625572,5875171328,12884901888
23631727,5875171328,12884901888
23637888,5875171328,12884901888
23644057,5875171328,12884901888
23650223,5875171328,12884901888
23656370,5875171328,12884901888
23662569,5875171328,12884901888
23668717,5875171328,12884901888
23674873,5875171328,12884901888
23681045,5999951872,12884901888
23687215,5870977024,12884901888
23693369,5870977024,12884901888
23699553,5870977024,12884901888
23705690,5870977024,12884901888
23711869,5870977024,12884901888
23718022,5870977024,12884901888
23724167,5870977024,12884901888
23730319,5870977024,12884901888
23736463,5870977024,12884901888
23742628,5866782720,12884901888
23748773,5866782720,12884901888
23754915,5866782720,12884901888
23761065,5866782720,12884901888
23767236,5866782720,12884901888
23773438,5866782720,12884901888
23779590,5866782720,12884901888
23785751,5866782720,12884901888
23791931,5866782720,12884901888
23798073,5866782720,12884901888
23804251,5864685568,12884901888
23810418,5864685568,12884901888
23816587,5864685568,12884901888
23822741,5864685568,12884901888
23828889,5864685568,12884901888
23835067,5864685568,12884901888
23841223,5864685568,12884901888
23847479,5864685568,12884901888
23853621,5864685568,12884901888
23859779,5864685568,12884901888
23865956,5874122752,12884901888
23872118,5874122752,12884901888
23878273,5874122752,12884901888
23884422,5874122752,12884901888
23890576,5874122752,12884901888
23896817,5874122752,12884901888
23903128,5874122752,12884901888
23909444,5874122752,12884901888
23915750,5874122752,12884901888
23922119,6013583360,12884901888
23928496,5874122752,12884901888
23934810,5874122752,12884901888
23941139,5874122752,12884901888
23947502,5874122752,12884901888
23953889,5874122752,12884901888
23960246,5874122752,12884901888
23966524,5874122752,12884901888
23972862,5874122752,12884901888
23979210,5874122752,12884901888
23985600,5878317056,12884901888
23991902,5878317056,12884901888
23998199,5878317056,12884901888
24004529,5878317056,12884901888
24010845,5878317056,12884901888
24017157,5878317056,12884901888
24023485,5878317056,12884901888
24029777,5878317056,12884901888
24036088,5878317056,12884901888
24042410,5997854720,12884901888
24048725,5876219904,12884901888
24055027,5876219904,12884901888
24061345,5876219904,12884901888
24067679,5876219904,12884901888
24073972,5876219904,12884901888
24080286,5876219904,12884901888
24086633,5876219904,12884901888
24092945,5876219904,12884901888
24099247,5876219904,12884901888
24105572,5885657088,12884901888
24111891,5885657088,12884901888
24118229,5885657088,12884901888
24124543,5885657088,12884901888
24130855,5885657088,12884901888
24137177,5885657088,12884901888
24143497,5885657088,12884901888
24149928,5885657088,12884901888
24156258,5885657088,12884901888
24162595,5885657088,12884901888
24168977,5885657088,12884901888
24175337,5885657088,12884901888
24181677,5885657088,12884901888
24188017,5885657088,12884901888
24194361,5885657088,12884901888
24200701,5885657088,12884901888
24207067,5885657088,12884901888
24213376,5885657088,12884901888
24219717,5885657088,12884901888
24226059,5876219904,12884901888
24232409,5876219904,12884901888
24238735,5876219904,12884901888
24245045,5876219904,12884901888
24251358,5876219904,12884901888
24257658,5876219904,12884901888
24263994,5876219904,12884901888
24270307,5876219904,12884901888
24276635,5876219904,12884901888
24282911,5876219904,12884901888
24289235,5882511360,12884901888
24295534,5879365632,12884901888
24301975,5879365632,12884901888
24308449,5879365632,12884901888
24314773,5879365632,12884901888
24321075,5879365632,12884901888
24327441,5879365632,12884901888
24333786,5879365632,12884901888
24340012,5879365632,12884901888
24346170,5878317056,12884901888
24352358,5878317056,12884901888
24358503,5878317056,12884901888
24364693,5878317056,12884901888
24370832,5878317056,12884901888
24376968,5878317056,12884901888
24383124,5878317056,12884901888
24389265,5878317056,12884901888
24395442,5878317056,12884901888
24401684,5878317056,12884901888
24407891,5879365632,12884901888
24414040,5879365632,12884901888
24420327,5879365632,12884901888
24426457,5879365632,12884901888
24432702,5879365632,12884901888
24438882,5879365632,12884901888
24445041,5879365632,12884901888
24451236,5879365632,12884901888
24457398,5879365632,12884901888
24463603,5879365632,12884901888
24469797,5876219904,12884901888
24475944,5874122752,12884901888
24482107,5874122752,12884901888
24488288,5874122752,12884901888
24494477,5874122752,12884901888
24500603,5874122752,12884901888
24506755,5874122752,12884901888
24512928,5874122752,12884901888
24519095,5874122752,12884901888
24525232,6010437632,12884901888
24531408,5869928448,12884901888
24537607,5869928448,12884901888
24543945,5869928448,12884901888
24550474,5869928448,12884901888
24557704,5869928448,12884901888
24564181,5869928448,12884901888
24570886,5869928448,12884901888
24578353,5869928448,12884901888
24585015,6009389056,12884901888
24591709,5864685568,12884901888
24598036,5864685568,12884901888
24604548,5864685568,12884901888
24612190,5864685568,12884901888
24619789,5864685568,12884901888
24626944,5864685568,12884901888
24633988,5864685568,12884901888
24641235,5864685568,12884901888
24648391,6026166272,12884901888
24656388,5917114368,12884901888
24665025,5917114368,12884901888
24671438,5917114368,12884901888
24677843,5917114368,12884901888
24685507,5917114368,12884901888
24692657,5917114368,12884901888
24699205,5917114368,12884901888
24705812,5917114368,12884901888
24712312,6003097600,12884901888
24721383,5970591744,12884901888
24730516,5970591744,12884901888
24738618,5970591744,12884901888
24747603,5970591744,12884901888
24756005,5970591744,12884901888
24763892,5970591744,12884901888
24771454,5978980352,12884901888
24780811,5978980352,12884901888
24787970,5978980352,12884901888
24794720,5978980352,12884901888
24801323,5978980352,12884901888
24809142,5978980352,12884901888
24816785,5978980352,12884901888
24824171,5978980352,12884901888
24831087,6028263424,12884901888
24837781,5990514688,12884901888
24844361,5990514688,12884901888
24852284,5990514688,12884901888
24859658,5990514688,12884901888
24867152,5990514688,12884901888
24875777,5990514688,12884901888
24882663,5990514688,12884901888
24889127,5990514688,12884901888
24895597,5994708992,12884901888
24902465,5992611840,12884901888
24909431,5992611840,12884901888
24916582,5992611840,12884901888
24922991,5992611840,12884901888
24929613,5992611840,12884901888
24936297,5992611840,12884901888
24942554,5992611840,12884901888
24951004,6142558208,12884901888
24958558,5995757568,12884901888
24965736,5995757568,12884901888
24973061,5995757568,12884901888
24981144,5995757568,12884901888
24987343,5995757568,12884901888
24995055,5995757568,12884901888
25002460,5995757568,12884901888
