timestamp_ms,disk_usage
0,247894016
5869,252198912
11469,263864320
17123,272777216
22788,285892608
34049,326836224
39780,402477056
45453,572760064
51146,749273088
56762,899223552
62411,1007300608
68092,1308549120
73732,1498714112
79402,1857130496
85014,2106179584
90675,2544574464
96355,2816126976
102059,2716639232
107725,3077238784
113390,3520380928
119079,3979014144
124714,4441083904
130342,4666437632
135975,4836245504
141669,5421023232
147398,5359472640
152972,5699510272
158607,5800591360
164287,6285021184
170023,6902964224
175712,7378444288
181409,8077561856
187088,6927024128
192760,7575601152
198462,8136962048
204227,8836415488
209929,9040936960
215597,8430198784
221266,9018912768
226785,9649827840
232302,9911431168
237848,10823892992
243404,10122850304
248909,10851008512
254426,10883477504
259930,10798534656
265445,11745009664
270981,12410036224
276534,12230627328
282044,12640296960
287603,13026082816
293128,12743839744
298647,13739982848
304186,14453108736
309703,13724635136
315227,14084214784
320766,14928220160
326311,14798553088
331845,15680131072
337399,16239538176
342929,16827232256
348472,16341905408
354004,17145069568
359554,17873891328
365102,18830585856
370651,17514254336
376173,18097950720
381746,18693386240
387279,19152842752
392809,18728857600
398346,19228250112
403889,20385902592
409416,20938928128
414980,21122883584
420561,20835962880
426113,21232103424
431630,22401720320
437189,23233433600
442751,23109079040
448306,22533754880
453846,22944231424
459390,23503933440
464922,24226525184
470485,24301162496
476026,24656265216
481571,24985505792
487151,25616297984
492714,25790955520
498217,26507264000
503778,26760060928
509285,26472783872
514810,27325681664
520356,27801280512
525890,28408586240
531598,29102960640
537257,29433679872
542968,29790740480
548643,30144679936
554447,29908848640
560138,30687367168
565826,31157784576
571554,31404060672
577260,31314657280
582944,32175783936
588637,32325279744
594353,32585588736
600060,33481318400
605747,33847209984
611493,34459381760
617215,34367627264
622912,34467045376
628655,35148455936
634344,36360933376
640051,35726393344
645736,36275380224
651453,36441276416
657125,36620603392
662792,37561397248
668465,37310689280
674198,37985075200
679962,37532282880
685702,37874438144
691420,38661730304
697100,39496110080
702742,38996951040
708400,39396626432
714100,39562399744
719836,40154095616
725521,41304432640
731210,41657176064
736883,40978124800
742575,41021722624
748259,41349578752
753972,42034020352
759693,42145239040
765386,42032222208
771082,42310340608
776795,42720284672
782526,42961002496
788255,43489144832
793975,43816316928
799694,43976065024
805381,44641722368
811101,44937822208
816820,45574455296
822500,45639176192
828161,45640904704
833890,46490144768
839638,47232593920
845339,47401066496
851043,47754084352
856767,48720019456
862498,49257074688
868207,49163542528
873959,48956190720
879669,49916981248
885342,49768591360
896740,50281553920
902456,51299504128
908160,51055038464
913816,51466022912
919525,51611381760
925165,53018791936
930871,53507833856
936587,53320753152
942367,53274599424
948110,53606014976
953846,54511919104
959529,54669553664
965241,55609237504
970956,55207481344
976667,55816155136
982383,56376619008
988056,57295499264
993764,57589854208
999447,57021890560
1005203,57369976832
1010947,58090037248
1016641,58488569856
1022225,59228708864
1027804,58296057856
1033369,58471104512
1038885,59165351936
1044442,59500318720
1049996,59520819200
1055524,60382326784
1061079,60984782848
1066643,60557332480
1072186,60973654016
1077739,61035356160
1083295,60785545216
1088804,61723897856
1094351,62137118720
1099909,63020044288
1105440,62444654592
1110972,62411657216
1116488,62842101760
1122031,63259291648
1127562,63581007872
1133110,63678332928
1138662,64505200640
1144209,63850643456
1149735,64400412672
1155282,64622190592
1160806,65273487360
1166364,65177452544
1171896,65396363264
1177431,65371582464
1182978,65973059584
1188520,66909548544
1194057,67338457088
1199566,66516361216
1205087,67390902272
1210610,67360698368
1216146,67506552832
1221704,67684237312
1227217,68608684032
1232723,69128728576
1238295,68510666752
1243859,68529577984
1249351,69808885760
1254876,69822099456
1260406,70466990080
1265953,70745489408
1271493,70612574208
1276995,71313289216
1282519,71687061504
1288053,71485972480
1293592,71450296320
1299131,72520695808
1304660,72713560064
1310197,72783532032
1315708,73174896640
1321229,72963567616
1326928,73513254912
1332605,74024546304
1338269,74576420864
1343945,75426136064
1349639,74121535488
1355345,74788577280
1361050,74814214144
1366746,75739308032
1372443,76480491520
1378162,75331375104
1383878,76072312832
1389539,76120866816
1395153,77417295872
1400820,77668540416
1406488,78288584704
1412206,77350289408
1417886,76996354048
1423586,77842186240
1429302,78017314816
1434940,78533206016
1440646,78603251712
1446361,78868123648
1451979,79049928704
1457696,80260243456
1463413,79894310912
1469094,80878673920
1474807,80469426176
1480502,80312320000
1486219,81212182528
1491913,81307795456
1497577,82043297792
1503220,82872188928
1508917,82593083392
1514600,82140225536
1520320,81727070208
1525970,81966284800
1531643,82788958208
1537337,83299225600
1543011,83351941120
1548715,83800932352
1554373,84931883008
1560116,83919187968
1565791,84979073024
1571485,85484564480
1577168,84841152512
1582783,85402546176
1588510,85854666752
1594181,85817565184
1599833,85908140032
1605578,85785407488
1611224,86644862976
1616926,87088111616
1622614,86187401216
1628258,87211368448
1633976,87891750912
1639629,87822372864
1645309,88203251712
1650970,88230174720
1656636,87893630976
1662301,87909916672
1668009,87492431872
1673717,88099184640
1679384,89155448832
1685092,89175142400
1690767,90025168896
1696432,89981546496
1702091,89848295424
1707821,90528821248
1713519,91195404288
1719217,90287972352
1724861,91407028224
1730582,90446823424
1736221,91324526592
1741900,91266584576
1747617,90767101952
1753276,91784220672
1758969,91753885696
1764675,92760604672
1770368,92787728384
1776060,92862152704
1781735,93452898304
1787393,93828259840
1793093,93127450624
1798750,93954736128
1804453,93817229312
1810141,93515788288
1815792,93666963456
1821474,94403579904
1827192,94707462144
1832926,94860521472
1838630,95819329536
1844324,95937417216
1849986,95223644160
1855667,95603372032
1861386,95669739520
1867036,96734486528
1872784,97190010880
1878428,97869258752
1884075,97788010496
1889772,98021466112
1895406,97074819072
1901117,97093591040
1906774,97880977408
1912460,98405908480
1918069,99261734912
1923792,99013595136
1929485,99941867520
1935171,99271577600
1940894,98663432192
1946536,99484225536
1952265,99358838784
1957971,100220039168
1963674,100656099328
1969390,101405175808
1975065,101193633792
1980732,102022344704
1986454,101479575552
1992155,101209890816
1997858,101109985280
2003497,102507507712
2009240,101935992832
2014894,102044717056
2020641,101990572032
2026333,103522709504
2032036,103663476736
2039033,103930966016
2044775,104058408960
2050441,103534678016
2056156,103954964480
2061848,103928422400
2067520,104357048320
2073190,104385355776
2078835,105251217408
2084564,104625045504
2090182,105210146816
2095878,105177657344
2101494,106697678848
2107189,105987362816
2112882,106412552192
2118602,106545561600
2124246,107582459904
2129949,107012898816
2135589,107205660672
2141263,106802233344
2146905,107606335488
2152579,107451899904
2158292,107748995072
2164041,107312537600
2169703,107859963904
2175410,108404236288
2181141,108404236288
2186820,109194518528
2192507,108823007232
2198162,109812486144
2203897,109175947264
2209609,110573846528
2215302,110304391168
2220983,111490043904
2226682,112374710272
2232414,111989325824
2238092,110351732736
2243772,110399217664
2249448,111350611968
2255148,111052591104
2260857,112084320256
2266508,112599564288
2272163,113556627456
2277852,113425969152
2283474,113650446336
2289187,112270200832
2294886,111932518400
2300558,112333946880
2306237,112264376320
2311811,113498480640
2317465,113520824320
2323100,114077999104
2328703,114412761088
2334325,114214375424
2339986,114872782848
2345632,114717212672
2351299,115149217792
2356904,114834083840
2362570,114712723456
2368262,115614580736
2373987,115457277952
2379657,116569882624
2385320,117067497472
2391071,116612161536
2396710,116950384640
2402426,115959787520
2408122,116198825984
2413951,117011034112
2419672,116750950400
2425317,116750950400
2430939,117291782144
2436576,117471350784
2442176,117567422464
2447820,118569828352
2453498,117957836800
2459197,117957836800
2464849,118095233024
2470524,118054551552
2476178,118645665792
2481829,118538571776
2487508,118817095680
2493209,120208130048
2498864,120062496768
2504535,121104322560
2510212,121442684928
2515936,121250041856
2521560,120972914688
2527214,119414435840
2532947,119414435840
2538620,120386994176
2544260,120482541568
2549881,121172013056
2555570,121393516544
2561158,121393516544
2566853,122694250496
2572503,122779295744
2578185,122192490496
2583872,122189717504
2589517,122161537024
2595202,121638420480
2600935,121511292928
2606619,122253172736
2612300,123112857600
2617961,123386335232
2623625,123948503040
2629318,123883855872
2634945,124564959232
2640613,124766629888
2646289,124322414592
2651946,125373952000
2657660,124589686784
2663347,124740788224
2669036,124998094848
2674686,124998094848
2680367,126229008384
2686093,125909225472
2691747,125909225472
2697363,126465818624
2703036,126764011520
2708769,126347423744
2714423,126074949632
2720107,125866905600
2725795,126533156864
2731452,126516109312
2737161,126892761088
2742801,128005017600
2748538,126602383360
2754193,127501479936
2759877,127954657280
2765559,128116838400
2771243,127583703040
2776963,127583703040
2782619,128253292544
2788369,128046104576
2794029,128922746880
2799745,128586448896
2805424,128884731904
2811106,128641880064
2816780,129322033152
2822472,129760542720
2828134,129981632512
2833791,130184044544
2839466,129960468480
2845175,130332921856
2850800,130448179200
2856506,130269794304
2862163,130172502016
2867803,130238435328
2873508,130238435328
2879208,131187924992
2884873,131456008192
2890541,131626110976
2896264,131546038272
2901913,131918823424
2907652,131568832512
2913333,132053303296
2919030,132614635520
2924722,133335920640
2930422,132703076352
2936102,133033418752
2941757,133289824256
2947622,133026852864
2953269,133782462464
2958959,134069714944
2964630,134254649344
2970309,134157053952
2976039,133653688320
2981695,134470733824
2987433,134053335040
2993131,134661328896
2998834,134609432576
3004571,134430953472
3010255,134911242240
3015907,134688104448
3021604,135480545280
3027359,135120998400
3033046,135120998400
3038694,136303108096
3044442,135856402432
3050097,136745422848
3055823,136269004800
3061562,136268156928
3067202,137155280896
3072953,136388620288
3078627,136424308736
3084332,136784539648
3089971,136839598080
3095612,137796571136
3101324,137355448320
3106982,138370281472
3112706,138743803904
3118402,138858778624
3124104,138258239488
3129787,138308001792
3135427,138242854912
3141104,138380034048
3146794,139275423744
3152530,139865866240
3158178,140629725184
3163909,140654850048
3169681,140001157120
3175419,140689031168
3181095,140266881024
3186768,140911587328
3192501,140337582080
3198155,140570390528
3203821,140648206336
3209501,140648206336
3215144,141563404288
3220845,142206160896
3226509,141844488192
3232142,141844488192
3237789,142779060224
3243467,142084718592
3249195,142259195904
3254890,142556901376
3260595,142201745408
3266296,142962765824
3272077,142842621952
3277775,142865121280
3283483,143098281984
3289238,143070199808
3294949,143934545920
3300615,143787589632
3306292,144249499648
3312031,143218184192
3317738,144110911488
3323393,144386236416
3329075,145171214336
3334789,144955658240
3340510,144873398272
3346213,144692002816
3351878,144412602368
3357533,144928948224
3363283,145497714688
3368972,145668730880
3374700,145679458304
3380341,146406141952
3386044,146924871680
3391694,147301421056
3397374,146347970560
3403018,146596810752
3408745,146307162112
3414358,146307162112
3420013,147557466112
3425712,147917410304
3431366,148803477504
3437049,148324315136
3442725,149232640000
3448432,149493784576
3454102,149721137152
3460015,148981280768
3465689,149417648128
3471356,149417648128
3477045,149085229056
3482759,149167407104
3488416,150112124928
3494016,150202269696
3499627,150354386944
3505240,150354386944
3510884,150673727488
3516616,149691564032
3522315,150424223744
3528032,150378844160
3533742,150574596096
3539435,151163285504
3545107,151398838272
3550758,151867826176
3556490,151283073024
3562173,151845941248
3567863,151409315840
3573543,151744262144
3579237,151765299200
3584942,151690231808
3590724,152272306176
3596431,152530391040
3602083,153283694592
3607802,153217552384
3613410,153632858112
3619160,153909714944
3624866,153184382976
3630518,152975364096
3636269,153437679616
3641942,153670967296
3647631,153716617216
3653307,154568065024
3658997,154041987072
3664724,154771632128
3670416,154404855808
3676106,154260025344
3681801,154329841664
3687513,155025006592
3693199,155958456320
3698849,156714950656
3704566,156441976832
3710330,156169515008
3715991,156169515008
3721657,156873850880
3727353,156572450816
3733017,156194287616
3738680,156194287616
3744354,156217479168
3750047,156238110720
3755716,156497879040
3761448,156572614656
3767114,157200515072
3772797,157585735680
3778527,157455220736
3784223,157455220736
3789855,158513127424
3795521,158119497728
3801171,157939515392
3806839,158397050880
3812518,158274170880
3818179,158422351872
3823845,159220748288
3829541,159304478720
3835240,159523651584
3840927,160543571968
3846605,159457918976
3852318,159457918976
3857959,159457918976
3863646,159982084096
3869324,159691247616
3874971,160296235008
3880689,160216604672
3886350,160412487680
3892075,161383092224
3897746,161765195776
3903418,162661879808
3909056,161593548800
3914729,161074614272
3920487,160881385472
3926161,160881385472
3931792,160881385472
3937479,161664704512
3943162,161922150400
3948821,161970188288
3954524,161998426112
3960214,162770202624
3965890,163099045888
3971670,162423902208
3977286,163403923456
3982990,163760128000
3988651,163473596416
3994366,163414441984
4000074,163414441984
4005765,164373872640
4011420,164659482624
4017111,165206769664
4022791,164520820736
4028506,164328837120
4034157,165105221632
4039902,165011513344
4045646,165011513344
4051370,165163220992
4057107,165146537984
4062806,165146537984
4068440,165468811264
4074090,165468811264
4079771,166310567936
4085445,167200083968
4091182,166613213184
4096822,167254130688
4102542,166608928768
4108224,166972604416
4113910,166878138368
4119631,166878138368
4125322,167290802176
4131065,167371640832
4136719,167628689408
4142391,168118788096
4148089,167918231552
4153739,169112051712
4159371,169017339904
4165070,169056497664
4170674,169667768320
4176389,169250705408
4182062,170598813696
4187787,170293805056
4193434,171417718784
4199121,171588628480
4204896,171292831744
4210546,171089481728
4216302,170780205056
4222010,171654819840
4227712,172180934656
4233386,172087078912
4239070,172401639424
4244759,172503175168
4250440,173131386880
4256071,174037123072
4261774,173467246592
4267490,174522060800
4273122,175168491520
4278857,174421946368
4284514,175357509632
4290215,173888901120
4295966,173888901120
4301640,173888901120
4307313,175173640192
4313058,175402278912
4318743,175960219648
4324438,175511539712
4330133,175263436800
4335822,175593181184
4341486,176697040896
4347171,175776555008
4352888,176778825728
4358594,177254342656
4364325,176887484416
4370059,176849047552
4375813,176969535488
4381491,177273745408
4387185,177557917696
4392830,177839947776
4398533,178756386816
4404196,177711939584
4409908,177949409280
4415587,178827153408
4421284,178699259904
4426954,178699259904
4432644,179950747648
4438292,179968036864
4443980,180930138112
4449662,180730810368
4455395,180252528640
4461137,180252528640
4466832,181369516032
4472497,181218926592
4478250,180806844416
4483962,180974247936
4489688,180338012160
4495422,180338012160
4501091,181491523584
4506781,182348386304
4512503,182292860928
4518185,182292860928
4523836,183356538880
4529495,183664545792
4535278,182960775168
4540989,182960775168
4546687,183114117120
4552463,182982201344
4558172,182720724992
4563911,182720724992
4569626,182720724992
4575346,184059854848
4581030,183838171136
4586674,183565336576
4592386,183565336576
4598118,183565336576
4603828,184640434176
4609601,184126861312
4615290,184126861312
4620965,184126861312
4626659,184575430656
4632371,184457928704
4638148,184142651392
4643871,184142651392
4649571,185270603776
4655321,184858144768
4660968,184858144768
4666638,185157451776
4672363,185382391808
4678043,185500487680
4683704,186239451136
4689455,186755518464
4695110,186755518464
4700795,187125981184
4706470,188055633920
4712207,187249238016
4717953,187088969728
4729384,185974521856
4735136,185974521856
4740843,185974521856
4746515,187096236032
4752128,187825451008
4757886,187564974080
4763575,187564974080
4769270,188882698240
4774971,189413978112
4780693,189435531264
4786396,190016532480
4792082,189666070528
4797817,189666070528
4803458,190574383104
4809220,189648035840
4814971,189648035840
4820663,190601084928
4826368,190718390272
4832070,190743080960
4837777,190743080960
4843506,190987304960
4849218,192409763840
4854983,192164368384
4860639,192164368384
4866354,192473821184
4872076,192862113792
4877773,192781701120
4883480,193275568128
4889225,192987140096
4894909,194139914240
4900675,193389596672
4906354,193041977344
4912027,193041977344
4917752,193041977344
4923447,193440825344
4929158,193299517440
4934853,193445363712
4940601,193445363712
4946292,194475638784
4952027,193985445888
4957741,193985445888
4963473,194087964672
4969237,194822189056
4974945,195043319808
4980701,194472570880
4986456,194472570880
4992153,193600925696
4998013,193503047680
5003685,193503047680
5009376,193503047680
5015066,193925701632
5020695,194132172800
5026397,194369400832
5032075,194483007488
5037743,194483007488
5043412,195173351424
5049116,195199619072
5054834,195199619072
5060567,195297918976
5066279,196441870336
5071981,196301582336
5077652,196782944256
5083349,196880912384
5088993,196880912384
5094701,197515395072
5100371,195843534848
5106058,195626954752
5111799,195626954752
5117490,195626954752
5123149,196407795712
5128865,196443320320
5134536,196816760832
5140190,196891725824
5145853,197875597312
5151513,198043168768
5157202,198043168768
5162893,198043168768
5168558,199093690368
5174253,199843557376
5180008,198768308224
5185707,198768308224
5191342,197689888768
5197060,197324144640
5202858,197324144640
5208548,198560190464
5214309,198454087680
5219914,199296114688
5225618,200021647360
5231272,200151617536
5236967,200151617536
5242656,201232359424
5248329,201170661376
5254031,200871452672
5259731,201486848000
5265462,200055853056
5271168,200055853056
5276852,200055853056
5282556,201024139264
5288289,201966661632
5293955,201912684544
5299679,201912684544
5305389,202624679936
5311067,202149691392
5316765,202426998784
5322467,202978222080
5328179,202172751872
5333863,202172751872
5339500,202265559040
5345230,201947144192
5350922,201947144192
5356615,202640220160
5362388,203540070400
5368068,203688017920
5373744,203688148992
5379413,204026740736
5385081,204344496128
5390710,204344496128
5396396,204344496128
5402000,205195210752
5407742,205463916544
5413530,205390491648
5419264,205390491648
5424972,205390491648
5430642,205419159552
5436346,204982370304
5442000,204688494592
5447711,204688494592
5453382,204688494592
5459057,205469315072
5464729,206179733504
5470467,205933883392
5476213,205933883392
5481893,205933883392
5487621,205933883392
5493276,206650503168
5498938,206678896640
5504606,206708690944
5510316,206708690944
5515992,206708690944
5521621,207961223168
5527331,207820189696
5533075,206912569344
5538821,206912569344
5544514,206912569344
5550170,206912569344
5555814,207531503616
5561534,206503968768
5567246,206357938176
5572962,206357938176
5578683,206357938176
5584328,206357938176
5589972,207746187264
5595695,208309878784
5601437,208856723456
5607078,208856723456
5612770,208856723456
5618471,208856723456
5624127,208856723456
5629766,208856723456
5635395,208672579584
5641040,208672579584
5646669,208672579584
5652358,208706895872
5658145,209897070592
5663882,209408180224
5669575,209408180224
5675326,209435021312
5681099,209900867584
5686803,209994604544
5692478,209994604544
5698138,209994604544
5703761,209824833536
5709519,209801646080
5715226,209801646080
5721004,209801646080
5726670,210729684992
5732382,211154018304
5738049,211174821888
5743785,211174821888
5749471,211174821888
5755170,211698118656
5760885,212168179712
5766558,211746390016
5772295,211746390016
5778040,211746390016
5783735,211746390016
5789420,212569477120
5795141,212283305984
5800862,211802554368
5806635,211802554368
5812326,211802554368
5817995,211802554368
5823674,212758085632
5829384,213029703680
5835053,213533392896
5840662,213067051008
5846307,213067051008
5851910,213203955712
5857634,213203955712
5863343,213203955712
5869041,213252849664
5874762,214327427072
5880484,214046208000
5886159,213854740480
5891908,214198706176
5897643,214401474560
5903364,214078541824
5909000,214078541824
5914725,214078541824
5920430,215025721344
5926081,214499180544
5931734,214505410560
5937396,214505410560
5943020,214505410560
5948677,214658113536
5954367,215905558528
5960041,215930052608
5965663,215930052608
5971410,215930052608
5977044,215930052608
5982687,215930052608
5988318,216112394240
5994055,217088749568
5999775,216821301248
6005485,216530972672
6011168,216530972672
6016880,216530972672
6022602,216530972672
6028225,217762091008
6033976,216736206848
6039667,216212230144
6045345,216212230144
6050944,216212230144
6056624,216212230144
6062325,217243148288
6067986,216374206464
6073658,216374206464
6079383,216374206464
6085086,216374206464
6090727,217050677248
6096409,217758552064
6102034,218315972608
6107699,218201452544
6113342,218201452544
6118991,218201452544
6124625,218658897920
6130325,218296434688
6136016,218124853248
6141783,218124853248
6147433,218124853248
6153032,218124853248
6158669,218243977216
6164319,218712633344
6170040,218255122432
6175702,218255122432
6181317,218255122432
6186997,218255122432
6192670,218358276096
6198401,218496999424
6204108,218688417792
6209765,218688417792
6215421,218688417792
6221040,218688417792
6226699,218956414976
6232359,220256284672
6238073,219994800128
6243783,219994800128
6249498,219994800128
6255193,219994800128
6260915,220834660352
6266618,221253435392
6272275,221048967168
6277971,220842975232
6283656,220842975232
6289333,220842975232
6300739,220869398528
6306446,220551102464
6312138,220551102464
6317840,220551102464
6323508,220551102464
6329133,221420994560
6334833,221172768768
6340527,221172768768
6346282,221172768768
6351989,221172768768
6357705,221172768768
6363378,221172768768
6369056,221954793472
6374750,221954793472
6380490,221954793472
6386224,221954793472
6391879,221954793472
6397633,221954793472
6403341,221954793472
6409067,222928785408
6414802,222647508992
6420527,222700634112
6426190,222591492096
6431847,222591492096
6437547,222591492096
6443195,222591492096
6448808,222591492096
6454462,223691321344
6460180,222518480896
6465849,222518480896
6471608,222518480896
6477272,222518480896
6482893,222518480896
6488525,222518480896
6494187,223148138496
6499888,222971731968
6505594,222788849664
6511378,222788849664
6517081,222788849664
6522815,222788849664
6528548,223095173120
6534272,223902629888
6539923,223835848704
6545629,223835848704
6551279,223835848704
6556972,223835848704
6562638,224914808832
6568330,225450684416
6574009,225084022784
6579722,225059590144
6585417,225059590144
6591110,225059590144
6596729,225947062272
6602452,224440856576
6608154,223629484032
6613909,223629484032
6619605,224581840896
6625370,224026017792
6631097,224245170176
6636783,224245170176
6642503,224475648000
6648209,224679088128
6653895,224679088128
6659570,225581813760
6665240,225887563776
6670971,225945595904
6676703,225654255616
6682407,226533662720
6688078,227093659648
6693818,225907634176
6699558,225907634176
6705227,225559560192
6710891,225804083200
6716625,226339848192
6722297,226339848192
6727935,227328413696
6733617,226967588864
6739403,227161976832
6745019,227161976832
6750700,228228096000
6756436,228659949568
6762183,228620107776
6767876,228620107776
6773561,228620107776
6779234,228620107776
6784877,229249376256
6790576,229140238336
6796311,227910840320
6801969,227910840320
6807637,227910840320
6813302,228008198144
6819064,229056114688
6824775,228434427904
6830495,228434427904
6836235,228434427904
6841944,228434427904
6847597,229150203904
6853310,229148127232
6859026,229148127232
6864718,229148127232
6870419,230149345280
6876113,230188093440
6881825,229656047616
6887494,229656047616
6893177,229656047616
6898839,230766411776
6904534,230174629888
6910256,229891301376
6915986,229891301376
6921699,230718550016
6927465,230262743040
6933130,230228905984
6938839,230228905984
6944476,230559862784
6950149,230581850112
6955854,231010828288
6961577,231010828288
6967279,231040368640
6973048,232256823296
6978761,232812412928
6984430,232733761536
6990117,232733761536
6995835,233461243904
7001520,232390983680
7007274,230645407744
7012927,230645407744
7018594,231361110016
7024297,231288414208
7030002,231476322304
7035734,231476322304
7041451,232462188544
7047194,232207732736
7052975,232207732736
7058612,232207732736
7064250,232207732736
7069932,233184403456
7075558,233567604736
7081302,233363050496
7087017,233176297472
7092637,233176297472
7098295,234026004480
7103958,234190733312
7109652,233736450048
7115389,233736450048
7121033,234645229568
7126755,233161781248
7132443,233161781248
7138050,233161781248
7143742,234018951168
7149429,234018951168
7155176,234018951168
7160852,234251538432
7166556,234834083840
7172262,235194654720
7177916,235100553216
7183608,235100553216
7189329,235293487104
7195044,235174690816
7200732,235174690816
7206437,235174690816
7212098,235783962624
7217742,236577472512
7223434,236256583680
7229109,236588548096
7234816,236107808768
7240474,236107808768
7246121,236107808768
7251785,237214765056
7257461,237180293120
7263154,238194479104
7268854,237384249344
7274567,238232260608
7280252,237606862848
7285932,237301948416
7291600,237301948416
7297262,238078578688
7303022,238149210112
7308700,238149210112
7314450,238149210112
7320112,238376026112
7325775,238500859904
7331476,238500859904
7337140,238500859904
7342852,239151796224
7348550,239077629952
7354291,238339444736
7359938,238339444736
7365591,238339444736
7371288,238339444736
7376991,239031738368
7382716,238420254720
7388414,238343979008
7394101,238343979008
7399751,238946234368
7405458,239506169856
7411148,239949258752
7416828,239985008640
7422512,240143085568
7428250,239789887488
7433975,239789887488
7439689,240888463360
7445418,240964562944
7451139,241270636544
7456855,241289076736
7462489,241381376000
7468205,242658029568
7473868,241951059968
7479518,241985499136
7485234,241985499136
7490930,243069243392
7496638,242688299008
7502383,242407788544
7508072,242407788544
7513775,242464968704
7519500,242502238208
7525201,242502238208
7530880,242502238208
7536576,243309072384
7542262,243535470592
7547955,243229167616
7553618,243229167616
7559270,243229167616
7564988,243322404864
7570741,243020185600
7576461,243020185600
7582177,242903719936
7587888,244080631808
7593588,243863646208
7599254,243948695552
7604914,244485210112
7610634,244129796096
7616353,244129796096
7622021,244803026944
7627762,244508368896
7633547,243931488256
7639322,243931488256
7644966,244769796096
7650663,245500321792
7656379,245263335424
7662056,245263335424
7667779,245263335424
7673446,246116597760
7679185,245820030976
7684874,245820030976
7690629,245820030976
7696297,246215491584
7701989,246765654016
7707757,246939697152
7713384,246939697152
7719013,247770214400
7724739,246931521536
7730424,246826811392
7736087,246826811392
7741712,246826811392
7747368,246808506368
7753018,247106686976
7758703,246713401344
7764377,247282229248
7770076,248189505536
7775791,247691902976
7781537,248082239488
7787277,247773970432
7792948,247773970432
7798688,248773656576
7804388,248185942016
7810054,248774369280
7815728,248375844864
7821409,249142923264
7827124,249974460416
7832804,249475170304
7838505,250118402048
7844249,249378426880
7849943,249378426880
7855642,248929251328
7861361,249207910400
7867044,249207910400
7872714,250336174080
7878419,249971687424
7884194,250064941056
7889930,250752761856
7895644,250421178368
7901285,250664849408
7907001,250381586432
7912784,251785105408
7918523,252550234112
7924181,252488794112
7929902,253219753984
7935678,251843772416
7941368,251843772416
7947047,251843772416
7952738,252702130176
7958424,252141768704
7964113,252091187200
7969841,252182298624
7975508,253033472000
7981213,253300727808
7986912,253047173120
7992627,253047173120
7998351,253270171648
8004032,254405869568
8009718,253660418048
8015408,253660418048
8021072,254226808832
8026785,254244048896
8032481,254105501696
8038167,254931259392
8043820,254682193920
8049547,254452633600
8055289,254452633600
8061026,255431741440
8066762,255499714560
8072482,255485517824
8078168,255759544320
8083855,255768281088
8089551,255635271680
8095242,255635271680
8100942,256335511552
8106650,256519233536
8112295,256680919040
8118014,257238683648
8123842,256994660352
8129569,256620240896
8135329,256620240896
8141008,256992395264
8146758,257086939136
8152471,256989990912
8158193,257281744896
8163905,257932185600
8169646,258719055872
8175379,258742587392
8181090,259604307968
8186764,259537387520
8192470,259304161280
8198173,259456581632
8203845,260324974592
8209545,258834186240
8215258,258669154304
8220973,258669154304
8226651,258747559936
8232403,259738165248
8238136,259592876032
8243837,259592876032
8249542,260737966080
8255271,260689260544
8260982,260689260544
8266672,260689260544
8272360,260689260544
8278013,260689260544
8283671,260799537152
8289407,260796043264
8295101,260541603840
8300819,260541603840
8306542,260579016704
8312323,262019149824
8318040,261860589568
8323761,261995114496
8329502,261537017856
8335323,258042703872
8341263,258813136896
8347196,259789398016
8353133,260134461440
8359066,260134461440
8365031,260134461440
8370981,260134461440
8376874,260134461440
8382876,260134461440
8388789,260134461440
8394731,260134461440
8400677,260134461440
8406612,260134461440
8412502,260134461440
8418406,260134461440
8424354,262780571648
8430311,262788943872
8436244,262788943872
8442226,262788943872
8448120,262788943872
8454077,263553519616
8460035,263553519616
8465962,263554613248
8471886,263554613248
8477911,263554613248
8483867,263554613248
8489861,263554613248
8495817,263554613248
8501725,265099198464
8507709,265101328384
8513725,265101328384
8519722,265101328384
8525669,265101328384
8531614,266067689472
8537599,266067689472
8543480,266067689472
8549430,266067689472
8555399,266067689472
8561318,266067689472
8567311,266067689472
8573265,266067689472
8579213,266067689472
8585174,266067689472
8591113,266067689472
8597055,266067689472
8602980,266067689472
8608930,266067689472
8614910,266067689472
8620898,266067689472
8626846,266067689472
8632853,269040824320
8638808,269040824320
8644744,269040824320
8650696,269078298624
8656645,269078298624
8662578,269101608960
8668546,269101608960
8674508,269101608960
8680465,269101608960
8686469,269101608960
8692454,269101608960
8698389,269101608960
8704383,269101608960
8710388,269101608960
8716354,269101608960
8722346,269101608960
8728365,269101608960
8734346,275258404864
8740374,278290657280
8746399,279068405760
8752363,279489835008
8758442,280328630272
8764489,280782221312
8770513,281266565120
8776482,281751629824
8782439,282267168768
8788495,282814214144
8794478,285817614336
8800418,286305857536
8806359,286696583168
8812375,287143030784
8818320,287609942016
8824305,287609942016
8830277,287609942016
8836215,290487562240
8842379,290487562240
8848370,290947280896
8854345,291415371776
8860318,291415371776
8866336,291857166336
8872331,291857166336
8878286,292326043648
8884230,292640944128
8890146,292798066688
8896131,293388808192
8902121,293388808192
8908081,293388808192
8914036,296616685568
8919983,297307942912
8925946,297307942912
8931916,298013913088
8937913,298013913088
8943946,298731155456
8949991,298731155456
8955968,299407912960
8962000,299407912960
8967969,300279492608
8973919,300381138944
8979882,300576059392
8985962,301215608832
8992000,301488058368
8997992,302049472512
9003986,302697394176
9009979,302697394176
9015969,303288332288
9021969,303288332288
9027999,303288332288
9033958,303876960256
9039955,303876960256
9045953,304476975104
9051969,304476975104
9057973,305141706752
9063995,305141706752
9069980,305805946880
9075928,305805946880
9081943,306446053376
9087913,306446053376
9093861,306880475136
9099863,307625799680
9105837,307625799680
9111903,308237611008
9117850,308481159168
9123839,308672081920
9129784,308913483776
9135819,308913483776
9141731,309099466752
9147716,309099466752
9153728,309099466752
9159711,309099466752
9165683,309099466752
9171644,309099466752
9177596,309099466752
9183601,309099466752
9189623,309099466752
9195586,309099466752
9201537,309666484224
9207512,309666484224
9213500,309666484224
9219485,309666484224
9225461,309666484224
9231400,309666484224
9237419,309666484224
9243403,309666484224
9249352,309666484224
9255342,309666484224
9261334,309666484224
9267317,309666484224
9273323,309666484224
9279296,309666484224
9285302,309666484224
9291283,309666484224
9297270,309666484224
9303250,309666484224
9309225,309666484224
9315200,309666484224
9321170,309666484224
9327160,309666484224
9333143,309666484224
9339092,309666484224
9345066,309666484224
9351055,309666484224
9357028,309666484224
9362990,309666484224
9368963,309666484224
9374963,309666484224
9380975,311264317440
9387315,311268790272
9393290,311268790272
9399256,311268790272
9405183,311268790272
9411106,311268790272
9417030,311268790272
9423008,311268790272
9429020,311268790272
9435023,311268790272
9441069,311268790272
9447071,311268790272
9453020,311268790272
9459004,311268790272
9465017,311268790272
9471028,311718875136
9477083,311718875136
9483102,311718875136
9489094,311718875136
9495096,311718875136
9501089,311738630144
9507069,311738630144
9513079,311738630144
9519101,311738630144
9525101,311738630144
9531154,311738630144
9537179,311738630144
9543215,311738630144
9549230,311738630144
9555241,311738630144
9561259,311738630144
9567311,311738630144
9573305,311738630144
9579306,311738630144
9585269,311738630144
9591277,311754235904
9597247,311754235904
9603196,311754235904
9609127,311754235904
9615057,311754235904
9621003,311762182144
9626982,311762182144
9632942,311762182144
9638873,311762182144
9644805,311762182144
9650734,311762182144
9656689,311770505216
9662580,311770505216
9668505,311770505216
9674487,311770505216
9680414,311770505216
9686422,311777828864
9692341,311777828864
9698317,311777828864
9704255,311777828864
9710169,311777828864
9716415,311788445696
9722335,311788445696
9728266,311788445696
9734236,311788445696
9740172,311788445696
9746142,311799406592
9752079,311799406592
9757999,311799406592
9763930,311799406592
9769846,311799406592
9775805,311809122304
9781740,311809122304
9787687,311809122304
9793643,311809122304
9799581,311809122304
9805544,311817248768
9811471,311817248768
9817415,311817248768
9823374,311817248768
9829308,311817248768
9835297,311824818176
9841256,311824818176
9847188,311824818176
9853146,311824818176
9859133,311818194944
9865121,311798181888
9871024,311798181888
9876941,311798181888
9882924,311815061504
9888829,311815061504
9894763,311827578880
9900579,311887360000
9906470,311966724096
9912409,312016044032
9918359,312072646656
9924379,312130031616
9930412,312182202368
9936416,312228089856
9942515,312306769920
9948573,312356528128
9954620,312415592448
9960678,312480759808
9966705,312533540864
9972750,312587689984
9978811,312646676480
9984869,312651767808
9990981,312744112128
9997063,312834236416
10003147,312839286784
10009260,312932147200
10015373,313026220032
10021480,313031131136
10027564,313133821952
10033659,313138520064
10039762,313255477248
10045856,313259864064
10051965,313391792128
10058056,313395556352
10064163,313532485632
10070278,313536585728
10076375,313539854336
10082488,313687465984
10088611,313690615808
10094731,313855934464
10100894,313859481600
10107043,313862774784
10113172,314029694976
10119321,314032467968
10125472,314035109888
10131603,314036772864
10137746,314242387968
10143881,314244644864
10149989,314246901760
10156098,314470830080
10162213,314473357312
10168387,314475761664
10174577,314477842432
10180759,314704519168
10186898,314706894848
10193043,314709020672
10199208,314732539904
10205428,314949558272
10211587,314951901184
10217746,314954272768
10223890,315206410240
10230003,315208798208
10236176,315211026432
10242329,315213058048
10248523,315518308352
10254668,315520360448
10260821,315522396160
10266956,315524259840
10273151,315525943296
10279302,315857776640
10285494,315859558400
10291640,315861458944
10297818,315863285760
10304002,315865067520
10310168,315865616384
10316374,316212150272
10322545,316214181888
10328716,316215992320
10334907,316217769984
10341089,316219166720
10347344,316324749312
10353558,316624461824
10359727,316626427904
10365893,316628463616
10372061,316630241280
10378229,316631621632
10384411,316859867136
10390613,316952936448
10396770,316954992640
10402943,316957167616
10409111,316959375360
10415328,316960882688
10421515,317333618688
10427702,317335863296
10433869,317338341376
10440042,317340774400
10446232,317342920704
10452468,317345050624
10458651,317345714176
10464863,317891887104
10471100,317894803456
10477253,317897220096
10483450,317899980800
10489643,317902835712
10495838,317905244160
10501985,317907046400
10508251,317907046400
10514450,318277578752
10520634,318280409088
10526806,318283526144
10533015,318288752640
10539216,318293598208
10545454,318295064576
10551674,318590955520
10557872,318596251648
10564082,318601015296
10570274,318606077952
10576519,318608007168
10582741,318859038720
10588957,318863761408
10595174,318868627456
10601386,318873931776
10607600,318876712960
10613823,319149527040
10620031,319154892800
10626234,319159767040
10632454,319164243968
10638663,319168712704
10644900,319467814912
10651107,319472603136
10657301,319477551104
10663527,319482269696
10669743,319487270912
10675956,319491493888
10682188,319788339200
10688398,319793246208
10694646,319798071296
10700882,319802875904
10707094,319807401984
10713307,319809368064
10719515,320117915648
10725716,320122544128
10731944,320126935040
10738124,320130416640
10744342,320134344704
10750580,320137322496
10756843,320474546176
10763084,320478453760
10769298,320482308096
10775483,320486596608
10781694,320491270144
10787905,320495579136
10794172,320497025024
10800440,320852451328
10806674,320857300992
10812887,320862076928
10819088,320866893824
10825296,320872128512
10831521,320873607168
10837693,321215729664
10843926,321220616192
10850120,321224888320
10856371,321230155776
10862578,321235046400
10868798,321238114304
10875024,321595510784
10881276,321600552960
10887501,321605476352
10893751,321609998336
10899968,321614606336
10906209,321619136512
10912479,321992884224
10918691,321997381632
10924927,322002706432
10931154,322007289856
10937376,322011918336
10943592,322016145408
10949844,322019217408
10956080,322410840064
10962315,322415611904
10968560,322420113408
10974818,322424373248
10981046,322428805120
10987314,322432978944
10993568,322437283840
10999827,322859298816
11006090,322863636480
11012335,322867871744
11018544,322871783424
11024802,322876071936
11031033,322880196608
11037298,322884108288
11043510,323167772672
11049846,323353366528
11056070,323357499392
11062318,323361685504
11068558,323366084608
11074829,323369869312
11081061,323373436928
11087326,323377111040
11093584,323850547200
11099853,323865534464
11106051,323869884416
11112294,323873878016
11118560,323877285888
11124803,323881828352
11131039,323886432256
11137307,323890954240
11143582,323892482048
11149911,324415500288
11156153,324420730880
11162409,324425859072
11168704,324431015936
11174992,324436078592
11181249,324441198592
11187524,324446552064
11193787,324450832384
11200066,325033594880
11206292,325039464448
11212517,325043638272
11218770,325050097664
11225000,325056315392
11231242,325063053312
11237493,325070262272
11243765,325078622208
11250098,325429911552
11256375,325509709824
11262656,325517688832
11268906,325525692416
11275191,325532545024
11281454,325540339712
11287725,325547376640
11293998,325882241024
11300246,325890211840
11306515,325898625024
11312806,325905842176
11319091,325912584192
11325342,325920022528
11331585,325927374848
11337862,325930254336
11344118,326314835968
11350383,326323523584
11356651,326331215872
11362914,326339969024
11369202,326347350016
11375460,326355906560
11381737,326364336128
11388049,326366683136
11394316,326789410816
11400583,326798327808
11406855,326805590016
11413083,326814646272
11419370,326823862272
11425664,326832750592
11431948,326841577472
11438212,326844973056
11444447,327256096768
11450732,327266095104
11456973,327275458560
11463245,327283970048
11469541,327291715584
11475806,327300542464
11482041,327310065664
11488325,327312420864
11494630,327712555008
11500882,327722283008
11507147,327731961856
11513438,327742627840
11519753,327752536064
11526053,327762468864
11532301,327770574848
11538581,328149553152
11544868,328171769856
11551132,328181702656
11557379,328191557632
11563649,328201531392
11569936,328210583552
11576246,328218796032
11582524,328222326784
11588900,328597192704
11595181,328606978048
11601446,328614596608
11607729,328622809088
11614075,328632520704
11620356,328640933888
11626646,328651120640
11632941,328656633856
11639261,329075953664
11645545,329084514304
11651834,329094438912
11658117,329104502784
11664404,329114587136
11670695,329123172352
11676997,329132433408
11683326,329565507584
11689595,329575702528
11695877,329585799168
11702183,329595621376
11708483,329604214784
11714797,329613795328
11721118,329624334336
11727384,329629863936
11733704,330093805568
11740021,330103906304
11746308,330113404928
11752595,330122981376
11758886,330132549632
11765164,330140270592
11771445,330149978112
11777752,330155577344
11784144,330590793728
11790428,330600349696
11796713,330609934336
11803041,330619535360
11809319,330630090752
11815596,330639835136
11821846,330649329664
11828097,330656129024
11834386,331139973120
11840692,331148541952
11846986,331156463616
11853262,331164803072
11859569,331172511744
11865848,331181965312
11872130,331190792192
11878419,331199676416
11884726,331204575232
11891169,331701231616
11897478,331711074304
11903787,331721359360
11910077,331730685952
11916405,331740082176
11922708,331749232640
11929022,331757613056
11935327,331765825536
11941663,331766525952
11948077,332170674176
11954403,332180066304
11960694,332188401664
11966970,332196741120
11973268,332204085248
11979579,332212596736
11985927,332222201856
11992243,332231782400
11998623,332239278080
12004945,332635668480
12011262,332647010304
12017594,332659159040
12023926,332669009920
12030238,332680507392
12036547,332691918848
12042863,332703514624
12049183,332710645760
12055492,333010661376
12061807,333020618752
12068141,333030125568
12074480,333039321088
12080751,333049335808
12087059,333058519040
12093384,333070274560
12099694,333082050560
12106016,333175742464
12112392,333381963776
12118695,333392367616
12124994,333402873856
12131309,333413171200
12137625,333424189440
12143921,333433991168
12150223,333444435968
12156527,333452587008
12162858,333750706176
12169147,333760167936
12175466,333770493952
12181807,333780492288
12188119,333789159424
12194458,333798944768
12200770,333808816128
12207110,333820010496
12213405,333831135232
12219757,333834850304
12226212,334164672512
12232541,334176755712
12238872,334187020288
12245228,334199062528
12251551,334210514944
12257885,334220369920
12264196,334231564288
12270542,334243000320
12276883,334317285376
12283284,334560522240
12289613,334573260800
12295934,334587310080
12302286,334598852608
12308642,334610411520
12314978,334621978624
12321327,334633590784
12327686,334642659328
12334035,334956421120
12340332,334969126912
12346675,334980866048
12353037,334993833984
12359349,335004463104
12365674,335017480192
12372013,335030345728
12378348,335043371008
12384723,335362789376
12391133,335388581888
12397473,335402741760
12403777,335415922688
12410117,335429013504
12416468,335442411520
12422840,335455219712
12429163,335465467904
12435501,335784714240
12441850,335798939648
12448181,335812067328
12454533,335824969728
12460862,335838748672
12467198,335852670976
12473532,335867465728
12479848,335883993088
12486256,336204754944
12492573,336220573696
12498962,336236384256
12505314,336250621952
12511659,336265850880
12518009,336281182208
12524413,336293769216
12530752,336614916096
12537122,336631881728
12543491,336648794112
12549812,336665001984
12556140,336681172992
12562502,336695255040
12568842,336710811648
12575260,337013936128
12581607,337030049792
12587947,337047015424
12594316,337062858752
12600672,337077628928
12607042,337094144000
12613410,337110020096
12619801,337147588608
12626188,337425522688
12632498,337425522688
12638792,337435885568
12645155,337452052480
12651488,337328476160
12657818,337328476160
12664146,337382756352
12670522,337382756352
12676883,337382756352
12683236,337803067392
12689580,337803067392
12695968,337803067392
12702288,337850990592
12708664,338597142528
12715034,338711932928
12721423,338829893632
12727804,338947444736
12734219,339073925120
12740639,339202428928
12747055,339331592192
12753454,339457662976
12759889,339583746048
12766347,339708620800
12772754,339834052608
12779198,339959873536
12785600,340084793344
12792016,340209684480
12798417,340332666880
12804851,340454936576
12811289,340577423360
12817732,340699463680
12824187,340821684224
12830619,340945547264
12837032,341011972096
12843449,341011972096
12849813,341011972096
12856175,341055119360
12862520,341055119360
12868837,341055119360
12875198,341055119360
12881510,341055119360
12887870,341055119360
12894238,341055119360
12900571,341055119360
12906913,341055119360
12913400,342167597056
12919821,341609992192
12926171,341609992192
12932543,341609992192
12938915,341609992192
12945253,341609992192
12951611,341609992192
12957973,341609992192
12964326,341609992192
12970644,341609992192
12977004,341610008576
12983394,341610008576
12989769,341610008576
12996129,341610008576
13002483,341610008576
13008836,341610008576
13015186,341610008576
13021577,341610008576
13027876,341610008576
13034252,342566748160
13040717,342034194432
13047060,341688307712
13053414,341688307712
13059735,341688307712
13066085,341688307712
13072396,341688307712
13078735,341688307712
13085052,341688307712
13091411,341688307712
13097735,341688336384
13104093,341688336384
13110430,341688336384
13116785,341688336384
13123110,341688336384
13129468,341688336384
13135791,341688336384
13142116,341688336384
13148476,341688336384
13154845,341688336384
13161170,341688336384
13167510,341688336384
13173843,341688336384
13180184,341688336384
13186534,341688336384
13192861,341688336384
13199211,341688336384
13205551,341688336384
13211884,341688336384
13218276,341291565056
13224592,341291565056
13230951,341291565056
13237253,341291565056
13243580,341291565056
13249951,341291565056
13256286,341291565056
13262642,341291565056
13268975,341291565056
13275325,341643202560
13281775,341743370240
13288206,342146588672
13294554,342146588672
13300892,342146588672
13307254,342146588672
13313594,342146588672
13319917,342146588672
13326235,342146588672
13332583,342146588672
13338913,342146588672
13345250,342146588672
13351602,342146588672
13357982,342146588672
13364335,342146588672
13370685,342146588672
13377028,342146588672
13383391,342146588672
13389700,342146588672
13396035,342146588672
13402391,342146588672
13408716,342146588672
13415085,342146588672
13421437,342146588672
13427808,342146588672
13434158,342146588672
13440526,342146588672
13446884,342146588672
13453259,342146588672
13459573,342146588672
13465932,342146588672
13472274,342146588672
13478634,342146588672
13484949,342146588672
13491266,342146588672
13497624,342146588672
13503966,342146588672
13510299,342146588672
13516609,342146588672
13522949,342146588672
13529242,342146588672
13535615,342146588672
13541967,342146588672
13548279,342146588672
13554598,342146588672
13560932,342146588672
13567283,342146588672
13573637,342146588672
13579977,342146588672
13586348,342146588672
13592692,342146588672
13599023,342146588672
13605375,342146588672
13611743,342146588672
13618106,342146588672
13624448,342146588672
13630773,342146588672
13637076,342146588672
13643426,342146588672
13649775,342146588672
13656106,342146588672
13662389,342146588672
13668731,342146588672
13675072,342146588672
13681418,342146588672
13687756,342146588672
13694072,342146588672
13700397,342146588672
13706749,342146588672
13713131,342146588672
13719456,342146588672
13725806,342146588672
13732189,342146588672
13738506,342146588672
13744847,342146588672
13751197,342146588672
13757512,342146588672
13763841,342146588672
13770174,342146588672
13776497,342146588672
13782747,342146588672
13789089,342146588672
13795440,342146588672
13801782,342146588672
13808138,342146588672
13814498,342146588672
13820836,342146588672
13827155,342146588672
13833498,342146588672
13839848,342146588672
13846148,342146588672
13852496,342146588672
13858839,342146588672
13865180,342146588672
13871491,342146588672
13877805,342146588672
13884166,342146588672
13890488,342146588672
13896806,342146588672
13903114,342146588672
13909454,342146588672
13915804,342146588672
13922147,342146588672
13928508,342146588672
13934812,342146588672
13941097,342146588672
13947426,342146588672
13953754,342146588672
13960106,342146588672
13966471,342146588672
13972796,342146588672
13979137,342146588672
13985470,342146588672
13991822,342146588672
13998212,342146588672
14004557,342146588672
14010872,342146588672
14017205,342146588672
14023538,342146588672
14029862,342146588672
14036215,342146588672
14042538,342146588672
14048887,342146588672
14055211,342146588672
14061553,342146588672
14067903,342146588672
14074266,342146588672
14080603,342146588672
14086911,342146588672
14093240,342146588672
14099547,342146588672
14105893,342146588672
14112228,342146588672
14118544,342146588672
14124925,342146588672
14131265,342146588672
14137632,342146588672
14143956,342146588672
14150328,342146588672
14156644,342146588672
14162944,342146588672
14169286,342146588672
14175627,342146588672
14181964,342146588672
14188286,342146588672
14194577,342146588672
14200902,342146588672
14207231,342146588672
14213569,342146588672
14219927,342146588672
14226255,342146588672
14232594,342146588672
14238919,342146953216
14245387,342833360896
14251819,343421022208
14258135,343421022208
14264504,343421022208
14270847,343421022208
14277177,343421022208
14283462,343421022208
14289793,343421022208
14296145,343421022208
14302487,343421022208
14308793,343421022208
14315135,343421022208
14321468,343421022208
14327803,343421022208
14334139,343421022208
14340496,343421022208
14346801,343421022208
14353126,343421022208
14359468,343421022208
14365805,343421022208
14372119,343421022208
14378451,343421022208
14384776,343421022208
14391126,343421022208
14397501,343421022208
14403809,343421022208
14410151,343421022208
14416496,343421022208
14422863,343421022208
14429208,343421030400
14435559,343421030400
14441911,343421030400
14448242,343421030400
14454559,343421030400
14460921,343421030400
14467267,343421030400
14473619,343421030400
14479984,343421030400
14486334,343421030400
14492684,343421030400
14499005,343421030400
14505354,343421030400
14511681,343421030400
14518037,343421030400
14524403,343421030400
14530760,343421030400
14537092,343421030400
14543405,343421030400
14549716,343421030400
14556095,343421030400
14562425,343421030400
14568760,343421030400
14575091,343421030400
14581400,343421030400
14587716,343421030400
14594060,343421030400
14600402,343421030400
14606774,343421030400
14613101,343421030400
14619441,343421030400
14625790,343421030400
14632138,343421030400
14638484,343421030400
14644832,343421030400
14651182,343421030400
14657511,343421030400
14663857,343421030400
14670199,343421030400
14676559,343421030400
14682899,343421030400
14689242,343421030400
14695599,343421030400
14701944,343421030400
14708296,343421030400
14714624,343421030400
14720938,343421030400
14727289,343421030400
14733652,343421030400
14740001,343421030400
14746323,343421030400
14752650,343421030400
14758965,343421030400
14765310,343421030400
14771665,343421030400
14778017,343421030400
14784383,343421030400
14790725,343421030400
14797066,343421030400
14803403,343421030400
14809755,343421030400
14816084,343421030400
14822447,343421030400
14828781,343421030400
14835048,343421030400
14841320,343421030400
14847616,343421030400
14853922,343421030400
14860276,343421030400
14866616,343421030400
14872933,343421030400
14879257,343421030400
14885547,343421030400
14891860,343421030400
14898173,343421030400
14904459,343421030400
14910783,343421030400
14917125,343421030400
14923412,343421030400
14929677,343421030400
14935967,343421030400
14942277,343421030400
14948593,343421030400
14954901,343421030400
14961239,343421030400
14967514,343421030400
14973818,343421030400
14980096,343421030400
14986343,343421030400
14992626,343421030400
14998955,343421030400
15005251,343421030400
15011474,343421030400
15017775,343421030400
15024022,343421030400
15030281,343421030400
15036577,343421030400
15042885,343421030400
15049105,343421030400
15055357,343421030400
15061623,343421030400
15067913,343421030400
15074155,343421030400
15080468,343421030400
15086725,343421030400
15092988,343421030400
15099286,343421030400
15105567,343421030400
15111857,343421030400
15118197,343421030400
15124467,343421030400
15130742,343421030400
15136980,343421030400
15143285,343421030400
15149535,343421030400
15155853,343421030400
15162157,343421030400
15168468,343421030400
15174776,343421030400
15181073,343421030400
15187366,343421030400
15193697,343421030400
15200006,343421030400
15206352,343421030400
15212632,343421030400
15218955,343421030400
15225250,343421030400
15231542,343421030400
15237864,343421030400
15244185,343421030400
15250519,343421030400
15256810,343421030400
15263090,343421030400
15269425,343421030400
15275787,343421030400
15282100,343421030400
15288382,343421030400
15294679,343421030400
15300967,343421030400
15307268,343421030400
15313545,343421030400
15319848,343421030400
15326163,343421030400
15332487,343421030400
15338804,343421030400
15345113,343421030400
15351407,343421030400
15357751,343421030400
15364082,343421030400
15370363,343421030400
15376628,343421030400
15382924,343421030400
15389238,343421030400
15395536,343421030400
15401868,343421030400
15408135,343421030400
15414479,343421030400
15420787,343421030400
15427079,343421030400
15433385,343421030400
15439688,343421030400
15445986,343421030400
15452300,343421030400
15458597,343421030400
15464881,343421030400
15471194,343421030400
15477495,343421030400
15483796,343421030400
15490107,343421030400
15496353,343421030400
15502688,343421030400
15509011,343421030400
15515312,343421030400
15521610,343421030400
15527866,343421030400
15534114,343421030400
15540449,343421030400
15546754,343421030400
15553047,343421030400
15559353,343421030400
15565666,343421030400
15571974,343421030400
15578285,343421030400
15584566,343421030400
15590852,343421030400
15597138,343421030400
15603467,343421030400
15609762,343421030400
15616052,343421030400
15622362,343421030400
15628665,343421030400
15634949,343421030400
15641239,343421030400
15647535,343421030400
15653855,343421030400
15660170,343421030400
15666461,343421030400
15672779,343421030400
15679080,343421030400
15685418,343421026304
15691871,343035883520
15698245,341972246528
15704576,341972246528
15710865,341972246528
15717130,341972246528
15723448,341972246528
15729729,341972246528
15736024,341972246528
15742293,341972246528
15748573,341972246528
15754896,341972246528
15761219,341972246528
15767498,341972246528
15773770,341972246528
15780046,341972246528
15786366,341972246528
15792671,341972246528
15798979,341972246528
15805272,341972246528
15811600,342331965440
15817966,341964021760
15824336,341964021760
15830626,341964021760
15836892,341964021760
15843175,341964021760
15849464,341964021760
15855766,341964021760
15862083,341964021760
15868405,341964021760
15874728,341964021760
15881025,341964021760
15887310,341964021760
15893583,341964021760
15899871,341964021760
15906153,341964021760
15912450,341964021760
15918723,341964021760
15925006,341964021760
15931254,341964021760
15937532,341964021760
15943816,341964021760
15950082,341964021760
15956381,341964021760
15962683,341964021760
15968998,341964021760
15975313,341964021760
15981632,341964021760
15987945,341964021760
15994258,341964021760
16000573,341964021760
16006851,341964021760
16013176,341964021760
16019456,341964021760
16025754,341964021760
16032011,341964021760
16038325,341964021760
16044623,341964021760
16050923,342198231040
16057325,341997789184
16063626,341997789184
16069946,341997789184
16076241,341997789184
16082530,341997789184
16088855,341997789184
16095174,341997789184
16101501,341997789184
16107769,341997789184
16114055,341997789184
16120397,341997789184
16126733,341997789184
16133055,341997789184
16139330,341997789184
16145632,341997789184
16151931,341997789184
16158223,341997789184
16164500,341997789184
16170818,341997789184
16177089,341997789184
16183339,341997789184
16189589,341997789184
16195930,341997789184
16202231,341997789184
16208547,341997789184
16214830,341997789184
16221157,341997789184
16227465,341997789184
16233760,341997789184
16240038,341997789184
16246321,341997789184
16252627,341997789184
16258953,341997789184
16265229,341997789184
16271505,341997789184
16277767,341997789184
16284071,341997789184
16290396,341997789184
16296686,341997789184
16302971,341997789184
16309246,341997789184
16315565,341997789184
16321888,341997789184
16328207,341997789184
16334518,341997789184
16340776,341997789184
16347099,341997789184
16353431,342187274240
16359713,342014836736
16366032,342014836736
16372298,342014836736
16378626,342014836736
16384894,342014836736
16391193,342014836736
16397485,342014836736
16403697,342014836736
16410029,342014836736
16416337,342014836736
16422629,342014857216
16428890,342014857216
16435147,342014857216
16441452,342014857216
16447754,342014857216
16454058,342014857216
16460345,342014857216
16466637,342014857216
16472917,342014857216
16479187,342014857216
16485490,342014857216
16491728,342014857216
16497967,342014857216
16504229,342014857216
16510539,342014857216
16516837,342014857216
16523132,342014857216
16529461,342014857216
16535765,342014857216
16542049,342014857216
16548286,342014857216
16554577,342014857216
16560882,342014857216
16567128,342014857216
16573444,342014857216
16579719,342014857216
16585977,342014857216
16592292,342014857216
16598566,342014857216
16604865,342014857216
16611088,342014857216
16617367,342014857216
16623659,342014857216
16629903,342014857216
16636234,342014857216
16642573,342014857216
16648909,342014857216
16655206,342231982080
16661651,342136692736
16667965,341801140224
16674240,341801140224
16680540,341801140224
16686851,341801140224
16693206,341801140224
16699515,341801140224
16705791,341801140224
16712116,341801140224
16718401,341801140224
16724732,341801156608
16731024,341801156608
16737323,341801156608
16743624,341801156608
16749947,341801156608
16756222,341801156608
16762505,341801156608
16768789,341801156608
16775097,341801156608
16781405,341801156608
16787713,341801156608
16793982,341801156608
16800273,341801156608
16806588,341801156608
16812898,341801156608
16819240,341801156608
16825561,341801156608
16831866,341801156608
16838165,341801156608
16844523,341801156608
16850858,341801156608
16857190,341801156608
16863538,341801156608
16869839,341801156608
16876163,341801156608
16882454,341801156608
16888788,341801156608
16895114,341801156608
16901456,341801156608
16907793,341801156608
16914112,341801156608
16920454,341801156608
16926801,341801156608
16933114,341801156608
16939462,341801156608
16945755,341801156608
16952097,341801156608
16958431,341801156608
16964770,341801156608
16971079,341801156608
16977404,341801156608
16983720,341801156608
16990036,341801156608
16996382,341801156608
17002712,341801156608
17009030,341801156608
17015370,341801156608
17021714,341801156608
17028045,341801156608
17034387,341801156608
17040720,341801156608
17047046,341801156608
17053373,341801156608
17059696,341801156608
17066006,341801156608
17072320,341801156608
17078649,341801156608
17084970,341801156608
17091269,341801156608
17097578,341801156608
17103871,341801156608
17110219,341801156608
17116553,341801156608
17122878,341801156608
17129188,341801156608
17135494,341801156608
17141844,341801156608
17148161,341801156608
17154492,341801156608
17160829,341801156608
17167196,341801156608
17173549,341801156608
17179888,341801156608
17186223,341801156608
17192580,341801156608
17198947,341801156608
17205285,341801156608
17211612,341801156608
17217944,341801156608
17224268,341801156608
17230595,341801156608
17236939,341801156608
17243278,341801156608
17249643,341801156608
17255977,341801156608
17262327,341801156608
17268677,341801156608
17274994,341801156608
17281318,341801156608
17287618,341801156608
17293970,341801156608
17300330,341801156608
17306671,341801156608
17313035,341801156608
17319370,341801156608
17325709,341801156608
17332061,341801156608
17338383,341801156608
17344701,341801156608
17351018,341801156608
17357343,341801156608
17363653,341801156608
17370001,341801156608
17376328,341801156608
17382659,341801156608
17388992,341801156608
17395319,341801156608
17401651,341801156608
17407996,341801156608
17414342,341801156608
17420677,341801156608
17427025,341801156608
17433379,341801156608
17439684,341801156608
17446002,341801156608
17452314,341801156608
17458625,341801156608
17464950,341801156608
17471258,341801156608
17477608,341801156608
17483955,341801156608
17490300,341801156608
17496643,341801156608
17502992,341801156608
17509333,341801156608
17515652,341801156608
17521975,341801156608
17528325,341801156608
17534686,341801156608
17541025,341801156608
17547383,341801156608
17553733,341801156608
17560100,341801156608
17566431,341801156608
17572749,341801156608
17579091,341801156608
17585409,341801156608
17591716,341801156608
17598033,341801156608
17604358,341801156608
17610699,341801156608
17617051,341801156608
17623357,341801156608
17629649,341801156608
17635967,341801156608
17642301,341801156608
17648607,341801156608
17654924,341801156608
17661232,341801156608
17667574,341801156608
17673885,341801156608
17680175,341801156608
17686482,341801156608
17692800,341801156608
17699140,341801156608
17705434,341801156608
17711783,341801156608
17718142,341801156608
17724448,341801156608
17730732,341801156608
17737057,341801156608
17743405,341801156608
17749748,341801156608
17756109,341801156608
17762451,341801156608
17768781,341801156608
17775100,341801156608
17781411,341801156608
17787740,341801156608
17794085,341801156608
17800418,342066868224
17806848,341810225152
17813189,341810225152
17819506,341810225152
17825841,341810225152
17832175,341810225152
17838446,341810225152
17844783,341810225152
17851108,341810225152
17857456,341810225152
17863786,341810225152
17870106,341810229248
17876414,341810229248
17882751,341810229248
17889056,341810229248
17895364,341810229248
17901705,341810229248
17908037,341810229248
17914347,341810229248
17920682,341810229248
17926984,341810229248
17933324,341810229248
17939659,341810229248
17945980,341810229248
17952329,341810229248
17958665,341810229248
17965007,341810229248
17971332,341810229248
17977683,341810229248
17984005,341810229248
17990356,341810229248
17996708,341810229248
18003046,341810229248
18009390,341810229248
18015721,341810229248
18022065,341810229248
18028383,341810229248
18034694,341810229248
18041029,341810229248
18047297,341810229248
18053604,341810229248
18059956,341810229248
18066263,341810229248
18072573,341810229248
18078929,341810229248
18085262,341810229248
18091592,341810229248
18097924,341810229248
18104287,341810229248
18110622,341810229248
18116971,341810229248
18123314,341810229248
18129604,341810229248
18135947,341810229248
18142289,341810229248
18148595,341810229248
18154939,341810229248
18161270,341810229248
18167605,341810229248
18173932,341810229248
18180262,341810229248
18186578,341810229248
18192937,341810229248
18199248,341810229248
18205584,341810229248
18211928,341810229248
18218237,341810229248
18224545,341810229248
18230895,341810229248
18237236,341810229248
18243571,341810229248
18249883,341810229248
18256236,341810229248
18262586,341810229248
18268940,341810229248
18275261,341810229248
18281570,341810229248
18287944,341810229248
18294254,341810229248
18300584,341810229248
18306903,341810229248
18313210,341810229248
18319571,341810229248
18325894,341810229248
18332219,341810229248
18338539,341810229248
18344852,341810229248
18351177,341810229248
18357496,341810229248
18363836,341810229248
18370157,341810229248
18376495,341810229248
18382852,341810229248
18389207,341810229248
18395554,341810229248
18401863,341810229248
18408210,341810229248
18414546,341810229248
18420860,341810229248
18427193,341810229248
18433477,341810229248
18439815,341810229248
18446143,341810229248
18452452,341810229248
18458770,341810229248
18465111,342262640640
18471526,341801721856
18477876,341801721856
18484185,341801721856
18490531,341801721856
18496843,341801721856
18503180,341801721856
18509535,341801721856
18515878,341801721856
18522226,341801721856
18528519,341801750528
18534868,341801750528
18541209,341801750528
18547551,341801750528
18553884,341801750528
18560184,341801750528
18566536,341801750528
18572893,341801750528
18579201,341801750528
18585526,341801750528
18591851,341801750528
18598176,341801750528
18604505,341801750528
18610837,341801750528
18617151,341801750528
18623477,341801750528
18629835,341801750528
18636194,341801750528
18642527,341801750528
18648875,341801750528
18655179,341801750528
18661525,341801750528
18667852,341801750528
18674193,341801750528
18680517,341801750528
18686855,341801750528
18693202,341801750528
18699560,341801750528
18705875,341801750528
18712175,341801750528
18718525,341801750528
18724886,341801750528
18731241,341801750528
18737583,341801750528
18743961,341801750528
18750275,341801750528
18756616,341801750528
18762953,341801750528
18769274,341801750528
18775573,341801750528
18781884,341801750528
18788263,341801750528
18794591,341801750528
18800919,341801750528
18807242,341801750528
18813549,341801750528
18819896,341801750528
18826232,341801750528
18832579,341801750528
18838857,341801750528
18845190,341801750528
18851507,341801750528
18857846,341801750528
18864194,341801750528
18870515,341801750528
18876884,341801750528
18883184,341801750528
18889540,341801750528
18895877,341801750528
18902200,341801750528
18908548,341801750528
18914900,341801750528
18921232,341801750528
18927573,341801750528
18933923,341801750528
18940260,341801750528
18946598,341801750528
18952940,341801750528
18959281,341801750528
18965615,341801750528
18971941,341801750528
18978290,341801750528
18984615,341801750528
18990965,341801750528
18997289,341801750528
19003633,341801750528
19010008,341801750528
19016314,341801750528
19022649,341801750528
19028999,341801750528
19035324,341801750528
19041673,341801750528
19048017,341801750528
19054331,341801750528
19060682,341801750528
19067036,341801750528
19073366,341801750528
19079714,341801750528
19086049,341801750528
19092416,341801750528
19098734,341801750528
19105077,341801750528
19111409,341801750528
19117747,341801750528
19124064,341801750528
19130417,341801750528
19136772,341801750528
19143090,341801750528
19149447,341801750528
19155775,341801750528
19162113,341801750528
19168465,341801750528
19174823,341801750528
19181130,341801750528
19187445,341801750528
19193780,341801750528
19200071,341801750528
19206415,341801750528
19212750,341801750528
19219096,341801750528
19225430,341801750528
19231735,341801750528
19238048,341801750528
19244363,341801750528
19250662,341801750528
19256988,341801750528
19263313,341801750528
19269657,341801750528
19275971,341801750528
19282271,341801750528
19288596,341801750528
19294946,341801750528
19301276,341801750528
19307612,341801750528
19313937,341801750528
19320271,341801750528
19326587,341801750528
19332922,341801750528
19339262,341801750528
19345562,341801750528
19351880,341801750528
19358212,341801750528
19364522,341801750528
19370855,341801750528
19377165,341801750528
19383522,341801750528
19389871,341801750528
19396207,341801750528
19402557,341801750528
19408861,341801750528
19415153,341801750528
19421461,341801750528
19427773,341798043648
19434228,341412749312
19440560,341412749312
19446845,341412749312
19453170,341412749312
19459485,341412749312
19465811,341412749312
19472138,341412749312
19478496,341412749312
19484821,341412749312
19491186,341745459200
19497623,341475508224
19503978,341475508224
19510319,341475508224
19516627,341475508224
19522961,341475508224
19529266,341475508224
19535603,341475508224
19541918,341475508224
19548236,341475508224
19554579,341475508224
19560910,341475508224
19567248,341475508224
19573577,341475508224
19579905,341475508224
19586229,341475508224
19592544,341475508224
19598887,341475508224
19605217,341475508224
19611577,341475508224
19617927,341475508224
19624235,341475508224
19630542,341475508224
19636862,341475508224
19643168,341475508224
19649502,341475508224
19655810,341475508224
19662126,341475508224
19668443,341475508224
19674786,341475508224
19681130,341475508224
19687457,341475508224
19693796,341475508224
19700170,341475508224
19706535,341475508224
19712843,341475508224
19719170,341475508224
19725503,341475508224
19731840,341708025856
19738286,341492535296
19744634,341492535296
19750984,341492535296
19757302,341492535296
19763651,341492535296
19769984,341492535296
19776334,341492535296
19782668,341492535296
19788984,341492535296
19795351,341492535296
19801692,341492539392
19808000,341492539392
19814311,341492539392
19820634,341492539392
19826977,341492539392
19833284,341492539392
19839603,341492539392
19845934,341492539392
19852282,341492539392
19858577,341492539392
19864927,341492539392
19871212,341492539392
19877552,341492539392
19883875,341492539392
19890218,341492539392
19896561,341492539392
19902875,341492539392
19909178,341492539392
19915550,341492539392
19921903,341492539392
19928258,341492539392
19934575,341492539392
19940925,341492539392
19947251,341492539392
19953566,341492539392
19959906,341492539392
19966224,341492539392
19972558,341492539392
19978879,341492539392
19985218,341492539392
19991526,341492539392
19997876,341492539392
20004217,341492539392
20010546,341492539392
20016889,341492539392
20023216,341492539392
20029569,341492539392
20035902,341492539392
20042217,341492539392
20048551,341492539392
20054892,341492539392
20061200,341492539392
20067535,341492539392
20073890,341492539392
20080219,341492539392
20086534,341492539392
20092857,341492539392
20099161,341492539392
20105482,341492539392
20111830,341492539392
20118140,341492539392
20124473,341492539392
20130818,341492539392
20137175,341492539392
20143494,341492539392
20149781,341492539392
20156081,341492539392
20162373,341492539392
20168697,341492539392
20175048,341492539392
20181400,341492539392
20187748,341492539392
20194073,341492539392
20200391,341492539392
20206682,341492539392
20213043,341492539392
20219403,341492539392
20225741,341492539392
20232089,341492539392
20238414,341492539392
20244747,341492539392
20251091,341492539392
20257441,341492539392
20263731,341492539392
20270046,341492539392
20276372,341492539392
20282705,341492539392
20289055,341492539392
20295389,341492539392
20301722,341492539392
20308105,341492539392
20314450,341492539392
20320772,341492539392
20327122,341492539392
20333472,341492539392
20339817,341492539392
20346129,341492539392
20352422,341492539392
20358755,341492539392
20365072,341492539392
20371407,341492539392
20377717,341492539392
20384040,341492539392
20390385,341492539392
20396730,341492539392
20403048,341492539392
20409375,341492539392
20415696,341492539392
20422005,341492539392
20428335,341492539392
20434679,341492539392
20440989,341492539392
20447298,341492539392
20453611,341492539392
20459988,341492539392
20466304,341492539392
20472624,341492539392
20478954,341492539392
20485289,341492539392
20491596,341492539392
20497887,341492539392
20504200,341492539392
20510504,341492539392
20516862,341492539392
20523189,341492539392
20529514,341492539392
20535847,341492539392
20542187,341492539392
20548514,341492539392
20554845,341492539392
20561165,341492539392
20567495,341492539392
20573820,341492539392
20580178,341492539392
20586495,341492539392
20592808,341492539392
20599132,341492539392
20605454,341492539392
20611778,341492539392
20618113,341492539392
20624441,341492539392
20630742,341492539392
20637080,341492539392
20643395,341492539392
20649706,341492539392
20656023,341492539392
20662328,341492539392
20668654,341492539392
20674988,341492539392
20681321,341492539392
20687653,341492539392
20693996,341492539392
20700378,341482496000
20706729,341482467328
20713062,341482467328
20719394,341482467328
20725730,341482467328
20732064,341482467328
20738414,341482467328
20744736,341482467328
20751069,341482467328
20757352,341482467328
20763652,341482471424
20769977,341482471424
20776310,341482471424
20782644,341482471424
20788977,341482471424
20795319,341482471424
20801669,341482471424
20808020,341482471424
20814360,341482471424
20820745,341482471424
20827080,341482471424
20833418,341482471424
20839793,341482471424
20846102,341482471424
20852412,341482471424
20858765,341482471424
20865077,341482471424
20871393,341482471424
20877695,341482471424
20884068,341482471424
20890376,341482471424
20896706,341482471424
20903026,341482471424
20909369,341482471424
20915711,341482471424
20922076,341482471424
20928426,341482471424
20934761,341482471424
20941101,341470609408
20947434,341470789632
20953801,341470789632
20960134,341470789632
20966452,341470789632
20972792,341470789632
20979117,341470789632
20985436,341470789632
20991786,341470789632
20998125,341470789632
21004477,341470789632
21010827,341470789632
21017142,341470789632
21023469,341470789632
21029817,341470789632
21036123,341470789632
21042445,341470789632
21048800,341470789632
21055102,341470789632
21061443,341470789632
21067762,341470789632
21074093,341470789632
21080425,341470789632
21086775,341470789632
21093103,341470789632
21099423,341470789632
21105775,341470789632
21112066,341470789632
21118400,341470789632
21124756,341470789632
21131083,341470789632
21137380,341470789632
21143718,341470789632
21150033,341470789632
21156368,341470789632
21162699,341470789632
21169026,341470789632
21175333,341470789632
21181659,341470789632
21187983,341470789632
21194349,341470789632
21200674,341470789632
21207016,341470789632
21213346,341470789632
21219704,341470789632
21226046,341470789632
21232366,341470789632
21238688,341470789632
21245065,341470789632
21251359,341470789632
21257711,341470789632
21264040,341470789632
21270400,341470789632
21276744,341470789632
21283090,341470789632
21289415,341470789632
21295740,341470789632
21302065,341686681600
21308515,342098845696
21314873,342151585792
21321175,342151585792
21327473,342151585792
21333850,342151585792
21340183,342151585792
21346506,342151585792
21352834,342151585792
21359156,342151585792
21365448,342151585792
21371760,342151585792
21378081,342151585792
21384389,342151585792
21390756,342151585792
21397089,342151585792
21403411,342151585792
21409764,342151585792
21416081,342151585792
21422381,342151585792
21428689,342151585792
21435014,342151585792
21441336,342151585792
21447674,342151585792
21453989,342151585792
21460306,342151585792
21466661,342151585792
21472964,342151585792
21479317,342151585792
21485649,342151585792
21491977,342151585792
21498314,342151585792
21504619,342151585792
21510982,342151585792
21517300,342151585792
21523624,342151585792
21529967,342151585792
21536272,342151585792
21542597,342151585792
21548947,342151585792
21555266,342151585792
21561582,342151585792
21567932,342151585792
21574289,342151585792
21580638,342151585792
21586931,342151585792
21593263,342151585792
21599596,342151585792
21605931,342151585792
21612246,342151585792
21618588,342151585792
21624899,342151585792
21631254,342151585792
21637589,342151585792
21643929,342151585792
21650275,342151585792
21656621,342151585792
21662971,342151585792
21669304,342151585792
21675637,342151585792
21681946,342151585792
21688271,342151585792
21694582,342151585792
21700877,342151585792
21707179,342151585792
21713479,342151585792
21719817,342151585792
21726145,342151585792
21732479,342151585792
21738820,342151585792
21745142,342151585792
21751472,342151585792
21757807,342151585792
21764137,342151585792
21770453,342151585792
21776795,342151585792
21783138,342151585792
21789482,342151585792
21795795,342151585792
21802165,342151585792
21808503,342151585792
21814853,342151585792
21821170,342151585792
21827470,342151585792
21833822,342151585792
21840150,342151585792
21846445,342151585792
21852780,342151585792
21859119,342151585792
21865444,342151585792
21871753,342151585792
21878069,342151585792
21884398,342151585792
21890702,342151585792
21897007,342151585792
21903344,342151585792
21909676,342151585792
21916012,342151585792
21922338,342151585792
21928660,342151585792
21935004,342151585792
21941362,342151585792
21947711,342151585792
21954060,342151585792
21960396,342151585792
21966719,342151585792
21973022,342151585792
21979344,342151585792
21985652,342151585792
21991960,342151585792
21998325,342151585792
22004677,342151585792
22011010,342151585792
22017328,342151585792
22023677,342151585792
22029995,342151585792
22036318,342151585792
22042670,342151585792
22049002,342151585792
22055355,342151585792
22061686,342151585792
22067988,342151585792
22074348,342151585792
22080676,342151585792
22087030,342151585792
22093376,342151585792
22099709,342151585792
22106018,342151585792
22112318,342151585792
22118661,342151585792
22124976,342151585792
22131319,342151585792
22137634,342151585792
22143923,342151585792
22150226,342151585792
22156551,342151585792
22162873,342151585792
22169181,342151585792
22175467,342151585792
22181767,342151585792
22188072,342151585792
22194359,342151585792
22200673,342151585792
22206992,342151585792
22213325,342151585792
22219667,342151585792
22225953,342151585792
22232285,342151585792
22238617,342151585792
22244958,342151585792
22251277,342151585792
22257613,342151585792
22263950,342151581696
22270412,341755310080
22276750,341755310080
22283083,341755310080
22289420,341755310080
22295753,341755310080
22302066,341755310080
22308403,341755310080
22314733,341755310080
22321050,341755310080
22327358,341755310080
22333686,341755314176
22340016,341755314176
22346349,341755314176
22352708,341755314176
22359028,341755314176
22365350,341755314176
22371691,341755314176
22378026,341755314176
22384382,341755314176
22390716,341755314176
22397041,341755314176
22403366,341755314176
22409702,341755314176
22416063,341755314176
22422386,341755314176
22428724,341755314176
22435082,341755314176
22441431,341755314176
22447797,341755314176
22454149,341755314176
22460499,341755314176
22466825,341755314176
22473136,341755314176
22479477,341755314176
22485790,341755314176
22492102,341755314176
22498426,341755314176
22504765,341755314176
22511083,341755314176
22517417,341755314176
22523765,341755314176
22530058,341755314176
22536356,341755314176
22542681,341755314176
22549028,341755314176
22555375,341755314176
22561715,341755314176
22568056,342184079360
22574473,341378564096
22580806,341378564096
22587148,341378564096
22593498,341378564096
22599856,341378564096
22606175,341378564096
22612516,341378564096
22618864,341378564096
22625206,341378564096
22631531,341378564096
22637881,341378564096
22644239,341378564096
22650572,341378564096
22656914,341378564096
22663222,341378564096
22669551,341378564096
22675882,341378564096
22682201,341378564096
22688539,341378564096
22694878,341378564096
22701180,341378564096
22707522,341378564096
22713857,341378564096
22720199,341378564096
22726557,341378564096
22732882,341378564096
22739200,341378564096
22745497,341378564096
22751857,341378564096
22758188,341378564096
22764530,341378564096
22770879,341378564096
22777213,341378564096
22783531,341378564096
22789890,341378564096
22796230,341378564096
22802583,341378564096
22808929,341378564096
22815238,341378564096
22821588,341378564096
22827931,341378564096
22834271,341378564096
22840589,341378564096
22846949,341378564096
22853268,341378564096
22859596,341378564096
22865937,341378564096
22872272,341378564096
22878629,341378564096
22884989,341378564096
22891320,341378564096
22897646,341378564096
22903964,341378564096
22910291,341378564096
22916637,341378564096
22922970,341378564096
22929270,341378564096
22935564,341378564096
22941887,341378564096
22948220,341378564096
22954562,341378564096
22960834,341378564096
22967178,341378564096
22973490,341378564096
22979820,341378564096
22986172,341378564096
22992532,341376831488
22998828,341376892928
23005152,341376892928
23011453,341376892928
23017771,341376892928
23024120,341376892928
23030461,341376892928
23036816,341376892928
23043138,341376892928
23049445,341376892928
23055811,341376892928
23062144,341376892928
23068486,341376892928
23074844,341376892928
23081177,341376892928
23087489,341376892928
23093819,341376892928
23100161,341376892928
23106452,341376892928
23112756,341376892928
23119039,341376892928
23125341,341376892928
23131661,341376892928
23137979,341376892928
23144289,341376892928
23150613,341376892928
23156908,341376892928
23163233,341376892928
23169548,341376892928
23175873,341376892928
23182185,341376892928
23188497,341376892928
23194863,341376892928
23201159,341376892928
23207481,341376892928
23213807,341376892928
23220142,341376892928
23226481,341376892928
23232806,341376892928
23239131,341376892928
23245466,341376892928
23251772,341376892928
23258105,341376892928
23264439,341376892928
23270759,341376892928
23277064,341376892928
23283374,341376892928
23289679,341376892928
23295965,341376892928
23302288,341376892928
23308615,341376892928
23314963,341376892928
23321272,341376892928
23327623,341376892928
23333958,341376892928
23340288,341376892928
23346630,341376892928
23352978,341754290176
23359432,341436555264
23365807,341436555264
23372163,341436555264
23378513,341436555264
23384838,341436555264
23391156,341436555264
23397513,341436555264
23403856,341436555264
23410188,341436555264
23416496,341436555264
23422829,341436555264
23429146,341436555264
23435446,341436555264
23441724,341436555264
23448079,341436555264
23454373,341436555264
23460716,341436555264
23467046,341436555264
23473387,341436555264
23479712,341436555264
23486048,341436555264
23492382,341436555264
23498712,341436555264
23505056,341436555264
23511379,341436555264
23517722,341436555264
23524074,341436555264
23530433,341436555264
23536752,341436555264
23543097,341436555264
23549432,341436555264
23555767,341436555264
23562095,341436555264
23568397,341436555264
23574705,341436555264
23581048,341436555264
23587378,341436555264
23593713,341436555264
23600070,341436555264
23606436,341436555264
23612761,341436555264
23619046,341436555264
23625370,341436555264
23631711,341436555264
23638053,341436555264
23644395,341436555264
23650743,341436555264
23657053,341436555264
23663381,341436555264
23669728,341436555264
23676078,341436555264
23682386,341436555264
23688719,341436555264
23695048,341436555264
23701386,341436555264
23707681,341436555264
23713982,341434200064
23720466,341430087680
23726831,341430087680
23733152,341430087680
23739494,341430087680
23745844,341430087680
23752194,341430087680
23758527,341430087680
23764810,341430087680
23771135,341430087680
23777460,341430087680
23783804,341430099968
23790135,341430099968
23796512,341430099968
23802818,341430099968
23809140,341430099968
23815485,341430099968
23821795,341430099968
23828145,341430099968
23834445,341430099968
23840793,341430099968
23847126,341430099968
23853476,341430099968
23859818,341430099968
23866160,341430099968
23872460,341430099968
23878778,341430099968
23885113,341430099968
23891451,341430099968
23897813,341430099968
23904168,341430099968
23910488,341430099968
23916809,341430099968
23923159,341430099968
23929478,341430099968
23935821,341430099968
23942129,341430099968
23948460,341430099968
23954770,341430099968
23961109,341430099968
23967446,341430099968
23973792,341430099968
23980143,341430099968
23986489,341430099968
23992817,341430099968
23999152,341430099968
24005501,341430099968
24011859,341430099968
24018195,341430099968
24024529,341430099968
24030860,341430099968
24037175,341430099968
24043493,341430099968
24049835,341430099968
24056177,341430099968
24062512,341430099968
24068845,341430099968
24075192,341430099968
24081530,341430099968
24087875,341430099968
24094208,341430099968
24100525,341430099968
24106825,341430099968
24113153,341430099968
24119493,341430099968
24125811,341430099968
24132141,341430099968
24138476,341430099968
24144801,341430099968
24151116,341430099968
24157474,341430099968
24163799,341430099968
24170118,341430099968
24176433,341430099968
24182757,341430099968
24189071,341430099968
24195407,341430099968
24201716,341430099968
24208016,341430099968
24214332,341430099968
24220615,341430099968
24226957,341430099968
24233290,341430099968
24239625,341430099968
24245949,341430099968
24252287,341430099968
24258601,341430099968
24264923,341430099968
24271273,341430099968
24277585,341430099968
24283915,341430099968
24290257,341430099968
24296598,341430099968
24302901,341430099968
24309233,341430099968
24315581,341430099968
24321891,341430099968
24328231,341430099968
24334556,341430099968
24340890,341430099968
24347240,341430099968
24353583,341430099968
24359928,341430099968
24366244,341430099968
24372573,341430099968
24378873,341430099968
24385214,341430099968
24391576,341430099968
24397923,341430099968
24404289,341430099968
24410633,341430099968
24416981,341430099968
24423317,341430099968
24429672,341430099968
24436016,341430099968
24442357,341430099968
24448705,341430099968
24455047,341430099968
24461389,341430099968
24467730,341430099968
24474055,341430099968
24480414,341430099968
24486780,341430099968
24493100,341430099968
24499455,341430099968
24505774,341430099968
24512122,341430099968
24518455,341430099968
24524785,341430099968
24531140,341430099968
24537432,341430099968
24543805,341430099968
24550113,341430099968
24556487,341430099968
24562796,341430099968
24569121,341430099968
24575454,341430099968
24581785,341430099968
24588080,341430099968
24594385,341430099968
24600729,341430099968
24607029,341430099968
24613338,341430099968
24619656,341430099968
24625972,341430099968
24632304,341430099968
24638654,341430099968
24644966,341430099968
24651304,341430099968
24657587,341430099968
24663888,341430099968
24670215,341430099968
24676514,341430099968
24682821,341430099968
24689171,341430099968
24695504,341430099968
24701818,341430099968
24708119,341430099968
24714454,341430099968
24720785,341430099968
24727080,341430099968
24733414,341430099968
24739732,341430099968
24746042,341430099968
24752337,341430099968
24758645,341430099968
24764970,341430099968
24771297,341430099968
24777605,341430099968
24783919,341430099968
24790245,341430099968
24796580,341430099968
24802913,341430099968
24809271,341430099968
24815605,341430099968
24821943,341430099968
24828253,341430099968
24834570,341430099968
24840936,341430099968
24847239,341430099968
24853573,341430099968
24859898,341430099968
24866188,341430099968
24872537,341430099968
24878871,341430099968
24885184,341430099968
24891506,341430099968
24897806,341430099968
24904156,341430099968
24910487,341430099968
24916813,341430099968
24923127,341430099968
24929452,341430099968
24935794,341430099968
24942137,341430099968
24948476,341430099968
24954802,341430099968
24961089,341430099968
24967437,341430099968
24973777,341430099968
24980118,341438398464
24986628,341434580992
24992968,341434580992
24999318,341434580992
25005652,341434580992
25011970,341434580992
25018282,341434580992
25024601,341434580992
25030936,341434580992
25037303,341434580992
25043645,341434580992
25049970,341434593280
25056315,341434593280
25062653,341434593280
25069030,341434593280
25075340,341434593280
25081703,341434593280
25088054,341434593280
25094378,341434593280
25100746,341434593280
25107113,341434593280
25113459,341434593280
25119784,341434593280
25126139,341434593280
25132484,341434593280
25138826,341434593280
25145142,341434593280
25151479,341434593280
25157809,341434593280
25164125,341434593280
25170435,341434593280
25176777,341434593280
25183134,341434593280
25189489,341434593280
25195817,341434593280
25202169,341434593280
25208533,341434593280
25214867,341434593280
25221193,341434593280
25227535,341434593280
25233852,341434593280
25240183,341434593280
25246522,341434593280
25252867,341434593280
25259233,341434593280
25265591,341434593280
25271900,341434593280
25278251,341434593280
25284598,341434593280
25290933,341434593280
25297263,341434593280
25303616,341434593280
25309974,341434593280
25316258,341434593280
25322616,341434593280
25328949,341434593280
25335266,341434593280
25341599,341434593280
25347916,341434593280
25354219,341434593280
25360560,341434593280
25366894,341434593280
25373217,341434593280
25379541,341434593280
25385886,341434593280
25392209,341434593280
25398560,341434593280
25404871,341434593280
25411207,341434593280
25417535,341434593280
25423832,341434593280
25430158,341434593280
25436490,341434593280
25442825,341434593280
25449202,341434593280
25455542,341434593280
25461850,341434593280
25468182,341434593280
25474507,341434593280
25480840,341434593280
25487170,341434593280
25493500,341434593280
25499840,341434593280
25506181,341434593280
25512488,341434593280
25518808,341434593280
25525200,341463425024
25531493,341463633920
25537823,341463633920
25544156,341463633920
25550489,341463633920
25556851,341463633920
25563164,341463633920
25569481,341463633920
25575799,341463633920
25582144,341463633920
25588466,341463633920
25594799,341463633920
25601134,341463633920
25607474,341463633920
25613809,341463633920
25620146,341463633920
25626433,341463633920
25632739,341463633920
25639066,341463633920
25645417,341463633920
25651766,341463633920
25658099,341463633920
25664414,341463633920
25670747,341463633920
25677080,341463633920
25683405,341463633920
25689697,341463633920
25695997,341463633920
25702350,341463633920
25708676,341463633920
25715028,341463633920
25721372,341463633920
25727690,341463633920
25733996,341463633920
25740343,341463633920
25746680,341463633920
25753043,341463633920
25759355,341463633920
25765671,341463633920
25772023,341463633920
25778333,341463633920
25784638,341463633920
25790973,341463633920
25797290,341463633920
25803619,341463633920
25809965,341463633920
25816300,341463633920
25822576,341463633920
25828912,341463633920
25835225,341463633920
25841526,341463633920
25847831,341463633920
25854146,341463633920
25860504,341463633920
25866806,341463633920
25873154,341463633920
25879479,341463633920
25885780,341463633920
25892102,341463633920
25898373,341463633920
25904661,341463633920
25910995,341463633920
25917354,341463633920
25923678,341463633920
25929995,341463633920
25936340,341463633920
25942663,341463633920
25948987,341463633920
25955312,341463633920
25961672,341463633920
25967945,341463633920
25974271,341463633920
25980560,341463633920
25986890,341463633920
25993211,341463633920
25999521,341463633920
26005865,341463633920
26012170,341463633920
26018486,341463633920
26024836,341463633920
26031178,341463633920
26037463,341463633920
26043803,341463633920
26050128,341463633920
26056439,341463633920
26062794,341463633920
26069102,341463633920
26075428,341463633920
26081761,341463633920
26088081,341463633920
26094402,341463633920
26100752,341463633920
26107084,341463633920
26113410,341463633920
26119737,341463633920
26126044,341463633920
26132394,341463633920
26138719,341463633920
26145035,341463633920
26151352,341463633920
26157644,341463633920
26163960,341463633920
26170268,341463633920
26176602,341463633920
26182895,341463633920
26189185,341463633920
26195477,341463633920
26201810,341463633920
26208128,341463633920
26214468,341463633920
26220815,341463633920
26227147,341463633920
26233485,341463633920
26239795,341463633920
26246118,341463633920
26252476,341463633920
26258813,341463633920
26265119,341463633920
26271440,341463633920
26277789,341463633920
26284119,341463633920
26290442,341463633920
26296741,341463633920
26303089,341463633920
26309432,341463633920
26315752,341463633920
26322076,341463633920
26328376,341463633920
26334711,341463633920
26341055,341463633920
26347361,341463633920
26353669,341463633920
26359992,341463633920
26366317,341463633920
26372625,341463633920
26378959,341463633920
26385295,341463633920
26391661,341463633920
26397975,341463633920
26404326,341463633920
26410625,341463633920
26416942,341463633920
26423258,341463633920
26429542,341463633920
26435842,341463633920
26442167,341463633920
26448525,341463633920
26454863,341463633920
26461200,341463633920
26467516,341463633920
26473876,341463633920
26480183,341463633920
26486458,341463633920
26492773,341463633920
26499121,341463633920
26505433,341463633920
26511776,341463633920
26518099,341463633920
26524431,341463633920
26530768,341463633920
26537087,341463633920
26543424,341463633920
26549778,341463633920
26556082,341463633920
26562427,341463633920
26568766,341463633920
26575094,341463633920
26581419,341463633920
26587769,341463633920
26594117,341463633920
26600471,341463633920
26606817,341463633920
26613177,341463633920
26619500,341463633920
26625809,341463633920
26632150,341463633920
26638509,341463633920
26644833,341463633920
26651140,341463633920
26657477,341463633920
26663807,341463633920
26670117,341463633920
26676453,341463633920
26682756,341463633920
26689067,341463633920
26695398,341463633920
26701748,341463633920
26708091,341463633920
26714455,341463633920
26720765,341463633920
26727075,341463633920
26733406,341463633920
26739720,341463633920
26746039,341463633920
26752402,341463633920
26758706,341463633920
26765053,341463633920
26771399,341463633920
26777734,341463633920
26784047,341463633920
26790372,341463633920
26796697,341463633920
26803031,341463633920
26809361,341463633920
26815701,341463633920
26822049,341463633920
26828397,341463633920
26834739,341463633920
26841105,341463633920
26847439,341463633920
26853849,341783887872
26860284,341462990848
26866625,341462990848
26872949,341462990848
26879274,341462990848
26885642,341462990848
26891990,341462990848
26898317,341462990848
26904630,341462990848
26910932,341462990848
26917263,341463003136
26923598,341463003136
26929981,341463003136
26936321,341463003136
26942646,341463003136
26948980,341463003136
26955278,341463003136
26961608,341463003136
26967936,341463003136
26974268,341721321472
26980663,341476818944
26986999,341476818944
26993313,341476818944
26999684,341476818944
27006004,341476818944
27012374,341476818944
27018729,341476818944
27025062,341476818944
27031412,341476818944
27037754,341476818944
27044071,341476818944
27050362,341476818944
27056712,341476818944
27063036,341476818944
27069364,341476818944
27075711,341476818944
27082020,341476818944
27088353,341476818944
27094678,341476818944
27101029,341476818944
27107357,341476818944
27113707,341476818944
27120012,341476818944
27126322,341476818944
27132665,341476818944
27138978,341476818944
27145295,341476818944
27151620,341476818944
27157938,341476818944
27164271,341476818944
27170612,341476818944
27176924,341476818944
27183228,341476818944
27189570,341476818944
27195903,341476818944
27202188,341476818944
27208518,341476818944
27214819,341476818944
27221161,341476818944
27227478,341476818944
27233828,341476818944
27240163,341476818944
27246469,341476818944
27252761,341476818944
27259063,341476818944
27265369,341476818944
27271705,341476818944
27278029,341476818944
27284330,341476818944
27290677,341476818944
27296984,341476818944
27303304,341476818944
27309635,341476818944
27315964,341476818944
27322260,341476818944
27328560,341476818944
27334877,341476818944
27341230,341476818944
27347552,341476818944
27353868,341476818944
27360228,341476818944
27366552,341476818944
27372893,341476818944
27379232,341476818944
27385549,341476818944
27391887,341476818944
27398252,341476818944
27404601,341476818944
27410912,341476818944
27417225,341476818944
27423560,341476818944
27429903,341476818944
27436226,341476818944
27442519,341476818944
27448826,341476818944
27455134,341476818944
27461453,341476818944
27467761,341476818944
27474063,341476818944
27480393,341476818944
27486722,341476818944
27493059,341476818944
27499384,341476818944
27505736,341476818944
27512023,341476818944
27518334,341476818944
27524637,341476818944
27530974,341476818944
27537294,341476818944
27543615,341476818944
27549937,341476818944
27556259,341476818944
27562579,341476818944
27568935,341476818944
27575261,341476818944
27581600,341476818944
27587900,341476818944
27594215,341476818944
27600525,341476818944
27606868,341476818944
27613202,341476818944
27619565,341476818944
27625867,341476818944
27632219,341476818944
27638558,341476818944
27644881,341476818944
27651175,341476818944
27657508,341476818944
27663833,341476818944
27670180,341476818944
27676552,341476818944
27682853,341476818944
27689158,341476818944
27695490,341476818944
27701809,341476818944
27708100,341476818944
27714432,341476818944
27720757,341476818944
27727108,341476818944
27733428,341476818944
27739757,341476818944
27746102,341476818944
27752391,341476818944
27758666,341476818944
27765001,341476818944
27771340,341476818944
27777692,341476818944
27784015,341476818944
27790315,341476818944
27796659,341476818944
27802975,341476818944
27809307,341476818944
27815624,341476818944
27821940,341476818944
27828282,341476818944
27834612,341476818944
27840960,341476818944
27847240,341476818944
27853560,341476818944
27859882,341476818944
27866248,341476818944
27872530,341476818944
27878832,341712359424
27885156,341476921344
27891490,341476921344
27897850,341476921344
27904181,341476921344
27910508,341476921344
27916848,341476921344
27923181,341476921344
27929499,341476921344
27935856,341476921344
27942181,341476929536
27948523,341476929536
27954881,341476929536
27961184,341476929536
27967530,341476929536
27973864,341476929536
27980206,341476929536
27986545,341476929536
27992914,341476929536
27999256,341476929536
28005614,341476929536
28011968,341476929536
28018324,341476929536
28024664,341476929536
28030964,341476929536
28037316,341476929536
28043625,341476929536
28049952,341476929536
28056282,341476929536
28062639,341476929536
28068980,341476929536
28075297,341476929536
28081607,341476929536
28087963,341476929536
28094280,341476929536
28100640,341476929536
28106930,341476929536
28113222,341476929536
28119538,341476929536
28125880,341476929536
28132190,341476929536
28138488,341476929536
28144766,341476929536
28151115,341476929536
28157458,341476929536
28163771,341476929536
28170079,341476929536
28176389,341476929536
28182753,341476929536
28189106,341476929536
28195451,341476929536
28201801,341476929536
28208142,341476929536
28214454,341476929536
28220754,341476929536
28227087,341476929536
28233381,341476929536
28239737,341476929536
28246057,341476929536
28252396,341476929536
28258709,341476929536
28265012,341476929536
28271330,341476929536
28277670,341476929536
28284020,341476929536
28290358,341476929536
28296654,341476929536
28302972,341476929536
28309264,341476929536
28315572,341476929536
28321890,341476929536
28328215,341476929536
28334515,341476929536
28340845,341476929536
28347187,341476929536
28353486,341476929536
28359820,341476929536
28366136,341476929536
28372453,341476929536
28378786,341476929536
28385140,341476929536
28391465,341476929536
28397772,341476929536
28404111,341476929536
28410411,341476929536
28416761,341476929536
28423104,341476929536
28429471,341476929536
28435744,341476929536
28442060,341476929536
28448396,341476929536
28454736,341476929536
28461062,341476929536
28467401,341476929536
28473778,341476929536
28480121,341476929536
28486437,341476929536
28492777,341476929536
28499086,341476929536
28505419,341476929536
28511729,341476929536
28518049,341476929536
28524370,341476929536
28530710,341476929536
28537030,341476929536
28543366,341476929536
28549730,341476929536
28556060,341476929536
28562402,341476929536
28568760,341476929536
28575123,341476929536
28581393,341476929536
28587760,341476929536
28594085,341476929536
28600401,341476929536
28606701,341476929536
28613028,341476929536
28619380,341476929536
28625718,341476929536
28632055,341476929536
28638410,341476929536
28644720,341476929536
28651055,341476929536
28657363,341476929536
28663701,341476929536
28670059,341476929536
28676402,341476929536
28682759,341476929536
28689118,341476929536
28695484,341476929536
28701824,341476929536
28708145,341476929536
28714459,341476929536
28720767,341476929536
28727088,341476929536
28733411,341476929536
28739742,341476929536
28746054,341476929536
28752385,341476929536
28758704,341476929536
28765044,341476929536
28771362,341476929536
28777685,341476929536
28784000,341476929536
28790350,341476929536
28796700,341476929536
28803033,341476929536
28809342,341476929536
28815680,341476929536
28822017,341476929536
28828333,341476929536
28834683,341476929536
28840991,341476929536
28847326,341476929536
28853646,341476929536
28859926,341476929536
28866250,341476929536
28872601,341476929536
28878921,341476929536
28885266,341476929536
28891601,341476929536
28897936,341476929536
28904249,341476929536
28910570,341476929536
28916894,341476929536
28923193,341476929536
28929509,341476929536
28935821,341476929536
28942176,341476929536
28948499,341476929536
28954854,341476929536
28961181,341476929536
28967499,341476929536
28973821,341476929536
28980140,341476929536
28986465,341476929536
28992791,341476929536
28999126,341476929536
29005429,341476929536
29011777,341476929536
29018106,341476929536
29024420,341476929536
29030742,341476929536
29037065,341476929536
29043398,341476929536
29049751,341476929536
29056063,341476929536
29062407,341476929536
29068752,341476929536
29075068,341476929536
29081370,341476929536
29087667,341476929536
29094017,341476929536
29100365,341476929536
29106698,341476929536
29113023,341476929536
29119373,341476929536
29125698,341476929536
29131990,341476929536
29138295,341476929536
29144648,341476929536
29150966,341476929536
29157306,341476929536
29163646,341476929536
29169984,341476929536
29176301,341476929536
29182614,341476929536
29188947,341476929536
29195271,341476929536
29201556,341476929536
29207895,341476929536
29214249,341476929536
29220576,341476929536
29226902,341476929536
29233247,341476929536
29239539,341476929536
29245839,341476929536
29252172,341476929536
29258475,341476929536
29264807,341470064640
29271132,341470187520
29277482,341470187520
29283822,341470187520
29290142,341470187520
29296463,341470187520
29302791,341470187520
29309082,341470187520
29315363,341470187520
29321674,341470187520
29327866,342018007040
29334119,342179262464
29340273,342104555520
29346420,342104555520
29352533,342104555520
29358672,342104555520
29364796,342104555520
29370976,342104555520
29377173,342104555520
29383305,342104555520
