timestamp_ms,value
18398,0
18402,100
18406,200
18409,300
18412,400
18414,500
18418,600
18420,700
18424,800
18426,900
18429,1000
18432,1100
18435,1200
18438,1300
18440,1400
18443,1500
18446,1600
18449,1700
18452,1800
18454,1900
18458,2000
18460,2100
18463,2200
18466,2300
18469,2400
18472,2500
18475,2600
18477,2700
18480,2800
18483,2900
18486,3000
18488,3100
18491,3200
18494,3300
18497,3400
18499,3500
18503,3600
18506,3700
18508,3800
18511,3900
18514,4000
18517,4100
18520,4200
18522,4300
18525,4400
18528,4500
18530,4600
18533,4700
18536,4800
18539,4900
18542,5000
18545,5100
18547,5200
18550,5300
18553,5400
18556,5500
18559,5600
18561,5700
18564,5800
18567,5900
18570,6000
18573,6100
18576,6200
18579,6300
18582,6400
18584,6500
18587,6600
18590,6700
18593,6800
18596,6900
18599,7000
18601,7100
18604,7200
18607,7300
18610,7400
18613,7500
18616,7600
18618,7700
18621,7800
18624,7900
18627,8000
18630,8100
18633,8200
18636,8300
18639,8400
18642,8500
18644,8600
18647,8700
18650,8800
18653,8900
18656,9000
18658,9100
18661,9200
18664,9300
18667,9400
18670,9500
18673,9600
18675,9700
18678,9800
18681,9900
18843,10000
18846,10100
18849,10200
18853,10300
18856,10400
18859,10500
18861,10600
18864,10700
18867,10800
18870,10900
18873,11000
18876,11100
18878,11200
18881,11300
18884,11400
18887,11500
18890,11600
18893,11700
18896,11800
18899,11900
18902,12000
18905,12100
18908,12200
18910,12300
18913,12400
18916,12500
18919,12600
18922,12700
18925,12800
18927,12900
18930,13000
18933,13100
18936,13200
18939,13300
18942,13400
18944,13500
18947,13600
18950,13700
18953,13800
18956,13900
18958,14000
18961,14100
18964,14200
18967,14300
18970,14400
18973,14500
18976,14600
18978,14700
18981,14800
18984,14900
18987,15000
18990,15100
18993,15200
18995,15300
18998,15400
19001,15500
19004,15600
19006,15700
19009,15800
19012,15900
19015,16000
19017,16100
19020,16200
19023,16300
19026,16400
19029,16500
19031,16600
19034,16700
19037,16800
19040,16900
19043,17000
19045,17100
19048,17200
19051,17300
19054,17400
19057,17500
19060,17600
19063,17700
19065,17800
19068,17900
19072,18000
19075,18100
19078,18200
19080,18300
19083,18400
19086,18500
19089,18600
19092,18700
19095,18800
19097,18900
19100,19000
19103,19100
19106,19200
19109,19300
19111,19400
19114,19500
19117,19600
19120,19700
19123,19800
19126,19900
19153,20000
19156,20100
19158,20200
19161,20300
19164,20400
19167,20500
19170,20600
19173,20700
19176,20800
19180,20900
19183,21000
19186,21100
19189,21200
19191,21300
19194,21400
19196,21500
19199,21600
19202,21700
19205,21800
19208,21900
19211,22000
19214,22100
19216,22200
19219,22300
19222,22400
19225,22500
19227,22600
19230,22700
19233,22800
19236,22900
19239,23000
19242,23100
19245,23200
19247,23300
19250,23400
19253,23500
19256,23600
19259,23700
19262,23800
19265,23900
19268,24000
19271,24100
19274,24200
19277,24300
19279,24400
19282,24500
19285,24600
19288,24700
19291,24800
19294,24900
19297,25000
19300,25100
19302,25200
19305,25300
19308,25400
19311,25500
19314,25600
19317,25700
19320,25800
19322,25900
19325,26000
19328,26100
19331,26200
19334,26300
19337,26400
19340,26500
19343,26600
19345,26700
19348,26800
19351,26900
19354,27000
19357,27100
19360,27200
19363,27300
19365,27400
19368,27500
19371,27600
19374,27700
19377,27800
19379,27900
19382,28000
19385,28100
19388,28200
19391,28300
19394,28400
19397,28500
19399,28600
19402,28700
19406,28800
19409,28900
19411,29000
19414,29100
19417,29200
19420,29300
19423,29400
19426,29500
19429,29600
19432,29700
19435,29800
19438,29900
19462,30000
19465,30100
19468,30200
19471,30300
19474,30400
19476,30500
19479,30600
19482,30700
19485,30800
19488,30900
19491,31000
19493,31100
19496,31200
19499,31300
19502,31400
19505,31500
19508,31600
19510,31700
19513,31800
19516,31900
19519,32000
19522,32100
19525,32200
19527,32300
19530,32400
19533,32500
19536,32600
19539,32700
19542,32800
19545,32900
19548,33000
19551,33100
19554,33200
19557,33300
19560,33400
19562,33500
19565,33600
19568,33700
19571,33800
19574,33900
19577,34000
19580,34100
19582,34200
19585,34300
19588,34400
19591,34500
19594,34600
19597,34700
19600,34800
19603,34900
19606,35000
19609,35100
19611,35200
19614,35300
19617,35400
19620,35500
19623,35600
19626,35700
19628,35800
19631,35900
19634,36000
19637,36100
19640,36200
19643,36300
19646,36400
19649,36500
19652,36600
19655,36700
19658,36800
19661,36900
19663,37000
19666,37100
19669,37200
19672,37300
19675,37400
19678,37500
19681,37600
19684,37700
19687,37800
19690,37900
19693,38000
19695,38100
19698,38200
19701,38300
19705,38400
19708,38500
19711,38600
19713,38700
19716,38800
19719,38900
19722,39000
19726,39100
19728,39200
19731,39300
19734,39400
19737,39500
19741,39600
19743,39700
19746,39800
19749,39900
19776,40000
19779,40100
19783,40200
19786,40300
19789,40400
19793,40500
19795,40600
19799,40700
19802,40800
19805,40900
19808,41000
19811,41100
19814,41200
19817,41300
19820,41400
19823,41500
19826,41600
19829,41700
19832,41800
19835,41900
19838,42000
19841,42100
19844,42200
19847,42300
19850,42400
19853,42500
19856,42600
19859,42700
19862,42800
19865,42900
19868,43000
19871,43100
19874,43200
19877,43300
19880,43400
19883,43500
19886,43600
19890,43700
19893,43800
19895,43900
19899,44000
19902,44100
19905,44200
19908,44300
19910,44400
19914,44500
19917,44600
19920,44700
19923,44800
19926,44900
19929,45000
19931,45100
19934,45200
19937,45300
19941,45400
19944,45500
19946,45600
19949,45700
19953,45800
19956,45900
19959,46000
19962,46100
19965,46200
19968,46300
19971,46400
19974,46500
19977,46600
19980,46700
19983,46800
19987,46900
19990,47000
19993,47100
19996,47200
20000,47300
20003,47400
20006,47500
20009,47600
20012,47700
20015,47800
20018,47900
20021,48000
20024,48100
20027,48200
20030,48300
20033,48400
20036,48500
20039,48600
20042,48700
20045,48800
20048,48900
20052,49000
20055,49100
20059,49200
20062,49300
20065,49400
20068,49500
20071,49600
20075,49700
20078,49800
20082,49900
20112,50000
20115,50100
20118,50200
20121,50300
20124,50400
20127,50500
20130,50600
20133,50700
20137,50800
20140,50900
20144,51000
20148,51100
20151,51200
20154,51300
20158,51400
20161,51500
20164,51600
20168,51700
20175,51800
20179,51900
20182,52000
20186,52100
20189,52200
20192,52300
20196,52400
20199,52500
20202,52600
20206,52700
20210,52800
20213,52900
20216,53000
20220,53100
20224,53200
20228,53300
20231,53400
20235,53500
20238,53600
20242,53700
20245,53800
20249,53900
20252,54000
20255,54100
20259,54200
20262,54300
20265,54400
20269,54500
20272,54600
20275,54700
20279,54800
20282,54900
20286,55000
20289,55100
20293,55200
20296,55300
20300,55400
20303,55500
20307,55600
20311,55700
20314,55800
20318,55900
20322,56000
20325,56100
20329,56200
20332,56300
20336,56400
20340,56500
20343,56600
20346,56700
20350,56800
20353,56900
20357,57000
20360,57100
20363,57200
20367,57300
20370,57400
20374,57500
20378,57600
20381,57700
20385,57800
20389,57900
20393,58000
20396,58100
20400,58200
20403,58300
20407,58400
20411,58500
20414,58600
20418,58700
20422,58800
20425,58900
20429,59000
20433,59100
20437,59200
20441,59300
20445,59400
20448,59500
20452,59600
20456,59700
20460,59800
20463,59900
20490,60000
20494,60100
20498,60200
20502,60300
20505,60400
20510,60500
20514,60600
20518,60700
20522,60800
20526,60900
20530,61000
20535,61100
20538,61200
20542,61300
20546,61400
20550,61500
20554,61600
20558,61700
20561,61800
20565,61900
20569,62000
20573,62100
20577,62200
20581,62300
20584,62400
20588,62500
20593,62600
20597,62700
20600,62800
20604,62900
20608,63000
20611,63100
20616,63200
20620,63300
20625,63400
20629,63500
20633,63600
20637,63700
20641,63800
20645,63900
20649,64000
20653,64100
20657,64200
20661,64300
20664,64400
20669,64500
20672,64600
20676,64700
20680,64800
20684,64900
20688,65000
20692,65100
20696,65200
20699,65300
20703,65400
20707,65500
20714,65600
20721,65700
20727,65800
20732,65900
20739,66000
20745,66100
20751,66200
20756,66300
20761,66400
20766,66500
20771,66600
20776,66700
20781,66800
20788,66900
20794,67000
20799,67100
20803,67200
20814,67300
20825,67400
20830,67500
20834,67600
20839,67700
20844,67800
20850,67900
20856,68000
20861,68100
20866,68200
20871,68300
20876,68400
20882,68500
20888,68600
20893,68700
20898,68800
20903,68900
20909,69000
20915,69100
20919,69200
20926,69300
20931,69400
20936,69500
20942,69600
20948,69700
20953,69800
20958,69900
20990,70000
20996,70100
21002,70200
21008,70300
21012,70400
21017,70500
21023,70600
21029,70700
21034,70800
21042,70900
21046,71000
21052,71100
21057,71200
21061,71300
21065,71400
21069,71500
21074,71600
21078,71700
21082,71800
21087,71900
21092,72000
21098,72100
21103,72200
21107,72300
21112,72400
21117,72500
21122,72600
21128,72700
21133,72800
21138,72900
21141,73000
21146,73100
21151,73200
21158,73300
21162,73400
21167,73500
21171,73600
21176,73700
21180,73800
21185,73900
21191,74000
21195,74100
21199,74200
21203,74300
21208,74400
21212,74500
21216,74600
21221,74700
21227,74800
21232,74900
21239,75000
21244,75100
21250,75200
21254,75300
21259,75400
21264,75500
21269,75600
21273,75700
21277,75800
21282,75900
21287,76000
21291,76100
21296,76200
21301,76300
21305,76400
21310,76500
21315,76600
21320,76700
21324,76800
21329,76900
21333,77000
21338,77100
21342,77200
21347,77300
21352,77400
21357,77500
21361,77600
21366,77700
21371,77800
21376,77900
21380,78000
21384,78100
21389,78200
21394,78300
21399,78400
21404,78500
21408,78600
21413,78700
21418,78800
21424,78900
21429,79000
21434,79100
21439,79200
21443,79300
21448,79400
21454,79500
21460,79600
21464,79700
21469,79800
21475,79900
21503,80000
21509,80100
21513,80200
21517,80300
21523,80400
21528,80500
21532,80600
21537,80700
21542,80800
21547,80900
21552,81000
21558,81100
21565,81200
21572,81300
21580,81400
21585,81500
21592,81600
21596,81700
21603,81800
21607,81900
21613,82000
21618,82100
21624,82200
21630,82300
21636,82400
21640,82500
21645,82600
21651,82700
21660,82800
21665,82900
21671,83000
21676,83100
21683,83200
21689,83300
21695,83400
21701,83500
21707,83600
21713,83700
21719,83800
21724,83900
21729,84000
21735,84100
21741,84200
21747,84300
21752,84400
21757,84500
21762,84600
21768,84700
21773,84800
21778,84900
21783,85000
21789,85100
21793,85200
21798,85300
21803,85400
21807,85500
21812,85600
21817,85700
21822,85800
21827,85900
21832,86000
21838,86100
21844,86200
21851,86300
21857,86400
21863,86500
21869,86600
21875,86700
21881,86800
21888,86900
21894,87000
21900,87100
21905,87200
21911,87300
21915,87400
21921,87500
21926,87600
21932,87700
21938,87800
21943,87900
21949,88000
21954,88100
21960,88200
21965,88300
21970,88400
21975,88500
21980,88600
21984,88700
21988,88800
21994,88900
21998,89000
22004,89100
22008,89200
22013,89300
22018,89400
22022,89500
22027,89600
22031,89700
22036,89800
22042,89900
22081,90000
22085,90100
22089,90200
22093,90300
22098,90400
22103,90500
22108,90600
22112,90700
22117,90800
22122,90900
22127,91000
22131,91100
22136,91200
22141,91300
22145,91400
22150,91500
22154,91600
22158,91700
22162,91800
22167,91900
22172,92000
22187,92100
22199,92200
22204,92300
22208,92400
22213,92500
22217,92600
22222,92700
22229,92800
22242,92900
22257,93000
22269,93100
22277,93200
22282,93300
22288,93400
22293,93500
22298,93600
22310,93700
22322,93800
22329,93900
22337,94000
22344,94100
22349,94200
22355,94300
22360,94400
22365,94500
22371,94600
22375,94700
22381,94800
22387,94900
22392,95000
22397,95100
22403,95200
22408,95300
22413,95400
22418,95500
22423,95600
22428,95700
22433,95800
22437,95900
22442,96000
22447,96100
22453,96200
22459,96300
22464,96400
22469,96500
22474,96600
22479,96700
22485,96800
22491,96900
22497,97000
22504,97100
22510,97200
22518,97300
22526,97400
22532,97500
22539,97600
22545,97700
22551,97800
22558,97900
22564,98000
22570,98100
22576,98200
22583,98300
22589,98400
22595,98500
22603,98600
22609,98700
22615,98800
22622,98900
22628,99000
22634,99100
22641,99200
22647,99300
22654,99400
22661,99500
22668,99600
22674,99700
22680,99800
22687,99900
22722,100000
22729,100100
22736,100200
22743,100300
22749,100400
22754,100500
22761,100600
22767,100700
22774,100800
22781,100900
22790,101000
22798,101100
22805,101200
22812,101300
22819,101400
22827,101500
22835,101600
22843,101700
22851,101800
22859,101900
22867,102000
22874,102100
22882,102200
22889,102300
22895,102400
22902,102500
22909,102600
22916,102700
22922,102800
22929,102900
22935,103000
22941,103100
22947,103200
22954,103300
22961,103400
22967,103500
22974,103600
22980,103700
22986,103800
22993,103900
23002,104000
23010,104100
23017,104200
23024,104300
23032,104400
23038,104500
23044,104600
23051,104700
23057,104800
23063,104900
23070,105000
23078,105100
23086,105200
23094,105300
23105,105400
23114,105500
23121,105600
23127,105700
23134,105800
23140,105900
23146,106000
23151,106100
23157,106200
23163,106300
23169,106400
23174,106500
23181,106600
23186,106700
23192,106800
23197,106900
23204,107000
23211,107100
23219,107200
23227,107300
23237,107400
23246,107500
23255,107600
23263,107700
23272,107800
23280,107900
23289,108000
23299,108100
23310,108200
23319,108300
23328,108400
23337,108500
23345,108600
23354,108700
23363,108800
23373,108900
23383,109000
23393,109100
23403,109200
23412,109300
23422,109400
23431,109500
23441,109600
23450,109700
23460,109800
23471,109900
23511,110000
23521,110100
23531,110200
23541,110300
23550,110400
23560,110500
23568,110600
23577,110700
23586,110800
23594,110900
23605,111000
23615,111100
23626,111200
23639,111300
23649,111400
23660,111500
23672,111600
23682,111700
23692,111800
23701,111900
23710,112000
23719,112100
23728,112200
23737,112300
23746,112400
23754,112500
23764,112600
23774,112700
23783,112800
23793,112900
23804,113000
23815,113100
23826,113200
23837,113300
23847,113400
23859,113500
23872,113600
23884,113700
23895,113800
23907,113900
23918,114000
23931,114100
23943,114200
23954,114300
23970,114400
23981,114500
23993,114600
24006,114700
24017,114800
24028,114900
24040,115000
24050,115100
24062,115200
24073,115300
24087,115400
24098,115500
24109,115600
24119,115700
24129,115800
24140,115900
24149,116000
24159,116100
24169,116200
24178,116300
24188,116400
24198,116500
24209,116600
24219,116700
24231,116800
24240,116900
24251,117000
24261,117100
24271,117200
24282,117300
24292,117400
24303,117500
24313,117600
24323,117700
24335,117800
24346,117900
24358,118000
24369,118100
24379,118200
24392,118300
24403,118400
24415,118500
24426,118600
24436,118700
24446,118800
24457,118900
24469,119000
24484,119100
24494,119200
24508,119300
24518,119400
24529,119500
24539,119600
24550,119700
24561,119800
24613,119900
24663,120000
24675,120100
24686,120200
24697,120300
24709,120400
24722,120500
24735,120600
24747,120700
24759,120800
24770,120900
24782,121000
24795,121100
24809,121200
24821,121300
24831,121400
24843,121500
24853,121600
24865,121700
24876,121800
24888,121900
24900,122000
24912,122100
24923,122200
24935,122300
24946,122400
24958,122500
24969,122600
24980,122700
24991,122800
25002,122900
25013,123000
25024,123100
25037,123200
25049,123300
25060,123400
25072,123500
25087,123600
25099,123700
25111,123800
25123,123900
25136,124000
25148,124100
25161,124200
25173,124300
25186,124400
25198,124500
25210,124600
25223,124700
25235,124800
25246,124900
25260,125000
25277,125100
25291,125200
25303,125300
25318,125400
25331,125500
25344,125600
25356,125700
25369,125800
25382,125900
25394,126000
25406,126100
25418,126200
25432,126300
25444,126400
25458,126500
25470,126600
25483,126700
25497,126800
25509,126900
25525,127000
25540,127100
25554,127200
25569,127300
25585,127400
25598,127500
25614,127600
25631,127700
25647,127800
25664,127900
25680,128000
25696,128100
25713,128200
25730,128300
25749,128400
25767,128500
25784,128600
25801,128700
25817,128800
25833,128900
25849,129000
25869,129100
25887,129200
25907,129300
25928,129400
25953,129500
25974,129600
25995,129700
26012,129800
26033,129900
26141,130000
26165,130100
26182,130200
26198,130300
26217,130400
26234,130500
26251,130600
26271,130700
26289,130800
26308,130900
26325,131000
26344,131100
26363,131200
26384,131300
26406,131400
26425,131500
26443,131600
26465,131700
26483,131800
26501,131900
26519,132000
26538,132100
26556,132200
26574,132300
26591,132400
26607,132500
26625,132600
26642,132700
26658,132800
26677,132900
26692,133000
26710,133100
26731,133200
26752,133300
26772,133400
26795,133500
26818,133600
26838,133700
26858,133800
26878,133900
26899,134000
26917,134100
26938,134200
26962,134300
26987,134400
27006,134500
27023,134600
27044,134700
27065,134800
27086,134900
27109,135000
27131,135100
27153,135200
27172,135300
27193,135400
27212,135500
27234,135600
27260,135700
27280,135800
27302,135900
27323,136000
27372,136100
27393,136200
27414,136300
27434,136400
27454,136500
27472,136600
27492,136700
27513,136800
27534,136900
27555,137000
27577,137100
27601,137200
27622,137300
27643,137400
27665,137500
27688,137600
27709,137700
27727,137800
27749,137900
27770,138000
27791,138100
27809,138200
27839,138300
27859,138400
27881,138500
27901,138600
27921,138700
27938,138800
27955,138900
27975,139000
27993,139100
28015,139200
28034,139300
28054,139400
28072,139500
28091,139600
28113,139700
28137,139800
28157,139900
28307,140000
28330,140100
28353,140200
28376,140300
28393,140400
28416,140500
28436,140600
28455,140700
28474,140800
28497,140900
28522,141000
28543,141100
28565,141200
28586,141300
28607,141400
28626,141500
28648,141600
28671,141700
28691,141800
28710,141900
28730,142000
28787,142100
28807,142200
28828,142300
28848,142400
28871,142500
28897,142600
28918,142700
28939,142800
28961,142900
28984,143000
29005,143100
29023,143200
29042,143300
29062,143400
29084,143500
29102,143600
29120,143700
29138,143800
29163,143900
29187,144000
29206,144100
29225,144200
29246,144300
29266,144400
29285,144500
29306,144600
29326,144700
29346,144800
29363,144900
29385,145000
29404,145100
29422,145200
29441,145300
29459,145400
29475,145500
29495,145600
29514,145700
29531,145800
29546,145900
29565,146000
29587,146100
29614,146200
29634,146300
29654,146400
29673,146500
29694,146600
29717,146700
29738,146800
29758,146900
29779,147000
29799,147100
29819,147200
29837,147300
29854,147400
29873,147500
29899,147600
29914,147700
29932,147800
29950,147900
29969,148000
29988,148100
30005,148200
30024,148300
30043,148400
30098,148500
30117,148600
30135,148700
30154,148800
30173,148900
30208,149000
30227,149100
30245,149200
30264,149300
30284,149400
30301,149500
30320,149600
30340,149700
30357,149800
30373,149900
30931,150000
30947,150100
30965,150200
30984,150300
31004,150400
31020,150500
31036,150600
31055,150700
31074,150800
31092,150900
31109,151000
31130,151100
31148,151200
31164,151300
31182,151400
31200,151500
31215,151600
31233,151700
31251,151800
31269,151900
31286,152000
31302,152100
31319,152200
31335,152300
31353,152400
31370,152500
31386,152600
31405,152700
31425,152800
31445,152900
31461,153000
31476,153100
31493,153200
31511,153300
31529,153400
31548,153500
31566,153600
31582,153700
31600,153800
31617,153900
31632,154000
31648,154100
31664,154200
31681,154300
31698,154400
31714,154500
31731,154600
31748,154700
31767,154800
31784,154900
31801,155000
31819,155100
31837,155200
31857,155300
31875,155400
31894,155500
31912,155600
31968,155700
31986,155800
32002,155900
32019,156000
32036,156100
32052,156200
32073,156300
32094,156400
32111,156500
32129,156600
32146,156700
32162,156800
32179,156900
32195,157000
32210,157100
32228,157200
32246,157300
32262,157400
32278,157500
32294,157600
32311,157700
32329,157800
32343,157900
32359,158000
32375,158100
32390,158200
32411,158300
32430,158400
32447,158500
32463,158600
32481,158700
32497,158800
32513,158900
32528,159000
32543,159100
32558,159200
32575,159300
32591,159400
32608,159500
32623,159600
32639,159700
32656,159800
32671,159900
33563,160000
33577,160100
33594,160200
33612,160300
33629,160400
33645,160500
33661,160600
33680,160700
33699,160800
33715,160900
33732,161000
33747,161100
33764,161200
33780,161300
33798,161400
33816,161500
33837,161600
33858,161700
33876,161800
33894,161900
33914,162000
33932,162100
33949,162200
33966,162300
33984,162400
34000,162500
34017,162600
34036,162700
34056,162800
34075,162900
34096,163000
34115,163100
34168,163200
34185,163300
34200,163400
34217,163500
34234,163600
34252,163700
34271,163800
34289,163900
34308,164000
34326,164100
34342,164200
34360,164300
34375,164400
34391,164500
34406,164600
34423,164700
34441,164800
34460,164900
34478,165000
34497,165100
34515,165200
34535,165300
34553,165400
34573,165500
34591,165600
34612,165700
34632,165800
34650,165900
34675,166000
34695,166100
34715,166200
34736,166300
34755,166400
34772,166500
34791,166600
34812,166700
34835,166800
34858,166900
34880,167000
34905,167100
34924,167200
34941,167300
34957,167400
34973,167500
34990,167600
35008,167700
35027,167800
35047,167900
35064,168000
35083,168100
35104,168200
35122,168300
35138,168400
35156,168500
35173,168600
35190,168700
35209,168800
35226,168900
35280,169000
35296,169100
35316,169200
35335,169300
35356,169400
35375,169500
35394,169600
35414,169700
35435,169800
35453,169900
35627,170000
35649,170100
35669,170200
35688,170300
35705,170400
35725,170500
35741,170600
35757,170700
35774,170800
35792,170900
35808,171000
35831,171100
35850,171200
35869,171300
35886,171400
35905,171500
35921,171600
35935,171700
35950,171800
35966,171900
35982,172000
35999,172100
36014,172200
36031,172300
36048,172400
36065,172500
36081,172600
36094,172700
36110,172800
36127,172900
36143,173000
36162,173100
36179,173200
36195,173300
36212,173400
36231,173500
36247,173600
36263,173700
36277,173800
36293,173900
36310,174000
36331,174100
36350,174200
36368,174300
36388,174400
36408,174500
36427,174600
36445,174700
36463,174800
36480,174900
36498,175000
36518,175100
36539,175200
36560,175300
36581,175400
36637,175500
36659,175600
36683,175700
36707,175800
36725,175900
36746,176000
36769,176100
36791,176200
36809,176300
36829,176400
36849,176500
36869,176600
36887,176700
36905,176800
36923,176900
36943,177000
36965,177100
36984,177200
37005,177300
37025,177400
37044,177500
37062,177600
37080,177700
37098,177800
37115,177900
37135,178000
37156,178100
37176,178200
37199,178300
37220,178400
37244,178500
37267,178600
37291,178700
37314,178800
37338,178900
37362,179000
37387,179100
37412,179200
37471,179300
37499,179400
37539,179500
37561,179600
37590,179700
37619,179800
37648,179900
37817,180000
37851,180100
37883,180200
37916,180300
37950,180400
37980,180500
38012,180600
38084,180700
38125,180800
38162,180900
38197,181000
38237,181100
38276,181200
38319,181300
38354,181400
38393,181500
38431,181600
38465,181700
38492,181800
38528,181900
38568,182000
38606,182100
38648,182200
38684,182300
38731,182400
38764,182500
38799,182600
38822,182700
38848,182800
38896,182900
38965,183000
39016,183100
39058,183200
39080,183300
39121,183400
39159,183500
39190,183600
39226,183700
39264,183800
39304,183900
39342,184000
39384,184100
39415,184200
39456,184300
39534,184400
39595,184500
39669,184600
39718,184700
39773,184800
39818,184900
39862,185000
39909,185100
39947,185200
39982,185300
40035,185400
40112,185500
40155,185600
40194,185700
40227,185800
40259,185900
40289,186000
40324,186100
40359,186200
40400,186300
40439,186400
40478,186500
40520,186600
40559,186700
40594,186800
40635,186900
40672,187000
40702,187100
40733,187200
40773,187300
40804,187400
40838,187500
40872,187600
40907,187700
40940,187800
40977,187900
41010,188000
41044,188100
41076,188200
41108,188300
41148,188400
41190,188500
41231,188600
41271,188700
41307,188800
41343,188900
41383,189000
41412,189100
41449,189200
41506,189300
41553,189400
41597,189500
41679,189600
41720,189700
41761,189800
41807,189900
42258,190000
42301,190100
42339,190200
42379,190300
42422,190400
42490,190500
42528,190600
42564,190700
42597,190800
42631,190900
42667,191000
42698,191100
42738,191200
42785,191300
42821,191400
42889,191500
42928,191600
42979,191700
43029,191800
43069,191900
43105,192000
43142,192100
43180,192200
43217,192300
43260,192400
43314,192500
43358,192600
43397,192700
43436,192800
43504,192900
43545,193000
43583,193100
43620,193200
43656,193300
43692,193400
43733,193500
43770,193600
43821,193700
43867,193800
43906,193900
43953,194000
44004,194100
44055,194200
44111,194300
44180,194400
44246,194500
44289,194600
44328,194700
44379,194800
44417,194900
44458,195000
44507,195100
44551,195200
44586,195300
44625,195400
44663,195500
44710,195600
44747,195700
44786,195800
44826,195900
44898,196000
44939,196100
44974,196200
45014,196300
45048,196400
45094,196500
45139,196600
45184,196700
45226,196800
45264,196900
45304,197000
45345,197100
45393,197200
45491,197300
45536,197400
45581,197500
45626,197600
45665,197700
45706,197800
45749,197900
45793,198000
45836,198100
45874,198200
45933,198300
45982,198400
46019,198500
46058,198600
46131,198700
46174,198800
46211,198900
46250,199000
46328,199100
46363,199200
46397,199300
46432,199400
46474,199500
46544,199600
46586,199700
46623,199800
46661,199900
47145,200000
47184,200100
47253,200200
47288,200300
47325,200400
47361,200500
47403,200600
47453,200700
47489,200800
47526,200900
47570,201000
47599,201100
47632,201200
47670,201300
47710,201400
47786,201500
47832,201600
47878,201700
47919,201800
47969,201900
48015,202000
48055,202100
48099,202200
48147,202300
48200,202400
48247,202500
48294,202600
48335,202700
48380,202800
48421,202900
48463,203000
48506,203100
48547,203200
48589,203300
48628,203400
48668,203500
48715,203600
48758,203700
48810,203800
48857,203900
48897,204000
48978,204100
49039,204200
49087,204300
49130,204400
49194,204500
49243,204600
49288,204700
49328,204800
49367,204900
49406,205000
49441,205100
49472,205200
49503,205300
49533,205400
49566,205500
49600,205600
49639,205700
49703,205800
49740,205900
49776,206000
49812,206100
49849,206200
49886,206300
49917,206400
49959,206500
49998,206600
50039,206700
50086,206800
50127,206900
50168,207000
50208,207100
50246,207200
50283,207300
50347,207400
50380,207500
50418,207600
50455,207700
50493,207800
50534,207900
50578,208000
50626,208100
50678,208200
50724,208300
50780,208400
50818,208500
50866,208600
50915,208700
50958,208800
51007,208900
51052,209000
51154,209100
51222,209200
51265,209300
51303,209400
51354,209500
51404,209600
51445,209700
51488,209800
51528,209900
52152,210000
52222,210100
52283,210200
52332,210300
52382,210400
52421,210500
52458,210600
52499,210700
52536,210800
52603,210900
52660,211000
52717,211100
52808,211200
52857,211300
52899,211400
52940,211500
52988,211600
53030,211700
53081,211800
53125,211900
53185,212000
53234,212100
53290,212200
53335,212300
53432,212400
53485,212500
53532,212600
53586,212700
53654,212800
53700,212900
53753,213000
53803,213100
53857,213200
53904,213300
53957,213400
54026,213500
54068,213600
54112,213700
54153,213800
54202,213900
54244,214000
54318,214100
54361,214200
54405,214300
54442,214400
54479,214500
54511,214600
54546,214700
54589,214800
54634,214900
54672,215000
54718,215100
54768,215200
54846,215300
54888,215400
54930,215500
54971,215600
55013,215700
55067,215800
55116,215900
55166,216000
55224,216100
55283,216200
55360,216300
55414,216400
55460,216500
55522,216600
55585,216700
55646,216800
55745,216900
55810,217000
55869,217100
55917,217200
55981,217300
56030,217400
56076,217500
56119,217600
56202,217700
56255,217800
56300,217900
56350,218000
56402,218100
56451,218200
56501,218300
56553,218400
56605,218500
56655,218600
56705,218700
56752,218800
56797,218900
56857,219000
56918,219100
56977,219200
57030,219300
57084,219400
57131,219500
57190,219600
57245,219700
57289,219800
57333,219900
58034,220000
58089,220100
58149,220200
58202,220300
58263,220400
58317,220500
58409,220600
58469,220700
58525,220800
58581,220900
58632,221000
58720,221100
58778,221200
58830,221300
58892,221400
58935,221500
58984,221600
59026,221700
59073,221800
59124,221900
59174,222000
59228,222100
59281,222200
59364,222300
59407,222400
59463,222500
59516,222600
59578,222700
59631,222800
59702,222900
59756,223000
59809,223100
59896,223200
59950,223300
59998,223400
60048,223500
60107,223600
60186,223700
60245,223800
60305,223900
60356,224000
60405,224100
60456,224200
60510,224300
60570,224400
60634,224500
60715,224600
60786,224700
60852,224800
60907,224900
60957,225000
61028,225100
61097,225200
61160,225300
61214,225400
61280,225500
61378,225600
61434,225700
61487,225800
61538,225900
61618,226000
61677,226100
61718,226200
61760,226300
61798,226400
61855,226500
61904,226600
61955,226700
62002,226800
62048,226900
62090,227000
62138,227100
62184,227200
62283,227300
62328,227400
62384,227500
62429,227600
62476,227700
62524,227800
62583,227900
62644,228000
62702,228100
62767,228200
62841,228300
62904,228400
62985,228500
63046,228600
63109,228700
63166,228800
63225,228900
63287,229000
63331,229100
63391,229200
63452,229300
63519,229400
63585,229500
63665,229600
63734,229700
63829,229800
63908,229900
64732,230000
64807,230100
64886,230200
64963,230300
65059,230400
65130,230500
65205,230600
65278,230700
65351,230800
65436,230900
65509,231000
65575,231100
65630,231200
65704,231300
65766,231400
65833,231500
65901,231600
65963,231700
66019,231800
66091,231900
66160,232000
66243,232100
66313,232200
66367,232300
66418,232400
66492,232500
66552,232600
66633,232700
66698,232800
66765,232900
66851,233000
66914,233100
66985,233200
67042,233300
67097,233400
67162,233500
67230,233600
67318,233700
67373,233800
67439,233900
67500,234000
67565,234100
67630,234200
67706,234300
67773,234400
67837,234500
67903,234600
67978,234700
68060,234800
68172,234900
68239,235000
68314,235100
68383,235200
68527,235300
68637,235400
68705,235500
68769,235600
68837,235700
68895,235800
68958,235900
69017,236000
69106,236100
69176,236200
69247,236300
69321,236400
69388,236500
69464,236600
69529,236700
69599,236800
69650,236900
69704,237000
69768,237100
69829,237200
69893,237300
69946,237400
70005,237500
70074,237600
70129,237700
70193,237800
70270,237900
70320,238000
70371,238100
70423,238200
70480,238300
70558,238400
70625,238500
70686,238600
70740,238700
70798,238800
70848,238900
70905,239000
70953,239100
71000,239200
71048,239300
71096,239400
71151,239500
71221,239600
71268,239700
71322,239800
71372,239900
72350,240000
72400,240100
72462,240200
72516,240300
72570,240400
72613,240500
72660,240600
72708,240700
72754,240800
72807,240900
72854,241000
72895,241100
72939,241200
72981,241300
73029,241400
73077,241500
73125,241600
73169,241700
73220,241800
73267,241900
73317,242000
73373,242100
73422,242200
73481,242300
73532,242400
73607,242500
73657,242600
73704,242700
73751,242800
73796,242900
73837,243000
73885,243100
73939,243200
73993,243300
74041,243400
74116,243500
74169,243600
74217,243700
74279,243800
74339,243900
74382,244000
74420,244100
74462,244200
74510,244300
74559,244400
74601,244500
74641,244600
74684,244700
74733,244800
74769,244900
74816,245000
74855,245100
74925,245200
74959,245300
74997,245400
75036,245500
75082,245600
75123,245700
75170,245800
75216,245900
75257,246000
75307,246100
75363,246200
75449,246300
75492,246400
75534,246500
75576,246600
75620,246700
75664,246800
75715,246900
75766,247000
75811,247100
75855,247200
75905,247300
75960,247400
76004,247500
76092,247600
76135,247700
76170,247800
76204,247900
76257,248000
76304,248100
76357,248200
76410,248300
76461,248400
76508,248500
76565,248600
76607,248700
76649,248800
76689,248900
76748,249000
76796,249100
76839,249200
76884,249300
76937,249400
77002,249500
77050,249600
77117,249700
77166,249800
77230,249900
77984,250000
78055,250100
78117,250200
78179,250300
78251,250400
78331,250500
78403,250600
78462,250700
78522,250800
78582,250900
78651,251000
78700,251100
78783,251200
78841,251300
78889,251400
78930,251500
78983,251600
79025,251700
79088,251800
79184,251900
79247,252000
79321,252100
79400,252200
79516,252300
79590,252400
79675,252500
79738,252600
79797,252700
79849,252800
79907,252900
79972,253000
80041,253100
80105,253200
80165,253300
80233,253400
80330,253500
80385,253600
80445,253700
80499,253800
80588,253900
80632,254000
80691,254100
80743,254200
80797,254300
80855,254400
80914,254500
80979,254600
81034,254700
81087,254800
81173,254900
81229,255000
81288,255100
81340,255200
81387,255300
81432,255400
81478,255500
81522,255600
81567,255700
81618,255800
81673,255900
81728,256000
81816,256100
81875,256200
81948,256300
81999,256400
82060,256500
82154,256600
82208,256700
82262,256800
82308,256900
82361,257000
82406,257100
82493,257200
82544,257300
82593,257400
82639,257500
82691,257600
82735,257700
82781,257800
82820,257900
82860,258000
82902,258100
82954,258200
83017,258300
83123,258400
83175,258500
83243,258600
83302,258700
83347,258800
83407,258900
83455,259000
83507,259100
83557,259200
83606,259300
83648,259400
83723,259500
83775,259600
83830,259700
83883,259800
83938,259900
84620,260000
84679,260100
84768,260200
84839,260300
84892,260400
84958,260500
85014,260600
85062,260700
85115,260800
85171,260900
85236,261000
85292,261100
85568,261200
85661,261300
85728,261400
85783,261500
85847,261600
85916,261700
85964,261800
86012,261900
86051,262000
86104,262100
86154,262200
86216,262300
86269,262400
86343,262500
86415,262600
86476,262700
86527,262800
86584,262900
86642,263000
86688,263100
86737,263200
86782,263300
86839,263400
86906,263500
86954,263600
87053,263700
87093,263800
87144,263900
87200,264000
87247,264100
87307,264200
87366,264300
87425,264400
87486,264500
87540,264600
87602,264700
87658,264800
87732,264900
87794,265000
87857,265100
87918,265200
87983,265300
88070,265400
88123,265500
88190,265600
88260,265700
88324,265800
88376,265900
88431,266000
88482,266100
88532,266200
88589,266300
88644,266400
88740,266500
88801,266600
88858,266700
88932,266800
88996,266900
89088,267000
89137,267100
89201,267200
89249,267300
89294,267400
89341,267500
89392,267600
89459,267700
89513,267800
89561,267900
89626,268000
89711,268100
89790,268200
89864,268300
89939,268400
90042,268500
90151,268600
90235,268700
90311,268800
90376,268900
90440,269000
90533,269100
90590,269200
90656,269300
90716,269400
90800,269500
90867,269600
90945,269700
91021,269800
91086,269900
91973,270000
92025,270100
92103,270200
92227,270300
92361,270400
92478,270500
92578,270600
92671,270700
92765,270800
92871,270900
93007,271000
93099,271100
93179,271200
93256,271300
93326,271400
93413,271500
93502,271600
93643,271700
93744,271800
93858,271900
94023,272000
94107,272100
94218,272200
94320,272300
94392,272400
94460,272500
94549,272600
94642,272700
94725,272800
94802,272900
94888,273000
94986,273100
95111,273200
95216,273300
95302,273400
95380,273500
95454,273600
95519,273700
95579,273800
95636,273900
95710,274000
95791,274100
95896,274200
95981,274300
96069,274400
96132,274500
96220,274600
96320,274700
96390,274800
96452,274900
96519,275000
96613,275100
96704,275200
96784,275300
96860,275400
96926,275500
97004,275600
97088,275700
97145,275800
97212,275900
97279,276000
97364,276100
97440,276200
97512,276300
97572,276400
97636,276500
97713,276600
97796,276700
97867,276800
97941,276900
98002,277000
98066,277100
98152,277200
98215,277300
98271,277400
98349,277500
98410,277600
98507,277700
98606,277800
98672,277900
98733,278000
98775,278100
98861,278200
98939,278300
99022,278400
99101,278500
99166,278600
99239,278700
99302,278800
99379,278900
99507,279000
99691,279100
99769,279200
99830,279300
99906,279400
99968,279500
100030,279600
100088,279700
100153,279800
100208,279900
101268,280000
101431,280100
101524,280200
101597,280300
101709,280400
101838,280500
101922,280600
102021,280700
102086,280800
102165,280900
102239,281000
102314,281100
102380,281200
102678,281300
102789,281400
102863,281500
102986,281600
103064,281700
103146,281800
103209,281900
103283,282000
103354,282100
103431,282200
103509,282300
103578,282400
103651,282500
103739,282600
103814,282700
103915,282800
104002,282900
104116,283000
104192,283100
104272,283200
104346,283300
104409,283400
104479,283500
104535,283600
104604,283700
104666,283800
104728,283900
104831,284000
104907,284100
104998,284200
105071,284300
105170,284400
105258,284500
105354,284600
105492,284700
105557,284800
105657,284900
105742,285000
105823,285100
105902,285200
105981,285300
106066,285400
106147,285500
106219,285600
106299,285700
106376,285800
106479,285900
106556,286000
106621,286100
106682,286200
106750,286300
106831,286400
106923,286500
106997,286600
107069,286700
107171,286800
107260,286900
107363,287000
107457,287100
107528,287200
107615,287300
107693,287400
107773,287500
107850,287600
107957,287700
108059,287800
108401,287900
108482,288000
108565,288100
108647,288200
108753,288300
108888,288400
108977,288500
109146,288600
109243,288700
109374,288800
109491,288900
109598,289000
109702,289100
109792,289200
109876,289300
109970,289400
110072,289500
110159,289600
110244,289700
110342,289800
110476,289900
111727,290000
111956,290100
112119,290200
112313,290300
112454,290400
112605,290500
112765,290600
112867,290700
113008,290800
113127,290900
113211,291000
113362,291100
113467,291200
113589,291300
113700,291400
114038,291500
114168,291600
114259,291700
114354,291800
114512,291900
114585,292000
114659,292100
114748,292200
114847,292300
114973,292400
115090,292500
115188,292600
115292,292700
115382,292800
115476,292900
115568,293000
115681,293100
115763,293200
115860,293300
115934,293400
116018,293500
116099,293600
116203,293700
116314,293800
116426,293900
116500,294000
116572,294100
116645,294200
116714,294300
116821,294400
116894,294500
116981,294600
117070,294700
117169,294800
117255,294900
117339,295000
117416,295100
117518,295200
117589,295300
117678,295400
117771,295500
117823,295600
117935,295700
118005,295800
118083,295900
118156,296000
118260,296100
118345,296200
118419,296300
118495,296400
118569,296500
118661,296600
118729,296700
118787,296800
118857,296900
118925,297000
119035,297100
119149,297200
119215,297300
119305,297400
119384,297500
119739,297600
119910,297700
119975,297800
120040,297900
120121,298000
120187,298100
120280,298200
120349,298300
120427,298400
120545,298500
120621,298600
120688,298700
120781,298800
120859,298900
120930,299000
120999,299100
121082,299200
121171,299300
121240,299400
121321,299500
121419,299600
121492,299700
121573,299800
121682,299900
122886,300000
123094,300100
123193,300200
123331,300300
123444,300400
123562,300500
123677,300600
123810,300700
123919,300800
124027,300900
124132,301000
124271,301100
124380,301200
124514,301300
124609,301400
124702,301500
124786,301600
124875,301700
124973,301800
125088,301900
125466,302000
125551,302100
125644,302200
125777,302300
125857,302400
125936,302500
126023,302600
126113,302700
126251,302800
126353,302900
126442,303000
126539,303100
126634,303200
126712,303300
126796,303400
126877,303500
126958,303600
127055,303700
127179,303800
127285,303900
127397,304000
127487,304100
127556,304200
127653,304300
127744,304400
127833,304500
127926,304600
128000,304700
128084,304800
128174,304900
128261,305000
128336,305100
128469,305200
128598,305300
128683,305400
128783,305500
128872,305600
128949,305700
129025,305800
129088,305900
129167,306000
129240,306100
129315,306200
129447,306300
129532,306400
129639,306500
129730,306600
129822,306700
129904,306800
129975,306900
130048,307000
130116,307100
130173,307200
130287,307300
130357,307400
130440,307500
130545,307600
130710,307700
130815,307800
131139,307900
131224,308000
131290,308100
131369,308200
131433,308300
131513,308400
131630,308500
131722,308600
131834,308700
131968,308800
132061,308900
132159,309000
132255,309100
132327,309200
132393,309300
132473,309400
132560,309500
132635,309600
132745,309700
132880,309800
132999,309900
134382,310000
134616,310100
134729,310200
134830,310300
134909,310400
135002,310500
135089,310600
135185,310700
135290,310800
135412,310900
135486,311000
135596,311100
135672,311200
135786,311300
135918,311400
136025,311500
136110,311600
136195,311700
136283,311800
136401,311900
136504,312000
136866,312100
136970,312200
137073,312300
137157,312400
137259,312500
137342,312600
137456,312700
137599,312800
137698,312900
137778,313000
137879,313100
137950,313200
138056,313300
138151,313400
138229,313500
138363,313600
138447,313700
138513,313800
138631,313900
138767,314000
138876,314100
139025,314200
139116,314300
139197,314400
139299,314500
139392,314600
139459,314700
139531,314800
139597,314900
139692,315000
139775,315100
139872,315200
140005,315300
140122,315400
140237,315500
140322,315600
140408,315700
140495,315800
140646,315900
140725,316000
140799,316100
140883,316200
140994,316300
141087,316400
141172,316500
141295,316600
141387,316700
141478,316800
141561,316900
141697,317000
141860,317100
141960,317200
142056,317300
142143,317400
142249,317500
142564,317600
142644,317700
142729,317800
142793,317900
142922,318000
142993,318100
143088,318200
143160,318300
143220,318400
143297,318500
143372,318600
143465,318700
143591,318800
143666,318900
143771,319000
143856,319100
143936,319200
144030,319300
144090,319400
144167,319500
144269,319600
144340,319700
144440,319800
144635,319900
146054,320000
146400,320100
146594,320200
146739,320300
146901,320400
146989,320500
147082,320600
147187,320700
147333,320800
147469,320900
147642,321000
147786,321100
147868,321200
148219,321300
148325,321400
148422,321500
148534,321600
148627,321700
148719,321800
148878,321900
148972,322000
149079,322100
149176,322200
149345,322300
149483,322400
149578,322500
149673,322600
149772,322700
149870,322800
149976,322900
150113,323000
150239,323100
150337,323200
150491,323300
150633,323400
150734,323500
150828,323600
150934,323700
151035,323800
151113,323900
151221,324000
151346,324100
151464,324200
151561,324300
151661,324400
151818,324500
151942,324600
152069,324700
152159,324800
152254,324900
152337,325000
152445,325100
152552,325200
152661,325300
152790,325400
152900,325500
153021,325600
153159,325700
153261,325800
153359,325900
153445,326000
153570,326100
153921,326200
154055,326300
154197,326400
154291,326500
154401,326600
154513,326700
154612,326800
154708,326900
154800,327000
154909,327100
155009,327200
155124,327300
155239,327400
155381,327500
155518,327600
155609,327700
155734,327800
155849,327900
155938,328000
156027,328100
156152,328200
156260,328300
156364,328400
156468,328500
156639,328600
156741,328700
156846,328800
157003,328900
157117,329000
157205,329100
157304,329200
157418,329300
157536,329400
157685,329500
157796,329600
157901,329700
158036,329800
158155,329900
160232,330000
160608,330100
160878,330200
161140,330300
161376,330400
161648,330500
161845,330600
162061,330700
162290,330800
162459,330900
162676,331000
162805,331100
162952,331200
163120,331300
163414,331400
163608,331500
163797,331600
164026,331700
164246,331800
164451,331900
164668,332000
164867,332100
164998,332200
165406,332300
165601,332400
165804,332500
166023,332600
166254,332700
166416,332800
166570,332900
166707,333000
166853,333100
167015,333200
167211,333300
167403,333400
167615,333500
167813,333600
167941,333700
168102,333800
168272,333900
168415,334000
168578,334100
168687,334200
168827,334300
169034,334400
169217,334500
169443,334600
169653,334700
169819,334800
170079,334900
170339,335000
170478,335100
170651,335200
171083,335300
171221,335400
171364,335500
171526,335600
171640,335700
171731,335800
171826,335900
171964,336000
172105,336100
172213,336200
172299,336300
172462,336400
172556,336500
172674,336600
172788,336700
172968,336800
173059,336900
173144,337000
173246,337100
173446,337200
173549,337300
173662,337400
173798,337500
173947,337600
174080,337700
174181,337800
174340,337900
174494,338000
174703,338100
174835,338200
174979,338300
175136,338400
175250,338500
175378,338600
175498,338700
175680,338800
175861,338900
176065,339000
176289,339100
176472,339200
176948,339300
177110,339400
177230,339500
177438,339600
177595,339700
177755,339800
178108,339900
180391,340000
180810,340100
181087,340200
181398,340300
181628,340400
181941,340500
182479,340600
182677,340700
182836,340800
182964,340900
183132,341000
183317,341100
183497,341200
183683,341300
183847,341400
183967,341500
184214,341600
184382,341700
184604,341800
184786,341900
184958,342000
185087,342100
185236,342200
185374,342300
185525,342400
185678,342500
185906,342600
186050,342700
186238,342800
186484,342900
186624,343000
186827,343100
187011,343200
187218,343300
187431,343400
187629,343500
188156,343600
188331,343700
188502,343800
188691,343900
188860,344000
189019,344100
189125,344200
189263,344300
189430,344400
189595,344500
189780,344600
190090,344700
190273,344800
190451,344900
190636,345000
190798,345100
190958,345200
191105,345300
191282,345400
191457,345500
191659,345600
191789,345700
191952,345800
192137,345900
192321,346000
192530,346100
192667,346200
192845,346300
192976,346400
193108,346500
193344,346600
193454,346700
193601,346800
194033,346900
194181,347000
194317,347100
194483,347200
194641,347300
194783,347400
194955,347500
195092,347600
195204,347700
195352,347800
195515,347900
195644,348000
195797,348100
195992,348200
196121,348300
196265,348400
196431,348500
196560,348600
196748,348700
196897,348800
197345,348900
197488,349000
197620,349100
197763,349200
198090,349300
198262,349400
198382,349500
198523,349600
198684,349700
198840,349800
198993,349900
201687,350000
202242,350100
202620,350200
203069,350300
203441,350400
203705,350500
204116,350600
204421,350700
204674,350800
204967,350900
205546,351000
205821,351100
206203,351200
206636,351300
206892,351400
207227,351500
207473,351600
207693,351700
207919,351800
208256,351900
208470,352000
208707,352100
208979,352200
209177,352300
209357,352400
209576,352500
209800,352600
209981,352700
210134,352800
210368,352900
210597,353000
210747,353100
211194,353200
211404,353300
211611,353400
211886,353500
212063,353600
212265,353700
212406,353800
212598,353900
212832,354000
213022,354100
213290,354200
213491,354300
213740,354400
213885,354500
214036,354600
214239,354700
214408,354800
214592,354900
214820,355000
214958,355100
215101,355200
215248,355300
215430,355400
215577,355500
215742,355600
215989,355700
216139,355800
216300,355900
216500,356000
216883,356100
217025,356200
217162,356300
217350,356400
217534,356500
217668,356600
217818,356700
217961,356800
218108,356900
218254,357000
218393,357100
218557,357200
218736,357300
218890,357400
219030,357500
219175,357600
219353,357700
219554,357800
219758,357900
219909,358000
220045,358100
220260,358200
220499,358300
220933,358400
221148,358500
221390,358600
221627,358700
221972,358800
222451,358900
222720,359000
222905,359100
223108,359200
223461,359300
223665,359400
223806,359500
224048,359600
224225,359700
224342,359800
224515,359900
227288,360000
228421,360100
229013,360200
229505,360300
229883,360400
230345,360500
230744,360600
231048,360700
231336,360800
231593,360900
231898,361000
232219,361100
232521,361200
232939,361300
233180,361400
233397,361500
233884,361600
234199,361700
234467,361800
234810,361900
235022,362000
235305,362100
235518,362200
235707,362300
235907,362400
236060,362500
236208,362600
236477,362700
236693,362800
236864,362900
237123,363000
237375,363100
237702,363200
238025,363300
238293,363400
238456,363500
238687,363600
239013,363700
239428,363800
239579,363900
239764,364000
239933,364100
240216,364200
240484,364300
240881,364400
241317,364500
241624,364600
241922,364700
242473,364800
242989,364900
243336,365000
243784,365100
244075,365200
244349,365300
244681,365400
245203,365500
245547,365600
245811,365700
246136,365800
246375,365900
246607,366000
246871,366100
247296,366200
247506,366300
248070,366400
248330,366500
248523,366600
248716,366700
248892,366800
249082,366900
249247,367000
249512,367100
249932,367200
250257,367300
250641,367400
251296,367500
251685,367600
252062,367700
252467,367800
252872,367900
253263,368000
253462,368100
253732,368200
254139,368300
254542,368400
254972,368500
255785,368600
256235,368700
257122,368800
257391,368900
257655,369000
257882,369100
258094,369200
258340,369300
258519,369400
258753,369500
259473,369600
260035,369700
260345,369800
260693,369900
264857,370000
266119,370100
267224,370200
268300,370300
268871,370400
269420,370500
270079,370600
270529,370700
270954,370800
271264,370900
271575,371000
271947,371100
272281,371200
272592,371300
273087,371400
273448,371500
273950,371600
274203,371700
274457,371800
274698,371900
274901,372000
275110,372100
275354,372200
275614,372300
275835,372400
276109,372500
276326,372600
276832,372700
277143,372800
277462,372900
277638,373000
277827,373100
278078,373200
278244,373300
278489,373400
278742,373500
279002,373600
279516,373700
279949,373800
280435,373900
280730,374000
281056,374100
281323,374200
281646,374300
281888,374400
282170,374500
282551,374600
282911,374700
283162,374800
283575,374900
284047,375000
284428,375100
284672,375200
285164,375300
285484,375400
285794,375500
286060,375600
286359,375700
286573,375800
286829,375900
287075,376000
287269,376100
287518,376200
287717,376300
287869,376400
288288,376500
288482,376600
288647,376700
288872,376800
289614,376900
290348,377000
290946,377100
291208,377200
291518,377300
291699,377400
291925,377500
292172,377600
292604,377700
292968,377800
293301,377900
293631,378000
293895,378100
294331,378200
294805,378300
295315,378400
295942,378500
296668,378600
297020,378700
297442,378800
297818,378900
298126,379000
298417,379100
298814,379200
299230,379300
299538,379400
299873,379500
300583,379600
300923,379700
301775,379800
302552,379900
306234,380000
308005,380100
308742,380200
309971,380300
310515,380400
310951,380500
311365,380600
311994,380700
312287,380800
312666,380900
313129,381000
313771,381100
314174,381200
314529,381300
314854,381400
315112,381500
315585,381600
315921,381700
316383,381800
316813,381900
317302,382000
317995,382100
318359,382200
318670,382300
318975,382400
319478,382500
319783,382600
320058,382700
320303,382800
320611,382900
320913,383000
321168,383100
321449,383200
321749,383300
322114,383400
322461,383500
322721,383600
322933,383700
323146,383800
323346,383900
323519,384000
324175,384100
324498,384200
325009,384300
325304,384400
325578,384500
325778,384600
326038,384700
326718,384800
327308,384900
327571,385000
327749,385100
327954,385200
328192,385300
328392,385400
328716,385500
328945,385600
329192,385700
329404,385800
329625,385900
330199,386000
330740,386100
331037,386200
331503,386300
331827,386400
332533,386500
332991,386600
333332,386700
333910,386800
334317,386900
334665,387000
335088,387100
335690,387200
336458,387300
336898,387400
337341,387500
337702,387600
337987,387700
338327,387800
338655,387900
339665,388000
341400,388100
342156,388200
342655,388300
343127,388400
343488,388500
343893,388600
344280,388700
344718,388800
345099,388900
345445,389000
345796,389100
347132,389200
348047,389300
348586,389400
349096,389500
349653,389600
350150,389700
350540,389800
351092,389900
355604,390000
357515,390100
358637,390200
359720,390300
360422,390400
361362,390500
361982,390600
362572,390700
363086,390800
363825,390900
364279,391000
364679,391100
365409,391200
365916,391300
367854,391400
368182,391500
368548,391600
368826,391700
369311,391800
369786,391900
370195,392000
370572,392100
371333,392200
371627,392300
371913,392400
372202,392500
372439,392600
372733,392700
372994,392800
373366,392900
373776,393000
374127,393100
374674,393200
375074,393300
375722,393400
376498,393500
377201,393600
377656,393700
378284,393800
378657,393900
379099,394000
379641,394100
380386,394200
380836,394300
381305,394400
381592,394500
382087,394600
382898,394700
383285,394800
383818,394900
384197,395000
384690,395100
385198,395200
385567,395300
386164,395400
386592,395500
386939,395600
387481,395700
387924,395800
388550,395900
388910,396000
389749,396100
390548,396200
391165,396300
391679,396400
392200,396500
392603,396600
393003,396700
393407,396800
393815,396900
394516,397000
395521,397100
396018,397200
396977,397300
397430,397400
398022,397500
398577,397600
399150,397700
400036,397800
400399,397900
400863,398000
401268,398100
401759,398200
402145,398300
402741,398400
403235,398500
403897,398600
404866,398700
405928,398800
406656,398900
407280,399000
407803,399100
408360,399200
408808,399300
409371,399400
409967,399500
410470,399600
411202,399700
412762,399800
413919,399900
420153,400000
422305,400100
424688,400200
425519,400300
426234,400400
427043,400500
427744,400600
428364,400700
429259,400800
429878,400900
430531,401000
431194,401100
431886,401200
432540,401300
433288,401400
433862,401500
434246,401600
434718,401700
435415,401800
436065,401900
436368,402000
436708,402100
437053,402200
437399,402300
437700,402400
438050,402500
438580,402600
439238,402700
439740,402800
440227,402900
441050,403000
441537,403100
441949,403200
442556,403300
442950,403400
443286,403500
443667,403600
444044,403700
444397,403800
444707,403900
445040,404000
445361,404100
445775,404200
446275,404300
446865,404400
447339,404500
448006,404600
448678,404700
449348,404800
449937,404900
450457,405000
451018,405100
451557,405200
452090,405300
453344,405400
454660,405500
455229,405600
455542,405700
455888,405800
456349,405900
457161,406000
458452,406100
459718,406200
460486,406300
461080,406400
461574,406500
461995,406600
462613,406700
463089,406800
463651,406900
464592,407000
465091,407100
465800,407200
466492,407300
467191,407400
468088,407500
468918,407600
469570,407700
470500,407800
471199,407900
471729,408000
472321,408100
472796,408200
473285,408300
474007,408400
474633,408500
475368,408600
476245,408700
476922,408800
477724,408900
478531,409000
480108,409100
481868,409200
482791,409300
484015,409400
485781,409500
486666,409600
487231,409700
488020,409800
488727,409900
494968,410000
497420,410100
498898,410200
500280,410300
501238,410400
501841,410500
502661,410600
503413,410700
504085,410800
504702,410900
505396,411000
505977,411100
506634,411200
507123,411300
507612,411400
508021,411500
508475,411600
508937,411700
509405,411800
509837,411900
510296,412000
510754,412100
511467,412200
511943,412300
512423,412400
513051,412500
513503,412600
513923,412700
514273,412800
514716,412900
515209,413000
515636,413100
516137,413200
517024,413300
517509,413400
517972,413500
518538,413600
519219,413700
519819,413800
520272,413900
520875,414000
521461,414100
522074,414200
522907,414300
523543,414400
524146,414500
524598,414600
525660,414700
526435,414800
527020,414900
527672,415000
528193,415100
528956,415200
529463,415300
529962,415400
530408,415500
530852,415600
531807,415700
532374,415800
533041,415900
534061,416000
535304,416100
536650,416200
537914,416300
538982,416400
540425,416500
541751,416600
542726,416700
543794,416800
544561,416900
545528,417000
546754,417100
547394,417200
548292,417300
548950,417400
549591,417500
550201,417600
551131,417700
552124,417800
553416,417900
554522,418000
555502,418100
556260,418200
557119,418300
558246,418400
559045,418500
559745,418600
560383,418700
560933,418800
561498,418900
562601,419000
570506,419100
572225,419200
573604,419300
575163,419400
575940,419500
576668,419600
577480,419700
578158,419800
578656,419900
579068,420000
579406,420100
579870,420200
580395,420300
581095,420400
581846,420500
582570,420600
583195,420700
583753,420800
584276,420900
584682,421000
585072,421100
585676,421200
586150,421300
586554,421400
587356,421500
587937,421600
588549,421700
589104,421800
589933,421900
590720,422000
591377,422100
592021,422200
592823,422300
593425,422400
593986,422500
594511,422600
595031,422700
595476,422800
595877,422900
596355,423000
596754,423100
597374,423200
598116,423300
600528,423400
601063,423500
601604,423600
602368,423700
602883,423800
603287,423900
603938,424000
604580,424100
605101,424200
605672,424300
606254,424400
606925,424500
608112,424600
609533,424700
610628,424800
611279,424900
611925,425000
612502,425100
612935,425200
613925,425300
614519,425400
615006,425500
615550,425600
616399,425700
617615,425800
618577,425900
619386,426000
620332,426100
621239,426200
622217,426300
622880,426400
623478,426500
624135,426600
624757,426700
625272,426800
625775,426900
626326,427000
628346,427100
629292,427200
630376,427300
631288,427400
632055,427500
632888,427600
633840,427700
634602,427800
635412,427900
635942,428000
643295,428100
644548,428200
645734,428300
646511,428400
647453,428500
648487,428600
649391,428700
650330,428800
651413,428900
652053,429000
652630,429100
653249,429200
653849,429300
654371,429400
655089,429500
655758,429600
656192,429700
656972,429800
657646,429900
658269,430000
658847,430100
659468,430200
659993,430300
660451,430400
661049,430500
661581,430600
662076,430700
662911,430800
663425,430900
664052,431000
664717,431100
665729,431200
666440,431300
666811,431400
667352,431500
667816,431600
668720,431700
669476,431800
669980,431900
670555,432000
671007,432100
671498,432200
671891,432300
672431,432400
673129,432500
673914,432600
674889,432700
675675,432800
676367,432900
677010,433000
677741,433100
678368,433200
678914,433300
679472,433400
680273,433500
680613,433600
681880,433700
683553,433800
684556,433900
685383,434000
686692,434100
687500,434200
688318,434300
689095,434400
690059,434500
691138,434600
692195,434700
693236,434800
694022,434900
694958,435000
695636,435100
696360,435200
697187,435300
698465,435400
699701,435500
700858,435600
702342,435700
706007,435800
707691,435900
710776,436000
719941,436100
721595,436200
722805,436300
723532,436400
724247,436500
724768,436600
725315,436700
725954,436800
726862,436900
727433,437000
728419,437100
729237,437200
730093,437300
730669,437400
731419,437500
731883,437600
732713,437700
733378,437800
733943,437900
734487,438000
735255,438100
735828,438200
736522,438300
737272,438400
738548,438500
739203,438600
739802,438700
740479,438800
741061,438900
741716,439000
742316,439100
742838,439200
743514,439300
744583,439400
746050,439500
747145,439600
747919,439700
748679,439800
749425,439900
750400,440000
751370,440100
752109,440200
753096,440300
753811,440400
754530,440500
755190,440600
756247,440700
757288,440800
759239,440900
760765,441000
762334,441100
763659,441200
764893,441300
765874,441400
766673,441500
767884,441600
768837,441700
769610,441800
770361,441900
771064,442000
771650,442100
772526,442200
775113,442300
776740,442400
778541,442500
779865,442600
781263,442700
782269,442800
783271,442900
784028,443000
792151,443100
794223,443200
795789,443300
797662,443400
798925,443500
800387,443600
801422,443700
802968,443800
803828,443900
804529,444000
805622,444100
806360,444200
807256,444300
807887,444400
808826,444500
809648,444600
810296,444700
811134,444800
812232,444900
813374,445000
814669,445100
815381,445200
816315,445300
817319,445400
818170,445500
818954,445600
819718,445700
820715,445800
821460,445900
822115,446000
822813,446100
823894,446200
825324,446300
826620,446400
827623,446500
828605,446600
830793,446700
832415,446800
833888,446900
835472,447000
837435,447100
839655,447200
841322,447300
842501,447400
843979,447500
845801,447600
847112,447700
848456,447800
849652,447900
850459,448000
856101,448100
857546,448200
858819,448300
859802,448400
860758,448500
861894,448600
862894,448700
863668,448800
864550,448900
865141,449000
865869,449100
866416,449200
867223,449300
867786,449400
868239,449500
868737,449600
869274,449700
869801,449800
870578,449900
871393,450000
872373,450100
874045,450200
874859,450300
876100,450400
877337,450500
878552,450600
879665,450700
880376,450800
880964,450900
881556,451000
882052,451100
882673,451200
883399,451300
884043,451400
885884,451500
887002,451600
888132,451700
889065,451800
889755,451900
890819,452000
892243,452100
893416,452200
894437,452300
895516,452400
896554,452500
897237,452600
897864,452700
899489,452800
901211,452900
903476,453000
904979,453100
905985,453200
907053,453300
908195,453400
909196,453500
910370,453600
911923,453700
912851,453800
913842,453900
914544,454000
922217,454100
924743,454200
926909,454300
928475,454400
930360,454500
932101,454600
933162,454700
934023,454800
934952,454900
935657,455000
936446,455100
937095,455200
938123,455300
938898,455400
939714,455500
940532,455600
941546,455700
942373,455800
943737,455900
944816,456000
945785,456100
946554,456200
947575,456300
948611,456400
949835,456500
950613,456600
951479,456700
952316,456800
953882,456900
955386,457000
956271,457100
957083,457200
957931,457300
958717,457400
959708,457500
961026,457600
962092,457700
964207,457800
966114,457900
967870,458000
969025,458100
970165,458200
971953,458300
973634,458400
974977,458500
976479,458600
977747,458700
979304,458800
980825,458900
982250,459000
989282,459100
991266,459200
993488,459300
994783,459400
996228,459500
997505,459600
998644,459700
999534,459800
1000363,459900
1001292,460000
1002480,460100
1003607,460200
1004183,460300
1005181,460400
1006705,460500
1008094,460600
1009124,460700
1010097,460800
1011076,460900
1012032,461000
1012986,461100
1014054,461200
1014831,461300
1015770,461400
1016493,461500
1017547,461600
1019593,461700
1020498,461800
1021515,461900
1022568,462000
1023499,462100
1024466,462200
1025413,462300
1026124,462400
1026876,462500
1027682,462600
1028357,462700
1029117,462800
1031944,462900
1033172,463000
1034490,463100
1035670,463200
1037074,463300
1038067,463400
1038965,463500
1040748,463600
1042180,463700
1043255,463800
1044239,463900
1045569,464000
1046762,464100
1048097,464200
1050371,464300
1052319,464400
1053836,464500
1056546,464600
1058245,464700
1060389,464800
1062113,464900
1063863,465000
1073067,465100
1075493,465200
1079112,465300
1080633,465400
1082029,465500
1083643,465600
1084739,465700
1085692,465800
1086498,465900
1087846,466000
1089485,466100
1090456,466200
1091466,466300
1092511,466400
1094003,466500
1094904,466600
1095951,466700
1096705,466800
1097615,466900
1098447,467000
1099599,467100
1100444,467200
1102130,467300
1103803,467400
1105276,467500
1106953,467600
1108227,467700
1109559,467800
1111161,467900
1112330,468000
1114282,468100
1115498,468200
1116594,468300
1118023,468400
1119994,468500
1122107,468600
1124772,468700
1126130,468800
1127305,468900
1128561,469000
1134864,469100
1137155,469200
1139128,469300
1140745,469400
1142511,469500
1143783,469600
1145089,469700
1147043,469800
1148505,469900
1149719,470000
1151022,470100
1152172,470200
1153279,470300
1155015,470400
1156313,470500
1157322,470600
1158591,470700
1159968,470800
1161825,470900
1163647,471000
1165350,471100
1166637,471200
1168038,471300
1169229,471400
1171285,471500
1172670,471600
1174006,471700
1175576,471800
1177654,471900
1179126,472000
1180509,472100
1181578,472200
1183103,472300
1184620,472400
1186591,472500
1188756,472600
1191655,472700
1195739,472800
1198484,472900
1200461,473000
1207759,473100
1210583,473200
1212250,473300
1213695,473400
1215215,473500
1216740,473600
1219283,473700
1220502,473800
1221804,473900
1223122,474000
1224505,474100
1225323,474200
1226287,474300
1227336,474400
1228226,474500
1229423,474600
1230745,474700
1232103,474800
1233242,474900
1234807,475000
1236584,475100
1237907,475200
1239126,475300
1240370,475400
1241692,475500
1242861,475600
1243885,475700
1245979,475800
1247534,475900
1249833,476000
1251365,476100
1252680,476200
1253843,476300
1255157,476400
1256021,476500
1257188,476600
1258036,476700
1258842,476800
1259966,476900
1261401,477000
1263461,477100
1264627,477200
1267887,477300
1269664,477400
1271267,477500
1272797,477600
1274291,477700
1276119,477800
1277752,477900
1278790,478000
1286275,478100
1289526,478200
1292176,478300
1294921,478400
1296289,478500
1297325,478600
1298808,478700
1300788,478800
1301949,478900
1303868,479000
1305346,479100
1306867,479200
1308099,479300
1309301,479400
1310257,479500
1311967,479600
1313391,479700
1314453,479800
1315429,479900
1316687,480000
1317939,480100
1319088,480200
1320677,480300
1322169,480400
1324358,480500
1325543,480600
1326890,480700
1327976,480800
1329964,480900
1331261,481000
1332483,481100
1333761,481200
1335835,481300
1337564,481400
1339436,481500
1341402,481600
1342978,481700
1344553,481800
1346241,481900
1347668,482000
1353751,482100
1357338,482200
1360203,482300
1361393,482400
1362921,482500
1364359,482600
1365517,482700
1367443,482800
1370233,482900
1372068,483000
1374336,483100
1375679,483200
1376946,483300
1377920,483400
1378817,483500
1379885,483600
1380689,483700
1381500,483800
1382937,483900
1383984,484000
1385080,484100
1385902,484200
1386621,484300
1387587,484400
1388950,484500
1390777,484600
1392175,484700
1393202,484800
1394502,484900
1395532,485000
1396639,485100
1397310,485200
1398719,485300
1399818,485400
1400829,485500
1401822,485600
1402780,485700
1404471,485800
1406605,485900
1407986,486000
1409481,486100
1411328,486200
1412341,486300
1413546,486400
1414409,486500
1415417,486600
1417082,486700
1418321,486800
1419756,486900
1421046,487000
1427719,487100
1429802,487200
1432116,487300
1433558,487400
1435213,487500
1436056,487600
1437149,487700
1438752,487800
1440886,487900
1441977,488000
1442731,488100
1443908,488200
1444710,488300
1445699,488400
1447470,488500
1449004,488600
1449880,488700
1450833,488800
1451658,488900
1453640,489000
1454811,489100
1456042,489200
1457064,489300
1458634,489400
1459955,489500
1460816,489600
1461829,489700
1463320,489800
1466344,489900
1468003,490000
1469275,490100
1470871,490200
1472394,490300
1473862,490400
1475032,490500
1476529,490600
1478292,490700
1481420,490800
1482972,490900
1484493,491000
1491683,491100
1494802,491200
1497227,491300
1499601,491400
1501300,491500
1502610,491600
1504083,491700
1505974,491800
1506639,491900
1507596,492000
1508495,492100
1509380,492200
1511152,492300
1513004,492400
1514772,492500
1516010,492600
1517744,492700
1519249,492800
1520686,492900
1522067,493000
1524083,493100
1525894,493200
1527636,493300
1529121,493400
1530295,493500
1533175,493600
1535833,493700
1537278,493800
1538774,493900
1540413,494000
1542143,494100
1543842,494200
1545311,494300
1546655,494400
1547890,494500
1549580,494600
1550935,494700
1552768,494800
1553948,494900
1557894,495000
1566004,495100
1569009,495200
1571184,495300
1572524,495400
1573973,495500
1575647,495600
1576806,495700
1578269,495800
1579547,495900
1580713,496000
1582472,496100
1583736,496200
1585120,496300
1586165,496400
1587745,496500
1589814,496600
1591895,496700
1594242,496800
1596340,496900
1599280,497000
1600979,497100
1603358,497200
1605495,497300
1606877,497400
1608775,497500
1609958,497600
1612405,497700
1614533,497800
1617498,497900
1620077,498000
1621557,498100
1623713,498200
1625834,498300
1627880,498400
1630793,498500
1632883,498600
1634539,498700
1636603,498800
1638628,498900
1640392,499000
1648613,499100
1651715,499200
1654124,499300
1656063,499400
1658280,499500
1659835,499600
1661365,499700
1663461,499800
1664778,499900
1665987,500000
1667087,500100
1668293,500200
1669807,500300
1671115,500400
1673062,500500
1675169,500600
1677183,500700
1679253,500800
1681790,500900
1683415,501000
1684932,501100
1686714,501200
1688117,501300
1689412,501400
1690978,501500
1692226,501600
1693511,501700
1694680,501800
1696694,501900
1698453,502000
1700838,502100
1702611,502200
1704581,502300
1706468,502400
1708293,502500
1710173,502600
1711474,502700
1713462,502800
1716671,502900
1718629,503000
1726369,503100
1728461,503200
1730153,503300
1731687,503400
1733441,503500
1734865,503600
1736031,503700
1737346,503800
1738473,503900
1739711,504000
1740728,504100
1741696,504200
1742518,504300
1743378,504400
1744355,504500
1747003,504600
1748534,504700
1749863,504800
1751362,504900
1752564,505000
1753894,505100
1756914,505200
1759469,505300
1761267,505400
1763061,505500
1764607,505600
1769294,505700
1771568,505800
1775009,505900
1778272,506000
1781974,506100
1784791,506200
1788139,506300
1790705,506400
1792552,506500
1795891,506600
1798078,506700
1800830,506800
1802279,506900
1803840,507000
1811867,507100
1815844,507200
1817965,507300
1820145,507400
1821994,507500
1823037,507600
1825042,507700
1826434,507800
1828363,507900
1831046,508000
1834387,508100
1836852,508200
1839702,508300
1841948,508400
1846327,508500
1854818,508600
1861640,508700
1866784,508800
1870672,508900
1874678,509000
1882410,509100
1885796,509200
1888045,509300
1889906,509400
1892189,509500
1894672,509600
1897469,509700
1899498,509800
1904021,509900
1907330,510000
1909360,510100
1911976,510200
1914954,510300
1917381,510400
1918802,510500
1921056,510600
1923247,510700
1928769,510800
1931256,510900
1934827,511000
1939061,511100
1942536,511200
1945931,511300
1950745,511400
1952642,511500
1954229,511600
1956644,511700
1961875,511800
1965525,511900
1970117,512000
1980966,512100
1983273,512200
1985771,512300
1987986,512400
1989822,512500
1991935,512600
1994169,512700
1995625,512800
1997258,512900
1998892,513000
2000347,513100
2001608,513200
2002985,513300
2004834,513400
2005540,513500
2006302,513600
2007945,513700
2009065,513800
2010566,513900
2011488,514000
2012226,514100
2012954,514200
2014041,514300
2015094,514400
2015848,514500
2016652,514600
2017259,514700
2018338,514800
2019011,514900
2020061,515000
2021283,515100
2022148,515200
2023210,515300
2024104,515400
2025304,515500
2027118,515600
2028157,515700
2029121,515800
2029899,515900
2030607,516000
2031091,516100
2031699,516200
2032467,516300
2033333,516400
2034579,516500
2035683,516600
2036616,516700
2037478,516800
2038643,516900
2039494,517000
2045066,517100
2046198,517200
2048086,517300
2049221,517400
2050439,517500
2051343,517600
2051974,517700
2054136,517800
2055169,517900
2056360,518000
2057260,518100
2057971,518200
2058680,518300
2059403,518400
2061726,518500
2063016,518600
2063874,518700
2064467,518800
2065136,518900
2065917,519000
2066614,519100
2067744,519200
2069217,519300
2069893,519400
2070732,519500
2071775,519600
2072604,519700
2073935,519800
2074768,519900
2075832,520000
2076769,520100
2079366,520200
2081694,520300
2082221,520400
2083013,520500
2084818,520600
2086275,520700
2087483,520800
2088636,520900
2089706,521000
2091588,521100
2092935,521200
2093863,521300
2094668,521400
2095422,521500
2096010,521600
2097124,521700
2098316,521800
2099324,521900
2100536,522000
2101559,522100
2102815,522200
2103924,522300
2104586,522400
2105171,522500
2106120,522600
2107113,522700
2107829,522800
2108860,522900
2109656,523000
2114707,523100
2116738,523200
2118231,523300
2119111,523400
2119899,523500
2121103,523600
2122145,523700
2122945,523800
2123976,523900
2124751,524000
2125384,524100
2126442,524200
2126858,524300
2127464,524400
2128087,524500
2128424,524600
2129079,524700
2129913,524800
2130871,524900
2131718,525000
2132709,525100
2133502,525200
2134090,525300
2134713,525400
2135692,525500
2136182,525600
2136834,525700
2140120,525800
2145749,525900
2147933,526000
2149855,526100
2153550,526200
2157436,526300
2160828,526400
2165195,526500
2167540,526600
2168486,526700
2169415,526800
2170430,526900
2171389,527000
2173409,527100
2177246,527200
2178435,527300
2179477,527400
2180165,527500
2182010,527600
2183038,527700
2183967,527800
2184836,527900
2185877,528000
2191583,528100
2192916,528200
2196743,528300
2198232,528400
2199149,528500
2200217,528600
2200743,528700
2201452,528800
2201976,528900
2202697,529000
2203212,529100
2206530,529200
2210085,529300
2212815,529400
2215589,529500
2217176,529600
2218145,529700
2219258,529800
2221657,529900
2223559,530000
2224749,530100
2226404,530200
2228443,530300
2229871,530400
2230961,530500
2231979,530600
2232747,530700
2233748,530800
2234347,530900
2234953,531000
2235956,531100
2238126,531200
2240561,531300
2241583,531400
2244539,531500
2249654,531600
2252092,531700
2253819,531800
2255712,531900
2262302,532000
2268034,532100
2271892,532200
2274003,532300
2277680,532400
2280244,532500
2282254,532600
2283361,532700
2284983,532800
2286026,532900
2287331,533000
2287837,533100
2288703,533200
2290210,533300
2292758,533400
2294126,533500
2296399,533600
2298549,533700
2299853,533800
2301911,533900
2303281,534000
2304821,534100
2305747,534200
2307033,534300
2308185,534400
2309225,534500
2310928,534600
2313408,534700
2315081,534800
2316390,534900
2317514,535000
2318916,535100
2319830,535200
2320661,535300
2321647,535400
2325850,535500
2327915,535600
2329900,535700
2331442,535800
2332640,535900
2333810,536000
2339012,536100
2341592,536200
2343634,536300
2344753,536400
2346483,536500
2347740,536600
2348624,536700
2349743,536800
2350867,536900
2351675,537000
2352937,537100
2354202,537200
2355067,537300
2355768,537400
2356428,537500
2357326,537600
2358465,537700
2359007,537800
2359682,537900
2360437,538000
2361230,538100
2362607,538200
2363609,538300
2364818,538400
2365925,538500
2366855,538600
2367770,538700
2369111,538800
2370120,538900
2371150,539000
2372221,539100
2372955,539200
2373676,539300
2374460,539400
2376397,539500
2377518,539600
2379021,539700
2379902,539800
2381764,539900
2383005,540000
2383929,540100
2384965,540200
2385892,540300
2387395,540400
2388189,540500
2389293,540600
2390890,540700
2392027,540800
2393610,540900
2394989,541000
2395946,541100
2397063,541200
2398388,541300
2399288,541400
2400286,541500
2401066,541600
2401780,541700
2403042,541800
2404272,541900
2405154,542000
2411687,542100
2413573,542200
2414968,542300
2416746,542400
2417958,542500
2418785,542600
2419522,542700
2420194,542800
2421386,542900
2422002,543000
2422658,543100
2423351,543200
2424092,543300
2425129,543400
2427392,543500
2428375,543600
2429189,543700
2430053,543800
2430717,543900
2431614,544000
2433134,544100
2433886,544200
2434807,544300
2435537,544400
2436244,544500
2437225,544600
2438263,544700
2439066,544800
2440210,544900
2442013,545000
2443834,545100
2445310,545200
2446769,545300
2448151,545400
2449800,545500
2451223,545600
2452557,545700
2453732,545800
2455156,545900
2457280,546000
2459338,546100
2461853,546200
2464349,546300
2466460,546400
2469176,546500
2471318,546600
2472963,546700
2474535,546800
2476315,546900
2478182,547000
2486197,547100
2488839,547200
2491003,547300
2492568,547400
2493994,547500
2495426,547600
2496754,547700
2498095,547800
2499740,547900
2501280,548000
2502587,548100
2503938,548200
2505312,548300
2507069,548400
2508146,548500
2509178,548600
2509949,548700
2511497,548800
2512855,548900
2514075,549000
2516381,549100
2518417,549200
2520557,549300
2522304,549400
2523828,549500
2524943,549600
2526105,549700
2527190,549800
2528236,549900
2529643,550000
2530776,550100
2532332,550200
2533491,550300
2534869,550400
2536918,550500
2537987,550600
2540008,550700
2543413,550800
2546624,550900
2548384,551000
2555219,551100
2557703,551200
2560222,551300
2562470,551400
2564702,551500
2566363,551600
2569442,551700
2572262,551800
2575373,551900
2576993,552000
2578555,552100
2581123,552200
2583564,552300
2585057,552400
2586674,552500
2587985,552600
2589422,552700
2592237,552800
2594428,552900
2596820,553000
2600614,553100
2603342,553200
2605109,553300
2606851,553400
2608795,553500
2610395,553600
2612080,553700
2613423,553800
2615346,553900
2616536,554000
2622439,554100
2625717,554200
2628239,554300
2630213,554400
2632296,554500
2633968,554600
2635534,554700
2637426,554800
2639917,554900
2641938,555000
2643677,555100
2645176,555200
2646661,555300
2648951,555400
2650254,555500
2651366,555600
2652433,555700
2654026,555800
2655862,555900
2657670,556000
2659061,556100
2660352,556200
2661422,556300
2663038,556400
2664557,556500
2666175,556600
2667369,556700
2668585,556800
2669752,556900
2671065,557000
2672182,557100
2673752,557200
2675043,557300
2676202,557400
2677713,557500
2678537,557600
2679501,557700
2680440,557800
2681251,557900
2682488,558000
2686500,558100
2687770,558200
2689095,558300
2690301,558400
2691291,558500
2692553,558600
2694081,558700
2695100,558800
2696200,558900
2697255,559000
2698303,559100
2699035,559200
2699571,559300
2700503,559400
2701320,559500
2701942,559600
2702756,559700
2703547,559800
2704420,559900
2706137,560000
2707391,560100
2708251,560200
2708970,560300
2709901,560400
2710676,560500
2711862,560600
2712665,560700
2713502,560800
2714422,560900
2715280,561000
2716446,561100
2717633,561200
2718897,561300
2719854,561400
2720701,561500
2721706,561600
2722637,561700
2723683,561800
2725399,561900
2726862,562000
2728430,562100
2730294,562200
2731315,562300
2732604,562400
2733890,562500
2735312,562600
2736709,562700
2737939,562800
2739085,562900
2739922,563000
2741815,563100
2744182,563200
2746237,563300
2747307,563400
2748905,563500
2750339,563600
2751882,563700
2753465,563800
2755006,563900
2756374,564000
2765770,564100
2767738,564200
2769194,564300
2771099,564400
2772439,564500
2773610,564600
2774753,564700
2776370,564800
2777547,564900
2778498,565000
2779537,565100
2780165,565200
2781148,565300
2782487,565400
2783756,565500
2785618,565600
2787528,565700
2788830,565800
2790990,565900
2792155,566000
2793685,566100
2794652,566200
2795554,566300
2796431,566400
2797186,566500
2798145,566600
2799682,566700
2801971,566800
2803634,566900
2805479,567000
2806631,567100
2807617,567200
2808612,567300
2809590,567400
2810322,567500
2811629,567600
2812665,567700
2813815,567800
2814769,567900
2815619,568000
2818299,568100
2821247,568200
2823088,568300
2824552,568400
2826030,568500
2827238,568600
2829218,568700
2831745,568800
2833178,568900
2834804,569000
2843390,569100
2845348,569200
2847282,569300
2848919,569400
2850684,569500
2852495,569600
2853745,569700
2854908,569800
2856132,569900
2857542,570000
2858722,570100
2859649,570200
2860839,570300
2862052,570400
2864069,570500
2865790,570600
2867745,570700
2869990,570800
2871860,570900
2873221,571000
2874528,571100
2875960,571200
2876913,571300
2877949,571400
2878696,571500
2879663,571600
2882398,571700
2884312,571800
2885949,571900
2887865,572000
2889691,572100
2891895,572200
2894692,572300
2896192,572400
2897142,572500
2898348,572600
2899507,572700
2900627,572800
2901708,572900
2903895,573000
2911901,573100
2913829,573200
2915907,573300
2917716,573400
2919381,573500
2920551,573600
2921644,573700
2923399,573800
2924588,573900
2925599,574000
2926551,574100
2927810,574200
2928935,574300
2930296,574400
2931881,574500
2933541,574600
2935436,574700
2937005,574800
2938310,574900
2940206,575000
2941585,575100
2942949,575200
2944261,575300
2945761,575400
2946893,575500
2948195,575600
2950207,575700
2953750,575800
2957216,575900
2960604,576000
2963154,576100
2965789,576200
2968251,576300
2970652,576400
2972481,576500
2974258,576600
2976371,576700
2977907,576800
2979827,576900
2981480,577000
2989828,577100
2993232,577200
2995384,577300
2997637,577400
2999453,577500
3000732,577600
3002187,577700
3003743,577800
3004906,577900
3006561,578000
3007847,578100
3009473,578200
3011647,578300
3013567,578400
3015504,578500
3017402,578600
3018963,578700
3020813,578800
3022656,578900
3024288,579000
3025714,579100
3026996,579200
3028349,579300
3030073,579400
3032103,579500
3033915,579600
3035497,579700
3036947,579800
3038739,579900
3040195,580000
3041512,580100
3043879,580200
3045409,580300
3046926,580400
3048272,580500
3051048,580600
3054450,580700
3059593,580800
3062977,580900
3066142,581000
3074440,581100
3077581,581200
3080274,581300
3082277,581400
3084068,581500
3085576,581600
3086928,581700
3088366,581800
3090986,581900
3093204,582000
3096175,582100
3099019,582200
3101550,582300
3103707,582400
3106131,582500
3110248,582600
3112598,582700
3115215,582800
3117368,582900
3120578,583000
3122184,583100
3123497,583200
3124594,583300
3126258,583400
3128743,583500
3132118,583600
3134211,583700
3135914,583800
3137915,583900
3140851,584000
3147474,584100
3149606,584200
3151159,584300
3152884,584400
3154370,584500
3156583,584600
3158080,584700
3160162,584800
3162751,584900
3165044,585000
3167702,585100
3169422,585200
3170801,585300
3172064,585400
3173520,585500
3175070,585600
3176582,585700
3178040,585800
3179781,585900
3181153,586000
3182618,586100
3185910,586200
3187246,586300
3188341,586400
3191354,586500
3192734,586600
3194704,586700
3196438,586800
3197810,586900
3199517,587000
3200659,587100
3201877,587200
3202804,587300
3203744,587400
3204760,587500
3206259,587600
3208619,587700
3210393,587800
3211827,587900
3214359,588000
3220630,588100
3223074,588200
3224948,588300
3226628,588400
3227979,588500
3229587,588600
3230732,588700
3233133,588800
3235295,588900
3237999,589000
3240956,589100
3242483,589200
3244113,589300
3245652,589400
3246674,589500
3247593,589600
3248876,589700
3249961,589800
3251750,589900
3254085,590000
3256460,590100
3258167,590200
3259848,590300
3261686,590400
3263067,590500
3264188,590600
3265435,590700
3266562,590800
3267812,590900
3268921,591000
3270105,591100
3272335,591200
3273777,591300
3275742,591400
3277347,591500
3279651,591600
3281034,591700
3282441,591800
3285359,591900
3287031,592000
3293304,592100
3296118,592200
3297712,592300
3299359,592400
3300727,592500
3302004,592600
3302880,592700
3303858,592800
3305110,592900
3306494,593000
3307803,593100
3308991,593200
3310071,593300
3311896,593400
3313429,593500
3315655,593600
3317076,593700
3317986,593800
3319540,593900
3320863,594000
3322367,594100
3324427,594200
3325704,594300
3327082,594400
3328038,594500
3329327,594600
3330233,594700
3331336,594800
3332403,594900
3334315,595000
3335003,595100
3336991,595200
3338756,595300
3339923,595400
3341292,595500
3342990,595600
3344970,595700
3347401,595800
3349014,595900
3351333,596000
3358616,596100
3360785,596200
3362964,596300
3364995,596400
3366845,596500
3367905,596600
3368917,596700
3370064,596800
3371360,596900
3372630,597000
3373679,597100
3374666,597200
3375939,597300
3377214,597400
3378485,597500
3379663,597600
3380731,597700
3381795,597800
3383161,597900
3384216,598000
3385057,598100
3386107,598200
3386889,598300
3388014,598400
3389523,598500
3390782,598600
3392643,598700
3394202,598800
3395665,598900
3397045,599000
3398436,599100
3399374,599200
3400577,599300
3402274,599400
3403375,599500
3404735,599600
3405978,599700
3407798,599800
3409230,599900
3411608,600000
3413962,600100
3415621,600200
3417170,600300
3419424,600400
3420922,600500
3422868,600600
3423960,600700
3425722,600800
3427117,600900
3428639,601000
3437686,601100
3440062,601200
3442476,601300
3445498,601400
3447383,601500
3449468,601600
3451199,601700
3452590,601800
3454622,601900
3456236,602000
3457464,602100
3458537,602200
3459752,602300
3461167,602400
3462219,602500
3463725,602600
3465212,602700
3466961,602800
3469470,602900
3471572,603000
3473106,603100
3474533,603200
3475820,603300
3477727,603400
3478992,603500
3480957,603600
3482206,603700
3483833,603800
3487249,603900
3489515,604000
3492074,604100
3495359,604200
3497586,604300
3499246,604400
3501037,604500
3502461,604600
3503898,604700
3505221,604800
3507514,604900
3508969,605000
3513774,605100
3515497,605200
3517313,605300
3519133,605400
3520728,605500
3522245,605600
3523306,605700
3524891,605800
3526037,605900
3527515,606000
3528822,606100
3530312,606200
3531498,606300
3532616,606400
3533575,606500
3535931,606600
3537903,606700
3539805,606800
3541753,606900
3543806,607000
3545042,607100
3546111,607200
3547676,607300
3548955,607400
3550186,607500
3551818,607600
3553707,607700
3554988,607800
3556061,607900
3557009,608000
3557888,608100
3559004,608200
3560949,608300
3562703,608400
3564541,608500
3567240,608600
3568799,608700
3570155,608800
3571533,608900
3573444,609000
3578608,609100
3580378,609200
3581674,609300
3584126,609400
3586523,609500
3588984,609600
3590477,609700
3592473,609800
3594861,609900
3596141,610000
3597783,610100
3598731,610200
3601330,610300
3602776,610400
3604503,610500
3605693,610600
3607229,610700
3608290,610800
3609499,610900
3611171,611000
3612455,611100
3614132,611200
3615560,611300
3616362,611400
3617652,611500
3619252,611600
3620509,611700
3621929,611800
3623285,611900
3625081,612000
3626555,612100
3627657,612200
3629390,612300
3631165,612400
3632085,612500
3633603,612600
3635005,612700
3637835,612800
3639820,612900
3641893,613000
3648227,613100
3650052,613200
3652457,613300
3654468,613400
3656347,613500
3658006,613600
3659795,613700
3661094,613800
3662522,613900
3665223,614000
3667387,614100
3669164,614200
3671122,614300
3672572,614400
3673512,614500
3674193,614600
3675245,614700
3677392,614800
3680605,614900
3683022,615000
3685597,615100
3686963,615200
3689265,615300
3690825,615400
3692094,615500
3693476,615600
3695191,615700
3696686,615800
3698331,615900
3700767,616000
3702752,616100
3704622,616200
3706784,616300
3709076,616400
3710694,616500
3713025,616600
3715746,616700
3718265,616800
3722020,616900
3726812,617000
3735949,617100
3739941,617200
3743133,617300
3744786,617400
3746458,617500
3748692,617600
3749903,617700
3751088,617800
3752138,617900
3754047,618000
3755672,618100
3758739,618200
3762216,618300
3764054,618400
3765665,618500
3767213,618600
3768757,618700
3770513,618800
3772134,618900
3773896,619000
3775404,619100
3777063,619200
3778383,619300
3779630,619400
3780740,619500
3783220,619600
3785357,619700
3787187,619800
3789782,619900
3791575,620000
3800413,620100
3805867,620200
3808146,620300
3809556,620400
3810695,620500
3812087,620600
3813154,620700
3814004,620800
3815913,620900
3818875,621000
3821047,621100
3822764,621200
3825208,621300
3828343,621400
3831288,621500
3833763,621600
3836584,621700
3839616,621800
3841929,621900
3843855,622000
3845981,622100
3848064,622200
3849567,622300
3851276,622400
3853768,622500
3855215,622600
3856663,622700
3859879,622800
3861582,622900
3863548,623000
3868370,623100
3870982,623200
3872905,623300
3875245,623400
3877431,623500
3879469,623600
3881119,623700
3882964,623800
3884537,623900
3886127,624000
3887508,624100
3889268,624200
3891002,624300
3892687,624400
3893985,624500
3894960,624600
3896440,624700
3897795,624800
3900142,624900
3902191,625000
3903904,625100
3905903,625200
3907141,625300
3908936,625400
3910495,625500
3913197,625600
3914906,625700
3917395,625800
3919154,625900
3920361,626000
3923994,626100
3926229,626200
3928101,626300
3930597,626400
3932828,626500
3934582,626600
3936299,626700
3937920,626800
3940110,626900
3941991,627000
3948028,627100
3950221,627200
3953017,627300
3955389,627400
3957276,627500
3960262,627600
3963460,627700
3965332,627800
3966694,627900
3968294,628000
3969729,628100
3971619,628200
3973922,628300
3976438,628400
3979193,628500
3983282,628600
3986664,628700
3988913,628800
3990202,628900
3992361,629000
3995058,629100
3996869,629200
3998650,629300
4000905,629400
4003410,629500
4006217,629600
4009152,629700
4011561,629800
4013267,629900
4015580,630000
4022560,630100
4025370,630200
4027709,630300
4031399,630400
4033772,630500
4035803,630600
4037396,630700
4039421,630800
4041439,630900
4042871,631000
4044179,631100
4045355,631200
4046771,631300
4048331,631400
4050908,631500
4053405,631600
4055098,631700
4056643,631800
4058578,631900
4060234,632000
4061805,632100
4064359,632200
4067646,632300
4070609,632400
4072205,632500
4074281,632600
4076935,632700
4079507,632800
4081936,632900
4083514,633000
4089759,633100
4092046,633200
4094310,633300
4095796,633400
4097381,633500
4098533,633600
4099858,633700
4101105,633800
4102415,633900
4103862,634000
4106320,634100
4110629,634200
4113193,634300
4114683,634400
4116009,634500
4117415,634600
4118245,634700
4119394,634800
4120749,634900
4122251,635000
4124204,635100
4126652,635200
4128442,635300
4130302,635400
4131859,635500
4133122,635600
4134465,635700
4135902,635800
4137424,635900
4139235,636000
4141110,636100
4143991,636200
4146963,636300
4149788,636400
4151606,636500
4153772,636600
4155514,636700
4157576,636800
4159683,636900
4161895,637000
4168702,637100
4171344,637200
4173055,637300
4175029,637400
4177236,637500
4178926,637600
4180730,637700
4182147,637800
4187983,637900
4189483,638000
4190996,638100
4192420,638200
4194389,638300
4195848,638400
4199828,638500
4202460,638600
4204671,638700
4206998,638800
4208995,638900
4211421,639000
4213441,639100
4215136,639200
4217049,639300
4218499,639400
4220147,639500
4221853,639600
4224472,639700
4226724,639800
4229244,639900
4231866,640000
4238982,640100
4241955,640200
4244434,640300
4246877,640400
4248524,640500
4250709,640600
4253483,640700
4256021,640800
4258914,640900
4262490,641000
4265141,641100
4267941,641200
4270469,641300
4272550,641400
4275184,641500
4279155,641600
4280991,641700
4283210,641800
4285779,641900
4289914,642000
4293600,642100
4296473,642200
4299158,642300
4301647,642400
4303681,642500
4306028,642600
4308643,642700
4311480,642800
4314027,642900
4316935,643000
4323992,643100
4326687,643200
4329453,643300
4332151,643400
4334620,643500
4336543,643600
4338624,643700
4340612,643800
4342992,643900
4344762,644000
4346971,644100
4348890,644200
4350836,644300
4352804,644400
4354358,644500
4356568,644600
4359403,644700
4360936,644800
4362905,644900
4365411,645000
4367566,645100
4369535,645200
4371503,645300
4372949,645400
4375479,645500
4377644,645600
4380933,645700
4383020,645800
4385339,645900
4388511,646000
4395853,646100
4398979,646200
4401668,646300
4404056,646400
4406294,646500
4408447,646600
4410215,646700
4412444,646800
4414373,646900
4417089,647000
4418637,647100
4420090,647200
4421605,647300
4423686,647400
4425571,647500
4427524,647600
4429260,647700
4431067,647800
4432541,647900
4434425,648000
4435900,648100
4437146,648200
4438691,648300
4440428,648400
4442267,648500
4445052,648600
4447457,648700
4449583,648800
4451654,648900
4453629,649000
4461377,649100
4463838,649200
4465700,649300
4468001,649400
4470420,649500
4472745,649600
4475220,649700
4477340,649800
4479435,649900
4481335,650000
4482976,650100
4484714,650200
4486921,650300
4488439,650400
4490334,650500
4491860,650600
4493555,650700
4495883,650800
4498556,650900
4501251,651000
4503762,651100
4506488,651200
4508296,651300
4509753,651400
4511688,651500
4513352,651600
4515137,651700
4517520,651800
4519217,651900
4521112,652000
4528395,652100
4531641,652200
4536476,652300
4538248,652400
4541286,652500
4543769,652600
4546062,652700
4548184,652800
4549970,652900
4551900,653000
4553876,653100
4555068,653200
4557025,653300
4559675,653400
4561834,653500
4564550,653600
4566997,653700
4570045,653800
4572648,653900
4575192,654000
4577548,654100
4579977,654200
4582500,654300
4584973,654400
4589724,654500
4593500,654600
4596259,654700
4599473,654800
4601974,654900
4606053,655000
4614524,655100
4617369,655200
4619832,655300
4622861,655400
4625168,655500
4628287,655600
4631584,655700
4634572,655800
4637804,655900
4642396,656000
4645787,656100
4648573,656200
4651018,656300
4653409,656400
4656015,656500
4658931,656600
4661603,656700
4664116,656800
4666465,656900
4669760,657000
4676478,657100
4679302,657200
4682091,657300
4684805,657400
4688404,657500
4690958,657600
4693307,657700
4695951,657800
4699392,657900
4702511,658000
4706118,658100
4709147,658200
4712039,658300
4714816,658400
4718416,658500
4721766,658600
4724865,658700
4728107,658800
4731428,658900
4734746,659000
4744284,659100
4748565,659200
4751944,659300
4754604,659400
4758012,659500
4760309,659600
4762680,659700
4764843,659800
4767353,659900
4770031,660000
4773410,660100
4778292,660200
4782153,660300
4784786,660400
4787944,660500
4790846,660600
4793307,660700
4795551,660800
4798143,660900
4800150,661000
4806470,661100
4810250,661200
4812745,661300
4815809,661400
4818293,661500
4821439,661600
4825307,661700
4830646,661800
4834609,661900
4838813,662000
4842165,662100
4846655,662200
4849934,662300
4852494,662400
4855454,662500
4858563,662600
4862259,662700
4866793,662800
4871425,662900
4876163,663000
4886001,663100
4892064,663200
4896849,663300
4900468,663400
4903436,663500
4906562,663600
4910102,663700
4912947,663800
4916965,663900
4922614,664000
4928445,664100
4934824,664200
4941865,664300
4949316,664400
4954689,664500
4959586,664600
4963542,664700
4968080,664800
4972332,664900
4977146,665000
4985828,665100
4990605,665200
4995414,665300
5000216,665400
5005876,665500
5010885,665600
5014411,665700
5017381,665800
5025309,665900
5029264,666000
5032023,666100
5035462,666200
5039745,666300
5044476,666400
5048598,666500
5053217,666600
5056516,666700
5059370,666800
5063162,666900
5066220,667000
5073681,667100
5077452,667200
5081454,667300
5086791,667400
5090407,667500
5093564,667600
5096215,667700
5099263,667800
5103344,667900
5106814,668000
5110102,668100
5113230,668200
5116533,668300
5119253,668400
5122799,668500
5125745,668600
5128553,668700
5130927,668800
5133810,668900
5136311,669000
5143368,669100
5148224,669200
5151212,669300
5154505,669400
5157882,669500
5160836,669600
5163587,669700
5166846,669800
5170357,669900
5173088,670000
5176378,670100
5181186,670200
5183955,670300
5187036,670400
5190461,670500
5194270,670600
5197699,670700
5200366,670800
5204054,670900
5209976,671000
5218092,671100
5222330,671200
5225475,671300
5229138,671400
5233154,671500
5236195,671600
5240018,671700
5243000,671800
5245864,671900
5248321,672000
5252958,672100
5257539,672200
5260961,672300
5265463,672400
5270248,672500
5274637,672600
5277587,672700
5280320,672800
5283330,672900
5287772,673000
5293257,673100
5296697,673200
5299391,673300
5302623,673400
5306927,673500
5310999,673600
5314822,673700
5318229,673800
5321549,673900
5325204,674000
5328335,674100
5330775,674200
5333535,674300
5336863,674400
5340134,674500
5345178,674600
5348241,674700
5350938,674800
5353857,674900
5357093,675000
5364636,675100
5368188,675200
5371671,675300
5374470,675400
5377932,675500
5380734,675600
5383298,675700
5386768,675800
5390681,675900
5393599,676000
5397409,676100
5399956,676200
5402814,676300
5405021,676400
5407327,676500
5409842,676600
5412129,676700
5415177,676800
5419028,676900
5421896,677000
5428333,677100
5432278,677200
5435309,677300
5438027,677400
5440426,677500
5442725,677600
5446767,677700
5450093,677800
5453400,677900
5456005,678000
5458239,678100
5460726,678200
5463401,678300
5465497,678400
5467820,678500
5470266,678600
5473448,678700
5477809,678800
5481846,678900
5484862,679000
5492372,679100
5495487,679200
5498482,679300
5500634,679400
5502902,679500
5505546,679600
5509109,679700
5511848,679800
5514646,679900
5516667,680000
5518792,680100
5521403,680200
5524212,680300
5527151,680400
5529725,680500
5532657,680600
5534951,680700
5538600,680800
5542482,680900
5546955,681000
5550644,681100
5553020,681200
5556286,681300
5559910,681400
5564500,681500
5569131,681600
5573884,681700
5577874,681800
5582879,681900
5586282,682000
5597734,682100
5603080,682200
5606700,682300
5612665,682400
5615532,682500
5618564,682600
5621455,682700
5627201,682800
5630875,682900
5633492,683000
5636281,683100
5639510,683200
5642885,683300
5647472,683400
5651503,683500
5655370,683600
5658062,683700
5661938,683800
5665526,683900
5669254,684000
5676245,684100
5681544,684200
5685066,684300
5687075,684400
5689680,684500
5693171,684600
5697285,684700
5700348,684800
5703508,684900
5705711,685000
5708103,685100
5710003,685200
5712098,685300
5714438,685400
5718618,685500
5722045,685600
5725432,685700
5729388,685800
5732617,685900
5736731,686000
5742970,686100
5746562,686200
5749590,686300
5751985,686400
5753742,686500
5755906,686600
5758429,686700
5760643,686800
5764241,686900
5766221,687000
5768894,687100
5771213,687200
5773348,687300
5776318,687400
5779983,687500
5782023,687600
5783892,687700
5786554,687800
5789058,687900
5791256,688000
5792730,688100
5795620,688200
5798861,688300
5802869,688400
5808315,688500
5811091,688600
5813539,688700
5816488,688800
5820701,688900
5823079,689000
5831095,689100
5833963,689200
5836403,689300
5838887,689400
5840873,689500
5842965,689600
5846659,689700
5848891,689800
5853224,689900
5855636,690000
5857953,690100
5861672,690200
5863542,690300
5865601,690400
5867448,690500
5869720,690600
5871523,690700
5873477,690800
5875517,690900
5877018,691000
5878406,691100
5880852,691200
5882552,691300
5884098,691400
5885606,691500
5886751,691600
5888290,691700
5890671,691800
5896141,691900
5898370,692000
5904196,692100
5906262,692200
5908543,692300
5910523,692400
5912407,692500
5914281,692600
5916144,692700
5919176,692800
5920929,692900
5922781,693000
5924580,693100
5926503,693200
5928108,693300
5929311,693400
5930662,693500
5932896,693600
5933902,693700
5935450,693800
5937561,693900
5939419,694000
5941785,694100
5943955,694200
5945866,694300
5947248,694400
5948763,694500
5951529,694600
5953357,694700
5955510,694800
5957238,694900
5959550,695000
5961629,695100
5963725,695200
5965926,695300
5968195,695400
5970195,695500
5972893,695600
5975424,695700
5978112,695800
5980148,695900
5982966,696000
5993966,696100
6003795,696200
6007183,696300
6010296,696400
6014927,696500
6019003,696600
6022784,696700
6025692,696800
6027898,696900
6029345,697000
6031621,697100
6034957,697200
6037876,697300
6040190,697400
6043019,697500
6046710,697600
6049677,697700
6052186,697800
6055813,697900
6058345,698000
6063294,698100
6066768,698200
6069307,698300
6071685,698400
6073937,698500
6076459,698600
6079279,698700
6081840,698800
6085016,698900
6086775,699000
6089006,699100
6091584,699200
6093214,699300
6095705,699400
6097544,699500
6099318,699600
6102095,699700
6103835,699800
6105833,699900
6108095,700000
6111219,700100
6113265,700200
6115334,700300
6117668,700400
6120816,700500
6124032,700600
6126339,700700
6128686,700800
6130674,700900
6132672,701000
6138161,701100
6141567,701200
6144099,701300
6145961,701400
6148491,701500
6150203,701600
6152060,701700
6153543,701800
6155221,701900
6157292,702000
6158707,702100
6160397,702200
6162033,702300
6163814,702400
6165827,702500
6167314,702600
6169014,702700
6171225,702800
6173267,702900
6175638,703000
6178927,703100
6181066,703200
6183021,703300
6185199,703400
6187583,703500
6190483,703600
6192967,703700
6195426,703800
6198927,703900
6201792,704000
6208949,704100
6212936,704200
6215540,704300
6217571,704400
6220099,704500
6224613,704600
6228438,704700
6231480,704800
6233894,704900
6236626,705000
6239981,705100
6243022,705200
6247123,705300
6249512,705400
6251404,705500
6255367,705600
6258394,705700
6261838,705800
6267864,705900
6272740,706000
6282791,706100
6286704,706200
6289570,706300
6292686,706400
6295942,706500
6297499,706600
6300403,706700
6302512,706800
6305119,706900
6307346,707000
6311016,707100
6314280,707200
6317527,707300
6319545,707400
6322326,707500
6324825,707600
6327904,707700
6331100,707800
6333605,707900
6336014,708000
6342305,708100
6345490,708200
6348578,708300
6352116,708400
6353913,708500
6355713,708600
6358128,708700
6360938,708800
6364020,708900
6368217,709000
6374695,709100
6378462,709200
6383665,709300
6387452,709400
6390336,709500
6393196,709600
6395230,709700
6397651,709800
6400905,709900
6403280,710000
6411576,710100
6413703,710200
6415938,710300
6417777,710400
6421457,710500
6423974,710600
6425381,710700
6427841,710800
6430032,710900
6431656,711000
6433652,711100
6435626,711200
6437476,711300
6441303,711400
6443257,711500
6445434,711600
6447179,711700
6448923,711800
6451332,711900
6453922,712000
6455988,712100
6458351,712200
6462421,712300
6465857,712400
6468317,712500
6470744,712600
6474883,712700
6477252,712800
6479365,712900
6481455,713000
6487589,713100
6492009,713200
6494580,713300
6497755,713400
6500219,713500
6503125,713600
6504968,713700
6506476,713800
6508535,713900
6510270,714000
6512573,714100
6514851,714200
6516641,714300
6519208,714400
6521480,714500
6523970,714600
6526816,714700
6528602,714800
6530971,714900
6533207,715000
6535315,715100
6536913,715200
6538738,715300
6540522,715400
6542913,715500
6545360,715600
6546723,715700
6548804,715800
6550829,715900
6552668,716000
6565529,716100
6569481,716200
6573749,716300
6577213,716400
6580312,716500
6582087,716600
6582998,716700
6584165,716800
6585657,716900
6587004,717000
6589133,717100
6591684,717200
6594453,717300
6597198,717400
6600003,717500
6602234,717600
6604220,717700
6606181,717800
6607532,717900
6609136,718000
6612140,718100
6614537,718200
6616142,718300
6618258,718400
6620108,718500
6622116,718600
6624717,718700
6627205,718800
6629104,718900
6630662,719000
6636222,719100
6639374,719200
6641744,719300
6643986,719400
6645789,719500
6647180,719600
6649466,719700
6651764,719800
6655702,719900
6657657,720000
6659475,720100
6662093,720200
6664159,720300
6665935,720400
6667708,720500
6670129,720600
6674393,720700
6678062,720800
6679882,720900
6681552,721000
6683261,721100
6685500,721200
6688103,721300
6691184,721400
6693755,721500
6696901,721600
6699189,721700
6700369,721800
6703107,721900
6708284,722000
6715870,722100
6719335,722200
6722839,722300
6728710,722400
6738515,722500
6758985,722600
6768944,722700
6773013,722800
6775573,722900
6777231,723000
6779953,723100
6781781,723200
6783554,723300
6785013,723400
6786522,723500
6787897,723600
6789693,723700
6791020,723800
6792794,723900
6794626,724000
6796463,724100
6797689,724200
6799006,724300
6801920,724400
6804340,724500
6806015,724600
6808299,724700
6811076,724800
6813751,724900
6815393,725000
6816900,725100
6818843,725200
6820246,725300
6822066,725400
6828908,725500
6833125,725600
6835918,725700
6838836,725800
6840865,725900
6843105,726000
6850205,726100
6853205,726200
6855947,726300
6858531,726400
6861060,726500
6863573,726600
6866740,726700
6868616,726800
6870643,726900
6872425,727000
6873632,727100
6875188,727200
6876470,727300
6879171,727400
6881148,727500
6882839,727600
6885380,727700
6888407,727800
6890690,727900
6892346,728000
6893945,728100
6895188,728200
6896687,728300
6898222,728400
6899709,728500
6902299,728600
6904313,728700
6905990,728800
6908323,728900
6910195,729000
6915531,729100
6918146,729200
6920752,729300
6923486,729400
6926142,729500
6928780,729600
6931593,729700
6933595,729800
6936339,729900
6938522,730000
6940727,730100
6942548,730200
6944195,730300
6946102,730400
6948533,730500
6950885,730600
6952629,730700
6954597,730800
6956812,730900
6958757,731000
6960809,731100
6962113,731200
6963474,731300
6965715,731400
6968108,731500
6971083,731600
6974902,731700
6977969,731800
6980790,731900
6982525,732000
6988493,732100
6991029,732200
6992495,732300
6994100,732400
6996728,732500
6998658,732600
7000352,732700
7002531,732800
7004893,732900
7006951,733000
7008987,733100
7010208,733200
7011628,733300
7013166,733400
7014822,733500
7016542,733600
7019642,733700
7021343,733800
7023353,733900
7026234,734000
7029012,734100
7031587,734200
7033447,734300
7035173,734400
7036992,734500
7039915,734600
7042391,734700
7044260,734800
7045893,734900
7048552,735000
7055370,735100
7058560,735200
7061038,735300
7062959,735400
7064821,735500
7066684,735600
7070358,735700
7072360,735800
7073609,735900
7076628,736000
7079824,736100
7081756,736200
7084466,736300
7085989,736400
7088246,736500
7092579,736600
7095456,736700
7097609,736800
7099839,736900
7101988,737000
7104080,737100
7107084,737200
7108832,737300
7112867,737400
7114587,737500
7116701,737600
7119217,737700
7122783,737800
7125930,737900
7127821,738000
7137466,738100
7140540,738200
7142359,738300
7144277,738400
7146205,738500
7148550,738600
7150505,738700
7152361,738800
7154269,738900
7156001,739000
7157870,739100
7159898,739200
7160977,739300
7161868,739400
7162928,739500
7164825,739600
7166384,739700
7167842,739800
7169324,739900
7170748,740000
7172994,740100
7174997,740200
7176598,740300
7178844,740400
7180854,740500
7183719,740600
7187874,740700
7191798,740800
7194605,740900
7197607,741000
7204484,741100
7207510,741200
7210604,741300
7213257,741400
7214776,741500
7216177,741600
7217621,741700
7219477,741800
7221357,741900
7222675,742000
7223982,742100
7226041,742200
7228710,742300
7233844,742400
7238203,742500
7243160,742600
7246119,742700
7248669,742800
7251070,742900
7252644,743000
7254642,743100
7256225,743200
7257636,743300
7258993,743400
7260459,743500
7261761,743600
7264073,743700
7267354,743800
7269453,743900
7272173,744000
7279874,744100
7283789,744200
7285523,744300
7286624,744400
7288052,744500
7289664,744600
7291779,744700
7293692,744800
7297454,744900
7299433,745000
7302464,745100
7304716,745200
7306545,745300
7308107,745400
7309895,745500
7311902,745600
7313986,745700
7316501,745800
7318381,745900
7319738,746000
7321218,746100
7322304,746200
7323273,746300
7324718,746400
7326320,746500
7327803,746600
7329728,746700
7331505,746800
7334098,746900
7336767,747000
7343187,747100
7345305,747200
7347642,747300
7349443,747400
7350875,747500
7352300,747600
7354744,747700
7356393,747800
7359455,747900
7361465,748000
7362714,748100
7364222,748200
7365640,748300
7366690,748400
7367874,748500
7369552,748600
7370871,748700
7374017,748800
7377128,748900
7379336,749000
7380791,749100
7383231,749200
7384425,749300
7385675,749400
7387306,749500
7389030,749600
7390268,749700
7392289,749800
7394287,749900
7397168,750000
7398732,750100
7400552,750200
7402054,750300
7403507,750400
7404935,750500
7406725,750600
7408601,750700
7411184,750800
7413443,750900
7415465,751000
7424881,751100
7427176,751200
7430195,751300
7432157,751400
7433601,751500
7436266,751600
7438673,751700
7440568,751800
7442739,751900
7444599,752000
7446524,752100
7448328,752200
7450214,752300
7451921,752400
7453389,752500
7454880,752600
7456486,752700
7460058,752800
7462191,752900
7464125,753000
7466356,753100
7468286,753200
7470155,753300
7472084,753400
7474355,753500
7475305,753600
7477500,753700
7479888,753800
7482971,753900
7489747,754000
7498101,754100
7501282,754200
7503870,754300
7506386,754400
7507701,754500
7508697,754600
7510298,754700
7512575,754800
7514446,754900
7516166,755000
7517597,755100
7519580,755200
7521278,755300
7522923,755400
7524488,755500
7525873,755600
7527922,755700
7529894,755800
7531923,755900
7533810,756000
7535713,756100
7537163,756200
7538830,756300
7540474,756400
7541969,756500
7543302,756600
7544605,756700
7546492,756800
7548851,756900
7550642,757000
7554154,757100
7555402,757200
7557129,757300
7559330,757400
7564128,757500
7566103,757600
7567473,757700
7568739,757800
7571038,757900
7572867,758000
7580540,758100
7583211,758200
7585873,758300
7588869,758400
7595425,758500
7602396,758600
7609838,758700
7613396,758800
7616010,758900
7618919,759000
7621364,759100
7627646,759200
7636767,759300
7651254,759400
7654869,759500
7657779,759600
7663029,759700
7666380,759800
7668502,759900
7670329,760000
7674936,760100
7678339,760200
7681864,760300
7686613,760400
7689966,760500
7692410,760600
7694330,760700
7695789,760800
7697535,760900
7699284,761000
7701060,761100
7703242,761200
7705741,761300
7708068,761400
7710374,761500
7712533,761600
7714543,761700
7716528,761800
7718510,761900
7720867,762000
7722862,762100
7727324,762200
7732017,762300
7734501,762400
7740753,762500
7743627,762600
7746207,762700
7748520,762800
7750908,762900
7754191,763000
7762738,763100
7768604,763200
7772931,763300
7775881,763400
7779838,763500
7783417,763600
7785666,763700
7787945,763800
7790337,763900
7792132,764000
7794873,764100
7797580,764200
7801589,764300
7804977,764400
7808031,764500
7812824,764600
7818765,764700
7824971,764800
7827853,764900
7831291,765000
7839302,765100
7843931,765200
7846672,765300
7850025,765400
7852062,765500
7854288,765600
7856532,765700
7860825,765800
7863473,765900
7866951,766000
7869628,766100
7873905,766200
7875760,766300
7877625,766400
7879513,766500
7881142,766600
7890456,766700
7902519,766800
7906380,766900
7908857,767000
7914836,767100
7917698,767200
7919984,767300
7921847,767400
7923838,767500
7925747,767600
7927491,767700
7930213,767800
7932329,767900
7934130,768000
7938014,768100
7940487,768200
7943652,768300
7945402,768400
7948031,768500
7950248,768600
7953321,768700
7955533,768800
7956957,768900
7958469,769000
7960672,769100
7964023,769200
7966150,769300
7969126,769400
7972040,769500
7975588,769600
7978778,769700
7983003,769800
7984762,769900
7987483,770000
7997245,770100
8000453,770200
8002976,770300
8005253,770400
8007016,770500
8010832,770600
8012641,770700
8013587,770800
8014747,770900
8015930,771000
8018023,771100
8029983,771200
8043830,771300
8048823,771400
8059957,771500
8066429,771600
8068980,771700
8071236,771800
8073181,771900
8075742,772000
8082354,772100
8085313,772200
8089606,772300
8092313,772400
8095139,772500
8097314,772600
8099112,772700
8101170,772800
8103121,772900
8104920,773000
8106677,773100
8108740,773200
8111197,773300
8113138,773400
8115003,773500
8116592,773600
8118143,773700
8119908,773800
8121248,773900
8122532,774000
8124539,774100
8126554,774200
8130003,774300
8133617,774400
8136863,774500
8140305,774600
8142568,774700
8144794,774800
8147442,774900
8149445,775000
8155459,775100
8157511,775200
8160351,775300
8162706,775400
8165263,775500
8167327,775600
8169062,775700
8172132,775800
8173744,775900
8175702,776000
8177879,776100
8179443,776200
8182604,776300
8186579,776400
8189294,776500
8191908,776600
8195165,776700
8198007,776800
8201236,776900
8203474,777000
8207857,777100
8211683,777200
8214035,777300
8216357,777400
8218296,777500
8220668,777600
8223712,777700
8227747,777800
8231542,777900
8235304,778000
8244109,778100
8249274,778200
8252424,778300
8255797,778400
8258561,778500
8261005,778600
8263924,778700
8266339,778800
8268897,778900
8271153,779000
8273468,779100
8276026,779200
8278437,779300
8280905,779400
8283688,779500
8286916,779600
8289434,779700
8291991,779800
8294196,779900
8297209,780000
8299774,780100
8303533,780200
8306026,780300
8309284,780400
8311657,780500
8315388,780600
8319476,780700
8324245,780800
8327765,780900
8333024,781000
8340594,781100
8343673,781200
8346431,781300
8349657,781400
8352933,781500
8356993,781600
8360571,781700
8363159,781800
8366764,781900
8369476,782000
8372261,782100
8374201,782200
8376448,782300
8378036,782400
8381006,782500
8384844,782600
8388731,782700
8391427,782800
8394738,782900
8397307,783000
8405237,783100
8408303,783200
8410984,783300
8413059,783400
8415481,783500
8418730,783600
8422380,783700
8425471,783800
8428583,783900
8431444,784000
8434258,784100
8436608,784200
8438778,784300
8441066,784400
8442642,784500
8445490,784600
8448935,784700
8454087,784800
8459516,784900
8463281,785000
8471763,785100
8475467,785200
8478477,785300
8481242,785400
8483111,785500
8485700,785600
8488455,785700
8491253,785800
8493876,785900
8496649,786000
8499702,786100
8503555,786200
8506211,786300
8508704,786400
8510753,786500
8512595,786600
8514426,786700
8516434,786800
8518710,786900
8521903,787000
8525291,787100
8528387,787200
8531606,787300
8534280,787400
8536830,787500
8538705,787600
8540596,787700
8542268,787800
8544496,787900
8547676,788000
8556788,788100
8559384,788200
8561927,788300
8564565,788400
8566363,788500
8567916,788600
8569229,788700
8570628,788800
8572118,788900
8573960,789000
8576241,789100
8578527,789200
8581327,789300
8583623,789400
8585160,789500
8586847,789600
8588489,789700
8590867,789800
8592729,789900
8594836,790000
8599261,790100
8602137,790200
8605573,790300
8608390,790400
8610314,790500
8612251,790600
8614552,790700
8616494,790800
8618710,790900
8622194,791000
8630670,791100
8633362,791200
8636202,791300
8638816,791400
8640578,791500
8642732,791600
8645128,791700
8647430,791800
8650178,791900
8652710,792000
8655246,792100
8657637,792200
8660308,792300
8662774,792400
8664794,792500
8667286,792600
8671915,792700
8678081,792800
8683494,792900
8688395,793000
8697842,793100
8702030,793200
8705158,793300
8708052,793400
8711038,793500
8714431,793600
8718483,793700
8721988,793800
8725387,793900
8728337,794000
8732351,794100
8734994,794200
8739230,794300
8742641,794400
8745222,794500
8747491,794600
8749728,794700
8751351,794800
8754463,794900
8759388,795000
8769696,795100
8773173,795200
8777071,795300
8780911,795400
8784403,795500
8787369,795600
8790043,795700
8791935,795800
8793602,795900
8795993,796000
8798354,796100
8802884,796200
8808418,796300
8813223,796400
8819234,796500
8822705,796600
8826598,796700
8829527,796800
8831769,796900
8834615,797000
8842017,797100
8845635,797200
8848292,797300
8852138,797400
8857692,797500
8860492,797600
8863347,797700
8865980,797800
8868000,797900
8870324,798000
8872463,798100
8875259,798200
8878261,798300
8881258,798400
8884178,798500
8887476,798600
8892801,798700
8897261,798800
8901335,798900
8906082,799000
8915138,799100
8918458,799200
8921676,799300
8925240,799400
8928112,799500
8931005,799600
8933613,799700
8935608,799800
8937363,799900
8939479,800000
8942731,800100
8945196,800200
8948703,800300
8952466,800400
8955518,800500
8957792,800600
8960305,800700
8962586,800800
8964722,800900
8968368,801000
8973488,801100
8976944,801200
8980109,801300
8984079,801400
8988094,801500
8991168,801600
8996055,801700
8998437,801800
9000908,801900
9006627,802000
9018152,802100
9021976,802200
9025981,802300
9029120,802400
9031515,802500
9034121,802600
9036973,802700
9041003,802800
9044167,802900
9046321,803000
9048087,803100
9050632,803200
9053603,803300
9057533,803400
9060667,803500
9063372,803600
9066443,803700
9069629,803800
9071632,803900
9073719,804000
9080140,804100
9083675,804200
9088433,804300
9092004,804400
9095134,804500
9098369,804600
9100946,804700
9103286,804800
9105553,804900
9107691,805000
9109883,805100
9113093,805200
9115449,805300
9118571,805400
9122056,805500
9127142,805600
9130740,805700
9134299,805800
9136442,805900
9138479,806000
9145368,806100
9148456,806200
9150876,806300
9153757,806400
9155742,806500
9158253,806600
9160585,806700
9164225,806800
9166299,806900
9168041,807000
9170729,807100
9173406,807200
9176552,807300
9179412,807400
9181664,807500
9183248,807600
9185916,807700
9188932,807800
9193432,807900
9195408,808000
9197433,808100
9200088,808200
9202345,808300
9205266,808400
9208370,808500
9211174,808600
9214135,808700
9218261,808800
9224216,808900
9229001,809000
9238545,809100
9244009,809200
9249869,809300
9253828,809400
9257471,809500
9260629,809600
9263730,809700
9267499,809800
9272838,809900
9276026,810000
9279320,810100
9283353,810200
9288101,810300
9293986,810400
9298932,810500
9302103,810600
9307370,810700
9312848,810800
9320758,810900
9326420,811000
9338880,811100
9343754,811200
9347862,811300
9353951,811400
9358605,811500
9366220,811600
9373473,811700
9381721,811800
9390519,811900
9397508,812000
9406218,812100
9410731,812200
9413741,812300
9418278,812400
9422464,812500
9425831,812600
9430662,812700
9435817,812800
9441459,812900
9446539,813000
9454017,813100
9460302,813200
9465581,813300
9471487,813400
9475453,813500
9480199,813600
9485962,813700
9489663,813800
9494467,813900
9500072,814000
9510413,814100
9513494,814200
9517733,814300
9521822,814400
9525398,814500
9529996,814600
9534602,814700
9537979,814800
9542271,814900
9546342,815000
9548918,815100
9552125,815200
9555110,815300
9557638,815400
9560977,815500
9563902,815600
9567237,815700
9571721,815800
9574229,815900
9577247,816000
9584945,816100
9590075,816200
9592940,816300
9595752,816400
9597664,816500
9600617,816600
9603756,816700
9606500,816800
9608459,816900
9611146,817000
9614241,817100
9617734,817200
9620021,817300
9622564,817400
9624262,817500
9626590,817600
9629971,817700
9632147,817800
9635090,817900
9638047,818000
9640634,818100
9644745,818200
9648552,818300
9650696,818400
9653363,818500
9656114,818600
9659782,818700
9665094,818800
9672763,818900
9679209,819000
9693441,819100
9701344,819200
9704309,819300
9708079,819400
9710728,819500
9712515,819600
9715427,819700
9720243,819800
9724520,819900
9730280,820000
9735579,820100
9740313,820200
9744600,820300
9748785,820400
9752650,820500
9755508,820600
9758918,820700
9763229,820800
9767385,820900
9771337,821000
9779534,821100
9783714,821200
9786888,821300
9789990,821400
9792059,821500
9794005,821600
9796307,821700
9798586,821800
9801098,821900
9803941,822000
9808081,822100
9812076,822200
9815651,822300
9819068,822400
9824188,822500
9827864,822600
9830912,822700
9833998,822800
9836418,822900
9839817,823000
9846886,823100
9849508,823200
9853217,823300
9857369,823400
9861401,823500
9864815,823600
9866642,823700
9869437,823800
9872383,823900
9877264,824000
9882486,824100
9886800,824200
9891509,824300
9897191,824400
9900996,824500
9908037,824600
9916702,824700
9923900,824800
9929490,824900
9936417,825000
9952584,825100
9958742,825200
9963153,825300
9968455,825400
9974597,825500
9978028,825600
9980008,825700
9982473,825800
9986854,825900
9991368,826000
9996052,826100
10000483,826200
10004956,826300
10011137,826400
10015164,826500
10019014,826600
10022366,826700
10026254,826800
10031632,826900
10036791,827000
10048962,827100
10056078,827200
10062312,827300
10069208,827400
10072651,827500
10076341,827600
10080036,827700
10082715,827800
10086521,827900
10092203,828000
10098144,828100
10104000,828200
10109852,828300
10115992,828400
10120379,828500
10124211,828600
10127189,828700
10129503,828800
10132976,828900
10135929,829000
10145277,829100
10149462,829200
10153759,829300
10156233,829400
10160388,829500
10165153,829600
10169563,829700
10174339,829800
10180602,829900
10186360,830000
10191376,830100
10195764,830200
10200991,830300
10207272,830400
10217327,830500
10226495,830600
10235908,830700
10243648,830800
10251441,830900
10258490,831000
10270966,831100
10276903,831200
10281210,831300
10285554,831400
10289508,831500
10293515,831600
10297410,831700
10302110,831800
10307114,831900
10312992,832000
10318684,832100
10324491,832200
10331669,832300
10336943,832400
10347257,832500
10355143,832600
10361603,832700
10366812,832800
10375259,832900
10382533,833000
10394668,833100
10404562,833200
10414885,833300
10422835,833400
10430493,833500
10435582,833600
10439711,833700
10445416,833800
10452051,833900
10457836,834000
10470486,834100
10478282,834200
10486493,834300
10493369,834400
10501359,834500
10509955,834600
10515863,834700
10521884,834800
10526745,834900
10532696,835000
10540944,835100
10546147,835200
10550109,835300
10554071,835400
10558124,835500
10565071,835600
10569646,835700
10572939,835800
10583214,835900
10590184,836000
10594717,836100
10601787,836200
10606536,836300
10611478,836400
10616072,836500
10621292,836600
10626281,836700
10630184,836800
10633917,836900
10637702,837000
10645833,837100
10651383,837200
10657777,837300
10664826,837400
10670914,837500
10676200,837600
10682371,837700
10694050,837800
10699584,837900
10704664,838000
10710379,838100
10715001,838200
10720307,838300
10723979,838400
10728147,838500
10730982,838600
10733782,838700
10736721,838800
10739525,838900
10741819,839000
10745031,839100
10748557,839200
10753504,839300
10757548,839400
10761190,839500
10764678,839600
10767759,839700
10770689,839800
10774108,839900
10777303,840000
10783497,840100
10786591,840200
10790235,840300
10792956,840400
10794523,840500
10796656,840600
10799813,840700
10803135,840800
10806135,840900
10809585,841000
10812940,841100
10815411,841200
10818839,841300
10823377,841400
10826703,841500
10830013,841600
10834569,841700
10837986,841800
10841625,841900
10845367,842000
10852568,842100
10855723,842200
10860008,842300
10865826,842400
10870443,842500
10874867,842600
10879974,842700
10884066,842800
10887415,842900
10889884,843000
10895061,843100
10898739,843200
10902723,843300
10906560,843400
10910691,843500
10917397,843600
10923856,843700
10927901,843800
10931677,843900
10935216,844000
10946146,844100
10950714,844200
10953878,844300
10957863,844400
10962133,844500
10967298,844600
10970835,844700
10976248,844800
10981166,844900
10986060,845000
10989178,845100
10992492,845200
10995977,845300
10999805,845400
11004640,845500
11009004,845600
11011451,845700
11016432,845800
11021192,845900
11024204,846000
11031056,846100
11034058,846200
11037577,846300
11041734,846400
11046405,846500
11052028,846600
11056802,846700
11061132,846800
11067717,846900
11075696,847000
11079845,847100
11082972,847200
11086027,847300
11089643,847400
11093215,847500
11097523,847600
11102961,847700
11106548,847800
11109610,847900
11114609,848000
11129237,848100
11133642,848200
11136608,848300
11141331,848400
11145949,848500
11149847,848600
11154394,848700
11160947,848800
11166374,848900
11171923,849000
11177932,849100
11184288,849200
11191756,849300
11198791,849400
11203940,849500
11210919,849600
11220796,849700
11228928,849800
11239516,849900
11247273,850000
11263066,850100
11270300,850200
11275614,850300
11281315,850400
11286746,850500
11296086,850600
11301487,850700
11306418,850800
11313514,850900
11328205,851000
11337861,851100
11345344,851200
11352885,851300
11358433,851400
11367278,851500
11375922,851600
11382813,851700
11391162,851800
11398782,851900
11402816,852000
11411719,852100
11421971,852200
11430408,852300
11437057,852400
11448750,852500
11456105,852600
11464349,852700
11472293,852800
11476861,852900
11482093,853000
11491148,853100
11496162,853200
11502742,853300
11508635,853400
11513527,853500
11519989,853600
11524825,853700
11530396,853800
11540060,853900
11550417,854000
11569351,854100
11581906,854200
11588111,854300
11594316,854400
11600276,854500
11605814,854600
11611623,854700
11616631,854800
11622349,854900
11628821,855000
11639225,855100
11646092,855200
11650831,855300
11657865,855400
11665085,855500
11672478,855600
11681211,855700
11689410,855800
11693785,855900
11698874,856000
11708935,856100
11714707,856200
11722516,856300
11737755,856400
11756350,856500
11769087,856600
11777720,856700
11785421,856800
11792883,856900
11797354,857000
11804858,857100
11808191,857200
11813251,857300
11816335,857400
11820397,857500
11823565,857600
11826981,857700
11830235,857800
11833253,857900
11836141,858000
11838350,858100
11841450,858200
11844556,858300
11847829,858400
11851037,858500
11855419,858600
11859082,858700
11863291,858800
11868990,858900
11874642,859000
11886300,859100
11895023,859200
11899132,859300
11903230,859400
11907823,859500
11912645,859600
11916766,859700
11920918,859800
11926423,859900
11929567,860000
11933817,860100
11937929,860200
11940817,860300
11945255,860400
11948509,860500
11953359,860600
11957757,860700
11963935,860800
11970504,860900
11975886,861000
11989354,861100
11995496,861200
11998851,861300
12004090,861400
12010014,861500
12017445,861600
12021681,861700
12027548,861800
12034085,861900
12039890,862000
12051081,862100
12059672,862200
12065859,862300
12072026,862400
12076901,862500
12084788,862600
12093638,862700
12100854,862800
12108592,862900
12115794,863000
12127988,863100
12134982,863200
12142443,863300
12148985,863400
12155812,863500
12161957,863600
12167656,863700
12174560,863800
12179267,863900
12185205,864000
12197297,864100
12203724,864200
12207301,864300
12210637,864400
12214694,864500
12219413,864600
12222641,864700
12227141,864800
12231311,864900
12234429,865000
12238468,865100
12247582,865200
12252906,865300
12256281,865400
12261771,865500
12266196,865600
12270632,865700
12276326,865800
12281107,865900
12285459,866000
12295635,866100
12303262,866200
12307621,866300
12313370,866400
12318637,866500
12323770,866600
12328453,866700
12332281,866800
12335840,866900
12341488,867000
12352514,867100
12358222,867200
12364083,867300
12370259,867400
12379025,867500
12384754,867600
12390958,867700
12397495,867800
12404907,867900
12419408,868000
12435545,868100
12442886,868200
12450872,868300
12458712,868400
12463861,868500
12470136,868600
12477041,868700
12485291,868800
12495023,868900
12503182,869000
12517923,869100
12526749,869200
12535080,869300
12541358,869400
12547095,869500
12552899,869600
12560214,869700
12570233,869800
12583558,869900
12599793,870000
12614293,870100
12627247,870200
12637038,870300
12647038,870400
12654115,870500
12664368,870600
12675116,870700
12683311,870800
12690890,870900
12695914,871000
12706122,871100
12711476,871200
12719296,871300
12735071,871400
12746236,871500
12756468,871600
12764795,871700
12774312,871800
12783448,871900
12792907,872000
12803967,872100
12810451,872200
12816244,872300
12822058,872400
12828408,872500
12834424,872600
12842205,872700
12848547,872800
12855272,872900
12862942,873000
12873252,873100
12880553,873200
12887482,873300
12898558,873400
12906478,873500
12914362,873600
12921941,873700
12929451,873800
12936753,873900
12943775,874000
12956484,874100
12962453,874200
12966595,874300
12971293,874400
12978265,874500
12984173,874600
12989166,874700
12994999,874800
13001118,874900
13009053,875000
13019870,875100
13026904,875200
13032925,875300
13038556,875400
13045422,875500
13054127,875600
13062330,875700
13072763,875800
13083196,875900
13093974,876000
13106753,876100
13115723,876200
13124604,876300
13134385,876400
13143961,876500
13152736,876600
13163422,876700
13174432,876800
13185773,876900
13193274,877000
13206950,877100
13215764,877200
13223111,877300
13233196,877400
13245541,877500
13252373,877600
13258721,877700
13266215,877800
13273791,877900
13280027,878000
13291176,878100
13297494,878200
13303290,878300
13308369,878400
13312697,878500
13320569,878600
13325661,878700
13333734,878800
13341444,878900
13350411,879000
13360272,879100
13366908,879200
13373917,879300
13381402,879400
13388190,879500
13393923,879600
13401316,879700
13410485,879800
13419532,879900
13428049,880000
13445095,880100
13453204,880200
13462824,880300
13473560,880400
13486939,880500
13496319,880600
13505533,880700
13514555,880800
13524299,880900
13536401,881000
13548120,881100
13557308,881200
13565867,881300
13574215,881400
13581767,881500
13589177,881600
13596083,881700
13605245,881800
13613781,881900
13622502,882000
13640440,882100
13650330,882200
13660794,882300
13667640,882400
13673674,882500
13681134,882600
13688480,882700
13693388,882800
13698670,882900
13704798,883000
13714837,883100
13723027,883200
13728970,883300
13734540,883400
13740844,883500
13748051,883600
13755797,883700
13764378,883800
13775096,883900
13784419,884000
13797209,884100
13806481,884200
13827825,884300
13834037,884400
13839055,884500
13843352,884600
13846774,884700
13853456,884800
13859475,884900
13863769,885000
13870224,885100
13875776,885200
13884495,885300
13892679,885400
13901017,885500
13907289,885600
13914291,885700
13922800,885800
13934509,885900
13940502,886000
13952130,886100
13958770,886200
13967964,886300
13975047,886400
13983276,886500
13990832,886600
13999771,886700
14005955,886800
14013146,886900
14022612,887000
14031361,887100
14037187,887200
14042573,887300
14047180,887400
14051998,887500
14055994,887600
14061034,887700
14064224,887800
14066633,887900
14070484,888000
14075450,888100
14079588,888200
14085011,888300
14089724,888400
14094639,888500
14101005,888600
14106077,888700
14111759,888800
14115791,888900
14119561,889000
14126363,889100
14132851,889200
14138055,889300
14141728,889400
14144990,889500
14149494,889600
14154409,889700
14158459,889800
14162397,889900
14167068,890000
14170402,890100
14173817,890200
14178283,890300
14182654,890400
14187821,890500
14191755,890600
14196705,890700
14202844,890800
14207503,890900
14211909,891000
14221808,891100
14229080,891200
14233148,891300
14245105,891400
14248393,891500
14254024,891600
14258817,891700
14261806,891800
14265802,891900
14268901,892000
14273349,892100
14277386,892200
14282048,892300
14287619,892400
14291207,892500
14295188,892600
14301750,892700
14306287,892800
14310274,892900
14314033,893000
14325456,893100
14328465,893200
14332461,893300
14336591,893400
14340389,893500
14344806,893600
14349319,893700
14352715,893800
14356189,893900
14359726,894000
14363893,894100
14368297,894200
14385638,894300
14398138,894400
14405207,894500
14411586,894600
14418280,894700
14424263,894800
14428757,894900
14435699,895000
14445020,895100
14449541,895200
14455085,895300
14460543,895400
14465054,895500
14469932,895600
14477974,895700
14485771,895800
14494861,895900
14504201,896000
14515115,896100
14522787,896200
14530229,896300
14537600,896400
14543719,896500
14551197,896600
14559284,896700
14564322,896800
14570265,896900
14575868,897000
14595263,897100
14604154,897200
14609174,897300
14617561,897400
14623868,897500
14631217,897600
14640810,897700
14649262,897800
14659622,897900
14666338,898000
14674369,898100
14681913,898200
14688433,898300
14694394,898400
14704996,898500
14711451,898600
14720013,898700
14726428,898800
14731341,898900
14737294,899000
14748191,899100
14754405,899200
14758411,899300
14764478,899400
14769411,899500
14775210,899600
14782062,899700
14789277,899800
14796387,899900
14805060,900000
14813090,900100
14818642,900200
14822902,900300
14826947,900400
14831014,900500
14837155,900600
14842750,900700
14848462,900800
14853104,900900
14857685,901000
14863171,901100
14868683,901200
14872520,901300
14879042,901400
14883217,901500
14889088,901600
14896704,901700
14903131,901800
14909459,901900
14920361,902000
14934675,902100
14940834,902200
14947654,902300
14952054,902400
14958993,902500
14965435,902600
14971635,902700
14976706,902800
14982247,902900
14986910,903000
14995916,903100
14999840,903200
15003214,903300
15008013,903400
15014133,903500
15019527,903600
15024735,903700
15029797,903800
15035288,903900
15039535,904000
15043167,904100
15046070,904200
15049001,904300
15054138,904400
15061234,904500
15067137,904600
15073523,904700
15078882,904800
15084803,904900
15092242,905000
15103862,905100
15109096,905200
15113668,905300
15118013,905400
15124006,905500
15129895,905600
15133661,905700
15137718,905800
15143638,905900
15148405,906000
15154960,906100
15158941,906200
15163757,906300
15168280,906400
15174755,906500
15179867,906600
15185176,906700
15194270,906800
15200075,906900
15205565,907000
15215610,907100
15221246,907200
15225872,907300
15229007,907400
15233429,907500
15238123,907600
15244981,907700
15249489,907800
15253664,907900
15259112,908000
15262980,908100
15267784,908200
15271887,908300
15275063,908400
15279637,908500
15283743,908600
15287281,908700
15291815,908800
15296035,908900
15299495,909000
15310064,909100
15315136,909200
15320026,909300
15324057,909400
15327800,909500
15333787,909600
15337781,909700
15342606,909800
15347191,909900
15351548,910000
15356843,910100
15361969,910200
15368576,910300
15373023,910400
15377364,910500
15381512,910600
15386677,910700
15391131,910800
15396011,910900
15399772,911000
15409707,911100
15415689,911200
15421616,911300
15425241,911400
15428486,911500
15432386,911600
15437300,911700
15441149,911800
15444518,911900
15448877,912000
15452128,912100
15456702,912200
15461735,912300
15464985,912400
15468450,912500
15472455,912600
15475177,912700
15478450,912800
15482286,912900
15486623,913000
15497148,913100
15502742,913200
15506845,913300
15510283,913400
15513244,913500
15515994,913600
15519591,913700
15525070,913800
15529164,913900
15532717,914000
15536780,914100
15539756,914200
15544078,914300
15549091,914400
15554202,914500
15557465,914600
15561316,914700
15564428,914800
15569098,914900
15573125,915000
15583735,915100
15590330,915200
15594839,915300
15598166,915400
15601464,915500
15603725,915600
15606668,915700
15611349,915800
15615427,915900
15619107,916000
15623618,916100
15627330,916200
15632899,916300
15638610,916400
15642795,916500
15647596,916600
15651024,916700
15654566,916800
15658091,916900
15662340,917000
15672160,917100
15675879,917200
15681180,917300
15686132,917400
15691416,917500
15697536,917600
15702174,917700
15708356,917800
15712010,917900
15719298,918000
15726785,918100
15735321,918200
15741495,918300
15747197,918400
15753223,918500
15759333,918600
15762661,918700
15767328,918800
15771364,918900
15775720,919000
15787288,919100
15792311,919200
15797114,919300
15803721,919400
15807737,919500
15812202,919600
15815593,919700
15817903,919800
15823098,919900
15828121,920000
15832273,920100
15837297,920200
15841078,920300
15844982,920400
15848981,920500
15852530,920600
15855051,920700
15858713,920800
15861821,920900
15865627,921000
15874869,921100
15879310,921200
15883479,921300
15887431,921400
15891247,921500
15894219,921600
15897943,921700
15901342,921800
15904086,921900
15907216,922000
15911922,922100
15917643,922200
15923790,922300
15928349,922400
15932455,922500
15937759,922600
15941100,922700
15945310,922800
15948187,922900
15951863,923000
15961685,923100
15967132,923200
15971637,923300
15976510,923400
15980459,923500
15985822,923600
15991102,923700
15994629,923800
15997641,923900
16001487,924000
16007620,924100
16017025,924200
16021552,924300
16026671,924400
16032843,924500
16041209,924600
16047386,924700
16052748,924800
16056865,924900
16060581,925000
16069846,925100
16074908,925200
16078654,925300
16082247,925400
16085301,925500
16088404,925600
16091667,925700
16095422,925800
16098793,925900
16102830,926000
16108656,926100
16112935,926200
16116929,926300
16121456,926400
16129158,926500
16134705,926600
16138526,926700
16140965,926800
16145057,926900
16148309,927000
16158571,927100
16167463,927200
16171424,927300
16174811,927400
16178688,927500
16183208,927600
16185942,927700
16189492,927800
16192866,927900
16196223,928000
16199588,928100
16204467,928200
16208165,928300
16213583,928400
16217491,928500
16220939,928600
16222847,928700
16225837,928800
16229200,928900
16232950,929000
16240564,929100
16245418,929200
16249007,929300
16252211,929400
16254803,929500
16257550,929600
16260432,929700
16263497,929800
16265648,929900
16268365,930000
16272069,930100
16277375,930200
16282914,930300
16287150,930400
16291882,930500
16296070,930600
16299529,930700
16303143,930800
16310494,930900
16314028,931000
16323899,931100
16330013,931200
16335039,931300
16339194,931400
16343208,931500
16348384,931600
16351361,931700
16356054,931800
16360311,931900
16363199,932000
16366492,932100
16370706,932200
16375252,932300
16378657,932400
16383190,932500
16390421,932600
16394928,932700
16398817,932800
16402307,932900
16406094,933000
16413788,933100
16419041,933200
16424516,933300
16427511,933400
16430181,933500
16433829,933600
16437021,933700
16441835,933800
16446141,933900
16448937,934000
16452616,934100
16457071,934200
16461786,934300
16466064,934400
16469673,934500
16476250,934600
16480898,934700
16486139,934800
16490223,934900
16493700,935000
16507737,935100
16522710,935200
16527796,935300
16530004,935400
16533106,935500
16535232,935600
16537588,935700
16540928,935800
16543180,935900
16546200,936000
16550557,936100
16552339,936200
16554995,936300
16557766,936400
16560140,936500
16563175,936600
16564559,936700
16566708,936800
16569162,936900
16571725,937000
16577158,937100
16581266,937200
16584177,937300
16586364,937400
16588955,937500
16592132,937600
16594698,937700
16596560,937800
16599152,937900
16608349,938000
16613227,938100
16617143,938200
16622077,938300
16624879,938400
16628788,938500
16632025,938600
16635292,938700
16638831,938800
16641603,938900
16644969,939000
16653545,939100
16658334,939200
16663181,939300
16666714,939400
16671407,939500
16674313,939600
16677107,939700
16680150,939800
16683209,939900
16686356,940000
16689895,940100
16693160,940200
16696264,940300
16700450,940400
16704449,940500
16708368,940600
16711352,940700
16713908,940800
16717980,940900
16722709,941000
16733036,941100
16736613,941200
16739723,941300
16743098,941400
16746365,941500
16748468,941600
16750922,941700
16753001,941800
16755410,941900
16758929,942000
16761572,942100
16764778,942200
16767130,942300
16770141,942400
16773080,942500
16775804,942600
16777938,942700
16780083,942800
16782900,942900
16786736,943000
16797224,943100
16802045,943200
16806377,943300
16809797,943400
16811962,943500
16815095,943600
16818174,943700
16820284,943800
16822936,943900
16825908,944000
16829417,944100
16832694,944200
16835851,944300
16839323,944400
16842342,944500
16845293,944600
16847637,944700
16850572,944800
16853390,944900
16857065,945000
16865916,945100
16872641,945200
16876818,945300
16880896,945400
16884449,945500
16888109,945600
16891025,945700
16893822,945800
16896635,945900
16901298,946000
16906226,946100
16909991,946200
16914520,946300
16917891,946400
16920959,946500
16924656,946600
16926851,946700
16929714,946800
16933540,946900
16936072,947000
16947465,947100
16953637,947200
16959107,947300
16967547,947400
16973945,947500
16980968,947600
16986853,947700
16992725,947800
16999647,947900
17005926,948000
17016711,948100
17021264,948200
17024566,948300
17030924,948400
17034835,948500
17037614,948600
17040458,948700
17042661,948800
17044891,948900
17048291,949000
17051792,949100
17054860,949200
17059007,949300
17061748,949400
17064714,949500
17067769,949600
17071199,949700
17073729,949800
17076751,949900
17080761,950000
17088869,950100
17092717,950200
17097374,950300
17101100,950400
17104471,950500
17107532,950600
17110378,950700
17112318,950800
17114534,950900
17117589,951000
17120308,951100
17124162,951200
17127876,951300
17130395,951400
17133305,951500
17136498,951600
17139213,951700
17142027,951800
17145717,951900
17149490,952000
17159307,952100
17166663,952200
17172493,952300
17177142,952400
17181500,952500
17185933,952600
17189370,952700
17192848,952800
17196584,952900
17201338,953000
17204946,953100
17207946,953200
17211584,953300
17215597,953400
17218999,953500
17223116,953600
17226671,953700
17230986,953800
17236364,953900
17240557,954000
17248111,954100
17252690,954200
17255773,954300
17258068,954400
17260036,954500
17262234,954600
17264145,954700
17266839,954800
17269816,954900
17272468,955000
17275921,955100
17278695,955200
17281799,955300
17284729,955400
17287874,955500
17290219,955600
17292814,955700
17296040,955800
17299706,955900
17303714,956000
17314496,956100
17321604,956200
17326664,956300
17331465,956400
17335060,956500
17337974,956600
17341060,956700
17343074,956800
17346138,956900
17350118,957000
17353739,957100
17357186,957200
17360115,957300
17363631,957400
17368348,957500
17372526,957600
17375578,957700
17378404,957800
17382976,957900
17386154,958000
17397353,958100
17403909,958200
17407912,958300
17413114,958400
17417817,958500
17421134,958600
17424104,958700
17427883,958800
17431745,958900
17436154,959000
17441223,959100
17445046,959200
17448593,959300
17450998,959400
17454385,959500
17457432,959600
17460396,959700
17464109,959800
17467563,959900
17472037,960000
17481925,960100
17488637,960200
17493555,960300
17507603,960400
17531885,960500
17543818,960600
17553450,960700
17563876,960800
17573215,960900
17582276,961000
17591709,961100
17599044,961200
17604773,961300
17609872,961400
17615386,961500
17619896,961600
17623482,961700
17627522,961800
17631333,961900
17635658,962000
17640249,962100
17644881,962200
17648509,962300
17653018,962400
17657199,962500
17660817,962600
17664473,962700
17668598,962800
17673467,962900
17678510,963000
17688880,963100
17694067,963200
17699492,963300
17706321,963400
17712475,963500
20582569,0
20582631,100
20582647,200
20582663,300
20582671,400
20582679,500
20582705,600
20582714,700
20582723,800
20582730,900
20582737,1000
20582768,1100
20582776,1200
20582786,1300
20582797,1400
20582804,1500
20582813,1600
20582822,1700
20582831,1800
20582838,1900
20582847,2000
20582859,2100
20582865,2200
20582872,2300
20582878,2400
20582885,2500
20582892,2600
20582899,2700
20582906,2800
20582912,2900
20582920,3000
20582926,3100
20582933,3200
20582940,3300
20582945,3400
20582952,3500
20582959,3600
20582966,3700
20582972,3800
20582983,3900
20582990,4000
20583002,4100
20583009,4200
20583014,4300
20583022,4400
20583028,4500
20583035,4600
20583042,4700
20583048,4800
20583055,4900
20583062,5000
20583069,5100
20583076,5200
20583082,5300
20583089,5400
20583095,5500
20583101,5600
20583108,5700
20583115,5800
20583123,5900
20583129,6000
20583136,6100
20583142,6200
20583149,6300
20583156,6400
20583163,6500
20583169,6600
20583176,6700
20583183,6800
20583189,6900
20583196,7000
20583203,7100
20583210,7200
20583217,7300
20583224,7400
20583235,7500
20583242,7600
20583248,7700
20583255,7800
20583261,7900
20583269,8000
20583275,8100
20583299,8200
20583306,8300
20583313,8400
20583320,8500
20583326,8600
20583332,8700
20583339,8800
20583346,8900
20583353,9000
20583360,9100
20583367,9200
20583374,9300
20583380,9400
20583386,9500
20583393,9600
20583399,9700
20583406,9800
20583413,9900
20583421,10000
20583427,10100
20583434,10200
20583440,10300
20583447,10400
20583454,10500
20583459,10600
20583466,10700
20583473,10800
20583480,10900
20583487,11000
20583493,11100
20583500,11200
20583506,11300
20583513,11400
20583520,11500
20583528,11600
20583536,11700
20583542,11800
20583549,11900
20583556,12000
20583562,12100
20583569,12200
20583576,12300
20583583,12400
20583589,12500
20583596,12600
20583602,12700
20583609,12800
20583616,12900
20583623,13000
20583630,13100
20583637,13200
20583643,13300
20583649,13400
20583656,13500
20583663,13600
20583669,13700
20583676,13800
20583683,13900
20583690,14000
20583697,14100
20583703,14200
20583710,14300
20583717,14400
20583724,14500
20583730,14600
20583737,14700
20583743,14800
20583750,14900
20583757,15000
20583764,15100
20583771,15200
20583778,15300
20583785,15400
20583792,15500
20583799,15600
20583805,15700
20583811,15800
20583818,15900
20583825,16000
20583832,16100
20583839,16200
20583847,16300
20583881,16400
20583888,16500
20583896,16600
20583904,16700
20583910,16800
20583916,16900
20583923,17000
20583930,17100
20583938,17200
20583945,17300
20583952,17400
20583959,17500
20583966,17600
20583973,17700
20583980,17800
20583988,17900
20583995,18000
20584002,18100
20584009,18200
20584016,18300
20584024,18400
20584031,18500
20584038,18600
20584046,18700
20584054,18800
20584060,18900
20584067,19000
20584074,19100
20584081,19200
20584088,19300
20584095,19400
20584103,19500
20584111,19600
20584118,19700
20584127,19800
20584134,19900
20584141,20000
20584149,20100
20584157,20200
20584165,20300
20584175,20400
20584183,20500
20584190,20600
20584198,20700
20584205,20800
20584212,20900
20584218,21000
20584225,21100
20584233,21200
20584240,21300
20584250,21400
20584262,21500
20584270,21600
20584278,21700
20584285,21800
20584292,21900
20584299,22000
20584307,22100
20584314,22200
20584322,22300
20584329,22400
20584337,22500
20584344,22600
20584351,22700
20584359,22800
20584366,22900
20584374,23000
20584381,23100
20584390,23200
20584396,23300
20584404,23400
20584412,23500
20584419,23600
20584426,23700
20584433,23800
20584441,23900
20584449,24000
20584457,24100
20584464,24200
20584472,24300
20584479,24400
20584487,24500
20584495,24600
20584502,24700
20584509,24800
20584517,24900
20584524,25000
20584532,25100
20584540,25200
20584547,25300
20584554,25400
20584563,25500
20584569,25600
20584576,25700
20584584,25800
20584591,25900
20584599,26000
20584607,26100
20584615,26200
20584624,26300
20584632,26400
20584640,26500
20584648,26600
20584655,26700
20584661,26800
20584670,26900
20584677,27000
20584685,27100
20584692,27200
20584699,27300
20584706,27400
20584712,27500
20584720,27600
20584727,27700
20584734,27800
20584741,27900
20584748,28000
20584755,28100
20584761,28200
20584768,28300
20584776,28400
20584784,28500
20584791,28600
20584799,28700
20584813,28800
20584820,28900
20584826,29000
20584833,29100
20584841,29200
20584848,29300
20584855,29400
20584863,29500
20584870,29600
20584878,29700
20584885,29800
20584892,29900
20584898,30000
20584905,30100
20584912,30200
20584918,30300
20584925,30400
20584931,30500
20584938,30600
20584944,30700
20584951,30800
20584958,30900
20584965,31000
20584971,31100
20584978,31200
20584984,31300
20584990,31400
20584997,31500
20585004,31600
20585010,31700
20585017,31800
20585023,31900
20585029,32000
20585036,32100
20585042,32200
20585049,32300
20585056,32400
20585063,32500
20585068,32600
20585075,32700
20585171,32800
20585177,32900
20585184,33000
20585191,33100
20585197,33200
20585204,33300
20585211,33400
20585218,33500
20585225,33600
20585231,33700
20585239,33800
20585245,33900
20585251,34000
20585257,34100
20585264,34200
20585271,34300
20585277,34400
20585285,34500
20585291,34600
20585298,34700
20585306,34800
20585313,34900
20585319,35000
20585326,35100
20585333,35200
20585339,35300
20585346,35400
20585353,35500
20585360,35600
20585366,35700
20585373,35800
20585380,35900
20585387,36000
20585394,36100
20585401,36200
20585408,36300
20585415,36400
20585421,36500
20585428,36600
20585434,36700
20585441,36800
20585447,36900
20585455,37000
20585461,37100
20585468,37200
20585474,37300
20585481,37400
20585488,37500
20585495,37600
20585502,37700
20585508,37800
20585515,37900
20585521,38000
20585528,38100
20585534,38200
20585541,38300
20585554,38400
20585560,38500
20585568,38600
20585574,38700
20585580,38800
20585586,38900
20585593,39000
20585600,39100
20585607,39200
20585613,39300
20585620,39400
20585626,39500
20585633,39600
20585640,39700
20585646,39800
20585653,39900
20585659,40000
20585664,40100
20585671,40200
20585678,40300
20585684,40400
20585692,40500
20585698,40600
20585705,40700
20585711,40800
20585717,40900
20585724,41000
20585730,41100
20585737,41200
20585743,41300
20585750,41400
20585757,41500
20585764,41600
20585769,41700
20585777,41800
20585783,41900
20585789,42000
20585796,42100
20585802,42200
20585809,42300
20585815,42400
20585822,42500
20585829,42600
20585835,42700
20585842,42800
20585848,42900
20585855,43000
20585863,43100
20585869,43200
20585876,43300
20585882,43400
20585889,43500
20585895,43600
20585903,43700
20585909,43800
20585916,43900
20585923,44000
20585929,44100
20585937,44200
20585943,44300
20585950,44400
20585958,44500
20585963,44600
20585971,44700
20585977,44800
20585984,44900
20585991,45000
20585998,45100
20586004,45200
20586010,45300
20586017,45400
20586024,45500
20586229,45600
20586237,45700
20586244,45800
20586252,45900
20586259,46000
20586266,46100
20586273,46200
20586280,46300
20586287,46400
20586293,46500
20586300,46600
20586306,46700
20586313,46800
20586320,46900
20586327,47000
20586334,47100
20586341,47200
20586348,47300
20586355,47400
20586362,47500
20586369,47600
20586376,47700
20586382,47800
20586390,47900
20586395,48000
20586402,48100
20586408,48200
20586415,48300
20586421,48400
20586429,48500
20586435,48600
20586442,48700
20586449,48800
20586456,48900
20586463,49000
20586470,49100
20586478,49200
20586486,49300
20586492,49400
20586498,49500
20586505,49600
20586512,49700
20586519,49800
20586527,49900
20586533,50000
20586541,50100
20586547,50200
20586554,50300
20586561,50400
20586569,50500
20586576,50600
20586583,50700
20586591,50800
20586600,50900
20586607,51000
20586615,51100
20586623,51200
20586631,51300
20586639,51400
20586647,51500
20586656,51600
20586664,51700
20586677,51800
20586683,51900
20586690,52000
20586698,52100
20586704,52200
20586711,52300
20586718,52400
20586726,52500
20586735,52600
20586742,52700
20586751,52800
20586758,52900
20586766,53000
20586775,53100
20586782,53200
20586791,53300
20586797,53400
20586805,53500
20586813,53600
20586819,53700
20586827,53800
20586835,53900
20586842,54000
20586850,54100
20586856,54200
20586864,54300
20586872,54400
20586878,54500
20586886,54600
20586894,54700
20586905,54800
20586912,54900
20586921,55000
20586929,55100
20586937,55200
20586945,55300
20586953,55400
20586961,55500
20586970,55600
20586977,55700
20586986,55800
20586995,55900
20587003,56000
20587012,56100
20587019,56200
20587027,56300
20587035,56400
20587042,56500
20587049,56600
20587056,56700
20587064,56800
20587072,56900
20587078,57000
20587086,57100
20587092,57200
20587100,57300
20587107,57400
20587115,57500
20587122,57600
20587130,57700
20587137,57800
20587144,57900
20587154,58000
20587161,58100
20587169,58200
20587176,58300
20587184,58400
20587190,58500
20587199,58600
20587207,58700
20587214,58800
20587222,58900
20587231,59000
20587239,59100
20587247,59200
20587255,59300
20587265,59400
20587272,59500
20587280,59600
20587289,59700
20587296,59800
20587304,59900
20587312,60000
20587319,60100
20587328,60200
20587336,60300
20587343,60400
20587352,60500
20587360,60600
20587368,60700
20587376,60800
20587385,60900
20587394,61000
20587403,61100
20587412,61200
20587421,61300
20587429,61400
20587437,61500
20587446,61600
20587455,61700
20587463,61800
20587471,61900
20587479,62000
20587490,62100
20587498,62200
20587507,62300
20587514,62400
20587522,62500
20587531,62600
20587540,62700
20587548,62800
20587556,62900
20587564,63000
20587573,63100
20587582,63200
20587591,63300
20587602,63400
20587610,63500
20587620,63600
20587627,63700
20587637,63800
20587644,63900
20587653,64000
20587660,64100
20587669,64200
20587677,64300
20587686,64400
20587694,64500
20587702,64600
20587710,64700
20587718,64800
20587726,64900
20587735,65000
20587743,65100
20587751,65200
20587760,65300
20587767,65400
20587775,65500
20588008,65600
20588019,65700
20588029,65800
20588039,65900
20588053,66000
20588063,66100
20588073,66200
20588083,66300
20588092,66400
20588102,66500
20588117,66600
20588127,66700
20588135,66800
20588146,66900
20588156,67000
20588165,67100
20588173,67200
20588186,67300
20588198,67400
20588208,67500
20588216,67600
20588224,67700
20588234,67800
20588242,67900
20588251,68000
20588259,68100
20588268,68200
20588277,68300
20588285,68400
20588294,68500
20588304,68600
20588313,68700
20588324,68800
20588333,68900
20588348,69000
20588358,69100
20588368,69200
20588379,69300
20588389,69400
20588400,69500
20588410,69600
20588422,69700
20588431,69800
20588442,69900
20588453,70000
20588464,70100
20588475,70200
20588484,70300
20588494,70400
20588503,70500
20588515,70600
20588525,70700
20588535,70800
20588547,70900
20588555,71000
20588566,71100
20588574,71200
20588583,71300
20588591,71400
20588600,71500
20588607,71600
20588616,71700
20588624,71800
20588633,71900
20588642,72000
20588651,72100
20588662,72200
20588671,72300
20588681,72400
20588689,72500
20588698,72600
20588708,72700
20588717,72800
20588726,72900
20588735,73000
20588743,73100
20588753,73200
20588763,73300
20588771,73400
20588784,73500
20588792,73600
20588800,73700
20588809,73800
20588818,73900
20588828,74000
20588837,74100
20588846,74200
20588853,74300
20588861,74400
20588870,74500
20588877,74600
20588887,74700
20588897,74800
20588906,74900
20588917,75000
20588927,75100
20588937,75200
20588946,75300
20588956,75400
20588965,75500
20588974,75600
20588982,75700
20588991,75800
20589000,75900
20589010,76000
20589017,76100
20589027,76200
20589035,76300
20589043,76400
20589052,76500
20589061,76600
20589071,76700
20589080,76800
20589089,76900
20589098,77000
20589106,77100
20589116,77200
20589126,77300
20589135,77400
20589144,77500
20589153,77600
20589163,77700
20589172,77800
20589181,77900
20589190,78000
20589198,78100
20589207,78200
20589216,78300
20589225,78400
20589233,78500
20589243,78600
20589252,78700
20589262,78800
20589272,78900
20589281,79000
20589290,79100
20589299,79200
20589308,79300
20589317,79400
20589328,79500
20589339,79600
20589347,79700
20589357,79800
20589366,79900
20589375,80000
20589384,80100
20589393,80200
20589402,80300
20589424,80400
20589433,80500
20589441,80600
20589451,80700
20589459,80800
20589469,80900
20589478,81000
20589489,81100
20589500,81200
20589511,81300
20589523,81400
20589532,81500
20589542,81600
20589552,81700
20589561,81800
20589571,81900
20589580,82000
20589590,82100
20589599,82200
20589610,82300
20589619,82400
20589629,82500
20589638,82600
20589650,82700
20589662,82800
20589674,82900
20589685,83000
20589694,83100
20589705,83200
20589716,83300
20589727,83400
20589737,83500
20589748,83600
20589759,83700
20589770,83800
20589781,83900
20589791,84000
20589801,84100
20589811,84200
20589822,84300
20589830,84400
20589841,84500
20589850,84600
20589860,84700
20589871,84800
20589880,84900
20589891,85000
20589899,85100
20589909,85200
20589917,85300
20589927,85400
20589935,85500
20589943,85600
20589953,85700
20589961,85800
20589970,85900
20589979,86000
20589989,86100
20590000,86200
20590011,86300
20590022,86400
20590033,86500
20590043,86600
20590053,86700
20590063,86800
20590074,86900
20590085,87000
20590095,87100
20590105,87200
20590115,87300
20590124,87400
20590134,87500
20590145,87600
20590155,87700
20590164,87800
20590174,87900
20590184,88000
20590194,88100
20590204,88200
20590214,88300
20590223,88400
20590233,88500
20590242,88600
20590250,88700
20590259,88800
20590269,88900
20590278,89000
20590287,89100
20590295,89200
20590304,89300
20590313,89400
20590321,89500
20590330,89600
20590340,89700
20590349,89800
20590359,89900
20590367,90000
20590377,90100
20590385,90200
20590394,90300
20590404,90400
20590414,90500
20590427,90600
20590436,90700
20590445,90800
20590455,90900
20590464,91000
20590474,91100
20590483,91200
20590493,91300
20590503,91400
20590511,91500
20590520,91600
20590529,91700
20590538,91800
20590548,91900
20590558,92000
20590577,92100
20590589,92200
20590600,92300
20590608,92400
20590617,92500
20590627,92600
20590636,92700
20590646,92800
20590659,92900
20590674,93000
20590687,93100
20590699,93200
20590708,93300
20590718,93400
20590729,93500
20590738,93600
20590754,93700
20590768,93800
20590780,93900
20590792,94000
20590803,94100
20590813,94200
20590824,94300
20590835,94400
20590844,94500
20590855,94600
20590864,94700
20590874,94800
20590885,94900
20590895,95000
20590904,95100
20590916,95200
20590925,95300
20590935,95400
20590943,95500
20590953,95600
20590962,95700
20590971,95800
20590981,95900
20590990,96000
20591000,96100
20591009,96200
20591019,96300
20591031,96400
20591040,96500
20591052,96600
20591061,96700
20591072,96800
20591082,96900
20591094,97000
20591106,97100
20591117,97200
20591129,97300
20591142,97400
20591153,97500
20591165,97600
20591176,97700
20591187,97800
20591198,97900
20591208,98000
20591218,98100
20591229,98200
20591241,98300
20591250,98400
20591262,98500
20591273,98600
20591284,98700
20591294,98800
20591307,98900
20591318,99000
20591329,99100
20591341,99200
20591354,99300
20591365,99400
20591378,99500
20591390,99600
20591400,99700
20591410,99800
20591421,99900
20591431,100000
20591442,100100
20591453,100200
20591464,100300
20591473,100400
20591483,100500
20591495,100600
20591505,100700
20591516,100800
20591528,100900
20591542,101000
20591553,101100
20591564,101200
20591576,101300
20591588,101400
20591599,101500
20591611,101600
20591623,101700
20591634,101800
20591647,101900
20591659,102000
20591671,102100
20591684,102200
20591695,102300
20591706,102400
20591717,102500
20591729,102600
20591739,102700
20591751,102800
20591764,102900
20591775,103000
20591787,103100
20591799,103200
20591811,103300
20591824,103400
20591834,103500
20591846,103600
20591857,103700
20591870,103800
20591883,103900
20591899,104000
20591914,104100
20591929,104200
20591944,104300
20592198,104400
20592211,104500
20592224,104600
20592236,104700
20592250,104800
20592263,104900
20592277,105000
20592292,105100
20592306,105200
20592321,105300
20592337,105400
20592351,105500
20592365,105600
20592377,105700
20592390,105800
20592402,105900
20592412,106000
20592424,106100
20592434,106200
20592446,106300
20592456,106400
20592467,106500
20592479,106600
20592490,106700
20592501,106800
20592512,106900
20592524,107000
20592535,107100
20592548,107200
20592562,107300
20592576,107400
20592589,107500
20592604,107600
20592618,107700
20592633,107800
20592645,107900
20592659,108000
20592672,108100
20592686,108200
20592698,108300
20592711,108400
20592723,108500
20592736,108600
20592748,108700
20592759,108800
20592773,108900
20592785,109000
20592799,109100
20592813,109200
20592825,109300
20592839,109400
20592852,109500
20592866,109600
20592878,109700
20592892,109800
20592905,109900
20592917,110000
20592930,110100
20592943,110200
20592957,110300
20592969,110400
20592984,110500
20592996,110600
20593008,110700
20593020,110800
20593032,110900
20593046,111000
20593060,111100
20593075,111200
20593090,111300
20593103,111400
20593117,111500
20593130,111600
20593145,111700
20593157,111800
20593170,111900
20593182,112000
20593195,112100
20593208,112200
20593220,112300
20593234,112400
20593246,112500
20593259,112600
20593274,112700
20593288,112800
20593300,112900
20593315,113000
20593330,113100
20593343,113200
20593357,113300
20593371,113400
20593386,113500
20593400,113600
20593415,113700
20593428,113800
20593443,113900
20593466,114000
20593481,114100
20593496,114200
20593510,114300
20593526,114400
20593541,114500
20593555,114600
20593570,114700
20593584,114800
20593599,114900
20593613,115000
20593627,115100
20593642,115200
20593656,115300
20593673,115400
20593687,115500
20593702,115600
20593716,115700
20593729,115800
20593744,115900
20593757,116000
20593770,116100
20593783,116200
20593798,116300
20593812,116400
20593824,116500
20593839,116600
20593853,116700
20593869,116800
20593881,116900
20593896,117000
20593910,117100
20593925,117200
20593939,117300
20593952,117400
20593967,117500
20593982,117600
20593995,117700
20594010,117800
20594025,117900
20594039,118000
20594054,118100
20594067,118200
20594082,118300
20594095,118400
20594110,118500
20594125,118600
20594142,118700
20594156,118800
20594170,118900
20594185,119000
20594202,119100
20594216,119200
20594231,119300
20594246,119400
20594261,119500
20594273,119600
20594288,119700
20594301,119800
20594316,119900
20594330,120000
20594345,120100
20594359,120200
20594373,120300
20594388,120400
20594403,120500
20594419,120600
20594433,120700
20594448,120800
20594462,120900
20594478,121000
20594493,121100
20594510,121200
20594524,121300
20594540,121400
20594554,121500
20594569,121600
20594584,121700
20594599,121800
20594613,121900
20594627,122000
20594641,122100
20594657,122200
20594671,122300
20594686,122400
20594701,122500
20594716,122600
20594730,122700
20594744,122800
20594761,122900
20594775,123000
20594791,123100
20594806,123200
20594821,123300
20594836,123400
20594851,123500
20594867,123600
20594881,123700
20594897,123800
20594912,123900
20594928,124000
20594942,124100
20594956,124200
20594973,124300
20594988,124400
20595003,124500
20595018,124600
20595031,124700
20595047,124800
20595061,124900
20595077,125000
20595094,125100
20595110,125200
20595124,125300
20595140,125400
20595154,125500
20595168,125600
20595183,125700
20595198,125800
20595214,125900
20595228,126000
20595243,126100
20595257,126200
20595272,126300
20595286,126400
20595302,126500
20595316,126600
20595330,126700
20595347,126800
20595361,126900
20595375,127000
20595392,127100
20595407,127200
20595424,127300
20595441,127400
20595456,127500
20595472,127600
20595490,127700
20595508,127800
20595526,127900
20595546,128000
20595564,128100
20595581,128200
20595598,128300
20595618,128400
20595638,128500
20595655,128600
20595673,128700
20595695,128800
20595714,128900
20595730,129000
20595750,129100
20595768,129200
20595788,129300
20595809,129400
20595833,129500
20595854,129600
20595874,129700
20595891,129800
20595910,129900
20595928,130000
20595947,130100
20595966,130200
20595985,130300
20596007,130400
20596026,130500
20596045,130600
20596066,130700
20596085,130800
20596105,130900
20596122,131000
20596551,131100
20596571,131200
20596594,131300
20596615,131400
20596636,131500
20596656,131600
20596676,131700
20596696,131800
20596715,131900
20596735,132000
20596753,132100
20596772,132200
20596788,132300
20596806,132400
20596823,132500
20596840,132600
20596860,132700
20596877,132800
20596896,132900
20596913,133000
20596932,133100
20596953,133200
20596975,133300
20596995,133400
20597019,133500
20597042,133600
20597063,133700
20597084,133800
20597104,133900
20597124,134000
20597143,134100
20597166,134200
20597189,134300
20597209,134400
20597229,134500
20597249,134600
20597270,134700
20597291,134800
20597310,134900
20597334,135000
20597356,135100
20597379,135200
20597400,135300
20597422,135400
20597441,135500
20597467,135600
20597493,135700
20597513,135800
20597535,135900
20597557,136000
20597577,136100
20597598,136200
20597619,136300
20597651,136400
20597676,136500
20597695,136600
20597717,136700
20597738,136800
20597759,136900
20597782,137000
20597804,137100
20597827,137200
20597848,137300
20597872,137400
20597895,137500
20597920,137600
20598216,137700
20598239,137800
20598311,137900
20598335,138000
20598360,138100
20598381,138200
20598402,138300
20598425,138400
20598445,138500
20598468,138600
20598488,138700
20598508,138800
20598527,138900
20598547,139000
20598566,139100
20598593,139200
20598614,139300
20598635,139400
20598655,139500
20598675,139600
20598697,139700
20598718,139800
20598738,139900
20598759,140000
20598781,140100
20598805,140200
20598827,140300
20598845,140400
20598866,140500
20598888,140600
20598907,140700
20598927,140800
20598950,140900
20598973,141000
20598994,141100
20599016,141200
20599038,141300
20599059,141400
20599080,141500
20599102,141600
20599125,141700
20599145,141800
20599166,141900
20599187,142000
20599207,142100
20599228,142200
20599247,142300
20599279,142400
20599301,142500
20599323,142600
20599343,142700
20599365,142800
20599386,142900
20599407,143000
20599428,143100
20599447,143200
20599466,143300
20599485,143400
20599505,143500
20599524,143600
20599543,143700
20599560,143800
20599591,143900
20599611,144000
20599629,144100
20599649,144200
20599669,144300
20599688,144400
20599708,144500
20599729,144600
20599751,144700
20599770,144800
20599788,144900
20599810,145000
20599829,145100
20599847,145200
20599865,145300
20599884,145400
20599900,145500
20599921,145600
20599940,145700
20599957,145800
20599974,145900
20599994,146000
20600016,146100
20600039,146200
20600059,146300
20600079,146400
20600098,146500
20600119,146600
20600141,146700
20600162,146800
20600181,146900
20600201,147000
20600222,147100
20600242,147200
20600258,147300
20600277,147400
20600305,147500
20600325,147600
20600341,147700
20600359,147800
20600377,147900
20600396,148000
20600416,148100
20600433,148200
20600452,148300
20600471,148400
20600490,148500
20600507,148600
20600526,148700
20600545,148800
20600567,148900
20600588,149000
20600608,149100
20600627,149200
20600647,149300
20600665,149400
20600683,149500
20600703,149600
20600724,149700
20600741,149800
20600760,149900
20600780,150000
20600799,150100
20600819,150200
20600838,150300
20600859,150400
20600876,150500
20600895,150600
20600914,150700
20600933,150800
20600954,150900
20600972,151000
20600994,151100
20601013,151200
20601030,151300
20601048,151400
20601066,151500
20601082,151600
20601101,151700
20601121,151800
20601139,151900
20601156,152000
20601174,152100
20601192,152200
20601209,152300
20601228,152400
20601246,152500
20601263,152600
20601282,152700
20601301,152800
20601320,152900
20601366,153000
20601384,153100
20601404,153200
20601422,153300
20601441,153400
20601462,153500
20601481,153600
20601500,153700
20601518,153800
20601537,153900
20601554,154000
20601572,154100
20601590,154200
20601608,154300
20601626,154400
20601644,154500
20601662,154600
20601681,154700
20601699,154800
20601716,154900
20601734,155000
20601753,155100
20601774,155200
20601794,155300
20601811,155400
20601830,155500
20601847,155600
20601866,155700
20601885,155800
20601902,155900
20601919,156000
20601936,156100
20601953,156200
20601972,156300
20601991,156400
20602009,156500
20602027,156600
20602045,156700
20602062,156800
20602079,156900
20602097,157000
20602113,157100
20602132,157200
20602151,157300
20602169,157400
20602186,157500
20602205,157600
20602223,157700
20602242,157800
20602257,157900
20602275,158000
20602293,158100
20602310,158200
20602330,158300
20602350,158400
20602366,158500
20602385,158600
20602403,158700
20602419,158800
20602437,158900
20602454,159000
20602471,159100
20602487,159200
20602504,159300
20602521,159400
20602540,159500
20602556,159600
20602573,159700
20602592,159800
20602610,159900
20602626,160000
20602643,160100
20602662,160200
20602679,160300
20602697,160400
20602715,160500
20602731,160600
20602752,160700
20602772,160800
20602790,160900
20602809,161000
20602825,161100
20602845,161200
20602863,161300
20602881,161400
20602900,161500
20602920,161600
20602941,161700
20602962,161800
20602980,161900
20603000,162000
20603019,162100
20603036,162200
20603055,162300
20603074,162400
20603091,162500
20603111,162600
20603130,162700
20603149,162800
20603168,162900
20603188,163000
20603206,163100
20603225,163200
20603243,163300
20603260,163400
20603277,163500
20603296,163600
20603314,163700
20603334,163800
20603355,163900
20603373,164000
20603392,164100
20603410,164200
20603429,164300
20603446,164400
20603465,164500
20603481,164600
20603500,164700
20603520,164800
20603538,164900
20603557,165000
20603576,165100
20603595,165200
20603615,165300
20603634,165400
20603653,165500
20603671,165600
20603690,165700
20603708,165800
20603727,165900
20603748,166000
20603766,166100
20603786,166200
20603807,166300
20603826,166400
20603844,166500
20603865,166600
20603889,166700
20603913,166800
20603938,166900
20604214,167000
20604237,167100
20604297,167200
20604319,167300
20604338,167400
20604358,167500
20604378,167600
20604398,167700
20604419,167800
20604441,167900
20604459,168000
20604479,168100
20604500,168200
20604518,168300
20604536,168400
20604554,168500
20604571,168600
20604591,168700
20604610,168800
20604627,168900
20604647,169000
20604664,169100
20604684,169200
20604705,169300
20604726,169400
20604747,169500
20604766,169600
20604786,169700
20604806,169800
20604826,169900
20604845,170000
20604862,170100
20604881,170200
20604900,170300
20604917,170400
20604935,170500
20604953,170600
20604970,170700
20604987,170800
20605006,170900
20605022,171000
20605045,171100
20605066,171200
20605085,171300
20605104,171400
20605123,171500
20605140,171600
20605157,171700
20605176,171800
20605193,171900
20605212,172000
20605230,172100
20605247,172200
20605265,172300
20605283,172400
20605303,172500
20605321,172600
20605337,172700
20605355,172800
20605374,172900
20605390,173000
20605409,173100
20605427,173200
20605445,173300
20605465,173400
20605486,173500
20605504,173600
20605522,173700
20605538,173800
20605557,173900
20605576,174000
20605599,174100
20605620,174200
20605638,174300
20605660,174400
20605682,174500
20605703,174600
20605722,174700
20605741,174800
20605759,174900
20605777,175000
20605799,175100
20605820,175200
20605842,175300
20605862,175400
20605884,175500
20605907,175600
20605928,175700
20605951,175800
20605971,175900
20605994,176000
20606017,176100
20606039,176200
20606060,176300
20606080,176400
20606101,176500
20606122,176600
20606142,176700
20606160,176800
20606178,176900
20606200,177000
20606221,177100
20606241,177200
20606277,177300
20606299,177400
20606319,177500
20606337,177600
20606358,177700
20606377,177800
20606396,177900
20606416,178000
20606436,178100
20606458,178200
20606479,178300
20606501,178400
20606524,178500
20606546,178600
20606568,178700
20606589,178800
20606613,178900
20606635,179000
20606659,179100
20606682,179200
20606703,179300
20606727,179400
20606753,179500
20606774,179600
20606800,179700
20606827,179800
20606855,179900
20606877,180000
20606907,180100
20606936,180200
20606966,180300
20606996,180400
20607023,180500
20607051,180600
20607082,180700
20607116,180800
20607149,180900
20607180,181000
20607213,181100
20607245,181200
20607279,181300
20607309,181400
20607343,181500
20607375,181600
20607401,181700
20607425,181800
20607455,181900
20607487,182000
20607519,182100
20607554,182200
20607585,182300
20607611,182400
20607639,182500
20607669,182600
20607690,182700
20607714,182800
20607748,182900
20607780,183000
20607818,183100
20607851,183200
20607873,183300
20607906,183400
20607937,183500
20607964,183600
20607992,183700
20608023,183800
20608054,183900
20608085,184000
20608117,184100
20608143,184200
20608172,184300
20608212,184400
20608253,184500
20608292,184600
20608331,184700
20608370,184800
20608404,184900
20608437,185000
20608472,185100
20608500,185200
20608528,185300
20608569,185400
20608599,185500
20608632,185600
20608665,185700
20608733,185800
20608765,185900
20608795,186000
20608826,186100
20608854,186200
20608887,186300
20608920,186400
20608951,186500
20608984,186600
20609016,186700
20609047,186800
20609076,186900
20609107,187000
20609132,187100
20609160,187200
20609193,187300
20609220,187400
20609248,187500
20609277,187600
20609306,187700
20609361,187800
20609392,187900
20609417,188000
20609444,188100
20609471,188200
20609497,188300
20609530,188400
20609563,188500
20609596,188600
20609628,188700
20609659,188800
20609685,188900
20609717,189000
20609741,189100
20609770,189200
20609800,189300
20609836,189400
20609870,189500
20609905,189600
20609940,189700
20610219,189800
20610306,189900
20610344,190000
20610380,190100
20610415,190200
20610447,190300
20610482,190400
20610516,190500
20610544,190600
20610573,190700
20610602,190800
20610629,190900
20610657,191000
20610682,191100
20610713,191200
20610747,191300
20610774,191400
20610803,191500
20610832,191600
20610872,191700
20610910,191800
20610943,191900
20610971,192000
20611004,192100
20611034,192200
20611063,192300
20611095,192400
20611129,192500
20611160,192600
20611193,192700
20611225,192800
20611259,192900
20611292,193000
20611320,193100
20611350,193200
20611381,193300
20611406,193400
20611437,193500
20611464,193600
20611501,193700
20611535,193800
20611565,193900
20611613,194000
20611651,194100
20611689,194200
20611727,194300
20611768,194400
20611803,194500
20611840,194600
20611872,194700
20611906,194800
20611937,194900
20611969,195000
20612006,195100
20612041,195200
20612071,195300
20612104,195400
20612134,195500
20612169,195600
20612200,195700
20612226,195800
20612258,195900
20612289,196000
20612321,196100
20612350,196200
20612381,196300
20612410,196400
20612446,196500
20612479,196600
20612512,196700
20612545,196800
20612574,196900
20612606,197000
20612639,197100
20612675,197200
20612705,197300
20612736,197400
20612771,197500
20612803,197600
20612836,197700
20612866,197800
20612897,197900
20612929,198000
20612961,198100
20612990,198200
20613022,198300
20613060,198400
20613088,198500
20613120,198600
20613152,198700
20613185,198800
20613216,198900
20613246,199000
20613273,199100
20613300,199200
20613329,199300
20613358,199400
20613392,199500
20613426,199600
20613458,199700
20613488,199800
20613516,199900
20613544,200000
20613573,200100
20613603,200200
20613634,200300
20613665,200400
20613695,200500
20613730,200600
20613768,200700
20613798,200800
20613830,200900
20613868,201000
20613895,201100
20613924,201200
20613953,201300
20613983,201400
20614020,201500
20614058,201600
20614095,201700
20614132,201800
20614172,201900
20614210,202000
20614241,202100
20614275,202200
20614313,202300
20614345,202400
20614382,202500
20614419,202600
20614452,202700
20614487,202800
20614522,202900
20614553,203000
20614590,203100
20614623,203200
20614658,203300
20614688,203400
20614722,203500
20614757,203600
20614790,203700
20614828,203800
20614859,203900
20614894,204000
20614929,204100
20614960,204200
20614994,204300
20615029,204400
20615059,204500
20615097,204600
20615132,204700
20615164,204800
20615197,204900
20615231,205000
20615261,205100
20615285,205200
20615312,205300
20615337,205400
20615367,205500
20615394,205600
20615426,205700
20615460,205800
20615492,205900
20615523,206000
20615555,206100
20615586,206200
20615618,206300
20615645,206400
20615675,206500
20615709,206600
20615742,206700
20615777,206800
20615810,206900
20615844,207000
20615875,207100
20615909,207200
20615944,207300
20615976,207400
20616262,207500
20616338,207600
20616374,207700
20616407,207800
20616444,207900
20616479,208000
20616513,208100
20616550,208200
20616587,208300
20616634,208400
20616664,208500
20616702,208600
20616741,208700
20616774,208800
20616812,208900
20616847,209000
20616880,209100
20616912,209200
20616942,209300
20616971,209400
20617003,209500
20617038,209600
20617068,209700
20617104,209800
20617138,209900
20617167,210000
20617202,210100
20617233,210200
20617267,210300
20617300,210400
20617326,210500
20617353,210600
20617381,210700
20617409,210800
20617450,210900
20617489,211000
20617528,211100
20617564,211200
20617597,211300
20617630,211400
20617665,211500
20617703,211600
20617735,211700
20617770,211800
20617805,211900
20617844,212000
20617883,212100
20617926,212200
20617962,212300
20617998,212400
20618038,212500
20618077,212600
20618122,212700
20618176,212800
20618215,212900
20618255,213000
20618296,213100
20618333,213200
20618368,213300
20618469,213400
20618509,213500
20618542,213600
20618577,213700
20618611,213800
20618646,213900
20618678,214000
20618715,214100
20618749,214200
20618784,214300
20618816,214400
20618848,214500
20618876,214600
20618906,214700
20618941,214800
20618978,214900
20619010,215000
20619048,215100
20619087,215200
20619124,215300
20619159,215400
20619194,215500
20619228,215600
20619263,215700
20619308,215800
20619344,215900
20619385,216000
20619433,216100
20619482,216200
20619522,216300
20619563,216400
20619599,216500
20619640,216600
20619683,216700
20619731,216800
20619776,216900
20619826,217000
20619872,217100
20619911,217200
20619950,217300
20619988,217400
20620028,217500
20620065,217600
20620111,217700
20620157,217800
20620196,217900
20620239,218000
20620281,218100
20620320,218200
20620361,218300
20620403,218400
20620444,218500
20620487,218600
20620528,218700
20620563,218800
20620598,218900
20620633,219000
20620679,219100
20620726,219200
20620768,219300
20620810,219400
20620849,219500
20620887,219600
20620930,219700
20620967,219800
20621005,219900
20621047,220000
20621089,220100
20621135,220200
20621177,220300
20621221,220400
20621261,220500
20621305,220600
20621345,220700
20621390,220800
20621435,220900
20621476,221000
20621518,221100
20621559,221200
20621596,221300
20621633,221400
20621665,221500
20621705,221600
20621738,221700
20621777,221800
20621816,221900
20621856,222000
20621899,222100
20621939,222200
20621984,222300
20622023,222400
20622347,222500
20622437,222600
20622483,222700
20622527,222800
20622567,222900
20622608,223000
20622645,223100
20622689,223200
20622729,223300
20622768,223400
20622808,223500
20622850,223600
20622900,223700
20622948,223800
20622997,223900
20623038,224000
20623075,224100
20623116,224200
20623158,224300
20623206,224400
20623258,224500
20623309,224600
20623357,224700
20623407,224800
20623449,224900
20623494,225000
20623537,225100
20623577,225200
20623623,225300
20623663,225400
20623714,225500
20623763,225600
20623812,225700
20623856,225800
20623901,225900
20623946,226000
20624002,226100
20624036,226200
20624072,226300
20624103,226400
20624142,226500
20624183,226600
20624227,226700
20624268,226800
20624309,226900
20624347,227000
20624391,227100
20624432,227200
20624479,227300
20624518,227400
20624568,227500
20624609,227600
20624651,227700
20624691,227800
20624743,227900
20624795,228000
20624848,228100
20624907,228200
20624970,228300
20625020,228400
20625079,228500
20625130,228600
20625181,228700
20625229,228800
20625281,228900
20625325,229000
20625367,229100
20625417,229200
20625471,229300
20625531,229400
20625590,229500
20625656,229600
20625715,229700
20625797,229800
20625854,229900
20625902,230000
20625953,230100
20626009,230200
20626078,230300
20626141,230400
20626192,230500
20626252,230600
20626313,230700
20626376,230800
20626448,230900
20626498,231000
20626556,231100
20626603,231200
20626651,231300
20626706,231400
20626761,231500
20626815,231600
20626870,231700
20626920,231800
20626980,231900
20627024,232000
20627092,232100
20627150,232200
20627196,232300
20627240,232400
20627287,232500
20627338,232600
20627392,232700
20627445,232800
20627499,232900
20627563,233000
20627616,233100
20627672,233200
20627722,233300
20627773,233400
20627825,233500
20627870,233600
20627922,233700
20627974,233800
20628036,233900
20628360,234000
20628461,234100
20628521,234200
20628580,234300
20628637,234400
20628685,234500
20628738,234600
20628787,234700
20628838,234800
20628894,234900
20628944,235000
20629000,235100
20629052,235200
20629103,235300
20629159,235400
20629214,235500
20629268,235600
20629323,235700
20629373,235800
20629423,235900
20629471,236000
20629526,236100
20629584,236200
20629643,236300
20629711,236400
20629771,236500
20629828,236600
20629888,236700
20629940,236800
20629985,236900
20630033,237000
20630091,237100
20630144,237200
20630201,237300
20630247,237400
20630296,237500
20630353,237600
20630400,237700
20630461,237800
20630508,237900
20630554,238000
20630602,238100
20630646,238200
20630699,238300
20630752,238400
20630803,238500
20630856,238600
20630904,238700
20630955,238800
20630997,238900
20631045,239000
20631089,239100
20631128,239200
20631170,239300
20631214,239400
20631254,239500
20631303,239600
20631346,239700
20631392,239800
20631446,239900
20631502,240000
20631544,240100
20631596,240200
20631644,240300
20631688,240400
20631727,240500
20631773,240600
20631815,240700
20631858,240800
20631903,240900
20631945,241000
20631987,241100
20632031,241200
20632067,241300
20632115,241400
20632157,241500
20632202,241600
20632242,241700
20632276,241800
20632316,241900
20632357,242000
20632406,242100
20632455,242200
20632511,242300
20632560,242400
20632620,242500
20632665,242600
20632709,242700
20632748,242800
20632789,242900
20632826,243000
20632871,243100
20632918,243200
20632965,243300
20633003,243400
20633052,243500
20633099,243600
20633144,243700
20633189,243800
20633236,243900
20633275,244000
20633312,244100
20633354,244200
20633399,244300
20633445,244400
20633487,244500
20633525,244600
20633566,244700
20633608,244800
20633643,244900
20633686,245000
20633724,245100
20633762,245200
20633797,245300
20633834,245400
20633872,245500
20633913,245600
20633952,245700
20634001,245800
20634047,245900
20634363,246000
20634459,246100
20634512,246200
20634570,246300
20634611,246400
20634649,246500
20634688,246600
20634730,246700
20634772,246800
20634819,246900
20634861,247000
20634906,247100
20634950,247200
20634997,247300
20635036,247400
20635078,247500
20635114,247600
20635153,247700
20635189,247800
20635224,247900
20635272,248000
20635316,248100
20635364,248200
20635408,248300
20635458,248400
20635503,248500
20635544,248600
20635583,248700
20635622,248800
20635656,248900
20635703,249000
20635747,249100
20635786,249200
20635828,249300
20635876,249400
20635924,249500
20635967,249600
20636019,249700
20636061,249800
20636107,249900
20636144,250000
20636192,250100
20636232,250200
20636272,250300
20636314,250400
20636360,250500
20636406,250600
20636450,250700
20636497,250800
20636537,250900
20636585,251000
20636623,251100
20636667,251200
20636708,251300
20636745,251400
20636778,251500
20636818,251600
20636853,251700
20636899,251800
20636962,251900
20637008,252000
20637063,252100
20637259,252200
20637365,252300
20637451,252400
20637547,252500
20637606,252600
20637659,252700
20637700,252800
20637744,252900
20637796,253000
20637851,253100
20637904,253200
20637956,253300
20638000,253400
20638053,253500
20638094,253600
20638140,253700
20638185,253800
20638236,253900
20638278,254000
20638326,254100
20638373,254200
20638430,254300
20638483,254400
20638534,254500
20638593,254600
20638645,254700
20638696,254800
20638742,254900
20638790,255000
20638845,255100
20638890,255200
20638929,255300
20638968,255400
20639008,255500
20639045,255600
20639083,255700
20639133,255800
20639181,255900
20639225,256000
20639275,256100
20639328,256200
20639376,256300
20639428,256400
20639476,256500
20639539,256600
20639586,256700
20639632,256800
20639673,256900
20639723,257000
20639765,257100
20639812,257200
20639853,257300
20639901,257400
20639945,257500
20640000,257600
20640046,257700
20640365,257800
20640452,257900
20640496,258000
20640540,258100
20640586,258200
20640630,258300
20640686,258400
20640733,258500
20640796,258600
20640847,258700
20640890,258800
20640942,258900
20640989,259000
20641040,259100
20641084,259200
20641133,259300
20641172,259400
20641213,259500
20641255,259600
20641301,259700
20641349,259800
20641395,259900
20641435,260000
20641480,260100
20641528,260200
20641583,260300
20641624,260400
20641676,260500
20641719,260600
20641761,260700
20641805,260800
20641850,260900
20641904,261000
20641947,261100
20642003,261200
20642055,261300
20642114,261400
20642162,261500
20642211,261600
20642260,261700
20642301,261800
20642338,261900
20642373,262000
20642417,262100
20643848,262200
20643930,262300
20643986,262400
20644049,262500
20644109,262600
20644164,262700
20644213,262800
20644267,262900
20644318,263000
20644359,263100
20644402,263200
20644448,263300
20644491,263400
20644539,263500
20644586,263600
20644635,263700
20644676,263800
20644718,263900
20644767,264000
20644808,264100
20644861,264200
20644910,264300
20644965,264400
20645019,264500
20645064,264600
20645118,264700
20645165,264800
20645204,264900
20645254,265000
20645306,265100
20645359,265200
20645406,265300
20645460,265400
20645508,265500
20645561,265600
20645621,265700
20645676,265800
20645722,265900
20645770,266000
20645816,266100
20645860,266200
20645909,266300
20645953,266400
20646004,266500
20646320,266600
20646416,266700
20646482,266800
20646529,266900
20646584,267000
20646625,267100
20646683,267200
20646729,267300
20646772,267400
20646816,267500
20646861,267600
20646902,267700
20646952,267800
20646995,267900
20647054,268000
20647111,268100
20647183,268200
20647257,268300
20647325,268400
20647402,268500
20647484,268600
20647558,268700
20647630,268800
20647690,268900
20647741,269000
20647811,269100
20647866,269200
20647927,269300
20647990,269400
20648067,269500
20648126,269600
20648197,269700
20648263,269800
20648322,269900
20648377,270000
20651237,270100
20651296,270200
20651371,270300
20651472,270400
20651567,270500
20651641,270600
20651717,270700
20651810,270800
20651886,270900
20651969,271000
20652376,271100
20652443,271200
20652509,271300
20652565,271400
20652629,271500
20652700,271600
20652797,271700
20652873,271800
20652956,271900
20653033,272000
20653101,272100
20653190,272200
20653266,272300
20653335,272400
20653395,272500
20653469,272600
20653543,272700
20653616,272800
20653678,272900
20653743,273000
20653821,273100
20653895,273200
20653967,273300
20654018,273400
20654097,273500
20654159,273600
20654217,273700
20654270,273800
20654320,273900
20654382,274000
20654450,274100
20654507,274200
20654582,274300
20654646,274400
20654702,274500
20654767,274600
20654829,274700
20654893,274800
20654953,274900
20655015,275000
20655082,275100
20655144,275200
20655211,275300
20655277,275400
20655333,275500
20655401,275600
20655470,275700
20655522,275800
20655581,275900
20655641,276000
20655699,276100
20655770,276200
20655833,276300
20655886,276400
20655947,276500
20656010,276600
20656071,276700
20656131,276800
20656190,276900
20656245,277000
20656305,277100
20656367,277200
20656424,277300
20656477,277400
20656547,277500
20656606,277600
20656671,277700
20656730,277800
20656788,277900
20656843,278000
20656881,278100
20656981,278200
20657055,278300
20657126,278400
20657197,278500
20657253,278600
20657321,278700
20657381,278800
20657451,278900
20657531,279000
20657589,279100
20657667,279200
20657723,279300
20657802,279400
20657855,279500
20657907,279600
20657960,279700
20658025,279800
20658358,279900
20658472,280000
20658529,280100
20658585,280200
20658642,280300
20658714,280400
20658781,280500
20658850,280600
20658905,280700
20658966,280800
20659033,280900
20659095,281000
20659159,281100
20659213,281200
20659265,281300
20659323,281400
20659382,281500
20659456,281600
20659527,281700
20659599,281800
20659656,281900
20659719,282000
20659784,282100
20659847,282200
20659909,282300
20659970,282400
20660031,282500
20660095,282600
20660164,282700
20660229,282800
20660301,282900
20660373,283000
20660437,283100
20660501,283200
20660565,283300
20660623,283400
20660684,283500
20660736,283600
20660800,283700
20660858,283800
20660912,283900
20660981,284000
20661050,284100
20661126,284200
20661192,284300
20661271,284400
20661339,284500
20661411,284600
20661489,284700
20661553,284800
20661619,284900
20661692,285000
20661766,285100
20661844,285200
20661906,285300
20661986,285400
20662082,285500
20662155,285600
20662229,285700
20662300,285800
20662374,285900
20662438,286000
20662495,286100
20662549,286200
20662622,286300
20662695,286400
20662771,286500
20662842,286600
20662904,286700
20662981,286800
20663052,286900
20663130,287000
20663209,287100
20663272,287200
20663337,287300
20663502,287400
20663573,287500
20663640,287600
20663732,287700
20663815,287800
20663892,287900
20663963,288000
20664032,288100
20664108,288200
20664445,288300
20664591,288400
20664665,288500
20664739,288600
20664828,288700
20664929,288800
20665034,288900
20665127,289000
20665214,289100
20665291,289200
20665365,289300
20665443,289400
20665520,289500
20665587,289600
20665662,289700
20665730,289800
20665817,289900
20665900,290000
20665980,290100
20666060,290200
20666135,290300
20666208,290400
20666302,290500
20666392,290600
20666450,290700
20666520,290800
20666585,290900
20666647,291000
20666728,291100
20666789,291200
20666863,291300
20666943,291400
20667011,291500
20667097,291600
20667169,291700
20667243,291800
20667334,291900
20667393,292000
20667449,292100
20667519,292200
20667584,292300
20667666,292400
20667753,292500
20667832,292600
20667916,292700
20667988,292800
20668061,292900
20668139,293000
20668205,293100
20668275,293200
20668355,293300
20668425,293400
20668498,293500
20668568,293600
20668654,293700
20668722,293800
20668793,293900
20668860,294000
20668930,294100
20668994,294200
20669059,294300
20669132,294400
20669200,294500
20669279,294600
20669359,294700
20669443,294800
20669526,294900
20669603,295000
20669682,295100
20669780,295200
20669847,295300
20669917,295400
20669974,295500
20670024,295600
20670095,295700
20670170,295800
20670560,295900
20670639,296000
20670737,296100
20670824,296200
20670898,296300
20670977,296400
20671063,296500
20671131,296600
20671199,296700
20671257,296800
20671325,296900
20671389,297000
20671462,297100
20671545,297200
20671625,297300
20671709,297400
20671781,297500
20671864,297600
20671938,297700
20672000,297800
20672065,297900
20672132,298000
20672199,298100
20672277,298200
20672349,298300
20672427,298400
20672506,298500
20672587,298600
20672652,298700
20672718,298800
20672790,298900
20672862,299000
20672927,299100
20673008,299200
20673092,299300
20673156,299400
20673235,299500
20673313,299600
20673386,299700
20673465,299800
20673537,299900
20673603,300000
20673667,300100
20673726,300200
20673810,300300
20673886,300400
20673965,300500
20674038,300600
20674113,300700
20674192,300800
20674271,300900
20674339,301000
20674412,301100
20674473,301200
20674551,301300
20674621,301400
20674697,301500
20674774,301600
20674846,301700
20675112,301800
20675245,301900
20675351,302000
20675429,302100
20675520,302200
20675605,302300
20675670,302400
20675744,302500
20675827,302600
20675908,302700
20675994,302800
20676093,302900
20676441,303000
20676579,303100
20676670,303200
20676741,303300
20676816,303400
20676893,303500
20676959,303600
20677037,303700
20677111,303800
20677180,303900
20677258,304000
20677340,304100
20677402,304200
20677490,304300
20677571,304400
20677654,304500
20677737,304600
20677803,304700
20677868,304800
20677954,304900
20678036,305000
20678106,305100
20678196,305200
20678270,305300
20678347,305400
20678427,305500
20678505,305600
20678571,305700
20678641,305800
20678697,305900
20678768,306000
20678839,306100
20678907,306200
20678982,306300
20679054,306400
20679124,306500
20679202,306600
20679279,306700
20679346,306800
20679410,306900
20679473,307000
20679535,307100
20679589,307200
20679667,307300
20679732,307400
20679805,307500
20679872,307600
20679941,307700
20680012,307800
20680084,307900
20680163,308000
20680224,308100
20680294,308200
20680355,308300
20680419,308400
20680489,308500
20680572,308600
20680677,308700
20680774,308800
20680859,308900
20680947,309000
20681034,309100
20681102,309200
20681163,309300
20681236,309400
20681313,309500
20681385,309600
20681475,309700
20681559,309800
20681637,309900
20681720,310000
20681797,310100
20681873,310200
20681955,310300
20682034,310400
20682108,310500
20682191,310600
20682600,310700
20682690,310800
20682776,310900
20682842,311000
20682929,311100
20682997,311200
20683075,311300
20683150,311400
20683212,311500
20683282,311600
20683352,311700
20683432,311800
20683515,311900
20683597,312000
20683834,312100
20683914,312200
20683998,312300
20684073,312400
20684160,312500
20684233,312600
20684294,312700
20684379,312800
20684459,312900
20684531,313000
20684614,313100
20684683,313200
20684760,313300
20684849,313400
20684921,313500
20685000,313600
20685064,313700
20685128,313800
20685211,313900
20685304,314000
20685398,314100
20685488,314200
20685577,314300
20685652,314400
20685738,314500
20685820,314600
20685884,314700
20685950,314800
20686013,314900
20686093,315000
20686166,315100
20686235,315200
20686320,315300
20686398,315400
20686491,315500
20686571,315600
20686650,315700
20686722,315800
20686834,315900
20686906,316000
20686973,316100
20687049,316200
20687123,316300
20687192,316400
20687264,316500
20687345,316600
20687429,316700
20687509,316800
20687584,316900
20687670,317000
20687741,317100
20687810,317200
20687883,317300
20687970,317400
20688059,317500
20688139,317600
20688222,317700
20688567,317800
20688676,317900
20688762,318000
20688832,318100
20688907,318200
20688976,318300
20689036,318400
20689106,318500
20689181,318600
20689276,318700
20689361,318800
20689435,318900
20689514,319000
20689594,319100
20689669,319200
20689760,319300
20689818,319400
20689887,319500
20689982,319600
20690052,319700
20690150,319800
20690257,319900
20690374,320000
20690459,320100
20690532,320200
20690600,320300
20690684,320400
20690743,320500
20690814,320600
20690901,320700
20690990,320800
20691079,320900
20691180,321000
20691256,321100
20691329,321200
20691409,321300
20691494,321400
20691567,321500
20691648,321600
20691718,321700
20691789,321800
20691867,321900
20691950,322000
20692030,322100
20692118,322200
20692211,322300
20692299,322400
20692384,322500
20692475,322600
20692563,322700
20692650,322800
20692731,322900
20692837,323000
20692933,323100
20693025,323200
20693121,323300
20693209,323400
20693293,323500
20693378,323600
20693474,323700
20693568,323800
20693638,323900
20693734,324000
20693816,324100
20693914,324200
20694001,324300
20694094,324400
20694196,324500
20694294,324600
20694661,324700
20694793,324800
20694876,324900
20694957,325000
20695052,325100
20695146,325200
20695246,325300
20695337,325400
20695431,325500
20695508,325600
20695600,325700
20695691,325800
20695761,325900
20695834,326000
20695942,326100
20696037,326200
20696134,326300
20696223,326400
20696303,326500
20696390,326600
20696482,326700
20696564,326800
20696649,326900
20696733,327000
20696834,327100
20696918,327200
20697014,327300
20697112,327400
20697204,327500
20697297,327600
20697380,327700
20697463,327800
20697993,327900
20698215,328000
20698366,328100
20698468,328200
20698579,328300
20698682,328400
20698770,328500
20698861,328600
20698952,328700
20699044,328800
20699156,328900
20699266,329000
20699355,329100
20699445,329200
20699547,329300
20699633,329400
20699741,329500
20699847,329600
20699947,329700
20700075,329800
20700183,329900
20700284,330000
20700380,330100
20700807,330200
20700906,330300
20701002,330400
20701112,330500
20701196,330600
20701294,330700
20701398,330800
20701487,330900
20701591,331000
20701675,331100
20701766,331200
20701864,331300
20701965,331400
20702073,331500
20702179,331600
20702271,331700
20702367,331800
20702470,331900
20702556,332000
20702663,332100
20702747,332200
20702838,332300
20702947,332400
20703069,332500
20703165,332600
20703287,332700
20703391,332800
20703491,332900
20703585,333000
20703679,333100
20703770,333200
20703880,333300
20703982,333400
20704092,333500
20704192,333600
20704281,333700
20704391,333800
20704480,333900
20704575,334000
20704679,334100
20704762,334200
20704863,334300
20704971,334400
20705090,334500
20705199,334600
20705316,334700
20705435,334800
20705551,334900
20705659,335000
20705761,335100
20705863,335200
20705975,335300
20706088,335400
20706197,335500
20706306,335600
20706404,335700
20706485,335800
20706869,335900
20706961,336000
20707046,336100
20707212,336200
20707290,336300
20707396,336400
20707477,336500
20707573,336600
20707667,336700
20707749,336800
20707824,336900
20707888,337000
20707968,337100
20708064,337200
20708145,337300
20708240,337400
20708336,337500
20708426,337600
20708532,337700
20708609,337800
20708705,337900
20708805,338000
20708898,338100
20709001,338200
20709106,338300
20709215,338400
20709301,338500
20709404,338600
20709495,338700
20709625,338800
20709736,338900
20709860,339000
20709969,339100
20710066,339200
20710170,339300
20710278,339400
20710360,339500
20710460,339600
20710563,339700
20710678,339800
20710778,339900
20710864,340000
20710965,340100
20711064,340200
20711171,340300
20711271,340400
20711404,340500
20711530,340600
20711641,340700
20711736,340800
20711818,340900
20711900,341000
20711996,341100
20712089,341200
20712182,341300
20712284,341400
20712351,341500
20712458,341600
20712562,341700
20712982,341800
20713074,341900
20713171,342000
20713259,342100
20713344,342200
20713428,342300
20713518,342400
20713607,342500
20713723,342600
20713819,342700
20713927,342800
20714027,342900
20714124,343000
20714229,343100
20714344,343200
20714466,343300
20714593,343400
20714706,343500
20714844,343600
20714955,343700
20715062,343800
20715171,343900
20715284,344000
20715385,344100
20715469,344200
20715568,344300
20715653,344400
20715771,344500
20715890,344600
20715980,344700
20716094,344800
20716215,344900
20716330,345000
20716422,345100
20716523,345200
20716628,345300
20716725,345400
20716833,345500
20716957,345600
20717049,345700
20717166,345800
20717278,345900
20717382,346000
20717496,346100
20717604,346200
20717724,346300
20717845,346400
20717956,346500
20718064,346600
20718150,346700
20718259,346800
20718381,346900
20718494,347000
20718600,347100
20719032,347200
20719163,347300
20719274,347400
20719380,347500
20719508,347600
20719597,347700
20719708,347800
20719833,347900
20719931,348000
20720038,348100
20720150,348200
20720266,348300
20720385,348400
20720490,348500
20720591,348600
20720697,348700
20720804,348800
20720923,348900
20720999,349000
20721101,349100
20721188,349200
20721278,349300
20721394,349400
20721471,349500
20721564,349600
20721667,349700
20721750,349800
20721863,349900
20721970,350000
20725150,350100
20725255,350200
20725362,350300
20725450,350400
20725537,350500
20725638,350600
20725732,350700
20725811,350800
20725909,350900
20726022,351000
20726119,351100
20726234,351200
20726349,351300
20726446,351400
20726560,351500
20726654,351600
20726750,351700
20726838,351800
20726948,351900
20727064,352000
20727162,352100
20727268,352200
20727378,352300
20727469,352400
20727570,352500
20727673,352600
20727774,352700
20727862,352800
20727966,352900
20728063,353000
20728149,353100
20728260,353200
20728363,353300
20728470,353400
20728587,353500
20728690,353600
20728789,353700
20728879,353800
20728984,353900
20729107,354000
20729218,354100
20729329,354200
20729451,354300
20729564,354400
20729653,354500
20729751,354600
20729861,354700
20729952,354800
20730070,354900
20730178,355000
20730273,355100
20730373,355200
20730480,355300
20730583,355400
20730683,355500
20730815,355600
20731214,355700
20731323,355800
20731425,355900
20731539,356000
20731639,356100
20731737,356200
20731831,356300
20731939,356400
20732040,356500
20732140,356600
20732250,356700
20732331,356800
20732430,356900
20732533,357000
20732634,357100
20732746,357200
20732848,357300
20732933,357400
20733039,357500
20733140,357600
20733243,357700
20733346,357800
20733455,357900
20733563,358000
20733662,358100
20733781,358200
20733905,358300
20734056,358400
20734161,358500
20734285,358600
20734412,358700
20734499,358800
20734610,358900
20734746,359000
20734856,359100
20734975,359200
20735095,359300
20735214,359400
20735313,359500
20735428,359600
20735518,359700
20735590,359800
20735689,359900
20735782,360000
20735879,360100
20735991,360200
20736116,360300
20736229,360400
20736336,360500
20736443,360600
20736554,360700
20736659,360800
20736747,360900
20736868,361000
20737321,361100
20737443,361200
20737590,361300
20737708,361400
20737816,361500
20737927,361600
20738051,361700
20738158,361800
20738267,361900
20738383,362000
20738518,362100
20738646,362200
20738739,362300
20738849,362400
20738941,362500
20739040,362600
20739155,362700
20739276,362800
20739365,362900
20739481,363000
20739609,363100
20739728,363200
20739865,363300
20740001,363400
20740112,363500
20740225,363600
20740355,363700
20740466,363800
20740559,363900
20740676,364000
20740776,364100
20740921,364200
20741053,364300
20741184,364400
20741318,364500
20741466,364600
20741602,364700
20741747,364800
20741892,364900
20742024,365000
20742197,365100
20742329,365200
20742454,365300
20742582,365400
20742710,365500
20742997,365600
20743460,365700
20743589,365800
20743697,365900
20743832,366000
20743954,366100
20744073,366200
20744181,366300
20744305,366400
20744420,366500
20744519,366600
20744621,366700
20744720,366800
20744822,366900
20744918,367000
20745033,367100
20745155,367200
20745274,367300
20745413,367400
20745588,367500
20745769,367600
20745936,367700
20746107,367800
20746278,367900
20746451,368000
20746553,368100
20746672,368200
20746788,368300
20746955,368400
20747144,368500
20747326,368600
20747511,368700
20747646,368800
20747750,368900
20747848,369000
20747945,369100
20748042,369200
20748173,369300
20748268,369400
20748394,369500
20748521,369600
20748621,369700
20748737,369800
20748857,369900
20748965,370000
20749064,370100
20749496,370200
20749615,370300
20749718,370400
20749839,370500
20749952,370600
20750049,370700
20750172,370800
20750271,370900
20750373,371000
20750480,371100
20750597,371200
20750701,371300
20750829,371400
20750958,371500
20751053,371600
20751168,371700
20751284,371800
20751395,371900
20751505,372000
20751609,372100
20751701,372200
20751818,372300
20751918,372400
20752055,372500
20752169,372600
20752319,372700
20752461,372800
20752574,372900
20752660,373000
20752772,373100
20752898,373200
20752994,373300
20753124,373400
20753248,373500
20753387,373600
20753515,373700
20753639,373800
20753758,373900
20753869,374000
20753995,374100
20754125,374200
20754253,374300
20754388,374400
20754513,374500
20754656,374600
20754803,374700
20754933,374800
20755077,374900
20755497,375000
20755668,375100
20755793,375200
20755906,375300
20756036,375400
20756171,375500
20756286,375600
20756412,375700
20756522,375800
20756628,375900
20756745,376000
20756858,376100
20756967,376200
20757089,376300
20757193,376400
20757330,376500
20757454,376600
20757566,376700
20757704,376800
20757836,376900
20757940,377000
20758067,377100
20758203,377200
20758315,377300
20758405,377400
20758519,377500
20758628,377600
20758745,377700
20758881,377800
20759018,377900
20759158,378000
20759290,378100
20759429,378200
20759571,378300
20759694,378400
20759836,378500
20759977,378600
20760112,378700
20760246,378800
20760371,378900
20760503,379000
20760630,379100
20760767,379200
20760933,379300
20761067,379400
20761203,379500
20761617,379600
20761817,379700
20761987,379800
20762133,379900
20762263,380000
20762410,380100
20762539,380200
20762697,380300
20762843,380400
20762953,380500
20763101,380600
20763243,380700
20763621,380800
20763917,380900
20764125,381000
20764277,381100
20764438,381200
20764575,381300
20764725,381400
20764863,381500
20765009,381600
20765153,381700
20765317,381800
20765489,381900
20765678,382000
20765893,382100
20766076,382200
20766252,382300
20766412,382400
20766555,382500
20766694,382600
20766848,382700
20767007,382800
20767142,382900
20767322,383000
20767720,383100
20767908,383200
20768051,383300
20768168,383400
20768323,383500
20768457,383600
20768579,383700
20768715,383800
20768848,383900
20768973,384000
20769202,384100
20769341,384200
20769471,384300
20769617,384400
20769751,384500
20769864,384600
20769993,384700
20770098,384800
20770237,384900
20770368,385000
20770489,385100
20770623,385200
20770757,385300
20770890,385400
20771034,385500
20771173,385600
20771344,385700
20771487,385800
20771604,385900
20771760,386000
20771922,386100
20772049,386200
20772210,386300
20772353,386400
20772496,386500
20772647,386600
20772779,386700
20772937,386800
20773085,386900
20773217,387000
20773373,387100
20773821,387200
20774042,387300
20774180,387400
20774336,387500
20774497,387600
20774631,387700
20774761,387800
20774915,387900
20775092,388000
20775254,388100
20775414,388200
20775590,388300
20775762,388400
20775902,388500
20776064,388600
20776224,388700
20776398,388800
20776556,388900
20776706,389000
20776856,389100
20777033,389200
20777173,389300
20777320,389400
20777489,389500
20777687,389600
20777865,389700
20778024,389800
20778195,389900
20778367,390000
20778525,390100
20778643,390200
20778776,390300
20778904,390400
20779032,390500
20779153,390600
20779316,390700
20779471,390800
20779626,390900
20780106,391000
20780248,391100
20780384,391200
20780523,391300
20780681,391400
20780826,391500
20780976,391600
20781100,391700
20781257,391800
20781411,391900
20781580,392000
20781726,392100
20781930,392200
20782079,392300
20782234,392400
20782398,392500
20782532,392600
20782672,392700
20782813,392800
20782971,392900
20783110,393000
20783278,393100
20783421,393200
20783591,393300
20783776,393400
20783957,393500
20784129,393600
20784306,393700
20784481,393800
20784627,393900
20784805,394000
20785012,394100
20785239,394200
20785437,394300
20785630,394400
20785798,394500
20786257,394600
20786406,394700
20786545,394800
20786699,394900
20786854,395000
20787039,395100
20787209,395200
20787382,395300
20787568,395400
20787757,395500
20787907,395600
20788096,395700
20788237,395800
20788372,395900
20788501,396000
20788666,396100
20788865,396200
20789053,396300
20789248,396400
20789404,396500
20789547,396600
20789702,396700
20789849,396800
20790006,396900
20790163,397000
20790306,397100
20790455,397200
20790620,397300
20790787,397400
20790960,397500
20791122,397600
20791276,397700
20791459,397800
20791603,397900
20791768,398000
20792177,398100
20792386,398200
20792531,398300
20792681,398400
20792844,398500
20793027,398600
20793192,398700
20793402,398800
20793587,398900
20793746,399000
20793909,399100
20794097,399200
20794275,399300
20794454,399400
20794655,399500
20794855,399600
20795072,399700
20795281,399800
20795495,399900
20795675,400000
20798752,400100
20798923,400200
20799063,400300
20799194,400400
20799374,400500
20799549,400600
20799721,400700
20799906,400800
20800074,400900
20800260,401000
20800450,401100
20800609,401200
20800781,401300
20800921,401400
20801078,401500
20801219,401600
20801380,401700
20801531,401800
20801720,401900
20801869,402000
20802021,402100
20802151,402200
20802284,402300
20802436,402400
20802574,402500
20802723,402600
20802886,402700
20803026,402800
20803162,402900
20803317,403000
20803485,403100
20803637,403200
20803811,403300
20803963,403400
20804109,403500
20804594,403600
20804767,403700
20804931,403800
20805082,403900
20805229,404000
20805390,404100
20805531,404200
20805681,404300
20805840,404400
20805984,404500
20806147,404600
20806331,404700
20806474,404800
20806682,404900
20806893,405000
20807059,405100
20807232,405200
20807388,405300
20807602,405400
20807817,405500
20807974,405600
20808110,405700
20808260,405800
20808429,405900
20808578,406000
20808744,406100
20808906,406200
20809053,406300
20809214,406400
20809357,406500
20809488,406600
20809629,406700
20809791,406800
20809965,406900
20810143,407000
20810622,407100
20810794,407200
20810947,407300
20811094,407400
20811264,407500
20811428,407600
20811569,407700
20811740,407800
20811917,407900
20812064,408000
20812232,408100
20812384,408200
20812533,408300
20812708,408400
20812867,408500
20813011,408600
20813165,408700
20813337,408800
20813539,408900
20813708,409000
20813899,409100
20814098,409200
20814280,409300
20814466,409400
20814635,409500
20814802,409600
20814952,409700
20815110,409800
20815283,409900
20815448,410000
20815623,410100
20815772,410200
20815946,410300
20816109,410400
20816272,410500
20816775,410600
20816920,410700
20817050,410800
20817193,410900
20817339,411000
20817490,411100
20817660,411200
20817954,411300
20818136,411400
20818301,411500
20818459,411600
20818633,411700
20818814,411800
20818979,411900
20819141,412000
20819332,412100
20819523,412200
20819701,412300
20819897,412400
20820088,412500
20820252,412600
20820430,412700
20820618,412800
20820747,412900
20820891,413000
20821008,413100
20821199,413200
20821380,413300
20821578,413400
20821753,413500
20821939,413600
20822154,413700
20822339,413800
20822792,413900
20823023,414000
20823231,414100
20823408,414200
20823609,414300
20823797,414400
20823981,414500
20824162,414600
20824344,414700
20824532,414800
20824672,414900
20824827,415000
20824989,415100
20825172,415200
20825343,415300
20825524,415400
20825676,415500
20825848,415600
20826041,415700
20826199,415800
20826352,415900
20826544,416000
20826750,416100
20826955,416200
20827189,416300
20827402,416400
20827614,416500
20827828,416600
20828030,416700
20828246,416800
20828427,416900
20828923,417000
20829140,417100
20829303,417200
20829504,417300
20829709,417400
20829910,417500
20830119,417600
20830321,417700
20830529,417800
20830712,417900
20830886,418000
20831071,418100
20831220,418200
20831414,418300
20831586,418400
20831777,418500
20831944,418600
20832130,418700
20832271,418800
20832467,418900
20832626,419000
20832758,419100
20832921,419200
20833089,419300
20833286,419400
20833458,419500
20833624,419600
20833811,419700
20833999,419800
20834171,419900
20834324,420000
20834463,420100
20834612,420200
20835072,420300
20835293,420400
20835470,420500
20835660,420600
20835828,420700
20836008,420800
20836176,420900
20836330,421000
20836498,421100
20836672,421200
20836856,421300
20837030,421400
20837216,421500
20837389,421600
20837584,421700
20837756,421800
20837952,421900
20838124,422000
20838286,422100
20838465,422200
20838663,422300
20838863,422400
20839056,422500
20839244,422600
20839422,422700
20839589,422800
20839756,422900
20839948,423000
20840139,423100
20840337,423200
20840506,423300
20840731,423400
20840919,423500
20841406,423600
20841579,423700
20842234,423800
20842582,423900
20842769,424000
20842937,424100
20843128,424200
20843312,424300
20843471,424400
20843658,424500
20843825,424600
20844006,424700
20844174,424800
20844345,424900
20844478,425000
20844635,425100
20844780,425200
20844932,425300
20845121,425400
20845323,425500
20845525,425600
20845722,425700
20845905,425800
20846074,425900
20846243,426000
20846420,426100
20846563,426200
20846729,426300
20846911,426400
20847389,426500
20847581,426600
20847757,426700
20847918,426800
20848123,426900
20848309,427000
20848474,427100
20848618,427200
20848769,427300
20848933,427400
20849106,427500
20849287,427600
20849486,427700
20849657,427800
20849836,427900
20850006,428000
20850177,428100
20850345,428200
20850483,428300
20850723,428400
20850936,428500
20851129,428600
20851312,428700
20851483,428800
20851675,428900
20851858,429000
20852023,429100
20852178,429200
20852324,429300
20852469,429400
20852618,429500
20852808,429600
20852979,429700
20853438,429800
20853646,429900
20853811,430000
20853976,430100
20854157,430200
20854332,430300
20854486,430400
20854669,430500
20854858,430600
20855036,430700
20855208,430800
20855370,430900
20855534,431000
20855710,431100
20855903,431200
20856059,431300
20856170,431400
20856313,431500
20856471,431600
20856660,431700
20856841,431800
20857004,431900
20857200,432000
20857385,432100
20857588,432200
20857762,432300
20857918,432400
20858068,432500
20858253,432600
20858452,432700
20858624,432800
20858823,432900
20858984,433000
20859166,433100
20859688,433200
20859879,433300
20860070,433400
20860247,433500
20860401,433600
20860574,433700
20860767,433800
20860973,433900
20861188,434000
20861381,434100
20861589,434200
20861797,434300
20862007,434400
20862187,434500
20862366,434600
20862556,434700
20862771,434800
20862959,434900
20863145,435000
20863365,435100
20863578,435200
20863773,435300
20863924,435400
20864125,435500
20864304,435600
20864535,435700
20864796,435800
20865025,435900
20865323,436000
20865928,436100
20866146,436200
20866357,436300
20866546,436400
20866851,436500
20867028,436600
20867173,436700
20867368,436800
20867558,436900
20867785,437000
20867989,437100
20868172,437200
20868379,437300
20868598,437400
20868781,437500
20868948,437600
20869131,437700
20869333,437800
20869541,437900
20869745,438000
20869965,438100
20870146,438200
20870339,438300
20870515,438400
20870688,438500
20870870,438600
20871038,438700
20871229,438800
20871410,438900
20871961,439000
20872198,439100
20872379,439200
20872588,439300
20872786,439400
20873014,439500
20873233,439600
20873426,439700
20873636,439800
20873852,439900
20874059,440000
20877532,440100
20877997,440200
20878236,440300
20878417,440400
20878603,440500
20878778,440600
20878966,440700
20879139,440800
20879315,440900
20879509,441000
20879697,441100
20879881,441200
20880061,441300
20880236,441400
20880442,441500
20880656,441600
20880850,441700
20881032,441800
20881231,441900
20881437,442000
20881636,442100
20881848,442200
20882057,442300
20882258,442400
20882443,442500
20882650,442600
20882859,442700
20883064,442800
20883237,442900
20883404,443000
20883566,443100
20883772,443200
20884270,443300
20884480,443400
20884681,443500
20884890,443600
20885100,443700
20885356,443800
20885533,443900
20885690,444000
20885894,444100
20886086,444200
20886304,444300
20886509,444400
20886720,444500
20886929,444600
20887130,444700
20887340,444800
20887542,444900
20887713,445000
20887868,445100
20888047,445200
20888245,445300
20888451,445400
20888642,445500
20888861,445600
20889075,445700
20889275,445800
20889479,445900
20889665,446000
20889830,446100
20890301,446200
20890581,446300
20890795,446400
20891005,446500
20891251,446600
20891495,446700
20891728,446800
20891954,446900
20892184,447000
20892408,447100
20892605,447200
20892794,447300
20893021,447400
20893263,447500
20893464,447600
20893665,447700
20893876,447800
20894169,447900
20894355,448000
20894547,448100
20894716,448200
20894891,448300
20895067,448400
20895229,448500
20895436,448600
20895651,448700
20895836,448800
20896065,448900
20896598,449000
20896794,449100
20896967,449200
20897134,449300
20897316,449400
20897471,449500
20897641,449600
20897859,449700
20898110,449800
20898340,449900
20898565,450000
20898796,450100
20899028,450200
20899219,450300
20899442,450400
20899694,450500
20899905,450600
20900128,450700
20900349,450800
20900564,450900
20900777,451000
20900974,451100
20901187,451200
20901407,451300
20901635,451400
20901865,451500
20902080,451600
20902588,451700
20902854,451800
20903071,451900
20903294,452000
20903513,452100
20903734,452200
20903952,452300
20904181,452400
20904409,452500
20904621,452600
20904851,452700
20905057,452800
20905264,452900
20905449,453000
20905662,453100
20905869,453200
20906090,453300
20906306,453400
20906515,453500
20906731,453600
20906959,453700
20907170,453800
20907390,453900
20907600,454000
20907813,454100
20908025,454200
20908245,454300
20908801,454400
20909039,454500
20909260,454600
20909482,454700
20909680,454800
20909888,454900
20910095,455000
20910315,455100
20910533,455200
20910748,455300
20910975,455400
20911197,455500
20911426,455600
20911654,455700
20911874,455800
20912105,455900
20912600,456000
20913019,456100
20913247,456200
20913470,456300
20913717,456400
20913950,456500
20914179,456600
20914432,456700
20915036,456800
20915251,456900
20915489,457000
20915713,457100
20915945,457200
20916179,457300
20916413,457400
20916639,457500
20916874,457600
20917105,457700
20917351,457800
20917587,457900
20917804,458000
20918035,458100
20918267,458200
20918495,458300
20918736,458400
20918966,458500
20919195,458600
20919413,458700
20919620,458800
20919848,458900
20920053,459000
20920235,459100
20920448,459200
20920971,459300
20921246,459400
20921473,459500
20921750,459600
20921976,459700
20922194,459800
20922429,459900
20922652,460000
20922851,460100
20923061,460200
20923289,460300
20923517,460400
20923744,460500
20923970,460600
20924203,460700
20924441,460800
20924654,460900
20924867,461000
20925074,461100
20925311,461200
20925542,461300
20925766,461400
20925993,461500
20926215,461600
20926458,461700
20926683,461800
20927254,461900
20927474,462000
20927698,462100
20927917,462200
20928123,462300
20928347,462400
20928578,462500
20928803,462600
20929022,462700
20929239,462800
20929460,462900
20929688,463000
20929906,463100
20930107,463200
20930326,463300
20930539,463400
20930755,463500
20930982,463600
20931306,463700
20931535,463800
20931769,463900
20932008,464000
20932224,464100
20932459,464200
20932692,464300
20932927,464400
20933497,464500
20933732,464600
20933953,464700
20934187,464800
20934418,464900
20934642,465000
20934884,465100
20935119,465200
20935354,465300
20935596,465400
20935834,465500
20936075,465600
20936292,465700
20936508,465800
20936738,465900
20936962,466000
20937189,466100
20937424,466200
20937665,466300
20937910,466400
20938166,466500
20938390,466600
20938605,466700
20938843,466800
20939089,466900
20939651,467000
20939890,467100
20940130,467200
20940374,467300
20940633,467400
20940890,467500
20941126,467600
20941368,467700
20941606,467800
20941838,467900
20942078,468000
20942337,468100
20942572,468200
20942819,468300
20943064,468400
20943328,468500
20943582,468600
20943835,468700
20944067,468800
20944286,468900
20944522,469000
20944755,469100
20945008,469200
20945271,469300
20945859,469400
20946109,469500
20946357,469600
20946592,469700
20946846,469800
20947082,469900
20947337,470000
20952258,470100
20952470,470200
20952683,470300
20952901,470400
20953120,470500
20953347,470600
20953587,470700
20953833,470800
20954070,470900
20954295,471000
20954515,471100
20954733,471200
20954954,471300
20955198,471400
20955440,471500
20955689,471600
20955917,471700
20956170,471800
20956424,471900
20956693,472000
20956938,472100
20957169,472200
20957400,472300
20957953,472400
20958215,472500
20958434,472600
20958671,472700
20958921,472800
20959165,472900
20959406,473000
20959639,473100
20959879,473200
20960143,473300
20960382,473400
20960618,473500
20960861,473600
20961093,473700
20961297,473800
20961496,473900
20961695,474000
20961914,474100
20962125,474200
20962343,474300
20962572,474400
20962774,474500
20963011,474600
20963241,474700
20963454,474800
20963666,474900
20964207,475000
20964387,475100
20964615,475200
20964839,475300
20965070,475400
20965272,475500
20965510,475600
20965735,475700
20965953,475800
20966209,475900
20966483,476000
20966697,476100
20966967,476200
20967210,476300
20967441,476400
20967681,476500
20967911,476600
20968097,476700
20968338,476800
20968573,476900
20968810,477000
20969034,477100
20969188,477200
20969533,477300
20969776,477400
20970374,477500
20970616,477600
20970857,477700
20971107,477800
20971358,477900
20971593,478000
20971845,478100
20972099,478200
20972339,478300
20972583,478400
20972847,478500
20973025,478600
20973281,478700
20973556,478800
20973784,478900
20974044,479000
20974302,479100
20974533,479200
20974761,479300
20974979,479400
20975217,479500
20975477,479600
20975718,479700
20975966,479800
20976542,479900
20976783,480000
20977019,480100
20977257,480200
20977517,480300
20977756,480400
20978002,480500
20978243,480600
20978477,480700
20978705,480800
20978951,480900
20979198,481000
20979427,481100
20979669,481200
20979902,481300
20980144,481400
20980393,481500
20980632,481600
20980892,481700
20981134,481800
20981373,481900
20981601,482000
20981834,482100
20982093,482200
20982703,482300
20982934,482400
20983192,482500
20983437,482600
20983688,482700
20983944,482800
20984196,482900
20984436,483000
20984684,483100
20984908,483200
20985099,483300
20985296,483400
20985516,483500
20985758,483600
20985959,483700
20986154,483800
20986399,483900
20986604,484000
20986858,484100
20987081,484200
20987284,484300
20987487,484400
20987674,484500
20987921,484600
20988926,484700
20989196,484800
20989414,484900
20989594,485000
20989799,485100
20989965,485200
20990234,485300
20990438,485400
20990695,485500
20990895,485600
20991050,485700
20991249,485800
20991487,485900
20991766,486000
20992024,486100
20992273,486200
20992479,486300
20992680,486400
20992882,486500
20993145,486600
20993321,486700
20993494,486800
20993721,486900
20993979,487000
20994244,487100
20994452,487200
20995035,487300
20995262,487400
20995493,487500
20995691,487600
20995891,487700
20996160,487800
20996431,487900
20996689,488000
20996895,488100
20997125,488200
20997340,488300
20997599,488400
20997850,488500
20998094,488600
20998299,488700
20998500,488800
20998688,488900
20998920,489000
20999160,489100
20999416,489200
20999673,489300
20999938,489400
21000188,489500
21000450,489600
21000990,489700
21001310,489800
21001583,489900
21001793,490000
21001994,490100
21002252,490200
21002506,490300
21002771,490400
21003006,490500
21003251,490600
21003504,490700
21003754,490800
21004030,490900
21004294,491000
21004511,491100
21004743,491200
21005000,491300
21005274,491400
21005556,491500
21005814,491600
21006068,491700
21006308,491800
21006489,491900
21006765,492000
21007346,492100
21007602,492200
21007864,492300
21008125,492400
21008393,492500
21008660,492600
21008932,492700
21009207,492800
21009486,492900
21009760,493000
21010031,493100
21010293,493200
21010653,493300
21010931,493400
21011204,493500
21011484,493600
21011768,493700
21012033,493800
21012312,493900
21012600,494000
21012901,494100
21013514,494200
21013784,494300
21014053,494400
21014329,494500
21014603,494600
21014878,494700
21015160,494800
21015442,494900
21015762,495000
21016045,495100
21016338,495200
21016598,495300
21016855,495400
21017128,495500
21017403,495600
21017682,495700
21017973,495800
21018252,495900
21018549,496000
21018833,496100
21019395,496200
21019739,496300
21020016,496400
21020300,496500
21020585,496600
21020874,496700
21021176,496800
21021468,496900
21021769,497000
21022046,497100
21022329,497200
21022612,497300
21022876,497400
21023179,497500
21023459,497600
21023753,497700
21024056,497800
21024357,497900
21024651,498000
21024921,498100
21025229,498200
21025868,498300
21026167,498400
21026481,498500
21028042,498600
21028515,498700
21028872,498800
21029204,498900
21029510,499000
21029808,499100
21030108,499200
21030393,499300
21030681,499400
21030977,499500
21031285,499600
21031973,499700
21032283,499800
21032577,499900
21032881,500000
21040531,500100
21040782,500200
21041022,500300
21041286,500400
21041544,500500
21041806,500600
21042078,500700
21042347,500800
21042645,500900
21042920,501000
21043197,501100
21043466,501200
21043751,501300
21044398,501400
21044684,501500
21044954,501600
21045210,501700
21045485,501800
21045785,501900
21046058,502000
21046345,502100
21046621,502200
21046901,502300
21047171,502400
21047443,502500
21047736,502600
21048057,502700
21048391,502800
21048658,502900
21048933,503000
21049198,503100
21049457,503200
21049722,503300
21049994,503400
21050605,503500
21050877,503600
21051157,503700
21051428,503800
21051722,503900
21052001,504000
21052267,504100
21052555,504200
21052824,504300
21053088,504400
21053347,504500
21053627,504600
21053905,504700
21054192,504800
21054461,504900
21054758,505000
21055061,505100
21055359,505200
21055680,505300
21055970,505400
21056604,505500
21056893,505600
21057197,505700
21057635,505800
21057923,505900
21058209,506000
21058527,506100
21058823,506200
21059125,506300
21059434,506400
21059722,506500
21060018,506600
21060303,506700
21060576,506800
21060853,506900
21061124,507000
21061429,507100
21061739,507200
21062037,507300
21062345,507400
21062927,507500
21063158,507600
21063444,507700
21063705,507800
21064061,507900
21064398,508000
21064753,508100
21065126,508200
21065525,508300
21065916,508400
21066295,508500
21066648,508600
21067072,508700
21067504,508800
21067909,508900
21068318,509000
21069044,509100
21069448,509200
21069847,509300
21070186,509400
21070562,509500
21071064,509600
21071451,509700
21071817,509800
21072170,509900
21072542,510000
21072894,510100
21073201,510200
21073501,510300
21073778,510400
21074081,510500
21074401,510600
21075045,510700
21075348,510800
21075550,510900
21075807,511000
21076129,511100
21076428,511200
21076723,511300
21077122,511400
21077421,511500
21077660,511600
21077937,511700
21078370,511800
21078791,511900
21079187,512000
21079601,512100
21079954,512200
21080344,512300
21080708,512400
21081426,512500
21081830,512600
21082651,512700
21083152,512800
21083519,512900
21083941,513000
21084335,513100
21084710,513200
21084961,513300
21085259,513400
21085468,513500
21085690,513600
21085923,513700
21086110,513800
21086291,513900
21086468,514000
21086630,514100
21086835,514200
21087401,514300
21087614,514400
21087800,514500
21088039,514600
21088256,514700
21088591,514800
21088798,514900
21088973,515000
21089134,515100
21089320,515200
21089550,515300
21089749,515400
21089952,515500
21090194,515600
21090372,515700
21090555,515800
21090753,515900
21090933,516000
21091083,516100
21091243,516200
21091415,516300
21091590,516400
21091815,516500
21092002,516600
21092192,516700
21092386,516800
21092588,516900
21092800,517000
21092959,517100
21093378,517200
21093600,517300
21093762,517400
21093962,517500
21094160,517600
21094309,517700
21094532,517800
21094753,517900
21094937,518000
21095159,518100
21095330,518200
21095523,518300
21095727,518400
21096016,518500
21096244,518600
21096466,518700
21096651,518800
21096835,518900
21097039,519000
21097211,519100
21097473,519200
21097687,519300
21097835,519400
21098013,519500
21098227,519600
21098469,519700
21098722,519800
21099011,519900
21099547,520000
21099844,520100
21100107,520200
21100363,520300
21100523,520400
21100733,520500
21100939,520600
21101130,520700
21101417,520800
21101659,520900
21101894,521000
21102172,521100
21102414,521200
21102655,521300
21102869,521400
21103070,521500
21103270,521600
21103535,521700
21103789,521800
21103999,521900
21104206,522000
21104410,522100
21104667,522200
21104946,522300
21105134,522400
21105287,522500
21105828,522600
21106124,522700
21106326,522800
21106552,522900
21106753,523000
21106929,523100
21107235,523200
21107462,523300
21107629,523400
21107807,523500
21107982,523600
21108199,523700
21108396,523800
21108605,523900
21108817,524000
21109019,524100
21109236,524200
21109383,524300
21109588,524400
21109762,524500
21109889,524600
21110040,524700
21110219,524800
21110448,524900
21110665,525000
21110866,525100
21111064,525200
21111266,525300
21111458,525400
21112059,525500
21112208,525600
21112393,525700
21112599,525800
21112916,525900
21113211,526000
21113421,526100
21113706,526200
21113977,526300
21114283,526400
21114582,526500
21114822,526600
21115013,526700
21115215,526800
21115424,526900
21115628,527000
21115856,527100
21116172,527200
21116388,527300
21116626,527400
21116841,527500
21117068,527600
21117402,527700
21117616,527800
21118057,527900
21118341,528000
21118557,528100
21118754,528200
21119082,528300
21119388,528400
21119610,528500
21119811,528600
21119991,528700
21120203,528800
21120375,528900
21120512,529000
21120684,529100
21120925,529200
21121225,529300
21121530,529400
21121817,529500
21122047,529600
21122282,529700
21122489,529800
21122756,529900
21122997,530000
21132858,530100
21133076,530200
21133369,530300
21133630,530400
21133840,530500
21134043,530600
21134233,530700
21134426,530800
21134577,530900
21134732,531000
21134898,531100
21135153,531200
21135423,531300
21135662,531400
21135955,531500
21136644,531600
21137027,531700
21137348,531800
21137727,531900
21137982,532000
21138165,532100
21138409,532200
21138624,532300
21138898,532400
21139194,532500
21139455,532600
21139655,532700
21139849,532800
21140060,532900
21140264,533000
21140387,533100
21140543,533200
21140736,533300
21140975,533400
21141224,533500
21141461,533600
21141701,533700
21141902,533800
21142138,533900
21142679,534000
21142930,534100
21143091,534200
21143256,534300
21143470,534400
21143695,534500
21143939,534600
21144179,534700
21144410,534800
21144635,534900
21144833,535000
21145035,535100
21145219,535200
21145375,535300
21145536,535400
21145777,535500
21146028,535600
21146272,535700
21146487,535800
21146684,535900
21146954,536000
21147160,536100
21147368,536200
21147544,536300
21147697,536400
21147881,536500
21148091,536600
21148316,536700
21148913,536800
21149101,536900
21149301,537000
21149525,537100
21149731,537200
21149922,537300
21150086,537400
21150236,537500
21150420,537600
21150655,537700
21150843,537800
21151051,537900
21151267,538000
21151431,538100
21151645,538200
21151865,538300
21152048,538400
21152221,538500
21152404,538600
21152578,538700
21152816,538800
21153038,538900
21153273,539000
21153505,539100
21153693,539200
21153913,539300
21154138,539400
21154322,539500
21154526,539600
21154990,539700
21155217,539800
21155475,539900
21155745,540000
21155988,540100
21156209,540200
21156488,540300
21156735,540400
21156912,540500
21157102,540600
21157281,540700
21157479,540800
21157731,540900
21157985,541000
21158174,541100
21158372,541200
21158606,541300
21158820,541400
21159055,541500
21159248,541600
21159418,541700
21159627,541800
21159854,541900
21160093,542000
21160300,542100
21160530,542200
21160794,542300
21161362,542400
21161579,542500
21161766,542600
21161938,542700
21162107,542800
21162432,542900
21162630,543000
21162851,543100
21163066,543200
21163285,543300
21163500,543400
21163740,543500
21163915,543600
21164107,543700
21164288,543800
21164467,543900
21164727,544000
21164987,544100
21165189,544200
21165431,544300
21165652,544400
21165849,544500
21166107,544600
21166318,544700
21166500,544800
21166730,544900
21167004,545000
21167580,545100
21167799,545200
21168036,545300
21168271,545400
21168523,545500
21168750,545600
21169005,545700
21169239,545800
21169492,545900
21169731,546000
21170004,546100
21170280,546200
21170524,546300
21170779,546400
21171038,546500
21171258,546600
21171455,546700
21171668,546800
21171903,546900
21172138,547000
21172410,547100
21172698,547200
21172976,547300
21173573,547400
21173864,547500
21174084,547600
21174301,547700
21174500,547800
21174775,547900
21175028,548000
21175242,548100
21175482,548200
21175701,548300
21175961,548400
21176239,548500
21176744,548600
21177007,548700
21177317,548800
21177568,548900
21177795,549000
21178084,549100
21178360,549200
21178642,549300
21178915,549400
21179161,549500
21179663,549600
21179968,549700
21180213,549800
21180474,549900
21180745,550000
21181004,550100
21181289,550200
21181577,550300
21181821,550400
21182049,550500
21182227,550600
21182477,550700
21182798,550800
21183136,550900
21183425,551000
21183700,551100
21183992,551200
21184228,551300
21184470,551400
21184733,551500
21185016,551600
21185282,551700
21185847,551800
21186247,551900
21186542,552000
21186830,552100
21187080,552200
21187329,552300
21187580,552400
21187868,552500
21188117,552600
21188380,552700
21188669,552800
21188958,552900
21189228,553000
21189470,553100
21189703,553200
21189952,553300
21190228,553400
21190513,553500
21190810,553600
21191091,553700
21191348,553800
21191645,553900
21192225,554000
21192482,554100
21192750,554200
21193019,554300
21193289,554400
21193563,554500
21193843,554600
21194124,554700
21194382,554800
21194591,554900
21194807,555000
21195000,555100
21195199,555200
21195420,555300
21195634,555400
21195851,555500
21196059,555600
21196275,555700
21196514,555800
21196725,555900
21196962,556000
21197177,556100
21197382,556200
21197573,556300
21197787,556400
21198328,556500
21198548,556600
21198749,556700
21198984,556800
21199218,556900
21199436,557000
21199984,557100
21200349,557200
21200638,557300
21200940,557400
21201235,557500
21201472,557600
21201733,557700
21201962,557800
21202164,557900
21202422,558000
21202662,558100
21202873,558200
21203104,558300
21203316,558400
21203535,558500
21203769,558600
21204051,558700
21204690,558800
21204950,558900
21205219,559000
21205482,559100
21205716,559200
21205881,559300
21206099,559400
21206332,559500
21206564,559600
21206818,559700
21207078,559800
21207311,559900
21207537,560000
21217916,560100
21218106,560200
21218276,560300
21218467,560400
21218677,560500
21218907,560600
21219113,560700
21219327,560800
21219558,560900
21219780,561000
21219987,561100
21220179,561200
21220387,561300
21220583,561400
21220769,561500
21220995,561600
21221219,561700
21221434,561800
21221695,561900
21221898,562000
21222090,562100
21222319,562200
21222516,562300
21223078,562400
21223256,562500
21223448,562600
21223788,562700
21224081,562800
21224344,562900
21224542,563000
21224780,563100
21225007,563200
21225245,563300
21225419,563400
21225616,563500
21225836,563600
21226082,563700
21226337,563800
21226598,563900
21226851,564000
21227127,564100
21227359,564200
21227546,564300
21227767,564400
21227976,564500
21228188,564600
21228451,564700
21228692,564800
21229282,564900
21229491,565000
21229739,565100
21229943,565200
21230207,565300
21230430,565400
21230623,565500
21230824,565600
21231102,565700
21231344,565800
21231606,565900
21231854,566000
21232104,566100
21232336,566200
21232563,566300
21232780,566400
21232954,566500
21233211,566600
21233471,566700
21233706,566800
21234007,566900
21234305,567000
21234539,567100
21234754,567200
21234982,567300
21235595,567400
21235746,567500
21235967,567600
21236200,567700
21236396,567800
21236644,567900
21236869,568000
21237112,568100
21237350,568200
21237562,568300
21237793,568400
21238003,568500
21238163,568600
21238392,568700
21238658,568800
21238901,568900
21239169,569000
21239462,569100
21239717,569200
21239972,569300
21240242,569400
21240491,569500
21240745,569600
21240994,569700
21241642,569800
21241910,569900
21242194,570000
21242485,570100
21242744,570200
21243033,570300
21243322,570400
21243558,570500
21243809,570600
21244054,570700
21244328,570800
21244613,570900
21244886,571000
21245161,571100
21245406,571200
21245670,571300
21245929,571400
21246167,571500
21246390,571600
21246654,571700
21246920,571800
21247165,571900
21247827,572000
21248104,572100
21248356,572200
21248608,572300
21248873,572400
21249113,572500
21249406,572600
21249634,572700
21249872,572800
21250145,572900
21250430,573000
21250704,573100
21250954,573200
21251219,573300
21251513,573400
21251753,573500
21251982,573600
21252314,573700
21252723,573800
21253042,573900
21253419,574000
21254087,574100
21254330,574200
21254570,574300
21254963,574400
21255289,574500
21255564,574600
21255838,574700
21256101,574800
21256372,574900
21256653,575000
21256939,575100
21257228,575200
21257515,575300
21257795,575400
21258095,575500
21258402,575600
21258697,575700
21259004,575800
21259299,575900
21259620,576000
21260317,576100
21260612,576200
21260914,576300
21261222,576400
21261516,576500
21261818,576600
21262122,576700
21262392,576800
21262653,576900
21262952,577000
21263235,577100
21263535,577200
21263807,577300
21264085,577400
21264382,577500
21264666,577600
21264941,577700
21265206,577800
21265451,577900
21265739,578000
21266441,578100
21266742,578200
21267063,578300
21267339,578400
21267604,578500
21267897,578600
21268218,578700
21268523,578800
21268836,578900
21269122,579000
21269423,579100
21269726,579200
21270029,579300
21270312,579400
21270592,579500
21270876,579600
21271160,579700
21271441,579800
21271678,579900
21271914,580000
21272445,580100
21272825,580200
21273125,580300
21273426,580400
21273737,580500
21274050,580600
21274343,580700
21274713,580800
21275016,580900
21275302,581000
21275611,581100
21275929,581200
21276231,581300
21276538,581400
21276815,581500
21277097,581600
21277422,581700
21277750,581800
21278162,581900
21278874,582000
21279163,582100
21279461,582200
21279787,582300
21280099,582400
21280445,582500
21280812,582600
21281148,582700
21281486,582800
21281808,582900
21282142,583000
21282407,583100
21282661,583200
21282947,583300
21283269,583400
21283569,583500
21283883,583600
21284186,583700
21284478,583800
21285147,583900
21285429,584000
21285694,584100
21285900,584200
21286115,584300
21286360,584400
21286611,584500
21286923,584600
21287215,584700
21287536,584800
21287852,584900
21288170,585000
21288481,585100
21288781,585200
21289046,585300
21289279,585400
21289529,585500
21289837,585600
21290116,585700
21290389,585800
21291324,585900
21291768,586000
21292103,586100
21292463,586200
21292706,586300
21292919,586400
21293159,586500
21293454,586600
21293772,586700
21294029,586800
21294343,586900
21294639,587000
21294895,587100
21295542,587200
21295857,587300
21296088,587400
21296314,587500
21296526,587600
21296817,587700
21297499,587800
21297771,587900
21298023,588000
21298306,588100
21298601,588200
21298893,588300
21299132,588400
21299349,588500
21299856,588600
21300266,588700
21300796,588800
21301205,588900
21301565,589000
21301952,589100
21302319,589200
21302659,589300
21303007,589400
21303683,589500
21303887,589600
21304140,589700
21304397,589800
21304771,589900
21305130,590000
21314400,590100
21314628,590200
21314868,590300
21315086,590400
21315315,590500
21315826,590600
21316132,590700
21316316,590800
21316566,590900
21316819,591000
21317083,591100
21317371,591200
21317638,591300
21317891,591400
21318128,591500
21318379,591600
21318568,591700
21318777,591800
21319064,591900
21319334,592000
21319562,592100
21319822,592200
21320031,592300
21320260,592400
21320508,592500
21320716,592600
21320887,592700
21321104,592800
21321337,592900
21321631,593000
21322255,593100
21322525,593200
21322797,593300
21323041,593400
21323307,593500
21323621,593600
21323848,593700
21324017,593800
21324197,593900
21324401,594000
21324698,594100
21324946,594200
21325183,594300
21325463,594400
21325674,594500
21325923,594600
21326159,594700
21326402,594800
21326622,594900
21326881,595000
21327045,595100
21327349,595200
21327619,595300
21327899,595400
21328548,595500
21328777,595600
21329047,595700
21329282,595800
21329505,595900
21329727,596000
21329919,596100
21330152,596200
21330457,596300
21330743,596400
21331015,596500
21331285,596600
21331504,596700
21331751,596800
21332052,596900
21332264,597000
21332473,597100
21332750,597200
21333031,597300
21333370,597400
21333625,597500
21333879,597600
21334394,597700
21334729,597800
21335011,597900
21335202,598000
21335419,598100
21335637,598200
21335859,598300
21336117,598400
21336372,598500
21336596,598600
21336888,598700
21337136,598800
21337347,598900
21337602,599000
21337843,599100
21338016,599200
21338256,599300
21338538,599400
21338762,599500
21339033,599600
21339288,599700
21339564,599800
21339768,599900
21340024,600000
21340262,600100
21340827,600200
21341029,600300
21341279,600400
21341484,600500
21341754,600600
21341964,600700
21342231,600800
21342523,600900
21342814,601000
21343161,601100
21343472,601200
21343758,601300
21344064,601400
21344368,601500
21344681,601600
21344966,601700
21345225,601800
21345562,601900
21345863,602000
21346110,602100
21346375,602200
21347006,602300
21347328,602400
21347605,602500
21347941,602600
21348267,602700
21348581,602800
21348846,602900
21349126,603000
21349394,603100
21349610,603200
21349842,603300
21350106,603400
21350352,603500
21350663,603600
21350896,603700
21351154,603800
21351444,603900
21351787,604000
21352154,604100
21352567,604200
21353206,604300
21353473,604400
21353945,604500
21354201,604600
21354585,604700
21354873,604800
21355195,604900
21355477,605000
21355699,605100
21355905,605200
21356164,605300
21356440,605400
21356748,605500
21357050,605600
21357292,605700
21357554,605800
21357775,605900
21358086,606000
21358378,606100
21358589,606200
21358844,606300
21359508,606400
21359744,606500
21359981,606600
21360243,606700
21360495,606800
21360745,606900
21361057,607000
21361274,607100
21361480,607200
21361718,607300
21361988,607400
21362302,607500
21362636,607600
21362969,607700
21363248,607800
21363505,607900
21363783,608000
21363982,608100
21364232,608200
21364542,608300
21364801,608400
21365398,608500
21365793,608600
21366079,608700
21366315,608800
21366579,608900
21366821,609000
21367021,609100
21367228,609200
21367380,609300
21367621,609400
21367885,609500
21368183,609600
21368397,609700
21368647,609800
21368862,609900
21369120,610000
21369385,610100
21369593,610200
21369786,610300
21370030,610400
21370335,610500
21370619,610600
21370869,610700
21371046,610800
21371248,610900
21371886,611000
21372097,611100
21372363,611200
21372583,611300
21372796,611400
21373012,611500
21373290,611600
21373583,611700
21373855,611800
21374112,611900
21374421,612000
21374727,612100
21374983,612200
21375255,612300
21375485,612400
21375676,612500
21375925,612600
21376179,612700
21376510,612800
21376830,612900
21377108,613000
21377837,613100
21378148,613200
21378415,613300
21378695,613400
21378973,613500
21379205,613600
21379458,613700
21379730,613800
21379985,613900
21380300,614000
21380596,614100
21380880,614200
21381155,614300
21381453,614400
21381661,614500
21381880,614600
21382123,614700
21382394,614800
21382733,614900
21383048,615000
21383343,615100
21383576,615200
21384280,615300
21384551,615400
21384786,615500
21385125,615600
21385375,615700
21385658,615800
21385999,615900
21386321,616000
21386588,616100
21386900,616200
21387251,616300
21387598,616400
21387918,616500
21388205,616600
21388497,616700
21388783,616800
21389122,616900
21389465,617000
21389775,617100
21390507,617200
21390821,617300
21391095,617400
21391389,617500
21391662,617600
21391930,617700
21392205,617800
21392450,617900
21392760,618000
21393068,618100
21393398,618200
21393743,618300
21394019,618400
21394892,618500
21395388,618600
21395753,618700
21396421,618800
21396800,618900
21397136,619000
21398019,619100
21398573,619200
21399028,619300
21399376,619400
21399677,619500
21400038,619600
21400294,619700
21400575,619800
21400946,619900
21401279,620000
21413046,620100
21413317,620200
21413515,620300
21413785,620400
21414013,620500
21414244,620600
21414465,620700
21414963,620800
21415279,620900
21415545,621000
21415823,621100
21416095,621200
21416409,621300
21416732,621400
21417082,621500
21417405,621600
21417693,621700
21417988,621800
21418289,621900
21418579,622000
21418871,622100
21419172,622200
21419484,622300
21419770,622400
21420026,622500
21420274,622600
21420556,622700
21421280,622800
21421561,622900
21421853,623000
21422199,623100
21422461,623200
21422686,623300
21422953,623400
21423147,623500
21423384,623600
21423675,623700
21423954,623800
21424223,623900
21424554,624000
21424831,624100
21425129,624200
21425456,624300
21425696,624400
21425923,624500
21426122,624600
21426403,624700
21426726,624800
21427326,624900
21427691,625000
21427939,625100
21428237,625200
21428468,625300
21428701,625400
21428938,625500
21429136,625600
21429388,625700
21429686,625800
21429920,625900
21430206,626000
21430519,626100
21430821,626200
21431086,626300
21431447,626400
21431784,626500
21432143,626600
21432378,626700
21432628,626800
21432918,626900
21433209,627000
21433852,627100
21434118,627200
21434452,627300
21434796,627400
21435108,627500
21435449,627600
21435784,627700
21436062,627800
21436359,627900
21436682,628000
21436991,628100
21437317,628200
21437686,628300
21438024,628400
21438373,628500
21438735,628600
21439084,628700
21439393,628800
21440027,628900
21440345,629000
21440679,629100
21440994,629200
21441343,629300
21441710,629400
21442092,629500
21442442,629600
21442797,629700
21443135,629800
21443473,629900
21443826,630000
21444174,630100
21444526,630200
21444872,630300
21445279,630400
21445946,630500
21446361,630600
21446708,630700
21447242,630800
21447660,630900
21448042,631000
21448402,631100
21448735,631200
21449098,631300
21449432,631400
21449790,631500
21450154,631600
21450497,631700
21450838,631800
21451169,631900
21451726,632000
21452463,632100
21452802,632200
21453147,632300
21453473,632400
21453744,632500
21454071,632600
21454423,632700
21454767,632800
21455112,632900
21455423,633000
21455749,633100
21455994,633200
21456290,633300
21456492,633400
21456763,633500
21456994,633600
21457270,633700
21457614,633800
21457928,633900
21458579,634000
21458903,634100
21459239,634200
21459566,634300
21459858,634400
21460147,634500
21460426,634600
21460643,634700
21461013,634800
21461328,634900
21461662,635000
21462004,635100
21462349,635200
21462682,635300
21463022,635400
21463357,635500
21463623,635600
21463889,635700
21464169,635800
21464861,635900
21465214,636000
21465564,636100
21465908,636200
21466249,636300
21466593,636400
21466876,636500
21467146,636600
21467383,636700
21467686,636800
21468010,636900
21468373,637000
21468713,637100
21469046,637200
21469332,637300
21469658,637400
21469936,637500
21470260,637600
21470848,637700
21471142,637800
21471472,637900
21471795,638000
21472100,638100
21472421,638200
21472747,638300
21473091,638400
21473435,638500
21473742,638600
21474071,638700
21474355,638800
21474634,638900
21474899,639000
21475186,639100
21475527,639200
21475851,639300
21476165,639400
21476505,639500
21477191,639600
21477518,639700
21477833,639800
21478161,639900
21478508,640000
21491753,640100
21492071,640200
21492390,640300
21492709,640400
21493019,640500
21493363,640600
21493676,640700
21493991,640800
21494311,640900
21494656,641000
21495032,641100
21495774,641200
21496109,641300
21496444,641400
21496764,641500
21497120,641600
21497450,641700
21497780,641800
21498137,641900
21498484,642000
21498808,642100
21499163,642200
21499540,642300
21499886,642400
21500212,642500
21500563,642600
21500892,642700
21501233,642800
21501972,642900
21502307,643000
21502647,643100
21502987,643200
21503300,643300
21503616,643400
21503919,643500
21504241,643600
21504545,643700
21504851,643800
21505175,643900
21505472,644000
21505776,644100
21506109,644200
21506441,644300
21506777,644400
21507154,644500
21507496,644600
21508205,644700
21508612,644800
21508939,644900
21509247,645000
21509533,645100
21509844,645200
21510184,645300
21510517,645400
21510851,645500
21511170,645600
21511524,645700
21511837,645800
21512150,645900
21512479,646000
21512791,646100
21513117,646200
21513482,646300
21513827,646400
21514511,646500
21514850,646600
21515182,646700
21515516,646800
21515836,646900
21516167,647000
21516508,647100
21516834,647200
21517128,647300
21517470,647400
21517777,647500
21518108,647600
21518437,647700
21518769,647800
21519067,647900
21519359,648000
21519583,648100
21519852,648200
21520541,648300
21520847,648400
21521186,648500
21521526,648600
21521838,648700
21522167,648800
21522465,648900
21522798,649000
21523123,649100
21523412,649200
21523870,649300
21524283,649400
21524651,649500
21524984,649600
21525309,649700
21525624,649800
21525951,649900
21526602,650000
21527234,650100
21527588,650200
21527911,650300
21528264,650400
21528622,650500
21528961,650600
21529297,650700
21529639,650800
21529980,650900
21530315,651000
21530649,651100
21530998,651200
21531296,651300
21531599,651400
21531949,651500
21532296,651600
21533015,651700
21533322,651800
21533654,651900
21533994,652000
21534402,652100
21534723,652200
21535047,652300
21535351,652400
21535704,652500
21536045,652600
21536349,652700
21536700,652800
21537024,652900
21537335,653000
21537667,653100
21537937,653200
21538215,653300
21538572,653400
21539300,653500
21539628,653600
21539993,653700
21540385,653800
21540758,653900
21541104,654000
21541472,654100
21541848,654200
21542221,654300
21542588,654400
21542953,654500
21543311,654600
21543670,654700
21544028,654800
21544385,654900
21544757,655000
21545516,655100
21545877,655200
21546325,655300
21546725,655400
21547111,655500
21547506,655600
21547911,655700
21548303,655800
21548709,655900
21549103,656000
21549487,656100
21549861,656200
21550203,656300
21550591,656400
21550946,656500
21551670,656600
21552047,656700
21552406,656800
21552745,656900
21553077,657000
21553441,657100
21553793,657200
21554170,657300
21554562,657400
21554976,657500
21555362,657600
21555754,657700
21556138,657800
21556525,657900
21556862,658000
21557185,658100
21557867,658200
21558199,658300
21558585,658400
21558970,658500
21559348,658600
21559731,658700
21560128,658800
21560524,658900
21560891,659000
21561258,659100
21561585,659200
21561946,659300
21562702,659400
21564116,659500
21564683,659600
21565131,659700
21565552,659800
21565968,659900
21566377,660000
21588855,660100
21589211,660200
21589562,660300
21589859,660400
21590192,660500
21590554,660600
21590881,660700
21591192,660800
21591530,660900
21591878,661000
21592248,661100
21592538,661200
21592839,661300
21593183,661400
21593509,661500
21593844,661600
21594253,661700
21595017,661800
21595385,661900
21595776,662000
21596127,662100
21596535,662200
21596969,662300
21597311,662400
21597673,662500
21598012,662600
21598355,662700
21598718,662800
21599073,662900
21599438,663000
21599809,663100
21600220,663200
21600648,663300
21601366,663400
21601741,663500
21602113,663600
21602503,663700
21602884,663800
21603238,663900
21603609,664000
21603986,664100
21604405,664200
21604828,664300
21605253,664400
21605695,664500
21606187,664600
21606550,664700
21607281,664800
21607683,664900
21608062,665000
21608487,665100
21608913,665200
21609287,665300
21609673,665400
21610088,665500
21610502,665600
21610892,665700
21611269,665800
21611665,665900
21612041,666000
21612410,666100
21612758,666200
21613469,666300
21613899,666400
21614280,666500
21614669,666600
21615034,666700
21615389,666800
21615759,666900
21616126,667000
21616497,667100
21616829,667200
21617215,667300
21617590,667400
21617952,667500
21618316,667600
21618670,667700
21619005,667800
21619699,667900
21620101,668000
21620446,668100
21620816,668200
21621182,668300
21621535,668400
21621895,668500
21622253,668600
21622613,668700
21622985,668800
21623343,668900
21623704,669000
21624061,669100
21624776,669200
21625343,669300
21626116,669400
21626507,669500
21626884,669600
21627253,669700
21627648,669800
21628029,669900
21628410,670000
21628779,670100
21629142,670200
21629500,670300
21629876,670400
21630262,670500
21630646,670600
21631032,670700
21631409,670800
21632044,670900
21632530,671000
21632902,671100
21633263,671200
21633627,671300
21634030,671400
21634410,671500
21634771,671600
21635186,671700
21635565,671800
21635940,671900
21636313,672000
21636685,672100
21637043,672200
21637400,672300
21637780,672400
21638552,672500
21638934,672600
21639324,672700
21639690,672800
21640041,672900
21640439,673000
21640798,673100
21641167,673200
21641531,673300
21641918,673400
21642321,673500
21642690,673600
21643119,673700
21643495,673800
21643890,673900
21644689,674000
21645085,674100
21645458,674200
21645835,674300
21646192,674400
21646595,674500
21647013,674600
21647419,674700
21647798,674800
21648157,674900
21648524,675000
21648892,675100
21649233,675200
21649594,675300
21649948,675400
21650330,675500
21651106,675600
21651555,675700
21651932,675800
21652327,675900
21652710,676000
21653116,676100
21653481,676200
21653864,676300
21654234,676400
21654608,676500
21655013,676600
21655443,676700
21655819,676800
21656203,676900
21656881,677000
21657357,677100
21657971,677200
21658507,677300
21658976,677400
21659402,677500
21659826,677600
21660257,677700
21660674,677800
21661102,677900
21661505,678000
21661904,678100
21662288,678200
21662701,678300
21664051,678400
21664705,678500
21665149,678600
21665578,678700
21666030,678800
21666468,678900
21666879,679000
21667307,679100
21667720,679200
21668535,679300
21669266,679400
21669779,679500
21670201,679600
21670619,679700
21671039,679800
21671446,679900
21671847,680000
21684661,680100
21684976,680200
21685339,680300
21685697,680400
21686058,680500
21686428,680600
21686790,680700
21687142,680800
21687507,680900
21688242,681000
21688603,681100
21688948,681200
21689301,681300
21689657,681400
21690036,681500
21690426,681600
21690815,681700
21691219,681800
21691617,681900
21692064,682000
21692465,682100
21692824,682200
21693189,682300
21693591,682400
21694309,682500
21694757,682600
21695133,682700
21695527,682800
21695942,682900
21696306,683000
21696684,683100
21697067,683200
21697430,683300
21697818,683400
21698202,683500
21698604,683600
21698961,683700
21699350,683800
21699742,683900
21700517,684000
21700874,684100
21701273,684200
21701738,684300
21702097,684400
21702464,684500
21702823,684600
21703194,684700
21703573,684800
21703950,684900
21704314,685000
21704680,685100
21705040,685200
21705387,685300
21705751,685400
21706165,685500
21706966,685600
21707331,685700
21707694,685800
21708068,685900
21708446,686000
21708790,686100
21709167,686200
21709521,686300
21709833,686400
21710100,686500
21710398,686600
21710740,686700
21711086,686800
21711473,686900
21711831,687000
21712220,687100
21712951,687200
21713289,687300
21713644,687400
21713978,687500
21714336,687600
21714694,687700
21715077,687800
21715445,687900
21715803,688000
21716117,688100
21716492,688200
21716876,688300
21717271,688400
21717682,688500
21718065,688600
21718439,688700
21719170,688800
21719680,688900
21720066,689000
21720449,689100
21721106,689200
21721546,689300
21721959,689400
21722346,689500
21722736,689600
21723142,689700
21723515,689800
21723878,689900
21724191,690000
21724559,690100
21725142,690200
21725511,690300
21725791,690400
21726030,690500
21726341,690600
21726674,690700
21727023,690800
21727372,690900
21727631,691000
21727912,691100
21728284,691200
21728546,691300
21728831,691400
21729089,691500
21729288,691600
21729595,691700
21729880,691800
21730262,691900
21730589,692000
21731093,692100
21731761,692200
21732091,692300
21732381,692400
21732683,692500
21732904,692600
21733179,692700
21733567,692800
21733883,692900
21734184,693000
21734482,693100
21734784,693200
21735092,693300
21735338,693400
21735634,693500
21735906,693600
21736099,693700
21736389,693800
21736745,693900
21737004,694000
21737610,694100
21738030,694200
21738325,694300
21738641,694400
21738918,694500
21739221,694600
21739487,694700
21739763,694800
21740002,694900
21740343,695000
21740673,695100
21740976,695200
21741315,695300
21741663,695400
21741996,695500
21742353,695600
21742637,695700
21742888,695800
21743094,695900
21743429,696000
21744185,696100
21744679,696200
21745068,696300
21745423,696400
21745799,696500
21746690,696600
21747186,696700
21747640,696800
21747935,696900
21748194,697000
21748521,697100
21748861,697200
21749160,697300
21749493,697400
21750132,697500
21750528,697600
21750846,697700
21751144,697800
21751522,697900
21751795,698000
21752065,698100
21752372,698200
21752718,698300
21753042,698400
21753441,698500
21753825,698600
21754208,698700
21754586,698800
21754965,698900
21755221,699000
21755500,699100
21755792,699200
21756450,699300
21756811,699400
21757112,699500
21757463,699600
21757864,699700
21758196,699800
21758534,699900
21758914,700000
21773826,700100
21774066,700200
21774338,700300
21775036,700400
21775259,700500
21775607,700600
21775943,700700
21776292,700800
21776658,700900
21776985,701000
21777228,701100
21777490,701200
21777700,701300
21777991,701400
21778371,701500
21778674,701600
21779000,701700
21779284,701800
21779572,701900
21779884,702000
21780153,702100
21780418,702200
21780687,702300
21781300,702400
21781608,702500
21781882,702600
21782209,702700
21782553,702800
21782941,702900
21783195,703000
21783594,703100
21783837,703200
21784103,703300
21784362,703400
21784730,703500
21785049,703600
21785357,703700
21785694,703800
21786097,703900
21786540,704000
21786955,704100
21787673,704200
21787990,704300
21788221,704400
21788533,704500
21788945,704600
21789296,704700
21789648,704800
21789966,704900
21790309,705000
21790707,705100
21791107,705200
21791494,705300
21791787,705400
21792102,705500
21792537,705600
21792936,705700
21793606,705800
21794020,705900
21794433,706000
21794819,706100
21795149,706200
21795435,706300
21795759,706400
21796021,706500
21796270,706600
21796616,706700
21796908,706800
21797263,706900
21797600,707000
21797885,707100
21798214,707200
21798516,707300
21798801,707400
21799121,707500
21799447,707600
21800164,707700
21800581,707800
21800919,707900
21801239,708000
21801598,708100
21801937,708200
21802284,708300
21802655,708400
21802908,708500
21803167,708600
21803467,708700
21803808,708800
21804224,708900
21804690,709000
21805060,709100
21805385,709200
21806106,709300
21806469,709400
21806788,709500
21807093,709600
21807339,709700
21807622,709800
21808005,709900
21808344,710000
21808731,710100
21809100,710200
21809465,710300
21809792,710400
21810183,710500
21810464,710600
21810718,710700
21811047,710800
21811419,710900
21811735,711000
21812607,711100
21812977,711200
21813299,711300
21813683,711400
21813992,711500
21814283,711600
21814557,711700
21814863,711800
21815240,711900
21815601,712000
21815987,712100
21816384,712200
21816807,712300
21817124,712400
21817433,712500
21817731,712600
21818558,712700
21818950,712800
21819257,712900
21819576,713000
21819936,713100
21820320,713200
21820680,713300
21821068,713400
21821369,713500
21821708,713600
21821978,713700
21822229,713800
21822533,713900
21823044,714000
21823425,714100
21823865,714200
21824293,714300
21825061,714400
21825441,714500
21826136,714600
21826806,714700
21827128,714800
21827493,714900
21827923,715000
21828312,715100
21828682,715200
21829070,715300
21829440,715400
21829841,715500
21830260,715600
21830953,715700
21831379,715800
21831747,715900
21832142,716000
21832722,716100
21833200,716200
21833613,716300
21834067,716400
21834536,716500
21834941,716600
21835148,716700
21835409,716800
21835663,716900
21835969,717000
21836468,717100
21836821,717200
21837529,717300
21837930,717400
21838310,717500
21838646,717600
21838993,717700
21839318,717800
21839582,717900
21839881,718000
21840300,718100
21840641,718200
21840957,718300
21841317,718400
21841594,718500
21841879,718600
21842223,718700
21842483,718800
21842755,718900
21843009,719000
21843647,719100
21843976,719200
21844319,719300
21844629,719400
21844925,719500
21845193,719600
21845573,719700
21845959,719800
21846405,719900
21846771,720000
21863432,720100
21863744,720200
21864061,720300
21864363,720400
21864661,720500
21865003,720600
21865348,720700
21865671,720800
21865974,720900
21866237,721000
21866576,721100
21866981,721200
21867379,721300
21867765,721400
21868476,721500
21868779,721600
21869122,721700
21869458,721800
21869858,721900
21870241,722000
21870497,722100
21870800,722200
21871160,722300
21871514,722400
21871937,722500
21872504,722600
21872949,722700
21873410,722800
21873854,722900
21874613,723000
21874845,723100
21875116,723200
21875369,723300
21875668,723400
21876028,723500
21876325,723600
21876639,723700
21876921,723800
21877279,723900
21877612,724000
21877882,724100
21878143,724200
21878448,724300
21878813,724400
21879106,724500
21879360,724600
21879686,724700
21880065,724800
21880717,724900
21881136,725000
21881451,725100
21881724,725200
21882024,725300
21882382,725400
21882806,725500
21883344,725600
21883723,725700
21884065,725800
21884417,725900
21884741,726000
21885075,726100
21885368,726200
21885684,726300
21886047,726400
21886357,726500
21887036,726600
21887448,726700
21887775,726800
21888100,726900
21888370,727000
21888622,727100
21889072,727200
21889338,727300
21889726,727400
21890087,727500
21890399,727600
21890733,727700
21891094,727800
21891442,727900
21891803,728000
21892084,728100
21892313,728200
21892592,728300
21893203,728400
21893569,728500
21893958,728600
21894282,728700
21894576,728800
21894960,728900
21895319,729000
21895562,729100
21895871,729200
21896176,729300
21896542,729400
21896901,729500
21897257,729600
21897611,729700
21897971,729800
21898383,729900
21898747,730000
21899146,730100
21899845,730200
21900174,730300
21900457,730400
21900849,730500
21901198,730600
21901510,730700
21901836,730800
21902206,730900
21902537,731000
21902849,731100
21903112,731200
21903370,731300
21903696,731400
21904049,731500
21904407,731600
21904725,731700
21905080,731800
21905764,731900
21906072,732000
21906576,732100
21907163,732200
21907472,732300
21907749,732400
21908158,732500
21908545,732600
21908871,732700
21909224,732800
21909536,732900
21909852,733000
21910219,733100
21910460,733200
21910731,733300
21911001,733400
21911357,733500
21912117,733600
21912490,733700
21912784,733800
21913135,733900
21913513,734000
21914081,734100
21914840,734200
21915271,734300
21915547,734400
21915852,734500
21916198,734600
21916570,734700
21916954,734800
21917275,734900
21917747,735000
21918598,735100
21919032,735200
21919375,735300
21919737,735400
21920036,735500
21920373,735600
21920887,735700
21921261,735800
21921591,735900
21922121,736000
21922671,736100
21923266,736200
21923777,736300
21924632,736400
21925105,736500
21925566,736600
21926016,736700
21926458,736800
21926833,736900
21927219,737000
21927618,737100
21928056,737200
21928414,737300
21928722,737400
21929087,737500
21929414,737600
21929763,737700
21930165,737800
21930903,737900
21931215,738000
21931598,738100
21931977,738200
21932236,738300
21932540,738400
21932862,738500
21933234,738600
21933620,738700
21934025,738800
21934394,738900
21934781,739000
21935155,739100
21935542,739200
21935841,739300
21936088,739400
21936396,739500
21937278,739600
21937578,739700
21937944,739800
21938206,739900
21938523,740000
21956651,740100
21956904,740200
21957225,740300
21957531,740400
21957805,740500
21958180,740600
21958639,740700
21959035,740800
21959370,740900
21959714,741000
21960069,741100
21960433,741200
21960778,741300
21961091,741400
21961385,741500
21962059,741600
21962356,741700
21962680,741800
21963004,741900
21963289,742000
21963584,742100
21963932,742200
21964184,742300
21964532,742400
21964903,742500
21965295,742600
21965587,742700
21965912,742800
21966232,742900
21966517,743000
21966834,743100
21967249,743200
21967571,743300
21968194,743400
21968502,743500
21968769,743600
21969075,743700
21969449,743800
21969784,743900
21970096,744000
21970412,744100
21970740,744200
21971026,744300
21971242,744400
21971522,744500
21971818,744600
21972135,744700
21972480,744800
21972844,744900
21973222,745000
21973553,745100
21973845,745200
21974461,745300
21974781,745400
21975093,745500
21975469,745600
21975835,745700
21976222,745800
21976559,745900
21976867,746000
21977232,746100
21977480,746200
21977710,746300
21978056,746400
21978383,746500
21978675,746600
21979047,746700
21979373,746800
21979735,746900
21980132,747000
21980806,747100
21981110,747200
21981426,747300
21981708,747400
21982023,747500
21982345,747600
21982663,747700
21982995,747800
21983405,747900
21983827,748000
21984081,748100
21984408,748200
21984671,748300
21984880,748400
21985150,748500
21985484,748600
21985794,748700
21986190,748800
21986912,748900
21987316,749000
21987621,749100
21987998,749200
21988262,749300
21988588,749400
21988894,749500
21989203,749600
21989522,749700
21989937,749800
21990295,749900
21990646,750000
21990942,750100
21991322,750200
21991583,750300
21991888,750400
21992164,750500
21992434,750600
21992749,750700
21993430,750800
21993720,750900
21994060,751000
21994357,751100
21994589,751200
21994920,751300
21995224,751400
21995460,751500
21995773,751600
21996060,751700
21996389,751800
21996732,751900
21997021,752000
21997408,752100
21997741,752200
21998113,752300
21998911,752400
21999664,752500
21999925,752600
22000216,752700
22000612,752800
22000975,752900
22001381,753000
22001763,753100
22002127,753200
22002489,753300
22002861,753400
22003141,753500
22003390,753600
22003673,753700
22004007,753800
22004375,753900
22004794,754000
22005210,754100
22005920,754200
22006297,754300
22006650,754400
22006943,754500
22007206,754600
22007493,754700
22008437,754800
22008963,754900
22009351,755000
22009679,755100
22010083,755200
22010499,755300
22010889,755400
22011203,755500
22011780,755600
22012202,755700
22012544,755800
22012966,755900
22013398,756000
22013717,756100
22014053,756200
22014452,756300
22014786,756400
22015089,756500
22015404,756600
22015682,756700
22016006,756800
22016464,756900
22016975,757000
22017430,757100
22017704,757200
22018426,757300
22018796,757400
22019166,757500
22019506,757600
22019783,757700
22020051,757800
22020313,757900
22020610,758000
22020958,758100
22021265,758200
22021641,758300
22022026,758400
22022656,758500
22023299,758600
22023879,758700
22024610,758800
22024914,758900
22025260,759000
22025597,759100
22025996,759200
22026552,759300
22027075,759400
22027454,759500
22027820,759600
22028169,759700
22028515,759800
22028869,759900
22029132,760000
22044607,760100
22044952,760200
22045315,760300
22045699,760400
22046029,760500
22046402,760600
22046686,760700
22046977,760800
22047294,760900
22047595,761000
22047874,761100
22048201,761200
22048535,761300
22049180,761400
22049573,761500
22049864,761600
22050196,761700
22050650,761800
22050932,761900
22051230,762000
22051516,762100
22051911,762200
22052224,762300
22052548,762400
22053029,762500
22053358,762600
22053730,762700
22054041,762800
22054332,762900
22054700,763000
22055047,763100
22055831,763200
22056302,763300
22056765,763400
22057244,763500
22057694,763600
22058150,763700
22058622,763800
22059006,763900
22059419,764000
22059774,764100
22060160,764200
22060531,764300
22060939,764400
22061852,764500
22062360,764600
22062777,764700
22063234,764800
22063564,764900
22063969,765000
22064315,765100
22064765,765200
22065121,765300
22065534,765400
22065869,765500
22066241,765600
22066636,765700
22066990,765800
22067290,765900
22068071,766000
22068410,766100
22068765,766200
22069040,766300
22069320,766400
22069598,766500
22069881,766600
22070340,766700
22070893,766800
22071186,766900
22071486,767000
22071808,767100
22072126,767200
22072438,767300
22072751,767400
22073188,767500
22073528,767600
22074129,767700
22074568,767800
22074885,767900
22075196,768000
22075578,768100
22075938,768200
22076308,768300
22076630,768400
22076974,768500
22077276,768600
22077667,768700
22078077,768800
22078329,768900
22078598,769000
22078940,769100
22079314,769200
22079663,769300
22080019,769400
22080729,769500
22081110,769600
22081396,769700
22081729,769800
22081964,769900
22082241,770000
22082582,770100
22082866,770200
22083207,770300
22083878,770400
22084311,770500
22084733,770600
22085021,770700
22085267,770800
22085585,770900
22085810,771000
22086108,771100
22086986,771200
22087511,771300
22087843,771400
22088326,771500
22088740,771600
22089107,771700
22089476,771800
22089819,771900
22090124,772000
22090382,772100
22090654,772200
22091051,772300
22091346,772400
22091717,772500
22092090,772600
22092406,772700
22093093,772800
22093488,772900
22093786,773000
22094165,773100
22094471,773200
22094798,773300
22095115,773400
22095452,773500
22096111,773600
22096452,773700
22096831,773800
22097132,773900
22097445,774000
22097770,774100
22098040,774200
22098385,774300
22099070,774400
22099563,774500
22100000,774600
22100380,774700
22100770,774800
22101137,774900
22101502,775000
22101822,775100
22102098,775200
22102445,775300
22102759,775400
22103101,775500
22103458,775600
22103780,775700
22104161,775800
22104473,775900
22104817,776000
22105480,776100
22105726,776200
22106057,776300
22106390,776400
22106673,776500
22106981,776600
22107310,776700
22107639,776800
22108174,776900
22108938,777000
22109400,777100
22109788,777200
22110118,777300
22110491,777400
22110804,777500
22111187,777600
22111946,777700
22112320,777800
22112697,777900
22113087,778000
22113474,778100
22113886,778200
22114257,778300
22114588,778400
22114948,778500
22115368,778600
22115737,778700
22116094,778800
22116444,778900
22116767,779000
22117130,779100
22117494,779200
22118162,779300
22118485,779400
22118852,779500
22119213,779600
22119692,779700
22120050,779800
22120402,779900
22120787,780000
22144209,780100
22144568,780200
22144849,780300
22145138,780400
22145374,780500
22145690,780600
22146095,780700
22146471,780800
22146831,780900
22147198,781000
22147503,781100
22147886,781200
22148259,781300
22148588,781400
22149193,781500
22149542,781600
22149883,781700
22150213,781800
22150579,781900
22150877,782000
22151168,782100
22151436,782200
22151690,782300
22151994,782400
22152304,782500
22152618,782600
22152953,782700
22153312,782800
22153669,782900
22154020,783000
22154368,783100
22154678,783200
22155417,783300
22155784,783400
22156148,783500
22156478,783600
22156823,783700
22157161,783800
22157504,783900
22157837,784000
22158181,784100
22158470,784200
22158796,784300
22159131,784400
22159414,784500
22159701,784600
22160028,784700
22160417,784800
22160840,784900
22161682,785000
22162040,785100
22162501,785200
22162886,785300
22163273,785400
22163666,785500
22164071,785600
22164442,785700
22164820,785800
22165193,785900
22165589,786000
22165957,786100
22166383,786200
22166739,786300
22167104,786400
22167825,786500
22168140,786600
22168416,786700
22168752,786800
22169129,786900
22169536,787000
22169873,787100
22170319,787200
22170672,787300
22171004,787400
22171329,787500
22171642,787600
22171943,787700
22172243,787800
22172562,787900
22172885,788000
22173236,788100
22173590,788200
22174298,788300
22174655,788400
22174946,788500
22175244,788600
22175503,788700
22175800,788800
22176093,788900
22176421,789000
22176715,789100
22177019,789200
22177339,789300
22177670,789400
22177975,789500
22178255,789600
22178568,789700
22178885,789800
22179201,789900
22179510,790000
22180147,790100
22180537,790200
22180880,790300
22181349,790400
22181679,790500
22182016,790600
22182329,790700
22182638,790800
22182956,790900
22183486,791000
22183856,791100
22184208,791200
22184554,791300
22184904,791400
22185318,791500
22185666,791600
22186697,791700
22187274,791800
22187713,791900
22188114,792000
22188481,792100
22188886,792200
22189274,792300
22189666,792400
22190045,792500
22190414,792600
22190795,792700
22191195,792800
22191598,792900
22192002,793000
22192400,793100
22193217,793200
22193652,793300
22194058,793400
22194453,793500
22194847,793600
22195260,793700
22195672,793800
22196044,793900
22196437,794000
22196868,794100
22197252,794200
22197672,794300
22198099,794400
22198488,794500
22199211,794600
22199633,794700
22199974,794800
22200320,794900
22200665,795000
22201075,795100
22201467,795200
22201926,795300
22202423,795400
22202865,795500
22203300,795600
22203713,795700
22204122,795800
22204482,795900
22204910,796000
22205687,796100
22206085,796200
22206526,796300
22207137,796400
22207774,796500
22208238,796600
22208658,796700
22209105,796800
22209533,796900
22209993,797000
22210439,797100
22210904,797200
22211663,797300
22212056,797400
22212484,797500
22212831,797600
22213207,797700
22213541,797800
22213880,797900
22214206,798000
22214563,798100
22214966,798200
22215338,798300
22215713,798400
22216122,798500
22216570,798600
22216973,798700
22217353,798800
22218074,798900
22218423,799000
22218794,799100
22219148,799200
22219522,799300
22219873,799400
22220268,799500
22220712,799600
22221137,799700
22221511,799800
22221869,799900
22222216,800000
22253038,800100
22253354,800200
22253726,800300
22254085,800400
22254456,800500
22255091,800600
22255560,800700
22255868,800800
22256201,800900
22256499,801000
22256844,801100
22257207,801200
22257586,801300
22257977,801400
22258324,801500
22258718,801600
22259103,801700
22259404,801800
22259701,801900
22260012,802000
22260325,802100
22260694,802200
22261413,802300
22261767,802400
22262124,802500
22262480,802600
22262805,802700
22263155,802800
22263488,802900
22263796,803000
22264090,803100
22264452,803200
22264735,803300
22265101,803400
22265445,803500
22265773,803600
22266154,803700
22266525,803800
22266917,803900
22267287,804000
22267940,804100
22268233,804200
22268600,804300
22268947,804400
22269278,804500
22269687,804600
22270007,804700
22270339,804800
22270679,804900
22271020,805000
22271344,805100
22271721,805200
22272039,805300
22272431,805400
22272783,805500
22273151,805600
22273508,805700
22274229,805800
22274662,805900
22274989,806000
22275273,806100
22275574,806200
22275907,806300
22276283,806400
22276609,806500
22276958,806600
22277287,806700
22277674,806800
22278006,806900
22278310,807000
22278642,807100
22279119,807200
22279525,807300
22280288,807400
22280643,807500
22280986,807600
22281330,807700
22281636,807800
22281979,807900
22282276,808000
22282588,808100
22282913,808200
22283199,808300
22283565,808400
22283944,808500
22284287,808600
22284687,808700
22285064,808800
22285419,808900
22285763,809000
22286407,809100
22286847,809200
22287347,809300
22287833,809400
22288269,809500
22288654,809600
22289048,809700
22289512,809800
22289947,809900
22290565,810000
22290976,810100
22291400,810200
22291811,810300
22292261,810400
22293065,810500
22293443,810600
22293873,810700
22294281,810800
22294673,810900
22295090,811000
22295484,811100
22296192,811200
22296900,811300
22297366,811400
22297741,811500
22298263,811600
22299169,811700
22299713,811800
22300187,811900
22300658,812000
22301097,812100
22301483,812200
22301842,812300
22302268,812400
22302733,812500
22303149,812600
22303637,812700
22304143,812800
22304574,812900
22305438,813000
22305918,813100
22306371,813200
22306796,813300
22307380,813400
22307815,813500
22308349,813600
22308918,813700
22309365,813800
22309839,813900
22310323,814000
22310746,814100
22311444,814200
22311895,814300
22312276,814400
22312666,814500
22313132,814600
22313526,814700
22313942,814800
22314400,814900
22314859,815000
22315235,815100
22315639,815200
22315962,815300
22316286,815400
22316681,815500
22317085,815600
22317894,815700
22318477,815800
22319220,815900
22319921,816000
22320410,816100
22320870,816200
22321243,816300
22321629,816400
22321955,816500
22322335,816600
22322786,816700
22323204,816800
22323862,816900
22324308,817000
22324677,817100
22325057,817200
22325392,817300
22325744,817400
22326055,817500
22326438,817600
22326839,817700
22327230,817800
22327681,817900
22328093,818000
22328447,818100
22328882,818200
22329321,818300
22329719,818400
22330491,818500
22330853,818600
22331279,818700
22331727,818800
22332193,818900
22332657,819000
22333177,819100
22333734,819200
22334138,819300
22334603,819400
22335017,819500
22335336,819600
22335740,819700
22336649,819800
22337072,819900
22337563,820000
22373245,820100
22374085,820200
22374463,820300
22374849,820400
22375201,820500
22375543,820600
22375915,820700
22376327,820800
22376698,820900
22377046,821000
22377374,821100
22377693,821200
22378002,821300
22378344,821400
22378642,821500
22378932,821600
22379255,821700
22379561,821800
22380259,821900
22380627,822000
22380942,822100
22381262,822200
22381577,822300
22381915,822400
22382297,822500
22382621,822600
22382939,822700
22383242,822800
22383565,822900
22383891,823000
22384238,823100
22384587,823200
22385045,823300
22385418,823400
22385846,823500
22386591,823600
22386875,823700
22387184,823800
22387503,823900
22387910,824000
22388352,824100
22388719,824200
22389124,824300
22389571,824400
22389935,824500
22390303,824600
22390722,824700
22391139,824800
22391497,824900
22391907,825000
22392381,825100
22393159,825200
22393538,825300
22393985,825400
22394414,825500
22394840,825600
22395110,825700
22395403,825800
22395806,825900
22396156,826000
22396555,826100
22396949,826200
22397294,826300
22397682,826400
22398164,826500
22398642,826600
22399334,826700
22399683,826800
22400119,826900
22400478,827000
22400886,827100
22401344,827200
22401926,827300
22402456,827400
22402840,827500
22403232,827600
22403586,827700
22403925,827800
22404246,827900
22404626,828000
22405347,828100
22405817,828200
22406231,828300
22406656,828400
22407065,828500
22407426,828600
22407791,828700
22408124,828800
22408506,828900
22408929,829000
22409377,829100
22409814,829200
22410280,829300
22410628,829400
22411032,829500
22411934,829600
22412406,829700
22412889,829800
22413338,829900
22413754,830000
22414167,830100
22414641,830200
22415235,830300
22415630,830400
22416070,830500
22416483,830600
22416949,830700
22417434,830800
22418250,830900
22418682,831000
22419143,831100
22419627,831200
22420055,831300
22420455,831400
22420984,831500
22421450,831600
22421848,831700
22422272,831800
22422685,831900
22423128,832000
22423612,832100
22424745,832200
22425484,832300
22425990,832400
22426690,832500
22427269,832600
22427777,832700
22428260,832800
22428780,832900
22429202,833000
22429695,833100
22430663,833200
22431235,833300
22431748,833400
22432265,833500
22432724,833600
22433147,833700
22433586,833800
22434040,833900
22434583,834000
22435070,834100
22435537,834200
22436137,834300
22437081,834400
22437629,834500
22438175,834600
22438709,834700
22439238,834800
22439735,834900
22440254,835000
22440734,835100
22441205,835200
22441673,835300
22442121,835400
22442853,835500
22443392,835600
22443823,835700
22444245,835800
22444767,835900
22445265,836000
22445748,836100
22446309,836200
22446787,836300
22447255,836400
22447624,836500
22448069,836600
22448603,836700
22449407,836800
22449803,836900
22450182,837000
22450554,837100
22450898,837200
22451342,837300
22451767,837400
22452238,837500
22452705,837600
22453521,837700
22454345,837800
22454907,837900
22455753,838000
22456191,838100
22456606,838200
22457061,838300
22457498,838400
22457926,838500
22458329,838600
22458746,838700
22459146,838800
22459575,838900
22459944,839000
22460338,839100
22460735,839200
22461179,839300
22461932,839400
22462328,839500
22462724,839600
22463102,839700
22463546,839800
22463957,839900
22464388,840000
22493271,840100
22493555,840200
22493871,840300
22494164,840400
22494410,840500
22494685,840600
22495028,840700
22495377,840800
22495754,840900
22496104,841000
22496451,841100
22496786,841200
22497139,841300
22497532,841400
22497938,841500
22498323,841600
22499051,841700
22499439,841800
22499861,841900
22500272,842000
22500571,842100
22500879,842200
22501228,842300
22501620,842400
22501981,842500
22502372,842600
22502725,842700
22503102,842800
22503417,842900
22503689,843000
22504038,843100
22504372,843200
22504779,843300
22505533,843400
22505970,843500
22506405,843600
22506851,843700
22507221,843800
22507553,843900
22507906,844000
22508279,844100
22508599,844200
22508944,844300
22509332,844400
22509741,844500
22510175,844600
22510535,844700
22510881,844800
22511479,844900
22511924,845000
22512193,845100
22512501,845200
22512781,845300
22513129,845400
22513486,845500
22513855,845600
22514134,845700
22514500,845800
22514929,845900
22515244,846000
22515534,846100
22515835,846200
22516139,846300
22516469,846400
22516770,846500
22517123,846600
22517785,846700
22518149,846800
22518510,846900
22518914,847000
22519255,847100
22519578,847200
22519862,847300
22520198,847400
22520556,847500
22520917,847600
22521285,847700
22521606,847800
22521903,847900
22522222,848000
22522619,848100
22522987,848200
22523342,848300
22524074,848400
22524530,848500
22524894,848600
22525243,848700
22525605,848800
22525973,848900
22526357,849000
22526705,849100
22527096,849200
22527488,849300
22527916,849400
22528307,849500
22528709,849600
22529242,849700
22529650,849800
22530465,849900
22530975,850000
22531390,850100
22531798,850200
22532234,850300
22532659,850400
22533049,850500
22533526,850600
22533907,850700
22534341,850800
22534823,850900
22535497,851000
22535924,851100
22536757,851200
22537200,851300
22537624,851400
22538111,851500
22538572,851600
22539010,851700
22539478,851800
22539916,851900
22540807,852000
22541287,852100
22541792,852200
22542313,852300
22543181,852400
22543746,852500
22544159,852600
22544666,852700
22545177,852800
22545627,852900
22546060,853000
22546513,853100
22546891,853200
22547299,853300
22547713,853400
22548060,853500
22548448,853600
22549184,853700
22549624,853800
22550017,853900
22550449,854000
22550998,854100
22551571,854200
22551998,854300
22552365,854400
22552777,854500
22553195,854600
22553577,854700
22553966,854800
22554418,854900
22554858,855000
22555683,855100
22556123,855200
22556532,855300
22556964,855400
22557418,855500
22557895,855600
22558406,855700
22558908,855800
22559308,855900
22559738,856000
22560173,856100
22560540,856200
22560960,856300
22561861,856400
22562374,856500
22562895,856600
22563480,856700
22563921,856800
22564298,856900
22564673,857000
22565052,857100
22565371,857200
22565713,857300
22566038,857400
22566431,857500
22566800,857600
22567195,857700
22567911,857800
22568338,857900
22568671,858000
22568978,858100
22569324,858200
22569651,858300
22569981,858400
22570333,858500
22570737,858600
22571115,858700
22571457,858800
22571871,858900
22572301,859000
22572722,859100
22573154,859200
22573498,859300
22574207,859400
22574609,859500
22575058,859600
22575584,859700
22576005,859800
22576408,859900
22576727,860000
22602701,860100
22603044,860200
22603334,860300
22603642,860400
22603916,860500
22604272,860600
22604617,860700
22605295,860800
22605773,860900
22606155,861000
22606601,861100
22607046,861200
22607396,861300
22607765,861400
22608130,861500
22608537,861600
22608901,861700
22609277,861800
22609660,861900
22610076,862000
22610479,862100
22610935,862200
22611611,862300
22612073,862400
22612423,862500
22612863,862600
22613257,862700
22613608,862800
22614031,862900
22614440,863000
22614874,863100
22615209,863200
22615603,863300
22615935,863400
22616334,863500
22616777,863600
22617167,863700
22617533,863800
22618263,863900
22618653,864000
22619038,864100
22619394,864200
22619724,864300
22620060,864400
22620389,864500
22620750,864600
22621100,864700
22621462,864800
22621838,864900
22622196,865000
22622669,865100
22623036,865200
22623371,865300
22623699,865400
22624371,865500
22624747,865600
22625117,865700
22625498,865800
22625865,865900
22626210,866000
22626580,866100
22626993,866200
22627348,866300
22627704,866400
22628070,866500
22628398,866600
22628750,866700
22629108,866800
22629446,866900
22629778,867000
22630613,867100
22630960,867200
22631337,867300
22631740,867400
22632159,867500
22632528,867600
22632885,867700
22633264,867800
22633663,867900
22634141,868000
22634521,868100
22634896,868200
22635299,868300
22635640,868400
22636036,868500
22636719,868600
22637157,868700
22637540,868800
22638000,868900
22638433,869000
22638945,869100
22639466,869200
22639876,869300
22640305,869400
22640788,869500
22641214,869600
22641636,869700
22642109,869800
22643240,869900
22643862,870000
22644578,870100
22645353,870200
22645916,870300
22646500,870400
22646965,870500
22647439,870600
22647916,870700
22648481,870800
22649386,870900
22649793,871000
22650271,871100
22650715,871200
22651203,871300
22651903,871400
22652463,871500
22653026,871600
22653551,871700
22654079,871800
22654542,871900
22655107,872000
22655905,872100
22656393,872200
22656826,872300
22657239,872400
22657704,872500
22658145,872600
22658597,872700
22659001,872800
22659476,872900
22660025,873000
22660495,873100
22660986,873200
22661870,873300
22662435,873400
22662969,873500
22663481,873600
22663966,873700
22664504,873800
22664990,873900
22665466,874000
22665989,874100
22666533,874200
22666965,874300
22667404,874400
22668281,874500
22668698,874600
22669116,874700
22669527,874800
22669976,874900
22670475,875000
22671011,875100
22671487,875200
22671957,875300
22672435,875400
22672914,875500
22673403,875600
22674209,875700
22674790,875800
22675263,875900
22675740,876000
22676252,876100
22676727,876200
22677164,876300
22677631,876400
22678091,876500
22678555,876600
22679031,876700
22679501,876800
22679906,876900
22680729,877000
22681177,877100
22681619,877200
22682054,877300
22682473,877400
22682929,877500
22683360,877600
22683771,877700
22684151,877800
22684545,877900
22684904,878000
22685315,878100
22685787,878200
22686287,878300
22687057,878400
22687433,878500
22687990,878600
22688515,878700
22688886,878800
22689317,878900
22689721,879000
22690169,879100
22690601,879200
22691051,879300
22691543,879400
22692018,879500
22692472,879600
22694469,879700
22695116,879800
22695635,879900
22696222,880000
22733078,880100
22733455,880200
22733898,880300
22734318,880400
22734735,880500
22735145,880600
22735557,880700
22735944,880800
22736588,880900
22737070,881000
22737513,881100
22737912,881200
22738281,881300
22738644,881400
22738972,881500
22739353,881600
22739757,881700
22740071,881800
22740423,881900
22740748,882000
22741267,882100
22741753,882200
22742314,882300
22743080,882400
22743466,882500
22743872,882600
22744245,882700
22744648,882800
22744932,882900
22745279,883000
22745626,883100
22746013,883200
22746401,883300
22746814,883400
22747226,883500
22747589,883600
22747965,883700
22748360,883800
22748712,883900
22749394,884000
22749710,884100
22750086,884200
22750674,884300
22751060,884400
22751435,884500
22751786,884600
22752103,884700
22752625,884800
22752958,884900
22753246,885000
22753546,885100
22753916,885200
22754336,885300
22754762,885400
22755648,885500
22756111,885600
22756541,885700
22757009,885800
22757499,885900
22757874,886000
22758363,886100
22758793,886200
22759293,886300
22759791,886400
22760301,886500
22760780,886600
22761723,886700
22762218,886800
22762678,886900
22763122,887000
22763546,887100
22763968,887200
22764412,887300
22764854,887400
22765248,887500
22765643,887600
22766058,887700
22766549,887800
22766925,887900
22767302,888000
22768063,888100
22768486,888200
22768902,888300
22769326,888400
22769690,888500
22770126,888600
22770571,888700
22770960,888800
22771346,888900
22771708,889000
22771995,889100
22772387,889200
22772819,889300
22773163,889400
22773491,889500
22774255,889600
22774637,889700
22775315,889800
22775956,889900
22776326,890000
22776643,890100
22776998,890200
22777374,890300
22777752,890400
22778138,890500
22778480,890600
22778846,890700
22779278,890800
22779613,890900
22780006,891000
22780670,891100
22781067,891200
22781414,891300
22781917,891400
22782220,891500
22782627,891600
22783029,891700
22783372,891800
22783764,891900
22784194,892000
22784512,892100
22784849,892200
22785148,892300
22785533,892400
22785860,892500
22786256,892600
22787017,892700
22787383,892800
22787758,892900
22788123,893000
22788545,893100
22788847,893200
22789206,893300
22789592,893400
22789997,893500
22790463,893600
22790922,893700
22791313,893800
22791693,893900
22792091,894000
22792456,894100
22793181,894200
22793905,894300
22794371,894400
22794813,894500
22795280,894600
22795753,894700
22796206,894800
22796608,894900
22797085,895000
22797506,895100
22797859,895200
22798267,895300
22798651,895400
22799398,895500
22799874,895600
22800356,895700
22800819,895800
22801336,895900
22801844,896000
22802255,896100
22802652,896200
22802979,896300
22803354,896400
22803754,896500
22804241,896600
22804737,896700
22805137,896800
22805952,896900
22806356,897000
22806826,897100
22807215,897200
22807517,897300
22807900,897400
22808326,897500
22808710,897600
22809180,897700
22809663,897800
22810194,897900
22810608,898000
22811014,898100
22811380,898200
22812077,898300
22812443,898400
22812868,898500
22813220,898600
22813719,898700
22814107,898800
22814552,898900
22814970,899000
22815402,899100
22815829,899200
22816169,899300
22816576,899400
22817025,899500
22817467,899600
22818331,899700
22818780,899800
22819195,899900
22819746,900000
22854215,900100
22854551,900200
22854881,900300
22855217,900400
22855898,900500
22856324,900600
22856713,900700
22857206,900800
22857609,900900
22858032,901000
22858408,901100
22858803,901200
22859123,901300
22859447,901400
22859733,901500
22860139,901600
22860575,901700
22860951,901800
22861384,901900
22862149,902000
22862547,902100
22862893,902200
22863285,902300
22863647,902400
22864179,902500
22864653,902600
22865072,902700
22865463,902800
22865882,902900
22866320,903000
22866652,903100
22866959,903200
22867194,903300
22867572,903400
22868382,903500
22868821,903600
22869200,903700
22869630,903800
22870051,903900
22870389,904000
22870658,904100
22870937,904200
22871209,904300
22871549,904400
22871932,904500
22872323,904600
22872736,904700
22873107,904800
22873490,904900
22873911,905000
22874741,905100
22875218,905200
22875597,905300
22875930,905400
22876330,905500
22876734,905600
22877023,905700
22877370,905800
22877784,905900
22878154,906000
22878540,906100
22878859,906200
22879232,906300
22879519,906400
22879853,906500
22880231,906600
22880909,906700
22881401,906800
22881802,906900
22882118,907000
22882460,907100
22882800,907200
22883095,907300
22883408,907400
22883774,907500
22884109,907600
22884555,907700
22884914,907800
22885317,907900
22885690,908000
22886053,908100
22886445,908200
22886769,908300
22887424,908400
22887724,908500
22888040,908600
22888366,908700
22888762,908800
22889162,908900
22889526,909000
22890068,909100
22890431,909200
22890895,909300
22891231,909400
22891571,909500
22891963,909600
22892304,909700
22892653,909800
22893017,909900
22893694,910000
22894092,910100
22894448,910200
22894787,910300
22895115,910400
22895827,910500
22896223,910600
22896605,910700
22896995,910800
22897400,910900
22897768,911000
22898141,911100
22898488,911200
22898884,911300
22899260,911400
22899950,911500
22900281,911600
22900683,911700
22901050,911800
22901400,911900
22901812,912000
22902146,912100
22902532,912200
22902904,912300
22903246,912400
22903622,912500
22903966,912600
22904297,912700
22904661,912800
22904973,912900
22905380,913000
22906213,913100
22906577,913200
22906993,913300
22907400,913400
22907699,913500
22908003,913600
22908333,913700
22908712,913800
22909076,913900
22909463,914000
22909802,914100
22910124,914200
22910485,914300
22910898,914400
22911330,914500
22911668,914600
22912256,914700
22912667,914800
22913104,914900
22913472,915000
22913838,915100
22914257,915200
22914613,915300
22914974,915400
22915330,915500
22915607,915600
22915956,915700
22916268,915800
22916630,915900
22916993,916000
22917368,916100
22917700,916200
22918086,916300
22918960,916400
22919353,916500
22919696,916600
22920157,916700
22920468,916800
22920804,916900
22921215,917000
22921575,917100
22921933,917200
22922382,917300
22922801,917400
22923265,917500
22923755,917600
22924162,917700
22924876,917800
22925333,917900
22925820,918000
22926302,918100
22926733,918200
22927270,918300
22927676,918400
22928133,918500
22928534,918600
22928837,918700
22929262,918800
22929596,918900
22929922,919000
22930267,919100
22930578,919200
22931320,919300
22931715,919400
22932016,919500
22932426,919600
22932722,919700
22933095,919800
22933476,919900
22933858,920000
22973253,920100
22973606,920200
22973916,920300
22974234,920400
22974582,920500
22975276,920600
22975527,920700
22975794,920800
22976064,920900
22976390,921000
22976766,921100
22977046,921200
22977424,921300
22977785,921400
22978116,921500
22978423,921600
22978775,921700
22979103,921800
22979356,921900
22979674,922000
22980051,922100
22980429,922200
22980851,922300
22981611,922400
22981978,922500
22982372,922600
22982761,922700
22983115,922800
22983401,922900
22983755,923000
22984163,923100
22984489,923200
22984829,923300
22985163,923400
22985499,923500
22985885,923600
22986312,923700
22986700,923800
22986997,923900
22987358,924000
22988173,924100
22988671,924200
22989051,924300
22989467,924400
22989889,924500
22990334,924600
22990713,924700
22991164,924800
22991468,924900
22991781,925000
22992163,925100
22992573,925200
22992878,925300
22993248,925400
22993575,925500
22994275,925600
22994596,925700
22994917,925800
22995205,925900
22995548,926000
22995974,926100
22996425,926200
22996776,926300
22997154,926400
22997570,926500
22997975,926600
22998245,926700
22998535,926800
22998808,926900
22999123,927000
22999475,927100
23000201,927200
23000625,927300
23000933,927400
23001284,927500
23001655,927600
23001940,927700
23002273,927800
23002566,927900
23002928,928000
23003231,928100
23003612,928200
23003930,928300
23004280,928400
23004854,928500
23005209,928600
23005495,928700
23005855,928800
23006178,928900
23006869,929000
23007205,929100
23007556,929200
23007870,929300
23008163,929400
23008492,929500
23008768,929600
23009076,929700
23009401,929800
23009664,929900
23009977,930000
23010777,930100
23011261,930200
23011763,930300
23012253,930400
23012989,930500
23013375,930600
23013753,930700
23014104,930800
23014581,930900
23014917,931000
23015327,931100
23015730,931200
23016076,931300
23016394,931400
23016765,931500
23017104,931600
23017388,931700
23017779,931800
23018104,931900
23018428,932000
23019102,932100
23019565,932200
23019966,932300
23020354,932400
23020751,932500
23021193,932600
23021514,932700
23021823,932800
23022184,932900
23022483,933000
23022806,933100
23023166,933200
23023595,933300
23023884,933400
23024189,933500
23024578,933600
23024980,933700
23025748,933800
23026160,933900
23026502,934000
23026889,934100
23027235,934200
23027645,934300
23028026,934400
23028361,934500
23028807,934600
23029180,934700
23029625,934800
23030005,934900
23030344,935000
23030780,935100
23031753,935200
23032173,935300
23032468,935400
23032792,935500
23033047,935600
23033319,935700
23033630,935800
23033908,935900
23034254,936000
23034619,936100
23034898,936200
23035200,936300
23035542,936400
23035844,936500
23036137,936600
23036370,936700
23036612,936800
23036897,936900
23037186,937000
23037468,937100
23038159,937200
23038453,937300
23038710,937400
23039042,937500
23039365,937600
23039705,937700
23039980,937800
23040283,937900
23040711,938000
23041072,938100
23041405,938200
23041742,938300
23042108,938400
23042542,938500
23042870,938600
23043238,938700
23043616,938800
23044232,938900
23044670,939000
23045070,939100
23045483,939200
23045888,939300
23046203,939400
23046606,939500
23046923,939600
23047282,939700
