timestamp_ms,height
17207.776,0
17212.244,100
17218.347,200
17222.680,300
17226.660,400
17230.937,500
17235.232,600
17239.603,700
17243.560,800
17247.630,900
17251.900,1000
17256.077,1100
17260.457,1200
17264.667,1300
17268.867,1400
17272.759,1500
17276.958,1600
17280.901,1700
17285.324,1800
17289.380,1900
17293.839,2000
17298.302,2100
17302.328,2200
17306.306,2300
17310.329,2400
17314.471,2500
17318.526,2600
17322.806,2700
17327.005,2800
17331.457,2900
17335.796,3000
17339.838,3100
17343.975,3200
17348.273,3300
17352.474,3400
17356.614,3500
17360.880,3600
17365.269,3700
17369.184,3800
17373.383,3900
17377.516,4000
17381.922,4100
17385.874,4200
17390.078,4300
17394.271,4400
17398.523,4500
17402.693,4600
17407.149,4700
17411.489,4800
17415.692,4900
17419.889,5000
17424.042,5100
17428.330,5200
17432.508,5300
17436.856,5400
17441.130,5500
17445.128,5600
17449.024,5700
17452.883,5800
17457.005,5900
17461.096,6000
17465.197,6100
17469.206,6200
17473.361,6300
17477.864,6400
17481.989,6500
17486.147,6600
17490.288,6700
17494.804,6800
17498.999,6900
17503.056,7000
17507.068,7100
17511.275,7200
17515.495,7300
17519.456,7400
17523.293,7500
17527.378,7600
17531.636,7700
17535.719,7800
17539.879,7900
17544.263,8000
17548.621,8100
17553.144,8200
17557.510,8300
17561.831,8400
17565.730,8500
17570.087,8600
17574.402,8700
17578.508,8800
17582.884,8900
17587.095,9000
17591.312,9100
17595.594,9200
17599.797,9300
17603.935,9400
17607.961,9500
17612.380,9600
17616.360,9700
17620.572,9800
17624.750,9900
17629.073,10000
17633.166,10100
17637.441,10200
17641.936,10300
17646.008,10400
17650.006,10500
17654.192,10600
17658.339,10700
17662.676,10800
17666.921,10900
17671.275,11000
17675.379,11100
17679.686,11200
17683.700,11300
17688.015,11400
17692.339,11500
17696.757,11600
17700.996,11700
17705.324,11800
17709.409,11900
17713.353,12000
17717.467,12100
17721.596,12200
17725.738,12300
17730.131,12400
17734.394,12500
17738.674,12600
17743.133,12700
17747.369,12800
17751.527,12900
17755.744,13000
17759.950,13100
17764.013,13200
17768.105,13300
17772.245,13400
17776.740,13500
17780.889,13600
17785.064,13700
17789.202,13800
17793.310,13900
17797.737,14000
17801.906,14100
17806.450,14200
17810.726,14300
17815.205,14400
17819.302,14500
17823.275,14600
17827.699,14700
17831.836,14800
17835.921,14900
17840.020,15000
17844.118,15100
17848.354,15200
17852.624,15300
17856.542,15400
17860.787,15500
17865.053,15600
17869.347,15700
17873.113,15800
17877.156,15900
17881.575,16000
17885.683,16100
17889.822,16200
17894.049,16300
17898.858,16400
17902.895,16500
17906.824,16600
17910.916,16700
17915.071,16800
17919.387,16900
17923.589,17000
17927.726,17100
17931.899,17200
17935.998,17300
17939.943,17400
17944.120,17500
17948.202,17600
17952.188,17700
17956.318,17800
17960.698,17900
17964.920,18000
17969.017,18100
17972.896,18200
17976.972,18300
17981.097,18400
17985.499,18500
17989.572,18600
17993.610,18700
17997.788,18800
18001.920,18900
18006.095,19000
18010.208,19100
18014.247,19200
18018.197,19300
18022.401,19400
18026.630,19500
18030.894,19600
18034.899,19700
18038.933,19800
18043.498,19900
18047.997,20000
18052.310,20100
18056.399,20200
18060.418,20300
18064.716,20400
18068.713,20500
18072.908,20600
18077.016,20700
18081.262,20800
18085.217,20900
18089.231,21000
18093.448,21100
18097.699,21200
18101.706,21300
18105.720,21400
18109.871,21500
18113.996,21600
18117.971,21700
18122.054,21800
18125.995,21900
18130.266,22000
18134.105,22100
18138.351,22200
18142.465,22300
18146.592,22400
18150.692,22500
18154.983,22600
18159.189,22700
18163.393,22800
18167.792,22900
18171.838,23000
18176.198,23100
18180.039,23200
18184.064,23300
18188.276,23400
18192.489,23500
18196.726,23600
18200.950,23700
18205.152,23800
18209.285,23900
18213.596,24000
18217.653,24100
18221.714,24200
18226.004,24300
18230.117,24400
18234.304,24500
18238.444,24600
18242.630,24700
18246.747,24800
18251.117,24900
18255.340,25000
18259.544,25100
18263.804,25200
18267.963,25300
18272.202,25400
18276.543,25500
18281.023,25600
18285.184,25700
18289.318,25800
18293.467,25900
18297.924,26000
18302.189,26100
18306.327,26200
18310.652,26300
18314.917,26400
18319.215,26500
18323.581,26600
18327.588,26700
18331.517,26800
18335.918,26900
18340.204,27000
18344.493,27100
18348.831,27200
18353.166,27300
18357.182,27400
18361.280,27500
18365.615,27600
18369.795,27700
18373.906,27800
18377.852,27900
18381.744,28000
18385.970,28100
18390.310,28200
18394.578,28300
18398.677,28400
18402.955,28500
18407.330,28600
18411.850,28700
18416.101,28800
18420.547,28900
18424.797,29000
18428.893,29100
18433.405,29200
18437.514,29300
18441.698,29400
18446.166,29500
18450.304,29600
18454.859,29700
18459.249,29800
18463.527,29900
18467.748,30000
18471.862,30100
18476.109,30200
18480.502,30300
18484.788,30400
18489.062,30500
18493.453,30600
18497.775,30700
18501.836,30800
18506.027,30900
18510.267,31000
18514.696,31100
18518.809,31200
18522.875,31300
18527.011,31400
18531.201,31500
18535.429,31600
18539.954,31700
18544.235,31800
18548.518,31900
18552.634,32000
18557.050,32100
18561.162,32200
18565.245,32300
18569.552,32400
18573.709,32500
18578.244,32600
18582.563,32700
18587.438,32800
18591.717,32900
18595.940,33000
18600.251,33100
18604.508,33200
18608.793,33300
18613.050,33400
18617.159,33500
18621.743,33600
18626.028,33700
18629.990,33800
18634.206,33900
18638.432,34000
18642.780,34100
18646.932,34200
18651.335,34300
18655.376,34400
18659.900,34500
18664.163,34600
18668.487,34700
18672.656,34800
18676.805,34900
18681.125,35000
18685.413,35100
18689.771,35200
18693.965,35300
18698.231,35400
18702.164,35500
18705.970,35600
18710.493,35700
18714.746,35800
18718.920,35900
18722.837,36000
18727.157,36100
18731.360,36200
18735.731,36300
18739.768,36400
18744.213,36500
18748.683,36600
18752.916,36700
18757.177,36800
18761.398,36900
18765.631,37000
18769.980,37100
18774.220,37200
18778.478,37300
18782.980,37400
18786.989,37500
18791.597,37600
18796.167,37700
18800.311,37800
18804.453,37900
18808.736,38000
18812.749,38100
18816.890,38200
18821.366,38300
18825.966,38400
18830.134,38500
18834.225,38600
18838.619,38700
18842.894,38800
18846.881,38900
18851.475,39000
18855.959,39100
18860.265,39200
18864.601,39300
18869.180,39400
18873.505,39500
18877.697,39600
18882.282,39700
18886.551,39800
18890.778,39900
18894.735,40000
18898.879,40100
18903.134,40200
18907.526,40300
18911.780,40400
18916.524,40500
18920.768,40600
18925.069,40700
18929.516,40800
18934.109,40900
18938.650,41000
18943.035,41100
18947.296,41200
18951.807,41300
18956.026,41400
18960.453,41500
18964.861,41600
18969.123,41700
18973.776,41800
18978.071,41900
18982.486,42000
18986.800,42100
18990.985,42200
18995.238,42300
19000.113,42400
19004.549,42500
19009.058,42600
19013.262,42700
19017.558,42800
19021.688,42900
19025.731,43000
19029.864,43100
19034.182,43200
19038.624,43300
19043.003,43400
19047.098,43500
19051.498,43600
19055.879,43700
19060.054,43800
19064.540,43900
19068.517,44000
19072.638,44100
19076.133,44200
19079.910,44300
19084.141,44400
19088.895,44500
19093.348,44600
19097.890,44700
19102.446,44800
19107.165,44900
19111.516,45000
19115.775,45100
19120.125,45200
19124.244,45300
19128.638,45400
19132.940,45500
19137.064,45600
19141.338,45700
19145.561,45800
19150.442,45900
19154.941,46000
19159.333,46100
19163.942,46200
19168.330,46300
19173.027,46400
19177.400,46500
19181.861,46600
19186.691,46700
19191.339,46800
19195.787,46900
19200.066,47000
19204.877,47100
19209.412,47200
19213.937,47300
19218.502,47400
19222.891,47500
19226.914,47600
19231.491,47700
19235.854,47800
19240.208,47900
19244.706,48000
19249.195,48100
19253.862,48200
19258.161,48300
19262.583,48400
19267.280,48500
19271.480,48600
19276.045,48700
19280.219,48800
19284.866,48900
19289.421,49000
19294.503,49100
19299.493,49200
19304.109,49300
19308.660,49400
19313.224,49500
19317.837,49600
19322.385,49700
19327.442,49800
19332.556,49900
19337.436,50000
19342.121,50100
19346.748,50200
19351.884,50300
19356.717,50400
19361.659,50500
19366.307,50600
19371.252,50700
19376.314,50800
19381.567,50900
19385.993,51000
19391.383,51100
19396.295,51200
19401.283,51300
19405.811,51400
19410.702,51500
19415.817,51600
19421.284,51700
19430.487,51800
19435.510,51900
19440.312,52000
19445.353,52100
19450.777,52200
19455.349,52300
19460.212,52400
19464.949,52500
19470.379,52600
19475.560,52700
19480.845,52800
19485.850,52900
19491.641,53000
19496.680,53100
19502.166,53200
19508.235,53300
19513.615,53400
19519.025,53500
19524.524,53600
19529.596,53700
19534.747,53800
19539.648,53900
19544.558,54000
19549.336,54100
19553.882,54200
19558.708,54300
19563.686,54400
19568.870,54500
19573.825,54600
19578.381,54700
19583.927,54800
19588.778,54900
19593.634,55000
19598.416,55100
19603.720,55200
19608.577,55300
19613.755,55400
19618.636,55500
19623.921,55600
19628.677,55700
19633.567,55800
19640.003,55900
19645.283,56000
19650.352,56100
19655.275,56200
19660.415,56300
19665.465,56400
19670.782,56500
19675.249,56600
19680.417,56700
19685.164,56800
19690.805,56900
19695.905,57000
19700.921,57100
19705.692,57200
19710.968,57300
19716.363,57400
19722.072,57500
19727.354,57600
19732.431,57700
19737.482,57800
19742.879,57900
19748.506,58000
19753.802,58100
19758.311,58200
19763.188,58300
19768.343,58400
19773.832,58500
19779.379,58600
19785.345,58700
19790.662,58800
19796.066,58900
19801.373,59000
19807.298,59100
19813.096,59200
19819.058,59300
19825.001,59400
19830.109,59500
19835.528,59600
19841.247,59700
19846.685,59800
19852.202,59900
19858.172,60000
19863.375,60100
19868.891,60200
19874.626,60300
19879.840,60400
19886.248,60500
19892.314,60600
19897.567,60700
19903.725,60800
19909.740,60900
19915.958,61000
19922.042,61100
19927.290,61200
19933.219,61300
19939.162,61400
19944.532,61500
19949.813,61600
19955.848,61700
19961.142,61800
19966.798,61900
19972.648,62000
19978.682,62100
19984.301,62200
19989.886,62300
19995.716,62400
20001.012,62500
20007.344,62600
20013.307,62700
20018.269,62800
20023.730,62900
20029.034,63000
20034.757,63100
20040.903,63200
20047.077,63300
20053.204,63400
20059.047,63500
20064.790,63600
20070.026,63700
20076.136,63800
20081.584,63900
20088.353,64000
20093.277,64100
20098.676,64200
20104.008,64300
20109.917,64400
20115.323,64500
20120.309,64600
20125.883,64700
20131.429,64800
20137.428,64900
20142.852,65000
20148.560,65100
20153.817,65200
20158.870,65300
20164.065,65400
20169.459,65500
20179.308,65600
20187.940,65700
20196.033,65800
20203.495,65900
20211.964,66000
20219.513,66100
20228.085,66200
20235.089,66300
20242.374,66400
20248.792,66500
20255.896,66600
20263.480,66700
20270.793,66800
20279.341,66900
20287.574,67000
20294.367,67100
20300.790,67200
20313.456,67300
20326.265,67400
20333.122,67500
20339.423,67600
20346.223,67700
20353.426,67800
20361.052,67900
20369.127,68000
20376.411,68100
20383.319,68200
20389.905,68300
20396.396,68400
20403.497,68500
20411.794,68600
20418.067,68700
20426.098,68800
20432.924,68900
20440.862,69000
20449.226,69100
20456.225,69200
20464.785,69300
20472.152,69400
20479.731,69500
20487.394,69600
20495.011,69700
20501.807,69800
20508.801,69900
20515.822,70000
20523.696,70100
20531.450,70200
20538.374,70300
20544.736,70400
20551.510,70500
20559.325,70600
20567.788,70700
20574.814,70800
20584.339,70900
20590.355,71000
20597.618,71100
20604.278,71200
20610.327,71300
20616.775,71400
20622.596,71500
20628.247,71600
20634.199,71700
20640.176,71800
20647.162,71900
20653.451,72000
20661.218,72100
20668.090,72200
20673.758,72300
20680.861,72400
20687.434,72500
20694.829,72600
20701.589,72700
20709.036,72800
20715.773,72900
20721.320,73000
20727.911,73100
20734.325,73200
20743.149,73300
20749.341,73400
20755.757,73500
20761.573,73600
20768.480,73700
20774.836,73800
20781.623,73900
20788.890,74000
20795.176,74100
20801.778,74200
20807.623,74300
20813.932,74400
20819.789,74500
20825.800,74600
20833.130,74700
20841.428,74800
20848.753,74900
20857.358,75000
20865.457,75100
20872.507,75200
20879.575,75300
20886.657,75400
20894.004,75500
20900.769,75600
20906.770,75700
20913.360,75800
20920.014,75900
20926.265,76000
20932.357,76100
20939.933,76200
20945.763,76300
20952.157,76400
20957.975,76500
20964.865,76600
20970.981,76700
20977.157,76800
20984.277,76900
20990.640,77000
20997.200,77100
21004.006,77200
21012.215,77300
21019.123,77400
21026.173,77500
21033.592,77600
21040.910,77700
21047.722,77800
21054.480,77900
21060.106,78000
21066.493,78100
21072.895,78200
21079.633,78300
21086.313,78400
21092.990,78500
21099.510,78600
21107.221,78700
21114.309,78800
21121.571,78900
21128.618,79000
21134.895,79100
21142.200,79200
21148.346,79300
21155.745,79400
21163.294,79500
21170.707,79600
21176.885,79700
21184.575,79800
21192.158,79900
21198.971,80000
21205.765,80100
21211.619,80200
21217.567,80300
21224.821,80400
21231.519,80500
21237.836,80600
21244.128,80700
21250.530,80800
21257.855,80900
21265.295,81000
21273.635,81100
21282.681,81200
21292.062,81300
21301.895,81400
21309.500,81500
21317.708,81600
21324.869,81700
21333.000,81800
21339.853,81900
21347.285,82000
21354.497,82100
21360.840,82200
21369.502,82300
21377.464,82400
21384.025,82500
21390.810,82600
21398.690,82700
21409.881,82800
21417.378,82900
21425.137,83000
21432.494,83100
21441.632,83200
21449.596,83300
21457.870,83400
21465.778,83500
21474.097,83600
21481.924,83700
21490.043,83800
21497.888,83900
21504.694,84000
21512.355,84100
21519.654,84200
21527.875,84300
21534.735,84400
21541.993,84500
21549.686,84600
21556.733,84700
21564.071,84800
21571.219,84900
21578.602,85000
21585.564,85100
21591.675,85200
21598.450,85300
21604.917,85400
21611.217,85500
21618.195,85600
21624.385,85700
21631.432,85800
21638.122,85900
21644.748,86000
21652.919,86100
21661.793,86200
21671.788,86300
21679.394,86400
21688.213,86500
21695.695,86600
21702.893,86700
21711.130,86800
21720.604,86900
21728.742,87000
21737.401,87100
21744.282,87200
21752.730,87300
21759.585,87400
21767.955,87500
21774.523,87600
21782.290,87700
21790.088,87800
21798.084,87900
21806.355,88000
21813.672,88100
21821.078,88200
21828.068,88300
21834.528,88400
21841.204,88500
21848.082,88600
21854.476,88700
21860.396,88800
21867.451,88900
21874.477,89000
21881.228,89100
21887.678,89200
21893.727,89300
21900.411,89400
21906.300,89500
21912.977,89600
21919.352,89700
21926.302,89800
21933.726,89900
21940.136,90000
21946.682,90100
21953.241,90200
21959.553,90300
21966.365,90400
21973.136,90500
21980.844,90600
21987.681,90700
21994.489,90800
22001.097,90900
22008.177,91000
22014.924,91100
22021.848,91200
22028.753,91300
22035.525,91400
22041.463,91500
22047.355,91600
22053.118,91700
22059.195,91800
22065.795,91900
22072.416,92000
22089.807,92100
22104.262,92200
22111.527,92300
22117.533,92400
22124.254,92500
22130.321,92600
22136.441,92700
22145.907,92800
22162.794,92900
22180.796,93000
22196.844,93100
22207.660,93200
22214.333,93300
22221.852,93400
22229.481,93500
22237.308,93600
22253.643,93700
22269.405,93800
22280.450,93900
22290.791,94000
22299.141,94100
22307.507,94200
22315.102,94300
22322.577,94400
22329.480,94500
22336.922,94600
22343.830,94700
22351.971,94800
22360.331,94900
22368.082,95000
22375.311,95100
22383.446,95200
22390.200,95300
22397.262,95400
22403.164,95500
22410.242,95600
22416.788,95700
22423.941,95800
22430.566,95900
22437.358,96000
22445.085,96100
22452.458,96200
22460.451,96300
22467.812,96400
22475.543,96500
22482.586,96600
22489.403,96700
22497.328,96800
22505.476,96900
22514.079,97000
22522.691,97100
22530.898,97200
22541.042,97300
22551.391,97400
22560.181,97500
22569.544,97600
22578.157,97700
22586.773,97800
22595.160,97900
22603.719,98000
22611.848,98100
22619.868,98200
22629.439,98300
22637.405,98400
22646.055,98500
22656.875,98600
22664.703,98700
22673.290,98800
22682.607,98900
22691.662,99000
22700.775,99100
22709.741,99200
22718.839,99300
22727.897,99400
22737.457,99500
22746.186,99600
22755.480,99700
22763.978,99800
22773.089,99900
22781.265,100000
22789.898,100100
22798.353,100200
22806.577,100300
22814.589,100400
22822.612,100500
22831.791,100600
22840.090,100700
22848.644,100800
22858.440,100900
22870.237,101000
22880.566,101100
22890.831,101200
22900.220,101300
22909.398,101400
22919.849,101500
22929.921,101600
22941.674,101700
22952.219,101800
22962.828,101900
22974.372,102000
22984.706,102100
22998.436,102200
23009.077,102300
23018.874,102400
23029.539,102500
23040.127,102600
23050.417,102700
23060.270,102800
23071.339,102900
23080.709,103000
23090.374,103100
23100.135,103200
23109.961,103300
23120.541,103400
23129.560,103500
23139.139,103600
23148.813,103700
23158.319,103800
23169.260,103900
23181.079,104000
23192.742,104100
23203.354,104200
23215.296,104300
23227.067,104400
23237.531,104500
23247.549,104600
23256.705,104700
23266.679,104800
23276.779,104900
23287.115,105000
23299.074,105100
23310.419,105200
23321.597,105300
23336.984,105400
23348.891,105500
23359.207,105600
23368.908,105700
23379.682,105800
23389.633,105900
23398.347,106000
23407.549,106100
23416.463,106200
23426.267,106300
23435.773,106400
23443.668,106500
23453.811,106600
23461.836,106700
23470.286,106800
23479.494,106900
23488.823,107000
23498.708,107100
23510.578,107200
23525.011,107300
23539.066,107400
23552.210,107500
23565.978,107600
23578.427,107700
23590.889,107800
23601.834,107900
23613.887,108000
23627.213,108100
23640.443,108200
23652.842,108300
23664.013,108400
23675.264,108500
23686.446,108600
23698.296,108700
23710.986,108800
23723.116,108900
23735.877,109000
23749.457,109100
23761.787,109200
23773.075,109300
23786.176,109400
23797.954,109500
23810.818,109600
23822.353,109700
23835.918,109800
23849.589,109900
23861.168,110000
23874.230,110100
23886.376,110200
23899.231,110300
23910.878,110400
23924.088,110500
23935.443,110600
23947.217,110700
23958.955,110800
23970.506,110900
23985.160,111000
23999.463,111100
24013.098,111200
24028.467,111300
24041.530,111400
24055.979,111500
24070.498,111600
24084.702,111700
24096.697,111800
24108.686,111900
24119.507,112000
24130.837,112100
24141.976,112200
24153.723,112300
24166.395,112400
24177.693,112500
24190.521,112600
24204.301,112700
24216.453,112800
24229.172,112900
24242.586,113000
24255.675,113100
24269.771,113200
24283.659,113300
24297.310,113400
24314.030,113500
24328.927,113600
24343.867,113700
24359.010,113800
24373.753,113900
24387.996,114000
24403.942,114100
24418.585,114200
24432.164,114300
24449.344,114400
24463.996,114500
24478.420,114600
24494.291,114700
24508.787,114800
24522.909,114900
24536.399,115000
24550.276,115100
24564.754,115200
24579.420,115300
24594.344,115400
24607.797,115500
24622.115,115600
24637.395,115700
24650.220,115800
24663.114,115900
24676.088,116000
24688.381,116100
24700.987,116200
24713.715,116300
24727.111,116400
24739.673,116500
24753.646,116600
24767.573,116700
24782.856,116800
24795.351,116900
24808.956,117000
24822.676,117100
24836.544,117200
24850.340,117300
24863.428,117400
24877.979,117500
24891.232,117600
24904.066,117700
24917.577,117800
24930.776,117900
24944.756,118000
24958.302,118100
24971.526,118200
24986.319,118300
25000.396,118400
25015.327,118500
25028.523,118600
25041.186,118700
25054.872,118800
25068.331,118900
25082.794,119000
25099.095,119100
25112.909,119200
25129.159,119300
25142.100,119400
25155.955,119500
25168.710,119600
25183.040,119700
25196.958,119800
25212.442,119900
25235.341,120000
25249.519,120100
25264.516,120200
25278.454,120300
25293.532,120400
25309.123,120500
25325.656,120600
25340.926,120700
25355.157,120800
25369.237,120900
25383.618,121000
25399.284,121100
25420.623,121200
25436.108,121300
25450.280,121400
25465.165,121500
25477.681,121600
25492.073,121700
25507.014,121800
25521.565,121900
25535.031,122000
25549.832,122100
25565.063,122200
25579.889,122300
25594.205,122400
25608.619,122500
25622.201,122600
25635.748,122700
25650.568,122800
25664.348,122900
25678.554,123000
25693.529,123100
25708.589,123200
25722.817,123300
25737.296,123400
25752.751,123500
25768.114,123600
25782.784,123700
25796.944,123800
25810.038,123900
25825.249,124000
25839.849,124100
25855.517,124200
25870.559,124300
25886.533,124400
25901.832,124500
25917.025,124600
25932.136,124700
25946.659,124800
25960.895,124900
25977.026,125000
25996.463,125100
26012.458,125200
26027.175,125300
26043.358,125400
26058.972,125500
26075.070,125600
26089.727,125700
26104.838,125800
26120.113,125900
26134.849,126000
26150.199,126100
26164.769,126200
26179.197,126300
26194.681,126400
26210.859,126500
26225.650,126600
26241.412,126700
26259.602,126800
26274.723,126900
26290.638,127000
26306.743,127100
26322.332,127200
26339.870,127300
26356.240,127400
26372.221,127500
26389.241,127600
26406.133,127700
26424.460,127800
26442.338,127900
26458.860,128000
26477.168,128100
26494.852,128200
26514.033,128300
26534.844,128400
26553.193,128500
26571.475,128600
26590.829,128700
26608.372,128800
26626.713,128900
26643.508,129000
26664.312,129100
26683.649,129200
26705.182,129300
26726.225,129400
26750.708,129500
26771.124,129600
26792.479,129700
26810.642,129800
26831.105,129900
26849.836,130000
26868.647,130100
26886.392,130200
26907.088,130300
26928.576,130400
26951.596,130500
26970.725,130600
26992.365,130700
27013.310,130800
27033.610,130900
27052.142,131000
27074.347,131100
27094.404,131200
27117.690,131300
27138.947,131400
27160.946,131500
27181.252,131600
27203.744,131700
27223.617,131800
27243.816,131900
27263.727,132000
27284.215,132100
27303.810,132200
27320.923,132300
27340.533,132400
27358.193,132500
27377.055,132600
27396.173,132700
27414.529,132800
27434.073,132900
27452.243,133000
27473.654,133100
27495.016,133200
27518.017,133300
27538.847,133400
27563.907,133500
27587.091,133600
27608.957,133700
27630.720,133800
27651.598,133900
27672.757,134000
27699.198,134100
27721.164,134200
27749.824,134300
27771.440,134400
27792.171,134500
27812.117,134600
27834.086,134700
27854.509,134800
27875.530,134900
27899.246,135000
27924.117,135100
27947.292,135200
27968.817,135300
27990.730,135400
28012.062,135500
28034.235,135600
28058.057,135700
28079.799,135800
28102.981,135900
28126.293,136000
28146.580,136100
28167.315,136200
28189.040,136300
28209.679,136400
28229.942,136500
28263.000,136600
28284.513,136700
28306.316,136800
28328.521,136900
28349.754,137000
28372.270,137100
28394.803,137200
28416.389,137300
28438.378,137400
28459.588,137500
28481.326,137600
28501.987,137700
28521.985,137800
28542.835,137900
28564.228,138000
28585.821,138100
28606.121,138200
28624.571,138300
28645.557,138400
28666.222,138500
28687.925,138600
28707.681,138700
28727.174,138800
28746.643,138900
28767.600,139000
28787.361,139100
28814.068,139200
28835.200,139300
28856.599,139400
28877.637,139500
28898.519,139600
28920.515,139700
28942.733,139800
28964.362,139900
28984.631,140000
29009.243,140100
29032.021,140200
29055.679,140300
29075.600,140400
29097.645,140500
29118.581,140600
29139.205,140700
29159.899,140800
29182.120,140900
29203.747,141000
29225.674,141100
29248.667,141200
29269.874,141300
29290.547,141400
29310.292,141500
29331.810,141600
29354.229,141700
29374.460,141800
29394.252,141900
29413.970,142000
29434.496,142100
29455.144,142200
29475.571,142300
29496.542,142400
29518.080,142500
29550.485,142600
29570.975,142700
29592.927,142800
29613.051,142900
29634.477,143000
29656.330,143100
29675.720,143200
29696.378,143300
29716.170,143400
29736.963,143500
29755.876,143600
29776.862,143700
29795.195,143800
29819.686,143900
29839.646,144000
29858.855,144100
29878.879,144200
29911.232,144300
29932.511,144400
29953.395,144500
29974.047,144600
29993.856,144700
30013.980,144800
30032.562,144900
30054.807,145000
30074.094,145100
30093.417,145200
30112.555,145300
30131.432,145400
30149.564,145500
30169.339,145600
30189.716,145700
30208.541,145800
30225.913,145900
30244.857,146000
30267.606,146100
30291.611,146200
30313.243,146300
30334.291,146400
30354.186,146500
30373.456,146600
30394.925,146700
30414.667,146800
30434.865,146900
30454.749,147000
30475.005,147100
30494.537,147200
30513.054,147300
30531.507,147400
30550.198,147500
30570.364,147600
30587.609,147700
30605.777,147800
30624.528,147900
30644.501,148000
30664.392,148100
30682.696,148200
30701.835,148300
30724.398,148400
30743.562,148500
30763.523,148600
30782.974,148700
30802.688,148800
30823.768,148900
30845.858,149000
30866.894,149100
30886.950,149200
30906.620,149300
30925.427,149400
30944.157,149500
30963.963,149600
30984.928,149700
31003.511,149800
31021.304,149900
31040.447,150000
31058.080,150100
31078.317,150200
31098.726,150300
31118.933,150400
31138.322,150500
31156.410,150600
31175.952,150700
31195.153,150800
31215.334,150900
31234.976,151000
31256.351,151100
31275.030,151200
31293.122,151300
31311.965,151400
31330.710,151500
31348.109,151600
31367.710,151700
31386.851,151800
31405.913,151900
31423.909,152000
31445.891,152100
31465.059,152200
31483.221,152300
31501.726,152400
31521.121,152500
31539.366,152600
31567.253,152700
31587.473,152800
31606.199,152900
31623.933,153000
31641.280,153100
31659.766,153200
31678.746,153300
31697.697,153400
31716.495,153500
31735.513,153600
31753.769,153700
31772.780,153800
31790.943,153900
31808.493,154000
31826.773,154100
31845.291,154200
31863.781,154300
31882.490,154400
31901.240,154500
31920.182,154600
31938.512,154700
31958.104,154800
31976.548,154900
31994.646,155000
32013.660,155100
32033.694,155200
32053.793,155300
32073.040,155400
32091.990,155500
32110.664,155600
32129.091,155700
32149.684,155800
32167.372,155900
32184.635,156000
32202.916,156100
32221.590,156200
32239.240,156300
32260.198,156400
32285.841,156500
32303.209,156600
32321.575,156700
32340.219,156800
32359.034,156900
32377.644,157000
32394.969,157100
32414.359,157200
32434.037,157300
32452.956,157400
32470.807,157500
32488.890,157600
32507.428,157700
32526.920,157800
32543.836,157900
32562.069,158000
32579.334,158100
32596.710,158200
32616.550,158300
32635.635,158400
32652.660,158500
32671.214,158600
32690.603,158700
32708.296,158800
32726.038,158900
32744.853,159000
32761.986,159100
32778.671,159200
32796.696,159300
32814.028,159400
32842.494,159500
32859.547,159600
32877.295,159700
32895.672,159800
32912.744,159900
32930.181,160000
32946.797,160100
32966.401,160200
32985.428,160300
33003.678,160400
33021.875,160500
33039.730,160600
33060.258,160700
33080.531,160800
33098.423,160900
33118.470,161000
33135.566,161100
33154.755,161200
33171.727,161300
33189.955,161400
33221.675,161500
33243.083,161600
33264.829,161700
33285.555,161800
33304.601,161900
33325.557,162000
33345.102,162100
33363.524,162200
33382.976,162300
33402.940,162400
33421.151,162500
33439.675,162600
33459.046,162700
33479.426,162800
33498.617,162900
33519.474,163000
33538.566,163100
33557.470,163200
33576.632,163300
33595.039,163400
33612.572,163500
33632.259,163600
33663.244,163700
33684.172,163800
33705.219,163900
33725.269,164000
33745.653,164100
33768.108,164200
33787.635,164300
33805.825,164400
33824.741,164500
33842.047,164600
33861.164,164700
33881.378,164800
33901.515,164900
33920.708,165000
33939.887,165100
33958.772,165200
33978.876,165300
33998.925,165400
34017.940,165500
34036.545,165600
34055.785,165700
34075.207,165800
34094.309,165900
34116.592,166000
34136.759,166100
34157.645,166200
34179.255,166300
34199.248,166400
34218.024,166500
34237.904,166600
34259.937,166700
34283.148,166800
34305.389,166900
34328.761,167000
34350.313,167100
34370.547,167200
34390.121,167300
34407.668,167400
34426.097,167500
34444.258,167600
34462.994,167700
34482.001,167800
34502.771,167900
34520.944,168000
34540.058,168100
34561.031,168200
34579.994,168300
34598.685,168400
34617.124,168500
34635.959,168600
34655.063,168700
34675.217,168800
34695.003,168900
34714.091,169000
34731.541,169100
34751.641,169200
34772.250,169300
34793.132,169400
34813.684,169500
34833.860,169600
34855.238,169700
34876.504,169800
34907.046,169900
34925.912,170000
34943.565,170100
34962.884,170200
34982.088,170300
34999.672,170400
35017.309,170500
35034.349,170600
35051.783,170700
35068.450,170800
35086.452,170900
35103.955,171000
35125.512,171100
35146.095,171200
35166.183,171300
35184.092,171400
35204.332,171500
35221.915,171600
35239.547,171700
35257.182,171800
35275.009,171900
35292.903,172000
35311.143,172100
35328.144,172200
35347.193,172300
35364.890,172400
35382.888,172500
35401.039,172600
35418.477,172700
35435.997,172800
35454.724,172900
35472.916,173000
35491.753,173100
35510.076,173200
35528.283,173300
35547.186,173400
35567.656,173500
35586.312,173600
35603.955,173700
35621.243,173800
35639.075,173900
35657.459,174000
35678.374,174100
35699.179,174200
35719.053,174300
35741.613,174400
35763.058,174500
35784.439,174600
35804.561,174700
35824.765,174800
35843.529,174900
35863.285,175000
35884.372,175100
35906.342,175200
35928.207,175300
35950.337,175400
35972.415,175500
35995.430,175600
36017.675,175700
36040.363,175800
36060.701,175900
36083.802,176000
36114.079,176100
36137.510,176200
36158.159,176300
36179.740,176400
36201.606,176500
36223.898,176600
36244.888,176700
36263.621,176800
36284.645,176900
36306.397,177000
36328.236,177100
36349.875,177200
36372.731,177300
36394.396,177400
36415.305,177500
36434.119,177600
36454.481,177700
36474.503,177800
36493.844,177900
36516.264,178000
36538.215,178100
36560.311,178200
36583.989,178300
36608.607,178400
36633.531,178500
36657.150,178600
36681.278,178700
36704.468,178800
36728.026,178900
36750.363,179000
36776.452,179100
36802.739,179200
36827.252,179300
36856.540,179400
36886.709,179500
36910.848,179600
36937.839,179700
36968.414,179800
36998.347,179900
37026.026,180000
37061.439,180100
37093.534,180200
37127.343,180300
37160.215,180400
37191.174,180500
37224.096,180600
37260.963,180700
37305.468,180800
37343.642,180900
37400.236,181000
37440.427,181100
37476.156,181200
37513.046,181300
37546.030,181400
37583.011,181500
37619.118,181600
37650.754,181700
37678.134,181800
37712.852,181900
37751.470,182000
37789.077,182100
37837.599,182200
37871.133,182300
37901.770,182400
37941.806,182500
37976.097,182600
37999.500,182700
38024.626,182800
38087.136,182900
38128.343,183000
38173.991,183100
38213.796,183200
38235.475,183300
38273.749,183400
38311.348,183500
38342.111,183600
38375.522,183700
38422.491,183800
38460.229,183900
38498.864,184000
38537.263,184100
38567.537,184200
38602.798,184300
38651.909,184400
38703.595,184500
38751.963,184600
38801.445,184700
38852.246,184800
38931.156,184900
38971.651,185000
39013.983,185100
39048.542,185200
39082.102,185300
39133.523,185400
39168.456,185500
39205.517,185600
39241.314,185700
39271.412,185800
39302.281,185900
39332.799,186000
39366.999,186100
39400.295,186200
39437.312,186300
39472.217,186400
39511.229,186500
39546.659,186600
39579.412,186700
39610.565,186800
39643.420,186900
39676.112,187000
39704.047,187100
39732.712,187200
39769.472,187300
39799.652,187400
39830.431,187500
39862.467,187600
39895.772,187700
39926.091,187800
39959.075,187900
39987.770,188000
40019.513,188100
40047.856,188200
40077.895,188300
40115.216,188400
40154.062,188500
40190.277,188600
40225.644,188700
40258.700,188800
40285.962,188900
40321.416,189000
40348.568,189100
40380.719,189200
40414.457,189300
40453.233,189400
40488.622,189500
40541.065,189600
40576.921,189700
40614.724,189800
40655.302,189900
40693.308,190000
40732.087,190100
40768.521,190200
40805.485,190300
40844.206,190400
40883.307,190500
40915.388,190600
40948.299,190700
40978.650,190800
41011.378,190900
41043.748,191000
41072.076,191100
41107.694,191200
41146.550,191300
41179.497,191400
41214.206,191500
41272.501,191600
41316.336,191700
41359.901,191800
41394.838,191900
41427.684,192000
41461.755,192100
41494.235,192200
41526.604,192300
41563.947,192400
41601.101,192500
41639.203,192600
41675.952,192700
41717.775,192800
41756.384,192900
41792.537,193000
41825.228,193100
41857.818,193200
41891.939,193300
41922.503,193400
41957.948,193500
41992.650,193600
42036.355,193700
42077.645,193800
42111.399,193900
42154.605,194000
42203.628,194100
42247.649,194200
42291.177,194300
42335.006,194400
42375.212,194500
42417.236,194600
42452.761,194700
42492.497,194800
42527.591,194900
42562.969,195000
42607.169,195100
42645.902,195200
42679.246,195300
42715.110,195400
42749.962,195500
42789.842,195600
42824.796,195700
42857.202,195800
42902.367,195900
42939.069,196000
42975.441,196100
43009.002,196200
43045.690,196300
43078.354,196400
43121.378,196500
43163.530,196600
43203.404,196700
43242.937,196800
43280.540,196900
43318.648,197000
44820.385,197100
44876.158,197200
44915.495,197300
44960.203,197400
45006.745,197500
45054.686,197600
45095.901,197700
45137.371,197800
45178.748,197900
45221.841,198000
45264.094,198100
45305.465,198200
45348.037,198300
45397.917,198400
45434.679,198500
45477.025,198600
45534.490,198700
45576.904,198800
45615.931,198900
45656.776,199000
45693.315,199100
45727.773,199200
45763.000,199300
45804.218,199400
45851.376,199500
45898.657,199600
45944.112,199700
45981.300,199800
46019.488,199900
46054.106,200000
46091.123,200100
46126.387,200200
46165.196,200300
46202.354,200400
46243.928,200500
46288.248,200600
46335.697,200700
46373.907,200800
46412.834,200900
46461.265,201000
46492.487,201100
46527.312,201200
46562.762,201300
46599.034,201400
46643.967,201500
46692.352,201600
46742.550,201700
46789.003,201800
46847.860,201900
46901.070,202000
46944.177,202100
46993.678,202200
47044.092,202300
47088.443,202400
47138.304,202500
47184.895,202600
47227.163,202700
47269.742,202800
47312.557,202900
47353.108,203000
47398.739,203100
47443.132,203200
47494.147,203300
47531.848,203400
47574.698,203500
47619.956,203600
47663.007,203700
47713.088,203800
47751.814,203900
47796.217,204000
47841.368,204100
47880.570,204200
47925.112,204300
47968.364,204400
48007.908,204500
48058.479,204600
48103.517,204700
48144.191,204800
48184.579,204900
48225.031,205000
48261.041,205100
48288.695,205200
48319.809,205300
48349.628,205400
48381.507,205500
48417.174,205600
48456.028,205700
48499.693,205800
48538.846,205900
48576.947,206000
48614.996,206100
48665.489,206200
48705.737,206300
48738.742,206400
48790.871,206500
48831.289,206600
48875.029,206700
48925.925,206800
48969.248,206900
49010.664,207000
49051.917,207100
49090.591,207200
49130.093,207300
49165.257,207400
49200.462,207500
49249.950,207600
49287.970,207700
49327.389,207800
49373.926,207900
49417.730,208000
49464.656,208100
49510.784,208200
49557.090,208300
49609.889,208400
49650.871,208500
49700.255,208600
49748.851,208700
49793.533,208800
49842.064,208900
49893.308,209000
49939.035,209100
49983.324,209200
50023.380,209300
50061.373,209400
50103.082,209500
50151.562,209600
50194.497,209700
50240.631,209800
50282.777,209900
50328.944,210000
50386.859,210100
50429.781,210200
50473.663,210300
50520.834,210400
50558.706,210500
50591.938,210600
50627.267,210700
50663.246,210800
50716.647,210900
50767.731,211000
50816.515,211100
50867.215,211200
50918.952,211300
50965.193,211400
51017.124,211500
51069.069,211600
51111.891,211700
51159.677,211800
51206.139,211900
51261.826,212000
51318.836,212100
51382.036,212200
51431.928,212300
51479.872,212400
51534.520,212500
51586.769,212600
51645.253,212700
51704.254,212800
51758.657,212900
51829.918,213000
51888.331,213100
51940.896,213200
51988.632,213300
52039.579,213400
52089.891,213500
52133.206,213600
52179.241,213700
52243.267,213800
52290.777,213900
52354.734,214000
52422.920,214100
52471.016,214200
52522.873,214300
52564.263,214400
52605.121,214500
52641.625,214600
52694.195,214700
52740.392,214800
52790.685,214900
52833.047,215000
52884.413,215100
52935.952,215200
52987.286,215300
53034.490,215400
53081.086,215500
53125.861,215600
53173.467,215700
53251.374,215800
53301.017,215900
53359.643,216000
53426.906,216100
53495.562,216200
53554.882,216300
53614.135,216400
53662.284,216500
53716.556,216600
53774.589,216700
53845.956,216800
53908.297,216900
53979.195,217000
54046.468,217100
54101.994,217200
54156.109,217300
54209.623,217400
54261.600,217500
54311.470,217600
54373.128,217700
54433.831,217800
54484.323,217900
54543.054,218000
54602.518,218100
54656.763,218200
54715.070,218300
54771.553,218400
54830.450,218500
54886.433,218600
54942.086,218700
54991.508,218800
55044.448,218900
55092.975,219000
55156.663,219100
55216.338,219200
55275.646,219300
55332.432,219400
55383.314,219500
55438.096,219600
55497.427,219700
55552.200,219800
55604.221,219900
55663.647,220000
55720.309,220100
55786.967,220200
55844.457,220300
55904.480,220400
55982.014,220500
56043.412,220600
56097.317,220700
56158.491,220800
56219.448,220900
56275.681,221000
56332.548,221100
56391.355,221200
56443.521,221300
56493.538,221400
56537.532,221500
56590.193,221600
56634.079,221700
56684.430,221800
56735.752,221900
56788.743,222000
56845.986,222100
58376.183,222200
58436.607,222300
58490.610,222400
58554.664,222500
58611.377,222600
58668.261,222700
58729.435,222800
58787.293,222900
58846.536,223000
58900.303,223100
58964.062,223200
59022.708,223300
59073.713,223400
59135.235,223500
59192.435,223600
59266.428,223700
59333.791,223800
59396.454,223900
59449.551,224000
59500.532,224100
59554.792,224200
59613.963,224300
59677.413,224400
59745.921,224500
59813.857,224600
59883.109,224700
59964.820,224800
60019.261,224900
60071.644,225000
60135.172,225100
60190.258,225200
60255.547,225300
60311.817,225400
60376.849,225500
60437.856,225600
60496.233,225700
60549.904,225800
60606.250,225900
60663.531,226000
60724.198,226100
60766.456,226200
60810.091,226300
60856.365,226400
60902.819,226500
60950.610,226600
61004.556,226700
61055.361,226800
61105.814,226900
61150.915,227000
61200.974,227100
61249.292,227200
61305.076,227300
61358.766,227400
61424.430,227500
61476.140,227600
61527.102,227700
61594.958,227800
61663.031,227900
61735.549,228000
61795.711,228100
61869.149,228200
61941.367,228300
61999.958,228400
62067.380,228500
62138.390,228600
62204.184,228700
62268.024,228800
62340.146,228900
62396.915,229000
62443.204,229100
62506.073,229200
62570.019,229300
62642.758,229400
62711.453,229500
62791.086,229600
62863.744,229700
62943.113,229800
63013.309,229900
63071.400,230000
63137.899,230100
63207.040,230200
63280.232,230300
63356.758,230400
63418.635,230500
63492.249,230600
63570.923,230700
63652.045,230800
63746.579,230900
63806.607,231000
63876.588,231100
63938.810,231200
63996.067,231300
64063.510,231400
64127.040,231500
64191.543,231600
64258.698,231700
64317.415,231800
64397.536,231900
64455.861,232000
64539.660,232100
64611.736,232200
64671.803,232300
64723.725,232400
64780.028,232500
64841.901,232600
64934.660,232700
65004.610,232800
65070.158,232900
65148.249,233000
65231.653,233100
65308.582,233200
65367.180,233300
65425.014,233400
65495.217,233500
65565.736,233600
65627.114,233700
65684.525,233800
65751.267,233900
65812.252,234000
65881.445,234100
65951.842,234200
66022.510,234300
66087.954,234400
66142.502,234500
66207.579,234600
66285.807,234700
66343.734,234800
66408.432,234900
66470.919,235000
66540.846,235100
66604.554,235200
66671.404,235300
66739.731,235400
66808.627,235500
66873.476,235600
66944.715,235700
67004.563,235800
67067.488,235900
67126.540,236000
67191.606,236100
67261.633,236200
67333.338,236300
67410.530,236400
67480.208,236500
67542.894,236600
67608.623,236700
67672.222,236800
67727.331,236900
67786.565,237000
67852.592,237100
67916.729,237200
67981.835,237300
68037.923,237400
68101.063,237500
68171.980,237600
68227.961,237700
68291.094,237800
68347.265,237900
68398.969,238000
68475.155,238100
68527.773,238200
68587.709,238300
68652.481,238400
68712.123,238500
68776.335,238600
68832.117,238700
68893.232,238800
68944.959,238900
69000.803,239000
69049.879,239100
69096.493,239200
69144.657,239300
69192.652,239400
69239.552,239500
69298.225,239600
69360.607,239700
69415.208,239800
71056.842,239900
71126.548,240000
71178.739,240100
71253.327,240200
71318.099,240300
71372.590,240400
71423.880,240500
71488.412,240600
71541.188,240700
71594.588,240800
71649.768,240900
71703.171,241000
71760.587,241100
71809.709,241200
71855.141,241300
71911.169,241400
71969.384,241500
72026.728,241600
72076.379,241700
72118.032,241800
72167.845,241900
72226.301,242000
72287.723,242100
72347.560,242200
72421.004,242300
72480.908,242400
72549.327,242500
72606.032,242600
72658.936,242700
72707.148,242800
72756.785,242900
72802.091,243000
72854.756,243100
72923.240,243200
72983.678,243300
73029.992,243400
73088.211,243500
73150.398,243600
73204.149,243700
73261.891,243800
73317.607,243900
73364.427,244000
73405.741,244100
73455.243,244200
73509.371,244300
73566.162,244400
73615.106,244500
73664.004,244600
73710.161,244700
73762.338,244800
73801.665,244900
73854.004,245000
73897.440,245100
73938.999,245200
73977.111,245300
74021.752,245400
74064.888,245500
74114.680,245600
74159.176,245700
74211.124,245800
74261.420,245900
74308.521,246000
74362.549,246100
74424.400,246200
74496.566,246300
74545.500,246400
74591.630,246500
74640.250,246600
74688.177,246700
74735.762,246800
74789.000,246900
74840.623,247000
74906.595,247100
74966.758,247200
75021.138,247300
75076.302,247400
75124.745,247500
75165.310,247600
75209.510,247700
75252.066,247800
75289.963,247900
75348.281,248000
75401.288,248100
75459.780,248200
75528.831,248300
75587.158,248400
75640.758,248500
75691.866,248600
75737.577,248700
75782.907,248800
75822.813,248900
75877.259,249000
75928.567,249100
75978.645,249200
76042.286,249300
76104.165,249400
76161.944,249500
76218.035,249600
76298.111,249700
76352.474,249800
76411.659,249900
76459.379,250000
76515.743,250100
76566.555,250200
76614.033,250300
76670.066,250400
76724.635,250500
76779.667,250600
76836.185,250700
76893.233,250800
76941.799,250900
77006.609,251000
77050.487,251100
77102.956,251200
77154.956,251300
77200.033,251400
77237.569,251500
77281.133,251600
77319.762,251700
77378.302,251800
77451.065,251900
77502.276,252000
77565.177,252100
77630.128,252200
77692.964,252300
77755.506,252400
77831.652,252500
77886.417,252600
77941.960,252700
77987.199,252800
78041.007,252900
78101.761,253000
78171.285,253100
78227.017,253200
78287.981,253300
78347.510,253400
78411.138,253500
78464.048,253600
78521.469,253700
78575.367,253800
78661.806,253900
78728.549,254000
78787.567,254100
78846.046,254200
78917.430,254300
78981.721,254400
79043.496,254500
79112.535,254600
79176.587,254700
79232.874,254800
79289.762,254900
79348.191,255000
79410.391,255100
79470.150,255200
79518.577,255300
79561.304,255400
79611.163,255500
79653.544,255600
79697.191,255700
79770.425,255800
79824.455,255900
79876.344,256000
79934.379,256100
80001.296,256200
80061.749,256300
80116.863,256400
80178.602,256500
80239.549,256600
80296.042,256700
80349.989,256800
80397.233,256900
80454.389,257000
80504.685,257100
80580.959,257200
80627.720,257300
80679.243,257400
80728.759,257500
80786.725,257600
80832.076,257700
80879.160,257800
80921.406,257900
80965.514,258000
81011.124,258100
81070.873,258200
81123.408,258300
81191.248,258400
81245.153,258500
81316.773,258600
81378.747,258700
81430.442,258800
81493.813,258900
81547.002,259000
81607.278,259100
81656.941,259200
81710.498,259300
81755.989,259400
81807.387,259500
81855.816,259600
81916.041,259700
81977.443,259800
82034.549,259900
82081.325,260000
82137.615,260100
82191.818,260200
82263.191,260300
82309.788,260400
82372.209,260500
82422.343,260600
82471.323,260700
82525.410,260800
82576.137,260900
82640.875,261000
82693.113,261100
82762.610,261200
82818.897,261300
82885.950,261400
82945.763,261500
83005.031,261600
83062.670,261700
83113.130,261800
83159.649,261900
83201.580,262000
83253.947,262100
83308.208,262200
83371.775,262300
83424.267,262400
83480.401,262500
83536.938,262600
83597.724,262700
83651.512,262800
83711.764,262900
83770.557,263000
85344.980,263100
85398.679,263200
85445.878,263300
85499.317,263400
85551.170,263500
85600.102,263600
85657.917,263700
85712.872,263800
85763.345,263900
85817.110,264000
85866.445,264100
85933.759,264200
85997.831,264300
86060.517,264400
86121.085,264500
86171.435,264600
86230.785,264700
86288.987,264800
86335.843,264900
86391.354,265000
86448.146,265100
86507.789,265200
86562.021,265300
86633.169,265400
86686.474,265500
86748.137,265600
86813.609,265700
86880.520,265800
86934.619,265900
86989.828,266000
87041.285,266100
87092.750,266200
87150.378,266300
87205.952,266400
87261.640,266500
87327.258,266600
87383.457,266700
87447.630,266800
87500.513,266900
87562.872,267000
87622.686,267100
87687.984,267200
87738.328,267300
87787.334,267400
87836.723,267500
87886.428,267600
87931.014,267700
87982.851,267800
88033.471,267900
88098.900,268000
88160.865,268100
88241.019,268200
88314.389,268300
88390.870,268400
88481.619,268500
88573.889,268600
88658.701,268700
88737.789,268800
88804.664,268900
88860.000,269000
88933.633,269100
88994.173,269200
89081.971,269300
89142.092,269400
89227.452,269500
89299.948,269600
89388.090,269700
89472.203,269800
89521.722,269900
89584.375,270000
89634.261,270100
89702.769,270200
89794.484,270300
89925.712,270400
90045.351,270500
90138.137,270600
90228.075,270700
90322.116,270800
90417.107,270900
90508.636,271000
90594.844,271100
90669.568,271200
90741.336,271300
90810.071,271400
90894.424,271500
90985.677,271600
91093.921,271700
91189.207,271800
91295.376,271900
91396.597,272000
91477.822,272100
91586.821,272200
91680.228,272300
91752.164,272400
91826.458,272500
91914.295,272600
92009.148,272700
92094.503,272800
92171.509,272900
92260.334,273000
92363.062,273100
92497.515,273200
92597.547,273300
92658.481,273400
92741.580,273500
92815.057,273600
92881.039,273700
92942.462,273800
92998.127,273900
93074.346,274000
93169.957,274100
93235.623,274200
93329.365,274300
93408.137,274400
93472.363,274500
93548.912,274600
93623.474,274700
93696.766,274800
93761.758,274900
93829.224,275000
93899.045,275100
93965.599,275200
94045.510,275300
94124.142,275400
94190.794,275500
94291.709,275600
94375.440,275700
94436.215,275800
94505.934,275900
94573.795,276000
94643.840,276100
94721.678,276200
94795.049,276300
94857.836,276400
94923.697,276500
95001.671,276600
95071.293,276700
95146.616,276800
95221.584,276900
95286.164,277000
95350.283,277100
95421.260,277200
95486.591,277300
95546.769,277400
95626.710,277500
95689.544,277600
95759.060,277700
95830.116,277800
95898.157,277900
95957.901,278000
96000.808,278100
96058.394,278200
96132.891,278300
96211.155,278400
96292.066,278500
96359.266,278600
96434.096,278700
96497.277,278800
96573.116,278900
96660.754,279000
96721.517,279100
96803.995,279200
96864.743,279300
96940.449,279400
97002.606,279500
97065.873,279600
97124.349,279700
97189.979,279800
97245.602,279900
97309.559,280000
97367.199,280100
97421.320,280200
97483.775,280300
97560.888,280400
99278.200,280500
99408.026,280600
99492.911,280700
99560.041,280800
99658.285,280900
99753.545,281000
99846.015,281100
99918.954,281200
99985.752,281300
100054.499,281400
100122.885,281500
100214.386,281600
100309.797,281700
100405.609,281800
100481.570,281900
100562.328,282000
100642.512,282100
100718.989,282200
100785.671,282300
100845.575,282400
100905.282,282500
100967.533,282600
101036.599,282700
101115.836,282800
101188.732,282900
101260.692,283000
101334.074,283100
101397.237,283200
101459.796,283300
101515.718,283400
101579.667,283500
101630.500,283600
101693.793,283700
101779.132,283800
101832.948,283900
101898.446,284000
101964.370,284100
102040.580,284200
102103.879,284300
102176.713,284400
102241.605,284500
102310.339,284600
102383.542,284700
102454.093,284800
102533.642,284900
102603.144,285000
102673.266,285100
102755.737,285200
102818.953,285300
102897.077,285400
102975.659,285500
103048.156,285600
103111.967,285700
103175.145,285800
103239.121,285900
103297.092,286000
103350.413,286100
103401.561,286200
103471.423,286300
103538.557,286400
103605.336,286500
103668.083,286600
103727.846,286700
103795.343,286800
103858.810,286900
103943.083,287000
104023.817,287100
104083.027,287200
104145.110,287300
104221.806,287400
104288.775,287500
104356.223,287600
104448.884,287700
104530.186,287800
104606.857,287900
104673.210,288000
104741.188,288100
104814.177,288200
104879.364,288300
104964.316,288400
105054.486,288500
105154.594,288600
105235.966,288700
105367.181,288800
105479.258,288900
105557.294,289000
105640.233,289100
105714.351,289200
105784.172,289300
105860.455,289400
105931.364,289500
106001.289,289600
106068.463,289700
106138.731,289800
106216.466,289900
106289.350,290000
106382.462,290100
106451.309,290200
106523.334,290300
106593.094,290400
106670.907,290500
106756.779,290600
106815.213,290700
106885.167,290800
106948.007,290900
107004.977,291000
107081.458,291100
107140.787,291200
107208.207,291300
107297.684,291400
107360.507,291500
107436.432,291600
107500.600,291700
107570.498,291800
107645.305,291900
107701.392,292000
107754.947,292100
107817.682,292200
107878.853,292300
107948.773,292400
108019.915,292500
108087.538,292600
108166.819,292700
108231.141,292800
108294.130,292900
108359.815,293000
108415.596,293100
108478.247,293200
108552.616,293300
108614.258,293400
108678.404,293500
108738.742,293600
108807.571,293700
108864.668,293800
108919.837,293900
108977.679,294000
109040.346,294100
109100.410,294200
110809.064,294300
110890.313,294400
110967.102,294500
111055.432,294600
111145.920,294700
111238.267,294800
111331.003,294900
111437.674,295000
111520.333,295100
111627.611,295200
111701.784,295300
111780.609,295400
111844.790,295500
111899.197,295600
111980.218,295700
112055.487,295800
112152.556,295900
112228.189,296000
112330.383,296100
112420.718,296200
112496.455,296300
112577.915,296400
112645.806,296500
112722.607,296600
112798.440,296700
112918.966,296800
112987.576,296900
113058.235,297000
113141.670,297100
113233.102,297200
113305.575,297300
113396.156,297400
113470.814,297500
113560.096,297600
113651.306,297700
113717.685,297800
113822.106,297900
113887.350,298000
113953.381,298100
114047.503,298200
114124.614,298300
114210.464,298400
114304.192,298500
114384.330,298600
114454.310,298700
114520.246,298800
114592.016,298900
114663.249,299000
114738.452,299100
114824.351,299200
114913.197,299300
114980.904,299400
115064.337,299500
115143.583,299600
115232.999,299700
115324.321,299800
115405.197,299900
115479.142,300000
115543.230,300100
115603.557,300200
115688.109,300300
115768.607,300400
115849.335,300500
115927.789,300600
116006.056,300700
116095.479,300800
116183.228,300900
116251.253,301000
116336.363,301100
116398.626,301200
116478.113,301300
116547.127,301400
116640.449,301500
116746.095,301600
116823.979,301700
116917.353,301800
116993.049,301900
117080.417,302000
117152.433,302100
117238.011,302200
117330.273,302300
117392.249,302400
117465.581,302500
117548.836,302600
117630.959,302700
117720.819,302800
117820.167,302900
117903.740,303000
117998.448,303100
118090.795,303200
118164.806,303300
118244.037,303400
118320.695,303500
118389.634,303600
118487.265,303700
118561.537,303800
118637.654,303900
118716.554,304000
118804.045,304100
118869.341,304200
118963.946,304300
119053.900,304400
119142.086,304500
119235.790,304600
119307.200,304700
119373.350,304800
119462.494,304900
119550.048,305000
119650.344,305100
119740.717,305200
119821.434,305300
119904.085,305400
119987.003,305500
120071.087,305600
120142.376,305700
120217.067,305800
120273.918,305900
120349.122,306000
120420.536,306100
120493.678,306200
120574.678,306300
120655.654,306400
120731.934,306500
120818.494,306600
120898.470,306700
120973.368,306800
121041.773,306900
121107.552,307000
121172.307,307100
121226.567,307200
121308.898,307300
121380.752,307400
123116.670,307500
123192.711,307600
123270.677,307700
123346.000,307800
123416.316,307900
123491.574,308000
123550.945,308100
123621.595,308200
123678.677,308300
123752.969,308400
123823.770,308500
123901.625,308600
124008.362,308700
124104.425,308800
124188.705,308900
124277.555,309000
124368.402,309100
124440.444,309200
124497.755,309300
124568.787,309400
124643.906,309500
124710.098,309600
124797.657,309700
124886.789,309800
124963.200,309900
125052.188,310000
125135.539,310100
125204.315,310200
125281.907,310300
125344.391,310400
125412.729,310500
125484.460,310600
125561.460,310700
125655.097,310800
125757.510,310900
125819.101,311000
125919.669,311100
125988.817,311200
126061.904,311300
126140.159,311400
126197.300,311500
126265.910,311600
126330.736,311700
126402.527,311800
126477.895,311900
126556.865,312000
126647.465,312100
126726.720,312200
126806.626,312300
126875.035,312400
126956.054,312500
127030.048,312600
127089.843,312700
127179.307,312800
127258.939,312900
127328.808,313000
127410.681,313100
127477.568,313200
127554.939,313300
127640.492,313400
127709.404,313500
127785.107,313600
127847.560,313700
127908.830,313800
127981.191,313900
128087.143,314000
128170.157,314100
128255.907,314200
128373.533,314300
128440.433,314400
128516.805,314500
128592.735,314600
128659.042,314700
128721.394,314800
128789.443,314900
128860.934,315000
128933.721,315100
129001.274,315200
129080.532,315300
129152.767,315400
129240.539,315500
129314.331,315600
129387.600,315700
129458.454,315800
129564.117,315900
129633.992,316000
129699.204,316100
129766.957,316200
129834.641,316300
129896.981,316400
129965.090,316500
130055.040,316600
130131.480,316700
130201.934,316800
130271.989,316900
130351.079,317000
130418.511,317100
130481.315,317200
130550.542,317300
130625.671,317400
130707.651,317500
130778.255,317600
130846.314,317700
130944.308,317800
131004.511,317900
131081.283,318000
131146.122,318100
131215.893,318200
131278.064,318300
131331.647,318400
131396.972,318500
131464.531,318600
131550.026,318700
131634.234,318800
131701.711,318900
131770.883,319000
131842.294,319100
131911.229,319200
131997.859,319300
132055.417,319400
132123.512,319500
132209.516,319600
133961.939,319700
134087.903,319800
134216.418,319900
134326.863,320000
134420.652,320100
134498.067,320200
134582.412,320300
134680.363,320400
134741.782,320500
134814.732,320600
134910.663,320700
135013.177,320800
135107.569,320900
135211.209,321000
135301.938,321100
135385.431,321200
135473.268,321300
135560.551,321400
135638.101,321500
135723.480,321600
135797.353,321700
135869.530,321800
135949.810,321900
136035.762,322000
136131.036,322100
136223.000,322200
136320.622,322300
136418.617,322400
136505.127,322500
136609.865,322600
136713.493,322700
136826.550,322800
136916.353,322900
137026.234,323000
137131.120,323100
137226.911,323200
137327.498,323300
137425.049,323400
137514.091,323500
137614.327,323600
137710.551,323700
137795.996,323800
137866.773,323900
137962.266,324000
138044.477,324100
138155.477,324200
138251.025,324300
138349.815,324400
138461.522,324500
138559.923,324600
138644.134,324700
138732.530,324800
138823.380,324900
138901.678,325000
139003.216,325100
139111.113,325200
139233.845,325300
139333.372,325400
139464.886,325500
139548.219,325600
139650.823,325700
139757.911,325800
139831.914,325900
139911.587,326000
140023.950,326100
140123.813,326200
140227.546,326300
140322.703,326400
140416.095,326500
140518.020,326600
140647.708,326700
140735.190,326800
140829.445,326900
140917.503,327000
141017.885,327100
141105.273,327200
141230.987,327300
141333.176,327400
141435.073,327500
141538.729,327600
141628.551,327700
141723.165,327800
141807.657,327900
141891.766,328000
141980.280,328100
142065.088,328200
142184.499,328300
142289.416,328400
142384.513,328500
142485.423,328600
142581.583,328700
142682.232,328800
142796.324,328900
142899.506,329000
142985.559,329100
143079.529,329200
143182.306,329300
143269.712,329400
143387.563,329500
143495.401,329600
143598.915,329700
145449.558,329800
145588.812,329900
145724.295,330000
145839.415,330100
145945.832,330200
146066.140,330300
146181.985,330400
146320.557,330500
146422.193,330600
146548.399,330700
146673.064,330800
146779.852,330900
146897.872,331000
146983.114,331100
147074.313,331200
147177.480,331300
147282.370,331400
147399.420,331500
147508.271,331600
147604.996,331700
147703.941,331800
147806.147,331900
147891.534,332000
148007.330,332100
148105.561,332200
148197.838,332300
148344.037,332400
148471.151,332500
148574.393,332600
148715.293,332700
148835.299,332800
148945.256,332900
149047.373,333000
149144.387,333100
149251.277,333200
149361.750,333300
149462.749,333400
149571.895,333500
149667.700,333600
149755.156,333700
149861.477,333800
149948.433,333900
150037.882,334000
150139.935,334100
150222.409,334200
150324.979,334300
150453.738,334400
150608.539,334500
150715.226,334600
150842.857,334700
150968.208,334800
151084.336,334900
151201.878,335000
151302.352,335100
151405.380,335200
151526.163,335300
151631.421,335400
151732.129,335500
151833.551,335600
151941.757,335700
152010.670,335800
152085.631,335900
152167.304,336000
152257.625,336100
152351.161,336200
152421.983,336300
152523.656,336400
152604.238,336500
152712.048,336600
152803.789,336700
152914.014,336800
152988.890,336900
153060.971,337000
153157.744,337100
153247.164,337200
153336.869,337300
153436.281,337400
153534.293,337500
153620.566,337600
153738.496,337700
153819.326,337800
153914.415,337900
154019.170,338000
154113.225,338100
154229.800,338200
154335.640,338300
156070.462,338400
156174.954,338500
156305.200,338600
156422.667,338700
156584.375,338800
156733.833,338900
156863.925,339000
157006.764,339100
157115.609,339200
157253.354,339300
157385.340,339400
157480.797,339500
157592.524,339600
157713.943,339700
157853.657,339800
157968.740,339900
158069.706,340000
158187.069,340100
158306.498,340200
158439.594,340300
158571.564,340400
158711.697,340500
158860.715,340600
158976.179,340700
159077.152,340800
159167.169,340900
159260.021,341000
159358.329,341100
159454.904,341200
159553.968,341300
159673.435,341400
159762.944,341500
159876.564,341600
159990.271,341700
160106.332,341800
160197.870,341900
160305.962,342000
160399.897,342100
160485.894,342200
160575.835,342300
160671.449,342400
160768.449,342500
160899.025,342600
161011.316,342700
161121.374,342800
161248.268,342900
161356.126,343000
161481.304,343100
161604.075,343200
161748.487,343300
161877.269,343400
161993.181,343500
162132.108,343600
162242.646,343700
162352.407,343800
162475.930,343900
162612.102,344000
162723.939,344100
162817.213,344200
162915.449,344300
163003.634,344400
163126.629,344500
163253.746,344600
163350.622,344700
163460.473,344800
163609.737,344900
163725.582,345000
163823.567,345100
163935.498,345200
164054.425,345300
164159.990,345400
164271.442,345500
164408.506,345600
164507.599,345700
164630.090,345800
164748.970,345900
164858.685,346000
166638.871,346100
166792.562,346200
166958.427,346300
167121.930,346400
167267.413,346500
167408.337,346600
167515.110,346700
167644.908,346800
167789.291,346900
167929.129,347000
168057.067,347100
168190.488,347200
168334.692,347300
168486.141,347400
168624.098,347500
168746.595,347600
168851.424,347700
168971.372,347800
169118.290,347900
169232.883,348000
169402.859,348100
169535.987,348200
169659.669,348300
169795.096,348400
169929.490,348500
170042.601,348600
170162.786,348700
170288.643,348800
170414.254,348900
170490.792,349000
170603.352,349100
170691.876,349200
170802.223,349300
170922.434,349400
171010.584,349500
171123.603,349600
171229.963,349700
171318.878,349800
171436.809,349900
171553.918,350000
171660.074,350100
171801.392,350200
171973.927,350300
172132.959,350400
172250.741,350500
172371.192,350600
172479.430,350700
172591.132,350800
172712.756,350900
172835.536,351000
172954.006,351100
173087.810,351200
173223.070,351300
173353.922,351400
173497.364,351500
173609.061,351600
173732.102,351700
173845.573,351800
173963.405,351900
174092.874,352000
174223.876,352100
174346.578,352200
174480.927,352300
174594.555,352400
174714.383,352500
174833.084,352600
174955.799,352700
175082.974,352800
175198.971,352900
175315.874,353000
175430.302,353100
175554.193,353200
175679.042,353300
175813.309,353400
177722.283,353500
177871.130,353600
178018.877,353700
178139.828,353800
178296.824,353900
178473.400,354000
178621.149,354100
178781.193,354200
178966.217,354300
179130.921,354400
179246.680,354500
179368.378,354600
179508.019,354700
179629.314,354800
179779.668,354900
179928.630,355000
180057.837,355100
180195.870,355200
180332.467,355300
180468.128,355400
180633.033,355500
180778.646,355600
180906.402,355700
181033.757,355800
181149.594,355900
181315.971,356000
181452.753,356100
181577.349,356200
181725.424,356300
181840.610,356400
181957.687,356500
182081.314,356600
182210.276,356700
182308.456,356800
182422.634,356900
182541.321,357000
182678.118,357100
182830.604,357200
182964.311,357300
183063.460,357400
183187.237,357500
183362.976,357600
183507.524,357700
183629.541,357800
183754.821,357900
183888.339,358000
184000.533,358100
184138.154,358200
184286.321,358300
184408.287,358400
184544.181,358500
184694.744,358600
184848.494,358700
184961.437,358800
185078.947,358900
185234.599,359000
185396.917,359100
185534.510,359200
185682.281,359300
185819.726,359400
185928.625,359500
186059.975,359600
186171.280,359700
186254.385,359800
186366.515,359900
186483.104,360000
186600.417,360100
186730.708,360200
186870.412,360300
187004.395,360400
188855.142,360500
189060.499,360600
189258.227,360700
189456.422,360800
189609.650,360900
189797.827,361000
190027.439,361100
190219.771,361200
190477.361,361300
190654.157,361400
190808.991,361500
190978.145,361600
191166.652,361700
191305.118,361800
191438.883,361900
191597.319,362000
191795.152,362100
191988.258,362200
192104.126,362300
192253.406,362400
192389.749,362500
192514.826,362600
192682.691,362700
192877.100,362800
192994.315,362900
193148.216,363000
193323.673,363100
193475.691,363200
193683.505,363300
193868.004,363400
194013.758,363500
194177.975,363600
194326.458,363700
194463.146,363800
194587.540,363900
194748.774,364000
194861.353,364100
195052.314,364200
195234.760,364300
195409.013,364400
195586.523,364500
195797.566,364600
195957.448,364700
196126.440,364800
196311.928,364900
196496.738,365000
196710.364,365100
196872.837,365200
197017.295,365300
198857.095,365400
199065.663,365500
199279.304,365600
199474.094,365700
199691.114,365800
199891.098,365900
200101.450,366000
200288.793,366100
200451.779,366200
200598.346,366300
200805.042,366400
200966.696,366500
201103.485,366600
201268.413,366700
201395.794,366800
201531.995,366900
201659.335,367000
201825.092,367100
202003.045,367200
202167.420,367300
202403.296,367400
202617.450,367500
202879.371,367600
203098.411,367700
203309.677,367800
203572.211,367900
203803.757,368000
203919.213,368100
204079.038,368200
204225.858,368300
204446.148,368400
204656.556,368500
204874.382,368600
205075.353,368700
205249.234,368800
205379.592,368900
205497.089,369000
205619.073,369100
205750.451,369200
205898.808,369300
206008.059,369400
206155.377,369500
206318.309,369600
206536.269,369700
206699.877,369800
206862.031,369900
206994.167,370000
208751.073,370100
208921.155,370200
209097.581,370300
209256.975,370400
209442.112,370500
209615.980,370600
209750.174,370700
209928.717,370800
210085.181,370900
210253.366,371000
210431.346,371100
210586.157,371200
210735.581,371300
210910.091,371400
211093.945,371500
211240.101,371600
211405.691,371700
211569.389,371800
211731.303,371900
211870.489,372000
212028.455,372100
212154.576,372200
212325.761,372300
212465.993,372400
212668.434,372500
212820.284,372600
213030.684,372700
213212.049,372800
213362.087,372900
213490.972,373000
213629.717,373100
213785.238,373200
213900.231,373300
214059.123,373400
214206.127,373500
214441.018,373600
214621.377,373700
214854.291,373800
215051.017,373900
215223.625,374000
215431.571,374100
215612.801,374200
215800.396,374300
215967.912,374400
216149.671,374500
216351.451,374600
216574.571,374700
216752.198,374800
216957.636,374900
217193.562,375000
217369.784,375100
217519.744,375200
217666.264,375300
217835.069,375400
218017.145,375500
218175.053,375600
220063.678,375700
220253.066,375800
220445.743,375900
220662.905,376000
220860.323,376100
221030.620,376200
221245.985,376300
221403.732,376400
221619.797,376500
221839.522,376600
222019.698,376700
222226.322,376800
222462.976,376900
222616.390,377000
222787.900,377100
222957.571,377200
223100.852,377300
223241.816,377400
223434.645,377500
223573.306,377600
223709.006,377700
223894.136,377800
224096.574,377900
224265.550,378000
224452.359,378100
224657.636,378200
224861.151,378300
225023.885,378400
225182.655,378500
225344.412,378600
225505.634,378700
225669.235,378800
225831.790,378900
225992.665,379000
226144.434,379100
226328.563,379200
226548.219,379300
226700.722,379400
226853.961,379500
226990.467,379600
227154.191,379700
227361.894,379800
227504.732,379900
227650.570,380000
227802.684,380100
227934.246,380200
228116.843,380300
228276.051,380400
228422.328,380500
228599.405,380600
228738.614,380700
228895.140,380800
229042.656,380900
229198.381,381000
229353.898,381100
229524.049,381200
229671.646,381300
231546.161,381400
231726.534,381500
231923.608,381600
232124.045,381700
232360.196,381800
232580.225,381900
232844.852,382000
233137.973,382100
233364.514,382200
233592.006,382300
233789.386,382400
233984.275,382500
234164.805,382600
234360.450,382700
234571.721,382800
234723.217,382900
234953.347,383000
235143.039,383100
235321.051,383200
235508.351,383300
235668.439,383400
235852.800,383500
236020.617,383600
236164.737,383700
236320.727,383800
236489.885,383900
236653.792,384000
236866.584,384100
237059.018,384200
237217.416,384300
237457.048,384400
237627.490,384500
237774.598,384600
237923.819,384700
238046.843,384800
238244.165,384900
238426.209,385000
238593.200,385100
238775.136,385200
238949.927,385300
239102.526,385400
239322.243,385500
239482.671,385600
239668.331,385700
239839.979,385800
239971.801,385900
240148.322,386000
240326.672,386100
240478.339,386200
240690.128,386300
240883.023,386400
241089.131,386500
243031.787,386600
243304.433,386700
243562.220,386800
243821.757,386900
244034.563,387000
244274.164,387100
244529.877,387200
244828.933,387300
245041.972,387400
245299.890,387500
245522.928,387600
245723.934,387700
245945.348,387800
246180.176,387900
246442.001,388000
246701.983,388100
246905.111,388200
247146.762,388300
247349.925,388400
247533.327,388500
247732.619,388600
247938.828,388700
248152.789,388800
248374.476,388900
248558.930,389000
248759.671,389100
249022.460,389200
249235.575,389300
249400.739,389400
249596.601,389500
249808.752,389600
249991.796,389700
250139.844,389800
250348.155,389900
250553.779,390000
250726.168,390100
250874.258,390200
251025.812,390300
251206.611,390400
251348.265,390500
251482.681,390600
251667.267,390700
251828.444,390800
252030.893,390900
252183.367,391000
252355.479,391100
254101.279,391200
254315.845,391300
254533.162,391400
254733.363,391500
254951.027,391600
255111.498,391700
255312.548,391800
255519.782,391900
255757.609,392000
255969.674,392100
256204.950,392200
256378.859,392300
256600.266,392400
256794.102,392500
256976.403,392600
257169.385,392700
257345.368,392800
257561.582,392900
257729.942,393000
257952.772,393100
258135.596,393200
258336.885,393300
258556.003,393400
258814.226,393500
259026.045,393600
259261.563,393700
259475.325,393800
259684.115,393900
259914.508,394000
260184.849,394100
260446.769,394200
260694.545,394300
260967.899,394400
261165.500,394500
261367.793,394600
261537.013,394700
261712.143,394800
261893.811,394900
262076.061,395000
262289.038,395100
262495.475,395200
262715.127,395300
262928.721,395400
263149.275,395500
263342.151,395600
265432.183,395700
265709.276,395800
265963.031,395900
266260.233,396000
266593.462,396100
266999.614,396200
267392.114,396300
267700.591,396400
267973.254,396500
268224.016,396600
268486.350,396700
268766.836,396800
269060.786,396900
269389.214,397000
269641.120,397100
269917.698,397200
270180.039,397300
270423.340,397400
270638.559,397500
270836.179,397600
271033.151,397700
271244.553,397800
271419.879,397900
271612.425,398000
271793.573,398100
271997.858,398200
272170.842,398300
272395.031,398400
272625.473,398500
272886.197,398600
273102.363,398700
273343.222,398800
273570.452,398900
273780.839,399000
273979.722,399100
274195.388,399200
274399.620,399300
274608.417,399400
274864.669,399500
275089.800,399600
275333.775,399700
275552.373,399800
277549.810,399900
277806.542,400000
278051.369,400100
278332.544,400200
278551.195,400300
278790.886,400400
279102.650,400500
279384.673,400600
279676.720,400700
279962.034,400800
280240.174,400900
280550.974,401000
280791.770,401100
281019.487,401200
281298.406,401300
281517.957,401400
281729.028,401500
281929.747,401600
282168.515,401700
282377.811,401800
282625.130,401900
282835.919,402000
283057.399,402100
283239.756,402200
283480.544,402300
283678.135,402400
283855.107,402500
284059.174,402600
284284.955,402700
284488.401,402800
284697.029,402900
284907.416,403000
285105.426,403100
285287.273,403200
285529.358,403300
285710.957,403400
285876.949,403500
286077.883,403600
286307.499,403700
286501.005,403800
288347.347,403900
288630.792,404000
288886.294,404100
289132.557,404200
289367.241,404300
289619.999,404400
289924.037,404500
290186.238,404600
290473.735,404700
290673.807,404800
290994.140,404900
291257.967,405000
291575.409,405100
291867.892,405200
292152.821,405300
292407.164,405400
292703.888,405500
292929.991,405600
293128.592,405700
293343.978,405800
293573.094,405900
293763.099,406000
293987.259,406100
294207.540,406200
294385.823,406300
294588.782,406400
294762.785,406500
294972.663,406600
295196.914,406700
295400.512,406800
295611.513,406900
295846.489,407000
296020.270,407100
296224.890,407200
296431.204,407300
296609.168,407400
296826.062,407500
297026.700,407600
297187.761,407700
297387.899,407800
297618.173,407900
297790.010,408000
299573.272,408100
299839.486,408200
300058.025,408300
300343.806,408400
300645.399,408500
300880.733,408600
301096.448,408700
301379.128,408800
301670.154,408900
301905.167,409000
302160.646,409100
302454.516,409200
302736.572,409300
303019.180,409400
303257.103,409500
303471.710,409600
303669.040,409700
303858.635,409800
304067.633,409900
304286.439,410000
304504.534,410100
304699.378,410200
304904.401,410300
305131.238,410400
305325.333,410500
305547.788,410600
305725.305,410700
305920.511,410800
306135.459,410900
306312.981,411000
306545.613,411100
306776.070,411200
307003.691,411300
307229.862,411400
307456.548,411500
307651.602,411600
307860.972,411700
308083.719,411800
308280.735,411900
308479.330,412000
310249.113,412100
310565.755,412200
310893.187,412300
311212.453,412400
311557.664,412500
311852.852,412600
312152.874,412700
312408.191,412800
312611.977,412900
312902.485,413000
313088.214,413100
313383.470,413200
313706.003,413300
314039.495,413400
314308.364,413500
314569.920,413600
314842.898,413700
315099.078,413800
315294.650,413900
315527.440,414000
315765.230,414100
315987.515,414200
316259.778,414300
316508.171,414400
316753.842,414500
316982.116,414600
317263.258,414700
317528.686,414800
317695.844,414900
317893.601,415000
318109.647,415100
318360.531,415200
318579.893,415300
318823.421,415400
319024.187,415500
319253.582,415600
319495.429,415700
319706.739,415800
321654.646,415900
322164.450,416000
322648.062,416100
323167.286,416200
323523.152,416300
323814.993,416400
324154.159,416500
324488.008,416600
324783.785,416700
325078.704,416800
325361.989,416900
325655.026,417000
325901.912,417100
326166.996,417200
326517.889,417300
326834.812,417400
327111.270,417500
327406.774,417600
327677.481,417700
327963.775,417800
328189.204,417900
328462.772,418000
328717.319,418100
328931.003,418200
329185.598,418300
329423.167,418400
329694.426,418500
329937.670,418600
330183.154,418700
330355.477,418800
330562.521,418900
330752.773,419000
330928.220,419100
331132.221,419200
331340.764,419300
331592.087,419400
331781.234,419500
331971.930,419600
333757.192,419700
334124.960,419800
334441.006,419900
334705.827,420000
334917.660,420100
335181.484,420200
335448.216,420300
335726.636,420400
336007.222,420500
336316.047,420600
336582.589,420700
336847.745,420800
337118.348,420900
337335.905,421000
337564.128,421100
337840.668,421200
338067.745,421300
338295.174,421400
338528.796,421500
338758.507,421600
339012.834,421700
339237.409,421800
339489.885,421900
339725.339,422000
339946.693,422100
340184.921,422200
340441.391,422300
340728.929,422400
340976.946,422500
341264.262,422600
341497.622,422700
341731.112,422800
341945.252,422900
342177.600,423000
342389.385,423100
342625.374,423200
342823.583,423300
343073.146,423400
343300.668,423500
345006.049,423600
345277.839,423700
345518.645,423800
345809.985,423900
346028.318,424000
346283.097,424100
346553.997,424200
346849.323,424300
347092.376,424400
347382.202,424500
347647.789,424600
347932.657,424700
348212.683,424800
348485.458,424900
348714.165,425000
348970.840,425100
349170.648,425200
349402.550,425300
349652.979,425400
349955.099,425500
350233.421,425600
350502.834,425700
350762.544,425800
351030.314,425900
351260.903,426000
351492.484,426100
351686.957,426200
351922.587,426300
352228.322,426400
352486.891,426500
352803.588,426600
353067.623,426700
353283.802,426800
353570.192,426900
353818.395,427000
354034.455,427100
354228.176,427200
354430.645,427300
354664.239,427400
354899.342,427500
355141.364,427600
357003.281,427700
357416.657,427800
357837.436,427900
358183.785,428000
358550.204,428100
358925.885,428200
359205.485,428300
359541.768,428400
359955.871,428500
360281.328,428600
360649.397,428700
360927.667,428800
361280.152,428900
361580.195,429000
361857.879,429100
362101.900,429200
362330.589,429300
362553.540,429400
362770.953,429500
363025.981,429600
363265.479,429700
363541.205,429800
363824.143,429900
364109.672,430000
364333.392,430100
364591.047,430200
364851.985,430300
365082.046,430400
365345.947,430500
365618.707,430600
365844.381,430700
366108.410,430800
366346.814,430900
366601.688,431000
366827.957,431100
367087.504,431200
367313.355,431300
367453.235,431400
367638.818,431500
367851.388,431600
368110.639,431700
368379.513,431800
370187.270,431900
370527.092,432000
370845.858,432100
371153.311,432200
371456.033,432300
371710.845,432400
371987.404,432500
372282.979,432600
372592.050,432700
372863.834,432800
373194.334,432900
373470.758,433000
373739.397,433100
374038.723,433200
374299.584,433300
374575.107,433400
374828.909,433500
375056.947,433600
375336.323,433700
375591.895,433800
375871.425,433900
376191.416,434000
376468.291,434100
376736.624,434200
376992.782,434300
377327.328,434400
377584.546,434500
377839.432,434600
378122.182,434700
378392.473,434800
378654.178,434900
378909.998,435000
379191.758,435100
379476.026,435200
379743.254,435300
379969.430,435400
380322.618,435500
382391.831,435600
383000.125,435700
383578.099,435800
384027.667,435900
384557.409,436000
384977.348,436100
385316.733,436200
385608.376,436300
385895.650,436400
386187.585,436500
386435.567,436600
386685.605,436700
387014.851,436800
387315.376,436900
387793.090,437000
388101.783,437100
388343.962,437200
388625.146,437300
388898.807,437400
389158.288,437500
389419.265,437600
389706.589,437700
389968.528,437800
390204.055,437900
390499.560,438000
390777.141,438100
391020.301,438200
391272.782,438300
391496.256,438400
391743.297,438500
391984.035,438600
392206.678,438700
392448.398,438800
392697.982,438900
392969.835,439000
393232.441,439100
393473.311,439200
395261.789,439300
395563.232,439400
395931.423,439500
396243.150,439600
396546.326,439700
396868.208,439800
397190.140,439900
397512.327,440000
397833.299,440100
398175.584,440200
398473.579,440300
398789.779,440400
399080.520,440500
399354.346,440600
399647.974,440700
399906.483,440800
400194.166,440900
400460.162,441000
400811.852,441100
401144.360,441200
401436.231,441300
401703.209,441400
402000.888,441500
402362.410,441600
402637.759,441700
402912.177,441800
403183.835,441900
403470.242,442000
403747.078,442100
404077.170,442200
404381.946,442300
404678.792,442400
404983.484,442500
407491.395,442600
408094.559,442700
408557.778,442800
408949.782,442900
409302.322,443000
409593.393,443100
409952.463,443200
410273.257,443300
410620.537,443400
411059.693,443500
411477.324,443600
411868.045,443700
412266.063,443800
412563.400,443900
412823.854,444000
413185.166,444100
413489.299,444200
413827.619,444300
414164.436,444400
414501.725,444500
414829.320,444600
415113.021,444700
415516.714,444800
415826.013,444900
416068.049,445000
416304.698,445100
416568.519,445200
416862.428,445300
417188.640,445400
417462.130,445500
417777.107,445600
418082.205,445700
418366.604,445800
418684.864,445900
418927.534,446000
420891.412,446100
421215.319,446200
421609.095,446300
421943.276,446400
422285.449,446500
422641.543,446600
422990.420,446700
423346.456,446800
423681.942,446900
424050.540,447000
424404.755,447100
424711.117,447200
425005.070,447300
425313.013,447400
425644.312,447500
425933.720,447600
426236.910,447700
426501.876,447800
426766.309,447900
427062.641,448000
427328.788,448100
427556.660,448200
427818.848,448300
428087.629,448400
428368.252,448500
428636.969,448600
428970.397,448700
429239.693,448800
429523.038,448900
429772.899,449000
430035.509,449100
430262.822,449200
430481.038,449300
430721.088,449400
430921.341,449500
431149.577,449600
433210.399,449700
433710.364,449800
434303.826,449900
434752.268,450000
435197.188,450100
435617.086,450200
435933.541,450300
436281.204,450400
436696.607,450500
437033.577,450600
437437.552,450700
437827.252,450800
438191.350,450900
438516.531,451000
438847.874,451100
439174.575,451200
439520.702,451300
439841.746,451400
440218.045,451500
440563.803,451600
440910.665,451700
441242.187,451800
441593.869,451900
441930.794,452000
442222.623,452100
442508.342,452200
442786.685,452300
443095.605,452400
443354.956,452500
443629.268,452600
443879.937,452700
444130.203,452800
444401.908,452900
446222.501,453000
446774.549,453100
447112.561,453200
447427.333,453300
447774.148,453400
448099.076,453500
448424.036,453600
448756.094,453700
449058.064,453800
449385.545,453900
449696.524,454000
450019.825,454100
450366.577,454200
450681.834,454300
451021.658,454400
451359.534,454500
451658.138,454600
451989.195,454700
452331.031,454800
452640.617,454900
452917.433,455000
453262.993,455100
453561.760,455200
453877.212,455300
454369.102,455400
454667.675,455500
454986.883,455600
455277.459,455700
455575.614,455800
455857.555,455900
456161.309,456000
456455.300,456100
458519.569,456200
458992.525,456300
459526.025,456400
460003.717,456500
460516.322,456600
460962.891,456700
461347.354,456800
461686.896,456900
462057.326,457000
462448.478,457100
462841.445,457200
463198.452,457300
463555.698,457400
463905.527,457500
464239.483,457600
464591.339,457700
464927.479,457800
465310.122,457900
465629.183,458000
465985.917,458100
466346.502,458200
466690.271,458300
467072.864,458400
467428.155,458500
467773.293,458600
468089.852,458700
468376.626,458800
468675.610,458900
468963.193,459000
469219.093,459100
469527.298,459200
469831.510,459300
470142.370,459400
472517.045,459500
473037.923,459600
473568.385,459700
474024.295,459800
474452.550,459900
474868.008,460000
475349.430,460100
475823.897,460200
476191.389,460300
476611.474,460400
477011.615,460500
477415.490,460600
477757.950,460700
478109.609,460800
478489.761,460900
478783.231,461000
479072.783,461100
479442.368,461200
479794.220,461300
480121.916,461400
480515.761,461500
480831.770,461600
481181.462,461700
481553.160,461800
481898.423,461900
482192.262,462000
482530.630,462100
482848.643,462200
483156.238,462300
483478.152,462400
483848.282,462500
484178.311,462600
486249.905,462700
486715.339,462800
487320.979,462900
487812.448,463000
488252.976,463100
488632.692,463200
489039.146,463300
489453.843,463400
489872.879,463500
490258.093,463600
490684.454,463700
491078.739,463800
491530.820,463900
492092.789,464000
492514.435,464100
492872.505,464200
493300.517,464300
493697.620,464400
494135.885,464500
494501.299,464600
494877.791,464700
495259.606,464800
495637.565,464900
495982.515,465000
496318.854,465100
496641.979,465200
496966.279,465300
497291.312,465400
497607.847,465500
498067.209,465600
498443.871,465700
500560.850,465800
501023.155,465900
501467.923,466000
501869.511,466100
502253.225,466200
502639.583,466300
503056.934,466400
503552.022,466500
503934.207,466600
504317.876,466700
504714.920,466800
505065.901,466900
505406.315,467000
505793.000,467100
506145.680,467200
506541.088,467300
506943.165,467400
507366.206,467500
507746.955,467600
508118.985,467700
508551.811,467800
508939.774,467900
509282.222,468000
509698.011,468100
510057.563,468200
510405.289,468300
510742.250,468400
511076.737,468500
511433.186,468600
511796.349,468700
514085.014,468800
514793.138,468900
515486.773,469000
516047.223,469100
516568.369,469200
517044.453,469300
517456.727,469400
517884.312,469500
518280.915,469600
518650.084,469700
519080.346,469800
519465.530,469900
519854.933,470000
520227.963,470100
520596.719,470200
520952.208,470300
521291.017,470400
521655.805,470500
522007.736,470600
522363.535,470700
522684.997,470800
523040.355,470900
523382.210,471000
523708.347,471100
524009.130,471200
524294.558,471300
524600.155,471400
524934.445,471500
525249.377,471600
525561.154,471700
525871.414,471800
526174.371,471900
528719.123,472000
529362.952,472100
529780.381,472200
530194.884,472300
530596.690,472400
531052.300,472500
531437.961,472600
531825.251,472700
532221.319,472800
532625.710,472900
532968.801,473000
533348.693,473100
533693.426,473200
534005.507,473300
534346.272,473400
534672.208,473500
535045.458,473600
535345.535,473700
535641.700,473800
535895.982,473900
536162.446,474000
536465.872,474100
536715.869,474200
537046.116,474300
537321.927,474400
537608.566,474500
537911.174,474600
538224.670,474700
538491.122,474800
538744.748,474900
539030.301,475000
539284.598,475100
539633.030,475200
539878.164,475300
540156.039,475400
542551.297,475500
543007.354,475600
543387.376,475700
543763.223,475800
544156.022,475900
544546.709,476000
544838.945,476100
545143.354,476200
545469.716,476300
545772.153,476400
546064.758,476500
546365.048,476600
546620.906,476700
546905.110,476800
547195.503,476900
547487.237,477000
547747.736,477100
547947.934,477200
548205.851,477300
548490.335,477400
548788.915,477500
549110.748,477600
549419.580,477700
549683.755,477800
549977.709,477900
550271.126,478000
550546.284,478100
550875.245,478200
551203.460,478300
551513.064,478400
551795.117,478500
552015.042,478600
552277.534,478700
552574.197,478800
552830.497,478900
553159.593,479000
553460.839,479100
555730.034,479200
556285.127,479300
556719.325,479400
557113.399,479500
557495.602,479600
557872.005,479700
558220.601,479800
558529.861,479900
558862.684,480000
559175.760,480100
559505.064,480200
559866.334,480300
560204.573,480400
560516.571,480500
560839.492,480600
561140.111,480700
561437.335,480800
561763.770,480900
562091.844,481000
562358.659,481100
562685.546,481200
563035.279,481300
563334.975,481400
563661.414,481500
563944.451,481600
564237.071,481700
564538.367,481800
564843.856,481900
565143.332,482000
565456.437,482100
565740.691,482200
566069.139,482300
568083.271,482400
568653.582,482500
569121.586,482600
569548.978,482700
570009.229,482800
570400.713,482900
570780.747,483000
571150.018,483100
571489.414,483200
571763.459,483300
572020.200,483400
572318.073,483500
572642.235,483600
572904.760,483700
573145.018,483800
573425.818,483900
573657.279,484000
573945.034,484100
574221.820,484200
574451.883,484300
574699.057,484400
574914.098,484500
575164.016,484600
575407.657,484700
575653.295,484800
575928.766,484900
576146.852,485000
576410.400,485100
576615.291,485200
576903.903,485300
577132.192,485400
577423.790,485500
577654.073,485600
577831.678,485700
578055.335,485800
578309.183,485900
578588.321,486000
578870.059,486100
581102.709,486200
581539.454,486300
581913.992,486400
582237.266,486500
582553.161,486600
582876.290,486700
583161.340,486800
583526.769,486900
583884.493,487000
584286.286,487100
584603.092,487200
584954.259,487300
585275.064,487400
585590.047,487500
585853.291,487600
586131.749,487700
586472.882,487800
586829.547,487900
587189.549,488000
587469.728,488100
587791.843,488200
588107.105,488300
588497.676,488400
588832.072,488500
589195.601,488600
589490.010,488700
589747.479,488800
589976.738,488900
590293.430,489000
590593.694,489100
590924.931,489200
591247.627,489300
591595.967,489400
591893.338,489500
592231.914,489600
594416.664,489700
595118.258,489800
595726.006,489900
596110.629,490000
596412.006,490100
596825.807,490200
597177.844,490300
597566.082,490400
597946.189,490500
598285.678,490600
598624.729,490700
599066.873,490800
599395.458,490900
599696.947,491000
600064.555,491100
600360.322,491200
600676.746,491300
601010.658,491400
601360.762,491500
601712.081,491600
602022.111,491700
602315.832,491800
602579.690,491900
602943.548,492000
603307.384,492100
603629.700,492200
603967.694,492300
604278.295,492400
604569.340,492500
604906.272,492600
605243.851,492700
607390.161,492800
607939.055,492900
608431.229,493000
608958.763,493100
609430.369,493200
609903.474,493300
610340.858,493400
610764.547,493500
611221.847,493600
611653.138,493700
612032.690,493800
612447.966,493900
612882.540,494000
613332.144,494100
613718.749,494200
614125.180,494300
614515.165,494400
614914.181,494500
615295.001,494600
615737.479,494700
616121.121,494800
616488.287,494900
616892.715,495000
617277.417,495100
617671.545,495200
618030.615,495300
618366.756,495400
618766.347,495500
621261.043,495600
621864.648,495700
622545.475,495800
623141.533,495900
623700.420,496000
624239.782,496100
624778.704,496200
625248.733,496300
625656.312,496400
626128.065,496500
626552.069,496600
626939.118,496700
627330.936,496800
627717.480,496900
628106.648,497000
628475.409,497100
628860.595,497200
629222.511,497300
629553.176,497400
629977.916,497500
630372.387,497600
630767.953,497700
631148.808,497800
631513.000,497900
631872.754,498000
632228.776,498100
632659.572,498200
635056.549,498300
635721.020,498400
636367.854,498500
636938.726,498600
637495.612,498700
637967.934,498800
638422.638,498900
638889.699,499000
639353.613,499100
639816.771,499200
640294.161,499300
640769.851,499400
641192.496,499500
641619.970,499600
642112.837,499700
642559.687,499800
642962.006,499900
643364.977,500000
643844.061,500100
644266.445,500200
644707.862,500300
645141.997,500400
645583.420,500500
646050.560,500600
646457.762,500700
646851.562,500800
649352.389,500900
649976.264,501000
650617.240,501100
651246.809,501200
651816.305,501300
652352.395,501400
652874.919,501500
653416.781,501600
653941.864,501700
654517.973,501800
655045.864,501900
655446.033,502000
655851.785,502100
656174.290,502200
656616.040,502300
657012.218,502400
657468.823,502500
657863.311,502600
658380.653,502700
659083.529,502800
659518.462,502900
659918.655,503000
660319.904,503100
660696.289,503200
661078.705,503300
661523.388,503400
661901.545,503500
664192.574,503600
664785.535,503700
665356.969,503800
665845.482,503900
666340.812,504000
666842.287,504100
667313.971,504200
667770.959,504300
668318.589,504400
668929.700,504500
669388.610,504600
669839.079,504700
670281.480,504800
670718.973,504900
671155.275,505000
671621.999,505100
672167.029,505200
672792.578,505300
673233.431,505400
673680.797,505500
674341.509,505600
675095.247,505700
675541.229,505800
676077.240,505900
676592.061,506000
677175.254,506100
677668.490,506200
678119.813,506300
678576.530,506400
678986.286,506500
679490.710,506600
681601.965,506700
682209.591,506800
682787.653,506900
683299.826,507000
683783.136,507100
684281.188,507200
684750.011,507300
685206.137,507400
685620.442,507500
686035.075,507600
686553.449,507700
687072.725,507800
687546.649,507900
688152.438,508000
688739.817,508100
689357.625,508200
689971.048,508300
690497.725,508400
690999.757,508500
691595.557,508600
692120.683,508700
692650.936,508800
693122.257,508900
693609.308,509000
694139.181,509100
694661.593,509200
695112.705,509300
695550.227,509400
696030.371,509500
696525.880,509600
696978.238,509700
697407.302,509800
697942.212,509900
698369.403,510000
698761.570,510100
701859.667,510200
702742.224,510300
703357.713,510400
703843.556,510500
704330.930,510600
704735.034,510700
705188.280,510800
705512.949,510900
705947.362,511000
706441.698,511100
706822.621,511200
707272.652,511300
707773.874,511400
708130.617,511500
708408.660,511600
708773.358,511700
709177.414,511800
709620.006,511900
710029.442,512000
710422.154,512100
710804.062,512200
711358.140,512300
711802.741,512400
712244.250,512500
712674.545,512600
713162.000,512700
713554.258,512800
713904.132,512900
714448.446,513000
714817.773,513100
715323.421,513200
715609.346,513300
715997.513,513400
716259.661,513500
716575.647,513600
716930.435,513700
717157.501,513800
717394.372,513900
719347.813,514000
719623.522,514100
720017.793,514200
720449.811,514300
720833.937,514400
721180.377,514500
721655.080,514600
721967.804,514700
722331.469,514800
722613.909,514900
722867.811,515000
723081.755,515100
723366.968,515200
723685.057,515300
723951.075,515400
724236.427,515500
724626.443,515600
724976.879,515700
725257.451,515800
725540.715,515900
725760.541,516000
725947.478,516100
726159.057,516200
726381.194,516300
726602.432,516400
726881.652,516500
727144.575,516600
727405.262,516700
727658.430,516800
727958.982,516900
728206.727,517000
728434.152,517100
728618.320,517200
728828.090,517300
729038.138,517400
729293.983,517500
729599.205,517600
729821.457,517700
730127.675,517800
730418.214,517900
730684.132,518000
730958.801,518100
731253.424,518200
731502.486,518300
731762.357,518400
732091.227,518500
732381.154,518600
734415.449,518700
734763.707,518800
735126.833,518900
735514.300,519000
735900.820,519100
736412.704,519200
736829.903,519300
737091.618,519400
737397.404,519500
737768.855,519600
738154.481,519700
738613.285,519800
739045.212,519900
739479.892,520000
739908.684,520100
740480.832,520200
740987.934,520300
741219.186,520400
741524.347,520500
741824.692,520600
742107.408,520700
742437.294,520800
742710.610,520900
743044.847,521000
743456.034,521100
743843.334,521200
744210.991,521300
744504.102,521400
744813.866,521500
745080.777,521600
745434.990,521700
745830.937,521800
746091.325,521900
746356.779,522000
746695.312,522100
746991.063,522200
747365.701,522300
747600.040,522400
747812.897,522500
748073.472,522600
749996.752,522700
750327.818,522800
750696.523,522900
751054.596,523000
751368.998,523100
751998.384,523200
752397.656,523300
752640.424,523400
752898.185,523500
753215.526,523600
753537.901,523700
753837.764,523800
754177.475,523900
754495.200,524000
754788.767,524100
755146.366,524200
755355.810,524300
755665.525,524400
755932.309,524500
756137.299,524600
756390.628,524700
756651.105,524800
756936.735,524900
757248.601,525000
757506.103,525100
757785.825,525200
758024.780,525300
758272.104,525400
758608.533,525500
758826.030,525600
759085.985,525700
759603.371,525800
760521.495,525900
761050.489,526000
761407.719,526100
761810.070,526200
762150.312,526300
762545.268,526400
762932.168,526500
763223.006,526600
763497.403,526700
763730.767,526800
764062.847,526900
764351.865,527000
766678.246,527100
767788.199,527200
768274.602,527300
768727.677,527400
769145.630,527500
769674.570,527600
769986.478,527700
770312.201,527800
770551.288,527900
770893.518,528000
771246.550,528100
771518.649,528200
772007.604,528300
772435.973,528400
772746.190,528500
773049.638,528600
773295.179,528700
773592.907,528800
773821.892,528900
774036.467,529000
774311.668,529100
774690.768,529200
775178.686,529300
775623.654,529400
776030.656,529500
776303.156,529600
776549.252,529700
776837.446,529800
777153.132,529900
777474.282,530000
777764.101,530100
778067.429,530200
778450.168,530300
778836.189,530400
779127.818,530500
779435.721,530600
779687.310,530700
779986.861,530800
780201.047,530900
780396.368,531000
780615.554,531100
780919.903,531200
783032.497,531300
783481.077,531400
784032.629,531500
784929.245,531600
785500.514,531700
785991.504,531800
786518.103,531900
787014.822,532000
787301.143,532100
787666.346,532200
788118.195,532300
788509.868,532400
788875.224,532500
789194.261,532600
789467.113,532700
789735.382,532800
790002.888,532900
790286.663,533000
790445.099,533100
790679.212,533200
790939.555,533300
791250.396,533400
791584.037,533500
791905.909,533600
792257.679,533700
792534.790,533800
792852.906,533900
793162.188,534000
793402.334,534100
793606.355,534200
793966.944,534300
794287.404,534400
794616.632,534500
794956.340,534600
795260.361,534700
795540.445,534800
795920.670,534900
796170.996,535000
798132.545,535100
798514.306,535200
798856.675,535300
799444.704,535400
800168.799,535500
800699.763,535600
801149.063,535700
801560.054,535800
801974.344,535900
802407.405,536000
802776.698,536100
803156.424,536200
803471.903,536300
803758.227,536400
804130.937,536500
804505.165,536600
804915.522,536700
805387.267,536800
805717.704,536900
806051.047,537000
806432.044,537100
806787.966,537200
807101.913,537300
807416.684,537400
807680.576,537500
807980.675,537600
808402.715,537700
808693.103,537800
809041.837,537900
809378.957,538000
809668.188,538100
809946.734,538200
810234.779,538300
810503.061,538400
810726.425,538500
810963.809,538600
811201.870,538700
811554.775,538800
811880.533,538900
812289.233,539000
812625.959,539100
814466.294,539200
814891.151,539300
815312.200,539400
815700.055,539500
816065.925,539600
816436.420,539700
816747.922,539800
817180.396,539900
817638.920,540000
818061.308,540100
818427.851,540200
818822.328,540300
819314.408,540400
819638.111,540500
819912.207,540600
820149.426,540700
820407.333,540800
820763.786,540900
821154.868,541000
821427.230,541100
821692.266,541200
822030.521,541300
822333.240,541400
822684.614,541500
822983.840,541600
823224.222,541700
823544.434,541800
823911.166,541900
824256.866,542000
824530.892,542100
824807.667,542200
825118.474,542300
825469.342,542400
825771.685,542500
826047.742,542600
826312.464,542700
826563.606,542800
827000.505,542900
828871.034,543000
829359.689,543100
829807.486,543200
830267.460,543300
830682.116,543400
831185.623,543500
831584.786,543600
831951.971,543700
832339.104,543800
832665.820,543900
833164.317,544000
833709.563,544100
834069.960,544200
834515.838,544300
834902.788,544400
835252.265,544500
835730.983,544600
836085.440,544700
836418.484,544800
836803.028,544900
837355.332,545000
837857.991,545100
838365.519,545200
838737.796,545300
839100.702,545400
839578.339,545500
839884.495,545600
840227.233,545700
840589.749,545800
840984.818,545900
841355.435,546000
841753.924,546100
842167.839,546200
842544.435,546300
843003.986,546400
844737.683,546500
845239.838,546600
845655.411,546700
846095.699,546800
846563.117,546900
847013.239,547000
847554.463,547100
848013.717,547200
848524.262,547300
848974.910,547400
849399.454,547500
849843.992,547600
850298.332,547700
850664.094,547800
851135.066,547900
851533.096,548000
851891.873,548100
852264.179,548200
852644.461,548300
853099.148,548400
853546.824,548500
853873.206,548600
854183.301,548700
854628.870,548800
855037.713,548900
855401.092,549000
855850.164,549100
856253.366,549200
856631.563,549300
857057.795,549400
857448.655,549500
857822.776,549600
859591.669,549700
860140.060,549800
860698.845,549900
861280.478,550000
861915.015,550100
862663.893,550200
863282.163,550300
863827.727,550400
864407.542,550500
864831.750,550600
865432.323,550700
866066.116,550800
866778.169,550900
867420.099,551000
867987.079,551100
868505.538,551200
869226.737,551300
869730.431,551400
870204.113,551500
870700.633,551600
871148.984,551700
871591.834,551800
872073.570,551900
872539.969,552000
872954.768,552100
873387.152,552200
873911.812,552300
874289.995,552400
874689.963,552500
876731.342,552600
877383.449,552700
878103.516,552800
878699.985,552900
879261.157,553000
879839.366,553100
880381.595,553200
880864.731,553300
881383.469,553400
881865.053,553500
882348.126,553600
882796.222,553700
883183.077,553800
883585.902,553900
883963.112,554000
884363.564,554100
884822.060,554200
885280.891,554300
885744.027,554400
886190.416,554500
886585.786,554600
887056.536,554700
887489.543,554800
888032.864,554900
888428.025,555000
888749.124,555100
889118.062,555200
889440.107,555300
889800.559,555400
890144.811,555500
890452.158,555600
890800.754,555700
892667.480,555800
893186.734,555900
893809.574,556000
894299.403,556100
894715.789,556200
895189.531,556300
895704.695,556400
896233.875,556500
896777.650,556600
897282.967,556700
897865.952,556800
898443.005,556900
899030.955,557000
899576.240,557100
899947.711,557200
900308.038,557300
900655.140,557400
901055.439,557500
901369.600,557600
901759.056,557700
902173.429,557800
902504.012,557900
902908.617,558000
903295.186,558100
903582.834,558200
903908.943,558300
904268.918,558400
904827.422,558500
905189.023,558600
905553.447,558700
905925.595,558800
906278.739,558900
906676.112,559000
907067.681,559100
908894.712,559200
909377.481,559300
909842.852,559400
910349.018,559500
910837.392,559600
911372.025,559700
911827.679,559800
912256.138,559900
912728.126,560000
913258.548,560100
913654.150,560200
914018.877,560300
914405.740,560400
914876.928,560500
915330.635,560600
915701.140,560700
916079.160,560800
916493.545,560900
916868.510,561000
917270.157,561100
917578.545,561200
917956.498,561300
918285.357,561400
918611.050,561500
919022.262,561600
919411.497,561700
919753.375,561800
920162.001,561900
920497.158,562000
920846.772,562100
921258.689,562200
922917.304,562300
923481.517,562400
923970.598,562500
924550.665,562600
925210.634,562700
925817.865,562800
926381.186,562900
926828.870,563000
927376.676,563100
927888.051,563200
928366.694,563300
928712.322,563400
929161.920,563500
929603.760,563600
930213.706,563700
930710.350,563800
931295.353,563900
931861.259,564000
932394.191,564100
932818.780,564200
933196.548,564300
933619.925,564400
934023.319,564500
934429.429,564600
934901.070,564700
935303.146,564800
935747.485,564900
936121.502,565000
936526.647,565100
938372.324,565200
939156.129,565300
939729.028,565400
940224.800,565500
941037.149,565600
941740.666,565700
942284.942,565800
942909.041,565900
943522.674,566000
944067.211,566100
944627.287,566200
945132.417,566300
945627.698,566400
946068.925,566500
946662.278,566600
947360.950,566700
947880.708,566800
948389.720,566900
948883.132,567000
949298.229,567100
949693.104,567200
950082.422,567300
950455.587,567400
950770.689,567500
951189.088,567600
951618.535,567700
951922.996,567800
952343.793,567900
952738.532,568000
953212.799,568100
953662.043,568200
955329.405,568300
955924.513,568400
956394.813,568500
956867.112,568600
957450.429,568700
958195.300,568800
958711.421,568900
959296.864,569000
959982.095,569100
960524.360,569200
961080.314,569300
961629.222,569400
962154.176,569500
962675.787,569600
963220.944,569700
963765.691,569800
964258.461,569900
964773.248,570000
965286.990,570100
965779.187,570200
966265.916,570300
966721.300,570400
967124.523,570500
967563.108,570600
967986.062,570700
968438.024,570800
968924.131,570900
970869.333,571000
971613.577,571100
972365.926,571200
973115.810,571300
973794.082,571400
974307.846,571500
974837.702,571600
975413.677,571700
975968.486,571800
976470.770,571900
977050.463,572000
977752.142,572100
978363.974,572200
978993.085,572300
979643.664,572400
980160.640,572500
980694.305,572600
981127.513,572700
981546.082,572800
982038.212,572900
982526.782,573000
983065.529,573100
983475.059,573200
983907.285,573300
984361.522,573400
986168.507,573500
986809.169,573600
987337.461,573700
988093.482,573800
988724.035,573900
989408.799,574000
990050.609,574100
990695.342,574200
991273.213,574300
991905.556,574400
992572.872,574500
993116.787,574600
993613.508,574700
994117.004,574800
994630.224,574900
995229.094,575000
995773.657,575100
996288.594,575200
996795.057,575300
997256.787,575400
997764.975,575500
998236.136,575600
998783.435,575700
999323.482,575800
999928.750,575900
1002612.452,576000
1003416.280,576100
1004056.533,576200
1004766.010,576300
1005364.208,576400
1006006.878,576500
1006633.635,576600
1007377.308,576700
1007992.158,576800
1008600.384,576900
1009155.067,577000
1009668.900,577100
1010195.146,577200
1010726.899,577300
1011209.935,577400
1011759.397,577500
1012205.225,577600
1012708.431,577700
1013154.256,577800
1013541.886,577900
1014081.500,578000
1014602.026,578100
1015064.456,578200
1015610.360,578300
1016063.735,578400
1018049.003,578500
1018737.605,578600
1019427.745,578700
1020174.434,578800
1020903.997,578900
1021671.522,579000
1022380.228,579100
1022982.379,579200
1023650.336,579300
1024155.753,579400
1024585.034,579500
1025064.186,579600
1025517.458,579700
1025964.305,579800
1026443.991,579900
1027000.411,580000
1027453.414,580100
1027980.417,580200
1028475.196,580300
1028998.326,580400
1029458.026,580500
1029936.981,580600
1030451.760,580700
1030990.172,580800
1031473.588,580900
1033629.647,581000
1034384.429,581100
1035389.172,581200
1036154.384,581300
1036934.905,581400
1037594.423,581500
1038191.769,581600
1038934.612,581700
1039625.183,581800
1040463.309,581900
1041269.233,582000
1041908.454,582100
1042514.248,582200
1043191.607,582300
1043810.320,582400
1044485.976,582500
1045207.949,582600
1045915.596,582700
1046539.948,582800
1047178.308,582900
1047911.479,583000
1048395.799,583100
1048844.156,583200
1049294.717,583300
1049754.221,583400
1051639.011,583500
1052484.149,583600
1053220.958,583700
1053838.062,583800
1054486.326,583900
1055284.688,584000
1055783.719,584100
1056258.977,584200
1056773.605,584300
1057339.460,584400
1057872.370,584500
1058453.727,584600
1059064.806,584700
1059733.889,584800
1060313.730,584900
1060913.662,585000
1061552.899,585100
1062132.073,585200
1062671.747,585300
1063079.826,585400
1063492.117,585500
1063995.677,585600
1064466.605,585700
1064906.185,585800
1065412.467,585900
1065869.099,586000
1066330.343,586100
1068790.073,586200
1069419.879,586300
1070020.790,586400
1070880.063,586500
1071500.731,586600
1072248.522,586700
1072799.225,586800
1073370.715,586900
1074031.447,587000
1074611.870,587100
1075153.755,587200
1075582.694,587300
1076007.096,587400
1076498.243,587500
1076972.182,587600
1077483.797,587700
1078110.987,587800
1078624.803,587900
1079135.704,588000
1079671.824,588100
1080253.111,588200
1080718.902,588300
1081092.462,588400
1081429.585,588500
1081825.220,588600
1082172.921,588700
1082712.900,588800
1083182.972,588900
1083720.775,589000
1084262.752,589100
1086237.616,589200
1087006.425,589300
1087738.717,589400
1088274.660,589500
1088706.562,589600
1089157.775,589700
1089662.744,589800
1090378.021,589900
1090997.913,590000
1091606.480,590100
1092189.174,590200
1092677.778,590300
1093100.229,590400
1093566.705,590500
1094017.368,590600
1094488.355,590700
1094867.915,590800
1095315.599,590900
1095786.736,591000
1096318.610,591100
1096881.676,591200
1097362.255,591300
1097794.470,591400
1098183.279,591500
1098635.105,591600
1098969.867,591700
1099308.292,591800
1099758.708,591900
1101430.857,592000
1102018.678,592100
1102714.110,592200
1103301.456,592300
1103850.922,592400
1104389.439,592500
1104855.761,592600
1105235.201,592700
1105719.275,592800
1106240.884,592900
1106790.336,593000
1107276.466,593100
1107812.417,593200
1108383.225,593300
1108973.471,593400
1109451.203,593500
1110195.913,593600
1110644.503,593700
1110980.005,593800
1111378.850,593900
1111740.181,594000
1112232.440,594100
1112844.171,594200
1113240.805,594300
1113672.982,594400
1113995.301,594500
1114401.250,594600
1114793.593,594700
1115190.229,594800
1115552.166,594900
1117455.763,595000
1117887.293,595100
1118729.333,595200
1119536.904,595300
1120303.241,595400
1120994.123,595500
1121563.949,595600
1122121.664,595700
1122668.022,595800
1123155.277,595900
1123678.859,596000
1124114.795,596100
1124608.135,596200
1125231.432,596300
1125809.506,596400
1126284.451,596500
1126711.313,596600
1127069.390,596700
1127521.958,596800
1128009.691,596900
1128333.018,597000
1128693.901,597100
1129118.187,597200
1129568.049,597300
1130001.339,597400
1130441.431,597500
1130854.609,597600
1131262.990,597700
1131668.771,597800
1133684.764,597900
1134205.483,598000
1134744.607,598100
1135371.914,598200
1135902.839,598300
1136540.311,598400
1137156.333,598500
1137701.428,598600
1138302.147,598700
1138966.574,598800
1139468.926,598900
1140021.277,599000
1140653.847,599100
1141063.525,599200
1141614.470,599300
1142245.913,599400
1142782.695,599500
1143413.883,599600
1144017.424,599700
1144720.186,599800
1145230.263,599900
1145838.566,600000
1146413.510,600100
1146958.085,600200
1147376.450,600300
1147962.994,600400
1148474.092,600500
1148977.785,600600
1149335.544,600700
1149791.596,600800
1151668.917,600900
1152443.870,601000
1153290.640,601100
1154051.752,601200
1154788.926,601300
1155498.400,601400
1156227.216,601500
1156951.310,601600
1157684.032,601700
1158263.685,601800
1158951.592,601900
1159493.698,602000
1160019.015,602100
1160537.666,602200
1161037.812,602300
1161667.438,602400
1162332.779,602500
1162948.682,602600
1163520.075,602700
1164023.174,602800
1164502.557,602900
1164971.532,603000
1165412.611,603100
1165820.860,603200
1166233.715,603300
1166823.359,603400
1167234.671,603500
1167818.819,603600
1169807.916,603700
1170596.386,603800
1171698.714,603900
1172494.315,604000
1173328.456,604100
1174111.448,604200
1174682.603,604300
1175259.417,604400
1175924.015,604500
1176463.380,604600
1177042.041,604700
1177650.508,604800
1178301.131,604900
1178880.996,605000
1179302.618,605100
1179718.832,605200
1180201.253,605300
1180764.745,605400
1181352.906,605500
1181938.425,605600
1182325.936,605700
1182765.061,605800
1183201.374,605900
1183704.865,606000
1184197.576,606100
1184564.127,606200
1185044.324,606300
1185518.787,606400
1185944.594,606500
1187960.393,606600
1188882.312,606700
1189672.613,606800
1190425.000,606900
1191249.391,607000
1191816.098,607100
1192391.742,607200
1193109.469,607300
1193754.942,607400
1194576.038,607500
1195428.653,607600
1196201.683,607700
1196784.992,607800
1197331.925,607900
1197892.721,608000
1198289.674,608100
1198750.672,608200
1199305.878,608300
1199812.200,608400
1200373.386,608500
1201034.799,608600
1201614.906,608700
1202121.062,608800
1202660.914,608900
1203092.265,609000
1203442.216,609100
1203808.513,609200
1204117.475,609300
1204525.049,609400
1205039.614,609500
1205571.619,609600
1207821.704,609700
1208653.571,609800
1209694.055,609900
1210347.222,610000
1211130.205,610100
1211609.267,610200
1212725.737,610300
1213363.423,610400
1214029.506,610500
1214670.486,610600
1215186.830,610700
1215573.422,610800
1215984.536,610900
1216622.632,611000
1217062.314,611100
1217622.105,611200
1218091.251,611300
1218524.488,611400
1219029.110,611500
1219601.577,611600
1220231.371,611700
1220872.346,611800
1221493.513,611900
1222103.463,612000
1222663.693,612100
1223144.490,612200
1223658.052,612300
1224094.331,612400
1224431.250,612500
1224936.561,612600
1225445.285,612700
1226152.912,612800
1228436.720,612900
1229238.942,613000
1230060.991,613100
1230723.095,613200
1231667.984,613300
1232476.693,613400
1233194.966,613500
1233869.720,613600
1234557.935,613700
1235259.497,613800
1235941.861,613900
1236705.424,614000
1237434.082,614100
1237999.153,614200
1238559.741,614300
1239184.424,614400
1239601.871,614500
1240027.153,614600
1240523.603,614700
1241035.442,614800
1241706.531,614900
1242344.177,615000
1242978.016,615100
1243392.239,615200
1243969.448,615300
1244481.663,615400
1244888.812,615500
1245416.173,615600
1245897.515,615700
1246395.554,615800
1248453.360,615900
1249508.033,616000
1250326.339,616100
1251105.820,616200
1251895.279,616300
1252705.003,616400
1253444.735,616500
1254124.233,616600
1254841.476,616700
1255463.769,616800
1256219.720,616900
1256989.150,617000
1257829.613,617100
1258542.695,617200
1259221.947,617300
1259808.103,617400
1260352.028,617500
1260950.021,617600
1261431.357,617700
1261931.183,617800
1262396.505,617900
1263005.137,618000
1263634.708,618100
1264253.663,618200
1264903.028,618300
1265417.613,618400
1265878.312,618500
1267666.808,618600
1268379.989,618700
1269065.483,618800
1269783.378,618900
1270655.520,619000
1271489.454,619100
1272294.146,619200
1273085.438,619300
1273842.842,619400
1274453.802,619500
1275306.051,619600
1275889.857,619700
1276554.635,619800
1277348.134,619900
1277982.186,620000
1278911.842,620100
1279812.101,620200
1280370.057,620300
1280984.500,620400
1281493.823,620500
1281974.183,620600
1282433.589,620700
1282783.077,620800
1283336.217,620900
1283966.122,621000
1284514.504,621100
1285050.043,621200
1285661.244,621300
1286390.778,621400
1289446.107,621500
1290746.484,621600
1291763.327,621700
1292693.575,621800
1293485.797,621900
1294266.761,622000
1295217.263,622100
1296097.237,622200
1296905.773,622300
1297630.175,622400
1298238.164,622500
1298831.675,622600
1299519.315,622700
1300396.568,622800
1301072.371,622900
1301715.827,623000
1302407.878,623100
1302931.772,623200
1303382.177,623300
1303922.225,623400
1304352.173,623500
1304801.035,623600
1305326.000,623700
1305848.072,623800
1306379.380,623900
1306957.990,624000
1307420.917,624100
1307967.880,624200
1308686.923,624300
1311051.830,624400
1311773.427,624500
1312377.867,624600
1313252.983,624700
1314029.509,624800
1314902.367,624900
1315769.739,625000
1316434.384,625100
1317264.630,625200
1317840.457,625300
1318401.206,625400
1318988.809,625500
1319577.102,625600
1320249.554,625700
1320847.355,625800
1321333.808,625900
1321876.408,626000
1322587.756,626100
1323240.798,626200
1323820.035,626300
1324468.542,626400
1325072.860,626500
1325546.999,626600
1326064.092,626700
1326601.784,626800
1327313.865,626900
1327906.425,627000
1328464.431,627100
1328934.735,627200
1329560.680,627300
1330171.011,627400
1332350.218,627500
1333687.761,627600
1334735.895,627700
1335539.219,627800
1336234.936,627900
1337031.557,628000
1337709.398,628100
1338491.149,628200
1339351.051,628300
1340101.442,628400
1340948.654,628500
1341914.595,628600
1342660.083,628700
1343285.963,628800
1343834.781,628900
1344562.031,629000
1345245.827,629100
1345881.157,629200
1346533.235,629300
1347309.772,629400
1348046.577,629500
1348699.297,629600
1349352.129,629700
1349959.908,629800
1350508.556,629900
1351153.433,630000
1353411.842,630100
1354349.692,630200
1355285.167,630300
1356582.718,630400
1357594.703,630500
1358527.978,630600
1359447.196,630700
1360503.012,630800
1361469.237,630900
1362244.713,631000
1362985.072,631100
1363758.239,631200
1364501.114,631300
1365415.629,631400
1366334.798,631500
1367229.355,631600
1367893.373,631700
1368539.246,631800
1369199.320,631900
1369905.544,632000
1370579.481,632100
1371400.322,632200
1372405.616,632300
1373010.061,632400
1373504.997,632500
1375934.129,632600
1377188.029,632700
1378346.012,632800
1379280.589,632900
1380035.463,633000
1380843.476,633100
1381455.529,633200
1382149.555,633300
1382631.923,633400
1383217.152,633500
1383841.059,633600
1384532.259,633700
1385312.090,633800
1385973.842,633900
1386541.261,634000
1387217.272,634100
1388104.145,634200
1388893.154,634300
1389615.829,634400
1390230.861,634500
1390767.064,634600
1391202.135,634700
1391652.011,634800
1392247.098,634900
1392838.393,635000
1393487.301,635100
1394215.057,635200
1394875.852,635300
1395480.069,635400
1398063.525,635500
1398906.198,635600
1399655.476,635700
1400380.485,635800
1401332.365,635900
1402500.079,636000
1403358.920,636100
1404374.171,636200
1405244.347,636300
1406229.726,636400
1406986.898,636500
1407659.568,636600
1408141.970,636700
1408757.433,636800
1409413.311,636900
1410081.017,637000
1410721.772,637100
1411390.019,637200
1411959.408,637300
1412684.343,637400
1413225.588,637500
1413795.342,637600
1414360.983,637700
1414795.458,637800
1415726.266,637900
1416324.972,638000
1416935.252,638100
1417658.119,638200
1420170.151,638300
1421427.936,638400
1422947.768,638500
1423941.730,638600
1424937.062,638700
1425760.542,638800
1426571.400,638900
1427273.134,639000
1428022.581,639100
1428943.816,639200
1429781.736,639300
1430517.087,639400
1431295.459,639500
1431969.365,639600
1432687.717,639700
1433387.431,639800
1434155.552,639900
1435029.364,640000
1435763.745,640100
1436486.052,640200
1437148.901,640300
1437832.309,640400
1438488.633,640500
1439255.342,640600
1439956.123,640700
1442087.636,640800
1443075.208,640900
1444268.982,641000
1445408.289,641100
1446576.580,641200
1447629.975,641300
1448664.229,641400
1449803.566,641500
1451117.686,641600
1452033.608,641700
1452974.043,641800
1453865.186,641900
1454750.245,642000
1455575.520,642100
1456268.943,642200
1457058.501,642300
1457793.499,642400
1458499.574,642500
1459225.687,642600
1459931.801,642700
1460593.341,642800
1461352.785,642900
1461974.013,643000
1462681.284,643100
1463409.405,643200
1466043.295,643300
1467148.595,643400
1468220.757,643500
1469214.496,643600
1470214.407,643700
1471198.063,643800
1472451.641,643900
1473314.120,644000
1474272.477,644100
1475221.931,644200
1476156.915,644300
1477102.540,644400
1477927.546,644500
1478701.446,644600
1479546.991,644700
1480244.404,644800
1481064.051,644900
1481825.032,645000
1482598.971,645100
1483336.876,645200
1484090.354,645300
1484772.313,645400
1485648.812,645500
1486367.655,645600
1487134.928,645700
1489849.663,645800
1490874.259,645900
1492300.277,646000
1493719.252,646100
1494755.239,646200
1495878.549,646300
1496978.469,646400
1498016.105,646500
1498948.949,646600
1499707.788,646700
1500462.145,646800
1501219.778,646900
1502033.371,647000
1502709.885,647100
1503368.076,647200
1504105.588,647300
1504903.269,647400
1505653.987,647500
1506363.142,647600
1507044.011,647700
1507802.052,647800
1508450.245,647900
1509081.661,648000
1509639.869,648100
1510201.359,648200
1510858.729,648300
1513362.595,648400
1514567.304,648500
1515740.619,648600
1516828.124,648700
1517867.142,648800
1518822.776,648900
1519910.164,649000
1521145.281,649100
1521936.052,649200
1522689.840,649300
1523496.235,649400
1524221.808,649500
1524993.974,649600
1525744.070,649700
1526468.513,649800
1527214.175,649900
1527924.767,650000
1528637.270,650100
1529258.824,650200
1529939.710,650300
1530644.100,650400
1531383.519,650500
1532047.901,650600
1532674.603,650700
1533358.241,650800
1534084.418,650900
1536399.569,651000
1537539.892,651100
1538746.927,651200
1539685.325,651300
1540556.253,651400
1541518.106,651500
1542523.455,651600
1543582.713,651700
1544554.351,651800
1545415.845,651900
1546278.028,652000
1547221.459,652100
1548202.885,652200
1549288.191,652300
1550091.878,652400
1551014.928,652500
1551862.678,652600
1552592.910,652700
1553444.808,652800
1554177.413,652900
1554908.421,653000
1555655.499,653100
1556251.990,653200
1556909.149,653300
1557631.795,653400
1558417.976,653500
1561459.574,653600
1562833.876,653700
1564216.160,653800
1565593.961,653900
1566822.736,654000
1568026.564,654100
1569255.979,654200
1570245.872,654300
1571164.629,654400
1572125.466,654500
1573084.438,654600
1573985.676,654700
1574855.776,654800
1575712.305,654900
1576520.442,655000
1577404.858,655100
1578218.170,655200
1579037.297,655300
1579832.986,655400
1580666.787,655500
1581632.609,655600
1582720.586,655700
1583670.893,655800
1584506.718,655900
1588035.268,656000
1589465.420,656100
1590851.921,656200
1591881.730,656300
1593043.558,656400
1594220.090,656500
1595497.560,656600
1596993.747,656700
1597942.389,656800
1598860.949,656900
1599735.290,657000
1600701.192,657100
1601440.064,657200
1602300.490,657300
1603248.913,657400
1604337.903,657500
1605235.234,657600
1606117.824,657700
1607015.555,657800
1607949.965,657900
1608854.439,658000
1609850.629,658100
1610514.524,658200
1611297.051,658300
1612119.143,658400
1613035.219,658500
1615679.904,658600
1617750.561,658700
1619557.894,658800
1621033.013,658900
1622295.248,659000
1623574.400,659100
1624687.806,659200
1625739.667,659300
1626784.885,659400
1627931.179,659500
1628844.992,659600
1629764.354,659700
1630652.466,659800
1631719.597,659900
1632648.770,660000
1633590.887,660100
1634657.203,660200
1635647.286,660300
1636607.406,660400
1638239.395,660500
1639628.896,660600
1640680.008,660700
1641690.971,660800
1642691.175,660900
1643787.180,661000
1646858.148,661100
1648296.601,661200
1649552.354,661300
1650962.918,661400
1652404.147,661500
1653914.169,661600
1655785.564,661700
1657671.269,661800
1659053.973,661900
1660723.867,662000
1662033.034,662100
1663289.899,662200
1664448.093,662300
1665376.539,662400
1666444.020,662500
1667349.140,662600
1668325.357,662700
1669440.623,662800
1670436.463,662900
1671487.374,663000
1672543.419,663100
1673845.412,663200
1675075.755,663300
1676134.552,663400
1677197.087,663500
1681392.104,663600
1683253.393,663700
1685004.696,663800
1686575.929,663900
1688312.069,664000
1689852.588,664100
1691280.449,664200
1692845.271,664300
1694405.599,664400
1695643.296,664500
1696853.017,664600
1697884.106,664700
1698930.961,664800
1700247.712,664900
1701603.076,665000
1702947.266,665100
1704198.829,665200
1705325.949,665300
1706460.518,665400
1707676.452,665500
1708819.454,665600
1709778.281,665700
1710694.542,665800
1712240.251,665900
1715335.131,666000
1716669.009,666100
1718052.382,666200
1719516.697,666300
1721001.001,666400
1722512.786,666500
1724104.180,666600
1725390.470,666700
1726464.384,666800
1727525.121,666900
1728543.027,667000
1729465.066,667100
1730360.909,667200
1731253.039,667300
1732354.162,667400
1733205.474,667500
1734481.017,667600
1735446.894,667700
1736250.849,667800
1737212.430,667900
1738117.818,668000
1738932.995,668100
1739896.772,668200
1740848.651,668300
1743798.943,668400
1745480.483,668500
1746965.056,668600
1748489.614,668700
1749796.755,668800
1751128.258,668900
1752512.701,669000
1753668.638,669100
1754730.210,669200
1755725.137,669300
1756807.976,669400
1757874.118,669500
1758888.523,669600
1759892.024,669700
1761109.776,669800
1762330.117,669900
1763517.478,670000
1764641.191,670100
1766002.462,670200
1767050.332,670300
1768095.909,670400
1769116.514,670500
1770208.644,670600
1771223.572,670700
1773851.580,670800
1775319.085,670900
1777023.740,671000
1778552.798,671100
1779996.925,671200
1781358.117,671300
1782897.387,671400
1784445.173,671500
1785846.503,671600
1787451.859,671700
1788782.638,671800
1790005.454,671900
1791103.983,672000
1792246.548,672100
1793465.813,672200
1794420.121,672300
1795461.782,672400
1796499.823,672500
1797486.377,672600
1798437.349,672700
1799424.683,672800
1800317.873,672900
1801353.110,673000
1804215.812,673100
1805762.367,673200
1806956.961,673300
1808202.157,673400
1809458.907,673500
1810576.059,673600
1811845.846,673700
1812947.086,673800
1814069.450,673900
1815809.761,674000
1816971.537,674100
1817976.193,674200
1818977.392,674300
1820051.310,674400
1821143.876,674500
1822606.972,674600
1823680.194,674700
1824710.303,674800
1825593.761,674900
1826533.949,675000
1827645.383,675100
1828607.778,675200
1829480.235,675300
1830396.874,675400
1834228.807,675500
1836205.442,675600
1838240.652,675700
1840240.042,675800
1842246.545,675900
1844112.409,676000
1846170.977,676100
1847462.777,676200
1848648.229,676300
1849780.410,676400
1850911.567,676500
1851959.318,676600
1853084.899,676700
1854023.734,676800
1855363.472,676900
1856496.038,677000
1857480.840,677100
1858595.567,677200
1859633.722,677300
1860632.666,677400
1861637.715,677500
1862662.825,677600
1863881.198,677700
1864888.660,677800
1867644.500,677900
1869025.609,678000
1870210.009,678100
1871482.891,678200
1872676.050,678300
1873796.151,678400
1874847.501,678500
1875823.630,678600
1876868.908,678700
1878010.471,678800
1879138.755,678900
1880102.236,679000
1881127.810,679100
1882105.463,679200
1883188.239,679300
1884097.250,679400
1885024.165,679500
1886051.608,679600
1886923.587,679700
1887873.171,679800
1888882.463,679900
1889724.883,680000
1890609.175,680100
1893151.892,680200
1894731.004,680300
1896198.926,680400
1897645.319,680500
1899125.802,680600
1900583.316,680700
1901966.685,680800
1903260.428,680900
1904520.317,681000
1905711.222,681100
1906731.655,681200
1907957.411,681300
1909051.647,681400
1910128.818,681500
1911372.491,681600
1912712.675,681700
1914015.248,681800
1915386.613,681900
1916581.431,682000
1917950.474,682100
1919081.842,682200
1920171.193,682300
1921607.290,682400
1922565.227,682500
1923471.650,682600
1926302.338,682700
1928218.839,682800
1929602.119,682900
1930812.245,683000
1932059.836,683100
1933384.113,683200
1934702.383,683300
1935912.776,683400
1937107.091,683500
1938254.532,683600
1939166.109,683700
1940220.909,683800
1941269.481,683900
1942451.031,684000
1943469.922,684100
1944728.516,684200
1946005.894,684300
1947010.760,684400
1947975.743,684500
1948830.486,684600
1949799.918,684700
1950713.425,684800
1951715.944,684900
1952613.471,685000
1953564.968,685100
1956421.191,685200
1957892.945,685300
1959500.539,685400
1961613.913,685500
1963496.088,685600
1965209.014,685700
1966508.152,685800
1967653.908,685900
1969236.347,686000
1970375.884,686100
1971623.775,686200
1972757.724,686300
1973665.060,686400
1974426.634,686500
1975226.773,686600
1976236.360,686700
1977104.564,686800
1978180.488,686900
1979082.338,687000
1980033.757,687100
1980948.197,687200
1981797.735,687300
1982737.474,687400
1983525.532,687500
1984374.149,687600
1985200.768,687700
1986109.265,687800
1988991.316,687900
1990093.653,688000
1991020.239,688100
1992733.639,688200
1993693.005,688300
1994766.597,688400
1996172.392,688500
1997245.803,688600
1998196.977,688700
1999122.459,688800
2000187.716,688900
2001138.142,689000
2002244.186,689100
2003610.154,689200
2004594.093,689300
2005533.599,689400
2006446.866,689500
2007290.861,689600
2008422.489,689700
2009234.921,689800
2010860.503,689900
2011836.894,690000
2012800.460,690100
2013538.281,690200
2015722.637,690300
2016509.889,690400
2017405.192,690500
2018379.670,690600
2019383.611,690700
2020492.904,690800
2021690.323,690900
2022534.439,691000
2023407.359,691100
2024604.269,691200
2025508.561,691300
2026195.825,691400
2026768.324,691500
2027239.148,691600
2027916.868,691700
2028588.765,691800
2029934.086,691900
2030763.132,692000
2031609.549,692100
2032335.123,692200
2033070.724,692300
2033776.645,692400
2034424.502,692500
2034997.629,692600
2035583.891,692700
2036428.805,692800
2037062.766,692900
2037779.099,693000
2038648.638,693100
2039471.591,693200
2040195.904,693300
2040796.097,693400
2041454.473,693500
2043930.730,693600
2044614.411,693700
2045781.719,693800
2047182.276,693900
2048025.527,694000
2048920.162,694100
2049857.685,694200
2050821.687,694300
2051741.429,694400
2052563.878,694500
2053442.682,694600
2054260.706,694700
2055147.225,694800
2055844.075,694900
2056873.156,695000
2057833.474,695100
2058849.549,695200
2059811.253,695300
2060701.094,695400
2061437.706,695500
2062276.178,695600
2063038.445,695700
2063764.186,695800
2064359.805,695900
2065322.577,696000
2066421.966,696100
2068634.760,696200
2069747.747,696300
2070812.860,696400
2071973.683,696500
2072957.972,696600
2073887.041,696700
2074797.243,696800
2077212.300,696900
2077937.025,697000
2078854.321,697100
2080164.857,697200
2081305.540,697300
2082408.558,697400
2083522.697,697500
2084766.629,697600
2085753.680,697700
2086581.902,697800
2087853.133,697900
2088795.135,698000
2089671.118,698100
2090819.313,698200
2091849.251,698300
2092870.237,698400
2094116.569,698500
2095260.712,698600
2096270.437,698700
2097235.096,698800
2098178.296,698900
2098847.202,699000
2099623.635,699100
2100523.616,699200
2101193.326,699300
2102071.868,699400
2102831.423,699500
2103661.124,699600
2104622.859,699700
2105539.357,699800
2106337.154,699900
2108614.638,700000
2109710.561,700100
2110491.656,700200
2111271.069,700300
2112231.872,700400
2113110.492,700500
2113984.022,700600
2114888.487,700700
2115805.816,700800
2116737.495,700900
2117576.015,701000
2118157.623,701100
2118840.157,701200
2119460.346,701300
2120198.309,701400
2121234.495,701500
2122214.939,701600
2123117.479,701700
2123906.157,701800
2124731.345,701900
2125516.642,702000
2126200.881,702100
2126848.954,702200
2127507.235,702300
2128133.513,702400
2129030.626,702500
2129686.347,702600
2130380.286,702700
2131402.183,702800
2132306.745,702900
2134421.982,703000
2135934.427,703100
2136855.092,703200
2137760.822,703300
2138677.288,703400
2139746.451,703500
2140834.248,703600
2141686.780,703700
2142682.717,703800
2143948.648,703900
2145206.114,704000
2146453.476,704100
2147689.909,704200
2148506.365,704300
2149220.790,704400
2150442.805,704500
2151494.376,704600
2152479.201,704700
2153458.666,704800
2154307.263,704900
2155264.219,705000
2156443.305,705100
2157598.021,705200
2158970.777,705300
2159770.134,705400
2160518.946,705500
2161646.250,705600
2164917.104,705700
2166693.604,705800
2168946.757,705900
2171161.783,706000
2173175.905,706100
2174849.807,706200
2176335.751,706300
2178185.110,706400
2179486.036,706500
2180306.525,706600
2181657.676,706700
2182683.533,706800
2183874.898,706900
2184988.232,707000
2185877.596,707100
2186894.011,707200
2187860.200,707300
2188636.152,707400
2189531.296,707500
2190344.655,707600
2191215.723,707700
2192409.097,707800
2193328.587,707900
2194281.447,708000
2195408.786,708100
2196442.065,708200
2197469.027,708300
2200522.486,708400
2201435.240,708500
2202306.297,708600
2203267.934,708700
2204280.166,708800
2205665.728,708900
2207171.446,709000
2209257.503,709100
2210316.709,709200
2211499.052,709300
2212586.818,709400
2213525.998,709500
2214274.778,709600
2214921.050,709700
2215791.271,709800
2216811.134,709900
2217677.913,710000
2218854.537,710100
2219787.709,710200
2220616.249,710300
2221427.554,710400
2222517.155,710500
2223509.873,710600
2224131.732,710700
2224951.807,710800
2225875.072,710900
2226666.684,711000
2229089.519,711100
2230360.570,711200
2231364.339,711300
2232677.504,711400
2233587.657,711500
2234456.282,711600
2235251.437,711700
2236151.424,711800
2237140.318,711900
2238200.115,712000
2239066.968,712100
2239985.367,712200
2241063.187,712300
2242046.759,712400
2242935.185,712500
2243765.310,712600
2244982.426,712700
2246065.492,712800
2246920.786,712900
2247850.836,713000
2248658.849,713100
2249621.542,713200
2250503.153,713300
2251277.638,713400
2252037.165,713500
2253457.326,713600
2254365.854,713700
2256717.316,713800
2257892.624,713900
2259096.759,714000
2260331.841,714100
2261560.765,714200
2262655.582,714300
2263996.241,714400
2265056.655,714500
2266121.735,714600
2267157.495,714700
2267936.154,714800
2269009.263,714900
2269976.129,715000
2270985.867,715100
2271870.234,715200
2272755.753,715300
2273524.837,715400
2274471.139,715500
2275294.609,715600
2276024.558,715700
2276857.201,715800
2277702.511,715900
2278473.680,716000
2280606.278,716100
2281673.360,716200
2282745.218,716300
2283749.474,716400
2287529.464,716500
2289514.554,716600
2290487.741,716700
2291827.819,716800
2293120.491,716900
2294606.782,717000
2296648.214,717100
2298849.895,717200
2300849.759,717300
2302696.214,717400
2304207.590,717500
2305350.634,717600
2306398.112,717700
2307346.264,717800
2308081.004,717900
2308938.338,718000
2310332.183,718100
2311322.017,718200
2312143.935,718300
2313151.895,718400
2313862.915,718500
2314761.666,718600
2315605.770,718700
2316424.603,718800
2317097.299,718900
2317755.704,719000
2318504.526,719100
2319331.180,719200
2320266.496,719300
2322907.990,719400
2323867.372,719500
2324672.635,719600
2325846.163,719700
2327271.935,719800
2328823.592,719900
2329777.858,720000
2330611.730,720100
2331633.488,720200
2332535.867,720300
2333448.803,720400
2334334.224,720500
2335331.332,720600
2336536.627,720700
2337481.397,720800
2338258.352,720900
2338950.967,721000
2339720.943,721100
2340672.405,721200
2341681.954,721300
2342727.321,721400
2343679.728,721500
2344610.218,721600
2345550.074,721700
2346541.867,721800
2348023.916,721900
2349078.931,722000
2351563.014,722100
2352830.361,722200
2354587.329,722300
2357126.290,722400
2360608.524,722500
2366871.186,722600
2368813.547,722700
2370211.376,722800
2371524.561,722900
2372538.519,723000
2373211.380,723100
2374001.253,723200
2374723.895,723300
2375547.873,723400
2376554.410,723500
2377267.174,723600
2378200.579,723700
2378987.660,723800
2379915.723,723900
2380815.738,724000
2381526.431,724100
2382337.091,724200
2383272.485,724300
2384421.692,724400
2385170.941,724500
2385877.809,724600
2386672.772,724700
2387730.404,724800
2390455.603,724900
2391590.420,725000
2392673.457,725100
2393661.938,725200
2394561.856,725300
2395583.823,725400
2397330.124,725500
2398801.201,725600
2399849.586,725700
2400798.644,725800
2401668.033,725900
2402542.180,726000
2403415.388,726100
2404102.957,726200
2404885.667,726300
2405756.992,726400
2406610.098,726500
2407480.052,726600
2408439.054,726700
2409318.129,726800
2410289.268,726900
2410995.174,727000
2411576.427,727100
2412297.396,727200
2412910.921,727300
2413828.770,727400
2414728.241,727500
2417339.091,727600
2418732.209,727700
2420838.998,727800
2422283.366,727900
2423823.237,728000
2425227.100,728100
2426172.726,728200
2427323.740,728300
2428595.271,728400
2429614.283,728500
2431136.825,728600
2432377.728,728700
2433311.325,728800
2434479.988,728900
2435493.027,729000
2436178.685,729100
2437015.672,729200
2437862.145,729300
2438783.969,729400
2439659.076,729500
2440674.717,729600
2441624.751,729700
2442603.283,729800
2443764.776,729900
2444749.848,730000
2445837.316,730100
2446621.697,730200
2449025.705,730300
2449883.606,730400
2450905.509,730500
2452000.887,730600
2452897.531,730700
2453753.730,730800
2454725.589,730900
2455600.257,731000
2456403.460,731100
2457000.904,731200
2457630.264,731300
2458501.240,731400
2459482.410,731500
2460376.224,731600
2461230.836,731700
2462172.739,731800
2463033.279,731900
2463672.599,732000
2464361.226,732100
2465002.449,732200
2465567.353,732300
2466261.860,732400
2467262.764,732500
2468192.741,732600
2468915.674,732700
2469639.946,732800
2470429.890,732900
2472457.555,733000
2473553.961,733100
2474203.591,733200
2475019.043,733300
2475667.949,733400
2476382.540,733500
2477146.883,733600
2478131.286,733700
2478850.442,733800
2479634.195,733900
2480540.702,734000
2481332.409,734100
2482345.484,734200
2483069.873,734300
2483720.263,734400
2484333.498,734500
2485268.737,734600
2485996.261,734700
2486804.403,734800
2487475.152,734900
2488349.493,735000
2489300.697,735100
2490174.731,735200
2490868.287,735300
2491624.744,735400
2492175.548,735500
2492820.377,735600
2494002.904,735700
2496501.989,735800
2497479.126,735900
2499351.177,736000
2501194.238,736100
2502392.395,736200
2503725.500,736300
2504886.486,736400
2505956.942,736500
2506981.767,736600
2508105.684,736700
2509037.686,736800
2509929.547,736900
2510786.230,737000
2511775.435,737100
2512895.720,737200
2513664.650,737300
2514650.085,737400
2515384.095,737500
2516060.446,737600
2516870.691,737700
2517770.169,737800
2518706.769,737900
2519456.618,738000
2520272.265,738100
2521012.089,738200
2523026.966,738300
2524037.128,738400
2525056.599,738500
2526223.789,738600
2527914.565,738700
2529561.383,738800
2531008.557,738900
2532342.716,739000
2533575.732,739100
2534820.315,739200
2535715.771,739300
2536418.688,739400
2537435.881,739500
2538813.252,739600
2539709.481,739700
2540807.512,739800
2541540.574,739900
2542335.972,740000
2543120.724,740100
2543818.298,740200
2544765.247,740300
2546037.233,740400
2546962.318,740500
2548183.647,740600
2549537.505,740700
2550830.625,740800
2551782.127,740900
2552738.084,741000
2555472.391,741100
2556739.821,741200
2557945.713,741300
2559182.387,741400
2560124.413,741500
2560904.345,741600
2561658.184,741700
2562534.463,741800
2563713.249,741900
2564451.590,742000
2565210.681,742100
2566277.423,742200
2568207.794,742300
2571837.744,742400
2574671.234,742500
2576335.261,742600
2577484.541,742700
2578587.730,742800
2579404.758,742900
2580140.052,743000
2580896.902,743100
2581795.951,743200
2582567.903,743300
2583315.565,743400
2583882.726,743500
2584440.344,743600
2585132.877,743700
2587588.662,743800
2588767.745,743900
2589717.993,744000
2590642.371,744100
2592210.790,744200
2592980.267,744300
2593529.489,744400
2594258.659,744500
2595033.243,744600
2596432.897,744700
2597587.831,744800
2598998.964,744900
2600149.110,745000
2601251.420,745100
2602018.224,745200
2602649.627,745300
2603354.420,745400
2604093.667,745500
2604981.933,745600
2605893.232,745700
2607018.017,745800
2607818.752,745900
2608675.057,746000
2609502.110,746100
2610094.174,746200
2610577.649,746300
2612471.583,746400
2613407.581,746500
2614271.512,746600
2615424.997,746700
2616225.361,746800
2617459.251,746900
2618604.408,747000
2619556.429,747100
2620431.955,747200
2621315.271,747300
2622207.181,747400
2622999.877,747500
2623867.305,747600
2624932.124,747700
2625746.537,747800
2627024.885,747900
2628004.917,748000
2628782.721,748100
2629716.363,748200
2630364.164,748300
2630900.949,748400
2631584.105,748500
2632564.362,748600
2633321.498,748700
2634539.597,748800
2635591.036,748900
2636520.932,749000
2637362.472,749100
2640381.152,749200
2641452.278,749300
2642827.754,749400
2644458.401,749500
2645956.081,749600
2647498.443,749700
2649227.572,749800
2650945.758,749900
2652800.838,750000
2653977.861,750100
2655292.043,750200
2656178.454,750300
2657323.050,750400
2658469.665,750500
2659431.544,750600
2660518.435,750700
2662001.210,750800
2662958.804,750900
2664030.933,751000
2664908.246,751100
2665628.289,751200
2666758.950,751300
2667658.504,751400
2668240.064,751500
2669117.486,751600
2669957.337,751700
2670866.502,751800
2671805.514,751900
2674559.373,752000
2676073.399,752100
2677272.075,752200
2678555.110,752300
2679674.766,752400
2680388.084,752500
2681027.531,752600
2681688.502,752700
2682856.097,752800
2683957.229,752900
2684922.961,753000
2686076.538,753100
2687276.184,753200
2688195.321,753300
2689151.568,753400
2690031.787,753500
2690545.279,753600
2691249.076,753700
2692019.620,753800
2692981.615,753900
2694699.775,754000
2695716.652,754100
2696640.809,754200
2697774.052,754300
2698901.417,754400
2699548.155,754500
2700179.327,754600
2702558.678,754700
2703858.372,754800
2705183.148,754900
2706254.611,755000
2707213.637,755100
2708303.373,755200
2709396.664,755300
2710448.508,755400
2711232.141,755500
2711901.749,755600
2712757.180,755700
2713611.819,755800
2714594.445,755900
2715580.288,756000
2716429.857,756100
2717204.916,756200
2718081.113,756300
2718867.557,756400
2719526.625,756500
2720162.370,756600
2720716.111,756700
2721405.773,756800
2722191.579,756900
2722864.418,757000
2723843.751,757100
2724364.960,757200
2725145.254,757300
2726031.949,757400
2729328.288,757500
2730365.451,757600
2731100.419,757700
2731798.893,757800
2732543.347,757900
2733173.478,758000
2734028.655,758100
2734729.142,758200
2735654.509,758300
2736879.222,758400
2740421.834,758500
2744483.721,758600
2747797.868,758700
2749277.491,758800
2750347.344,758900
2751410.759,759000
2752362.967,759100
2754919.838,759200
2758219.019,759300
2762866.931,759400
2763841.772,759500
2764738.212,759600
2766177.522,759700
2767232.427,759800
2768122.035,759900
2769089.079,760000
2769939.863,760100
2770990.622,760200
2774934.794,760300
2777997.775,760400
2780493.262,760500
2782905.497,760600
2784448.928,760700
2786135.632,760800
2787675.758,760900
2789135.908,761000
2790225.854,761100
2791604.948,761200
2792933.191,761300
2794150.260,761400
2795369.171,761500
2796398.393,761600
2797501.062,761700
2798629.531,761800
2799619.171,761900
2800892.045,762000
2801834.847,762100
2803197.328,762200
2804238.697,762300
2805194.836,762400
2806938.790,762500
2808064.766,762600
2809587.300,762700
2810552.259,762800
2813446.635,762900
2815046.191,763000
2816307.579,763100
2817700.781,763200
2819236.139,763300
2820620.033,763400
2821983.269,763500
2823246.038,763600
2824466.398,763700
2825689.420,763800
2826831.005,763900
2827693.925,764000
2828909.887,764100
2830109.582,764200
2831574.538,764300
2832978.124,764400
2834344.849,764500
2835750.007,764600
2837005.476,764700
2838374.222,764800
2839365.435,764900
2840950.098,765000
2842203.438,765100
2843523.763,765200
2846235.635,765300
2847792.642,765400
2849061.505,765500
2850381.570,765600
2851857.511,765700
2853339.087,765800
2854654.107,765900
2856043.430,766000
2857357.486,766100
2858997.899,766200
2859734.425,766300
2860478.055,766400
2861222.266,766500
2861919.524,766600
2866417.783,766700
2872227.934,766800
2873298.052,766900
2874154.161,767000
2875034.254,767100
2875838.491,767200
2876698.782,767300
2877429.800,767400
2878336.499,767500
2879338.577,767600
2880302.020,767700
2881483.418,767800
2884310.454,767900
2885871.303,768000
2887931.869,768100
2889145.206,768200
2890330.637,768300
2891312.500,768400
2892275.447,768500
2893221.229,768600
2894388.274,768700
2895444.252,768800
2896152.445,768900
2896925.625,769000
2897932.607,769100
2899294.449,769200
2900198.221,769300
2901449.056,769400
2902662.399,769500
2903926.400,769600
2904815.770,769700
2905732.080,769800
2906376.290,769900
2907294.535,770000
2908686.183,770100
2909542.513,770200
2910526.432,770300
2911538.003,770400
2912274.156,770500
2916745.767,770600
2918514.621,770700
2919784.753,770800
2921307.605,770900
2922588.294,771000
2924042.083,771100
2930885.296,771200
2935434.629,771300
2937362.208,771400
2941547.954,771500
2943628.472,771600
2944836.982,771700
2946006.586,771800
2946999.959,771900
2947854.051,772000
2948799.592,772100
2949502.354,772200
2950758.742,772300
2951572.635,772400
2952584.610,772500
2953535.568,772600
2954295.142,772700
2955225.080,772800
2956220.179,772900
2957128.526,773000
2958027.769,773100
2958867.933,773200
2962153.259,773300
2963358.277,773400
2964560.059,773500
2965713.547,773600
2966611.529,773700
2967540.188,773800
2968289.875,773900
2969047.934,774000
2970073.449,774100
2970936.527,774200
2971937.572,774300
2972933.831,774400
2974038.360,774500
2975202.139,774600
2976134.342,774700
2977250.586,774800
2978318.304,774900
2979242.045,775000
2980094.127,775100
2980754.246,775200
2981698.717,775300
2982464.517,775400
2983362.808,775500
2984297.870,775600
2985226.219,775700
2986360.703,775800
2988584.006,775900
2990061.000,776000
2991281.951,776100
2992124.362,776200
2993262.639,776300
2994579.920,776400
2995405.518,776500
2996397.382,776600
2997466.451,776700
2998474.057,776800
2999569.929,776900
3000550.819,777000
3001639.491,777100
3002669.989,777200
3003595.616,777300
3004797.748,777400
3005585.657,777500
3006669.041,777600
3007673.463,777700
3008683.516,777800
3009869.567,777900
3010890.154,778000
3012050.273,778100
3013447.103,778200
3014432.521,778300
3015682.605,778400
3016726.925,778500
3019546.776,778600
3021445.297,778700
3023329.889,778800
3024969.855,778900
3026408.673,779000
3027874.151,779100
3029373.428,779200
3030760.207,779300
3031995.483,779400
3033326.519,779500
3034584.877,779600
3035865.238,779700
3037020.201,779800
3038003.455,779900
3039212.141,780000
3040378.168,780100
3041732.348,780200
3042581.505,780300
3043541.968,780400
3044338.268,780500
3045533.783,780600
3046899.549,780700
3048233.229,780800
3049428.828,780900
3051241.377,781000
3054436.916,781100
3056070.536,781200
3057749.684,781300
3059394.943,781400
3060509.534,781500
3062091.445,781600
3063756.408,781700
3065011.965,781800
3066492.656,781900
3067657.539,782000
3068809.753,782100
3069719.879,782200
3070741.247,782300
3071807.033,782400
3072843.476,782500
3073948.348,782600
3075185.058,782700
3076085.821,782800
3077195.078,782900
3078210.587,783000
3079281.358,783100
3080199.362,783200
3081251.773,783300
3082358.546,783400
3083353.864,783500
3084254.515,783600
3087332.943,783700
3089195.827,783800
3091053.210,783900
3093054.541,784000
3094843.722,784100
3096386.252,784200
3097868.245,784300
3099147.079,784400
3100108.230,784500
3101077.640,784600
3102042.903,784700
3103374.286,784800
3104747.419,784900
3106079.056,785000
3107078.301,785100
3108236.595,785200
3109378.927,785300
3110557.482,785400
3111576.194,785500
3112558.711,785600
3113614.582,785700
3114622.612,785800
3115779.396,785900
3118675.507,786000
3120319.559,786100
3122074.468,786200
3123479.192,786300
3124813.877,786400
3125838.831,786500
3126833.080,786600
3127662.709,786700
3128623.271,786800
3129686.944,786900
3130824.844,787000
3131837.961,787100
3133030.090,787200
3134023.386,787300
3135081.621,787400
3136039.548,787500
3136831.401,787600
3137650.137,787700
3138416.172,787800
3139203.283,787900
3141551.400,788000
3143125.700,788100
3144605.664,788200
3146143.989,788300
3147773.538,788400
3148861.910,788500
3149900.115,788600
3150899.020,788700
3152058.250,788800
3153093.386,788900
3154289.690,789000
3155237.027,789100
3156121.646,789200
3157190.916,789300
3158099.840,789400
3159018.176,789500
3159951.496,789600
3160710.894,789700
3163681.249,789800
3165140.165,789900
3166385.638,790000
3168001.495,790100
3169286.167,790200
3170449.228,790300
3171672.499,790400
3172685.137,790500
3173773.257,790600
3174588.350,790700
3175607.314,790800
3176503.468,790900
3177471.856,791000
3178557.581,791100
3179492.636,791200
3180432.515,791300
3181514.772,791400
3182509.662,791500
3183449.718,791600
3186103.044,791700
3187256.681,791800
3188959.424,791900
3190458.229,792000
3191826.569,792100
3193350.766,792200
3194918.873,792300
3196402.728,792400
3197709.199,792500
3198987.486,792600
3200255.572,792700
3201687.649,792800
3203031.205,792900
3204250.753,793000
3205375.111,793100
3206794.988,793200
3207941.036,793300
3208972.299,793400
3210021.731,793500
3211255.525,793600
3212516.907,793700
3216307.064,793800
3217646.917,793900
3218709.539,794000
3220140.249,794100
3221292.285,794200
3222655.825,794300
3223824.973,794400
3224931.943,794500
3225778.264,794600
3226792.097,794700
3227604.904,794800
3228436.144,794900
3229361.086,795000
3230330.942,795100
3231302.106,795200
3232428.901,795300
3233634.452,795400
3234696.824,795500
3235740.453,795600
3236730.931,795700
3237631.391,795800
3240193.770,795900
3241953.770,796000
3243656.696,796100
3245427.788,796200
3247092.577,796300
3248675.628,796400
3250274.303,796500
3251802.886,796600
3253075.669,796700
3254246.903,796800
3255310.210,796900
3256525.559,797000
3257813.555,797100
3259228.715,797200
3260348.951,797300
3261525.157,797400
3262704.534,797500
3263619.629,797600
3264476.939,797700
3265283.007,797800
3266091.051,797900
3268801.629,798000
3270193.135,798100
3271698.878,798200
3273213.145,798300
3274762.957,798400
3276197.869,798500
3277683.278,798600
3279122.566,798700
3280425.584,798800
3281429.078,798900
3282550.434,799000
3283582.753,799100
3284512.616,799200
3285661.156,799300
3286820.515,799400
3287884.745,799500
3288895.666,799600
3289918.305,799700
3290690.637,799800
3293820.121,799900
3295274.991,800000
3296849.877,800100
3298201.562,800200
3299695.312,800300
3301217.242,800400
3302812.555,800500
3304170.693,800600
3305533.221,800700
3306689.793,800800
3307661.665,800900
3308660.509,801000
3309876.991,801100
3311002.589,801200
3312105.450,801300
3313205.801,801400
3314168.623,801500
3315289.912,801600
3316590.643,801700
3319076.995,801800
3320219.881,801900
3321495.815,802000
3322738.194,802100
3323813.198,802200
3325026.211,802300
3326149.939,802400
3327194.644,802500
3328315.377,802600
3329328.688,802700
3330695.295,802800
3331933.416,802900
3332829.245,803000
3333670.256,803100
3334677.965,803200
3335578.293,803300
3336753.964,803400
3337657.206,803500
3338561.103,803600
3341160.714,803700
3342721.894,803800
3343997.120,803900
3345133.972,804000
3346193.107,804100
3347365.558,804200
3348785.987,804300
3350252.946,804400
3351419.933,804500
3352904.147,804600
3354099.632,804700
3355489.836,804800
3356657.477,804900
3357947.414,805000
3359152.545,805100
3360578.536,805200
3361547.739,805300
3362931.606,805400
3364163.410,805500
3367972.099,805600
3369602.882,805700
3371205.957,805800
3372513.533,805900
3373475.081,806000
3374756.287,806100
3375792.759,806200
3376848.043,806300
3378155.822,806400
3379162.435,806500
3380215.646,806600
3381341.440,806700
3382501.154,806800
3383455.440,806900
3384313.671,807000
3385381.038,807100
3386347.657,807200
3387564.466,807300
3388806.691,807400
3392662.590,807500
3394365.799,807600
3396319.940,807700
3397980.284,807800
3400086.360,807900
3401700.583,808000
3403199.269,808100
3404717.168,808200
3406054.905,808300
3407506.780,808400
3408979.512,808500
3410489.608,808600
3412112.278,808700
3413835.949,808800
3415121.241,808900
3416303.284,809000
3417621.751,809100
3419039.793,809200
3423574.531,809300
3425573.105,809400
3427244.499,809500
3429069.859,809600
3430606.252,809700
3432572.103,809800
3434386.585,809900
3436011.909,810000
3437994.136,810100
3440012.319,810200
3441733.724,810300
3443376.145,810400
3445238.399,810500
3446668.088,810600
3448340.717,810700
3450135.596,810800
3452395.006,810900
3454344.217,811000
3456119.391,811100
3457503.520,811200
3459154.214,811300
3460781.084,811400
3463850.143,811500
3466511.208,811600
3468373.122,811700
3470335.852,811800
3472286.070,811900
3473841.691,812000
3475648.894,812100
3477310.900,812200
3478822.339,812300
3480401.141,812400
3482084.525,812500
3483614.216,812600
3485194.910,812700
3486961.071,812800
3488410.956,812900
3489847.895,813000
3491584.987,813100
3492870.995,813200
3493964.343,813300
3495527.657,813400
3496743.651,813500
3498585.208,813600
3500805.400,813700
3505108.818,813800
3508844.633,813900
3512051.563,814000
3514336.364,814100
3515925.110,814200
3517869.884,814300
3520047.759,814400
3521752.456,814500
3523577.890,814600
3525485.377,814700
3527143.127,814800
3529221.883,814900
3531149.006,815000
3532622.112,815100
3534104.969,815200
3535477.041,815300
3536628.109,815400
3538135.351,815500
3539513.052,815600
3543455.408,815700
3545916.563,815800
3547347.174,815900
3548862.212,816000
3550592.469,816100
3552320.615,816200
3553653.658,816300
3554993.022,816400
3556084.022,816500
3557405.322,816600
3558737.187,816700
3560190.356,816800
3561493.759,816900
3562734.573,817000
3563875.417,817100
3565109.456,817200
3566164.049,817300
3569096.370,817400
3570489.694,817500
3572392.418,817600
3574600.885,817700
3576210.404,817800
3578068.240,817900
3579845.687,818000
3581309.498,818100
3583140.207,818200
3584992.023,818300
3586367.657,818400
3587631.815,818500
3588922.419,818600
3590306.069,818700
3591844.460,818800
3593459.970,818900
3594914.702,819000
3596406.653,819100
3600627.022,819200
3602229.857,819300
3604190.864,819400
3605699.085,819500
3606840.316,819600
3608339.535,819700
3610354.515,819800
3611791.910,819900
3613415.430,820000
3615101.821,820100
3616772.462,820200
3618388.867,820300
3620010.808,820400
3621404.754,820500
3622668.445,820600
3624027.462,820700
3625568.317,820800
3626767.749,820900
3629966.889,821000
3631740.511,821100
3633586.856,821200
3635434.959,821300
3637651.956,821400
3639206.556,821500
3640570.127,821600
3642072.477,821700
3643500.546,821800
3645094.581,821900
3646419.233,822000
3647575.822,822100
3648852.346,822200
3650136.848,822300
3651583.759,822400
3653689.032,822500
3655005.784,822600
3658265.967,822700
3659877.183,822800
3661245.077,822900
3662640.967,823000
3664161.878,823100
3665493.778,823200
3667158.029,823300
3668653.164,823400
3670072.320,823500
3671414.762,823600
3672393.392,823700
3673535.521,823800
3674908.200,823900
3676657.525,824000
3678609.946,824100
3680074.182,824200
3681821.213,824300
3684276.933,824400
3688205.843,824500
3691114.698,824600
3693942.074,824700
3696194.320,824800
3697966.960,824900
3700510.785,825000
3703125.809,825100
3705695.760,825200
3707262.272,825300
3709425.161,825400
3711787.504,825500
3713646.102,825600
3714900.520,825700
3716026.734,825800
3717554.625,825900
3719165.654,826000
3720865.782,826100
3722608.041,826200
3724215.765,826300
3728535.703,826400
3730410.663,826500
3732271.961,826600
3733978.524,826700
3735702.777,826800
3737967.230,826900
3739702.054,827000
3741630.880,827100
3744142.343,827200
3746312.032,827300
3748688.274,827400
3750469.249,827500
3752155.375,827600
3754019.496,827700
3755516.310,827800
3756890.367,827900
3758437.056,828000
3760054.363,828100
3761751.424,828200
3766745.155,828300
3769520.219,828400
3771826.458,828500
3773649.961,828600
3775262.119,828700
3776857.554,828800
3778496.444,828900
3780187.722,829000
3781623.159,829100
3782928.485,829200
3784566.237,829300
3785835.422,829400
3787254.972,829500
3788930.180,829600
3790400.800,829700
3792029.097,829800
3794330.285,829900
3796224.438,830000
3797844.859,830100
3799790.689,830200
3801662.364,830300
3803075.645,830400
3807457.263,830500
3809442.671,830600
3811337.769,830700
3812953.493,830800
3814487.764,830900
3815998.882,831000
3817536.412,831100
3819159.789,831200
3820809.829,831300
3822168.694,831400
3823713.011,831500
3825145.963,831600
3826496.004,831700
3827777.107,831800
3829221.121,831900
3830855.165,832000
3832321.702,832100
3834076.316,832200
3835965.552,832300
3837491.341,832400
3840133.932,832500
3845659.688,832600
3848450.927,832700
3850521.597,832800
3852821.402,832900
3855067.211,833000
3857247.807,833100
3859801.778,833200
3862431.766,833300
3864729.733,833400
3866708.487,833500
3868290.485,833600
3869730.458,833700
3871897.791,833800
3873424.101,833900
3874926.023,834000
3876719.783,834100
3878192.736,834200
3881124.721,834300
3883390.886,834400
3886087.296,834500
3891874.129,834600
3894671.348,834700
3897376.511,834800
3899648.886,834900
3901747.598,835000
3903777.360,835100
3905683.472,835200
3907551.118,835300
3910256.964,835400
3911951.919,835500
3914502.877,835600
3916504.080,835700
3918130.017,835800
3922301.411,835900
3924282.533,836000
3925815.277,836100
3927962.313,836200
3929909.047,836300
3931667.615,836400
3933162.442,836500
3937146.618,836600
3939432.063,836700
3941215.325,836800
3943147.219,836900
3945186.347,837000
3946862.121,837100
3948470.355,837200
3950245.128,837300
3952420.874,837400
3953993.326,837500
3955602.478,837600
3957349.322,837700
3960023.341,837800
3961503.719,837900
3963273.065,838000
3964619.127,838100
3965919.878,838200
3967539.459,838300
3968953.064,838400
3970386.938,838500
3974665.691,838600
3976942.280,838700
3978776.300,838800
3980620.585,838900
3982096.164,839000
3983910.514,839100
3985530.752,839200
3987229.115,839300
3988730.123,839400
3990230.668,839500
3991751.243,839600
3993208.197,839700
3994573.066,839800
3995869.887,839900
3997221.955,840000
3998083.192,840100
3998858.643,840200
3999749.282,840300
4002389.429,840400
4003394.806,840500
4004607.731,840600
4006258.608,840700
4007696.050,840800
4009200.699,840900
4010910.006,841000
4012334.522,841100
4013473.499,841200
4014833.104,841300
4016626.159,841400
4018041.312,841500
4019380.683,841600
4021040.230,841700
4022373.135,841800
4023873.033,841900
4026891.914,842000
4028316.819,842100
4029767.665,842200
4031375.932,842300
4033333.879,842400
4035443.075,842500
4037532.015,842600
4039108.055,842700
4040628.869,842800
4041980.296,842900
4042886.991,843000
4044674.620,843100
4046164.247,843200
4047587.809,843300
4049182.239,843400
4050779.487,843500
4055413.044,843600
4058325.982,843700
4059928.107,843800
4061373.257,843900
4062807.227,844000
4064457.992,844100
4066181.765,844200
4067487.788,844300
4069039.569,844400
4070757.045,844500
4072258.610,844600
4073502.404,844700
4074846.463,844800
4075922.824,844900
4077127.141,845000
4078021.075,845100
4078993.639,845200
4082279.306,845300
4083921.945,845400
4085756.169,845500
4087564.253,845600
4088769.054,845700
4090440.833,845800
4092188.240,845900
4093484.715,846000
4094791.763,846100
4095911.189,846200
4097196.854,846300
4098825.213,846400
4100093.762,846500
4101722.984,846600
4103394.530,846700
4106332.131,846800
4108830.719,846900
4110884.255,847000
4112376.418,847100
4113514.384,847200
4114658.410,847300
4115893.635,847400
4117407.389,847500
4118931.339,847600
4120315.168,847700
4121550.798,847800
4122561.495,847900
4123643.250,848000
4125258.998,848100
4126694.300,848200
4128333.628,848300
4129948.950,848400
4133086.858,848500
4135288.559,848600
4137070.486,848700
4139174.903,848800
4141329.357,848900
4143262.951,849000
4145211.988,849100
4146880.150,849200
4148898.484,849300
4150862.326,849400
4152407.723,849500
4154325.463,849600
4157058.958,849700
4158839.867,849800
4160427.839,849900
4161751.405,850000
4165474.086,850100
4167879.841,850200
4169861.304,850300
4171863.898,850400
4173612.836,850500
4176279.925,850600
4177899.524,850700
4179469.663,850800
4182094.730,850900
4187835.709,851000
4189646.647,851100
4192361.811,851200
4194706.812,851300
4196556.028,851400
4199180.901,851500
4201361.409,851600
4206089.813,851700
4209029.880,851800
4211548.281,851900
4212972.528,852000
4214960.221,852100
4218557.999,852200
4221801.830,852300
4224548.854,852400
4228606.415,852500
4230347.720,852600
4233392.872,852700
4235839.052,852800
4237582.472,852900
4239850.942,853000
4241692.289,853100
4243504.801,853200
4249154.196,853300
4251927.032,853400
4253993.606,853500
4256524.616,853600
4258563.833,853700
4260646.617,853800
4263108.460,853900
4266471.015,854000
4271107.372,854100
4275129.225,854200
4277641.370,854300
4279689.749,854400
4281908.698,854500
4283677.920,854600
4286040.676,854700
4288067.917,854800
4292949.394,854900
4296301.854,855000
4299894.980,855100
4303396.103,855200
4305792.746,855300
4308543.095,855400
4311530.931,855500
4314689.592,855600
4317665.256,855700
4320507.378,855800
4322311.007,855900
4324351.879,856000
4326514.898,856100
4328172.979,856200
4332553.942,856300
4338475.008,856400
4343482.938,856500
4351387.191,856600
4355258.943,856700
4359258.676,856800
4363128.362,856900
4364968.619,857000
4366750.172,857100
4367961.629,857200
4369695.599,857300
4371206.558,857400
4373294.680,857500
4375178.775,857600
4377224.803,857700
4378891.045,857800
4380449.231,857900
4381736.762,858000
4382901.484,858100
4386334.696,858200
4387934.488,858300
4389660.006,858400
4391551.007,858500
4393690.611,858600
4395669.019,858700
4397741.046,858800
4400635.335,858900
4403860.887,859000
4406612.269,859100
4409621.084,859200
4411361.971,859300
4413110.476,859400
4415004.251,859500
4416830.864,859600
4419965.097,859700
4421733.437,859800
4424299.138,859900
4425922.308,860000
4427667.741,860100
4429200.246,860200
4430574.887,860300
4432805.576,860400
4434273.050,860500
4436059.591,860600
4437726.415,860700
4440067.664,860800
4442145.638,860900
4444470.331,861000
4447604.106,861100
4450776.881,861200
4455819.801,861300
4460456.796,861400
4464097.729,861500
4468009.815,861600
4470827.928,861700
4474458.617,861800
4477683.027,861900
4480441.540,862000
4483924.971,862100
4487154.904,862200
4490084.692,862300
4492830.944,862400
4495898.551,862500
4499052.466,862600
4502271.046,862700
4505716.119,862800
4508880.077,862900
4515233.298,863000
4518639.187,863100
4520955.292,863200
4523321.099,863300
4525977.840,863400
4528227.996,863500
4530551.962,863600
4532935.486,863700
4536267.523,863800
4538593.054,863900
4541064.756,864000
4544877.861,864100
4547788.398,864200
4549304.767,864300
4550710.209,864400
4552289.214,864500
4557057.396,864600
4558991.456,864700
4561573.408,864800
4563688.216,864900
4565570.930,865000
4567491.160,865100
4571742.791,865200
4573834.816,865300
4575243.650,865400
4577547.726,865500
4579362.539,865600
4581062.364,865700
4582836.030,865800
4584348.601,865900
4585859.173,866000
4589744.779,866100
4591815.453,866200
4593411.416,866300
4595053.068,866400
4596913.723,866500
4598729.691,866600
4600233.070,866700
4601666.908,866800
4603187.990,866900
4604693.010,867000
4607013.766,867100
4608534.843,867200
4609976.639,867300
4611650.722,867400
4613980.776,867500
4615876.971,867600
4620462.873,867700
4623613.172,867800
4626392.222,867900
4630586.742,868000
4633481.600,868100
4636123.991,868200
4638788.392,868300
4642184.448,868400
4644371.057,868500
4646770.229,868600
4649942.549,868700
4653929.959,868800
4657790.479,868900
4661278.949,869000
4665480.054,869100
4668995.867,869200
4672191.111,869300
4677526.034,869400
4680084.501,869500
4682531.021,869600
4685884.175,869700
4689621.006,869800
4694082.787,869900
4698746.509,870000
4702004.513,870100
4705942.754,870200
4709079.571,870300
4712877.170,870400
4715065.092,870500
4718724.066,870600
4721659.996,870700
4723829.998,870800
4725934.784,870900
4727771.472,871000
4732969.882,871100
4735409.655,871200
4738297.614,871300
4743739.637,871400
4747430.106,871500
4751087.259,871600
4753725.021,871700
4756745.424,871800
4759507.561,871900
4763239.126,872000
4765631.536,872100
4768096.931,872200
4770193.884,872300
4772014.840,872400
4774022.653,872500
4776183.567,872600
4778628.585,872700
4783771.691,872800
4786724.275,872900
4790107.964,873000
4792361.763,873100
4795104.713,873200
4797641.562,873300
4801173.944,873400
4803884.770,873500
4806259.113,873600
4809142.531,873700
4812064.549,873800
4815206.881,873900
4817832.901,874000
4820659.832,874100
4822944.326,874200
4824817.430,874300
4826744.324,874400
4829337.857,874500
4831326.069,874600
4835585.036,874700
4838479.913,874800
4841624.676,874900
4845186.376,875000
4848686.490,875100
4852012.793,875200
4854841.336,875300
4857651.087,875400
4860441.903,875500
4863476.637,875600
4866416.121,875700
4869500.405,875800
4872435.644,875900
4875455.928,876000
4877980.204,876100
4880649.652,876200
4883138.813,876300
4885600.204,876400
4888274.491,876500
4891305.169,876600
4894531.848,876700
4901354.406,876800
4906879.251,876900
4909425.351,877000
4912631.718,877100
4916402.876,877200
4919931.634,877300
4924005.167,877400
4928132.900,877500
4930396.611,877600
4932638.568,877700
4935105.859,877800
4937748.804,877900
4939862.607,878000
4943218.431,878100
4945493.188,878200
4948108.133,878300
4950079.764,878400
4951811.871,878500
4954411.619,878600
4956368.650,878700
4963746.641,878800
4967906.530,878900
4972583.051,879000
4975123.915,879100
4978147.345,879200
4981489.296,879300
4985069.654,879400
4988159.310,879500
4990705.281,879600
4993868.073,879700
4997753.659,879800
5001809.554,879900
5004872.966,880000
5008218.908,880100
5010228.098,880200
5012663.322,880300
5015401.010,880400
5019193.434,880500
5022207.353,880600
5024866.168,880700
5030621.274,880800
5035650.690,880900
5040528.036,881000
5044207.612,881100
5048765.048,881200
5053348.461,881300
5057241.018,881400
5061127.019,881500
5064336.554,881600
5068273.321,881700
5074671.428,881800
5079765.979,881900
5083886.559,882000
5089379.102,882100
5093222.269,882200
5096649.272,882300
5099581.490,882400
5102102.871,882500
5105051.636,882600
5108264.729,882700
5110942.394,882800
5115856.750,882900
5120878.276,883000
5125562.623,883100
5129929.077,883200
5133470.842,883300
5136703.610,883400
5140033.404,883500
5144122.353,883600
5148576.248,883700
5153237.130,883800
5158084.713,883900
5161603.778,884000
5165028.656,884100
5169060.850,884200
5178623.249,884300
5180856.829,884400
5183292.482,884500
5185161.506,884600
5186592.320,884700
5188816.688,884800
5194446.217,884900
5196559.435,885000
5198302.332,885100
5200515.101,885200
5203740.420,885300
5206474.015,885400
5209773.430,885500
5212052.966,885600
5214872.581,885700
5218715.788,885800
5222401.492,885900
5224778.249,886000
5227558.416,886100
5230050.193,886200
5233362.227,886300
5237332.769,886400
5240218.753,886500
5243361.204,886600
5246197.642,886700
5251930.753,886800
5254561.465,886900
5258827.365,887000
5261549.086,887100
5263729.741,887200
5265607.703,887300
5267214.121,887400
5268862.819,887500
5270304.888,887600
5272238.519,887700
5273564.265,887800
5274857.903,887900
5276260.053,888000
5277811.238,888100
5279400.160,888200
5281018.245,888300
5282687.564,888400
5283999.281,888500
5286033.909,888600
5290602.522,888700
5294111.743,888800
5296238.614,888900
5297699.765,889000
5298967.408,889100
5300591.775,889200
5302310.917,889300
5303597.481,889400
5305068.573,889500
5306708.532,889600
5308331.241,889700
5309776.231,889800
5311316.512,889900
5313209.700,890000
5314761.271,890100
5316289.478,890200
5318084.146,890300
5319612.979,890400
5321593.442,890500
5322995.460,890600
5326045.351,890700
5328196.454,890800
5329734.623,890900
5331174.682,891000
5332436.825,891100
5333956.928,891200
5335624.195,891300
5339341.192,891400
5340494.000,891500
5342723.177,891600
5344364.113,891700
5345510.798,891800
5346959.540,891900
5348363.701,892000
5349753.564,892100
5350796.153,892200
5352089.800,892300
5353622.943,892400
5354791.339,892500
5355981.845,892600
5358407.242,892700
5359744.827,892800
5363968.824,892900
5366340.063,893000
5369017.961,893100
5370538.876,893200
5372499.026,893300
5374355.718,893400
5376462.303,893500
5378662.809,893600
5380827.260,893700
5382572.618,893800
5384474.933,893900
5386105.512,894000
5387848.556,894100
5389231.664,894200
5400548.517,894300
5402902.234,894400
5404945.616,894500
5407029.068,894600
5411951.047,894700
5414506.057,894800
5416334.073,894900
5419123.993,895000
5421195.951,895100
5423120.602,895200
5425483.500,895300
5427270.476,895400
5428935.074,895500
5430878.821,895600
5434145.656,895700
5437719.347,895800
5441282.257,895900
5444813.603,896000
5447784.462,896100
5451794.841,896200
5456146.743,896300
5459675.393,896400
5462025.346,896500
5464144.218,896600
5466590.036,896700
5468465.884,896800
5473428.564,896900
5476097.424,897000
5479073.344,897100
5481485.828,897200
5483104.350,897300
5485001.238,897400
5486917.425,897500
5488695.253,897600
5490853.171,897700
5493534.367,897800
5497109.771,897900
5499360.887,898000
5501220.420,898100
5503124.996,898200
5504858.732,898300
5507002.865,898400
5509440.490,898500
5511123.049,898600
5513272.670,898700
5515378.504,898800
5518845.616,898900
5521523.200,899000
5524161.230,899100
5526332.109,899200
5528137.223,899300
5530587.626,899400
5532535.270,899500
5535195.455,899600
5537549.523,899700
5539699.849,899800
5541476.227,899900
5543479.591,900000
5545307.230,900100
5546830.548,900200
5548204.950,900300
5549965.970,900400
5551641.973,900500
5553742.629,900600
5555734.917,900700
5557432.377,900800
5559091.354,900900
5560779.066,901000
5562882.723,901100
5568140.581,901200
5571360.671,901300
5575256.232,901400
5577765.840,901500
5580263.542,901600
5582843.769,901700
5584856.275,901800
5586829.629,901900
5590285.267,902000
5592233.516,902100
5593896.220,902200
5596419.959,902300
5598106.156,902400
5600204.384,902500
5602162.609,902600
5604277.775,902700
5605958.894,902800
5607442.527,902900
5609060.867,903000
5610599.881,903100
5612021.150,903200
5615864.449,903300
5618189.792,903400
5620681.813,903500
5622959.862,903600
5624806.375,903700
5626604.967,903800
5628347.386,903900
5630013.829,904000
5631777.363,904100
5633056.432,904200
5634056.133,904300
5635943.349,904400
5637833.683,904500
5639550.404,904600
5641414.827,904700
5642956.809,904800
5644775.590,904900
5647342.735,905000
5649729.241,905100
5651498.694,905200
5653251.760,905300
5654872.784,905400
5660431.189,905500
5663432.990,905600
5665488.405,905700
5667422.952,905800
5670422.514,905900
5672555.626,906000
5675555.170,906100
5677204.403,906200
5679154.296,906300
5680866.020,906400
5682933.767,906500
5684761.690,906600
5687179.438,906700
5691534.904,906800
5693548.548,906900
5695411.002,907000
5697055.678,907100
5698369.666,907200
5699700.254,907300
5701004.740,907400
5704842.033,907500
5707185.320,907600
5710744.714,907700
5712976.647,907800
5714885.544,907900
5717253.097,908000
5719047.357,908100
5721146.575,908200
5722721.390,908300
5724066.324,908400
5725860.494,908500
5727532.385,908600
5728925.078,908700
5730699.850,908800
5732486.976,908900
5733998.436,909000
5735573.411,909100
5737300.617,909200
5739294.083,909300
5741224.260,909400
5746472.490,909500
5751507.143,909600
5754359.516,909700
5757510.995,909800
5760526.847,909900
5762974.738,910000
5765517.161,910100
5767612.127,910200
5770137.624,910300
5771981.858,910400
5773775.674,910500
5775511.692,910600
5777784.214,910700
5779599.971,910800
5781598.857,910900
5783336.379,911000
5784971.049,911100
5786576.151,911200
5788082.221,911300
5789654.886,911400
5793624.739,911500
5795784.586,911600
5798090.948,911700
5799953.687,911800
5801603.122,911900
5803398.071,912000
5804906.076,912100
5806713.981,912200
5808423.837,912300
5809758.964,912400
5811277.724,912500
5812910.099,912600
5814226.987,912700
5815596.595,912800
5817060.075,912900
5818669.851,913000
5820700.155,913100
5822567.764,913200
5824115.541,913300
5828059.777,913400
5830070.908,913500
5832150.118,913600
5834311.086,913700
5837734.553,913800
5839940.596,913900
5841748.362,914000
5843331.941,914100
5844675.453,914200
5846194.119,914300
5848261.722,914400
5850522.255,914500
5851802.767,914600
5853200.372,914700
5854578.332,914800
5856427.818,914900
5857932.962,915000
5859771.751,915100
5861607.164,915200
5864845.679,915300
5866534.817,915400
5868192.289,915500
5869544.440,915600
5871269.572,915700
5873741.983,915800
5875558.207,915900
5877140.384,916000
5879016.904,916100
5880515.382,916200
5882473.941,916300
5884424.741,916400
5886289.142,916500
5888811.439,916600
5890227.510,916700
5891845.946,916800
5893476.772,916900
5895176.277,917000
5897048.985,917100
5898610.311,917200
5904084.499,917300
5907643.307,917400
5911028.929,917500
5914495.927,917600
5917048.871,917700
5920432.509,917800
5922376.054,917900
5925318.285,918000
5928717.082,918100
5932721.927,918200
5935090.144,918300
5937396.032,918400
5939988.913,918500
5942830.403,918600
5944257.670,918700
5946062.501,918800
5947782.177,918900
5949360.228,919000
5950951.860,919100
5954486.614,919200
5956139.895,919300
5958776.218,919400
5960654.276,919500
5962806.024,919600
5964286.544,919700
5965453.276,919800
5967429.469,919900
5969483.095,920000
5971421.356,920100
5973266.535,920200
5974758.343,920300
5976211.863,920400
5977927.202,920500
5979389.104,920600
5980467.190,920700
5982058.297,920800
5983402.075,920900
5984997.505,921000
5986717.787,921100
5990317.191,921200
5992878.876,921300
5994926.312,921400
5996721.299,921500
5998432.200,921600
6000318.294,921700
6002119.793,921800
6003805.567,921900
6005239.081,922000
6007108.588,922100
6009278.687,922200
6011413.102,922300
6013122.449,922400
6014765.559,922500
6016753.634,922600
6018269.141,922700
6020341.164,922800
6021625.291,922900
6023016.371,923000
6024634.650,923100
6028253.450,923200
6030097.282,923300
6032062.616,923400
6033844.797,923500
6036085.584,923600
6037987.650,923700
6039553.065,923800
6040795.336,923900
6042302.333,924000
6044600.413,924100
6047324.272,924200
6049043.269,924300
6050782.758,924400
6053113.050,924500
6056096.691,924600
6058467.346,924700
6060619.566,924800
6062073.591,924900
6063513.928,925000
6067510.481,925100
6071526.243,925200
6074343.581,925300
6077008.320,925400
6078917.817,925500
6080879.521,925600
6082641.894,925700
6084464.600,925800
6086067.594,925900
6088217.120,926000
6090897.338,926100
6092741.279,926200
6094401.889,926300
6096250.066,926400
6099821.490,926500
6102259.985,926600
6104358.031,926700
6105521.818,926800
6107841.733,926900
6111552.346,927000
6113665.793,927100
6115972.349,927200
6117853.894,927300
6119404.200,927400
6121644.276,927500
6123371.706,927600
6124513.131,927700
6126032.798,927800
6127449.291,927900
6128892.581,928000
6130332.431,928100
6132351.236,928200
6133676.916,928300
6136227.263,928400
6137588.237,928500
6138860.149,928600
6139783.870,928700
6141045.359,928800
6144767.366,928900
6147028.689,929000
6149072.209,929100
6150974.546,929200
6153035.210,929300
6154963.040,929400
6156562.435,929500
6157956.983,929600
6159578.095,929700
6161275.543,929800
6162534.001,929900
6164074.589,930000
6166173.551,930100
6168398.962,930200
6170660.640,930300
6172899.480,930400
6175289.802,930500
6177235.819,930600
6178753.570,930700
6182300.573,930800
6186490.747,930900
6188212.783,931000
6190194.720,931100
6192081.059,931200
6194084.775,931300
6196007.582,931400
6198169.451,931500
6201342.841,931600
6203141.737,931700
6205738.784,931800
6208153.899,931900
6209343.334,932000
6211004.860,932100
6212811.960,932200
6214572.235,932300
6216179.059,932400
6218430.826,932500
6222349.124,932600
6224617.558,932700
6229352.784,932800
6232050.575,932900
6234508.416,933000
6237031.402,933100
6239457.316,933200
6241860.623,933300
6243453.344,933400
6244954.856,933500
6246963.140,933600
6248792.177,933700
6250993.585,933800
6253039.018,933900
6254501.558,934000
6256305.805,934100
6258455.218,934200
6260712.121,934300
6262556.305,934400
6264034.614,934500
6266544.325,934600
6268550.921,934700
6273076.658,934800
6275192.636,934900
6276809.941,935000
6279411.140,935100
6283637.353,935200
6285726.523,935300
6286939.899,935400
6288294.658,935500
6289290.423,935600
6290352.514,935700
6291693.101,935800
6292832.696,935900
6294186.415,936000
6295871.538,936100
6296983.777,936200
6298252.084,936300
6299505.163,936400
6300647.423,936500
6302026.618,936600
6302773.104,936700
6305896.428,936800
6307553.615,936900
6309075.785,937000
6310368.273,937100
6312159.565,937200
6313621.960,937300
6314798.094,937400
6316247.241,937500
6317930.071,937600
6319467.152,937700
6320703.576,937800
6321936.754,937900
6324933.315,938000
6326632.475,938100
6328062.550,938200
6329655.787,938300
6330827.607,938400
6332365.496,938500
6333696.604,938600
6335168.907,938700
6338554.953,938800
6340034.674,938900
6341626.583,939000
6343280.870,939100
6344760.960,939200
6346572.106,939300
6348027.049,939400
6350065.939,939500
6351324.032,939600
6352664.257,939700
6353967.244,939800
6355414.205,939900
6356681.146,940000
6358232.669,940100
6359591.950,940200
6360771.361,940300
6362246.023,940400
6363742.026,940500
6365452.772,940600
6366555.283,940700
6369975.810,940800
6373102.655,940900
6376589.700,941000
6379303.496,941100
6381356.200,941200
6382839.178,941300
6385002.838,941400
6387088.759,941500
6388538.236,941600
6389806.612,941700
6390945.060,941800
6392278.566,941900
6393992.230,942000
6395242.181,942100
6396609.741,942200
6397623.524,942300
6398834.861,942400
6400077.036,942500
6401427.246,942600
6404571.006,942700
6405621.172,942800
6407146.830,942900
6408869.420,943000
6411109.983,943100
6412487.841,943200
6414043.909,943300
6415493.020,943400
6416648.419,943500
6418249.678,943600
6419715.544,943700
6420942.466,943800
6422303.101,943900
6423509.842,944000
6424824.199,944100
6426121.591,944200
6427521.927,944300
6428877.544,944400
6432604.662,944500
6434450.303,944600
6435995.203,944700
6437955.024,944800
6439442.544,944900
6441155.683,945000
6443216.967,945100
6446563.729,945200
6448730.070,945300
6451122.677,945400
6453159.958,945500
6454920.083,945600
6456306.385,945700
6457526.257,945800
6458698.121,945900
6460875.700,946000
6462524.544,946100
6465809.840,946200
6468278.262,946300
6469980.064,946400
6471708.136,946500
6474004.432,946600
6475244.141,946700
6476455.291,946800
6478098.616,946900
6479235.421,947000
6481010.029,947100
6482612.985,947200
6484328.152,947300
6486923.718,947400
6489169.697,947500
6491226.749,947600
6493036.677,947700
6495032.854,947800
6497117.378,947900
6502101.046,948000
6505940.811,948100
6508804.581,948200
6511037.193,948300
6514249.773,948400
6516687.388,948500
6518507.495,948600
6520221.663,948700
6521508.928,948800
6522735.347,948900
6524140.588,949000
6525734.473,949100
6527137.757,949200
6528774.222,949300
6530099.183,949400
6531516.620,949500
6533111.052,949600
6536908.196,949700
6538283.381,949800
6539718.897,949900
6541243.004,950000
6542625.448,950100
6543905.969,950200
6545825.376,950300
6547460.303,950400
6549243.858,950500
6550998.722,950600
6552267.272,950700
6553235.510,950800
6554305.129,950900
6555411.106,951000
6556784.226,951100
6558320.172,951200
6561954.351,951300
6563433.659,951400
6564972.735,951500
6566696.217,951600
6568294.804,951700
6569727.856,951800
6571319.289,951900
6573454.505,952000
6575381.642,952100
6577897.846,952200
6580284.259,952300
6582420.681,952400
6584213.902,952500
6586453.366,952600
6588185.990,952700
6589833.897,952800
6593168.101,952900
6595246.311,953000
6596626.699,953100
6598035.599,953200
6599501.865,953300
6601149.653,953400
6602545.641,953500
6604265.710,953600
6605582.137,953700
6607636.629,953800
6610265.981,953900
6611570.499,954000
6612876.544,954100
6614644.920,954200
6616181.432,954300
6617384.349,954400
6620920.940,954500
6623126.117,954600
6624729.538,954700
6626953.928,954800
6629036.042,954900
6630697.448,955000
6632645.040,955100
6634629.304,955200
6636611.769,955300
6638400.321,955400
6640069.233,955500
6641267.220,955600
6642517.827,955700
6643774.931,955800
6645307.827,955900
6649246.172,956000
6651291.194,956100
6653574.105,956200
6655475.997,956300
6657401.464,956400
6658993.431,956500
6660463.666,956600
6661979.669,956700
6663071.609,956800
6664315.802,956900
6666187.143,957000
6667697.295,957100
6669122.519,957200
6670394.346,957300
6671920.502,957400
6673322.260,957500
6676693.244,957600
6678110.166,957700
6679409.974,957800
6681057.033,957900
6682577.758,958000
6685710.266,958100
6689297.027,958200
6691961.463,958300
6695165.941,958400
6697892.690,958500
6699689.950,958600
6701152.220,958700
6702828.267,958800
6704642.398,958900
6706402.969,959000
6710305.838,959100
6712248.429,959200
6713983.718,959300
6715568.168,959400
6717439.488,959500
6718990.610,959600
6720317.048,959700
6721775.916,959800
6723359.167,959900
6725149.935,960000
6726722.844,960100
6728614.183,960200
6730392.518,960300
6735644.906,960400
6747339.485,960500
6750923.327,960600
6759151.653,960700
6764433.956,960800
6768369.196,960900
6771604.819,961000
6774617.345,961100
6777361.063,961200
6779811.389,961300
6782033.675,961400
6784238.533,961500
6786053.828,961600
6787722.007,961700
6789461.115,961800
6791070.285,961900
6792628.091,962000
6794457.253,962100
6796370.339,962200
6799765.151,962300
6801777.151,962400
6803602.723,962500
6804970.048,962600
6806402.357,962700
6807973.234,962800
6809606.286,962900
6811462.317,963000
6813257.479,963100
6814871.192,963200
6816867.599,963300
6820017.702,963400
6822265.811,963500
6824084.317,963600
6825812.707,963700
6827500.902,963800
6832336.835,963900
6835341.780,964000
6838161.770,964100
6840484.603,964200
6842223.342,964300
6844472.291,964400
6846723.273,964500
6848624.410,964600
6850447.960,964700
6852172.716,964800
6857558.433,964900
7816909.590,0
7817085.716,100
7817099.071,200
7817108.990,300
7817118.128,400
7817127.347,500
7817137.777,600
7817147.110,700
7817156.576,800
7817165.573,900
7817174.709,1000
7817187.696,1100
7817196.977,1200
7817206.006,1300
7817214.511,1400
7817224.293,1500
7817233.025,1600
7817241.737,1700
7817250.652,1800
7817259.494,1900
7817268.775,2000
7817288.370,2100
7817297.147,2200
7817305.940,2300
7817314.752,2400
7817323.447,2500
7817331.779,2600
7817340.506,2700
7817349.420,2800
7817358.285,2900
7817366.904,3000
7817375.837,3100
7817384.662,3200
7817393.925,3300
7817402.922,3400
7817412.134,3500
7817421.381,3600
7817430.036,3700
7817438.920,3800
7817447.692,3900
7817456.860,4000
7817491.196,4100
7817499.919,4200
7817508.549,4300
7817517.619,4400
7817526.613,4500
7817535.453,4600
7817544.419,4700
7817553.035,4800
7817561.605,4900
7817570.591,5000
7817579.883,5100
7817588.848,5200
7817597.900,5300
7817606.883,5400
7817615.975,5500
7817624.859,5600
7817633.902,5700
7817642.619,5800
7817651.539,5900
7817660.446,6000
7817669.099,6100
7817677.851,6200
7817686.917,6300
7817696.298,6400
7817705.286,6500
7817714.430,6600
7817723.373,6700
7817732.475,6800
7817740.827,6900
7817749.453,7000
7817758.390,7100
7817767.324,7200
7817775.980,7300
7817785.366,7400
7817794.455,7500
7817803.218,7600
7817811.932,7700
7817820.648,7800
7817829.590,7900
7817838.230,8000
7817847.104,8100
7817895.018,8200
7817903.970,8300
7817913.058,8400
7817922.153,8500
7817935.460,8600
7817944.655,8700
7817953.914,8800
7817963.180,8900
7817976.883,9000
7817985.839,9100
7817997.692,9200
7818006.436,9300
7818015.594,9400
7818024.458,9500
7818033.136,9600
7818042.022,9700
7818050.624,9800
7818059.533,9900
7818391.714,10000
7818401.886,10100
7818411.377,10200
7818420.882,10300
7818429.817,10400
7818438.451,10500
7818448.001,10600
7818456.962,10700
7818465.499,10800
7818474.211,10900
7818482.953,11000
7818493.153,11100
7818501.936,11200
7818510.811,11300
7818519.942,11400
7818529.233,11500
7818538.441,11600
7818547.586,11700
7818556.598,11800
7818565.032,11900
7818574.067,12000
7818584.692,12100
7818593.014,12200
7818601.535,12300
7818610.365,12400
7818619.275,12500
7818628.337,12600
7818637.087,12700
7818645.788,12800
7818654.853,12900
7818663.586,13000
7818672.075,13100
7818681.474,13200
7818690.206,13300
7818698.982,13400
7818707.556,13500
7818716.542,13600
7818725.172,13700
7818733.910,13800
7818743.190,13900
7818752.235,14000
7818765.478,14100
7818774.547,14200
7818783.763,14300
7818792.957,14400
7818801.912,14500
7818810.404,14600
7818819.225,14700
7818828.219,14800
7818837.198,14900
7818845.697,15000
7818854.128,15100
7818862.992,15200
7818871.951,15300
7818881.033,15400
7818890.179,15500
7818899.078,15600
7818908.184,15700
7818916.933,15800
7818925.615,15900
7818934.620,16000
7818943.293,16100
7818952.036,16200
7818961.272,16300
7818970.639,16400
7818979.070,16500
7818988.288,16600
7818997.134,16700
7819006.348,16800
7819014.996,16900
7819023.861,17000
7819032.794,17100
7819042.331,17200
7819051.172,17300
7819060.407,17400
7819069.197,17500
7819077.987,17600
7819087.036,17700
7819096.022,17800
7819106.856,17900
7819116.084,18000
7819125.175,18100
7819143.600,18200
7819153.105,18300
7819162.244,18400
7819171.185,18500
7819180.463,18600
7819189.795,18700
7819198.649,18800
7819207.672,18900
7819216.480,19000
7819225.267,19100
7819234.020,19200
7819243.454,19300
7819252.194,19400
7819261.090,19500
7819269.940,19600
7819279.005,19700
7819288.243,19800
7819297.307,19900
7819453.907,20000
7819464.060,20100
7819473.279,20200
7819482.574,20300
7819492.271,20400
7819501.265,20500
7819510.598,20600
7819519.662,20700
7819528.587,20800
7819537.438,20900
7819546.452,21000
7819556.420,21100
7819565.464,21200
7819574.379,21300
7819583.770,21400
7819593.377,21500
7819602.658,21600
7819611.921,21700
7819621.174,21800
7819629.823,21900
7819638.347,22000
7819648.286,22100
7819657.449,22200
7819666.421,22300
7819675.281,22400
7819684.776,22500
7819693.730,22600
7819702.695,22700
7819711.268,22800
7819720.304,22900
7819729.643,23000
7819738.482,23100
7819747.442,23200
7819755.826,23300
7819765.464,23400
7819774.442,23500
7819783.192,23600
7819792.267,23700
7819801.101,23800
7819809.752,23900
7819818.960,24000
7819829.926,24100
7819838.717,24200
7819847.631,24300
7819856.401,24400
7819865.856,24500
7819875.242,24600
7819884.078,24700
7819893.096,24800
7819901.856,24900
7819910.671,25000
7819919.958,25100
7819929.089,25200
7819938.051,25300
7819946.634,25400
7819955.465,25500
7819964.403,25600
7819973.137,25700
7819982.472,25800
7819991.324,25900
7820000.291,26000
7820009.755,26100
7820018.811,26200
7820027.990,26300
7820036.700,26400
7820046.086,26500
7820054.893,26600
7820064.046,26700
7820073.062,26800
7820082.186,26900
7820091.069,27000
7820100.201,27100
7820109.428,27200
7820118.094,27300
7820126.862,27400
7820135.658,27500
7820144.794,27600
7820153.937,27700
7820165.711,27800
7820174.553,27900
7820183.824,28000
7820192.690,28100
7820209.456,28200
7820218.387,28300
7820227.786,28400
7820236.862,28500
7820246.479,28600
7820255.518,28700
7820265.269,28800
7820274.695,28900
7820283.445,29000
7820292.306,29100
7820301.760,29200
7820310.823,29300
7820320.643,29400
7820330.722,29500
7820339.341,29600
7820349.088,29700
7820358.109,29800
7820367.301,29900
7820514.780,30000
7820525.092,30100
7820534.647,30200
7820543.343,30300
7820552.627,30400
7820561.777,30500
7820570.684,30600
7820579.445,30700
7820588.575,30800
7820597.267,30900
7820606.167,31000
7820615.761,31100
7820624.975,31200
7820633.723,31300
7820642.773,31400
7820651.626,31500
7820660.612,31600
7820669.586,31700
7820678.388,31800
7820687.204,31900
7820696.193,32000
7820706.453,32100
7820715.282,32200
7820724.269,32300
7820733.268,32400
7820742.033,32500
7820750.567,32600
7820759.461,32700
7820768.456,32800
7820776.800,32900
7820785.907,33000
7820794.526,33100
7820803.397,33200
7820812.184,33300
7820821.096,33400
7820830.076,33500
7820838.629,33600
7820847.471,33700
7820856.330,33800
7820864.946,33900
7820873.263,34000
7820883.944,34100
7820892.902,34200
7820902.227,34300
7820911.004,34400
7820919.912,34500
7820928.491,34600
7820937.301,34700
7820946.131,34800
7820954.992,34900
7820963.947,35000
7820973.250,35100
7820981.819,35200
7820990.778,35300
7820999.606,35400
7821008.125,35500
7821016.644,35600
7821025.626,35700
7821034.450,35800
7821043.542,35900
7821051.967,36000
7821060.763,36100
7821069.726,36200
7821078.718,36300
7821087.574,36400
7821096.113,36500
7821104.894,36600
7821113.702,36700
7821122.347,36800
7821131.514,36900
7821140.208,37000
7821149.084,37100
7821157.675,37200
7821166.049,37300
7821174.813,37400
7821183.447,37500
7821191.980,37600
7821201.283,37700
7821211.765,37800
7821220.808,37900
7821229.544,38000
7821238.363,38100
7821255.281,38200
7821264.084,38300
7821273.575,38400
7821282.321,38500
7821291.304,38600
7821300.500,38700
7821309.501,38800
7821318.288,38900
7821327.402,39000
7821336.783,39100
7821345.689,39200
7821354.459,39300
7821364.160,39400
7821373.310,39500
7821382.779,39600
7821394.073,39700
7821402.938,39800
7821411.831,39900
7821555.857,40000
7821565.804,40100
7821574.888,40200
7821584.499,40300
7821593.419,40400
7821602.561,40500
7821611.496,40600
7821620.826,40700
7821629.615,40800
7821638.484,40900
7821647.133,41000
7821656.704,41100
7821665.446,41200
7821674.031,41300
7821682.909,41400
7821691.537,41500
7821700.890,41600
7821709.791,41700
7821718.554,41800
7821727.403,41900
7821735.942,42000
7821746.021,42100
7821754.407,42200
7821763.220,42300
7821772.619,42400
7821781.347,42500
7821790.613,42600
7821798.918,42700
7821808.039,42800
7821816.613,42900
7821825.620,43000
7821834.785,43100
7821843.274,43200
7821852.411,43300
7821860.819,43400
7821870.022,43500
7821879.010,43600
7821887.640,43700
7821896.944,43800
7821905.913,43900
7821914.588,44000
7821925.554,44100
7821934.288,44200
7821943.542,44300
7821952.279,44400
7821961.549,44500
7821970.071,44600
7821979.375,44700
7821988.376,44800
7821997.009,44900
7822006.145,45000
7822014.999,45100
7822024.027,45200
7822032.568,45300
7822041.639,45400
7822050.417,45500
7822059.444,45600
7822068.202,45700
7822077.208,45800
7822086.183,45900
7822095.257,46000
7822104.475,46100
7822114.666,46200
7822126.586,46300
7822135.699,46400
7822144.567,46500
7822153.829,46600
7822162.772,46700
7822171.747,46800
7822180.468,46900
7822189.274,47000
7822198.901,47100
7822208.468,47200
7822217.518,47300
7822226.843,47400
7822236.165,47500
7822244.803,47600
7822256.710,47700
7822265.199,47800
7822274.417,47900
7822282.907,48000
7822291.967,48100
7822308.915,48200
7822317.739,48300
7822326.346,48400
7822335.579,48500
7822344.479,48600
7822353.255,48700
7822362.500,48800
7822371.526,48900
7822380.998,49000
7822390.886,49100
7822400.739,49200
7822410.173,49300
7822419.641,49400
7822428.908,49500
7822439.955,49600
7822449.194,49700
7822458.753,49800
7822468.470,49900
7822613.812,50000
7822624.772,50100
7822633.897,50200
7822643.904,50300
7822653.031,50400
7822662.703,50500
7822672.540,50600
7822682.217,50700
7822691.628,50800
7822701.329,50900
7822710.415,51000
7822722.257,51100
7822732.016,51200
7822741.750,51300
7822750.769,51400
7822760.713,51500
7822769.922,51600
7822779.859,51700
7822791.652,51800
7822801.061,51900
7822810.216,52000
7822820.966,52100
7822830.589,52200
7822839.580,52300
7822848.819,52400
7822858.212,52500
7822868.586,52600
7822878.377,52700
7822888.117,52800
7822897.739,52900
7822907.414,53000
7822917.340,53100
7822926.898,53200
7822936.887,53300
7822946.350,53400
7822956.603,53500
7822966.739,53600
7822976.329,53700
7822986.193,53800
7822995.922,53900
7823005.100,54000
7823015.992,54100
7823025.323,54200
7823034.275,54300
7823043.767,54400
7823053.740,54500
7823062.935,54600
7823072.130,54700
7823082.069,54800
7823091.458,54900
7823100.871,55000
7823110.322,55100
7823119.677,55200
7823129.357,55300
7823138.981,55400
7823148.164,55500
7823158.210,55600
7823167.270,55700
7823176.614,55800
7823186.688,55900
7823196.331,56000
7823205.866,56100
7823215.860,56200
7823225.315,56300
7823234.936,56400
7823244.397,56500
7823253.769,56600
7823262.770,56700
7823272.897,56800
7823282.282,56900
7823291.417,57000
7823303.842,57100
7823313.747,57200
7823322.969,57300
7823332.759,57400
7823342.436,57500
7823351.867,57600
7823361.874,57700
7823372.069,57800
7823381.681,57900
7823391.785,58000
7823401.212,58100
7823419.466,58200
7823429.486,58300
7823439.602,58400
7823449.727,58500
7823459.484,58600
7823469.305,58700
7823478.791,58800
7823489.468,58900
7823499.129,59000
7823509.193,59100
7823518.809,59200
7823528.870,59300
7823539.293,59400
7823548.756,59500
7823558.537,59600
7823568.364,59700
7823578.161,59800
7823588.225,59900
7823745.689,60000
7823756.863,60100
7823766.495,60200
7823776.492,60300
7823786.004,60400
7823796.952,60500
7823807.578,60600
7823817.553,60700
7823827.998,60800
7823837.648,60900
7823847.905,61000
7823858.919,61100
7823868.911,61200
7823878.856,61300
7823888.923,61400
7823898.809,61500
7823909.099,61600
7823918.794,61700
7823928.387,61800
7823938.312,61900
7823948.645,62000
7823960.382,62100
7823970.018,62200
7823979.754,62300
7823989.637,62400
7823999.140,62500
7824009.562,62600
7824019.055,62700
7824028.250,62800
7824037.942,62900
7824047.696,63000
7824057.791,63100
7824067.972,63200
7824077.893,63300
7824088.044,63400
7824097.746,63500
7824107.680,63600
7824116.870,63700
7824127.023,63800
7824136.892,63900
7824147.313,64000
7824158.950,64100
7824169.107,64200
7824178.323,64300
7824188.241,64400
7824198.642,64500
7824207.658,64600
7824217.884,64700
7824227.225,64800
7824237.412,64900
7824247.596,65000
7824257.221,65100
7824267.050,65200
7824275.785,65300
7824285.930,65400
7824296.788,65500
7824309.356,65600
7824321.812,65700
7824333.713,65800
7824345.386,65900
7824357.393,66000
7824368.396,66100
7824380.056,66200
7824390.470,66300
7824401.073,66400
7824415.323,66500
7824426.445,66600
7824438.003,66700
7824449.607,66800
7824462.041,66900
7824474.363,67000
7824485.549,67100
7824496.340,67200
7824510.446,67300
7824524.645,67400
7824536.191,67500
7824547.073,67600
7824558.329,67700
7824569.915,67800
7824581.155,67900
7824592.793,68000
7824605.147,68100
7824624.318,68200
7824635.164,68300
7824645.825,68400
7824657.256,68500
7824669.322,68600
7824680.102,68700
7824692.128,68800
7824702.674,68900
7824714.728,69000
7824726.714,69100
7824737.810,69200
7824749.435,69300
7824760.483,69400
7824772.141,69500
7824783.682,69600
7824795.445,69700
7824806.377,69800
7824817.357,69900
7824965.058,70000
7824977.915,70100
7824988.790,70200
7824999.569,70300
7825010.211,70400
7825021.064,70500
7825033.783,70600
7825045.415,70700
7825055.876,70800
7825066.940,70900
7825077.628,71000
7825090.251,71100
7825100.880,71200
7825111.512,71300
7825121.548,71400
7825132.219,71500
7825142.128,71600
7825152.470,71700
7825162.436,71800
7825173.627,71900
7825183.509,72000
7825195.984,72100
7825206.719,72200
7825215.978,72300
7825227.138,72400
7825237.617,72500
7825248.075,72600
7825258.859,72700
7825269.677,72800
7825280.219,72900
7825290.176,73000
7825300.345,73100
7825310.957,73200
7825322.469,73300
7825332.581,73400
7825343.208,73500
7825352.743,73600
7825363.616,73700
7825374.130,73800
7825384.470,73900
7825395.297,74000
7825407.405,74100
7825417.917,74200
7825427.844,74300
7825438.320,74400
7825448.766,74500
7825458.696,74600
7825469.814,74700
7825481.858,74800
7825492.777,74900
7825504.629,75000
7825516.412,75100
7825527.683,75200
7825538.243,75300
7825549.530,75400
7825560.621,75500
7825570.758,75600
7825581.121,75700
7825591.362,75800
7825601.423,75900
7825611.547,76000
7825624.624,76100
7825636.010,76200
7825647.215,76300
7825657.974,76400
7825667.996,76500
7825679.072,76600
7825689.362,76700
7825699.947,76800
7825710.750,76900
7825721.150,77000
7825731.255,77100
7825741.883,77200
7825753.640,77300
7825765.103,77400
7825775.967,77500
7825786.825,77600
7825797.509,77700
7825808.897,77800
7825819.570,77900
7825829.869,78000
7825840.188,78100
7825859.294,78200
7825870.403,78300
7825881.258,78400
7825891.789,78500
7825902.222,78600
7825913.376,78700
7825924.525,78800
7825935.401,78900
7825946.152,79000
7825956.770,79100
7825968.195,79200
7825978.814,79300
7825990.284,79400
7826002.100,79500
7826013.059,79600
7826023.543,79700
7826034.464,79800
7826044.913,79900
7826211.012,80000
7826223.341,80100
7826233.794,80200
7826244.586,80300
7826256.119,80400
7826266.360,80500
7826277.122,80600
7826287.400,80700
7826298.090,80800
7826309.175,80900
7826320.635,81000
7826333.388,81100
7826345.897,81200
7826358.371,81300
7826371.007,81400
7826381.947,81500
7826392.718,81600
7826403.628,81700
7826414.955,81800
7826425.988,81900
7826436.824,82000
7826449.381,82100
7826460.510,82200
7826472.996,82300
7826484.119,82400
7826494.289,82500
7826504.809,82600
7826516.966,82700
7826529.412,82800
7826541.074,82900
7826552.460,83000
7826563.664,83100
7826575.386,83200
7826586.217,83300
7826597.612,83400
7826609.330,83500
7826620.606,83600
7826631.897,83700
7826643.794,83800
7826654.851,83900
7826665.559,84000
7826678.936,84100
7826689.474,84200
7826701.629,84300
7826712.565,84400
7826724.018,84500
7826735.300,84600
7826746.129,84700
7826757.087,84800
7826767.746,84900
7826779.068,85000
7826789.873,85100
7826800.552,85200
7826811.129,85300
7826822.288,85400
7826832.285,85500
7826843.090,85600
7826853.335,85700
7826867.305,85800
7826877.717,85900
7826888.487,86000
7826900.797,86100
7826912.590,86200
7826924.690,86300
7826935.730,86400
7826947.814,86500
7826959.000,86600
7826970.064,86700
7826981.813,86800
7826993.624,86900
7827005.614,87000
7827017.492,87100
7827027.878,87200
7827039.285,87300
7827050.088,87400
7827061.413,87500
7827072.397,87600
7827083.354,87700
7827093.982,87800
7827105.381,87900
7827117.003,88000
7827127.971,88100
7827148.538,88200
7827159.557,88300
7827170.173,88400
7827180.552,88500
7827191.195,88600
7827201.554,88700
7827211.570,88800
7827222.832,88900
7827233.661,89000
7827244.076,89100
7827254.511,89200
7827264.635,89300
7827274.621,89400
7827284.624,89500
7827295.296,89600
7827305.628,89700
7827316.194,89800
7827327.121,89900
7827499.490,90000
7827512.755,90100
7827523.826,90200
7827534.939,90300
7827545.805,90400
7827556.980,90500
7827569.878,90600
7827581.030,90700
7827592.517,90800
7827602.943,90900
7827613.891,91000
7827624.897,91100
7827636.030,91200
7827647.751,91300
7827659.009,91400
7827669.312,91500
7827680.020,91600
7827690.176,91700
7827700.882,91800
7827712.201,91900
7827722.480,92000
7827739.117,92100
7827752.497,92200
7827763.602,92300
7827774.080,92400
7827785.391,92500
7827795.757,92600
7827806.350,92700
7827819.202,92800
7827834.032,92900
7827847.870,93000
7827862.245,93100
7827874.513,93200
7827885.070,93300
7827896.551,93400
7827908.144,93500
7827919.573,93600
7827934.350,93700
7827947.890,93800
7827961.726,93900
7827974.603,94000
7827989.027,94100
7828001.120,94200
7828012.780,94300
7828024.419,94400
7828035.270,94500
7828047.461,94600
7828058.810,94700
7828070.569,94800
7828082.773,94900
7828094.248,95000
7828105.744,95100
7828117.890,95200
7828129.592,95300
7828141.352,95400
7828154.703,95500
7828166.267,95600
7828176.947,95700
7828188.479,95800
7828199.281,95900
7828210.476,96000
7828222.004,96100
7828234.000,96200
7828246.364,96300
7828257.540,96400
7828269.082,96500
7828280.813,96600
7828291.536,96700
7828303.641,96800
7828315.991,96900
7828328.040,97000
7828340.880,97100
7828354.558,97200
7828367.847,97300
7828380.578,97400
7828392.396,97500
7828406.211,97600
7828418.363,97700
7828430.901,97800
7828443.305,97900
7828455.916,98000
7828468.338,98100
7828490.328,98200
7828503.684,98300
7828515.294,98400
7828527.876,98500
7828541.411,98600
7828553.362,98700
7828565.274,98800
7828578.209,98900
7828591.225,99000
7828603.352,99100
7828616.426,99200
7828628.727,99300
7828640.308,99400
7828653.337,99500
7828665.796,99600
7828677.147,99700
7828690.464,99800
7828703.299,99900
7828892.107,100000
7828907.153,100100
7828919.653,100200
7828933.002,100300
7828944.978,100400
7828956.617,100500
7828969.514,100600
7828980.502,100700
7828992.658,100800
7829004.287,100900
7829017.137,101000
7829031.062,101100
7829043.599,101200
7829055.507,101300
7829067.742,101400
7829080.070,101500
7829093.045,101600
7829106.203,101700
7829119.026,101800
7829132.309,101900
7829145.801,102000
7829160.049,102100
7829173.469,102200
7829186.191,102300
7829198.915,102400
7829211.846,102500
7829224.675,102600
7829237.533,102700
7829250.453,102800
7829264.414,102900
7829276.554,103000
7829288.991,103100
7829301.134,103200
7829314.002,103300
7829327.456,103400
7829341.523,103500
7829354.132,103600
7829366.259,103700
7829379.145,103800
7829392.549,103900
7829406.656,104000
7829422.788,104100
7829436.563,104200
7829451.107,104300
7829465.133,104400
7829479.302,104500
7829495.377,104600
7829508.021,104700
7829521.447,104800
7829534.266,104900
7829547.713,105000
7829561.328,105100
7829574.750,105200
7829588.262,105300
7829603.076,105400
7829615.351,105500
7829628.722,105600
7829641.575,105700
7829655.787,105800
7829668.947,105900
7829680.705,106000
7829692.768,106100
7829705.151,106200
7829718.981,106300
7829731.791,106400
7829744.052,106500
7829756.869,106600
7829768.347,106700
7829780.482,106800
7829793.320,106900
7829805.989,107000
7829818.469,107100
7829832.654,107200
7829847.203,107300
7829861.627,107400
7829875.831,107500
7829890.559,107600
7829904.348,107700
7829918.744,107800
7829932.081,107900
7829945.770,108000
7829960.121,108100
7829983.029,108200
7829996.884,108300
7830010.290,108400
7830023.894,108500
7830038.039,108600
7830051.632,108700
7830065.773,108800
7830079.638,108900
7830093.927,109000
7830109.748,109100
7830124.853,109200
7830138.804,109300
7830153.663,109400
7830168.633,109500
7830183.834,109600
7830199.029,109700
7830214.191,109800
7830228.752,109900
7830408.904,110000
7830425.970,110100
7830440.157,110200
7830454.733,110300
7830469.072,110400
7830483.403,110500
7830496.987,110600
7830510.684,110700
7830524.353,110800
7830538.510,110900
7830553.402,111000
7830568.441,111100
7830584.184,111200
7830599.795,111300
7830613.605,111400
7830629.373,111500
7830644.138,111600
7830659.144,111700
7830673.389,111800
7830687.731,111900
7830700.809,112000
7830716.394,112100
7830729.673,112200
7830743.180,112300
7830756.653,112400
7830769.892,112500
7830784.229,112600
7830799.092,112700
7830812.919,112800
7830826.631,112900
7830841.446,113000
7830856.590,113100
7830872.092,113200
7830887.191,113300
7830901.492,113400
7830916.908,113500
7830931.876,113600
7830946.812,113700
7830961.126,113800
7830980.093,113900
7830996.317,114000
7831016.067,114100
7831031.123,114200
7831045.534,114300
7831061.643,114400
7831076.267,114500
7831091.084,114600
7831106.529,114700
7831122.298,114800
7831137.883,114900
7831152.717,115000
7831168.091,115100
7831183.329,115200
7831198.404,115300
7831214.225,115400
7831229.021,115500
7831244.899,115600
7831259.577,115700
7831273.872,115800
7831288.502,115900
7831302.807,116000
7831317.422,116100
7831331.748,116200
7831346.303,116300
7831360.838,116400
7831374.662,116500
7831389.777,116600
7831404.057,116700
7831419.421,116800
7831432.735,116900
7831447.993,117000
7831462.681,117100
7831476.910,117200
7831491.442,117300
7831506.549,117400
7831521.552,117500
7831535.167,117600
7831549.434,117700
7831563.968,117800
7831578.922,117900
7831593.941,118000
7831609.757,118100
7831632.597,118200
7831648.169,118300
7831662.732,118400
7831678.360,118500
7831693.695,118600
7831708.284,118700
7831723.574,118800
7831739.004,118900
7831754.588,119000
7831770.915,119100
7831786.237,119200
7831802.266,119300
7831817.101,119400
7831832.842,119500
7831847.608,119600
7831863.828,119700
7831879.073,119800
7831895.774,119900
7832080.508,120000
7832102.612,120100
7832118.623,120200
7832134.353,120300
7832150.488,120400
7832165.994,120500
7832183.416,120600
7832198.470,120700
7832214.501,120800
7832230.468,120900
7832246.105,121000
7832263.220,121100
7832279.451,121200
7832294.976,121300
7832309.674,121400
7832326.003,121500
7832341.302,121600
7832355.797,121700
7832371.912,121800
7832386.386,121900
7832400.918,122000
7832418.887,122100
7832435.123,122200
7832451.068,122300
7832466.490,122400
7832481.745,122500
7832496.556,122600
7832512.259,122700
7832526.822,122800
7832541.604,122900
7832555.924,123000
7832571.310,123100
7832587.043,123200
7832602.919,123300
7832618.202,123400
7832633.757,123500
7832649.373,123600
7832664.553,123700
7832680.404,123800
7832695.239,123900
7832711.158,124000
7832730.063,124100
7832746.022,124200
7832762.588,124300
7832778.209,124400
7832793.981,124500
7832809.976,124600
7832825.619,124700
7832841.444,124800
7832855.868,124900
7832872.737,125000
7832888.978,125100
7832905.112,125200
7832921.040,125300
7832938.092,125400
7832954.370,125500
7832970.251,125600
7832986.040,125700
7833001.799,125800
7833017.789,125900
7833033.827,126000
7833049.656,126100
7833065.299,126200
7833080.573,126300
7833096.132,126400
7833113.195,126500
7833129.692,126600
7833146.053,126700
7833162.225,126800
7833177.779,126900
7833194.498,127000
7833211.583,127100
7833228.364,127200
7833245.857,127300
7833263.309,127400
7833279.400,127500
7833296.772,127600
7833313.917,127700
7833332.011,127800
7833349.484,127900
7833366.774,128000
7833383.565,128100
7833411.887,128200
7833430.224,128300
7833450.513,128400
7833468.120,128500
7833486.473,128600
7833505.000,128700
7833521.644,128800
7833538.948,128900
7833555.152,129000
7833575.309,129100
7833594.349,129200
7833617.079,129300
7833637.691,129400
7833661.345,129500
7833680.740,129600
7833700.799,129700
7833718.377,129800
7833737.208,129900
7833971.506,130000
7833995.183,130100
7834015.737,130200
7834036.727,130300
7834058.629,130400
7834077.322,130500
7834096.371,130600
7834116.877,130700
7834135.805,130800
7834155.128,130900
7834172.734,131000
7834193.583,131100
7834212.660,131200
7834233.391,131300
7834256.085,131400
7834277.328,131500
7834296.607,131600
7834316.299,131700
7834336.069,131800
7834354.640,131900
7834373.635,132000
7834393.710,132100
7834416.643,132200
7834434.447,132300
7834452.476,132400
7834470.135,132500
7834488.853,132600
7834508.365,132700
7834526.351,132800
7834544.483,132900
7834561.802,133000
7834581.102,133100
7834601.097,133200
7834622.153,133300
7834642.375,133400
7834665.950,133500
7834687.653,133600
7834707.935,133700
7834728.503,133800
7834748.176,133900
7834767.912,134000
7834790.900,134100
7834811.194,134200
7834832.119,134300
7834851.756,134400
7834871.266,134500
7834891.058,134600
7834911.142,134700
7834931.264,134800
7834951.356,134900
7834971.735,135000
7834993.811,135100
7835014.909,135200
7835036.520,135300
7835057.236,135400
7835076.831,135500
7835097.521,135600
7835119.114,135700
7835139.689,135800
7835160.547,135900
7835180.941,136000
7835200.428,136100
7835221.447,136200
7835241.342,136300
7835260.463,136400
7835281.379,136500
7835301.660,136600
7835321.564,136700
7835342.063,136800
7835364.467,136900
7835384.749,137000
7835406.932,137100
7835430.432,137200
7835453.152,137300
7835479.813,137400
7835507.484,137500
7835530.316,137600
7835551.026,137700
7835570.374,137800
7835590.823,137900
7835610.504,138000
7835631.096,138100
7835659.375,138200
7835677.841,138300
7835698.713,138400
7835717.440,138500
7835737.598,138600
7835756.495,138700
7835774.654,138800
7835792.979,138900
7835812.904,139000
7835831.592,139100
7835852.331,139200
7835872.999,139300
7835893.261,139400
7835913.926,139500
7835934.517,139600
7835955.835,139700
7835977.231,139800
7835997.526,139900
7836207.791,140000
7836232.202,140100
7836255.281,140200
7836277.683,140300
7836296.784,140400
7836318.260,140500
7836339.464,140600
7836359.005,140700
7836377.803,140800
7836398.383,140900
7836419.220,141000
7836440.006,141100
7836461.524,141200
7836482.888,141300
7836504.564,141400
7836524.666,141500
7836544.628,141600
7836564.791,141700
7836585.175,141800
7836604.391,141900
7836622.969,142000
7836644.246,142100
7836668.977,142200
7836689.417,142300
7836710.045,142400
7836730.749,142500
7836751.636,142600
7836771.260,142700
7836792.560,142800
7836812.725,142900
7836832.450,143000
7836851.610,143100
7836871.021,143200
7836892.244,143300
7836911.587,143400
7836932.153,143500
7836951.378,143600
7836970.960,143700
7836989.001,143800
7837011.366,143900
7837031.337,144000
7837054.549,144100
7837075.138,144200
7837095.114,144300
7837114.637,144400
7837134.104,144500
7837155.627,144600
7837177.201,144700
7837197.625,144800
7837216.366,144900
7837238.401,145000
7837258.953,145100
7837276.685,145200
7837295.336,145300
7837315.219,145400
7837333.697,145500
7837352.856,145600
7837371.390,145700
7837389.215,145800
7837406.509,145900
7837426.977,146000
7837448.634,146100
7837469.198,146200
7837488.952,146300
7837508.022,146400
7837526.080,146500
7837544.004,146600
7837564.449,146700
7837582.559,146800
7837601.201,146900
7837620.576,147000
7837639.196,147100
7837657.996,147200
7837676.260,147300
7837695.552,147400
7837715.630,147500
7837735.391,147600
7837753.342,147700
7837771.739,147800
7837789.879,147900
7837810.085,148000
7837829.726,148100
7837855.660,148200
7837875.210,148300
7837895.343,148400
7837914.629,148500
7837932.585,148600
7837951.552,148700
7837970.903,148800
7837992.791,148900
7838011.657,149000
7838032.460,149100
7838051.195,149200
7838071.008,149300
7838088.649,149400
7838106.895,149500
7838127.340,149600
7838147.410,149700
7838165.309,149800
7838183.335,149900
7838387.342,150000
7838408.011,150100
7838427.512,150200
7838447.655,150300
7838468.185,150400
7838486.947,150500
7838505.562,150600
7838525.484,150700
7838544.950,150800
7838564.709,150900
7838584.376,151000
7838605.417,151100
7838624.606,151200
7838642.243,151300
7838660.165,151400
7838679.279,151500
7838696.698,151600
7838715.463,151700
7838734.398,151800
7838753.607,151900
7838771.113,152000
7838790.402,152100
7838808.430,152200
7838826.829,152300
7838846.301,152400
7838870.099,152500
7838888.448,152600
7838908.289,152700
7838928.095,152800
7838947.476,152900
7838965.499,153000
7838983.254,153100
7839002.534,153200
7839021.267,153300
7839039.674,153400
7839059.031,153500
7839078.136,153600
7839096.607,153700
7839115.343,153800
7839133.211,153900
7839151.329,154000
7839172.937,154100
7839191.337,154200
7839210.776,154300
7839228.805,154400
7839248.200,154500
7839268.017,154600
7839286.113,154700
7839305.123,154800
7839323.071,154900
7839342.379,155000
7839360.727,155100
7839380.918,155200
7839400.662,155300
7839419.471,155400
7839437.755,155500
7839456.351,155600
7839473.776,155700
7839493.336,155800
7839511.249,155900
7839529.731,156000
7839548.105,156100
7839565.884,156200
7839584.166,156300
7839603.896,156400
7839622.150,156500
7839640.044,156600
7839659.069,156700
7839677.631,156800
7839696.156,156900
7839714.689,157000
7839731.914,157100
7839752.410,157200
7839772.675,157300
7839791.567,157400
7839810.573,157500
7839830.125,157600
7839849.050,157700
7839868.724,157800
7839886.283,157900
7839904.559,158000
7839922.759,158100
7839949.230,158200
7839970.022,158300
7839990.949,158400
7840008.101,158500
7840026.510,158600
7840045.949,158700
7840063.692,158800
7840081.325,158900
7840099.176,159000
7840116.269,159100
7840133.759,159200
7840151.511,159300
7840169.810,159400
7840188.724,159500
7840206.917,159600
7840225.136,159700
7840243.715,159800
7840262.112,159900
7840448.822,160000
7840469.014,160100
7840489.853,160200
7840510.300,160300
7840529.684,160400
7840547.904,160500
7840566.007,160600
7840587.519,160700
7840608.071,160800
7840626.551,160900
7840647.038,161000
7840665.608,161100
7840685.670,161200
7840704.761,161300
7840724.567,161400
7840745.773,161500
7840767.461,161600
7840788.457,161700
7840808.896,161800
7840827.826,161900
7840847.834,162000
7840868.783,162100
7840886.720,162200
7840906.123,162300
7840925.841,162400
7840945.591,162500
7840963.977,162600
7840984.598,162700
7841004.923,162800
7841025.607,162900
7841046.836,163000
7841065.277,163100
7841084.126,163200
7841102.234,163300
7841120.061,163400
7841138.024,163500
7841156.898,163600
7841176.521,163700
7841196.978,163800
7841218.190,163900
7841237.833,164000
7841260.183,164100
7841278.600,164200
7841301.843,164300
7841319.706,164400
7841338.874,164500
7841357.423,164600
7841376.577,164700
7841397.691,164800
7841416.975,164900
7841436.924,165000
7841457.412,165100
7841478.118,165200
7841498.366,165300
7841518.056,165400
7841538.789,165500
7841558.245,165600
7841578.166,165700
7841598.454,165800
7841619.027,165900
7841641.180,166000
7841661.447,166100
7841682.772,166200
7841702.875,166300
7841721.923,166400
7841741.773,166500
7841761.864,166600
7841783.209,166700
7841806.232,166800
7841828.957,166900
7841851.839,167000
7841873.712,167100
7841893.915,167200
7841913.222,167300
7841931.467,167400
7841951.045,167500
7841968.973,167600
7841989.551,167700
7842010.271,167800
7842032.967,167900
7842052.629,168000
7842074.449,168100
7842105.463,168200
7842126.135,168300
7842146.076,168400
7842165.215,168500
7842184.692,168600
7842204.658,168700
7842225.803,168800
7842245.089,168900
7842265.020,169000
7842283.633,169100
7842303.956,169200
7842324.978,169300
7842347.360,169400
7842367.419,169500
7842387.930,169600
7842407.638,169700
7842427.193,169800
7842446.593,169900
7842645.973,170000
7842667.409,170100
7842687.661,170200
7842708.146,170300
7842726.255,170400
7842746.502,170500
7842765.212,170600
7842783.401,170700
7842801.209,170800
7842820.907,170900
7842839.229,171000
7842863.447,171100
7842883.733,171200
7842903.512,171300
7842921.724,171400
7842941.142,171500
7842958.832,171600
7842976.613,171700
7842994.313,171800
7843012.713,171900
7843031.104,172000
7843051.784,172100
7843069.975,172200
7843089.589,172300
7843113.076,172400
7843133.053,172500
7843151.934,172600
7843169.884,172700
7843187.223,172800
7843207.041,172900
7843225.237,173000
7843244.219,173100
7843261.661,173200
7843281.407,173300
7843302.108,173400
7843323.270,173500
7843342.916,173600
7843362.163,173700
7843380.978,173800
7843399.943,173900
7843420.880,174000
7843446.906,174100
7843468.932,174200
7843489.779,174300
7843512.433,174400
7843534.834,174500
7843555.933,174600
7843576.981,174700
7843596.827,174800
7843615.350,174900
7843635.909,175000
7843656.833,175100
7843677.688,175200
7843698.980,175300
7843721.909,175400
7843743.247,175500
7843765.088,175600
7843785.459,175700
7843807.081,175800
7843827.789,175900
7843850.283,176000
7843873.114,176100
7843895.012,176200
7843915.260,176300
7843936.745,176400
7843958.405,176500
7843980.368,176600
7844000.722,176700
7844021.025,176800
7844040.935,176900
7844063.315,177000
7844085.953,177100
7844106.432,177200
7844129.316,177300
7844153.058,177400
7844175.266,177500
7844194.563,177600
7844215.276,177700
7844235.363,177800
7844254.034,177900
7844274.412,178000
7844295.236,178100
7844325.183,178200
7844348.434,178300
7844370.984,178400
7844394.938,178500
7844417.118,178600
7844439.350,178700
7844461.928,178800
7844485.620,178900
7844508.252,179000
7844532.481,179100
7844556.855,179200
7844578.750,179300
7844604.612,179400
7844630.846,179500
7844654.337,179600
7844679.778,179700
7844706.317,179800
7844734.546,179900
7844947.086,180000
7844981.100,180100
7845012.189,180200
7845042.734,180300
7845071.704,180400
7845098.153,180500
7845125.757,180600
7845156.183,180700
7845187.726,180800
7845217.870,180900
7845246.437,181000
7845278.037,181100
7845308.096,181200
7845343.680,181300
7845371.470,181400
7845403.169,181500
7845432.713,181600
7845458.770,181700
7845483.879,181800
7845513.193,181900
7845543.989,182000
7845576.693,182100
7845607.330,182200
7845635.827,182300
7845661.366,182400
7845690.074,182500
7845719.771,182600
7845742.224,182700
7845766.495,182800
7845798.468,182900
7845831.080,183000
7845868.746,183100
7845901.851,183200
7845922.493,183300
7845953.631,183400
7845984.142,183500
7846010.625,183600
7846039.136,183700
7846072.148,183800
7846102.914,183900
7846133.150,184000
7846168.135,184100
7846193.663,184200
7846221.707,184300
7846257.700,184400
7846295.144,184500
7846330.846,184600
7846365.008,184700
7846400.166,184800
7846430.375,184900
7846462.949,185000
7846497.639,185100
7846526.889,185200
7846555.849,185300
7846592.835,185400
7846622.375,185500
7846653.358,185600
7846682.723,185700
7846710.180,185800
7846737.777,185900
7846764.473,186000
7846793.325,186100
7846821.075,186200
7846851.573,186300
7846882.531,186400
7846911.463,186500
7846941.670,186600
7846972.724,186700
7847000.913,186800
7847030.123,186900
7847058.438,187000
7847086.045,187100
7847112.003,187200
7847156.171,187300
7847185.748,187400
7847214.615,187500
7847244.053,187600
7847273.353,187700
7847302.439,187800
7847332.759,187900
7847360.379,188000
7847389.801,188100
7847425.676,188200
7847453.195,188300
7847484.786,188400
7847517.185,188500
7847547.820,188600
7847579.050,188700
7847610.360,188800
7847637.405,188900
7847668.395,189000
7847695.827,189100
7847725.138,189200
7847755.388,189300
7847788.825,189400
7847821.800,189500
7847852.652,189600
7847883.948,189700
7847917.825,189800
7847952.307,189900
7848207.343,190000
7848245.250,190100
7848277.528,190200
7848309.850,190300
7848344.085,190400
7848376.852,190500
7848406.694,190600
7848441.889,190700
7848470.087,190800
7848499.882,190900
7848529.213,191000
7848558.072,191100
7848589.828,191200
7848622.587,191300
7848653.249,191400
7848682.894,191500
7848714.755,191600
7848751.644,191700
7848789.535,191800
7848821.965,191900
7848850.656,192000
7848884.740,192100
7848916.032,192200
7848944.820,192300
7848974.841,192400
7849005.897,192500
7849036.885,192600
7849068.373,192700
7849099.320,192800
7849132.362,192900
7849163.585,193000
7849192.759,193100
7849221.930,193200
7849252.655,193300
7849278.614,193400
7849307.717,193500
7849336.317,193600
7849370.611,193700
7849404.887,193800
7849436.083,193900
7849470.717,194000
7849510.566,194100
7849545.858,194200
7849581.777,194300
7849619.833,194400
7849654.798,194500
7849687.194,194600
7849721.958,194700
7849754.822,194800
7849785.375,194900
7849816.000,195000
7849851.494,195100
7849884.765,195200
7849915.758,195300
7849947.800,195400
7849979.002,195500
7850012.048,195600
7850042.838,195700
7850069.534,195800
7850099.491,195900
7850131.497,196000
7850163.212,196100
7850193.503,196200
7850226.202,196300
7850256.217,196400
7850291.901,196500
7850326.575,196600
7850359.439,196700
7850392.758,196800
7850424.771,196900
7850458.424,197000
7850490.647,197100
7850525.367,197200
7850556.867,197300
7850588.901,197400
7850622.125,197500
7850654.099,197600
7850684.008,197700
7850713.839,197800
7850745.520,197900
7850776.291,198000
7850806.507,198100
7850845.726,198200
7850876.513,198300
7850909.306,198400
7850936.917,198500
7850968.369,198600
7850999.959,198700
7851032.694,198800
7851060.924,198900
7851090.685,199000
7851118.819,199100
7851146.331,199200
7851174.079,199300
7851201.656,199400
7851232.786,199500
7851263.729,199600
7851293.671,199700
7851324.338,199800
7851352.856,199900
7851613.484,200000
7851648.766,200100
7851679.019,200200
7851710.361,200300
7851741.740,200400
7851772.609,200500
7851806.945,200600
7851847.478,200700
7851877.277,200800
7851905.525,200900
7851938.158,201000
7851965.728,201100
7851994.425,201200
7852024.053,201300
7852053.254,201400
7852088.445,201500
7852125.952,201600
7852164.017,201700
7852201.917,201800
7852241.610,201900
7852277.061,202000
7852309.289,202100
7852343.697,202200
7852378.263,202300
7852409.354,202400
7852442.705,202500
7852477.128,202600
7852508.941,202700
7852541.741,202800
7852577.090,202900
7852608.601,203000
7852643.603,203100
7852676.889,203200
7852711.915,203300
7852743.967,203400
7852778.842,203500
7852813.597,203600
7852845.362,203700
7852882.200,203800
7852913.579,203900
7852949.920,204000
7852988.199,204100
7853018.265,204200
7853052.092,204300
7853087.696,204400
7853118.802,204500
7853155.853,204600
7853189.904,204700
7853220.466,204800
7853252.590,204900
7853284.740,205000
7853316.802,205100
7853343.061,205200
7853370.625,205300
7853397.792,205400
7853424.849,205500
7853455.248,205600
7853487.215,205700
7853520.845,205800
7853553.964,205900
7853585.121,206000
7853616.671,206100
7853649.582,206200
7853680.682,206300
7853708.973,206400
7853741.730,206500
7853775.942,206600
7853810.516,206700
7853846.549,206800
7853881.345,206900
7853915.772,207000
7853948.835,207100
7853979.371,207200
7854012.024,207300
7854041.166,207400
7854070.139,207500
7854101.673,207600
7854134.544,207700
7854166.376,207800
7854199.484,207900
7854234.242,208000
7854269.337,208100
7854312.428,208200
7854346.088,208300
7854383.613,208400
7854413.351,208500
7854448.682,208600
7854484.716,208700
7854518.302,208800
7854555.409,208900
7854590.307,209000
7854624.273,209100
7854659.062,209200
7854691.175,209300
7854720.452,209400
7854754.530,209500
7854791.477,209600
7854823.348,209700
7854857.311,209800
7854889.976,209900
7855148.189,210000
7855189.394,210100
7855223.874,210200
7855258.433,210300
7855292.158,210400
7855327.599,210500
7855356.576,210600
7855386.927,210700
7855416.945,210800
7855456.382,210900
7855491.684,211000
7855528.738,211100
7855565.468,211200
7855597.914,211300
7855631.893,211400
7855667.120,211500
7855703.135,211600
7855734.782,211700
7855769.143,211800
7855804.161,211900
7855842.037,212000
7855882.577,212100
7855925.218,212200
7855962.848,212300
7855999.450,212400
7856038.173,212500
7856076.810,212600
7856117.000,212700
7856156.883,212800
7856192.031,212900
7856230.855,213000
7856271.766,213100
7856307.922,213200
7856342.647,213300
7856377.593,213400
7856413.132,213500
7856445.931,213600
7856480.815,213700
7856513.437,213800
7856550.165,213900
7856583.191,214000
7856620.595,214100
7856654.035,214200
7856689.430,214300
7856720.880,214400
7856752.421,214500
7856782.531,214600
7856813.772,214700
7856850.185,214800
7856885.027,214900
7856915.992,215000
7856952.604,215100
7856989.361,215200
7857024.671,215300
7857057.271,215400
7857092.345,215500
7857125.729,215600
7857158.227,215700
7857198.815,215800
7857234.644,215900
7857274.130,216000
7857320.411,216100
7857364.491,216200
7857403.836,216300
7857445.320,216400
7857483.055,216500
7857520.807,216600
7857558.839,216700
7857602.414,216800
7857643.843,216900
7857687.191,217000
7857728.965,217100
7857765.161,217200
7857802.057,217300
7857839.860,217400
7857877.204,217500
7857912.705,217600
7857954.938,217700
7857997.230,217800
7858034.386,217900
7858076.803,218000
7858118.234,218100
7858167.525,218200
7858206.696,218300
7858246.669,218400
7858288.442,218500
7858329.831,218600
7858368.665,218700
7858404.563,218800
7858438.801,218900
7858475.310,219000
7858516.926,219100
7858559.671,219200
7858601.095,219300
7858641.180,219400
7858677.908,219500
7858718.118,219600
7858759.995,219700
7858796.924,219800
7858832.780,219900
7859129.827,220000
7859184.058,220100
7859230.031,220200
7859271.706,220300
7859313.493,220400
7859351.838,220500
7859394.759,220600
7859432.624,220700
7859473.986,220800
7859517.360,220900
7859556.656,221000
7859600.439,221100
7859641.365,221200
7859679.590,221300
7859716.512,221400
7859749.124,221500
7859786.901,221600
7859820.384,221700
7859857.169,221800
7859897.192,221900
7859937.214,222000
7859982.355,222100
7860021.403,222200
7860064.504,222300
7860100.870,222400
7860143.937,222500
7860182.506,222600
7860223.235,222700
7860264.144,222800
7860302.321,222900
7860343.589,223000
7860383.109,223100
7860426.593,223200
7860467.506,223300
7860505.796,223400
7860546.989,223500
7860589.185,223600
7860635.857,223700
7860678.942,223800
7860721.976,223900
7860759.426,224000
7860800.377,224100
7860839.993,224200
7860881.123,224300
7860926.072,224400
7860974.255,224500
7861022.012,224600
7861067.919,224700
7861113.449,224800
7861152.665,224900
7861191.296,225000
7861235.906,225100
7861276.538,225200
7861320.939,225300
7861361.918,225400
7861408.874,225500
7861453.616,225600
7861496.214,225700
7861537.820,225800
7861579.225,225900
7861620.885,226000
7861666.855,226100
7861700.933,226200
7861736.000,226300
7861767.847,226400
7861804.219,226500
7861842.610,226600
7861881.503,226700
7861920.895,226800
7861960.376,226900
7861996.245,227000
7862037.472,227100
7862076.015,227200
7862117.204,227300
7862154.180,227400
7862197.173,227500
7862235.259,227600
7862272.616,227700
7862309.169,227800
7862352.283,227900
7862398.725,228000
7862443.197,228100
7862500.648,228200
7862548.881,228300
7862591.513,228400
7862639.165,228500
7862684.416,228600
7862729.599,228700
7862772.249,228800
7862817.757,228900
7862860.390,229000
7862897.918,229100
7862944.992,229200
7862990.756,229300
7863040.912,229400
7863089.538,229500
7863142.862,229600
7863193.908,229700
7863245.479,229800
7863306.761,229900
7863632.039,230000
7863681.682,230100
7863733.552,230200
7863785.823,230300
7863840.625,230400
7863886.420,230500
7863936.853,230600
7863989.191,230700
7864040.696,230800
7864097.643,230900
7864141.899,231000
7864192.620,231100
7864236.119,231200
7864277.410,231300
7864325.155,231400
7864372.315,231500
7864417.225,231600
7864464.215,231700
7864507.931,231800
7864561.105,231900
7864601.329,232000
7864658.016,232100
7864704.810,232200
7864746.178,232300
7864786.185,232400
7864827.051,232500
7864871.539,232600
7864915.958,232700
7864962.911,232800
7865010.212,232900
7865062.277,233000
7865108.358,233100
7865155.166,233200
7865199.706,233300
7865243.015,233400
7865289.299,233500
7865330.936,233600
7865376.259,233700
7865418.823,233800
7865466.363,233900
7865511.178,234000
7865561.373,234100
7865609.994,234200
7865661.663,234300
7865709.542,234400
7865754.594,234500
7865802.440,234600
7865846.096,234700
7865891.726,234800
7865941.499,234900
7865988.185,235000
7866035.784,235100
7866081.759,235200
7866127.553,235300
7866175.713,235400
7866225.450,235500
7866274.447,235600
7866325.082,235700
7866370.668,235800
7866417.910,235900
7866463.117,236000
7866511.070,236100
7866560.918,236200
7866615.081,236300
7866668.197,236400
7866715.759,236500
7866761.077,236600
7866810.447,236700
7866858.397,236800
7866901.227,236900
7866966.174,237000
7867013.541,237100
7867060.247,237200
7867106.792,237300
7867148.627,237400
7867192.827,237500
7867240.066,237600
7867284.103,237700
7867358.827,237800
7867404.433,237900
7867447.889,238000
7867489.847,238100
7867541.239,238200
7867585.797,238300
7867631.367,238400
7867674.758,238500
7867720.919,238600
7867763.276,238700
7867806.771,238800
7867846.635,238900
7867887.210,239000
7867925.922,239100
7867963.442,239200
7868002.821,239300
7868045.181,239400
7868083.935,239500
7868128.295,239600
7868167.557,239700
7868209.537,239800
7868250.131,239900
7868598.478,240000
7868647.161,240100
7868695.122,240200
7868741.208,240300
7868781.794,240400
7868819.976,240500
7868863.898,240600
7868902.916,240700
7868942.633,240800
7868984.279,240900
7869023.166,241000
7869061.798,241100
7869099.599,241200
7869136.159,241300
7869179.571,241400
7869221.743,241500
7869262.432,241600
7869301.484,241700
7869336.203,241800
7869374.736,241900
7869413.385,242000
7869458.465,242100
7869501.313,242200
7869549.393,242300
7869590.723,242400
7869636.216,242500
7869677.131,242600
7869715.971,242700
7869754.353,242800
7869793.294,242900
7869827.958,243000
7869867.095,243100
7869907.962,243200
7869951.434,243300
7869987.840,243400
7870028.521,243500
7870068.525,243600
7870108.562,243700
7870147.926,243800
7870188.755,243900
7870227.092,244000
7870268.125,244100
7870306.316,244200
7870346.731,244300
7870388.994,244400
7870425.015,244500
7870460.123,244600
7870495.250,244700
7870533.208,244800
7870566.994,244900
7870605.445,245000
7870639.267,245100
7870674.432,245200
7870707.129,245300
7870742.571,245400
7870777.452,245500
7870815.056,245600
7870849.580,245700
7870887.420,245800
7870923.341,245900
7870957.371,246000
7870996.231,246100
7871035.678,246200
7871081.677,246300
7871117.122,246400
7871150.546,246500
7871186.991,246600
7871225.400,246700
7871261.780,246800
7871301.597,246900
7871338.290,247000
7871376.547,247100
7871413.986,247200
7871452.450,247300
7871487.633,247400
7871522.910,247500
7871558.037,247600
7871592.324,247700
7871625.139,247800
7871657.507,247900
7871698.823,248000
7871738.448,248100
7871788.725,248200
7871827.662,248300
7871869.878,248400
7871908.623,248500
7871945.158,248600
7871979.765,248700
7872014.548,248800
7872046.883,248900
7872086.988,249000
7872124.752,249100
7872160.143,249200
7872197.746,249300
7872238.901,249400
7872281.547,249500
7872317.982,249600
7872362.937,249700
7872402.759,249800
7872445.889,249900
7872763.385,250000
7872811.648,250100
7872850.321,250200
7872889.396,250300
7872929.487,250400
7872971.219,250500
7873011.475,250600
7873052.296,250700
7873094.905,250800
7873131.837,250900
7873173.984,251000
7873209.837,251100
7873248.975,251200
7873287.562,251300
7873322.597,251400
7873354.677,251500
7873390.370,251600
7873425.245,251700
7873467.514,251800
7873523.673,251900
7873564.341,252000
7873613.572,252100
7873660.417,252200
7873705.611,252300
7873749.179,252400
7873798.472,252500
7873839.189,252600
7873881.599,252700
7873918.485,252800
7873957.157,252900
7873999.419,253000
7874045.163,253100
7874088.013,253200
7874132.575,253300
7874171.757,253400
7874218.591,253500
7874255.956,253600
7874299.153,253700
7874342.341,253800
7874387.122,253900
7874424.959,254000
7874469.968,254100
7874513.938,254200
7874558.988,254300
7874604.691,254400
7874651.222,254500
7874700.660,254600
7874745.883,254700
7874788.917,254800
7874830.480,254900
7874872.824,255000
7874916.418,255100
7874955.482,255200
7874991.210,255300
7875027.305,255400
7875064.638,255500
7875102.093,255600
7875138.157,255700
7875179.564,255800
7875220.261,255900
7875259.628,256000
7875302.112,256100
7875348.562,256200
7875391.999,256300
7875434.730,256400
7875475.831,256500
7875519.719,256600
7875563.810,256700
7875607.879,256800
7875645.045,256900
7875688.381,257000
7875726.448,257100
7875769.445,257200
7875806.539,257300
7875845.509,257400
7875883.850,257500
7875924.761,257600
7875960.987,257700
7875997.692,257800
7876033.191,257900
7876069.741,258000
7876107.741,258100
7876159.453,258200
7876201.242,258300
7876251.353,258400
7876292.714,258500
7876343.227,258600
7876389.075,258700
7876426.076,258800
7876470.646,258900
7876510.269,259000
7876551.775,259100
7876590.958,259200
7876631.506,259300
7876670.287,259400
7876708.282,259500
7876746.661,259600
7876788.768,259700
7876829.986,259800
7876872.461,259900
7877201.209,260000
7877253.195,260100
7877296.554,260200
7877344.544,260300
7877381.065,260400
7877425.039,260500
7877464.758,260600
7877502.821,260700
7877542.719,260800
7877581.212,260900
7877626.531,261000
7877667.025,261100
7877713.863,261200
7877759.788,261300
7877808.698,261400
7877855.480,261500
7877900.233,261600
7877942.610,261700
7877979.746,261800
7878016.878,261900
7878050.947,262000
7878093.645,262100
7878135.287,262200
7878179.677,262300
7878220.411,262400
7878261.926,262500
7878302.947,262600
7878347.396,262700
7878389.944,262800
7878433.249,262900
7878475.834,263000
7878515.450,263100
7878552.675,263200
7878592.574,263300
7878631.031,263400
7878669.523,263500
7878707.146,263600
7878748.201,263700
7878780.829,263800
7878817.213,263900
7878856.387,264000
7878896.508,264100
7878939.249,264200
7878979.790,264300
7879024.332,264400
7879064.586,264500
7879104.578,264600
7879149.777,264700
7879189.103,264800
7879221.836,264900
7879265.481,265000
7879308.127,265100
7879352.025,265200
7879392.290,265300
7879436.322,265400
7879477.536,265500
7879522.696,265600
7879570.104,265700
7879617.225,265800
7879657.358,265900
7879697.385,266000
7879737.451,266100
7879778.446,266200
7879820.901,266300
7879857.842,266400
7879898.975,266500
7879944.923,266600
7879986.940,266700
7880037.591,266800
7880079.798,266900
7880122.541,267000
7880160.229,267100
7880208.570,267200
7880248.431,267300
7880286.381,267400
7880325.158,267500
7880363.727,267600
7880399.511,267700
7880443.511,267800
7880482.291,267900
7880529.140,268000
7880573.411,268100
7880636.315,268200
7880692.482,268300
7880744.263,268400
7880800.704,268500
7880859.795,268600
7880914.850,268700
7880968.751,268800
7881014.373,268900
7881055.062,269000
7881110.493,269100
7881153.353,269200
7881200.341,269300
7881243.283,269400
7881298.950,269500
7881345.399,269600
7881395.287,269700
7881443.439,269800
7881480.791,269900
7881876.865,270000
7881924.296,270100
7881977.241,270200
7882036.844,270300
7882110.514,270400
7882184.723,270500
7882244.810,270600
7882304.654,270700
7882384.022,270800
7882446.680,270900
7882505.427,271000
7882560.956,271100
7882612.378,271200
7882668.826,271300
7882716.388,271400
7882770.760,271500
7882828.028,271600
7882897.567,271700
7882958.354,271800
7883025.362,271900
7883090.179,272000
7883148.945,272100
7883217.287,272200
7883275.442,272300
7883326.262,272400
7883375.457,272500
7883433.663,272600
7883495.549,272700
7883553.649,272800
7883605.542,272900
7883659.446,273000
7883721.657,273100
7883780.302,273200
7883838.173,273300
7883882.016,273400
7883935.713,273500
7883988.100,273600
7884037.804,273700
7884083.644,273800
7884126.534,273900
7884177.855,274000
7884235.469,274100
7884282.701,274200
7884339.802,274300
7884394.756,274400
7884441.265,274500
7884495.026,274600
7884549.191,274700
7884600.587,274800
7884652.858,274900
7884705.007,275000
7884759.402,275100
7884809.560,275200
7884863.390,275300
7884917.285,275400
7884964.788,275500
7885018.695,275600
7885075.809,275700
7885119.127,275800
7885167.475,275900
7885216.786,276000
7885265.883,276100
7885322.071,276200
7885374.853,276300
7885421.334,276400
7885471.626,276500
7885522.528,276600
7885572.019,276700
7885622.097,276800
7885672.518,276900
7885719.336,277000
7885768.246,277100
7885820.394,277200
7885866.698,277300
7885912.432,277400
7885968.830,277500
7886020.066,277600
7886073.238,277700
7886124.032,277800
7886171.714,277900
7886217.355,278000
7886252.540,278100
7886356.581,278200
7886420.697,278300
7886478.066,278400
7886534.548,278500
7886582.958,278600
7886636.869,278700
7886689.103,278800
7886747.301,278900
7886812.133,279000
7886862.000,279100
7886917.931,279200
7886976.188,279300
7887026.872,279400
7887072.638,279500
7887118.983,279600
7887164.566,279700
7887215.714,279800
7887259.864,279900
7887734.295,280000
7887789.049,280100
7887834.330,280200
7887885.215,280300
7887943.628,280400
7887999.981,280500
7888055.954,280600
7888105.085,280700
7888150.947,280800
7888205.871,280900
7888257.849,281000
7888313.018,281100
7888366.199,281200
7888410.003,281300
7888455.843,281400
7888502.803,281500
7888562.380,281600
7888615.942,281700
7888671.961,281800
7888717.714,281900
7888766.513,282000
7888818.978,282100
7888867.324,282200
7888916.166,282300
7888965.339,282400
7889014.117,282500
7889066.597,282600
7889123.067,282700
7889180.503,282800
7889238.169,282900
7889295.770,283000
7889346.129,283100
7889398.494,283200
7889450.405,283300
7889496.615,283400
7889545.531,283500
7889588.581,283600
7889638.446,283700
7889683.110,283800
7889726.996,283900
7889784.077,284000
7889841.679,284100
7889901.590,284200
7889953.955,284300
7890015.146,284400
7890068.037,284500
7890123.700,284600
7890182.253,284700
7890231.574,284800
7890283.732,284900
7890340.674,285000
7890394.929,285100
7890453.615,285200
7890502.264,285300
7890565.969,285400
7890647.640,285500
7890705.222,285600
7890761.535,285700
7890817.138,285800
7890873.847,285900
7890922.630,286000
7890967.903,286100
7891011.673,286200
7891062.234,286300
7891119.352,286400
7891174.300,286500
7891228.776,286600
7891276.280,286700
7891333.533,286800
7891386.151,286900
7891445.816,287000
7891507.420,287100
7891555.005,287200
7891605.440,287300
7891657.271,287400
7891710.265,287500
7891763.487,287600
7891830.918,287700
7891894.547,287800
7891955.875,287900
7892009.990,288000
7892063.678,288100
7892128.516,288200
7892181.097,288300
7892256.527,288400
7892311.703,288500
7892367.801,288600
7892433.673,288700
7892508.786,288800
7892584.066,288900
7892651.062,289000
7892721.099,289100
7892780.136,289200
7892839.274,289300
7892902.528,289400
7892962.447,289500
7893016.308,289600
7893071.845,289700
7893125.041,289800
7893192.373,289900
7893665.629,290000
7893745.705,290100
7893813.604,290200
7893876.968,290300
7893936.948,290400
7894012.939,290500
7894083.912,290600
7894132.561,290700
7894191.755,290800
7894245.856,290900
7894301.941,291000
7894369.570,291100
7894421.180,291200
7894481.635,291300
7894542.383,291400
7894596.325,291500
7894661.443,291600
7894715.959,291700
7894770.626,291800
7894836.948,291900
7894882.026,292000
7894933.406,292100
7894992.224,292200
7895046.871,292300
7895110.235,292400
7895175.617,292500
7895234.209,292600
7895298.896,292700
7895358.390,292800
7895414.538,292900
7895470.885,293000
7895522.565,293100
7895580.762,293200
7895644.346,293300
7895696.213,293400
7895753.797,293500
7895808.352,293600
7895870.267,293700
7895923.643,293800
7895976.528,293900
7896027.970,294000
7896085.353,294100
7896136.388,294200
7896189.193,294300
7896244.943,294400
7896299.532,294500
7896362.972,294600
7896427.391,294700
7896491.734,294800
7896554.785,294900
7896616.840,295000
7896672.671,295100
7896744.189,295200
7896798.091,295300
7896853.508,295400
7896901.760,295500
7896942.950,295600
7896999.230,295700
7897058.443,295800
7897116.362,295900
7897173.421,296000
7897241.413,296100
7897303.917,296200
7897360.625,296300
7897420.795,296400
7897473.021,296500
7897530.792,296600
7897584.917,296700
7897632.429,296800
7897688.054,296900
7897740.327,297000
7897798.387,297100
7897863.164,297200
7897915.571,297300
7897978.804,297400
7898035.286,297500
7898099.239,297600
7898155.569,297700
7898203.050,297800
7898255.983,297900
7898310.631,298000
7898362.800,298100
7898432.646,298200
7898486.340,298300
7898546.790,298400
7898611.099,298500
7898670.012,298600
7898723.216,298700
7898774.183,298800
7898835.349,298900
7898888.844,299000
7898942.607,299100
7899004.042,299200
7899068.465,299300
7899119.912,299400
7899177.739,299500
7899236.617,299600
7899292.732,299700
7899351.894,299800
7899406.893,299900
7899905.833,300000
7899970.249,300100
7900022.357,300200
7900093.962,300300
7900155.039,300400
7900218.717,300500
7900278.125,300600
7900337.382,300700
7900400.098,300800
7900462.062,300900
7900523.017,301000
7900583.939,301100
7900632.701,301200
7900696.643,301300
7900753.045,301400
7900813.844,301500
7900874.894,301600
7900931.159,301700
7900998.014,301800
7901055.610,301900
7901115.211,302000
7901174.937,302100
7901238.940,302200
7901307.674,302300
7901357.286,302400
7901412.907,302500
7901480.190,302600
7901544.031,302700
7901609.516,302800
7901680.869,302900
7901738.365,303000
7901802.488,303100
7901866.909,303200
7901921.060,303300
7901981.142,303400
7902040.565,303500
7902093.475,303600
7902152.713,303700
7902209.566,303800
7902264.335,303900
7902323.305,304000
7902389.907,304100
7902440.568,304200
7902506.973,304300
7902573.298,304400
7902634.960,304500
7902699.098,304600
7902750.615,304700
7902802.874,304800
7902869.132,304900
7902933.237,305000
7902987.792,305100
7903056.102,305200
7903114.512,305300
7903173.661,305400
7903235.098,305500
7903295.913,305600
7903347.306,305700
7903401.131,305800
7903446.891,305900
7903504.518,306000
7903559.567,306100
7903613.179,306200
7903673.756,306300
7903729.574,306400
7903785.781,306500
7903847.010,306600
7903909.632,306700
7903966.071,306800
7904017.862,306900
7904069.840,307000
7904120.110,307100
7904164.419,307200
7904226.780,307300
7904279.427,307400
7904334.636,307500
7904387.972,307600
7904444.238,307700
7904502.788,307800
7904558.777,307900
7904614.045,308000
7904662.593,308100
7904727.156,308200
7904777.676,308300
7904830.361,308400
7904887.836,308500
7904949.989,308600
7905025.904,308700
7905099.079,308800
7905165.490,308900
7905231.950,309000
7905301.301,309100
7905359.646,309200
7905408.934,309300
7905467.575,309400
7905533.617,309500
7905591.837,309600
7905662.696,309700
7905731.277,309800
7905793.433,309900
7906302.085,310000
7906373.260,310100
7906435.621,310200
7906502.132,310300
7906555.015,310400
7906612.819,310500
7906675.493,310600
7906735.362,310700
7906801.456,310800
7906873.529,310900
7906926.048,311000
7906994.321,311100
7907049.111,311200
7907110.387,311300
7907170.717,311400
7907217.602,311500
7907271.693,311600
7907327.921,311700
7907388.404,311800
7907453.091,311900
7907513.831,312000
7907573.806,312100
7907639.476,312200
7907704.891,312300
7907762.485,312400
7907826.075,312500
7907886.689,312600
7907934.493,312700
7908000.975,312800
7908062.262,312900
7908116.974,313000
7908180.992,313100
7908233.523,313200
7908293.632,313300
7908362.626,313400
7908418.109,313500
7908479.435,313600
7908529.237,313700
7908577.775,313800
7908646.308,313900
7908717.794,314000
7908791.399,314100
7908862.368,314200
7908934.665,314300
7908994.013,314400
7909055.531,314500
7909119.192,314600
7909170.065,314700
7909221.639,314800
7909270.760,314900
7909336.783,315000
7909396.970,315100
7909450.711,315200
7909513.553,315300
7909573.420,315400
7909644.201,315500
7909703.050,315600
7909763.322,315700
7909819.994,315800
7909907.112,315900
7909965.495,316000
7910022.495,316100
7910078.776,316200
7910136.659,316300
7910187.162,316400
7910240.319,316500
7910298.977,316600
7910362.711,316700
7910424.656,316800
7910481.587,316900
7910546.105,317000
7910597.367,317100
7910648.068,317200
7910708.286,317300
7910773.430,317400
7910840.029,317500
7910903.936,317600
7910961.599,317700
7911027.035,317800
7911077.962,317900
7911141.738,318000
7911193.877,318100
7911256.443,318200
7911310.678,318300
7911358.138,318400
7911417.894,318500
7911477.471,318600
7911548.326,318700
7911615.470,318800
7911671.952,318900
7911734.073,319000
7911798.905,319100
7911858.986,319200
7911933.619,319300
7911983.273,319400
7912039.916,319500
7912114.709,319600
7912172.373,319700
7912247.926,319800
7912333.611,319900
7912903.518,320000
7912982.760,320100
7913045.254,320200
7913100.814,320300
7913167.686,320400
7913216.481,320500
7913271.259,320600
7913349.086,320700
7913418.577,320800
7913492.551,320900
7913570.308,321000
7913628.594,321100
7913685.320,321200
7913747.936,321300
7913809.399,321400
7913867.079,321500
7913926.237,321600
7913980.334,321700
7914037.798,321800
7914103.200,321900
7914166.333,322000
7914231.941,322100
7914296.995,322200
7914371.891,322300
7914443.647,322400
7914507.960,322500
7914576.389,322600
7914645.309,322700
7914718.178,322800
7914789.492,322900
7914875.389,323000
7914951.303,323100
7915020.953,323200
7915094.959,323300
7915167.541,323400
7915233.167,323500
7915299.316,323600
7915372.600,323700
7915444.893,323800
7915501.073,323900
7915578.670,324000
7915642.436,324100
7915715.628,324200
7915780.572,324300
7915850.474,324400
7915929.763,324500
7916000.680,324600
7916060.775,324700
7916123.100,324800
7916186.425,324900
7916252.235,325000
7916327.681,325100
7916404.501,325200
7916482.012,325300
7916552.869,325400
7916624.591,325500
7916686.799,325600
7916758.851,325700
7916826.472,325800
7916881.115,325900
7916940.227,326000
7917026.403,326100
7917099.239,326200
7917172.959,326300
7917244.863,326400
7917309.088,326500
7917379.921,326600
7917448.205,326700
7917510.050,326800
7917575.311,326900
7917641.736,327000
7917719.379,327100
7917782.790,327200
7917855.420,327300
7917926.163,327400
7917993.472,327500
7918064.798,327600
7918128.930,327700
7918193.963,327800
7918256.646,327900
7918320.508,328000
7918384.869,328100
7918456.529,328200
7918529.803,328300
7918604.854,328400
7918671.567,328500
7918743.307,328600
7918813.307,328700
7918884.625,328800
7918968.844,328900
7919056.495,329000
7919128.219,329100
7919197.950,329200
7919279.174,329300
7919344.911,329400
7919427.220,329500
7919508.265,329600
7919586.534,329700
7919679.397,329800
7919759.491,329900
7920345.186,330000
7920427.571,330100
7920498.778,330200
7920580.171,330300
7920656.668,330400
7920750.155,330500
7920822.761,330600
7920898.516,330700
7920980.690,330800
7921053.322,330900
7921135.809,331000
7921201.900,331100
7921269.464,331200
7921351.752,331300
7921427.675,331400
7921509.748,331500
7921589.598,331600
7921660.283,331700
7921740.216,331800
7921821.646,331900
7921888.017,332000
7921970.849,332100
7922035.400,332200
7922108.327,332300
7922195.752,332400
7922291.363,332500
7922363.776,332600
7922460.105,332700
7922539.433,332800
7922619.472,332900
7922692.349,333000
7922766.703,333100
7922836.042,333200
7922922.485,333300
7923001.984,333400
7923086.720,333500
7923165.918,333600
7923235.440,333700
7923320.908,333800
7923389.482,333900
7923462.182,334000
7923548.434,334100
7923610.763,334200
7923692.476,334300
7923780.347,334400
7923872.598,334500
7923954.444,334600
7924042.416,334700
7924132.374,334800
7924222.383,334900
7924304.989,335000
7924385.931,335100
7924467.290,335200
7924555.708,335300
7924639.965,335400
7924721.617,335500
7924802.849,335600
7924878.370,335700
7924940.277,335800
7925003.692,335900
7925067.771,336000
7925136.001,336100
7925208.854,336200
7925265.326,336300
7925350.549,336400
7925415.205,336500
7925489.752,336600
7925559.476,336700
7925624.306,336800
7925682.101,336900
7925734.427,337000
7925797.599,337100
7925872.821,337200
7925942.672,337300
7926010.912,337400
7926088.087,337500
7926159.351,337600
7926241.293,337700
7926305.257,337800
7926380.304,337900
7926461.405,338000
7926535.027,338100
7926627.521,338200
7926708.247,338300
7926803.843,338400
7926874.082,338500
7926958.321,338600
7927032.431,338700
7927138.622,338800
7927227.570,338900
7927314.032,339000
7927400.524,339100
7927475.677,339200
7927650.171,339300
7927747.233,339400
7927813.251,339500
7927897.336,339600
7927981.010,339700
7928071.456,339800
7928154.468,339900
7928803.500,340000
7928903.097,340100
7928988.012,340200
7929075.856,340300
7929156.128,340400
7929280.564,340500
7929382.594,340600
7929465.387,340700
7929542.097,340800
7929606.389,340900
7929672.000,341000
7929749.136,341100
7929820.319,341200
7929891.719,341300
7929975.019,341400
7930028.952,341500
7930115.101,341600
7930193.216,341700
7930282.536,341800
7930351.230,341900
7930429.940,342000
7930501.823,342100
7930567.751,342200
7930634.193,342300
7930704.686,342400
7930772.590,342500
7930874.112,342600
7930947.503,342700
7931027.657,342800
7931107.630,342900
7931181.871,343000
7931264.752,343100
7931353.180,343200
7931442.204,343300
7931538.678,343400
7931627.861,343500
7931738.806,343600
7931825.103,343700
7931909.231,343800
7931993.680,343900
7932077.181,344000
7932160.197,344100
7932224.228,344200
7932300.951,344300
7932367.136,344400
7932457.422,344500
7932549.350,344600
7932626.599,344700
7932717.015,344800
7932816.093,344900
7932909.064,345000
7932978.386,345100
7933058.913,345200
7933141.396,345300
7933222.969,345400
7933307.754,345500
7933407.415,345600
7933478.564,345700
7933573.267,345800
7933663.399,345900
7933746.978,346000
7933841.221,346100
7933928.206,346200
7934021.910,346300
7934110.515,346400
7934193.840,346500
7934281.042,346600
7934350.809,346700
7934442.118,346800
7934535.911,346900
7934625.465,347000
7934704.548,347100
7934794.050,347200
7934891.633,347300
7934977.882,347400
7935067.990,347500
7935156.184,347600
7935224.905,347700
7935315.311,347800
7935412.412,347900
7935493.311,348000
7935579.528,348100
7935675.798,348200
7935767.256,348300
7935859.378,348400
7935944.522,348500
7936026.145,348600
7936101.807,348700
7936188.770,348800
7936285.431,348900
7936346.955,349000
7936430.141,349100
7936497.056,349200
7936567.653,349300
7936655.402,349400
7936717.605,349500
7936796.521,349600
7936879.671,349700
7936947.785,349800
7937043.291,349900
7937760.021,350000
7937861.189,350100
7937964.563,350200
7938074.692,350300
7938167.468,350400
7938246.156,350500
7938340.977,350600
7938425.079,350700
7938496.279,350800
7938592.581,350900
7938683.830,351000
7938765.978,351100
7938862.366,351200
7938956.882,351300
7939034.285,351400
7939128.118,351500
7939210.381,351600
7939301.767,351700
7939373.527,351800
7939468.742,351900
7939555.294,352000
7939640.001,352100
7939732.044,352200
7939818.643,352300
7939897.250,352400
7939980.657,352500
7940062.534,352600
7940150.566,352700
7940228.535,352800
7940318.429,352900
7940402.291,353000
7940478.959,353100
7940575.281,353200
7940665.974,353300
7940753.808,353400
7940856.123,353500
7940943.351,353600
7941031.920,353700
7941105.578,353800
7941195.920,353900
7941291.291,354000
7941366.888,354100
7941458.459,354200
7941560.182,354300
7941650.379,354400
7941729.483,354500
7941808.871,354600
7941899.731,354700
7941970.406,354800
7942057.293,354900
7942147.847,355000
7942226.562,355100
7942308.882,355200
7942394.563,355300
7942477.954,355400
7942557.035,355500
7942657.233,355600
7942741.089,355700
7942828.499,355800
7942912.034,355900
7943005.107,356000
7943087.917,356100
7943169.468,356200
7943249.977,356300
7943326.405,356400
7943406.437,356500
7943487.645,356600
7943579.223,356700
7943646.205,356800
7943730.900,356900
7943815.166,357000
7943897.246,357100
7943991.245,357200
7944075.204,357300
7944145.827,357400
7944230.646,357500
7944317.528,357600
7944399.723,357700
7944481.222,357800
7944573.039,357900
7944663.698,358000
7944744.429,358100
7944849.888,358200
7944947.100,358300
7945036.784,358400
7945121.441,358500
7945225.479,358600
7945329.299,358700
7945399.936,358800
7945492.896,358900
7945603.749,359000
7945698.827,359100
7945800.650,359200
7945897.747,359300
7945991.281,359400
7946072.196,359500
7946165.417,359600
7946243.941,359700
7946304.649,359800
7946392.458,359900
7947145.426,360000
7947247.730,360100
7947350.463,360200
7947457.777,360300
7947561.293,360400
7947654.232,360500
7947747.347,360600
7947844.759,360700
7947932.323,360800
7948005.929,360900
7948104.107,361000
7948219.195,361100
7948321.310,361200
7948443.476,361300
7948536.064,361400
7948622.032,361500
7948715.512,361600
7948817.970,361700
7948912.373,361800
7948994.893,361900
7949086.692,362000
7949195.761,362100
7949304.932,362200
7949380.793,362300
7949469.669,362400
7949542.801,362500
7949619.975,362600
7949711.638,362700
7949816.956,362800
7949892.083,362900
7949994.458,363000
7950099.908,363100
7950193.173,363200
7950312.078,363300
7950416.243,363400
7950504.243,363500
7950593.575,363600
7950689.100,363700
7950777.840,363800
7950849.395,363900
7950950.620,364000
7951034.192,364100
7951145.477,364200
7951262.183,364300
7951364.015,364400
7951466.648,364500
7951582.044,364600
7951684.358,364700
7951803.055,364800
7951930.827,364900
7952040.230,365000
7952170.550,365100
7952273.829,365200
7952371.342,365300
7952473.902,365400
7952576.800,365500
7952685.392,365600
7952779.623,365700
7952880.062,365800
7952967.065,365900
7953059.305,366000
7953157.803,366100
7953254.726,366200
7953344.414,366300
7953450.973,366400
7953548.114,366500
7953625.037,366600
7953709.206,366700
7953789.223,366800
7953872.051,366900
7953949.051,367000
7954045.784,367100
7954145.771,367200
7954247.849,367300
7954370.234,367400
7954514.314,367500
7954656.429,367600
7954794.612,367700
7954937.126,367800
7955078.963,367900
7955223.455,368000
7955308.646,368100
7955416.040,368200
7955516.955,368300
7955658.593,368400
7955801.521,368500
7955947.840,368600
7956100.035,368700
7956215.753,368800
7956306.022,368900
7956388.795,369000
7956473.637,369100
7956555.821,369200
7956661.774,369300
7956738.894,369400
7956842.455,369500
7956950.138,369600
7957040.003,369700
7957132.895,369800
7957230.336,369900
7958065.894,370000
7958156.280,370100
7958266.555,370200
7958377.998,370300
7958474.496,370400
7958581.607,370500
7958677.484,370600
7958758.037,370700
7958865.932,370800
7958944.497,370900
7959029.835,371000
7959118.082,371100
7959218.339,371200
7959310.597,371300
7959410.615,371400
7959516.271,371500
7959596.886,371600
7959689.190,371700
7959781.036,371800
7959872.521,371900
7959958.847,372000
7960045.334,372100
7960123.175,372200
7960221.244,372300
7960306.597,372400
7960415.248,372500
7960506.104,372600
7960620.519,372700
7960737.594,372800
7960838.240,372900
7960910.796,373000
7960995.678,373100
7961095.635,373200
7961173.050,373300
7961276.216,373400
7961371.566,373500
7961492.777,373600
7961598.533,373700
7961702.317,373800
7961798.416,373900
7961893.292,374000
7962005.873,374100
7962112.526,374200
7962217.403,374300
7962329.507,374400
7962434.330,374500
7962549.871,374600
7962662.910,374700
7962764.038,374800
7962882.245,374900
7963000.061,375000
7963107.933,375100
7963204.178,375200
7963298.494,375300
7963411.692,375400
7963521.192,375500
7963614.032,375600
7963720.039,375700
7963811.198,375800
7963900.191,375900
7964001.648,376000
7964093.470,376100
7964182.461,376200
7964284.734,376300
7964370.070,376400
7964488.479,376500
7964586.644,376600
7964678.402,376700
7964797.456,376800
7964902.734,376900
7964990.133,377000
7965093.812,377100
7965204.488,377200
7965296.963,377300
7965370.760,377400
7965467.674,377500
7965563.759,377600
7965655.407,377700
7965769.071,377800
7965883.668,377900
7965998.009,378000
7966107.064,378100
7966236.226,378200
7966354.202,378300
7966451.154,378400
7966557.848,378500
7966668.583,378600
7966774.123,378700
7966884.981,378800
7966990.980,378900
7967101.005,379000
7967210.664,379100
7967319.597,379200
7967457.215,379300
7967582.325,379400
7967695.546,379500
7967786.604,379600
7967903.616,379700
7968036.781,379800
7968153.037,379900
7969045.954,380000
7969181.362,380100
7969307.839,380200
7969446.000,380300
7969565.213,380400
7969658.446,380500
7969792.904,380600
7969914.188,380700
7970022.721,380800
7970137.578,380900
7970266.665,381000
7970389.457,381100
7970513.378,381200
7970625.073,381300
7970740.791,381400
7970851.949,381500
7970968.185,381600
7971084.086,381700
7971208.342,381800
7971344.260,381900
7971493.760,382000
7971658.473,382100
7971802.269,382200
7971937.325,382300
7972062.595,382400
7972181.420,382500
7972297.744,382600
7972426.505,382700
7972549.307,382800
7972656.020,382900
7972802.866,383000
7972903.188,383100
7973004.260,383200
7973120.861,383300
7973215.992,383400
7973336.881,383500
7973446.313,383600
7973543.666,383700
7973651.813,383800
7973757.547,383900
7973854.016,384000
7974001.537,384100
7974119.739,384200
7974222.364,384300
7974337.172,384400
7974449.433,384500
7974543.990,384600
7974644.620,384700
7974727.433,384800
7974836.256,384900
7974935.913,385000
7975035.292,385100
7975150.166,385200
7975263.463,385300
7975369.787,385400
7975490.421,385500
7975602.905,385600
7975723.273,385700
7975846.248,385800
7975943.763,385900
7976072.400,386000
7976197.689,386100
7976295.872,386200
7976421.977,386300
7976535.676,386400
7976649.797,386500
7976769.386,386600
7976879.091,386700
7977007.342,386800
7977125.080,386900
7977228.925,387000
7977354.914,387100
7977493.206,387200
7977625.699,387300
7977743.753,387400
7977877.835,387500
7978006.299,387600
7978113.073,387700
7978219.986,387800
7978344.253,387900
7978485.465,388000
7978614.907,388100
7978750.125,388200
7978892.961,388300
7979026.405,388400
7979132.893,388500
7979259.764,388600
7979389.205,388700
7979528.918,388800
7979662.883,388900
7979784.962,389000
7979904.333,389100
7980046.987,389200
7980161.788,389300
7980279.015,389400
7980421.072,389500
7980576.556,389600
7980717.042,389700
7980845.709,389800
7980979.248,389900
7982059.824,390000
7982219.835,390100
7982328.831,390200
7982456.547,390300
7982567.190,390400
7982681.095,390500
7982788.892,390600
7982921.253,390700
7983045.085,390800
7983173.342,390900
7983291.457,391000
7983410.081,391100
7983515.824,391200
7983618.257,391300
7983748.123,391400
7983861.767,391500
7983989.722,391600
7984085.408,391700
7984211.379,391800
7984339.216,391900
7984477.189,392000
7984593.839,392100
7984739.105,392200
7984857.884,392300
7984983.621,392400
7985115.553,392500
7985229.291,392600
7985343.601,392700
7985463.602,392800
7985601.849,392900
7985724.763,393000
7985860.589,393100
7985983.865,393200
7986121.352,393300
7986276.138,393400
7986436.114,393500
7986572.116,393600
7986720.514,393700
7986856.339,393800
7986978.700,393900
7987126.616,394000
7987301.125,394100
7987496.214,394200
7987652.213,394300
7987811.116,394400
7987944.116,394500
7988067.768,394600
7988188.918,394700
7988305.960,394800
7988436.106,394900
7988564.817,395000
7988720.817,395100
7988861.949,395200
7989006.100,395300
7989153.360,395400
7989303.288,395500
7989426.202,395600
7989585.334,395700
7989695.082,395800
7989815.588,395900
7989928.174,396000
7990069.073,396100
7990235.538,396200
7990394.325,396300
7990556.046,396400
7990687.785,396500
7990802.972,396600
7990936.363,396700
7991060.248,396800
7991186.628,396900
7991317.519,397000
7991440.921,397100
7991586.190,397200
7991715.103,397300
7991851.558,397400
7991991.368,397500
7992119.750,397600
7992240.008,397700
7992389.607,397800
7992506.517,397900
7992641.052,398000
7992766.284,398100
7992910.553,398200
7993035.627,398300
7993163.463,398400
7993301.602,398500
7993454.815,398600
7993594.005,398700
7993758.666,398800
7993905.435,398900
7994034.031,399000
7994166.522,399100
7994315.418,399200
7994469.215,399300
7994614.071,399400
7994792.029,399500
7994962.197,399600
7995135.579,399700
7995304.640,399800
7995470.590,399900
7996707.735,400000
7996882.720,400100
7997060.988,400200
7997210.423,400300
7997347.555,400400
7997534.083,400500
7997720.756,400600
7997899.758,400700
7998079.189,400800
7998239.688,400900
7998416.772,401000
7998577.475,401100
7998714.863,401200
7998880.986,401300
7999004.532,401400
7999138.252,401500
7999269.097,401600
7999420.482,401700
7999563.845,401800
7999740.104,401900
7999872.634,402000
8000012.950,402100
8000134.678,402200
8000256.508,402300
8000377.288,402400
8000502.039,402500
8000636.087,402600
8000779.964,402700
8000911.792,402800
8001033.462,402900
8001169.559,403000
8001316.405,403100
8001444.108,403200
8001595.575,403300
8001726.478,403400
8001840.312,403500
8001990.105,403600
8002135.976,403700
8002273.427,403800
8002412.407,403900
8002540.062,404000
8002679.978,404100
8002800.613,404200
8002929.258,404300
8003060.396,404400
8003181.184,404500
8003313.817,404600
8003469.952,404700
8003582.846,404800
8003773.268,404900
8003920.448,405000
8004066.134,405100
8004220.951,405200
8004351.906,405300
8004524.418,405400
8004707.473,405500
8004848.962,405600
8004975.814,405700
8005113.893,405800
8005261.211,405900
8005384.043,406000
8005525.327,406100
8005675.187,406200
8005805.382,406300
8005944.286,406400
8006063.952,406500
8006174.416,406600
8006297.075,406700
8006438.149,406800
8006584.301,406900
8006738.426,407000
8006854.067,407100
8006995.077,407200
8007128.780,407300
8007248.567,407400
8007392.133,407500
8007524.170,407600
8007643.702,407700
8007787.369,407800
8007937.014,407900
8008067.066,408000
8008211.107,408100
8008347.234,408200
8008473.328,408300
8008624.120,408400
8008759.934,408500
8008878.891,408600
8009006.480,408700
8009146.212,408800
8009310.061,408900
8009455.226,409000
8009608.121,409100
8009776.019,409200
8009930.637,409300
8010095.693,409400
8010239.067,409500
8010380.742,409600
8010504.616,409700
8010635.594,409800
8010781.012,409900
8012077.166,410000
8012252.174,410100
8012395.443,410200
8012548.855,410300
8012696.201,410400
8012823.768,410500
8012966.606,410600
8013092.345,410700
8013202.994,410800
8013322.588,410900
8013450.035,411000
8013582.572,411100
8013725.707,411200
8013864.579,411300
8014020.418,411400
8014162.400,411500
8014292.424,411600
8014439.673,411700
8014585.588,411800
8014729.165,411900
8014870.966,412000
8015031.732,412100
8015190.878,412200
8015339.806,412300
8015500.881,412400
8015659.090,412500
8015796.297,412600
8015941.630,412700
8016093.697,412800
8016198.810,412900
8016316.919,413000
8016416.656,413100
8016573.476,413200
8016726.483,413300
8016892.886,413400
8017042.202,413500
8017199.617,413600
8017377.304,413700
8017534.763,413800
8017666.407,413900
8017809.941,414000
8017983.005,414100
8018124.368,414200
8018286.750,414300
8018432.544,414400
8018587.754,414500
8018729.374,414600
8018880.367,414700
8019032.325,414800
8019142.502,414900
8019267.569,415000
8019399.132,415100
8019548.014,415200
8019695.569,415300
8019843.907,415400
8019971.053,415500
8020113.655,415600
8020273.309,415700
8020405.271,415800
8020536.313,415900
8020697.395,416000
8020863.975,416100
8021031.677,416200
8021199.798,416300
8021363.100,416400
8021536.774,416500
8021700.158,416600
8021891.305,416700
8022068.582,416800
8022217.117,416900
8022355.280,417000
8022489.058,417100
8022621.333,417200
8022789.033,417300
8022950.705,417400
8023116.255,417500
8023291.709,417600
8023456.008,417700
8023627.161,417800
8023772.002,417900
8023915.724,418000
8024061.803,418100
8024190.919,418200
8024343.026,418300
8024478.119,418400
8024628.793,418500
8024763.631,418600
8024919.898,418700
8025034.687,418800
8025188.327,418900
8025324.842,419000
8025435.558,419100
8025567.037,419200
8025696.271,419300
8025853.444,419400
8025986.544,419500
8026121.347,419600
8026266.984,419700
8026418.949,419800
8026558.570,419900
8027842.560,420000
8027979.224,420100
8028112.728,420200
8028264.754,420300
8028420.276,420400
8028576.143,420500
8028738.830,420600
8028884.984,420700
8029042.907,420800
8029181.637,420900
8029316.796,421000
8029457.415,421100
8029599.910,421200
8029750.167,421300
8029888.682,421400
8030042.561,421500
8030176.523,421600
8030331.983,421700
8030475.681,421800
8030632.903,421900
8030776.847,422000
8030907.599,422100
8031060.396,422200
8031224.899,422300
8031388.829,422400
8031550.246,422500
8031709.658,422600
8031851.549,422700
8031996.021,422800
8032148.559,422900
8032308.443,423000
8032469.118,423100
8032626.958,423200
8032758.952,423300
8032926.870,423400
8033073.724,423500
8033219.419,423600
8033357.999,423700
8033476.238,423800
8033612.056,423900
8033728.095,424000
8033852.308,424100
8033984.245,424200
8034145.949,424300
8034279.718,424400
8034440.687,424500
8034588.003,424600
8034746.507,424700
8034889.780,424800
8035042.341,424900
8035159.821,425000
8035296.365,425100
8035413.602,425200
8035541.348,425300
8035692.746,425400
8035857.837,425500
8036022.884,425600
8036175.230,425700
8036320.491,425800
8036457.576,425900
8036596.823,426000
8036735.729,426100
8036852.631,426200
8036981.694,426300
8037123.063,426400
8037263.232,426500
8037425.869,426600
8037573.516,426700
8037702.341,426800
8037870.819,426900
8038020.974,427000
8038152.360,427100
8038270.786,427200
8038390.874,427300
8038524.778,427400
8038674.490,427500
8038824.665,427600
8038990.418,427700
8039131.251,427800
8039284.704,427900
8039427.867,428000
8039568.607,428100
8039711.052,428200
8039823.322,428300
8039959.501,428400
8040127.781,428500
8040282.319,428600
8040432.366,428700
8040568.494,428800
8040731.440,428900
8040871.219,429000
8041010.603,429100
8041141.608,429200
8041261.690,429300
8041383.144,429400
8041509.894,429500
8041662.954,429600
8041794.367,429700
8041938.026,429800
8042072.367,429900
8043798.512,430000
8043964.893,430100
8044126.635,430200
8044283.320,430300
8044419.057,430400
8044572.959,430500
8044740.408,430600
8044899.699,430700
8045043.687,430800
8045179.614,430900
8045317.304,431000
8045464.627,431100
8045631.145,431200
8045758.615,431300
8045853.617,431400
8045979.321,431500
8046109.124,431600
8046265.427,431700
8046422.617,431800
8046555.922,431900
8046717.135,432000
8046866.890,432100
8047033.718,432200
8047182.473,432300
8047310.815,432400
8047434.517,432500
8047595.446,432600
8047755.083,432700
8047895.509,432800
8048060.851,432900
8048205.770,433000
8048347.642,433100
8048513.411,433200
8048662.635,433300
8048816.463,433400
8048966.086,433500
8049091.608,433600
8049229.481,433700
8049385.673,433800
8049545.650,433900
8049721.674,434000
8049877.976,434100
8050044.418,434200
8050207.900,434300
8050375.567,434400
8050522.877,434500
8050669.387,434600
8050827.989,434700
8051002.789,434800
8051152.274,434900
8051298.356,435000
8051470.146,435100
8051637.837,435200
8051793.458,435300
8051909.751,435400
8052071.416,435500
8052221.215,435600
8052412.903,435700
8052613.295,435800
8052798.976,435900
8053027.497,436000
8053241.790,436100
8053416.395,436200
8053573.138,436300
8053725.636,436400
8053880.653,436500
8054008.619,436600
8054131.729,436700
8054293.709,436800
8054454.567,436900
8054638.772,437000
8054805.123,437100
8054960.691,437200
8055132.127,437300
8055312.048,437400
8055463.882,437500
8055601.021,437600
8055747.090,437700
8055904.005,437800
8056058.440,437900
8056235.478,438000
8056416.214,438100
8056573.973,438200
8056733.707,438300
8056872.903,438400
8057021.480,438500
8057177.048,438600
8057318.968,438700
8057478.066,438800
8057628.999,438900
8057802.122,439000
8058097.702,439100
8058287.577,439200
8058462.846,439300
8058634.012,439400
8058828.284,439500
8059013.414,439600
8059175.442,439700
8059346.150,439800
8059528.036,439900
8061603.537,440000
8061814.387,440100
8062012.440,440200
8062232.391,440300
8062431.487,440400
8062635.668,440500
8062838.111,440600
8063041.040,440700
8063221.566,440800
8063406.699,440900
8063577.950,441000
8063775.588,441100
8063966.015,441200
8064143.729,441300
8064321.022,441400
8064531.137,441500
8064732.802,441600
8064916.998,441700
8065092.041,441800
8065260.583,441900
8065459.713,442000
8065646.439,442100
8065848.883,442200
8066032.604,442300
8066220.820,442400
8066398.572,442500
8066586.199,442600
8066776.900,442700
8066965.189,442800
8067120.749,442900
8067266.674,443000
8067406.738,443100
8067598.191,443200
8067748.830,443300
8067925.796,443400
8068102.759,443500
8068295.573,443600
8068484.804,443700
8068686.688,443800
8068849.224,443900
8068990.633,444000
8069182.954,444100
8069366.505,444200
8069561.959,444300
8069747.010,444400
8069938.887,444500
8070132.333,444600
8070319.870,444700
8070510.667,444800
8070693.702,444900
8070848.294,445000
8070985.713,445100
8071148.684,445200
8071321.208,445300
8071512.707,445400
8071670.606,445500
8071857.128,445600
8072031.637,445700
8072196.267,445800
8072369.096,445900
8072527.130,446000
8072664.666,446100
8072813.608,446200
8073010.432,446300
8073186.775,446400
8073369.648,446500
8073564.998,446600
8073772.934,446700
8073985.942,446800
8074173.431,446900
8074369.300,447000
8074568.318,447100
8074741.285,447200
8074903.492,447300
8075099.910,447400
8075295.609,447500
8075470.910,447600
8075665.255,447700
8075846.365,447800
8076023.335,447900
8076183.062,448000
8076354.528,448100
8076515.986,448200
8076669.272,448300
8076826.465,448400
8076975.080,448500
8077176.477,448600
8077374.375,448700
8077550.298,448800
8077738.606,448900
8077905.501,449000
8078078.379,449100
8078236.311,449200
8078381.524,449300
8078550.960,449400
8078693.292,449500
8078856.201,449600
8079060.733,449700
8079287.358,449800
8079503.979,449900
8081766.932,450000
8082001.936,450100
8082215.290,450200
8082391.378,450300
8082591.932,450400
8082825.048,450500
8083028.238,450600
8083242.155,450700
8083458.729,450800
8083664.162,450900
8083849.092,451000
8084043.485,451100
8084231.932,451200
8084443.511,451300
8084658.721,451400
8084866.455,451500
8085064.051,451600
8085262.410,451700
8085467.456,451800
8085675.905,451900
8085881.503,452000
8086083.500,452100
8086277.092,452200
8086470.316,452300
8086669.853,452400
8086859.875,452500
8087039.346,452600
8087222.453,452700
8087402.710,452800
8087590.310,452900
8087754.428,453000
8087952.818,453100
8088137.474,453200
8088324.140,453300
8088511.008,453400
8088697.861,453500
8088903.489,453600
8089116.208,453700
8089301.014,453800
8089500.825,453900
8089691.717,454000
8089897.130,454100
8090084.928,454200
8090273.137,454300
8090471.301,454400
8090662.186,454500
8090861.139,454600
8091064.165,454700
8091243.206,454800
8091416.609,454900
8091600.025,455000
8091792.854,455100
8091982.154,455200
8092171.171,455300
8092356.618,455400
8092546.452,455500
8092744.681,455600
8092942.930,455700
8093132.092,455800
8093333.405,455900
8093508.351,456000
8093704.981,456100
8093901.178,456200
8094098.723,456300
8094301.073,456400
8094503.072,456500
8094697.798,456600
8094902.395,456700
8095099.552,456800
8095284.510,456900
8095475.183,457000
8095671.993,457100
8095866.821,457200
8096062.259,457300
8096254.145,457400
8096455.789,457500
8096651.878,457600
8096846.995,457700
8097053.317,457800
8097258.089,457900
8097440.594,458000
8097632.167,458100
8097832.625,458200
8098025.099,458300
8098224.475,458400
8098421.245,458500
8098607.431,458600
8098782.701,458700
8098964.195,458800
8099161.307,458900
8099337.668,459000
8099484.782,459100
8099648.701,459200
8099851.708,459300
8100050.272,459400
8100245.642,459500
8100431.801,459600
8100626.699,459700
8100821.287,459800
8101026.942,459900
8103403.417,460000
8103607.398,460100
8103792.067,460200
8103998.882,460300
8104204.108,460400
8104413.177,460500
8104616.109,460600
8104818.626,460700
8105019.704,460800
8105207.582,460900
8105384.427,461000
8105565.475,461100
8105760.529,461200
8105952.788,461300
8106134.805,461400
8106321.942,461500
8106503.744,461600
8106693.069,461700
8106882.357,461800
8107086.558,461900
8107268.735,462000
8107452.274,462100
8107636.063,462200
8107808.665,462300
8108005.823,462400
8108194.646,462500
8108389.782,462600
8108568.063,462700
8108757.088,462800
8108944.843,462900
8109130.838,463000
8109313.802,463100
8109480.279,463200
8109651.116,463300
8109836.182,463400
8110025.626,463500
8110210.711,463600
8110408.728,463700
8110592.035,463800
8110783.411,463900
8110972.485,464000
8111159.826,464100
8111345.920,464200
8111541.299,464300
8111724.521,464400
8111917.934,464500
8112106.775,464600
8112301.561,464700
8112497.283,464800
8112685.958,464900
8112872.081,465000
8113060.023,465100
8113255.641,465200
8113446.803,465300
8113645.096,465400
8113835.889,465500
8114026.917,465600
8114222.189,465700
8114410.054,465800
8114605.193,465900
8114784.237,466000
8114965.091,466100
8115152.489,466200
8115341.158,466300
8115539.109,466400
8115738.422,466500
8115927.432,466600
8116104.033,466700
8116292.165,466800
8116479.670,466900
8116672.115,467000
8116863.244,467100
8117060.835,467200
8117257.721,467300
8117458.190,467400
8117664.870,467500
8117859.827,467600
8118063.187,467700
8118262.159,467800
8118453.541,467900
8118648.392,468000
8118849.574,468100
8119051.830,468200
8119249.556,468300
8119456.842,468400
8119680.443,468500
8119891.026,468600
8120098.106,468700
8120294.784,468800
8120472.147,468900
8120664.092,469000
8120863.810,469100
8121064.005,469200
8121263.029,469300
8121463.771,469400
8121674.140,469500
8121867.757,469600
8122061.606,469700
8122265.110,469800
8122456.565,469900
8125038.959,470000
8125284.297,470100
8125496.123,470200
8125707.380,470300
8125921.630,470400
8126140.643,470500
8126364.025,470600
8126596.643,470700
8126804.785,470800
8127010.758,470900
8127217.240,471000
8127426.959,471100
8127654.855,471200
8127861.908,471300
8128075.035,471400
8128289.400,471500
8128494.373,471600
8128691.577,471700
8128905.214,471800
8129124.972,471900
8129337.630,472000
8129553.599,472100
8129756.307,472200
8129958.855,472300
8130164.346,472400
8130377.217,472500
8130573.638,472600
8130776.886,472700
8130985.139,472800
8131183.429,472900
8131383.032,473000
8131585.988,473100
8131794.755,473200
8131984.264,473300
8132180.794,473400
8132374.539,473500
8132566.845,473600
8132751.964,473700
8132920.922,473800
8133082.163,473900
8133251.672,474000
8133441.176,474100
8133623.679,474200
8133810.350,474300
8133996.368,474400
8134171.238,474500
8134380.964,474600
8134576.328,474700
8134747.178,474800
8134916.972,474900
8135100.464,475000
8135262.341,475100
8135449.931,475200
8135626.937,475300
8135812.953,475400
8135983.042,475500
8136188.532,475600
8136369.261,475700
8136547.362,475800
8136763.365,475900
8136968.116,476000
8137153.436,476100
8137347.812,476200
8137559.481,476300
8137756.397,476400
8137962.100,476500
8138160.244,476600
8138313.119,476700
8138513.028,476800
8138704.191,476900
8138898.696,477000
8139091.101,477100
8139214.715,477200
8139408.949,477300
8139592.739,477400
8139790.601,477500
8139998.425,477600
8140201.477,477700
8140400.196,477800
8140602.072,477900
8140796.845,478000
8141005.679,478100
8141227.491,478200
8141423.110,478300
8141621.303,478400
8141833.543,478500
8141975.473,478600
8142189.533,478700
8142407.198,478800
8142593.375,478900
8142801.721,479000
8142997.617,479100
8143175.976,479200
8143357.972,479300
8143537.351,479400
8143727.245,479500
8143946.173,479600
8144153.067,479700
8144359.877,479800
8144565.191,479900
8147355.859,480000
8147577.382,480100
8147784.716,480200
8148008.917,480300
8148224.568,480400
8148441.104,480500
8148670.687,480600
8148889.243,480700
8149095.490,480800
8149321.465,480900
8149538.062,481000
8149733.872,481100
8149949.186,481200
8150157.080,481300
8150364.111,481400
8150581.640,481500
8150794.671,481600
8151011.613,481700
8151227.762,481800
8151426.237,481900
8151625.961,482000
8151826.876,482100
8152049.902,482200
8152264.302,482300
8152468.674,482400
8152687.127,482500
8152891.563,482600
8153098.086,482700
8153311.194,482800
8153525.685,482900
8153727.080,483000
8153922.102,483100
8154117.675,483200
8154278.142,483300
8154442.499,483400
8154621.260,483500
8154822.380,483600
8154990.551,483700
8155156.850,483800
8155370.753,483900
8155534.917,484000
8155751.768,484100
8155950.001,484200
8156132.284,484300
8156313.330,484400
8156470.543,484500
8156667.975,484600
8156835.965,484700
8157005.811,484800
8157177.591,484900
8157327.753,485000
8157503.779,485100
8157644.236,485200
8157876.497,485300
8158036.760,485400
8158243.822,485500
8158400.936,485600
8158533.546,485700
8158700.169,485800
8158887.837,485900
8159114.991,486000
8159325.254,486100
8159535.471,486200
8159707.021,486300
8159870.414,486400
8160039.120,486500
8160203.614,486600
8160355.463,486700
8160498.857,486800
8160683.597,486900
8160892.173,487000
8161105.564,487100
8161265.711,487200
8161458.612,487300
8161638.047,487400
8161830.345,487500
8161998.759,487600
8162160.739,487700
8162374.597,487800
8162608.771,487900
8162830.398,488000
8163001.886,488100
8163205.834,488200
8163376.070,488300
8163596.619,488400
8163804.812,488500
8164015.426,488600
8164193.283,488700
8164362.991,488800
8164524.418,488900
8164717.711,489000
8164921.422,489100
8165135.697,489200
8165349.433,489300
8165568.047,489400
8165768.757,489500
8165982.554,489600
8166210.979,489700
8166431.336,489800
8166648.678,489900
8169453.968,490000
8169654.619,490100
8169874.406,490200
8170084.274,490300
8170306.108,490400
8170514.593,490500
8170739.525,490600
8170969.585,490700
8171174.398,490800
8171396.803,490900
8171627.882,491000
8171820.340,491100
8172030.811,491200
8172248.268,491300
8172498.762,491400
8172750.745,491500
8172979.703,491600
8173197.221,491700
8173398.181,491800
8173552.874,491900
8173783.884,492000
8174003.148,492100
8174224.681,492200
8174452.473,492300
8174676.241,492400
8174885.458,492500
8175107.647,492600
8175347.716,492700
8175579.581,492800
8175802.915,492900
8176025.873,493000
8176242.476,493100
8176460.669,493200
8176695.063,493300
8176924.604,493400
8177144.016,493500
8177365.305,493600
8177601.215,493700
8177821.301,493800
8178042.985,493900
8178271.434,494000
8178522.947,494100
8178758.886,494200
8178974.518,494300
8179192.437,494400
8179413.506,494500
8179637.346,494600
8179857.991,494700
8180085.621,494800
8180316.074,494900
8180554.602,495000
8180782.279,495100
8181016.448,495200
8181232.544,495300
8181442.882,495400
8181667.670,495500
8181884.038,495600
8182098.483,495700
8182333.388,495800
8182557.127,495900
8182788.896,496000
8183021.127,496100
8183249.084,496200
8183490.213,496300
8183706.938,496400
8183934.115,496500
8184173.146,496600
8184400.884,496700
8184636.599,496800
8184875.721,496900
8185118.198,497000
8185340.139,497100
8185571.800,497200
8185809.368,497300
8186018.440,497400
8186262.941,497500
8186502.935,497600
8186744.020,497700
8186991.965,497800
8187229.157,497900
8187473.153,498000
8187698.641,498100
8187959.533,498200
8188215.833,498300
8188467.338,498400
8188723.249,498500
8189110.905,498600
8189396.099,498700
8189715.219,498800
8189964.987,498900
8190192.340,499000
8190435.474,499100
8190682.310,499200
8190916.227,499300
8191186.253,499400
8191418.066,499500
8191657.655,499600
8191894.414,499700
8192138.823,499800
8192385.255,499900
8195813.035,500000
8196300.718,500100
8196553.593,500200
8196810.669,500300
8197059.030,500400
8197326.495,500500
8197591.817,500600
8197849.412,500700
8198098.362,500800
8198369.216,500900
8198621.975,501000
8198893.207,501100
8199151.662,501200
8199420.750,501300
8199692.320,501400
8199952.774,501500
8200209.705,501600
8200469.955,501700
8200723.130,501800
8200994.516,501900
8201242.740,502000
8201507.541,502100
8201753.643,502200
8202015.652,502300
8202271.776,502400
8202526.481,502500
8202786.655,502600
8203042.973,502700
8203301.846,502800
8203546.259,502900
8203791.595,503000
8204044.165,503100
8204292.849,503200
8204536.587,503300
8204781.948,503400
8205028.775,503500
8205271.457,503600
8205517.978,503700
8205761.707,503800
8206010.706,503900
8206257.173,504000
8206501.941,504100
8206760.542,504200
8207004.694,504300
8207258.787,504400
8207487.822,504500
8207740.189,504600
8207990.946,504700
8208270.278,504800
8208564.695,504900
8208830.142,505000
8209103.464,505100
8209357.891,505200
8209670.039,505300
8209921.804,505400
8210174.852,505500
8210426.998,505600
8210686.960,505700
8210940.264,505800
8211173.946,505900
8211410.870,506000
8211663.772,506100
8211909.830,506200
8212167.337,506300
8212426.042,506400
8212667.772,506500
8212909.083,506600
8213144.210,506700
8213371.585,506800
8213608.155,506900
8213833.541,507000
8214059.235,507100
8214306.586,507200
8214552.782,507300
8214783.537,507400
8215003.908,507500
8215186.479,507600
8215422.625,507700
8215639.068,507800
8215935.067,507900
8216218.260,508000
8216544.852,508100
8216864.214,508200
8217184.302,508300
8217490.683,508400
8217809.254,508500
8218083.409,508600
8218421.728,508700
8218826.748,508800
8219149.814,508900
8219467.211,509000
8219795.856,509100
8220123.412,509200
8220436.597,509300
8220692.501,509400
8220985.777,509500
8221325.535,509600
8221625.572,509700
8221922.284,509800
8222203.084,509900
8226433.990,510000
8226741.012,510100
8226999.041,510200
8227239.544,510300
8227466.837,510400
8227719.306,510500
8227982.179,510600
8228242.059,510700
8228480.576,510800
8228647.794,510900
8228870.129,511000
8229146.033,511100
8229391.737,511200
8229626.060,511300
8229957.622,511400
8230210.901,511500
8230411.725,511600
8230652.526,511700
8230985.359,511800
8231332.455,511900
8231657.332,512000
8231986.523,512100
8232280.282,512200
8232614.390,512300
8232913.853,512400
8233238.329,512500
8233559.323,512600
8233906.523,512700
8234203.218,512800
8234499.451,512900
8234850.877,513000
8235169.589,513100
8235492.239,513200
8235700.886,513300
8235961.808,513400
8236139.958,513500
8236327.773,513600
8236539.702,513700
8236694.660,513800
8236839.671,513900
8236987.707,514000
8237125.323,514100
8237295.770,514200
8237490.983,514300
8237682.682,514400
8237839.866,514500
8238038.630,514600
8238228.003,514700
8238438.635,514800
8238611.190,514900
8238765.019,515000
8238898.503,515100
8239054.494,515200
8239251.119,515300
8239417.114,515400
8239580.816,515500
8239783.450,515600
8239933.140,515700
8240089.704,515800
8240250.527,515900
8240403.419,516000
8240528.024,516100
8240669.906,516200
8240808.442,516300
8240955.576,516400
8241141.310,516500
8241292.159,516600
8241446.074,516700
8241606.744,516800
8241780.829,516900
8241957.043,517000
8242090.489,517100
8242207.868,517200
8242337.615,517300
8242477.475,517400
8242645.724,517500
8242811.628,517600
8242939.481,517700
8243119.942,517800
8243303.374,517900
8243463.529,518000
8243648.868,518100
8243803.020,518200
8243960.065,518300
8244126.871,518400
8244369.417,518500
8244567.249,518600
8244750.379,518700
8244901.636,518800
8245049.371,518900
8245223.719,519000
8245372.558,519100
8245591.526,519200
8245762.737,519300
8245885.788,519400
8246040.563,519500
8246220.206,519600
8246414.956,519700
8246634.655,519800
8246876.169,519900
8250624.250,520000
8250866.152,520100
8251091.841,520200
8251303.982,520300
8251443.690,520400
8251625.359,520500
8251812.931,520600
8251988.512,520700
8252177.989,520800
8252360.378,520900
8252561.876,521000
8252790.673,521100
8253009.563,521200
8253218.781,521300
8253398.155,521400
8253566.377,521500
8253740.857,521600
8253970.217,521700
8254200.397,521800
8254376.188,521900
8254555.575,522000
8254734.921,522100
8254954.332,522200
8255196.106,522300
8255351.132,522400
8255474.227,522500
8255657.249,522600
8255876.958,522700
8256043.903,522800
8256228.984,522900
8256398.642,523000
8256550.631,523100
8256843.546,523200
8257062.260,523300
8257204.431,523400
8257358.274,523500
8257512.207,523600
8257696.236,523700
8257871.848,523800
8258053.576,523900
8258260.727,524000
8258461.926,524100
8258704.924,524200
8258861.591,524300
8259159.250,524400
8259388.263,524500
8259533.037,524600
8259709.028,524700
8259917.577,524800
8260161.027,524900
8260415.224,525000
8260677.463,525100
8260905.914,525200
8261195.162,525300
8261402.119,525400
8261623.623,525500
8261756.223,525600
8261918.461,525700
8262095.366,525800
8262356.999,525900
8262596.093,526000
8262773.221,526100
8263120.996,526200
8263397.604,526300
8263650.114,526400
8263895.101,526500
8264103.651,526600
8264304.466,526700
8264476.277,526800
8264661.909,526900
8264837.820,527000
8265052.826,527100
8265326.805,527200
8265521.773,527300
8265764.631,527400
8265959.806,527500
8266151.523,527600
8266292.718,527700
8266443.547,527800
8266564.553,527900
8266720.108,528000
8266908.627,528100
8267083.147,528200
8267344.131,528300
8267599.250,528400
8267774.603,528500
8267936.179,528600
8268079.050,528700
8268255.921,528800
8268395.309,528900
8268502.698,529000
8268629.035,529100
8268821.932,529200
8269065.022,529300
8269309.381,529400
8269570.576,529500
8269748.368,529600
8269945.285,529700
8270123.078,529800
8270336.397,529900
8273571.970,530000
8273793.597,530100
8273981.303,530200
8274238.209,530300
8274483.330,530400
8274680.314,530500
8274861.768,530600
8275026.816,530700
8275199.406,530800
8275340.970,530900
8275483.420,531000
8275635.138,531100
8275862.438,531200
8276104.336,531300
8276336.076,531400
8276559.118,531500
8276878.531,531600
8277225.547,531700
8277522.683,531800
8277843.425,531900
8278055.948,532000
8278232.159,532100
8278451.964,532200
8278632.792,532300
8278868.007,532400
8279099.834,532500
8279290.797,532600
8279475.063,532700
8279649.772,532800
8279842.001,532900
8280033.572,533000
8280146.269,533100
8280283.804,533200
8280458.343,533300
8280670.685,533400
8280889.050,533500
8281087.639,533600
8281296.089,533700
8281468.565,533800
8281668.347,533900
8281855.222,534000
8282031.036,534100
8282170.611,534200
8282312.229,534300
8282513.706,534400
8282728.388,534500
8282957.349,534600
8283157.330,534700
8283355.477,534800
8283560.631,534900
8283744.677,535000
8283945.906,535100
8284103.748,535200
8284241.417,535300
8284382.490,535400
8284588.854,535500
8284800.568,535600
8285015.405,535700
8285206.845,535800
8285378.282,535900
8285566.328,536000
8285735.353,536100
8285915.698,536200
8286064.522,536300
8286199.677,536400
8286356.006,536500
8286538.149,536600
8286733.197,536700
8286957.286,536800
8287124.605,536900
8287309.806,537000
8287506.365,537100
8287680.084,537200
8287837.600,537300
8287976.272,537400
8288104.334,537500
8288263.066,537600
8288474.630,537700
8288625.300,537800
8288799.466,537900
8288978.487,538000
8289114.369,538100
8289300.679,538200
8289489.270,538300
8289639.016,538400
8289790.477,538500
8289947.302,538600
8290094.113,538700
8290297.515,538800
8290491.745,538900
8290688.044,539000
8290887.667,539100
8291047.251,539200
8291230.263,539300
8291431.670,539400
8291592.329,539500
8291757.320,539600
8291930.118,539700
8292084.225,539800
8292297.091,539900
8295709.111,540000
8295956.547,540100
8296144.805,540200
8296349.015,540300
8296572.978,540400
8296723.717,540500
8296893.728,540600
8297049.464,540700
8297220.726,540800
8297441.901,540900
8297664.449,541000
8297827.136,541100
8297999.394,541200
8298205.312,541300
8298394.662,541400
8298609.095,541500
8298785.207,541600
8298948.866,541700
8299127.946,541800
8299330.105,541900
8299548.990,542000
8299732.034,542100
8299918.610,542200
8300113.522,542300
8300345.040,542400
8300545.512,542500
8300715.192,542600
8300878.572,542700
8301037.983,542800
8301233.509,542900
8301402.216,543000
8301597.784,543100
8301793.764,543200
8301997.030,543300
8302192.292,543400
8302399.853,543500
8302560.068,543600
8302730.766,543700
8302893.011,543800
8303051.853,543900
8303276.100,544000
8303499.151,544100
8303666.987,544200
8303872.450,544300
8304075.762,544400
8304244.839,544500
8304458.985,544600
8304634.120,544700
8304790.544,544800
8304997.340,544900
8305233.636,545000
8305446.890,545100
8305656.250,545200
8305850.192,545300
8306051.214,545400
8306286.417,545500
8306489.710,545600
8306696.078,545700
8306890.573,545800
8307117.092,545900
8307328.263,546000
8307566.205,546100
8307818.574,546200
8308027.325,546300
8308260.953,546400
8308483.677,546500
8308685.883,546600
8308849.911,546700
8309021.276,546800
8309217.581,546900
8309417.703,547000
8309646.430,547100
8309886.751,547200
8310126.931,547300
8310343.789,547400
8310560.520,547500
8310761.781,547600
8310955.921,547700
8311134.838,547800
8311378.719,547900
8311589.208,548000
8311778.730,548100
8312090.772,548200
8312281.512,548300
8312528.636,548400
8312781.788,548500
8312989.437,548600
8313170.737,548700
8313411.473,548800
8313634.442,548900
8313830.312,549000
8314069.333,549100
8314316.142,549200
8314584.548,549300
8314843.102,549400
8315068.949,549500
8315272.007,549600
8315464.935,549700
8315693.290,549800
8315939.176,549900
8319366.546,550000
8319623.464,550100
8319867.247,550200
8320131.798,550300
8320350.385,550400
8320560.248,550500
8320723.988,550600
8320937.623,550700
8321214.623,550800
8321481.291,550900
8321740.771,551000
8321974.803,551100
8322212.881,551200
8322428.963,551300
8322629.193,551400
8322853.468,551500
8323122.775,551600
8323355.572,551700
8323607.615,551800
8323892.136,551900
8324170.189,552000
8324435.403,552100
8324651.280,552200
8324861.289,552300
8325086.262,552400
8325328.735,552500
8325538.015,552600
8325758.543,552700
8325994.536,552800
8326237.648,552900
8326469.208,553000
8326682.821,553100
8326887.261,553200
8327101.198,553300
8327339.007,553400
8327590.005,553500
8327850.719,553600
8328081.811,553700
8328305.738,553800
8328559.474,553900
8328763.560,554000
8328985.229,554100
8329213.883,554200
8329434.473,554300
8329663.590,554400
8329878.471,554500
8330105.606,554600
8330332.142,554700
8330560.082,554800
8330726.272,554900
8330896.627,555000
8331050.273,555100
8331214.997,555200
8331403.484,555300
8331576.648,555400
8331749.836,555500
8331922.881,555600
8332095.590,555700
8332297.888,555800
8332466.809,555900
8332651.642,556000
8332817.477,556100
8332978.144,556200
8333133.464,556300
8333292.834,556400
8333458.545,556500
8333609.357,556600
8333766.862,556700
8333965.470,556800
8334171.699,556900
8334352.689,557000
8334529.277,557100
8334692.270,557200
8334849.369,557300
8335019.887,557400
8335232.921,557500
8335394.169,557600
8335592.831,557700
8335777.515,557800
8335946.570,557900
8336154.952,558000
8336349.948,558100
8336540.387,558200
8336752.819,558300
8336928.887,558400
8337103.761,558500
8337295.863,558600
8337525.574,558700
8337727.939,558800
8337927.489,558900
8338144.353,559000
8338356.530,559100
8338551.265,559200
8338684.084,559300
8338854.133,559400
8339033.870,559500
8339219.702,559600
8339421.083,559700
8339632.036,559800
8339809.696,559900
8343132.588,560000
8343403.373,560100
8343585.514,560200
8343762.343,560300
8343944.242,560400
8344141.866,560500
8344377.506,560600
8344573.781,560700
8344769.938,560800
8344981.436,560900
8345201.099,561000
8345411.356,561100
8345593.084,561200
8345783.358,561300
8345967.849,561400
8346138.774,561500
8346338.867,561600
8346559.708,561700
8346743.377,561800
8346999.828,561900
8347234.525,562000
8347446.732,562100
8347689.495,562200
8347896.929,562300
8348118.835,562400
8348319.800,562500
8348501.701,562600
8348828.148,562700
8349114.100,562800
8349379.873,562900
8349562.835,563000
8349769.926,563100
8349974.569,563200
8350187.500,563300
8350322.777,563400
8350505.590,563500
8350690.599,563600
8350897.000,563700
8351107.023,563800
8351336.294,563900
8351560.645,564000
8351802.229,564100
8352017.013,564200
8352195.739,564300
8352398.279,564400
8352584.088,564500
8352766.754,564600
8352990.918,564700
8353188.635,564800
8353406.828,564900
8353602.373,565000
8353831.266,565100
8354034.047,565200
8354291.617,565300
8354514.327,565400
8354707.939,565500
8354912.786,565600
8355168.261,565700
8355361.172,565800
8355580.169,565900
8355787.437,566000
8356020.679,566100
8356224.505,566200
8356429.239,566300
8356634.144,566400
8356796.147,566500
8357024.267,566600
8357248.125,566700
8357452.087,566800
8357657.228,566900
8357893.246,567000
8358101.317,567100
8358287.675,567200
8358479.942,567300
8358664.832,567400
8358791.033,567500
8358972.831,567600
8359172.729,567700
8359348.248,567800
8359564.804,567900
8359751.857,568000
8359958.417,568100
8360173.361,568200
8360352.455,568300
8360554.346,568400
8360730.783,568500
8360862.793,568600
8361054.508,568700
8361273.843,568800
8361481.336,568900
8361703.637,569000
8361933.484,569100
8362155.021,569200
8362372.362,569300
8362607.357,569400
8362815.914,569500
8363037.161,569600
8363254.452,569700
8363496.845,569800
8363733.569,569900
8367105.485,570000
8367445.231,570100
8367692.699,570200
8367943.564,570300
8368191.970,570400
8368403.511,570500
8368638.209,570600
8368853.211,570700
8369106.440,570800
8369362.333,570900
8369620.662,571000
8369866.326,571100
8370106.599,571200
8370337.691,571300
8370580.831,571400
8370781.473,571500
8370969.249,571600
8371199.007,571700
8371432.467,571800
8371656.145,571900
8371943.533,572000
8372206.861,572100
8372447.163,572200
8372673.600,572300
8372896.358,572400
8373103.806,572500
8373348.004,572600
8373544.300,572700
8373759.169,572800
8373996.383,572900
8374251.574,573000
8374489.090,573100
8374709.341,573200
8374938.597,573300
8375173.238,573400
8375380.514,573500
8375568.131,573600
8375736.150,573700
8375954.069,573800
8376172.169,573900
8376420.668,574000
8376635.929,574100
8376820.363,574200
8377017.576,574300
8377223.619,574400
8377467.942,574500
8377679.524,574600
8377908.475,574700
8378128.839,574800
8378356.081,574900
8378600.904,575000
8378830.949,575100
8379062.502,575200
8379293.681,575300
8379524.803,575400
8379768.067,575500
8380017.942,575600
8380254.310,575700
8380501.501,575800
8380735.944,575900
8380999.169,576000
8381248.296,576100
8381493.041,576200
8381739.419,576300
8381999.744,576400
8382252.799,576500
8382496.603,576600
8382739.425,576700
8382961.967,576800
8383176.237,576900
8383426.040,577000
8383663.771,577100
8383915.046,577200
8384151.469,577300
8384382.552,577400
8384626.929,577500
8384859.243,577600
8385078.948,577700
8385300.507,577800
8385497.029,577900
8385744.885,578000
8386017.884,578100
8386283.358,578200
8386546.350,578300
8386780.163,578400
8387001.609,578500
8387256.598,578600
8387519.650,578700
8387774.123,578800
8388031.163,578900
8388255.891,579000
8388510.061,579100
8388756.907,579200
8388999.567,579300
8389227.798,579400
8389462.577,579500
8389693.955,579600
8389918.315,579700
8390138.491,579800
8390324.540,579900
8393757.855,580000
8394005.040,580100
8394292.029,580200
8394570.783,580300
8394842.130,580400
8395117.178,580500
8395394.575,580600
8395661.942,580700
8396010.454,580800
8396314.824,580900
8396599.506,581000
8396887.939,581100
8397177.354,581200
8397447.022,581300
8397713.365,581400
8397945.264,581500
8398183.243,581600
8398446.755,581700
8398711.751,581800
8398980.109,581900
8399250.203,582000
8399487.937,582100
8399730.690,582200
8399995.190,582300
8400254.039,582400
8400533.363,582500
8400829.088,582600
8401104.154,582700
8401390.846,582800
8401658.009,582900
8401919.427,583000
8402137.323,583100
8402360.088,583200
8402601.536,583300
8402865.127,583400
8403120.240,583500
8403371.875,583600
8403609.524,583700
8403846.434,583800
8404067.078,583900
8404302.015,584000
8404540.621,584100
8404715.159,584200
8404901.247,584300
8405111.797,584400
8405320.708,584500
8405575.146,584600
8405809.281,584700
8406083.142,584800
8406348.555,584900
8406610.538,585000
8406874.586,585100
8407140.467,585200
8407359.040,585300
8407549.185,585400
8407761.298,585500
8408047.744,585600
8408288.691,585700
8408528.387,585800
8408801.861,585900
8409069.589,586000
8409337.020,586100
8409607.310,586200
8409792.348,586300
8409961.806,586400
8410159.382,586500
8410416.006,586600
8410664.869,586700
8410875.311,586800
8411118.662,586900
8411350.281,587000
8411554.613,587100
8411752.339,587200
8411924.684,587300
8412092.146,587400
8412254.967,587500
8412410.781,587600
8412622.308,587700
8412848.846,587800
8413060.961,587900
8413258.465,588000
8413475.200,588100
8413713.539,588200
8413937.590,588300
8414115.605,588400
8414288.422,588500
8414480.347,588600
8414667.001,588700
8414945.366,588800
8415184.804,588900
8415415.889,589000
8415681.453,589100
8415937.886,589200
8416174.627,589300
8416427.728,589400
8416628.260,589500
8416772.557,589600
8416952.555,589700
8417139.738,589800
8417412.939,589900
8421787.368,590000
8422072.861,590100
8422297.456,590200
8422526.432,590300
8422727.118,590400
8422952.525,590500
8423157.630,590600
8423380.808,590700
8423566.277,590800
8423790.073,590900
8424038.339,591000
8424309.402,591100
8424599.822,591200
8424896.006,591300
8425132.775,591400
8425338.802,591500
8425548.134,591600
8425708.303,591700
8425883.730,591800
8426143.826,591900
8426378.152,592000
8426583.659,592100
8426825.087,592200
8427033.000,592300
8427249.275,592400
8427470.858,592500
8427656.688,592600
8427808.563,592700
8428027.571,592800
8428233.236,592900
8428473.690,593000
8428701.458,593100
8428932.586,593200
8429167.877,593300
8429374.676,593400
8429576.992,593500
8429819.878,593600
8430020.655,593700
8430161.559,593800
8430313.576,593900
8430482.262,594000
8430734.957,594100
8430946.065,594200
8431145.092,594300
8431376.293,594400
8431558.308,594500
8431762.202,594600
8431961.526,594700
8432186.578,594800
8432374.603,594900
8432593.894,595000
8432738.674,595100
8433056.548,595200
8433290.651,595300
8433525.308,595400
8433791.298,595500
8433984.180,595600
8434202.835,595700
8434409.238,595800
8434593.540,595900
8434775.609,596000
8434943.184,596100
8435139.247,596200
8435399.881,596300
8435638.565,596400
8435864.447,596500
8436085.667,596600
8436272.155,596700
8436477.254,596800
8436728.113,596900
8436900.386,597000
8437080.983,597100
8437272.853,597200
8437511.181,597300
8437737.564,597400
8437948.165,597500
8438173.388,597600
8438367.267,597700
8438576.190,597800
8438808.504,597900
8438975.820,598000
8439157.073,598100
8439347.495,598200
8439530.875,598300
8439745.115,598400
8439960.979,598500
8440151.644,598600
8440387.355,598700
8440605.310,598800
8440788.547,598900
8441014.411,599000
8441220.852,599100
8441367.148,599200
8441568.847,599300
8441802.329,599400
8441996.286,599500
8442228.229,599600
8442450.639,599700
8442684.151,599800
8442852.676,599900
8446466.258,600000
8446713.886,600100
8446911.722,600200
8447104.428,600300
8447333.070,600400
8447518.025,600500
8447764.615,600600
8447954.107,600700
8448185.766,600800
8448431.495,600900
8448695.810,601000
8448999.005,601100
8449260.979,601200
8449515.181,601300
8449777.075,601400
8450039.793,601500
8450314.148,601600
8450574.524,601700
8450790.678,601800
8451075.781,601900
8451327.549,602000
8451539.110,602100
8451757.676,602200
8451974.899,602300
8452264.814,602400
8452508.783,602500
8452801.769,602600
8453057.967,602700
8453361.894,602800
8453611.613,602900
8453862.859,603000
8454100.792,603100
8454298.448,603200
8454500.980,603300
8454729.625,603400
8454949.212,603500
8455223.340,603600
8455432.017,603700
8455666.663,603800
8455900.326,603900
8456180.610,604000
8456469.121,604100
8456759.017,604200
8456980.060,604300
8457210.455,604400
8457504.802,604500
8457733.151,604600
8457992.187,604700
8458246.394,604800
8458527.647,604900
8458794.887,605000
8458983.814,605100
8459163.055,605200
8459376.722,605300
8459608.579,605400
8459868.011,605500
8460130.506,605600
8460347.780,605700
8460576.827,605800
8460765.234,605900
8461031.346,606000
8461285.590,606100
8461470.540,606200
8461682.038,606300
8461933.984,606400
8462133.787,606500
8462332.882,606600
8462555.472,606700
8462763.580,606800
8462970.784,606900
8463228.932,607000
8463405.887,607100
8463576.015,607200
8463779.086,607300
8464005.386,607400
8464261.667,607500
8464532.086,607600
8464807.969,607700
8465034.715,607800
8465247.946,607900
8465480.392,608000
8465643.634,608100
8465856.736,608200
8466107.528,608300
8466320.624,608400
8466574.217,608500
8466850.625,608600
8467096.674,608700
8467294.500,608800
8467515.353,608900
8467721.371,609000
8467885.196,609100
8468060.268,609200
8468194.322,609300
8468399.324,609400
8468636.376,609500
8468928.526,609600
8469110.240,609700
8469310.316,609800
8469486.400,609900
8473714.064,610000
8474009.331,610100
8474199.670,610200
8474375.304,610300
8474607.313,610400
8474810.434,610500
8475057.342,610600
8475276.358,610700
8475426.775,610800
8475587.111,610900
8475833.367,611000
8476022.287,611100
8476258.660,611200
8476447.566,611300
8476608.755,611400
8476796.918,611500
8477037.379,611600
8477291.265,611700
8477527.426,611800
8477748.563,611900
8478017.476,612000
8478276.425,612100
8478493.704,612200
8478730.457,612300
8478928.387,612400
8479084.896,612500
8479297.730,612600
8479520.457,612700
8479802.591,612800
8480076.255,612900
8480312.069,613000
8480555.613,613100
8480756.460,613200
8480972.361,613300
8481198.673,613400
8481426.739,613500
8481615.490,613600
8481821.761,613700
8482050.478,613800
8482272.037,613900
8482524.665,614000
8482779.542,614100
8483015.701,614200
8483236.620,614300
8483475.879,614400
8483646.830,614500
8483825.065,614600
8484024.577,614700
8484250.660,614800
8484531.863,614900
8484782.039,615000
8485020.654,615100
8485199.732,615200
8485458.682,615300
8485691.985,615400
8485886.107,615500
8486175.939,615600
8486383.119,615700
8486610.226,615800
8486897.316,615900
8487160.537,616000
8487377.009,616100
8487651.098,616200
8487932.403,616300
8488221.791,616400
8488486.044,616500
8488721.983,616600
8488957.198,616700
8489185.000,616800
8489457.951,616900
8489730.430,617000
8489972.695,617100
8490262.418,617200
8490515.488,617300
8490748.926,617400
8490987.951,617500
8491216.795,617600
8491429.214,617700
8491654.407,617800
8491854.124,617900
8492116.176,618000
8492373.908,618100
8492653.402,618200
8492933.596,618300
8493164.694,618400
8493375.162,618500
8493587.872,618600
8493795.789,618700
8494009.707,618800
8494240.820,618900
8494482.773,619000
8494727.482,619100
8494972.517,619200
8495218.894,619300
8495437.497,619400
8495641.514,619500
8495881.269,619600
8496059.471,619700
8496248.768,619800
8496512.385,619900
8500525.415,620000
8500877.620,620100
8501152.938,620200
8501354.492,620300
8501628.149,620400
8501866.514,620500
8502099.725,620600
8502316.695,620700
8502476.814,620800
8502730.233,620900
8502997.283,621000
8503278.789,621100
8503540.265,621200
8503843.656,621300
8504149.783,621400
8504458.763,621500
8504750.945,621600
8505041.079,621700
8505323.534,621800
8505619.415,621900
8505905.721,622000
8506181.408,622100
8506468.194,622200
8506756.278,622300
8507013.219,622400
8507237.070,622500
8507458.062,622600
8507707.114,622700
8507968.836,622800
8508219.925,622900
8508469.015,623000
8508757.050,623100
8508987.087,623200
8509185.761,623300
8509421.375,623400
8509595.871,623500
8509805.574,623600
8510058.401,623700
8510301.440,623800
8510535.539,623900
8510817.837,624000
8511064.857,624100
8511319.074,624200
8511585.958,624300
8511791.426,624400
8511973.974,624500
8512148.905,624600
8512395.818,624700
8512675.393,624800
8512923.729,624900
8513158.894,625000
8513373.167,625100
8513630.073,625200
8513818.567,625300
8514011.963,625400
8514217.131,625500
8514370.616,625600
8514579.372,625700
8514783.761,625800
8514977.725,625900
8515224.607,626000
8515481.311,626100
8515737.726,626200
8515963.868,626300
8516246.888,626400
8516530.000,626500
8516756.044,626600
8516944.620,626700
8517154.904,626800
8517390.941,626900
8517625.491,627000
8517852.855,627100
8518081.671,627200
8518358.790,627300
8518641.351,627400
8518920.208,627500
8519230.966,627600
8519518.414,627700
8519762.192,627800
8520020.793,627900
8520306.015,628000
8520570.441,628100
8520856.631,628200
8521170.570,628300
8521464.874,628400
8521761.874,628500
8522059.884,628600
8522333.537,628700
8522580.859,628800
8522803.599,628900
8523081.423,629000
8523374.718,629100
8523639.109,629200
8523927.612,629300
8524235.695,629400
8524559.430,629500
8524850.146,629600
8525145.667,629700
8525415.960,629800
8525697.581,629900
8530183.548,630000
8530516.430,630100
8530823.254,630200
8531124.475,630300
8531465.345,630400
8531772.843,630500
8532051.985,630600
8532356.022,630700
8532691.795,630800
8533040.399,630900
8533383.933,631000
8533716.200,631100
8534027.635,631200
8534339.503,631300
8534649.600,631400
8534964.311,631500
8535275.250,631600
8535572.058,631700
8535865.946,631800
8536150.768,631900
8536442.200,632000
8536731.211,632100
8537022.427,632200
8537310.929,632300
8537592.788,632400
8537828.305,632500
8538104.091,632600
8538413.235,632700
8538715.550,632800
8539020.080,632900
8539281.817,633000
8539558.471,633100
8539765.116,633200
8540014.330,633300
8540179.926,633400
8540385.458,633500
8540578.299,633600
8540802.945,633700
8541101.036,633800
8541368.463,633900
8541585.090,634000
8541866.598,634100
8542147.397,634200
8542424.056,634300
8542681.768,634400
8542926.245,634500
8543163.498,634600
8543341.314,634700
8543550.038,634800
8543802.572,634900
8544069.437,635000
8544352.998,635100
8544634.556,635200
8544907.564,635300
8545190.988,635400
8545465.817,635500
8545700.981,635600
8545917.337,635700
8546134.979,635800
8546396.307,635900
8546691.018,636000
8546982.589,636100
8547271.568,636200
8547553.954,636300
8547840.356,636400
8548086.111,636500
8548317.602,636600
8548514.356,636700
8548753.635,636800
8549019.819,636900
8549289.916,637000
8549575.027,637100
8549854.947,637200
8550092.075,637300
8550370.930,637400
8550606.406,637500
8550873.875,637600
8551094.216,637700
8551308.624,637800
8551572.716,637900
8551844.815,638000
8552101.273,638100
8552399.166,638200
8552687.371,638300
8552979.382,638400
8553270.448,638500
8553523.880,638600
8553810.155,638700
8554052.858,638800
8554291.795,638900
8554523.684,639000
8554769.752,639100
8555061.683,639200
8555340.305,639300
8555619.448,639400
8555905.326,639500
8556189.916,639600
8556474.761,639700
8556735.900,639800
8557253.830,639900
8561920.581,640000
8562223.251,640100
8562504.079,640200
8562794.501,640300
8563084.535,640400
8563383.545,640500
8563682.518,640600
8563973.521,640700
8564267.244,640800
8564562.139,640900
8564862.379,641000
8565181.194,641100
8565499.473,641200
8565806.026,641300
8566102.944,641400
8566400.537,641500
8566720.034,641600
8567034.767,641700
8567336.576,641800
8567650.865,641900
8567955.611,642000
8568257.610,642100
8568553.449,642200
8568847.141,642300
8569152.098,642400
8569443.765,642500
8569753.229,642600
8570049.155,642700
8570344.443,642800
8570657.105,642900
8570942.583,643000
8571233.365,643100
8571526.054,643200
8571804.486,643300
8572084.434,643400
8572350.555,643500
8572633.891,643600
8572908.657,643700
8573169.116,643800
8573445.711,643900
8573690.824,644000
8573953.791,644100
8574238.080,644200
8574531.010,644300
8574814.199,644400
8575085.004,644500
8575369.250,644600
8575677.621,644700
8575967.730,644800
8576260.449,644900
8576516.509,645000
8576760.600,645100
8577034.976,645200
8577331.167,645300
8577618.640,645400
8577912.370,645500
8578194.297,645600
8578493.587,645700
8578767.549,645800
8579041.963,645900
8579314.505,646000
8579571.166,646100
8579854.223,646200
8580141.967,646300
8580421.378,646400
8580705.685,646500
8580995.566,646600
8581281.022,646700
8581566.834,646800
8581837.850,646900
8582120.278,647000
8582416.457,647100
8582686.193,647200
8582935.900,647300
8583219.801,647400
8583486.323,647500
8583774.390,647600
8584059.018,647700
8584333.850,647800
8584595.895,647900
8584826.329,648000
8585015.203,648100
8585253.985,648200
8585524.636,648300
8585784.335,648400
8586075.105,648500
8586366.075,648600
8586632.648,648700
8586920.652,648800
8587172.466,648900
8587453.340,649000
8587725.752,649100
8587959.864,649200
8588234.575,649300
8588499.927,649400
8588779.453,649500
8589072.599,649600
8589381.956,649700
8589654.869,649800
8589937.327,649900
8594554.187,650000
8594914.334,650100
8595180.517,650200
8595459.611,650300
8595755.565,650400
8596047.959,650500
8596349.526,650600
8596650.355,650700
8596949.307,650800
8597254.264,650900
8597544.239,651000
8597838.197,651100
8598126.318,651200
8598374.793,651300
8598629.275,651400
8598923.757,651500
8599215.329,651600
8599498.464,651700
8599753.414,651800
8600039.817,651900
8600337.931,652000
8600628.430,652100
8600925.743,652200
8601202.805,652300
8601461.047,652400
8601766.643,652500
8602070.266,652600
8602326.984,652700
8602623.525,652800
8602903.925,652900
8603169.902,653000
8603451.844,653100
8603678.966,653200
8603954.012,653300
8604264.763,653400
8604560.922,653500
8604837.284,653600
8605137.209,653700
8605471.693,653800
8605774.793,653900
8606063.300,654000
8606365.872,654100
8606667.856,654200
8606977.288,654300
8607272.538,654400
8607602.298,654500
8607902.989,654600
8608210.455,654700
8608518.643,654800
8608814.705,654900
8609107.356,655000
8609405.727,655100
8609706.768,655200
8610009.224,655300
8610313.814,655400
8610621.077,655500
8610938.408,655600
8611260.654,655700
8611564.638,655800
8611887.936,655900
8612200.673,656000
8612503.429,656100
8612810.306,656200
8613088.823,656300
8613398.365,656400
8613689.480,656500
8613975.315,656600
8614273.548,656700
8614566.645,656800
8614841.038,656900
8615109.541,657000
8615400.670,657100
8615678.479,657200
8615983.094,657300
8616292.201,657400
8616624.548,657500
8616939.150,657600
8617259.615,657700
8617572.433,657800
8617893.235,657900
8618163.701,658000
8618408.077,658100
8618648.987,658200
8618940.002,658300
8619258.999,658400
8619581.869,658500
8619898.202,658600
8620213.177,658700
8620548.479,658800
8620869.025,658900
8621171.809,659000
8621483.584,659100
8621756.597,659200
8622069.709,659300
8622398.078,659400
8622729.651,659500
8623046.326,659600
8623359.435,659700
8623676.322,659800
8623998.355,659900
8628803.613,660000
8629170.446,660100
8629495.311,660200
8629819.224,660300
8630113.141,660400
8630427.946,660500
8630744.265,660600
8631058.713,660700
8631374.042,660800
8631696.085,660900
8632019.178,661000
8632349.773,661100
8632622.594,661200
8632895.307,661300
8633219.065,661400
8633529.665,661500
8633843.708,661600
8634194.584,661700
8634562.205,661800
8634900.843,661900
8635238.726,662000
8635571.646,662100
8635910.641,662200
8636268.382,662300
8636650.097,662400
8636986.070,662500
8637304.153,662600
8637691.399,662700
8638027.384,662800
8638354.547,662900
8638688.079,663000
8639031.954,663100
8639403.202,663200
8639759.788,663300
8640104.727,663400
8640445.174,663500
8640789.727,663600
8641140.200,663700
8641485.122,663800
8641810.177,663900
8642126.804,664000
8642465.918,664100
8642834.442,664200
8643190.781,664300
8643544.833,664400
8643884.779,664500
8644229.006,664600
8644548.724,664700
8644877.990,664800
8645222.713,664900
8645559.577,665000
8645922.044,665100
8646283.056,665200
8646603.769,665300
8646940.677,665400
8647291.506,665500
8647638.469,665600
8647972.370,665700
8648279.338,665800
8648618.722,665900
8648949.928,666000
8649266.460,666100
8649579.339,666200
8649888.879,666300
8650210.955,666400
8650544.442,666500
8650867.803,666600
8651191.906,666700
8651503.707,666800
8651822.822,666900
8652149.832,667000
8652468.128,667100
8652763.430,667200
8653069.549,667300
8653384.500,667400
8653695.215,667500
8654006.864,667600
8654316.795,667700
8654614.944,667800
8654931.140,667900
8655248.312,668000
8655551.064,668100
8655879.962,668200
8656195.006,668300
8656499.596,668400
8656810.038,668500
8657114.794,668600
8657425.714,668700
8657725.988,668800
8658033.877,668900
8658349.343,669000
8658648.370,669100
8658962.889,669200
8659365.100,669300
8659681.739,669400
8660020.265,669500
8660354.216,669600
8660672.957,669700
8661016.832,669800
8661358.631,669900
8666932.689,670000
8667333.235,670100
8667692.544,670200
8668018.603,670300
8668369.389,670400
8668727.258,670500
8669100.910,670600
8669451.385,670700
8669803.878,670800
8670125.538,670900
8670476.348,671000
8670802.498,671100
8671180.517,671200
8671530.704,671300
8671902.783,671400
8672244.875,671500
8672582.315,671600
8672946.863,671700
8673315.995,671800
8673645.418,671900
8673955.057,672000
8674281.405,672100
8674602.087,672200
8674913.720,672300
8675229.665,672400
8675566.970,672500
8675888.598,672600
8676217.971,672700
8676532.133,672800
8676843.671,672900
8677165.333,673000
8677473.672,673100
8677789.158,673200
8678093.780,673300
8678428.007,673400
8678754.274,673500
8679065.751,673600
8679405.350,673700
8679723.013,673800
8680039.124,673900
8680351.243,674000
8680681.824,674100
8680995.681,674200
8681303.272,674300
8681601.519,674400
8681925.430,674500
8682298.872,674600
8682635.858,674700
8682946.862,674800
8683246.614,674900
8683550.815,675000
8683862.302,675100
8684157.611,675200
8684457.776,675300
8684754.338,675400
8685068.682,675500
8685401.089,675600
8685762.227,675700
8686077.110,675800
8686394.045,675900
8686713.776,676000
8687036.162,676100
8687341.704,676200
8687644.695,676300
8687942.820,676400
8688245.274,676500
8688565.454,676600
8688901.650,676700
8689208.914,676800
8689521.220,676900
8689838.995,677000
8690142.555,677100
8690457.106,677200
8690765.514,677300
8691079.340,677400
8691383.531,677500
8691696.518,677600
8692013.657,677700
8692354.594,677800
8692705.608,677900
8693025.449,678000
8693333.543,678100
8693651.789,678200
8693957.256,678300
8694257.783,678400
8694558.003,678500
8694872.354,678600
8695182.480,678700
8695519.402,678800
8695839.189,678900
8696173.225,679000
8696531.803,679100
8696844.861,679200
8697160.802,679300
8697468.754,679400
8697792.764,679500
8698126.769,679600
8698484.306,679700
8698828.230,679800
8699131.159,679900
8703928.592,680000
8704430.712,680100
8704748.990,680200
8705088.895,680300
8705426.460,680400
8705772.414,680500
8706105.038,680600
8706444.527,680700
8706772.418,680800
8707100.452,680900
8707430.521,681000
8707752.633,681100
8708068.974,681200
8708395.513,681300
8708725.761,681400
8709080.135,681500
8709427.543,681600
8709780.155,681700
8710125.178,681800
8710466.912,681900
8710832.897,682000
8711227.774,682100
8711575.540,682200
8711923.794,682300
8712313.813,682400
8712720.701,682500
8713090.411,682600
8713441.173,682700
8713783.014,682800
8714157.153,682900
8714732.357,683000
8715375.539,683100
8715991.117,683200
8716478.089,683300
8716830.080,683400
8717216.558,683500
8717570.604,683600
8717902.873,683700
8718266.494,683800
8718627.220,683900
8718978.806,684000
8719319.689,684100
8719685.695,684200
8720040.517,684300
8720375.114,684400
8720715.252,684500
8721047.308,684600
8721434.774,684700
8721814.565,684800
8722212.057,684900
8722631.396,685000
8723027.978,685100
8723435.355,685200
8723833.058,685300
8724218.619,685400
8724636.276,685500
8725079.849,685600
8725476.969,685700
8725835.346,685800
8726213.331,685900
8726592.280,686000
8726951.686,686100
8727345.652,686200
8727699.121,686300
8728140.048,686400
8728422.517,686500
8728724.913,686600
8729056.646,686700
8729377.456,686800
8729738.557,686900
8730081.634,687000
8730435.459,687100
8730801.338,687200
8731156.189,687300
8731513.548,687400
8731838.001,687500
8732195.203,687600
8732532.712,687700
8732892.709,687800
8733230.378,687900
8733556.635,688000
8733857.821,688100
8734191.943,688200
8734540.518,688300
8734906.219,688400
8735287.669,688500
8735647.875,688600
8736004.140,688700
8736342.448,688800
8736692.761,688900
8737057.280,689000
8737413.762,689100
8737772.961,689200
8738129.894,689300
8738486.096,689400
8738829.313,689500
8739171.034,689600
8739542.347,689700
8739883.695,689800
8740217.760,689900
8746069.606,690000
8746508.576,690100
8746815.824,690200
8747102.918,690300
8747387.543,690400
8747646.175,690500
8747980.081,690600
8748340.335,690700
8748688.383,690800
8749041.245,690900
8749317.438,691000
8749608.497,691100
8749985.757,691200
8750245.968,691300
8750497.376,691400
8750755.330,691500
8750959.521,691600
8751275.068,691700
8751562.820,691800
8751928.229,691900
8752258.762,692000
8752589.260,692100
8752864.992,692200
8753180.428,692300
8753454.760,692400
8753751.504,692500
8753960.682,692600
8754221.412,692700
8754608.657,692800
8754928.894,692900
8755237.640,693000
8755545.406,693100
8755850.900,693200
8756169.355,693300
8756447.108,693400
8756757.466,693500
8757033.965,693600
8757233.660,693700
8757557.513,693800
8757939.091,693900
8758195.704,694000
8758529.572,694100
8758880.012,694200
8759168.897,694300
8759493.578,694400
8759766.255,694500
8760118.270,694600
8760394.822,694700
8760660.708,694800
8760893.168,694900
8761236.829,695000
8761553.619,695100
8761859.096,695200
8762149.981,695300
8762472.386,695400
8762794.176,695500
8763172.747,695600
8763456.502,695700
8763699.143,695800
8763891.598,695900
8764177.701,696000
8764537.189,696100
8764938.013,696200
8765309.128,696300
8765649.867,696400
8766000.046,696500
8766341.096,696600
8766630.842,696700
8767000.653,696800
8767275.948,696900
8767504.754,697000
8767797.262,697100
8768095.431,697200
8768352.945,697300
8768672.555,697400
8768946.084,697500
8769265.277,697600
8769562.353,697700
8769801.279,697800
8770164.188,697900
8770430.424,698000
8770688.041,698100
8770978.215,698200
8771306.314,698300
8771624.619,698400
8771994.024,698500
8772383.453,698600
8772750.342,698700
8773119.475,698800
8773496.930,698900
8773737.728,699000
8774064.082,699100
8774339.631,699200
8774631.799,699300
8774984.311,699400
8775292.881,699500
8775628.372,699600
8775997.725,699700
8776313.838,699800
8776623.249,699900
8781385.138,700000
8781761.618,700100
8782013.619,700200
8782304.498,700300
8782684.226,700400
8782921.830,700500
8783295.262,700600
8783674.280,700700
8784062.316,700800
8784458.868,700900
8784812.127,701000
8785066.993,701100
8785340.797,701200
8785571.289,701300
8785892.214,701400
8786273.698,701500
8786622.550,701600
8786973.536,701700
8787275.771,701800
8787584.708,701900
8787908.064,702000
8788186.996,702100
8788470.974,702200
8788761.638,702300
8789043.488,702400
8789402.148,702500
8789697.417,702600
8790026.362,702700
8790395.054,702800
8790786.178,702900
8791053.426,703000
8791482.371,703100
8791749.211,703200
8792037.069,703300
8792314.173,703400
8792704.278,703500
8793039.318,703600
8793374.998,703700
8793729.516,703800
8794148.193,703900
8794574.644,704000
8794997.103,704100
8795393.734,704200
8795735.924,704300
8795970.718,704400
8796278.770,704500
8796711.161,704600
8797079.126,704700
8797440.540,704800
8797757.674,704900
8798118.515,705000
8798534.222,705100
8798947.973,705200
8799338.590,705300
8799571.831,705400
8799848.138,705500
8800246.528,705600
8800658.234,705700
8800987.772,705800
8801356.283,705900
8801757.435,706000
8802142.934,706100
8802473.226,706200
8802758.189,706300
8803069.378,706400
8803336.452,706500
8803591.972,706600
8803961.856,706700
8804277.132,706800
8804661.996,706900
8805019.907,707000
8805326.358,707100
8805680.547,707200
8806019.692,707300
8806312.789,707400
8806660.855,707500
8806987.195,707600
8807310.296,707700
8807756.668,707800
8808123.321,707900
8808455.853,708000
8808842.360,708100
8809213.037,708200
8809564.856,708300
8809936.449,708400
8810196.178,708500
8810440.754,708600
8810756.437,708700
8811116.584,708800
8811554.962,708900
8811987.011,709000
8812374.433,709100
8812709.731,709200
8813100.796,709300
8813433.452,709400
8813762.319,709500
8814078.408,709600
8814330.057,709700
8814618.967,709800
8815048.457,709900
8820115.340,710000
8820648.590,710100
8821088.048,710200
8821453.459,710300
8821808.636,710400
8822233.507,710500
8822520.237,710600
8822773.856,710700
8823100.082,710800
8823487.314,710900
8823820.046,711000
8824169.076,711100
8824557.783,711200
8824913.140,711300
8825286.058,711400
8825581.351,711500
8825854.772,711600
8826121.618,711700
8826412.916,711800
8826764.644,711900
8827124.553,712000
8827487.157,712100
8827861.645,712200
8828269.205,712300
8828566.216,712400
8828864.240,712500
8829153.073,712600
8829606.741,712700
8829926.727,712800
8830266.297,712900
8830590.804,713000
8830957.629,713100
8831216.688,713200
8831557.321,713300
8831930.148,713400
8832223.014,713500
8832594.009,713600
8832882.969,713700
8833129.782,713800
8833423.039,713900
8833733.322,714000
8834045.848,714100
8834409.490,714200
8834763.877,714300
8835102.352,714400
8835443.745,714500
8835788.208,714600
8836100.883,714700
8836317.791,714800
8836588.411,714900
8836939.619,715000
8837258.149,715100
8837579.478,715200
8837915.690,715300
8838185.180,715400
8838521.514,715500
8838876.204,715600
8839223.337,715700
8839492.637,715800
8839801.110,715900
8840126.624,716000
8840522.926,716100
8840947.243,716200
8841332.634,716300
8841769.957,716400
8842187.450,716500
8842576.059,716600
8842758.877,716700
8842972.615,716800
8843207.088,716900
8843472.901,717000
8843849.757,717100
8844157.969,717200
8844484.050,717300
8844874.626,717400
8845232.526,717500
8845555.905,717600
8845891.078,717700
8846202.078,717800
8846460.920,717900
8846737.175,718000
8847135.585,718100
8847473.511,718200
8847772.410,718300
8848116.900,718400
8848383.216,718500
8848646.884,718600
8848979.415,718700
8849215.884,718800
8849472.904,718900
8849707.980,719000
8849953.007,719100
8850247.982,719200
8850567.261,719300
8850857.374,719400
8851143.082,719500
8851405.186,719600
8851775.579,719700
8852160.895,719800
8852588.972,719900
8857267.943,720000
8857752.205,720100
8858113.781,720200
8858487.953,720300
8858850.314,720400
8859200.109,720500
8859597.944,720600
8859973.067,720700
8860361.738,720800
8860687.096,720900
8860982.492,721000
8861359.089,721100
8861773.474,721200
8862187.711,721300
8862563.814,721400
8862942.501,721500
8863254.100,721600
8863617.502,721700
8863930.987,721800
8864336.817,721900
8864735.748,722000
8865005.246,722100
8865315.072,722200
8865689.196,722300
8866049.763,722400
8866496.651,722500
8867008.075,722600
8867453.148,722700
8867868.947,722800
8868302.764,722900
8868700.055,723000
8868939.587,723100
8869220.597,723200
8869508.242,723300
8869822.285,723400
8870180.689,723500
8870437.457,723600
8870748.712,723700
8871037.148,723800
8871426.876,723900
8871786.210,724000
8872103.046,724100
8872362.865,724200
8872617.849,724300
8872994.507,724400
8873316.081,724500
8873564.644,724600
8873874.177,724700
8874255.752,724800
8874603.937,724900
8874927.669,725000
8875235.470,725100
8875510.611,725200
8875796.163,725300
8876153.117,725400
8876551.150,725500
8876991.109,725600
8877354.278,725700
8877693.688,725800
8878004.426,725900
8878325.305,726000
8878654.816,726100
8878942.275,726200
8879224.202,726300
8879576.877,726400
8879873.799,726500
8880215.159,726600
8880563.835,726700
8880878.860,726800
8881208.044,726900
8881467.354,727000
8881710.209,727100
8881981.174,727200
8882217.134,727300
8882571.736,727400
8882923.742,727500
8883229.625,727600
8883546.634,727700
8883888.601,727800
8884181.567,727900
8884524.992,728000
8884810.337,728100
8885035.048,728200
8885301.452,728300
8885619.948,728400
8885888.140,728500
8886264.941,728600
8886587.901,728700
8886877.303,728800
8887255.269,728900
8887609.235,729000
8887842.040,729100
8888133.433,729200
8888449.226,729300
8888816.514,729400
8889183.154,729500
8889540.532,729600
8889877.493,729700
8890222.373,729800
8890612.684,729900
8895646.618,730000
8896051.400,730100
8896350.497,730200
8896626.691,730300
8896877.016,730400
8897165.528,730500
8897479.520,730600
8897739.764,730700
8898027.908,730800
8898364.924,730900
8898648.061,731000
8898928.668,731100
8899164.038,731200
8899390.219,731300
8899672.661,731400
8899973.384,731500
8900281.264,731600
8900541.929,731700
8900845.099,731800
8901143.572,731900
8901380.727,732000
8901630.837,732100
8901869.103,732200
8902065.053,732300
8902275.444,732400
8902600.579,732500
8902919.433,732600
8903174.776,732700
8903456.391,732800
8903712.093,732900
8903969.865,733000
8904263.910,733100
8904465.473,733200
8904684.413,733300
8904904.387,733400
8905190.283,733500
8905464.210,733600
8905771.717,733700
8906015.220,733800
8906302.198,733900
8906617.825,734000
8906910.049,734100
8907243.787,734200
8907520.917,734300
8907725.838,734400
8907946.287,734500
8908206.918,734600
8908480.652,734700
8908779.710,734800
8909034.358,734900
8909385.607,735000
8909741.359,735100
8910072.384,735200
8910331.899,735300
8910595.897,735400
8910829.336,735500
8911079.411,735600
8911447.628,735700
8911725.663,735800
8911969.890,735900
8912347.472,736000
8912730.845,736100
8913076.449,736200
8913409.875,736300
8913756.212,736400
8914093.253,736500
8914448.190,736600
8914789.484,736700
8915121.944,736800
8915412.710,736900
8915707.496,737000
8916014.494,737100
8916349.054,737200
8916627.302,737300
8916855.862,737400
8917132.805,737500
8917389.881,737600
8917666.657,737700
8917987.847,737800
8918284.741,737900
8918528.164,738000
8918826.084,738100
8919137.473,738200
8919346.568,738300
8919580.081,738400
8919821.445,738500
8920114.422,738600
8920410.074,738700
8920719.441,738800
8921011.284,738900
8921318.063,739000
8921603.551,739100
8921904.758,739200
8922147.146,739300
8922336.510,739400
8922570.617,739500
8922883.940,739600
8923117.031,739700
8923404.607,739800
8923618.004,739900
8927961.580,740000
8928313.240,740100
8928554.463,740200
8928848.756,740300
8929129.641,740400
8929370.046,740500
8929686.722,740600
8930073.176,740700
8930426.180,740800
8930738.794,740900
8931048.432,741000
8931379.158,741100
8931707.116,741200
8932045.751,741300
8932309.028,741400
8932582.498,741500
8932833.630,741600
8933105.827,741700
8933406.048,741800
8933707.585,741900
8933967.063,742000
8934239.308,742100
8934564.133,742200
8934783.915,742300
8935075.107,742400
8935388.880,742500
8935745.541,742600
8936000.532,742700
8936295.405,742800
8936620.882,742900
8936881.360,743000
8937168.967,743100
8937469.919,743200
8937747.656,743300
8937991.623,743400
8938202.909,743500
8938417.945,743600
8938689.676,743700
8939025.655,743800
8939333.051,743900
8939596.007,744000
8939875.084,744100
8940175.045,744200
8940427.942,744300
8940622.418,744400
8940862.248,744500
8941134.231,744600
8941393.913,744700
8941698.422,744800
8942007.296,744900
8942359.412,745000
8942637.993,745100
8942885.514,745200
8943129.613,745300
8943369.503,745400
8943637.207,745500
8943959.014,745600
8944271.395,745700
8944603.094,745800
8944893.348,745900
8945151.843,746000
8945459.517,746100
8945668.599,746200
8945861.382,746300
8946077.763,746400
8946350.161,746500
8946593.016,746600
8946890.090,746700
8947107.727,746800
8947397.037,746900
8947718.857,747000
8947986.281,747100
8948249.208,747200
8948523.869,747300
8948772.245,747400
8949029.469,747500
8949298.077,747600
8949572.124,747700
8949841.203,747800
8950170.972,747900
8950486.448,748000
8950704.546,748100
8950995.758,748200
8951228.954,748300
8951406.230,748400
8951626.864,748500
8951922.541,748600
8952186.467,748700
8952518.260,748800
8952831.726,748900
8953132.433,749000
8953392.402,749100
8953704.380,749200
8953936.569,749300
8954210.687,749400
8954466.901,749500
8954740.017,749600
8955009.423,749700
8955360.312,749800
8955672.997,749900
8959970.259,750000
8960336.423,750100
8960659.841,750200
8960926.838,750300
8961243.170,750400
8961525.183,750500
8961803.214,750600
8962096.296,750700
8962440.411,750800
8962729.768,750900
8963063.655,751000
8963359.732,751100
8963583.061,751200
8963934.285,751300
8964229.987,751400
8964452.951,751500
8964764.280,751600
8965034.760,751700
8965323.276,751800
8965644.243,751900
8965896.976,752000
8966251.120,752100
8966566.787,752200
8966883.543,752300
8967228.140,752400
8967464.510,752500
8967675.673,752600
8967907.325,752700
8968240.556,752800
8968495.141,752900
8968800.550,753000
8969125.373,753100
8969437.559,753200
8969733.957,753300
8970053.620,753400
8970308.669,753500
8970523.286,753600
8970774.930,753700
8971043.533,753800
8971350.129,753900
8971689.074,754000
8972031.525,754100
8972299.804,754200
8972607.834,754300
8972913.233,754400
8973155.867,754500
8973373.738,754600
8973614.469,754700
8973859.449,754800
8974159.712,754900
8974456.505,755000
8974709.911,755100
8975016.023,755200
8975333.170,755300
8975641.774,755400
8975882.669,755500
8976102.461,755600
8976353.604,755700
8976609.188,755800
8976932.628,755900
8977273.028,756000
8977524.077,756100
8977776.966,756200
8978092.372,756300
8978349.325,756400
8978589.627,756500
8978826.163,756600
8979045.137,756700
8979297.691,756800
8979581.510,756900
8979827.229,757000
8980134.926,757100
8980322.773,757200
8980599.467,757300
8980871.688,757400
8981129.909,757500
8981385.476,757600
8981589.819,757700
8981790.333,757800
8981991.436,757900
8982205.880,758000
8982469.693,758100
8982714.896,758200
8982989.381,758300
8983272.107,758400
8983594.946,758500
8983923.243,758600
8984275.973,758700
8984536.058,758800
8984749.380,758900
8984989.021,759000
8985234.230,759100
8985513.276,759200
8985872.049,759300
8986220.393,759400
8986508.646,759500
8986779.892,759600
8987042.106,759700
8987308.274,759800
8987574.334,759900
8991631.420,760000
8991958.532,760100
8992267.975,760200
8992581.947,760300
8992916.044,760400
8993207.090,760500
8993522.650,760600
8993774.292,760700
8994049.004,760800
8994342.957,760900
8994624.272,761000
8994864.981,761100
8995155.020,761200
8995433.387,761300
8995723.185,761400
8996070.627,761500
8996338.059,761600
8996620.710,761700
8996953.714,761800
8997234.236,761900
8997487.741,762000
8997744.626,762100
8998095.906,762200
8998379.395,762300
8998685.103,762400
8999081.426,762500
8999398.419,762600
8999750.104,762700
9000043.418,762800
9000302.801,762900
9000656.319,763000
9000981.606,763100
9001373.604,763200
9001823.278,763300
9002264.798,763400
9002711.926,763500
9003141.291,763600
9003549.500,763700
9003982.020,763800
9004361.349,763900
9004732.207,764000
9005076.176,764100
9005453.769,764200
9005813.719,764300
9006152.655,764400
9006580.225,764500
9007024.603,764600
9007410.810,764700
9007819.653,764800
9008103.303,764900
9008409.995,765000
9008705.447,765100
9009013.473,765200
9009313.694,765300
9009669.881,765400
9009953.013,765500
9010263.442,765600
9010602.351,765700
9010901.134,765800
9011159.162,765900
9011464.220,766000
9011799.614,766100
9012161.443,766200
9012404.950,766300
9012638.374,766400
9012886.158,766500
9013126.564,766600
9013475.246,766700
9013892.082,766800
9014153.216,766900
9014434.932,767000
9014720.872,767100
9015008.448,767200
9015301.957,767300
9015581.801,767400
9015900.271,767500
9016198.390,767600
9016481.019,767700
9016797.339,767800
9017069.174,767900
9017333.484,768000
9017669.472,768100
9018001.517,768200
9018313.028,768300
9018593.490,768400
9018883.101,768500
9019138.554,768600
9019475.498,768700
9019814.517,768800
9020046.578,768900
9020279.503,769000
9020586.030,769100
9021003.388,769200
9021270.717,769300
9021574.439,769400
9021893.773,769500
9022249.529,769600
9022535.162,769700
9022820.555,769800
9023027.514,769900
9028252.330,770000
9028594.607,770100
9028857.040,770200
9029162.066,770300
9029495.456,770400
9029748.134,770500
9030083.482,770600
9030333.019,770700
9030544.891,770800
9030798.593,770900
9030996.073,771000
9031250.414,771100
9031637.141,771200
9032068.695,771300
9032347.564,771400
9032726.569,771500
9033048.296,771600
9033360.294,771700
9033679.720,771800
9033970.284,771900
9034218.584,772000
9034437.790,772100
9034656.601,772200
9034991.315,772300
9035249.160,772400
9035574.980,772500
9035897.190,772600
9036162.610,772700
9036445.812,772800
9036780.524,772900
9037045.318,773000
9037339.249,773100
9037603.694,773200
9037889.700,773300
9038156.543,773400
9038441.430,773500
9038704.355,773600
9038931.902,773700
9039231.219,773800
9039476.027,773900
9039718.884,774000
9039962.645,774100
9040174.952,774200
9040438.310,774300
9040757.349,774400
9041093.418,774500
9041430.792,774600
9041757.741,774700
9042073.686,774800
9042379.925,774900
9042670.592,775000
9042929.601,775100
9043154.357,775200
9043417.859,775300
9043663.707,775400
9043939.240,775500
9044224.056,775600
9044485.546,775700
9044780.549,775800
9045013.918,775900
9045283.816,776000
9045524.649,776100
9045709.963,776200
9045963.143,776300
9046230.514,776400
9046455.604,776500
9046713.519,776600
9046975.824,776700
9047228.354,776800
9047513.437,776900
9047788.616,777000
9048081.474,777100
9048398.453,777200
9048658.755,777300
9048951.102,777400
9049238.689,777500
9049529.686,777600
9049831.216,777700
9050141.984,777800
9050442.713,777900
9050750.993,778000
9051047.658,778100
9051388.482,778200
9051688.548,778300
9051948.830,778400
9052216.567,778500
9052549.402,778600
9052845.507,778700
9053134.007,778800
9053413.829,778900
9053673.973,779000
9053980.878,779100
9054261.865,779200
9054518.537,779300
9054784.354,779400
9055066.457,779500
9055337.335,779600
9055628.390,779700
9055905.392,779800
9056174.535,779900
9060766.551,780000
9061183.339,780100
9061526.462,780200
9061775.931,780300
9062039.992,780400
9062261.980,780500
9062541.050,780600
9062874.514,780700
9063184.506,780800
9063502.290,780900
9063827.223,781000
9064127.364,781100
9064434.464,781200
9064754.744,781300
9065028.235,781400
9065255.674,781500
9065546.136,781600
9065849.607,781700
9066150.417,781800
9066466.699,781900
9066741.944,782000
9067036.736,782100
9067289.259,782200
9067523.066,782300
9067794.482,782400
9068081.299,782500
9068337.366,782600
9068637.655,782700
9068953.612,782800
9069288.181,782900
9069616.760,783000
9069928.582,783100
9070203.556,783200
9070523.327,783300
9070853.551,783400
9071162.100,783500
9071472.806,783600
9071806.749,783700
9072150.246,783800
9072471.175,783900
9072781.033,784000
9073102.078,784100
9073354.606,784200
9073640.078,784300
9073947.286,784400
9074208.640,784500
9074463.080,784600
9074769.887,784700
9075132.927,784800
9075513.051,784900
9075872.897,785000
9076196.912,785100
9076552.985,785200
9076896.186,785300
9077259.126,785400
9077613.181,785500
9077959.208,785600
9078304.929,785700
9078637.586,785800
9078975.858,785900
9079354.639,786000
9079680.365,786100
9080067.791,786200
9080415.884,786300
9080753.552,786400
9081070.917,786500
9081367.478,786600
9081620.680,786700
9081913.727,786800
9082249.425,786900
9082586.673,787000
9082880.219,787100
9083224.169,787200
9083545.463,787300
9083847.913,787400
9084146.257,787500
9084433.883,787600
9084702.353,787700
9084958.786,787800
9085248.052,787900
9085539.538,788000
9085840.138,788100
9086129.884,788200
9086426.224,788300
9086725.846,788400
9086969.187,788500
9087213.791,788600
9087431.578,788700
9087668.769,788800
9087913.778,788900
9088187.443,789000
9088444.212,789100
9088715.042,789200
9088999.587,789300
9089283.970,789400
9089551.300,789500
9089795.643,789600
9090042.100,789700
9090313.226,789800
9090589.675,789900
9095273.340,790000
9095643.737,790100
9095932.908,790200
9096246.608,790300
9096575.812,790400
9096865.065,790500
9097175.673,790600
9097451.057,790700
9097731.172,790800
9098009.492,790900
9098296.517,791000
9098597.768,791100
9098896.102,791200
9099202.108,791300
9099524.869,791400
9099833.969,791500
9100125.641,791600
9100407.396,791700
9100676.863,791800
9100974.163,791900
9101259.920,792000
9101534.717,792100
9101852.431,792200
9102160.994,792300
9102473.469,792400
9102771.204,792500
9103088.445,792600
9103385.867,792700
9103696.399,792800
9104007.165,792900
9104324.059,793000
9104624.374,793100
9104971.441,793200
9105325.624,793300
9105628.745,793400
9105945.008,793500
9106275.140,793600
9106613.590,793700
9106935.998,793800
9107209.265,793900
9107524.507,794000
9107887.374,794100
9108197.984,794200
9108535.168,794300
9108871.318,794400
9109182.723,794500
9109456.239,794600
9109812.341,794700
9110103.235,794800
9110380.983,794900
9110661.254,795000
9111000.079,795100
9111321.211,795200
9111674.719,795300
9112107.324,795400
9112467.008,795500
9112855.931,795600
9113206.888,795700
9113544.969,795800
9113833.043,795900
9114164.478,796000
9114486.530,796100
9114798.860,796200
9115144.793,796300
9115465.047,796400
9115787.510,796500
9116124.200,796600
9116459.057,796700
9116825.707,796800
9117239.171,796900
9117618.866,797000
9117990.355,797100
9118363.271,797200
9118688.278,797300
9119016.882,797400
9119381.724,797500
9119673.735,797600
9119981.630,797700
9120287.113,797800
9120577.744,797900
9120868.241,798000
9121167.589,798100
9121509.853,798200
9121832.523,798300
9122186.306,798400
9122551.998,798500
9122906.467,798600
9123256.285,798700
9123558.339,798800
9123828.794,798900
9124103.303,799000
9124390.814,799100
9124670.215,799200
9124958.820,799300
9125220.220,799400
9125513.408,799500
9125889.837,799600
9126318.855,799700
9126660.540,799800
9126942.321,799900
9132625.277,800000
9133537.593,800100
9134269.159,800200
9134994.492,800300
9135590.116,800400
9135928.205,800500
9136268.837,800600
9136611.536,800700
9136914.982,800800
9137215.051,800900
9137518.765,801000
9137840.402,801100
9138190.413,801200
9138555.678,801300
9138890.553,801400
9139212.950,801500
9139567.025,801600
9139924.152,801700
9140217.996,801800
9140497.604,801900
9140787.110,802000
9141074.956,802100
9141425.419,802200
9141800.797,802300
9142089.662,802400
9142426.557,802500
9142762.110,802600
9143074.187,802700
9143363.913,802800
9143661.794,802900
9143965.798,803000
9144234.165,803100
9144568.451,803200
9144830.621,803300
9145155.520,803400
9145476.535,803500
9145766.164,803600
9146113.104,803700
9146458.308,803800
9146766.239,803900
9147052.274,804000
9147337.476,804100
9147613.526,804200
9147940.301,804300
9148269.327,804400
9148574.344,804500
9148938.466,804600
9149226.766,804700
9149524.256,804800
9149847.584,804900
9150157.427,805000
9150464.147,805100
9150799.358,805200
9151080.987,805300
9151419.489,805400
9151736.207,805500
9152055.912,805600
9152365.966,805700
9152702.790,805800
9152997.925,805900
9153272.591,806000
9153543.358,806100
9153800.405,806200
9154104.870,806300
9154440.024,806400
9154747.268,806500
9155045.925,806600
9155328.290,806700
9155670.575,806800
9155978.620,806900
9156270.278,807000
9156577.782,807100
9156872.402,807200
9157199.232,807300
9157554.365,807400
9157866.599,807500
9158155.337,807600
9158464.870,807700
9158732.526,807800
9159047.044,807900
9159316.212,808000
9159590.805,808100
9159894.428,808200
9160174.007,808300
9160601.490,808400
9161637.603,808500
9162807.860,808600
9164456.726,808700
9165098.541,808800
9165611.813,808900
9165964.665,809000
9166296.383,809100
9166696.580,809200
9167287.225,809300
9167762.441,809400
9168151.297,809500
9168503.749,809600
9168870.817,809700
9169269.067,809800
9169656.624,809900
9174664.049,810000
9175113.065,810100
9175511.580,810200
9175888.850,810300
9176285.379,810400
9176681.638,810500
9177032.923,810600
9177431.994,810700
9177832.725,810800
9178184.235,810900
9178570.687,811000
9178932.896,811100
9179290.799,811200
9179640.512,811300
9179995.868,811400
9180321.769,811500
9180707.039,811600
9181034.841,811700
9181439.228,811800
9181853.198,811900
9182240.931,812000
9182619.428,812100
9182949.306,812200
9183241.560,812300
9183596.528,812400
9183984.457,812500
9184346.778,812600
9184749.975,812700
9185156.089,812800
9185534.854,812900
9185943.874,813000
9186355.461,813100
9186721.024,813200
9187082.261,813300
9187447.401,813400
9187763.572,813500
9188177.263,813600
9188626.632,813700
9188980.766,813800
9189388.747,813900
9189797.065,814000
9190223.193,814100
9190549.516,814200
9190888.187,814300
9191196.977,814400
9191512.696,814500
9191878.880,814600
9192217.780,814700
9192567.585,814800
9192938.889,814900
9193322.124,815000
9193631.607,815100
9193974.385,815200
9194260.867,815300
9194537.479,815400
9194883.208,815500
9195271.430,815600
9195640.036,815700
9196165.589,815800
9196491.101,815900
9196788.671,816000
9197125.273,816100
9197454.890,816200
9197732.627,816300
9198029.546,816400
9198352.026,816500
9198645.155,816600
9198987.326,816700
9199306.908,816800
9199592.255,816900
9199869.730,817000
9200147.884,817100
9200447.770,817200
9200698.129,817300
9200985.886,817400
9201227.958,817500
9201517.311,817600
9201822.138,817700
9202103.292,817800
9202431.622,817900
9202732.196,818000
9203004.692,818100
9203325.849,818200
9203652.483,818300
9203940.101,818400
9204216.633,818500
9204499.317,818600
9204795.253,818700
9205114.414,818800
9205442.153,818900
9205762.269,819000
9206095.654,819100
9206449.811,819200
9206748.999,819300
9207086.227,819400
9207389.223,819500
9207631.169,819600
9207915.734,819700
9208282.576,819800
9208585.040,819900
9213725.496,820000
9214261.833,820100
9214695.347,820200
9215047.560,820300
9215384.212,820400
9215695.911,820500
9215993.675,820600
9216300.814,820700
9216655.969,820800
9216984.445,820900
9217287.145,821000
9217558.898,821100
9217837.727,821200
9218097.030,821300
9218414.437,821400
9218669.042,821500
9218917.965,821600
9219201.866,821700
9219478.726,821800
9219791.110,821900
9220063.869,822000
9220348.926,822100
9220624.033,822200
9220903.773,822300
9221203.079,822400
9221538.732,822500
9221840.611,822600
9222102.196,822700
9222379.112,822800
9222646.640,822900
9222930.520,823000
9223240.021,823100
9223504.595,823200
9223847.203,823300
9224169.893,823400
9224494.673,823500
9224827.005,823600
9225077.975,823700
9225341.952,823800
9225635.202,823900
9225971.956,824000
9226340.152,824100
9226665.549,824200
9227015.596,824300
9227371.691,824400
9227677.152,824500
9227979.509,824600
9228314.441,824700
9228656.134,824800
9228967.508,824900
9229291.392,825000
9229651.927,825100
9229979.649,825200
9230276.167,825300
9230628.640,825400
9230985.167,825500
9231318.235,825600
9231561.192,825700
9231797.463,825800
9232086.196,825900
9232366.112,826000
9232713.605,826100
9233039.401,826200
9233333.142,826300
9233642.139,826400
9233946.724,826500
9234238.514,826600
9234496.491,826700
9234773.436,826800
9235119.377,826900
9235415.237,827000
9235743.523,827100
9236101.462,827200
9236534.509,827300
9236935.407,827400
9237237.459,827500
9237574.116,827600
9237854.166,827700
9238113.526,827800
9238369.707,827900
9238662.770,828000
9238956.467,828100
9239285.842,828200
9239629.504,828300
9239963.324,828400
9240281.143,828500
9240584.110,828600
9240862.414,828700
9241117.878,828800
9241421.279,828900
9241758.253,829000
9242096.515,829100
9242414.685,829200
9242764.561,829300
9243036.869,829400
9243326.944,829500
9243660.518,829600
9243973.109,829700
9244318.622,829800
9244663.687,829900
9249572.156,830000
9249978.212,830100
9250357.679,830200
9250715.118,830300
9250998.616,830400
9251336.465,830500
9251631.256,830600
9251964.802,830700
9252307.792,830800
9252663.970,830900
9252983.970,831000
9253324.302,831100
9253680.655,831200
9254018.196,831300
9254317.162,831400
9254644.456,831500
9254994.044,831600
9255304.542,831700
9255637.360,831800
9255959.712,831900
9256302.154,832000
9256653.448,832100
9257035.091,832200
9257422.349,832300
9257760.172,832400
9258195.647,832500
9258588.630,832600
9258951.536,832700
9259323.552,832800
9259673.983,832900
9259975.054,833000
9260304.117,833100
9260746.085,833200
9261171.337,833300
9261557.120,833400
9261950.848,833500
9262292.334,833600
9262623.958,833700
9262977.040,833800
9263292.886,833900
9263616.577,834000
9263956.433,834100
9264286.137,834200
9264684.985,834300
9265086.002,834400
9265455.606,834500
9265839.957,834600
9266223.967,834700
9266590.181,834800
9266953.209,834900
9267317.977,835000
9267681.783,835100
9268024.691,835200
9268368.195,835300
9268711.612,835400
9269027.083,835500
9269389.261,835600
9269709.410,835700
9270009.998,835800
9270395.750,835900
9270772.830,836000
9271145.823,836100
9271601.798,836200
9271997.693,836300
9272434.697,836400
9272735.645,836500
9273079.747,836600
9273418.544,836700
9273755.711,836800
9274052.623,836900
9274343.118,837000
9274625.394,837100
9274880.267,837200
9275220.947,837300
9275567.202,837400
9275933.299,837500
9276315.110,837600
9276696.436,837700
9277097.800,837800
9277509.612,837900
9277855.697,838000
9278153.871,838100
9278459.111,838200
9278776.626,838300
9279074.173,838400
9279390.042,838500
9279682.453,838600
9279980.489,838700
9280284.334,838800
9280588.375,838900
9280866.967,839000
9281152.290,839100
9281427.194,839200
9281726.211,839300
9282032.381,839400
9282313.387,839500
9282619.912,839600
9282905.706,839700
9283191.773,839800
9283494.490,839900
9288750.857,840000
9289026.906,840100
9289291.308,840200
9289575.167,840300
9289873.650,840400
9290083.852,840500
9290331.769,840600
9290664.712,840700
9291005.313,840800
9291345.304,840900
9291702.365,841000
9292052.362,841100
9292364.820,841200
9292697.964,841300
9293082.074,841400
9293422.987,841500
9293785.536,841600
9294148.762,841700
9294484.941,841800
9294824.937,841900
9295170.735,842000
9295446.066,842100
9295690.954,842200
9295973.713,842300
9296307.603,842400
9296657.701,842500
9296985.520,842600
9297276.153,842700
9297539.427,842800
9297796.383,842900
9298000.475,843000
9298295.657,843100
9298628.035,843200
9298977.025,843300
9299435.212,843400
9299880.074,843500
9300213.622,843600
9300651.145,843700
9301183.207,843800
9301535.801,843900
9301850.872,844000
9302201.581,844100
9302552.626,844200
9302845.458,844300
9303182.688,844400
9303561.441,844500
9304095.959,844600
9304733.663,844700
9305075.415,844800
9305339.180,844900
9305648.237,845000
9305898.099,845100
9306150.872,845200
9306401.667,845300
9306790.792,845400
9307332.699,845500
9308476.475,845600
9309496.069,845700
9309863.967,845800
9310171.322,845900
9310436.533,846000
9310700.994,846100
9310946.738,846200
9311183.210,846300
9311471.521,846400
9311710.572,846500
9311993.261,846600
9312275.593,846700
9312555.627,846800
9312844.670,846900
9313159.546,847000
9313477.161,847100
9313764.371,847200
9313998.550,847300
9314304.310,847400
9314619.427,847500
9314932.011,847600
9315243.659,847700
9315497.697,847800
9315727.390,847900
9315990.683,848000
9316304.420,848100
9316608.952,848200
9316888.974,848300
9317202.164,848400
9317499.215,848500
9317787.461,848600
9318068.795,848700
9318364.821,848800
9318659.680,848900
9318965.574,849000
9319249.791,849100
9319542.713,849200
9319832.001,849300
9320163.804,849400
9320469.813,849500
9320783.456,849600
9321191.658,849700
9321529.748,849800
9321866.939,849900
9326630.811,850000
9327020.301,850100
9327372.949,850200
9327768.990,850300
9328120.772,850400
9328447.230,850500
9328837.110,850600
9329169.801,850700
9329546.495,850800
9329937.272,850900
9330418.996,851000
9330734.714,851100
9331077.274,851200
9331451.135,851300
9331781.764,851400
9332167.568,851500
9332507.084,851600
9332845.389,851700
9333175.218,851800
9333559.083,851900
9333820.874,852000
9334137.508,852100
9334489.341,852200
9334850.685,852300
9335230.951,852400
9335647.905,852500
9335959.004,852600
9336350.879,852700
9336753.630,852800
9337108.063,852900
9337441.027,853000
9337766.922,853100
9338063.868,853200
9338372.756,853300
9338703.217,853400
9338985.425,853500
9339294.222,853600
9339580.496,853700
9339971.450,853800
9340307.441,853900
9340633.840,854000
9341039.235,854100
9341452.146,854200
9341778.399,854300
9342068.906,854400
9342383.604,854500
9342693.682,854600
9343018.015,854700
9343320.361,854800
9343661.939,854900
9344004.335,855000
9344365.068,855100
9344713.201,855200
9345025.264,855300
9345358.129,855400
9345695.799,855500
9346066.127,855600
9346476.640,855700
9346888.234,855800
9347208.121,855900
9347557.677,856000
9347887.528,856100
9348164.078,856200
9348467.221,856300
9348821.548,856400
9349200.102,856500
9349559.133,856600
9349881.729,856700
9350220.904,856800
9350500.345,856900
9350811.659,857000
9351124.349,857100
9351384.786,857200
9351666.993,857300
9351948.047,857400
9352280.598,857500
9352598.189,857600
9352913.673,857700
9353216.604,857800
9353547.039,857900
9353843.819,858000
9354138.565,858100
9354463.880,858200
9354768.210,858300
9355059.066,858400
9355363.608,858500
9355703.442,858600
9356037.988,858700
9356315.680,858800
9356641.806,858900
9356989.188,859000
9357339.760,859100
9357697.279,859200
9357984.729,859300
9358285.234,859400
9358574.862,859500
9358890.845,859600
9359160.699,859700
9359447.751,859800
9359796.455,859900
9365025.804,860000
9365469.545,860100
9365854.026,860200
9366141.829,860300
9366455.961,860400
9366713.214,860500
9367032.514,860600
9367345.245,860700
9367704.418,860800
9368071.986,860900
9368429.008,861000
9368810.090,861100
9369195.495,861200
9369489.710,861300
9369833.566,861400
9370164.372,861500
9370491.721,861600
9370781.824,861700
9371087.308,861800
9371412.678,861900
9371745.211,862000
9372064.431,862100
9372432.616,862200
9372717.403,862300
9373003.689,862400
9373275.114,862500
9373624.873,862600
9373944.901,862700
9374223.863,862800
9374556.322,862900
9374888.213,863000
9375220.993,863100
9375495.643,863200
9375810.004,863300
9376091.243,863400
9376394.192,863500
9376706.188,863600
9377044.875,863700
9377314.635,863800
9377619.057,863900
9377944.320,864000
9378247.166,864100
9378548.935,864200
9378814.703,864300
9379107.884,864400
9379421.725,864500
9379744.775,864600
9380071.324,864700
9380402.726,864800
9380736.159,864900
9381052.882,865000
9381361.609,865100
9381667.680,865200
9381945.403,865300
9382213.176,865400
9382504.474,865500
9382834.566,865600
9383160.889,865700
9383501.202,865800
9383817.146,865900
9384121.131,866000
9384446.672,866100
9384821.450,866200
9385139.323,866300
9385469.451,866400
9385781.518,866500
9386064.720,866600
9386385.088,866700
9386721.045,866800
9387040.201,866900
9387336.863,867000
9387727.527,867100
9388038.074,867200
9388364.361,867300
9388699.494,867400
9389050.867,867500
9389358.953,867600
9389648.704,867700
9389971.576,867800
9390302.484,867900
9390709.672,868000
9391028.500,868100
9391358.729,868200
9391712.638,868300
9392014.445,868400
9392360.195,868500
9392678.459,868600
9393000.396,868700
9393321.749,868800
9393689.321,868900
9394047.607,869000
9394458.644,869100
9394859.694,869200
9395200.950,869300
9395557.967,869400
9395952.961,869500
9396279.345,869600
9396602.902,869700
9396976.596,869800
9397438.231,869900
9402648.924,870000
9403271.518,870100
9403685.591,870200
9404060.693,870300
9404424.772,870400
9404772.693,870500
9405098.691,870600
9405416.279,870700
9405752.832,870800
9406087.598,870900
9406358.993,871000
9406696.363,871100
9407004.438,871200
9407348.668,871300
9407806.632,871400
9408188.333,871500
9408584.642,871600
9408971.518,871700
9409362.959,871800
9409752.124,871900
9410218.552,872000
9410866.045,872100
9411849.381,872200
9413118.745,872300
9414357.820,872400
9415508.513,872500
9415937.212,872600
9416311.764,872700
9416636.947,872800
9416995.758,872900
9417425.418,873000
9417798.185,873100
9418422.057,873200
9418818.931,873300
9419226.058,873400
9419626.401,873500
9420007.990,873600
9420360.737,873700
9420759.102,873800
9421111.963,873900
9421479.315,874000
9421872.824,874100
9422246.792,874200
9422588.836,874300
9423392.090,874400
9424444.840,874500
9425064.909,874600
9425468.693,874700
9425843.764,874800
9426185.480,874900
9426563.960,875000
9426960.472,875100
9427317.850,875200
9427679.559,875300
9428041.037,875400
9428407.037,875500
9428768.165,875600
9429124.497,875700
9429463.283,875800
9429795.708,875900
9430124.972,876000
9430503.998,876100
9430866.598,876200
9431179.039,876300
9431519.205,876400
9431870.114,876500
9432208.650,876600
9432551.179,876700
9432901.668,876800
9433187.446,876900
9433512.702,877000
9433848.119,877100
9434176.739,877200
9434500.584,877300
9434806.920,877400
9435128.362,877500
9435448.885,877600
9435765.167,877700
9436044.621,877800
9436340.771,877900
9436616.543,878000
9436915.360,878100
9437267.696,878200
9437613.262,878300
9437943.073,878400
9438221.980,878500
9438519.839,878600
9438867.758,878700
9439146.430,878800
9439445.372,878900
9439726.151,879000
9440043.699,879100
9440348.447,879200
9440858.765,879300
9441230.043,879400
9441581.119,879500
9441913.782,879600
9442284.751,879700
9442610.695,879800
9442938.486,879900
9448356.270,880000
9448821.484,880100
9449177.216,880200
9449575.472,880300
9449955.307,880400
9450303.542,880500
9450665.150,880600
9451022.217,880700
9451364.568,880800
9451664.810,880900
9452002.850,881000
9452356.028,881100
9452666.665,881200
9452986.491,881300
9453291.896,881400
9453586.950,881500
9453924.731,881600
9454280.877,881700
9454551.434,881800
9454847.683,881900
9455127.364,882000
9455535.275,882100
9455932.097,882200
9456323.591,882300
9456675.304,882400
9457011.602,882500
9457354.186,882600
9457656.078,882700
9457967.321,882800
9458233.451,882900
9458529.222,883000
9458829.958,883100
9459166.000,883200
9459495.962,883300
9459859.995,883400
9460199.891,883500
9460502.914,883600
9460812.434,883700
9461140.706,883800
9461412.462,883900
9461680.096,884000
9461954.803,884100
9462270.029,884200
9462709.442,884300
9463028.133,884400
9463364.195,884500
9463659.942,884600
9463938.518,884700
9464284.958,884800
9464558.400,884900
9464782.385,885000
9465031.576,885100
9465352.245,885200
9465715.076,885300
9466065.992,885400
9466481.202,885500
9466869.908,885600
9467214.460,885700
9467615.389,885800
9468005.193,885900
9468303.511,886000
9468681.800,886100
9469055.341,886200
9469452.889,886300
9469829.602,886400
9470232.431,886500
9470605.106,886600
9471036.231,886700
9471449.605,886800
9471813.951,886900
9472149.756,887000
9472488.962,887100
9472836.811,887200
9473221.884,887300
9473602.436,887400
9473936.477,887500
9474272.296,887600
9474626.581,887700
9474967.296,887800
9475314.110,887900
9475695.747,888000
9476083.880,888100
9476465.528,888200
9476817.607,888300
9477187.574,888400
9477506.146,888500
9477869.962,888600
9478332.834,888700
9478740.256,888800
9480108.920,888900
9480995.453,889000
9481256.296,889100
9481572.964,889200
9481953.606,889300
9482261.207,889400
9482517.821,889500
9482864.963,889600
9483190.210,889700
9483489.876,889800
9483831.144,889900
9495257.725,890000
9495609.064,890100
9495883.374,890200
9496204.720,890300
9496514.207,890400
9496816.528,890500
9497105.425,890600
9497405.894,890700
9497751.947,890800
9498029.083,890900
9498333.975,891000
9498597.161,891100
9498894.870,891200
9499154.042,891300
9499533.286,891400
9499770.979,891500
9500070.036,891600
9500402.405,891700
9500669.158,891800
9500961.575,891900
9501258.175,892000
9501508.737,892100
9501760.500,892200
9501993.100,892300
9502290.696,892400
9502550.108,892500
9502857.854,892600
9503164.107,892700
9503443.349,892800
9503754.903,892900
9504048.700,893000
9504375.245,893100
9504618.859,893200
9504908.508,893300
9505218.157,893400
9505533.541,893500
9505867.801,893600
9506209.803,893700
9506521.821,893800
9506817.193,893900
9507130.828,894000
9507424.688,894100
9507688.515,894200
9508064.520,894300
9508404.819,894400
9508728.682,894500
9509073.815,894600
9509425.165,894700
9509786.655,894800
9510103.471,894900
9510460.008,895000
9510709.734,895100
9510958.609,895200
9511209.474,895300
9511504.522,895400
9511783.044,895500
9512148.113,895600
9512510.788,895700
9512845.027,895800
9513231.958,895900
9513618.528,896000
9513942.805,896100
9514246.821,896200
9514509.466,896300
9514795.109,896400
9515105.478,896500
9515477.752,896600
9515853.019,896700
9516169.108,896800
9516543.972,896900
9516902.811,897000
9517317.147,897100
9517638.073,897200
9517892.345,897300
9518189.816,897400
9518521.969,897500
9518859.710,897600
9519226.670,897700
9519600.892,897800
9520003.976,897900
9520315.773,898000
9520635.510,898100
9520931.402,898200
9521167.465,898300
9521451.338,898400
9521805.963,898500
9522084.571,898600
9522483.291,898700
9522817.166,898800
9523088.839,898900
9523414.327,899000
9523764.547,899100
9524124.184,899200
9524424.857,899300
9524761.507,899400
9525129.830,899500
9525475.119,899600
9525874.358,899700
9526208.946,899800
9526529.072,899900
9531356.446,900000
9531863.170,900100
9532178.433,900200
9532470.617,900300
9532778.842,900400
9533074.280,900500
9533413.921,900600
9533760.999,900700
9534103.355,900800
9534436.169,900900
9534784.009,901000
9535105.780,901100
9535426.554,901200
9535663.277,901300
9535932.369,901400
9536164.553,901500
9536501.825,901600
9536852.511,901700
9537160.094,901800
9537503.794,901900
9537823.153,902000
9538165.382,902100
9538447.582,902200
9538767.099,902300
9539063.637,902400
9539459.097,902500
9539859.152,902600
9540206.489,902700
9540518.097,902800
9540871.023,902900
9541236.369,903000
9541511.465,903100
9541774.268,903200
9541974.555,903300
9542236.049,903400
9542590.567,903500
9542955.847,903600
9543267.365,903700
9543585.357,903800
9543938.778,903900
9544216.861,904000
9544436.991,904100
9544675.746,904200
9544900.974,904300
9545151.907,904400
9545471.203,904500
9545783.106,904600
9546106.916,904700
9546418.274,904800
9546721.320,904900
9547064.607,905000
9547416.844,905100
9547707.221,905200
9548011.496,905300
9548280.490,905400
9548591.701,905500
9548910.487,905600
9549160.341,905700
9549444.673,905800
9549787.610,905900
9550103.887,906000
9550403.208,906100
9550655.112,906200
9550955.511,906300
9551197.319,906400
9551459.605,906500
9551752.407,906600
9552010.575,906700
9552343.731,906800
9552645.183,906900
9552906.522,907000
9553177.296,907100
9553452.416,907200
9553703.571,907300
9553954.176,907400
9554235.059,907500
9554492.488,907600
9554839.259,907700
9555126.637,907800
9555439.116,907900
9555738.499,908000
9556027.567,908100
9556333.486,908200
9556582.002,908300
9556805.578,908400
9557039.040,908500
9557294.936,908600
9557545.032,908700
9557850.857,908800
9558132.419,908900
9558407.695,909000
9558723.574,909100
9559033.659,909200
9559388.508,909300
9559655.807,909400
9559916.150,909500
9560234.022,909600
9560502.135,909700
9560777.912,909800
9561062.375,909900
9565902.761,910000
9566284.403,910100
9566588.925,910200
9566867.727,910300
9567124.062,910400
9567361.225,910500
9567603.706,910600
9567897.724,910700
9568191.770,910800
9568472.763,910900
9568749.493,911000
9569042.349,911100
9569319.507,911200
9569618.496,911300
9569884.643,911400
9570122.383,911500
9570364.611,911600
9570669.244,911700
9570948.240,911800
9571190.078,911900
9571500.899,912000
9571746.697,912100
9572037.294,912200
9572327.367,912300
9572585.594,912400
9572845.548,912500
9573111.392,912600
9573356.056,912700
9573632.926,912800
9573875.779,912900
9574169.386,913000
9574502.539,913100
9574790.437,913200
9575103.424,913300
9575406.935,913400
9575647.041,913500
9575874.856,913600
9576127.573,913700
9576401.897,913800
9576665.158,913900
9576919.012,914000
9577187.887,914100
9577435.285,914200
9577732.043,914300
9578047.368,914400
9578362.820,914500
9578600.780,914600
9578838.700,914700
9579076.234,914800
9579395.594,914900
9579683.397,915000
9579950.189,915100
9580256.997,915200
9580528.127,915300
9580803.013,915400
9581068.953,915500
9581294.076,915600
9581571.815,915700
9581809.404,915800
9582070.129,915900
9582344.954,916000
9582630.891,916100
9582884.166,916200
9583176.240,916300
9583495.794,916400
9583781.785,916500
9584021.734,916600
9584288.256,916700
9584518.091,916800
9584766.455,916900
9585067.862,917000
9585340.300,917100
9585612.482,917200
9585951.686,917300
9586265.684,917400
9586598.642,917500
9586959.489,917600
9587255.470,917700
9587543.637,917800
9587790.298,917900
9588124.574,918000
9588466.765,918100
9588748.185,918200
9589077.399,918300
9589381.279,918400
9589711.289,918500
9590005.441,918600
9590231.258,918700
9590532.943,918800
9590797.913,918900
9591037.282,919000
9591301.645,919100
9591533.146,919200
9591800.410,919300
9592097.733,919400
9592319.910,919500
9592623.721,919600
9592858.271,919700
9593067.257,919800
9593332.288,919900
9598573.157,920000
9598852.931,920100
9599157.881,920200
9599423.775,920300
9599686.912,920400
9599967.329,920500
9600265.231,920600
9600473.044,920700
9600705.677,920800
9600941.025,920900
9601219.611,921000
9601516.547,921100
9601750.488,921200
9602028.936,921300
9602332.796,921400
9602611.931,921500
9602867.456,921600
9603168.475,921700
9603452.282,921800
9603664.716,921900
9603940.357,922000
9604275.652,922100
9604580.265,922200
9604897.213,922300
9605223.829,922400
9605494.334,922500
9605817.360,922600
9606128.247,922700
9606416.611,922800
9606652.877,922900
9606941.591,923000
9607232.255,923100
9607511.006,923200
9607778.639,923300
9608042.304,923400
9608314.775,923500
9608626.799,923600
9608950.388,923700
9609261.168,923800
9609505.722,923900
9609753.642,924000
9610125.521,924100
9610487.849,924200
9610775.608,924300
9611099.048,924400
9611428.523,924500
9611779.789,924600
9612071.394,924700
9612344.526,924800
9612588.705,924900
9612832.373,925000
9613133.491,925100
9613444.853,925200
9613687.056,925300
9613970.853,925400
9614221.418,925500
9614505.501,925600
9614746.254,925700
9614983.280,925800
9615214.955,925900
9615480.849,926000
9615802.795,926100
9616127.350,926200
9616406.937,926300
9616703.313,926400
9617014.125,926500
9617332.631,926600
9617543.957,926700
9617763.161,926800
9617990.730,926900
9618223.695,927000
9618493.715,927100
9618808.674,927200
9619066.434,927300
9619299.501,927400
9619559.241,927500
9619859.535,927600
9620095.722,927700
9620368.337,927800
9620597.208,927900
9620882.067,928000
9621107.731,928100
9621413.453,928200
9621671.781,928300
9621927.623,928400
9622226.303,928500
9622507.333,928600
9622726.362,928700
9622965.283,928800
9623203.493,928900
9623464.793,929000
9623713.328,929100
9623983.358,929200
9624239.714,929300
9624463.508,929400
9624705.625,929500
9624913.638,929600
9625150.227,929700
9625395.981,929800
9625609.278,929900
9630805.015,930000
9631135.208,930100
9631493.788,930200
9631828.179,930300
9632085.577,930400
9632324.125,930500
9632592.950,930600
9632850.627,930700
9633095.632,930800
9633377.360,930900
9633620.507,931000
9633921.084,931100
9634245.163,931200
9634512.011,931300
9634763.107,931400
9635032.571,931500
9635308.241,931600
9635517.438,931700
9635775.690,931800
9636038.360,931900
9636275.756,932000
9636549.471,932100
9636860.466,932200
9637170.070,932300
9637460.830,932400
9637753.745,932500
9638070.426,932600
9638318.164,932700
9638550.243,932800
9638820.644,932900
9639063.494,933000
9639302.228,933100
9639578.678,933200
9639894.416,933300
9640123.399,933400
9640356.461,933500
9640645.890,933600
9640917.895,933700
9641203.558,933800
9641486.896,933900
9641739.331,934000
9642042.530,934100
9642297.108,934200
9642613.453,934300
9642910.990,934400
9643161.852,934500
9643486.879,934600
9643766.931,934700
9644107.205,934800
9644412.801,934900
9644667.121,935000
9644972.885,935100
9645389.667,935200
9645715.316,935300
9645931.142,935400
9646166.219,935500
9646364.668,935600
9646570.465,935700
9646813.686,935800
9647028.241,935900
9647287.765,936000
9647561.978,936100
9647759.751,936200
9648002.491,936300
9648263.384,936400
9648490.586,936500
9648717.723,936600
9648893.868,936700
9649083.697,936800
9649290.742,936900
9649499.598,937000
9649705.452,937100
9649942.892,937200
9650165.182,937300
9650357.977,937400
9650610.873,937500
9650863.817,937600
9651118.875,937700
9651317.426,937800
9651549.469,937900
9651847.344,938000
9652097.784,938100
9652365.142,938200
9652613.131,938300
9652848.614,938400
9653162.883,938500
9653410.177,938600
9653673.701,938700
9653938.986,938800
9654158.340,938900
9654427.855,939000
9654712.347,939100
9654998.972,939200
9655295.356,939300
9655522.431,939400
9655785.512,939500
9656030.923,939600
9656298.298,939700
9656550.848,939800
9656785.932,939900
9661719.489,940000
9662085.324,940100
9662383.302,940200
9662652.499,940300
9662929.256,940400
9663203.534,940500
9663532.908,940600
9663792.029,940700
9664031.440,940800
9664313.626,940900
9664632.784,941000
9664924.959,941100
9665190.831,941200
9665424.592,941300
9665695.177,941400
9666001.080,941500
9666210.178,941600
9666427.217,941700
9666653.632,941800
9666895.988,941900
9667150.390,942000
9667398.665,942100
9667669.035,942200
9667872.996,942300
9668123.439,942400
9668361.295,942500
9668595.391,942600
9668817.984,942700
9669020.827,942800
9669263.489,942900
9669551.587,943000
9669829.861,943100
9670070.554,943200
9670352.514,943300
9670627.523,943400
9670851.506,943500
9671120.551,943600
9671382.593,943700
9671593.500,943800
9671817.832,943900
9672067.659,944000
9672345.329,944100
9672613.009,944200
9672848.888,944300
9673114.805,944400
9673400.683,944500
9673660.766,944600
9673878.291,944700
9674108.925,944800
9674331.617,944900
9674607.909,945000
9674868.255,945100
9675117.984,945200
9675384.987,945300
9675654.339,945400
9675905.032,945500
9676170.400,945600
9676392.339,945700
9676590.901,945800
9676806.974,945900
9677116.325,946000
9677388.251,946100
9677634.774,946200
9677943.091,946300
9678207.899,946400
9678489.088,946500
9678722.808,946600
9678937.722,946700
9679153.266,946800
9679417.990,946900
9679632.757,947000
9679927.078,947100
9680190.055,947200
9680418.208,947300
9680730.952,947400
9681043.264,947500
9681344.675,947600
9681609.204,947700
9681874.500,947800
9682185.194,947900
9682480.861,948000
9682816.800,948100
9683147.884,948200
9683402.545,948300
9683762.864,948400
9684047.473,948500
9684296.058,948600
9684556.167,948700
9684757.010,948800
9684963.518,948900
9685226.074,949000
9685493.996,949100
9685750.700,949200
9686033.372,949300
9686274.560,949400
9686526.756,949500
9686815.243,949600
9687058.381,949700
9687277.881,949800
9687526.238,949900
9691779.976,950000
9692091.411,950100
9692347.853,950200
9692636.776,950300
9692923.902,950400
9693190.127,950500
9693452.337,950600
9693689.761,950700
9693915.484,950800
9694145.380,950900
9694398.175,951000
9694614.242,951100
9694911.934,951200
9695201.406,951300
9695436.093,951400
9695709.442,951500
9695983.524,951600
9696239.832,951700
9696484.967,951800
9696733.968,951900
9697003.737,952000
9697314.924,952100
9697670.520,952200
9698009.061,952300
9698300.101,952400
9698588.962,952500
9698891.325,952600
9699180.027,952700
9699456.836,952800
9699748.471,952900
9700043.935,953000
9700298.651,953100
9700573.010,953200
9700865.237,953300
9701134.329,953400
9701386.115,953500
9701675.027,953600
9701915.086,953700
9702168.147,953800
9702452.516,953900
9702703.741,954000
9702957.144,954100
9703241.636,954200
9703487.281,954300
9703737.671,954400
9703984.207,954500
9704212.209,954600
9704419.210,954700
9704658.948,954800
9704910.022,954900
9705145.680,955000
9705381.470,955100
9705629.065,955200
9705878.394,955300
9706135.946,955400
9706388.672,955500
9706622.326,955600
9706854.091,955700
9707062.098,955800
9707318.144,955900
9707620.360,956000
9707899.749,956100
9708178.940,956200
9708488.914,956300
9708798.793,956400
9709049.114,956500
9709312.909,956600
9709556.669,956700
9709771.832,956800
9710017.129,956900
9710320.509,957000
9710597.848,957100
9710853.346,957200
9711111.501,957300
9711391.673,957400
9711677.210,957500
9711920.731,957600
9712129.535,957700
9712360.206,957800
9712613.183,957900
9712859.958,958000
9713173.511,958100
9713466.763,958200
9713766.830,958300
9714057.797,958400
9714351.583,958500
9714573.440,958600
9714768.738,958700
9715020.389,958800
9715244.264,958900
9715535.564,959000
9715806.525,959100
9716101.689,959200
9716388.274,959300
9716599.204,959400
9716910.493,959500
9717150.300,959600
9717372.324,959700
9717623.762,959800
9717884.307,959900
9722791.722,960000
9723152.563,960100
9723459.611,960200
9723766.817,960300
9724127.269,960400
9724594.158,960500
9724922.693,960600
9725205.845,960700
9725537.397,960800
9725869.621,960900
9726176.860,961000
9726494.943,961100
9726831.140,961200
9727129.592,961300
9727460.145,961400
9727741.414,961500
9728007.947,961600
9728255.547,961700
9728519.098,961800
9728770.593,961900
9729056.897,962000
9729355.553,962100
9729640.532,962200
9729895.201,962300
9730171.156,962400
9730460.248,962500
9730702.264,962600
9730928.454,962700
9731166.606,962800
9731402.070,962900
9731684.195,963000
9731953.534,963100
9732253.577,963200
9732558.321,963300
9732904.983,963400
9733273.257,963500
9733525.786,963600
9733787.924,963700
9734054.786,963800
9734349.024,963900
9734623.485,964000
9734935.099,964100
9735197.424,964200
9735443.584,964300
9735742.399,964400
9736051.199,964500
9736281.256,964600
9736501.743,964700
9736752.523,964800
9737006.230,964900
